team,country,product_class,date,total_sales,total_quantity,transaction_count,average_price,median_price,distinct_customers,distinct_products,distinct_cities,distributor_count,active_reps,latitude_dispersion,longitude_dispersion
Alfa,Germany,Analgesics,2017-01-01,5411895.0,11596.0,147,423.99319727891157,435.0,129,41,129,12,3,1.5123858577770508,2.034064048760505
Alfa,Germany,Analgesics,2017-02-01,10774107.0,19918.0,186,436.4032258064516,458.0,163,42,163,10,3,1.6149703928571855,2.112634347819643
Alfa,Germany,Analgesics,2017-03-01,8475395.0,18601.0,202,432.46534653465346,458.0,176,41,176,11,3,1.5765669369935857,2.3079923356347942
Alfa,Germany,Analgesics,2017-04-01,7349423.0,17338.0,160,420.68125,440.0,135,42,135,12,3,1.7095827385595415,1.9227316310001934
Alfa,Germany,Analgesics,2017-05-01,9544009.0,23289.0,216,415.9537037037037,435.0,176,41,176,13,3,1.6600360060953332,1.8021389833301915
Alfa,Germany,Analgesics,2017-06-01,12386483.0,24007.0,209,447.23444976076553,460.0,178,42,178,13,3,1.6331384820493406,2.079259052802955
Alfa,Germany,Analgesics,2017-07-01,8936175.0,21626.0,197,436.81218274111677,458.0,172,42,172,14,3,1.659034197408863,2.045113451034007
Alfa,Germany,Analgesics,2017-08-01,14124430.0,30528.0,227,431.0220264317181,458.0,185,42,185,11,3,1.5985581607728128,2.034510826158531
Alfa,Germany,Analgesics,2017-09-01,6704002.0,15492.0,175,418.1542857142857,445.0,141,41,141,11,3,1.509651586272685,1.9671010879127826
Alfa,Germany,Analgesics,2017-10-01,6408587.0,18968.0,187,456.42245989304814,536.0,154,41,154,11,3,1.6159455920002335,2.134786566641092
Alfa,Germany,Analgesics,2017-11-01,6981637.0,21669.0,184,416.51630434782606,414.0,156,41,155,10,3,1.6249571839698087,1.844564779558276
Alfa,Germany,Analgesics,2017-12-01,24073371.0,54914.0,137,441.2700729927007,458.0,117,42,117,11,3,1.6167578677260954,2.0795954982608666
Alfa,Germany,Analgesics,2018-01-01,7742372.0,16672.0,163,458.62576687116564,529.0,137,42,137,9,3,1.8085036857446466,2.240145612353175
Alfa,Germany,Analgesics,2018-02-01,10019751.0,20807.0,199,409.4472361809045,435.0,161,42,160,8,3,1.6681246911578558,1.9961612493668779
Alfa,Germany,Analgesics,2018-03-01,11878614.0,28849.0,190,393.9578947368421,386.0,165,42,165,11,3,1.5014981690693008,2.0190792260834867
Alfa,Germany,Analgesics,2018-04-01,12840543.0,23551.0,175,451.8457142857143,529.0,146,42,146,8,3,1.6149263524244712,2.1306156699305707
Alfa,Germany,Analgesics,2018-05-01,7793678.0,18313.0,193,431.16062176165804,460.0,159,42,159,9,3,1.6271426044691044,2.048043207050528
Alfa,Germany,Analgesics,2018-06-01,10128943.0,27995.0,187,390.3155080213904,370.0,150,42,150,11,3,1.6026043078091419,1.9424760432089183
Alfa,Germany,Analgesics,2018-07-01,7221497.0,27094.0,205,420.7170731707317,445.0,178,42,176,7,3,1.6252061249543686,2.0106802177865064
Alfa,Germany,Analgesics,2018-08-01,2416262.0,5382.0,155,432.458064516129,414.0,140,39,140,8,3,1.6358834315688902,2.130957458245892
Alfa,Germany,Analgesics,2018-09-01,7003386.0,16587.0,182,438.1263736263736,460.0,158,42,157,11,3,1.49065801228901,2.0768150755383643
Alfa,Germany,Analgesics,2018-10-01,23205475.0,47633.0,251,436.57370517928285,445.0,202,42,202,9,3,1.5962092993796193,1.9675813927755303
Alfa,Germany,Analgesics,2018-11-01,8903024.0,26366.0,207,426.39130434782606,458.0,170,42,170,8,3,1.770770758557716,2.1404300780725753
Alfa,Germany,Analgesics,2018-12-01,8375668.0,19642.0,115,405.74782608695654,435.0,104,38,104,8,3,1.6930100853567753,2.1750532175128425
Alfa,Germany,Analgesics,2019-01-01,2654377.0,6882.0,135,397.4074074074074,414.0,120,41,120,3,3,1.5500375483424331,2.0841980471756387
Alfa,Germany,Analgesics,2019-02-01,9341815.0,41100.0,173,418.66473988439304,445.0,153,42,153,7,3,1.5455192333034298,2.1027798083978886
Alfa,Germany,Analgesics,2019-03-01,14385235.0,25456.0,213,435.7136150234742,458.0,177,42,177,4,3,1.621159009387079,2.0533047184266566
Alfa,Germany,Analgesics,2019-04-01,6242843.0,14353.0,140,426.8357142857143,435.0,119,42,119,4,3,1.7041779054065784,2.071485467177887
Alfa,Germany,Antibiotics,2017-01-01,12636150.0,19983.0,134,448.7238805970149,450.0,116,35,116,12,3,1.534519037425213,1.9327044642459013
Alfa,Germany,Antibiotics,2017-02-01,9939451.0,23500.0,157,427.96815286624206,450.0,130,35,130,12,3,1.6519288686252172,1.9423177769655708
Alfa,Germany,Antibiotics,2017-03-01,9056171.0,16987.0,158,427.0506329113924,455.0,134,35,134,12,3,1.6281128351930567,2.12833113826308
Alfa,Germany,Antibiotics,2017-04-01,13692016.0,25097.0,148,436.6283783783784,451.0,131,35,130,11,3,1.6165933222235034,2.198420524950645
Alfa,Germany,Antibiotics,2017-05-01,8727160.0,18300.0,159,431.45283018867923,450.0,136,34,136,12,3,1.6458117538001564,2.1333915221919377
Alfa,Germany,Antibiotics,2017-06-01,8701817.0,18608.0,145,429.92413793103447,450.0,130,34,130,12,3,1.5842994682041984,2.077686342645748
Alfa,Germany,Antibiotics,2017-07-01,8860335.0,19632.0,184,456.6521739130435,450.0,155,35,154,11,3,1.6077384430730457,1.9593304573403936
Alfa,Germany,Antibiotics,2017-08-01,11775997.0,28497.0,209,391.2870813397129,430.0,173,35,173,11,3,1.5874051095588688,2.092794337168047
Alfa,Germany,Antibiotics,2017-09-01,9598074.0,18329.0,165,450.6242424242424,458.0,140,35,140,10,3,1.6085602588503007,1.906304453821392
Alfa,Germany,Antibiotics,2017-10-01,7920070.0,19712.0,161,416.8074534161491,430.0,140,35,140,7,3,1.4581566415018847,2.2514322778202827
Alfa,Germany,Antibiotics,2017-11-01,7370540.0,15593.0,186,404.68279569892474,430.0,152,35,152,11,3,1.6514672320828585,2.014060537295424
Alfa,Germany,Antibiotics,2017-12-01,4800374.0,12630.0,137,425.6861313868613,450.0,118,35,118,12,3,1.7001474086129442,1.7471699434996122
Alfa,Germany,Antibiotics,2018-01-01,3934442.0,11343.0,136,401.3014705882353,448.0,124,34,124,9,3,1.5099699206181456,2.1072049060033367
Alfa,Germany,Antibiotics,2018-02-01,10761720.0,22395.0,170,409.88823529411764,430.0,142,35,142,7,3,1.5305084258606205,2.1522947986003547
Alfa,Germany,Antibiotics,2018-03-01,6790271.0,17393.0,158,413.6835443037975,430.0,136,35,136,9,3,1.613656591600572,1.8435156955333745
Alfa,Germany,Antibiotics,2018-04-01,4548684.0,12195.0,163,421.9631901840491,450.0,139,35,139,6,3,1.588053874158851,1.9626746179132577
Alfa,Germany,Antibiotics,2018-05-01,9276911.0,22332.0,158,382.5759493670886,424.0,135,35,135,8,3,1.6832406678775726,2.225796894469244
Alfa,Germany,Antibiotics,2018-06-01,6758250.0,15014.0,166,412.1265060240964,424.0,146,34,145,8,3,1.7062824041114943,1.9149733127667812
Alfa,Germany,Antibiotics,2018-07-01,6261362.0,16568.0,163,413.88957055214723,424.0,140,34,140,7,3,1.6525573159164106,1.9266509051493497
Alfa,Germany,Antibiotics,2018-08-01,5965242.0,11550.0,142,402.09154929577466,430.0,122,35,122,7,3,1.660396089465159,2.0704308867797
Alfa,Germany,Antibiotics,2018-09-01,3854042.0,7685.0,138,432.5217391304348,450.0,123,35,122,10,3,1.53312428325528,1.9988954257543492
Alfa,Germany,Antibiotics,2018-10-01,6802823.0,16662.0,214,422.66355140186914,448.0,178,35,178,9,3,1.672892536688361,2.0661035819751032
Alfa,Germany,Antibiotics,2018-11-01,8569315.0,18202.0,174,430.5632183908046,430.0,155,35,155,8,3,1.6386173876793515,2.02300412249085
Alfa,Germany,Antibiotics,2018-12-01,4604143.0,9179.0,118,424.4491525423729,440.0,108,32,108,8,3,1.6271624338522825,2.0810052395822125
Alfa,Germany,Antibiotics,2019-01-01,1633385.0,3508.0,116,463.7155172413793,458.0,102,33,102,3,3,1.5177120862807223,2.19610525581009
Alfa,Germany,Antibiotics,2019-02-01,8652464.0,19427.0,144,435.75,452.0,128,35,128,8,3,1.6360185593857202,1.9291033231515176
Alfa,Germany,Antibiotics,2019-03-01,10347617.0,19542.0,198,423.3030303030303,430.0,168,35,168,4,3,1.5965757853563174,2.1608118627628072
Alfa,Germany,Antibiotics,2019-04-01,4387140.0,9867.0,124,446.0,455.0,117,32,117,3,3,1.5868418641492938,1.8163028704157202
Alfa,Germany,Antimalarial,2017-01-01,4496217.0,12595.0,162,342.858024691358,405.0,136,35,135,11,3,1.5226492059373664,2.086029630337177
Alfa,Germany,Antimalarial,2017-02-01,3792548.0,16054.0,151,320.3708609271523,262.0,131,35,131,10,3,1.4512848422607176,2.1308530273419737
Alfa,Germany,Antimalarial,2017-03-01,4989248.0,14187.0,156,318.6794871794872,319.5,135,34,135,11,3,1.675115638911353,2.063179013192926
Alfa,Germany,Antimalarial,2017-04-01,3050516.0,10145.0,130,359.66153846153844,389.5,117,34,117,11,3,1.7360783122422567,2.065975289022913
Alfa,Germany,Antimalarial,2017-05-01,4221344.0,15143.0,169,330.92899408284023,262.0,144,35,144,12,3,1.4485323370280312,2.1418099372203794
Alfa,Germany,Antimalarial,2017-06-01,6157908.0,17770.0,178,322.30337078651684,377.0,151,35,151,12,3,1.5708095880046327,1.9009243455393725
Alfa,Germany,Antimalarial,2017-07-01,5455385.0,14639.0,183,362.0054644808743,408.0,162,35,162,12,3,1.6013052802041012,1.9959493732102884
Alfa,Germany,Antimalarial,2017-08-01,2439072.0,8642.0,158,314.32278481012656,248.0,139,35,139,10,3,1.6245805331157257,1.9949244495551202
Alfa,Germany,Antimalarial,2017-09-01,3223408.0,9777.0,177,343.5593220338983,402.0,155,35,155,12,3,1.7179459770477572,1.9958484492483648
Alfa,Germany,Antimalarial,2017-10-01,6358675.0,20871.0,157,335.5923566878981,262.0,133,34,133,9,3,1.5876500987329862,2.024007264404474
Alfa,Germany,Antimalarial,2017-11-01,6682839.0,14546.0,182,372.3626373626374,402.0,159,35,159,11,3,1.5426415451223932,1.9419722389494976
Alfa,Germany,Antimalarial,2017-12-01,4358578.0,13535.0,112,364.89285714285717,409.0,107,35,107,9,3,1.465928942514367,1.9861417094212261
Alfa,Germany,Antimalarial,2018-01-01,6703334.0,12407.0,119,331.4873949579832,262.0,107,33,107,8,3,1.5670604607071648,2.098755843531186
Alfa,Germany,Antimalarial,2018-02-01,5377470.0,15556.0,147,378.08843537414964,408.0,129,33,129,7,3,1.5202199548961848,2.063069445590308
Alfa,Germany,Antimalarial,2018-03-01,5590102.0,15311.0,168,353.04761904761904,408.0,145,35,144,9,3,1.717546212633512,2.075503720918382
Alfa,Germany,Antimalarial,2018-04-01,3964742.0,14647.0,137,309.6934306569343,262.0,127,35,127,7,3,1.6508160935481844,1.8150656550655042
Alfa,Germany,Antimalarial,2018-05-01,6596929.0,17201.0,156,347.3333333333333,402.0,138,35,138,7,3,1.5147844783813296,1.8825912093714248
Alfa,Germany,Antimalarial,2018-06-01,19169894.0,52715.0,159,343.2830188679245,377.0,137,33,137,9,3,1.5751536362095597,2.0618050175449123
Alfa,Germany,Antimalarial,2018-07-01,8598336.0,18902.0,159,368.47169811320754,402.0,140,34,140,8,3,1.5095497276184227,2.124284016177786
Alfa,Germany,Antimalarial,2018-08-01,4420352.0,17253.0,126,306.9761904761905,234.0,112,33,112,7,3,1.6620492708499042,1.7982872911484507
Alfa,Germany,Antimalarial,2018-09-01,2720733.0,9611.0,139,320.75539568345323,262.0,124,35,123,9,3,1.5841220920527108,1.9994605368786564
Alfa,Germany,Antimalarial,2018-10-01,7062818.0,19725.0,192,345.03125,402.0,165,35,165,8,3,1.676417253999998,1.9320876756188787
Alfa,Germany,Antimalarial,2018-11-01,5938786.0,42635.0,166,329.2590361445783,319.5,149,35,149,7,3,1.625066962673893,2.02087091884997
Alfa,Germany,Antimalarial,2018-12-01,2789714.0,7239.0,114,342.2280701754386,402.0,102,35,101,7,3,1.6462530184741568,1.8227419973139176
Alfa,Germany,Antimalarial,2019-01-01,3273650.0,11356.0,148,368.2972972972973,409.0,125,35,124,4,3,1.5988421801740755,2.045967320774558
Alfa,Germany,Antimalarial,2019-02-01,4744434.0,17503.0,163,349.60736196319016,402.0,142,35,141,8,3,1.5814563969660391,2.013555223286254
Alfa,Germany,Antimalarial,2019-03-01,16883291.0,44677.0,180,328.6,262.0,157,35,157,4,3,1.6756746880455122,1.9964612862418458
Alfa,Germany,Antimalarial,2019-04-01,3679549.0,10788.0,107,313.7383177570093,248.0,100,33,100,4,3,1.5580431399762837,2.005634639294822
Alfa,Germany,Antipiretics,2017-01-01,5676572.0,11481.0,137,470.4160583941606,487.0,118,35,118,10,3,1.6506951396717373,1.8999744784367025
Alfa,Germany,Antipiretics,2017-02-01,5151034.0,11121.0,144,447.8333333333333,461.5,125,35,125,12,3,1.5840744554016146,2.341431101072968
Alfa,Germany,Antipiretics,2017-03-01,6389545.0,14849.0,175,453.48571428571427,487.0,152,35,152,12,3,1.6119653905049833,2.107723444486982
Alfa,Germany,Antipiretics,2017-04-01,8240666.0,16723.0,157,480.1210191082803,492.0,132,35,132,13,3,1.5787163038251737,2.000574483384747
Alfa,Germany,Antipiretics,2017-05-01,11473070.0,21792.0,198,475.6969696969697,487.0,171,35,171,13,3,1.5820721938230187,2.1480660955462376
Alfa,Germany,Antipiretics,2017-06-01,8275323.0,16691.0,155,473.9225806451613,490.0,132,35,132,12,3,1.604536104140563,2.085488774882491
Alfa,Germany,Antipiretics,2017-07-01,6728079.0,14582.0,173,448.90751445086704,470.0,148,35,148,13,3,1.5732903857908467,2.1064318546813827
Alfa,Germany,Antipiretics,2017-08-01,8747006.0,17961.0,169,458.6094674556213,453.0,151,34,151,10,3,1.6204670443554443,2.0767992705808838
Alfa,Germany,Antipiretics,2017-09-01,11205412.0,22026.0,154,458.81168831168833,487.0,134,33,134,11,3,1.658013938689773,2.1244510021432825
Alfa,Germany,Antipiretics,2017-10-01,9771591.0,21846.0,180,471.3666666666667,487.0,161,35,161,9,3,1.5292469571054448,2.1536092713068267
Alfa,Germany,Antipiretics,2017-11-01,6440706.0,13963.0,167,488.94011976047904,487.0,148,35,148,12,3,1.71106275259773,1.9342494255797704
Alfa,Germany,Antipiretics,2017-12-01,8770162.0,18865.0,117,500.6068376068376,492.0,107,35,107,12,3,1.5043728683025226,2.039796596085286
Alfa,Germany,Antipiretics,2018-01-01,5824455.0,14420.0,148,477.2364864864865,492.0,131,34,131,8,3,1.6557190371124537,2.0248373062695904
Alfa,Germany,Antipiretics,2018-02-01,4150603.0,11266.0,125,434.56,470.0,108,33,108,9,3,1.5539267670389103,2.0284786858030874
Alfa,Germany,Antipiretics,2018-03-01,29269099.0,61547.0,163,470.09815950920245,487.0,135,33,134,9,3,1.551339933758141,1.9704571897551022
Alfa,Germany,Antipiretics,2018-04-01,11261090.0,37373.0,158,437.9620253164557,470.0,134,33,134,7,3,1.5112578227583622,1.9728008566032615
Alfa,Germany,Antipiretics,2018-05-01,5751865.0,12992.0,173,440.57225433526014,487.0,147,34,147,9,3,1.586018927626281,1.9973122961432561
Alfa,Germany,Antipiretics,2018-06-01,7830242.0,18817.0,161,467.0745341614907,487.0,142,33,142,9,3,1.7621157425769678,1.846422499843358
Alfa,Germany,Antipiretics,2018-07-01,11334644.0,23580.0,170,463.38235294117646,487.0,146,34,145,8,3,1.6671976418992867,1.9076070228839073
Alfa,Germany,Antipiretics,2018-08-01,5140638.0,16434.0,135,469.6666666666667,490.0,122,33,122,7,3,1.6453123616729266,1.7532597981650637
Alfa,Germany,Antipiretics,2018-09-01,11202658.0,18887.0,151,487.2582781456954,492.0,134,35,134,9,3,1.5537399425679732,2.2679365032470082
Alfa,Germany,Antipiretics,2018-10-01,10929016.0,22833.0,201,484.228855721393,533.0,171,35,171,7,3,1.794926900735814,2.151155538246099
Alfa,Germany,Antipiretics,2018-11-01,14485073.0,27124.0,147,467.38775510204084,487.0,135,34,135,8,3,1.641357406133608,1.7752277817495228
Alfa,Germany,Antipiretics,2018-12-01,5870287.0,10884.0,101,465.2079207920792,487.0,91,33,91,9,3,1.7408678410340441,2.099579920962503
Alfa,Germany,Antipiretics,2019-01-01,3631041.0,7473.0,142,478.556338028169,490.0,125,35,125,3,3,1.6035461382197143,1.878771210692287
Alfa,Germany,Antipiretics,2019-02-01,17204763.0,31633.0,149,469.8859060402685,487.0,130,35,130,9,3,1.515345554310568,2.0932320349529077
Alfa,Germany,Antipiretics,2019-03-01,7703369.0,15068.0,167,464.47904191616766,487.0,139,35,139,4,3,1.5768634733038456,1.7601149784196064
Alfa,Germany,Antipiretics,2019-04-01,6747428.0,13638.0,118,518.0169491525423,512.5,108,34,108,4,3,1.4495281464328897,2.022137584208619
Alfa,Germany,Antiseptics,2017-01-01,6961483.0,14781.0,185,427.8378378378378,390.0,159,48,159,11,3,1.6723293689160776,2.0866342311939214
Alfa,Germany,Antiseptics,2017-02-01,14504183.0,31981.0,237,418.73417721518985,416.0,194,48,194,11,3,1.5804489837214764,2.027715753776241
Alfa,Germany,Antiseptics,2017-03-01,13963138.0,31338.0,222,401.8828828828829,375.0,176,49,176,13,3,1.5959917558379255,1.9918141990022542
Alfa,Germany,Antiseptics,2017-04-01,7836787.0,20918.0,184,386.4728260869565,373.0,157,48,156,12,3,1.6908091079823873,2.037440278253673
Alfa,Germany,Antiseptics,2017-05-01,5955414.0,16758.0,266,412.3721804511278,390.0,214,49,214,13,3,1.538358855114514,2.125036140999484
Alfa,Germany,Antiseptics,2017-06-01,7951444.0,26573.0,235,405.27659574468083,375.0,178,49,178,12,3,1.585137149510285,1.9309570862087475
Alfa,Germany,Antiseptics,2017-07-01,17340756.0,32495.0,268,438.3694029850746,469.0,210,49,210,13,3,1.704941880728384,1.9717381811773693
Alfa,Germany,Antiseptics,2017-08-01,14468896.0,29687.0,242,416.78512396694214,390.0,197,49,197,12,3,1.606148038457367,1.8709499515056667
Alfa,Germany,Antiseptics,2017-09-01,15339617.0,34717.0,242,422.9834710743802,390.0,191,49,191,10,3,1.5304367598871431,2.0994980326715957
Alfa,Germany,Antiseptics,2017-10-01,11555606.0,21842.0,243,415.8312757201646,445.0,206,48,206,11,3,1.601849408231531,2.089885721831607
Alfa,Germany,Antiseptics,2017-11-01,8495828.0,21734.0,253,415.3122529644269,390.0,213,49,213,10,3,1.5451419607955876,1.8739591276812078
Alfa,Germany,Antiseptics,2017-12-01,12002128.0,30188.0,199,455.16582914572865,469.0,160,48,159,9,3,1.5618403301400363,2.1452149344222553
Alfa,Germany,Antiseptics,2018-01-01,10947926.0,26974.0,174,392.6551724137931,375.0,145,47,145,7,3,1.6361864803362083,1.955802176439434
Alfa,Germany,Antiseptics,2018-02-01,7678929.2,19127.6,213,413.7136150234742,375.0,180,49,180,8,3,1.644202471040319,2.022656214974753
Alfa,Germany,Antiseptics,2018-03-01,18716236.0,40528.0,228,413.1929824561403,375.0,187,49,186,10,3,1.6105470898567193,2.2025586968621553
Alfa,Germany,Antiseptics,2018-04-01,7542866.0,18426.0,205,380.590243902439,373.0,178,47,178,9,3,1.7043776294646975,2.0081876591965946
Alfa,Germany,Antiseptics,2018-05-01,6760263.0,14353.0,201,414.94029850746267,416.0,170,46,170,6,3,1.6160027886739519,2.06462705090926
Alfa,Germany,Antiseptics,2018-06-01,7069261.0,23974.0,235,405.84255319148934,375.0,188,48,188,9,3,1.5929392902323314,2.1121616172431397
Alfa,Germany,Antiseptics,2018-07-01,9514019.0,22305.0,224,416.6919642857143,390.0,184,48,184,7,3,1.6729785865797906,1.961202963195633
Alfa,Germany,Antiseptics,2018-08-01,9035535.0,29330.0,198,414.15656565656565,375.0,167,48,167,9,3,1.7693398489570957,1.8567597517717844
Alfa,Germany,Antiseptics,2018-09-01,20837572.0,49127.0,188,405.54787234042556,382.5,163,48,163,9,3,1.590627973291509,2.154190091670226
Alfa,Germany,Antiseptics,2018-10-01,11709637.0,28040.0,293,400.320819112628,390.0,229,49,228,9,3,1.553914567088039,2.048673776088604
Alfa,Germany,Antiseptics,2018-11-01,11316828.0,39324.0,221,398.6334841628959,375.0,182,49,182,8,3,1.6402427008447926,1.9901826783985885
Alfa,Germany,Antiseptics,2018-12-01,7952215.0,18649.0,187,420.7647058823529,416.0,160,49,160,9,3,1.609441271484754,2.011391732987668
Alfa,Germany,Antiseptics,2019-01-01,4159325.0,11667.0,164,418.4634146341463,390.0,134,47,134,3,3,1.5493480204702517,2.2495323640383194
Alfa,Germany,Antiseptics,2019-02-01,13117290.0,33678.0,196,408.17857142857144,382.5,171,49,171,9,3,1.5604679511401645,2.2159938982485556
Alfa,Germany,Antiseptics,2019-03-01,5208211.0,13378.0,229,417.31441048034935,416.0,180,48,179,5,3,1.4981210935577303,2.0993764145432863
Alfa,Germany,Antiseptics,2019-04-01,5716849.0,13386.0,175,419.88,375.0,148,48,148,4,3,1.585405421881947,2.0907085289906124
Alfa,Germany,Mood Stabilizers,2017-01-01,5673906.0,14449.0,185,428.7567567567568,452.0,162,42,162,12,3,1.5594205553634377,2.090221976476647
Alfa,Germany,Mood Stabilizers,2017-02-01,12312719.0,28475.0,200,414.36,404.0,168,44,168,12,3,1.5955046831827353,2.1169614000347727
Alfa,Germany,Mood Stabilizers,2017-03-01,11029188.0,28787.0,186,406.5698924731183,452.0,154,44,154,12,3,1.6345309208819208,1.945816222422061
Alfa,Germany,Mood Stabilizers,2017-04-01,6678861.0,19168.0,174,383.7068965517241,368.0,148,43,148,13,3,1.5629496480025253,1.9166060713458448
Alfa,Germany,Mood Stabilizers,2017-05-01,11613458.0,25543.0,243,425.13168724279836,488.0,202,44,202,12,3,1.5260440772564032,2.093622258656752
Alfa,Germany,Mood Stabilizers,2017-06-01,8358908.0,23509.0,179,396.78212290502796,368.0,157,43,157,12,3,1.6176540217408526,2.108016424720695
Alfa,Germany,Mood Stabilizers,2017-07-01,6551707.0,19659.0,243,391.962962962963,368.0,200,44,200,13,3,1.5980418138316066,2.1576098889672073
Alfa,Germany,Mood Stabilizers,2017-08-01,7904442.0,24439.0,199,403.286432160804,368.0,169,44,169,11,3,1.5925130430064194,1.9965639008243952
Alfa,Germany,Mood Stabilizers,2017-09-01,12684604.0,27584.0,174,381.3103448275862,368.0,145,44,145,10,3,1.5791405798187117,2.0880187367229213
Alfa,Germany,Mood Stabilizers,2017-10-01,5547502.0,14942.0,183,388.92896174863387,391.0,158,44,157,9,3,1.5255397597442737,1.9739543828709512
Alfa,Germany,Mood Stabilizers,2017-11-01,11520780.0,32129.0,201,418.2636815920398,452.0,167,44,167,12,3,1.7464140952113105,2.1759985344527
Alfa,Germany,Mood Stabilizers,2017-12-01,9432952.0,27923.0,176,395.7556818181818,397.5,154,43,154,11,3,1.6288757677500496,2.2444728843220223
Alfa,Germany,Mood Stabilizers,2018-01-01,12338830.0,30984.0,159,383.2012578616352,368.0,137,44,137,8,3,1.569920797711621,2.0219643019416957
Alfa,Germany,Mood Stabilizers,2018-02-01,7632386.0,17363.0,203,384.70935960591135,391.0,176,44,175,7,3,1.612049118867569,1.9954230642355344
Alfa,Germany,Mood Stabilizers,2018-03-01,7005299.0,17553.0,199,415.1708542713568,452.0,166,42,166,11,3,1.600556505019143,2.038197177439695
Alfa,Germany,Mood Stabilizers,2018-04-01,5092034.0,12495.0,177,403.5819209039548,452.0,142,44,142,8,3,1.7047096374833255,2.055157316732313
Alfa,Germany,Mood Stabilizers,2018-05-01,3755427.0,11797.0,217,378.0414746543779,361.0,177,43,177,9,3,1.5817328914622233,2.1671661791867436
Alfa,Germany,Mood Stabilizers,2018-06-01,16911471.0,37518.0,188,399.42021276595744,404.0,160,44,159,8,3,1.5408034186251567,2.018319911876343
Alfa,Germany,Mood Stabilizers,2018-07-01,6137875.0,16340.0,193,405.47668393782385,404.0,152,44,152,9,3,1.6457404650684009,1.9302964951850596
Alfa,Germany,Mood Stabilizers,2018-08-01,5966285.0,12650.0,165,399.43636363636364,368.0,135,42,134,7,3,1.6471640635832057,1.8635267123742676
Alfa,Germany,Mood Stabilizers,2018-09-01,5149523.0,14059.0,175,381.8285714285714,368.0,153,42,152,9,3,1.641230052140146,2.0245807563249847
Alfa,Germany,Mood Stabilizers,2018-10-01,10427889.0,23809.0,222,400.0405405405405,368.0,182,42,182,9,3,1.664197151934074,1.9576185792333525
Alfa,Germany,Mood Stabilizers,2018-11-01,5871326.0,15665.0,181,410.23756906077347,404.0,156,42,155,7,3,1.502422721310119,2.049984407815203
Alfa,Germany,Mood Stabilizers,2018-12-01,6260651.0,15370.0,157,397.0191082802548,404.0,142,44,142,9,3,1.6067981092850834,2.0492276707247914
Alfa,Germany,Mood Stabilizers,2019-01-01,4058843.0,11710.0,142,387.73943661971833,368.0,128,42,128,4,3,1.6178402107384628,2.0493085878294504
Alfa,Germany,Mood Stabilizers,2019-02-01,7221337.0,17407.0,191,411.0157068062827,404.0,165,42,164,7,3,1.5122032874154527,1.9829386998177858
Alfa,Germany,Mood Stabilizers,2019-03-01,12181645.0,32993.0,224,403.5669642857143,397.5,176,44,176,4,3,1.5771679835477244,2.00559597793914
Alfa,Germany,Mood Stabilizers,2019-04-01,5822067.0,13512.0,163,414.63803680981596,404.0,133,43,133,4,3,1.6133489702293833,1.9673342355151804
Alfa,Poland,Analgesics,2018-01-01,2523448.0,5212.0,153,423.65359477124184,435.0,108,40,108,7,3,1.412907419206418,2.2700647463184045
Alfa,Poland,Analgesics,2018-02-01,5150995.0,13413.0,157,426.26751592356686,445.0,112,42,112,8,3,1.4224095416413585,2.2195825257497015
Alfa,Poland,Analgesics,2018-03-01,1678023.0,5173.0,141,437.51063829787233,445.0,102,39,102,8,3,1.486279995217384,2.3822266347035885
Alfa,Poland,Analgesics,2018-04-01,1198457.0,2387.0,104,420.03846153846155,458.0,75,37,75,6,3,1.4872993042272091,2.4613296606162054
Alfa,Poland,Analgesics,2018-05-01,1773101.0,4287.0,116,416.3103448275862,458.0,83,38,83,7,3,1.520530875379881,2.2602067010507048
Alfa,Poland,Analgesics,2018-06-01,1621361.0,3969.0,124,438.38709677419354,459.0,93,40,93,7,3,1.395200799448194,2.277933249572141
Alfa,Poland,Analgesics,2018-07-01,2614944.0,5719.0,139,406.52517985611513,435.0,108,41,108,8,3,1.3796141172441012,2.049366935096768
Alfa,Poland,Analgesics,2018-08-01,5718456.0,12013.0,151,440.21854304635764,458.0,114,41,114,6,3,1.4464459287398928,2.375388747351599
Alfa,Poland,Analgesics,2018-09-01,1975347.0,4729.0,151,441.3046357615894,460.0,106,42,106,6,3,1.4006097076725157,2.134658107450924
Alfa,Poland,Analgesics,2018-10-01,1485820.0,3540.0,179,430.6033519553073,445.0,123,40,123,7,3,1.4715380890920247,2.236872571719914
Alfa,Poland,Analgesics,2018-11-01,3131355.0,6138.0,144,428.7708333333333,445.0,103,41,103,8,3,1.493832270354898,2.390288129889844
Alfa,Poland,Analgesics,2018-12-01,1794323.0,3653.0,141,464.43971631205676,529.0,99,42,99,6,3,1.436037069059948,2.307018952412018
Alfa,Poland,Antibiotics,2018-01-01,1314759.0,4207.0,103,408.6504854368932,448.0,84,33,84,8,3,1.4214117242409514,2.1245432765977443
Alfa,Poland,Antibiotics,2018-02-01,2540211.0,5333.0,107,418.69158878504675,430.0,91,32,91,7,3,1.512806014473523,2.3223453549231357
Alfa,Poland,Antibiotics,2018-03-01,1218926.0,2874.0,141,424.1843971631206,448.0,102,35,102,8,3,1.4812551836486914,2.0966648273929107
Alfa,Poland,Antibiotics,2018-04-01,1178723.0,7151.0,83,359.09638554216866,400.0,63,31,63,8,3,1.4541252514948526,2.1854246141161497
Alfa,Poland,Antibiotics,2018-05-01,1319000.0,2934.0,107,448.22429906542055,452.0,81,32,81,7,3,1.465786540079222,2.2615162935569657
Alfa,Poland,Antibiotics,2018-06-01,1156177.0,3075.0,94,423.1170212765957,450.0,69,33,69,8,3,1.3437474847315949,2.2098749243502493
Alfa,Poland,Antibiotics,2018-07-01,1614115.0,3808.0,122,438.0163934426229,450.0,91,33,91,8,3,1.373512443948389,2.3687555739882136
Alfa,Poland,Antibiotics,2018-08-01,1384535.0,4694.0,144,396.5625,424.0,105,35,105,7,3,1.4284730055542276,2.4667509165846386
Alfa,Poland,Antibiotics,2018-09-01,3333155.0,11064.0,111,407.990990990991,448.0,86,34,86,6,3,1.514552382770977,2.234942070344386
Alfa,Poland,Antibiotics,2018-10-01,3878456.0,8262.0,144,432.8263888888889,450.0,105,34,105,7,3,1.4912425417643542,2.5308565770404594
Alfa,Poland,Antibiotics,2018-11-01,2344510.0,5735.0,138,408.65942028985506,430.0,97,35,97,7,3,1.376865406215804,2.3111299801467866
Alfa,Poland,Antibiotics,2018-12-01,1598915.0,3941.0,122,373.42622950819674,424.0,89,35,89,7,3,1.337421053798039,2.225014354796297
Alfa,Poland,Antimalarial,2018-01-01,1449906.0,4097.0,112,347.57142857142856,377.0,84,34,84,8,3,1.4184724562806965,2.235016919154316
Alfa,Poland,Antimalarial,2018-02-01,1318262.0,5131.0,107,361.85981308411215,402.0,82,34,82,6,3,1.3843718367822138,2.4148648900189795
Alfa,Poland,Antimalarial,2018-03-01,1774501.0,5498.0,129,329.95348837209303,377.0,97,35,97,7,3,1.4486315945014931,2.445856501702136
Alfa,Poland,Antimalarial,2018-04-01,605451.0,1803.0,87,333.0689655172414,377.0,70,35,70,6,3,1.4289674576584237,2.1578601584886408
Alfa,Poland,Antimalarial,2018-05-01,1378272.0,4873.0,95,361.13684210526316,409.0,77,32,77,8,3,1.4648031673717175,2.0951905298913687
Alfa,Poland,Antimalarial,2018-06-01,2658700.0,6083.0,77,304.15584415584414,248.0,62,35,62,7,3,1.5331431023052855,2.346227417373736
Alfa,Poland,Antimalarial,2018-07-01,797015.0,4434.0,109,319.04587155963304,262.0,83,35,83,7,3,1.3761014783834202,2.346322639145644
Alfa,Poland,Antimalarial,2018-08-01,1580409.0,5613.0,123,314.7317073170732,262.0,93,32,93,7,3,1.3811346011185055,2.4162816531416778
Alfa,Poland,Antimalarial,2018-09-01,5365775.0,10903.0,105,377.2190476190476,409.0,80,34,80,7,3,1.3516722969887653,2.261689391169399
Alfa,Poland,Antimalarial,2018-10-01,1677751.0,8994.0,141,364.63120567375887,408.0,98,34,98,7,3,1.4596442579876756,2.316489829916459
Alfa,Poland,Antimalarial,2018-11-01,3671764.0,10264.0,140,330.4714285714286,248.0,102,34,102,8,3,1.438921705729297,2.356088674473768
Alfa,Poland,Antimalarial,2018-12-01,680270.0,2784.0,103,345.8252427184466,402.0,76,32,76,7,3,1.3738891131254631,2.1590811545070685
Alfa,Poland,Antipiretics,2018-01-01,964266.0,2396.0,115,466.5304347826087,487.0,89,35,89,7,3,1.332838974497858,2.4455728742628553
Alfa,Poland,Antipiretics,2018-02-01,1959240.0,4259.0,110,484.72727272727275,490.0,82,34,82,8,3,1.4377141601268848,2.316379522752843
Alfa,Poland,Antipiretics,2018-03-01,2283180.0,5263.0,142,444.90140845070425,470.0,102,35,102,8,3,1.408103738584634,2.4538008710106185
Alfa,Poland,Antipiretics,2018-04-01,1196719.0,2753.0,70,467.48571428571427,461.5,58,31,58,7,3,1.38654923449814,2.4221064313961
Alfa,Poland,Antipiretics,2018-05-01,1063057.0,2673.0,90,485.2,487.0,70,31,70,6,3,1.3182492260920862,2.2563985999325964
Alfa,Poland,Antipiretics,2018-06-01,563992.0,1323.0,80,459.025,453.0,67,32,67,8,3,1.4448159361762294,2.3058205921171853
Alfa,Poland,Antipiretics,2018-07-01,3055899.0,5567.0,115,461.37391304347824,487.0,83,33,83,8,3,1.4561637957176414,2.3456815289730555
Alfa,Poland,Antipiretics,2018-08-01,2395794.0,5134.0,128,478.078125,487.0,96,35,96,7,3,1.4342585794801792,2.3381657982061412
Alfa,Poland,Antipiretics,2018-09-01,2450968.0,5268.0,104,482.24038461538464,487.0,85,32,85,6,3,1.455592911619774,2.164412721168928
Alfa,Poland,Antipiretics,2018-10-01,886478.0,1805.0,124,473.4274193548387,487.0,99,34,99,6,3,1.5098632152262288,2.2939926729327316
Alfa,Poland,Antipiretics,2018-11-01,4488039.0,9998.0,143,473.97902097902096,487.0,102,35,102,8,3,1.4410475273617576,2.222581338959532
Alfa,Poland,Antipiretics,2018-12-01,1680145.0,4668.0,110,459.9818181818182,487.0,88,32,88,7,3,1.5408079951080813,2.2345987555409637
Alfa,Poland,Antiseptics,2018-01-01,2149385.0,5595.0,191,447.83769633507853,469.0,129,47,129,8,3,1.481585754605958,2.190110942002703
Alfa,Poland,Antiseptics,2018-02-01,2706508.0,6749.0,165,424.22424242424245,416.0,107,46,107,8,3,1.4236624341501043,2.3234244450811694
Alfa,Poland,Antiseptics,2018-03-01,2053262.0,5506.0,183,413.1912568306011,390.0,115,47,115,7,3,1.418995686923324,2.2602184744193483
Alfa,Poland,Antiseptics,2018-04-01,1560119.0,5085.0,123,378.0325203252033,373.0,96,46,96,6,3,1.5107128733571598,2.0962944452980476
Alfa,Poland,Antiseptics,2018-05-01,1458519.0,2824.0,101,420.25742574257424,416.0,83,43,83,7,3,1.3164439185612242,2.350231564483604
Alfa,Poland,Antiseptics,2018-06-01,3681728.0,9880.0,151,442.87417218543044,445.0,103,45,103,8,3,1.4351669848171162,2.1516264752498357
Alfa,Poland,Antiseptics,2018-07-01,1582437.0,4114.0,162,392.2962962962963,390.0,111,48,111,8,3,1.4111924628061006,2.433351387317806
Alfa,Poland,Antiseptics,2018-08-01,2444932.0,5475.0,165,404.4,390.0,111,48,111,7,3,1.4167705984743626,2.407062908970917
Alfa,Poland,Antiseptics,2018-09-01,1528049.0,4118.0,146,398.74657534246575,374.0,107,46,107,7,3,1.4411592788684022,2.2554239258758706
Alfa,Poland,Antiseptics,2018-10-01,1938778.0,4984.0,191,415.0366492146597,375.0,124,49,124,6,3,1.4356074354388253,2.252139116368602
Alfa,Poland,Antiseptics,2018-11-01,6573256.0,10911.0,159,433.54716981132077,390.0,110,48,110,7,3,1.495901487502196,2.229160464136631
Alfa,Poland,Antiseptics,2018-12-01,3119793.0,8046.0,163,413.7239263803681,416.0,114,49,114,7,3,1.4590466242048,2.299066317523414
Alfa,Poland,Mood Stabilizers,2018-01-01,1365589.0,3068.0,144,418.3541666666667,397.5,100,44,100,7,3,1.4878708242706773,2.3774657247089572
Alfa,Poland,Mood Stabilizers,2018-02-01,2140827.0,5715.0,141,380.20567375886526,361.0,100,42,100,8,3,1.3981055859048697,2.19649476040793
Alfa,Poland,Mood Stabilizers,2018-03-01,2961033.0,6921.0,145,404.28275862068966,404.0,108,43,108,8,3,1.3922114690356369,2.3338705163751015
Alfa,Poland,Mood Stabilizers,2018-04-01,833695.0,1979.0,99,396.020202020202,361.0,76,39,76,7,3,1.2658104272075228,2.2951280467510533
Alfa,Poland,Mood Stabilizers,2018-05-01,1506795.0,4444.0,119,382.47058823529414,368.0,95,42,95,8,3,1.4621873995670962,2.196841565548576
Alfa,Poland,Mood Stabilizers,2018-06-01,1860335.0,7023.0,103,387.45631067961165,368.0,82,41,82,7,3,1.367666813506835,2.3161680653761603
Alfa,Poland,Mood Stabilizers,2018-07-01,1407610.0,3764.0,125,428.504,481.0,90,41,90,8,3,1.504186678560446,2.318451330910913
Alfa,Poland,Mood Stabilizers,2018-08-01,3609922.0,8693.0,145,421.4068965517241,404.0,101,41,101,7,3,1.3663557323741726,2.451647363244564
Alfa,Poland,Mood Stabilizers,2018-09-01,3292471.0,9109.0,122,449.0245901639344,488.0,93,43,93,6,3,1.4096514997508771,2.5541462388539875
Alfa,Poland,Mood Stabilizers,2018-10-01,1629024.0,4251.0,160,399.61875,368.0,116,44,116,6,3,1.4604697763736392,2.3370357115760982
Alfa,Poland,Mood Stabilizers,2018-11-01,5913004.0,12132.0,165,399.96363636363634,452.0,110,43,110,8,3,1.3771137567873748,2.2250881122702966
Alfa,Poland,Mood Stabilizers,2018-12-01,1050552.0,3096.0,134,389.7164179104478,391.0,98,43,98,7,3,1.4389748327819967,2.2627527899112256
Bravo,Germany,Analgesics,2017-01-01,4165168.0,10379.0,147,421.38775510204084,435.0,135,40,135,11,3,1.6546176739830651,2.0669998260112643
Bravo,Germany,Analgesics,2017-02-01,7273223.0,15770.0,170,450.3705882352941,460.0,138,42,138,10,3,1.6402714507070233,2.0610013063167623
Bravo,Germany,Analgesics,2017-03-01,11281376.0,29009.0,206,440.63106796116506,445.0,182,42,182,11,3,1.4773814202320232,2.180490853540963
Bravo,Germany,Analgesics,2017-04-01,5656228.0,13013.0,167,444.89820359281435,460.0,146,40,146,13,3,1.530544220125323,2.087103347423734
Bravo,Germany,Analgesics,2017-05-01,9366728.0,26670.0,237,431.8776371308017,445.0,187,42,187,12,3,1.5505832042517407,1.9734955982809386
Bravo,Germany,Analgesics,2017-06-01,30711852.0,57161.0,202,444.3712871287129,458.0,177,41,177,12,3,1.5859904944936494,2.0724347737776876
Bravo,Germany,Analgesics,2017-07-01,14190249.0,31931.0,224,467.00892857142856,529.0,174,42,174,13,3,1.6810588972187979,1.9592343726195143
Bravo,Germany,Analgesics,2017-08-01,7891986.0,17857.0,211,459.07109004739334,536.0,190,41,190,12,3,1.4636263639942142,2.10663952781756
Bravo,Germany,Analgesics,2017-09-01,15111323.0,44046.0,190,415.3421052631579,435.0,154,42,154,12,3,1.5438989794081903,2.2170860576546194
Bravo,Germany,Analgesics,2017-10-01,12634047.0,25511.0,189,456.3968253968254,536.0,153,42,152,11,3,1.6170466995962103,2.07082507116087
Bravo,Germany,Analgesics,2017-11-01,9721580.0,27953.0,197,450.2791878172589,529.0,161,41,161,8,3,1.6273217875277908,1.8840708114109324
Bravo,Germany,Analgesics,2017-12-01,18520490.0,48462.0,168,457.3690476190476,460.0,146,41,146,12,3,1.5999756777288374,2.1309357471107484
Bravo,Germany,Analgesics,2018-01-01,8498872.0,16691.0,139,454.35971223021585,460.0,119,42,119,8,3,1.6207958224701824,1.933141022336343
Bravo,Germany,Analgesics,2018-02-01,9613226.0,26580.0,177,412.49152542372883,435.0,149,42,149,7,3,1.7411914287933021,2.035724939199256
Bravo,Germany,Analgesics,2018-03-01,10070557.0,30369.0,171,426.5029239766082,445.0,143,42,143,9,3,1.5744155912187616,1.9651453239288976
Bravo,Germany,Analgesics,2018-04-01,5680191.0,14571.0,170,455.59411764705885,536.0,141,40,141,9,3,1.5651942424203302,1.9053740475874106
Bravo,Germany,Analgesics,2018-05-01,3937012.0,9712.0,192,431.265625,445.0,158,42,158,7,3,1.6977370851945113,1.950258094941212
Bravo,Germany,Analgesics,2018-06-01,24048572.0,60188.0,173,386.728323699422,370.0,145,41,145,10,3,1.7714463850416984,1.9931259903281784
Bravo,Germany,Analgesics,2018-07-01,10359489.0,23293.0,227,415.01762114537445,435.0,195,42,195,9,3,1.6463589189964194,2.0494213303514344
Bravo,Germany,Analgesics,2018-08-01,17801945.0,33182.0,149,441.0738255033557,458.0,127,40,127,8,3,1.772563440431318,1.9242433423555074
Bravo,Germany,Analgesics,2018-09-01,21291659.0,46643.0,172,452.1744186046512,460.0,151,42,151,12,3,1.6291289622455603,2.004409576230443
Bravo,Germany,Analgesics,2018-10-01,15209916.0,32468.0,240,427.1666666666667,460.0,194,41,194,7,3,1.6350556946220642,1.9300452584289842
Bravo,Germany,Analgesics,2018-11-01,11373359.0,33415.0,205,456.409756097561,460.0,176,42,176,8,3,1.74992108539404,2.1339392614304677
Bravo,Germany,Analgesics,2018-12-01,12156553.0,22957.0,125,433.624,445.0,117,40,117,8,3,1.5906553374599028,2.0447480239437663
Bravo,Germany,Analgesics,2019-01-01,5150813.0,12387.0,157,460.63057324840764,529.0,137,40,136,3,3,1.5915288021322456,2.019693645534396
Bravo,Germany,Analgesics,2019-02-01,16845817.0,29547.0,163,455.8588957055215,460.0,144,41,144,7,3,1.4790875484417634,2.0825800088577515
Bravo,Germany,Analgesics,2019-03-01,7521709.0,22607.0,185,417.23783783783784,435.0,156,42,156,5,3,1.7988818072056683,2.003097196863901
Bravo,Germany,Analgesics,2019-04-01,19934866.0,33367.0,142,450.00704225352115,493.5,122,41,122,4,3,1.6372602799992102,2.1493488765952695
Bravo,Germany,Antibiotics,2017-01-01,4745868.0,11931.0,175,437.8514285714286,452.0,147,34,147,12,3,1.6619501981935358,2.0244545987269595
Bravo,Germany,Antibiotics,2017-02-01,7271183.0,16720.0,139,420.021582733813,450.0,119,34,119,9,3,1.6768389296985686,2.1675787016082064
Bravo,Germany,Antibiotics,2017-03-01,6126811.0,13422.0,166,439.19879518072287,450.0,140,33,140,10,3,1.603958058917027,1.9836109149931487
Bravo,Germany,Antibiotics,2017-04-01,5705999.0,14186.0,140,413.57142857142856,448.0,122,35,122,10,3,1.5057366690915681,2.04395126190327
Bravo,Germany,Antibiotics,2017-05-01,7551070.0,16899.0,174,428.37931034482756,448.0,156,35,156,13,3,1.682620845214171,1.932374021500626
Bravo,Germany,Antibiotics,2017-06-01,6088141.0,15571.0,158,435.82278481012656,448.0,128,35,128,10,3,1.547131031478086,1.9160913510335371
Bravo,Germany,Antibiotics,2017-07-01,5110383.0,13314.0,169,406.603550295858,448.0,150,35,150,11,3,1.5396384872003779,2.1272070478212757
Bravo,Germany,Antibiotics,2017-08-01,6073929.0,12201.0,176,418.47727272727275,439.0,159,35,159,12,3,1.6355852231004886,1.8934450211188267
Bravo,Germany,Antibiotics,2017-09-01,7261552.0,19079.0,175,401.3485714285714,430.0,149,35,149,12,3,1.6481661463673893,2.0353344515096614
Bravo,Germany,Antibiotics,2017-10-01,5969473.0,14625.0,168,410.0833333333333,448.0,145,34,145,11,3,1.6043347194855497,2.050754503325866
Bravo,Germany,Antibiotics,2017-11-01,8176819.0,16911.0,153,439.8496732026144,450.0,140,34,140,10,3,1.7538535707757186,1.9616024149967257
Bravo,Germany,Antibiotics,2017-12-01,5638793.0,15324.0,117,408.2735042735043,424.0,106,35,106,12,3,1.5056068000330087,2.2412347996735873
Bravo,Germany,Antibiotics,2018-01-01,10135026.0,19035.0,111,371.963963963964,401.0,105,33,105,8,3,1.5601070325396036,2.137786070158978
Bravo,Germany,Antibiotics,2018-02-01,2969211.0,8496.0,147,403.76190476190476,448.0,130,35,130,6,3,1.620425584210585,2.1832299127463313
Bravo,Germany,Antibiotics,2018-03-01,19000068.0,31820.0,159,415.61006289308176,448.0,140,33,140,11,3,1.6403154193869005,2.0919516344053046
Bravo,Germany,Antibiotics,2018-04-01,2631955.0,7777.0,130,410.8,448.0,118,35,118,8,3,1.6064942819095225,2.1314907877495464
Bravo,Germany,Antibiotics,2018-05-01,4221593.0,12737.0,152,432.98026315789474,450.0,128,35,128,8,3,1.573418598318098,2.1710442871605538
Bravo,Germany,Antibiotics,2018-06-01,5828869.0,15036.0,162,416.8888888888889,452.0,135,35,135,12,3,1.613183179297673,1.8816092052400661
Bravo,Germany,Antibiotics,2018-07-01,10940129.0,21665.0,170,441.11176470588236,458.0,143,35,143,8,3,1.5963551732918055,2.1094470879842477
Bravo,Germany,Antibiotics,2018-08-01,2448067.0,7326.0,116,415.05172413793105,450.0,104,35,104,5,3,1.5861601004182786,2.062677694080542
Bravo,Germany,Antibiotics,2018-09-01,7722789.0,17722.0,143,441.5034965034965,452.0,127,34,127,12,3,1.619680542860812,2.071360484305207
Bravo,Germany,Antibiotics,2018-10-01,11217885.0,25957.0,209,425.09090909090907,448.0,176,35,175,8,3,1.4569918205444465,1.7910862937164478
Bravo,Germany,Antibiotics,2018-11-01,5698257.0,20901.0,154,415.87012987012986,448.0,142,34,142,7,3,1.6341894807795354,2.0701374457324686
Bravo,Germany,Antibiotics,2018-12-01,7666019.0,16148.0,106,410.7358490566038,430.0,95,32,95,9,3,1.486491126585317,1.8901805929065454
Bravo,Germany,Antibiotics,2019-01-01,5733238.0,10420.0,107,413.14018691588785,424.0,101,34,101,4,3,1.511135671734439,2.073611439031643
Bravo,Germany,Antibiotics,2019-02-01,6829783.0,17314.0,147,435.91156462585036,452.0,132,34,132,7,3,1.6168281267330251,2.184232590385949
Bravo,Germany,Antibiotics,2019-03-01,25381057.0,49709.0,158,450.1518987341772,450.0,145,35,145,5,3,1.4829956287261985,2.016060742850967
Bravo,Germany,Antibiotics,2019-04-01,4072074.0,8056.0,111,478.2882882882883,452.0,105,31,105,4,3,1.5331423617611977,1.9758186702068803
Bravo,Germany,Antimalarial,2017-01-01,3667266.0,11843.0,130,307.33076923076925,262.0,119,35,119,9,3,1.8056682978151457,2.083138627731494
Bravo,Germany,Antimalarial,2017-02-01,7083873.0,21334.0,154,346.9025974025974,405.0,133,34,132,9,3,1.6242356949494963,2.135172631101791
Bravo,Germany,Antimalarial,2017-03-01,8206530.0,21237.0,173,313.2080924855491,248.0,151,35,150,11,3,1.6260597660516287,1.8637161001780227
Bravo,Germany,Antimalarial,2017-04-01,3028257.0,11008.0,130,319.46153846153845,262.0,119,35,118,8,3,1.6922925862289553,2.099144749876863
Bravo,Germany,Antimalarial,2017-05-01,5107443.0,18271.0,159,318.7798742138365,262.0,131,35,131,13,3,1.5553594381254081,2.1776355050290936
Bravo,Germany,Antimalarial,2017-06-01,3249574.0,10932.0,164,321.0182926829268,262.0,141,34,141,10,3,1.6833970029448768,2.115804245319719
Bravo,Germany,Antimalarial,2017-07-01,5339513.0,14850.0,174,339.41379310344826,377.0,152,35,152,11,3,1.5951778272767925,2.078815290199298
Bravo,Germany,Antimalarial,2017-08-01,12004839.0,32214.0,192,340.2708333333333,248.0,164,35,164,11,3,1.7461579523196558,1.970988371590888
Bravo,Germany,Antimalarial,2017-09-01,8519296.0,25882.0,160,328.65625,377.0,144,35,144,13,3,1.684807492373681,1.9834549919125986
Bravo,Germany,Antimalarial,2017-10-01,4163087.0,11694.0,157,333.30573248407643,402.0,136,35,135,9,3,1.4656064970677172,1.9897209387325416
Bravo,Germany,Antimalarial,2017-11-01,4532808.0,16453.0,204,340.25,377.0,174,35,174,11,3,1.6770268279885816,1.9691751346457187
Bravo,Germany,Antimalarial,2017-12-01,5005775.0,13925.0,124,343.33870967741933,389.5,111,34,111,10,3,1.66223220915072,2.045131088542422
Bravo,Germany,Antimalarial,2018-01-01,3222659.0,9380.0,125,327.736,377.0,117,33,117,8,3,1.5529923444029559,1.8983540240718213
Bravo,Germany,Antimalarial,2018-02-01,3937666.0,13797.0,144,312.125,248.0,128,34,128,7,3,1.7357301288399314,2.0901334933275395
Bravo,Germany,Antimalarial,2018-03-01,2883487.0,10258.0,137,324.26277372262774,262.0,113,35,113,11,3,1.7261450673690215,1.990394857769625
Bravo,Germany,Antimalarial,2018-04-01,5427463.0,22375.0,169,350.42011834319527,377.0,142,33,142,7,3,1.6225151934906248,2.102862604389111
Bravo,Germany,Antimalarial,2018-05-01,4919369.0,13795.0,172,342.90697674418607,389.5,150,34,150,8,3,1.7112854681609047,2.1862429901941964
Bravo,Germany,Antimalarial,2018-06-01,9344017.0,32340.0,143,351.1048951048951,377.0,126,33,126,10,3,1.5553667572938126,1.836154903960321
Bravo,Germany,Antimalarial,2018-07-01,4947279.0,28007.0,156,329.45512820512823,262.0,130,35,130,7,3,1.519648829338381,1.856992006036276
Bravo,Germany,Antimalarial,2018-08-01,6406473.0,19674.0,136,348.69117647058823,408.0,123,33,123,8,3,1.5457647199230984,1.9406578855054843
Bravo,Germany,Antimalarial,2018-09-01,4560826.0,23080.0,143,345.2307692307692,377.0,121,35,121,11,3,1.6628582921217097,2.1893558556921127
Bravo,Germany,Antimalarial,2018-10-01,7388226.0,25381.0,218,360.72935779816515,408.0,190,35,190,9,3,1.6350889806632865,1.9779478344219865
Bravo,Germany,Antimalarial,2018-11-01,3160946.0,10144.0,160,328.44375,377.0,129,34,129,7,3,1.6212803656582013,1.884452681539622
Bravo,Germany,Antimalarial,2018-12-01,4704197.0,13466.0,108,351.4259259259259,408.0,98,33,98,9,3,1.6427759584074346,2.0773935013171294
Bravo,Germany,Antimalarial,2019-01-01,2248693.0,5609.0,120,353.075,377.0,109,35,109,4,3,1.66609641503692,1.6692305307587763
Bravo,Germany,Antimalarial,2019-02-01,6290712.0,16168.0,140,337.70714285714286,389.5,127,35,127,8,3,1.4391669232398254,2.05409211860766
Bravo,Germany,Antimalarial,2019-03-01,6262323.0,17419.0,171,334.3625730994152,262.0,146,34,146,4,3,1.6862201146062292,1.9372968228373555
Bravo,Germany,Antimalarial,2019-04-01,3460534.0,11897.0,131,360.51908396946567,402.0,119,34,119,4,3,1.6172207636346934,2.03055893974724
Bravo,Germany,Antipiretics,2017-01-01,2689214.0,6002.0,127,475.6456692913386,487.0,115,35,115,12,3,1.7292181701104161,1.83627371986163
Bravo,Germany,Antipiretics,2017-02-01,7505280.0,18225.0,163,470.7239263803681,490.0,145,35,145,11,3,1.615941096088879,2.2236397102271397
Bravo,Germany,Antipiretics,2017-03-01,8430347.0,19960.0,179,464.2122905027933,487.0,146,35,146,11,3,1.6573765235009776,2.181036885733886
Bravo,Germany,Antipiretics,2017-04-01,3133896.0,7051.0,113,467.3185840707965,487.0,96,35,96,12,3,1.7924559669790456,2.096725234496122
Bravo,Germany,Antipiretics,2017-05-01,19644684.0,38407.0,190,492.7894736842105,487.0,158,35,158,13,3,1.4749833345566041,2.1902021270704304
Bravo,Germany,Antipiretics,2017-06-01,7739010.0,15648.0,164,444.5365853658537,487.0,140,35,140,12,3,1.5387057457677173,1.82861111878768
Bravo,Germany,Antipiretics,2017-07-01,12183821.30669,24751.5512759,197,458.8730964467005,487.0,167,35,167,12,3,1.5910669185319841,1.9575603699250157
Bravo,Germany,Antipiretics,2017-08-01,8190253.0,22751.0,157,471.14649681528664,490.0,138,34,138,11,3,1.6393255641204492,2.0897432885715115
Bravo,Germany,Antipiretics,2017-09-01,8077267.0,15775.0,142,465.1478873239437,470.0,126,35,126,9,3,1.7115259700539793,1.9632687267801858
Bravo,Germany,Antipiretics,2017-10-01,11188262.0,23628.0,170,455.13529411764705,487.0,136,35,136,11,3,1.6855781514865704,2.2082100467216415
Bravo,Germany,Antipiretics,2017-11-01,8702590.0,16584.0,192,475.75,487.0,161,35,161,10,3,1.630291926826082,2.0293593289364305
Bravo,Germany,Antipiretics,2017-12-01,7293641.0,14622.0,121,430.06611570247935,470.0,116,35,116,9,3,1.4933805878968576,2.1312689314428646
Bravo,Germany,Antipiretics,2018-01-01,12674862.0,27514.0,129,452.0,487.0,117,34,117,8,3,1.570998328439296,2.0842760819650317
Bravo,Germany,Antipiretics,2018-02-01,11903038.0,24691.0,162,479.4259259259259,490.0,143,35,143,8,3,1.669672880054379,2.1398308859573216
Bravo,Germany,Antipiretics,2018-03-01,9977337.0,20823.0,160,452.40625,461.5,140,35,140,11,3,1.5866067085952436,1.9481629649718857
Bravo,Germany,Antipiretics,2018-04-01,3890474.0,9253.0,160,463.28125,487.0,143,35,143,7,3,1.5776548479328354,2.1932559171534307
Bravo,Germany,Antipiretics,2018-05-01,8669926.0,20528.0,160,466.81875,488.5,137,35,137,8,3,1.5454413301402494,2.2164143855908547
Bravo,Germany,Antipiretics,2018-06-01,8554857.0,18907.0,157,480.5668789808917,487.0,136,33,136,9,3,1.5711684221717483,2.0870022019886965
Bravo,Germany,Antipiretics,2018-07-01,6474463.0,13021.0,144,463.0,487.0,127,34,127,7,3,1.6432473488558135,1.9995364110526683
Bravo,Germany,Antipiretics,2018-08-01,6059546.0,17525.0,137,474.97080291970804,487.0,118,35,118,8,3,1.6775072735875185,2.0299919459874554
Bravo,Germany,Antipiretics,2018-09-01,5816678.0,10277.0,121,460.4793388429752,490.0,108,34,108,9,3,1.5430596730117758,1.9572452549606847
Bravo,Germany,Antipiretics,2018-10-01,13260977.0,28525.0,196,463.8265306122449,487.0,166,35,166,9,3,1.6090251489631275,2.0437238668175897
Bravo,Germany,Antipiretics,2018-11-01,11615100.0,28408.0,155,429.81290322580645,421.0,134,35,134,7,3,1.555853823234281,2.0514333662186526
Bravo,Germany,Antipiretics,2018-12-01,5055620.0,9288.0,115,501.4086956521739,492.0,105,34,105,7,3,1.5487557112798538,1.9552918185172874
Bravo,Germany,Antipiretics,2019-01-01,2772725.0,5453.0,120,501.1333333333333,533.0,106,34,106,3,3,1.747913132756653,1.8973073316532298
Bravo,Germany,Antipiretics,2019-02-01,5580307.0,12629.0,141,467.5390070921986,470.0,126,35,126,4,3,1.6760230340211324,2.016857156918751
Bravo,Germany,Antipiretics,2019-03-01,12890389.0,30597.0,205,455.8243902439024,470.0,164,35,163,5,3,1.6439056081694652,2.1081434788607094
Bravo,Germany,Antipiretics,2019-04-01,8198268.0,17691.0,118,451.9237288135593,487.0,108,33,108,3,3,1.587639912091219,1.92042758205348
Bravo,Germany,Antiseptics,2017-01-01,5340251.0,11672.0,177,406.02259887005647,375.0,148,48,148,12,3,1.5866905439880925,1.9386442082415645
Bravo,Germany,Antiseptics,2017-02-01,5432936.0,17932.0,226,406.11504424778764,375.0,186,47,186,12,3,1.665412944687575,1.8796853855963203
Bravo,Germany,Antiseptics,2017-03-01,8073372.0,18184.0,233,425.74678111587986,416.0,193,47,193,12,3,1.5252414374519045,2.0351340433474507
Bravo,Germany,Antiseptics,2017-04-01,15851932.0,33511.0,195,428.63589743589745,469.0,163,48,163,13,3,1.5513461458210567,2.062000075854048
Bravo,Germany,Antiseptics,2017-05-01,11705984.0,32745.0,215,403.2604651162791,390.0,177,49,177,12,3,1.5611264042973279,2.198157068594537
Bravo,Germany,Antiseptics,2017-06-01,10578254.0,25585.0,201,388.66169154228857,375.0,168,49,168,13,3,1.534388339918909,1.950141056850103
Bravo,Germany,Antiseptics,2017-07-01,18598517.0,38866.0,266,396.4812030075188,373.0,212,49,210,13,3,1.618477427842891,2.034606995005803
Bravo,Germany,Antiseptics,2017-08-01,10984051.0,22939.0,239,405.97489539748955,416.0,191,49,191,10,3,1.4921915306547382,2.2197667802438383
Bravo,Germany,Antiseptics,2017-09-01,12819895.0,38725.0,232,395.03879310344826,375.0,184,48,184,13,3,1.5186826057709368,2.0037263321410785
Bravo,Germany,Antiseptics,2017-10-01,7244000.0,17476.0,211,407.85781990521326,375.0,173,48,173,11,3,1.7556068546585617,2.028471102525072
Bravo,Germany,Antiseptics,2017-11-01,12853641.0,28697.0,263,426.0114068441065,445.0,206,49,206,12,3,1.6291794241479687,2.0521217687374076
Bravo,Germany,Antiseptics,2017-12-01,6359887.0,21449.0,188,388.76063829787233,375.0,160,48,160,12,3,1.5230038044601169,2.049701617214498
Bravo,Germany,Antiseptics,2018-01-01,5714114.0,16538.0,178,366.9719101123595,347.0,145,47,145,9,3,1.558432387533093,2.0165271717430975
Bravo,Germany,Antiseptics,2018-02-01,13790757.0,26430.0,194,417.4226804123711,416.0,169,48,168,7,3,1.6480428432240868,2.0446621928376243
Bravo,Germany,Antiseptics,2018-03-01,13324288.0,28440.0,206,408.9757281553398,375.0,174,48,174,11,3,1.5541924771237008,2.0375073123114698
Bravo,Germany,Antiseptics,2018-04-01,10009482.0,26068.0,208,420.2067307692308,375.0,182,49,182,9,3,1.486306126990315,1.9394687680785305
Bravo,Germany,Antiseptics,2018-05-01,5132243.0,12273.0,244,408.55737704918033,390.0,201,49,201,9,3,1.6533408330010617,1.999024643411322
Bravo,Germany,Antiseptics,2018-06-01,9716669.0,24667.0,240,400.9583333333333,375.0,195,49,195,11,3,1.618802727364498,2.035971224439107
Bravo,Germany,Antiseptics,2018-07-01,19067864.0,46085.0,236,402.78389830508473,375.0,203,49,202,7,3,1.5996369982966483,1.886515112714543
Bravo,Germany,Antiseptics,2018-08-01,12943327.0,35863.0,183,387.6338797814208,375.0,148,46,148,8,3,1.6166003390060837,1.9585055426005116
Bravo,Germany,Antiseptics,2018-09-01,7132628.0,16760.0,195,413.9794871794872,390.0,160,48,160,11,3,1.6604156873279738,2.1147913728931598
Bravo,Germany,Antiseptics,2018-10-01,10152648.0,25956.0,280,403.22857142857146,382.5,218,49,218,7,3,1.66541087669101,1.8548744034029327
Bravo,Germany,Antiseptics,2018-11-01,6628658.0,14223.0,214,388.6588785046729,360.0,181,49,181,8,3,1.6020924023567087,2.0655380702345894
Bravo,Germany,Antiseptics,2018-12-01,6913732.0,17946.0,168,453.8452380952381,469.0,145,48,145,10,3,1.5583172805937413,2.1406508019909865
Bravo,Germany,Antiseptics,2019-01-01,6681869.0,12640.0,174,460.44827586206895,469.0,144,47,144,3,3,1.6335341486029142,2.0537524544036874
Bravo,Germany,Antiseptics,2019-02-01,8505955.0,17149.0,198,431.42424242424244,445.0,157,47,157,7,3,1.5574981993701063,2.027105109094159
Bravo,Germany,Antiseptics,2019-03-01,14920039.0,42498.0,247,412.7894736842105,375.0,205,48,205,4,3,1.7227109458354184,1.9355099275009995
Bravo,Germany,Antiseptics,2019-04-01,7256550.0,19078.0,170,429.34705882352944,445.0,145,48,145,4,3,1.6516021509519907,2.1069997731430967
Bravo,Germany,Mood Stabilizers,2017-01-01,5535294.0,11446.0,173,406.57225433526014,368.0,140,43,140,12,3,1.5972494893829792,2.182623313852254
Bravo,Germany,Mood Stabilizers,2017-02-01,8573267.0,29424.0,159,408.1069182389937,404.0,134,43,134,13,3,1.6299938345466145,2.0694827205252286
Bravo,Germany,Mood Stabilizers,2017-03-01,8675884.0,23628.0,200,409.625,452.0,168,44,168,12,3,1.6140009924747711,2.130961584500488
Bravo,Germany,Mood Stabilizers,2017-04-01,10800380.0,27800.0,172,377.41279069767444,364.5,151,44,151,12,3,1.5831469495980113,1.9447002561033235
Bravo,Germany,Mood Stabilizers,2017-05-01,11240145.0,28306.0,214,399.4392523364486,391.0,173,43,173,12,3,1.7806332467184958,1.9917986177225577
Bravo,Germany,Mood Stabilizers,2017-06-01,14079327.0,31863.0,213,377.83098591549293,334.0,179,43,178,12,3,1.659982618817272,2.079453095817041
Bravo,Germany,Mood Stabilizers,2017-07-01,15239681.0,34772.0,218,421.0550458715596,404.0,183,44,183,14,3,1.6076332844957892,1.9251490816310526
Bravo,Germany,Mood Stabilizers,2017-08-01,10333168.0,24269.0,227,396.4185022026432,404.0,193,44,193,10,3,1.6614926758826296,1.935543823501456
Bravo,Germany,Mood Stabilizers,2017-09-01,9547562.0,19552.0,200,398.825,391.0,167,44,166,11,3,1.614353924815306,1.9335828848713303
Bravo,Germany,Mood Stabilizers,2017-10-01,8293625.0,20965.0,195,425.9794871794872,488.0,162,44,161,10,3,1.4617219549646556,2.025884088498319
Bravo,Germany,Mood Stabilizers,2017-11-01,8269697.0,18086.0,232,408.2068965517241,452.0,183,42,183,12,3,1.6273895780729748,2.07828005374495
Bravo,Germany,Mood Stabilizers,2017-12-01,4732167.0,12742.0,159,390.3207547169811,368.0,137,42,137,11,3,1.500236838637359,2.166690182140337
Bravo,Germany,Mood Stabilizers,2018-01-01,9931846.0,22738.0,176,429.3068181818182,488.0,145,42,145,9,3,1.5799201219582295,1.9681379033297883
Bravo,Germany,Mood Stabilizers,2018-02-01,8749043.0,22980.0,216,409.25925925925924,404.0,177,43,177,7,3,1.5737977927107047,2.1106503833887342
Bravo,Germany,Mood Stabilizers,2018-03-01,22838163.0,35561.0,196,414.3826530612245,404.0,169,44,169,8,3,1.551862911638071,2.0942122153359657
Bravo,Germany,Mood Stabilizers,2018-04-01,6704538.0,16614.0,188,434.6010638297872,466.5,160,43,159,7,3,1.665923824323327,2.1337411825307595
Bravo,Germany,Mood Stabilizers,2018-05-01,11467286.0,25767.0,200,386.315,368.0,163,44,162,6,3,1.5848137057482141,1.994122917826469
Bravo,Germany,Mood Stabilizers,2018-06-01,8751604.0,26037.0,216,404.48148148148147,397.5,175,44,174,10,3,1.6378505385700581,2.1342221160593353
Bravo,Germany,Mood Stabilizers,2018-07-01,9899616.0,24122.0,198,397.3686868686869,391.0,166,44,166,9,3,1.6372644899727955,1.9916325094215372
Bravo,Germany,Mood Stabilizers,2018-08-01,28194691.0,56496.0,167,381.2455089820359,368.0,147,41,147,9,3,1.6232919342556196,1.9391826512186863
Bravo,Germany,Mood Stabilizers,2018-09-01,8309411.0,19445.0,160,430.45625,481.0,133,43,133,8,3,1.5366399396980281,2.1170065284372996
Bravo,Germany,Mood Stabilizers,2018-10-01,10266582.0,27417.0,246,397.6138211382114,404.0,202,44,201,9,3,1.5631813479299763,2.0651712724360833
Bravo,Germany,Mood Stabilizers,2018-11-01,11675515.0,25781.0,169,411.64497041420117,391.0,147,41,145,8,3,1.5602188342390595,2.0610996605928666
Bravo,Germany,Mood Stabilizers,2018-12-01,5945558.0,15116.0,137,384.11678832116786,361.0,125,41,125,10,3,1.6053963002988736,2.036016478363174
Bravo,Germany,Mood Stabilizers,2019-01-01,4356572.0,12769.0,162,410.7283950617284,404.0,145,42,145,4,3,1.6561208530095326,2.0689420917706105
Bravo,Germany,Mood Stabilizers,2019-02-01,8612832.0,20791.0,190,417.81052631578945,404.0,162,41,162,7,3,1.522185498167985,1.9969921970218871
Bravo,Germany,Mood Stabilizers,2019-03-01,12397879.0,50600.0,195,391.0051282051282,404.0,160,43,160,4,3,1.598474342330385,2.237365699933924
Bravo,Germany,Mood Stabilizers,2019-04-01,6317974.0,17377.0,153,378.6078431372549,368.0,134,43,134,4,3,1.6341456734094864,1.9762780240588753
Bravo,Poland,Analgesics,2018-01-01,1511232.0,3814.0,164,449.4146341463415,460.0,114,41,114,8,3,1.4935975418680558,2.3757685708537504
Bravo,Poland,Analgesics,2018-02-01,2156844.0,4805.0,162,408.462962962963,424.5,114,39,114,8,3,1.4225379044605237,2.3166916123542514
Bravo,Poland,Analgesics,2018-03-01,2443214.0,5284.0,169,416.8934911242604,445.0,116,41,116,8,3,1.3963880356926932,2.2832759558660656
Bravo,Poland,Analgesics,2018-04-01,856059.0,1870.0,96,429.8854166666667,460.0,74,37,74,7,3,1.3283948243069992,2.5200240790200805
Bravo,Poland,Analgesics,2018-05-01,1658829.0,3802.0,108,457.2962962962963,459.0,80,39,80,8,3,1.406035450014313,2.461548226394211
Bravo,Poland,Analgesics,2018-06-01,2739474.0,4964.0,112,460.60714285714283,460.0,82,40,82,8,3,1.4524507377657467,2.2204330451032193
Bravo,Poland,Analgesics,2018-07-01,1597194.0,3291.0,137,461.2700729927007,460.0,97,42,97,8,3,1.312778558099678,2.361562008460864
Bravo,Poland,Analgesics,2018-08-01,2147033.0,5523.0,146,425.6506849315069,424.5,103,42,103,6,3,1.4377753219393816,2.192856954649797
Bravo,Poland,Analgesics,2018-09-01,1055347.0,2509.0,108,432.3796296296296,458.0,76,38,76,7,3,1.4358220190878734,2.2631078193701137
Bravo,Poland,Analgesics,2018-10-01,4479089.0,9568.0,173,450.8670520231214,529.0,114,42,114,7,3,1.3728679330925975,2.445561784306487
Bravo,Poland,Analgesics,2018-11-01,3444026.0,7112.0,164,425.6951219512195,435.0,115,42,115,7,3,1.4901035563148612,2.2769249273892056
Bravo,Poland,Analgesics,2018-12-01,2079251.0,6094.0,160,415.49375,445.0,115,41,115,7,3,1.384093379930535,2.254726997889586
Bravo,Poland,Antibiotics,2018-01-01,1296295.0,3192.0,109,436.8532110091743,450.0,79,33,79,8,3,1.5031427731850093,2.31522993951619
Bravo,Poland,Antibiotics,2018-02-01,2125568.0,5335.0,105,392.0,424.0,87,34,87,8,3,1.4526250367383098,2.1581802610570127
Bravo,Poland,Antibiotics,2018-03-01,753925.0,2200.0,104,436.00961538461536,449.0,78,34,78,8,3,1.3305205370843585,2.308953817392293
Bravo,Poland,Antibiotics,2018-04-01,541821.0,1293.0,84,420.54761904761904,448.0,74,34,74,7,3,1.4380227266122387,2.4055239499408936
Bravo,Poland,Antibiotics,2018-05-01,1439908.0,2974.0,103,417.68932038834953,450.0,75,33,75,8,3,1.4785048169951251,2.3303183734533555
Bravo,Poland,Antibiotics,2018-06-01,1911438.0,6069.0,106,398.5660377358491,439.0,83,33,83,8,3,1.3041326511019742,2.415232652888086
Bravo,Poland,Antibiotics,2018-07-01,1697178.0,3469.0,110,455.45454545454544,458.0,87,31,87,8,3,1.4749743889972005,2.519777117877158
Bravo,Poland,Antibiotics,2018-08-01,1641115.0,4647.0,131,405.40458015267177,430.0,103,35,103,7,3,1.5623739005295079,2.2248273581913947
Bravo,Poland,Antibiotics,2018-09-01,2463763.0,4925.0,106,413.6698113207547,448.0,85,35,85,6,3,1.4710095257222155,2.4679185652819737
Bravo,Poland,Antibiotics,2018-10-01,2487477.0,4948.0,125,448.424,452.0,91,34,91,6,3,1.3833973590045072,2.3291938124798026
Bravo,Poland,Antibiotics,2018-11-01,1325662.0,4248.0,121,399.55371900826447,424.0,97,33,97,7,3,1.4442204413672737,2.2934403058646935
Bravo,Poland,Antibiotics,2018-12-01,1295364.0,3010.0,132,398.219696969697,424.0,96,34,96,7,3,1.4810494128505602,2.2110800522791445
Bravo,Poland,Antimalarial,2018-01-01,1901898.0,6761.0,124,354.9596774193548,405.0,95,34,95,8,3,1.4725221291144333,2.222833043934928
Bravo,Poland,Antimalarial,2018-02-01,2705387.0,7728.0,115,354.2,408.0,88,34,88,8,3,1.4967574142524742,2.341638071158197
Bravo,Poland,Antimalarial,2018-03-01,1223869.0,4755.0,124,360.28225806451616,402.0,95,35,95,9,3,1.4148576705799605,2.252357673223789
Bravo,Poland,Antimalarial,2018-04-01,921416.0,2607.0,84,339.3809523809524,402.0,65,30,65,8,3,1.4870042155819982,2.35188413350531
Bravo,Poland,Antimalarial,2018-05-01,1586863.0,3752.0,113,347.6814159292035,402.0,85,34,85,8,3,1.3567757868901098,2.5124065782585676
Bravo,Poland,Antimalarial,2018-06-01,1772459.0,4514.0,91,308.6923076923077,206.0,73,33,73,8,3,1.4426547707737087,2.3123693364773787
Bravo,Poland,Antimalarial,2018-07-01,799486.0,2862.0,104,318.5673076923077,248.0,80,34,80,7,3,1.4578275510151673,2.2327740442775803
Bravo,Poland,Antimalarial,2018-08-01,1255646.0,3763.0,120,327.4,402.0,98,34,98,7,3,1.3873337649790631,2.300189552496003
Bravo,Poland,Antimalarial,2018-09-01,2554313.0,7552.0,85,322.3529411764706,262.0,67,33,67,6,3,1.4656153397304563,2.340622310747427
Bravo,Poland,Antimalarial,2018-10-01,2795569.0,7236.0,136,356.65441176470586,405.0,100,34,100,7,3,1.4377106273863574,2.1784641394172914
Bravo,Poland,Antimalarial,2018-11-01,1813185.0,5654.0,134,357.15671641791045,402.0,100,35,100,7,3,1.2288341950009876,2.3680860007535602
Bravo,Poland,Antimalarial,2018-12-01,1300458.0,3244.0,119,313.3529411764706,206.0,91,34,91,6,3,1.3928976070966512,2.4035218308874344
Bravo,Poland,Antipiretics,2018-01-01,1584817.0,3070.0,99,473.27272727272725,492.0,75,33,75,7,3,1.3893369536402453,2.189465754031963
Bravo,Poland,Antipiretics,2018-02-01,2507795.0,4598.0,121,477.57851239669424,490.0,91,34,91,8,3,1.424708891891115,2.1988240273457045
Bravo,Poland,Antipiretics,2018-03-01,2231041.0,4567.0,102,494.01960784313724,533.0,84,35,84,7,3,1.4169288980786057,2.528328577232706
Bravo,Poland,Antipiretics,2018-04-01,1577355.0,3158.0,95,482.57894736842104,490.0,71,33,71,8,3,1.3814789428672676,2.4488887727326705
Bravo,Poland,Antipiretics,2018-05-01,2742293.0,5542.0,102,480.22549019607845,487.0,78,33,78,6,3,1.4346299542143348,2.3269518274206877
Bravo,Poland,Antipiretics,2018-06-01,2438112.0,4641.0,95,457.7157894736842,487.0,75,33,75,7,3,1.4434266105673885,2.2371234283336054
Bravo,Poland,Antipiretics,2018-07-01,1954669.0,3859.0,104,440.13461538461536,470.0,79,32,79,8,3,1.2788334021255794,2.3895374619458405
Bravo,Poland,Antipiretics,2018-08-01,1498946.0,3332.0,125,459.208,487.0,96,33,96,7,3,1.4660670519753656,2.4608381639207875
Bravo,Poland,Antipiretics,2018-09-01,3146469.0,6636.0,96,435.2083333333333,453.0,74,34,74,6,3,1.465576546534943,2.3591504030415384
Bravo,Poland,Antipiretics,2018-10-01,2581763.0,4680.0,124,502.8790322580645,512.5,92,34,92,7,3,1.348058720282635,2.2780326949445144
Bravo,Poland,Antipiretics,2018-11-01,1694910.0,3714.0,113,456.4513274336283,487.0,88,34,88,7,3,1.438309140316465,2.0757685357403552
Bravo,Poland,Antipiretics,2018-12-01,2823976.0,5780.0,109,466.3669724770642,487.0,87,35,87,7,3,1.4315667568015853,2.3284781893445943
Bravo,Poland,Antiseptics,2018-01-01,1703066.0,4656.0,187,378.80748663101605,347.0,121,49,121,8,3,1.4176560843900714,2.347897106684067
Bravo,Poland,Antiseptics,2018-02-01,2249311.0,5709.0,164,399.4451219512195,373.0,111,46,111,8,3,1.4113192682474547,2.2019429137295057
Bravo,Poland,Antiseptics,2018-03-01,3500475.0,9387.0,183,408.69398907103823,373.0,122,46,122,8,3,1.5054195905772019,2.452600275014292
Bravo,Poland,Antiseptics,2018-04-01,1325884.8,5827.2,124,370.31451612903226,374.0,89,46,89,8,3,1.4532139805233202,2.4568332541849465
Bravo,Poland,Antiseptics,2018-05-01,3735864.0,10113.0,137,404.6861313868613,390.0,94,44,94,8,3,1.555390710088091,2.170289121604212
Bravo,Poland,Antiseptics,2018-06-01,2358536.0,6408.0,145,375.60689655172416,347.0,102,47,102,8,3,1.342848394421141,2.3671378234789864
Bravo,Poland,Antiseptics,2018-07-01,2287494.0,6922.0,145,428.9862068965517,416.0,107,46,107,8,3,1.3807720920128044,2.222080515750922
Bravo,Poland,Antiseptics,2018-08-01,2762890.0,6199.0,186,412.18279569892474,382.5,122,48,122,7,3,1.4212820584012447,2.407429146761204
Bravo,Poland,Antiseptics,2018-09-01,4124284.0,11225.0,154,384.3766233766234,373.0,110,47,110,7,3,1.4067170008500063,2.4614288922000713
Bravo,Poland,Antiseptics,2018-10-01,3536552.0,7637.0,178,408.5112359550562,390.0,118,49,118,7,3,1.4645716715337493,2.256642649033669
Bravo,Poland,Antiseptics,2018-11-01,3003018.0,7690.0,183,377.0983606557377,373.0,123,48,123,8,3,1.4806821438194084,2.2918177278097733
Bravo,Poland,Antiseptics,2018-12-01,1636302.0,3791.0,159,400.17610062893084,375.0,113,46,113,6,3,1.4912576692256108,2.456203777301493
Bravo,Poland,Mood Stabilizers,2018-01-01,1602535.0,3632.0,145,430.00689655172414,481.0,107,41,107,8,3,1.4989906141917193,2.2088347816111065
Bravo,Poland,Mood Stabilizers,2018-02-01,2741445.0,7244.0,143,373.0979020979021,361.0,106,41,106,8,3,1.4821645670074926,2.269024505466602
Bravo,Poland,Mood Stabilizers,2018-03-01,3643182.0,7712.0,187,409.6524064171123,452.0,124,44,124,8,3,1.4327755163204474,2.2800898652547708
Bravo,Poland,Mood Stabilizers,2018-04-01,2844590.0,6911.0,106,410.5,481.0,83,36,83,8,3,1.430180622395525,2.1100322518163797
Bravo,Poland,Mood Stabilizers,2018-05-01,2602531.0,5750.0,125,390.224,404.0,97,40,97,8,3,1.4611183919781374,2.0995365770594048
Bravo,Poland,Mood Stabilizers,2018-06-01,2514551.0,4983.0,131,415.82442748091603,481.0,101,40,101,7,3,1.509960451533595,2.2648046600044096
Bravo,Poland,Mood Stabilizers,2018-07-01,2729943.0,5580.0,131,362.80916030534354,311.0,92,39,92,7,3,1.542376169234784,2.2561558112149878
Bravo,Poland,Mood Stabilizers,2018-08-01,4639609.0,9116.0,155,423.8451612903226,481.0,102,44,102,6,3,1.3639718855376295,2.4053516604895893
Bravo,Poland,Mood Stabilizers,2018-09-01,1450805.0,4258.0,137,373.11678832116786,361.0,99,44,99,7,3,1.4647681603263343,2.223984965216689
Bravo,Poland,Mood Stabilizers,2018-10-01,2991698.0,6569.0,186,432.98924731182797,481.0,117,43,117,6,3,1.4528193394499944,2.4088937892572435
Bravo,Poland,Mood Stabilizers,2018-11-01,1885589.0,3878.0,131,391.6564885496183,452.0,96,42,96,8,3,1.5050141056531379,2.39406002189496
Bravo,Poland,Mood Stabilizers,2018-12-01,2285962.0,6554.0,149,410.2684563758389,391.0,108,43,108,7,3,1.4410528469116122,2.1617342353928333
Charlie,Germany,Analgesics,2017-01-01,5451129.0,14046.0,183,405.04918032786884,445.0,164,41,164,12,3,1.5939416723375266,2.099582829558077
Charlie,Germany,Analgesics,2017-02-01,4410743.0,13131.0,186,410.4032258064516,435.0,156,41,156,10,3,1.6506561488547846,2.154867080176641
Charlie,Germany,Analgesics,2017-03-01,13357326.0,36380.0,184,412.2445652173913,435.0,147,41,147,13,3,1.6288350573742356,2.0022642248164324
Charlie,Germany,Analgesics,2017-04-01,5539509.0,15817.0,161,445.8447204968944,460.0,136,42,136,13,3,1.6054966172576082,1.9742712366342285
Charlie,Germany,Analgesics,2017-05-01,5173863.0,12377.0,202,412.8960396039604,435.0,169,42,169,12,3,1.6151434522681283,1.8955579010185202
Charlie,Germany,Analgesics,2017-06-01,14396956.0,30954.0,231,442.6017316017316,460.0,185,42,185,12,3,1.4991335777998411,2.0791044140757813
Charlie,Germany,Analgesics,2017-07-01,10995588.0,31568.0,243,432.34567901234567,458.0,202,42,202,13,3,1.6270267599361146,2.0282814483276823
Charlie,Germany,Analgesics,2017-08-01,7814396.0,18039.0,205,441.52682926829266,460.0,164,42,164,11,3,1.4971905919028963,1.9096847055655466
Charlie,Germany,Analgesics,2017-09-01,8142410.0,19841.0,189,441.56613756613757,458.0,161,42,161,12,3,1.6683147316733007,1.8908911028049422
Charlie,Germany,Analgesics,2017-10-01,6983873.0,16066.0,185,425.9189189189189,458.0,159,42,158,12,3,1.46846555608951,2.0283276945603648
Charlie,Germany,Analgesics,2017-11-01,7316793.0,24135.0,226,425.9159292035398,459.0,188,42,188,12,3,1.6523284992165768,2.102919510013093
Charlie,Germany,Analgesics,2017-12-01,9471804.0,21169.0,141,441.29787234042556,529.0,129,40,129,10,3,1.5564728802642132,2.2457243661936572
Charlie,Germany,Analgesics,2018-01-01,6988713.0,13528.0,164,436.4329268292683,451.5,144,42,144,8,3,1.6025896496425425,1.9584008771652397
Charlie,Germany,Analgesics,2018-02-01,5357098.0,13241.0,166,421.37951807228916,435.0,142,42,142,8,3,1.627943886361573,1.869542349505943
Charlie,Germany,Analgesics,2018-03-01,9860784.0,23865.0,196,440.0357142857143,458.0,167,42,167,11,3,1.5830774162261623,2.0297942841343546
Charlie,Germany,Analgesics,2018-04-01,5354778.0,15263.0,149,432.61744966442956,458.0,127,42,127,9,3,1.6130928072912287,2.202226698642915
Charlie,Germany,Analgesics,2018-05-01,5155040.0,12601.0,159,428.42767295597486,445.0,145,40,145,7,3,1.6488002725117044,1.987561431867056
Charlie,Germany,Analgesics,2018-06-01,23332622.0,44530.0,215,446.846511627907,458.0,182,42,182,12,3,1.543084804122776,2.084186543423149
Charlie,Germany,Analgesics,2018-07-01,8431339.0,20874.0,203,421.0049261083744,435.0,173,42,173,9,3,1.6010170411370757,2.1202506451885985
Charlie,Germany,Analgesics,2018-08-01,8463631.0,19716.0,167,441.0179640718563,458.0,146,41,146,8,3,1.6072410591744997,2.1297245087941175
Charlie,Germany,Analgesics,2018-09-01,6550042.0,15411.0,182,402.97802197802196,386.0,151,42,151,12,3,1.652158916376312,1.9599826767237494
Charlie,Germany,Analgesics,2018-10-01,12991304.0,28145.0,231,436.6666666666667,458.0,190,41,190,9,3,1.5988016981813782,1.9854757235027731
Charlie,Germany,Analgesics,2018-11-01,12881456.0,30534.0,226,417.7920353982301,445.0,183,42,183,7,3,1.5878050124473724,2.109233448129756
Charlie,Germany,Analgesics,2018-12-01,11528680.0,29115.0,123,434.5365853658537,445.0,111,40,111,9,3,1.7240906664751845,2.0098744668846726
Charlie,Germany,Analgesics,2019-01-01,2618971.0,4765.0,135,431.8666666666667,458.0,121,39,121,3,3,1.6695404458640404,1.952624326070931
Charlie,Germany,Analgesics,2019-02-01,4534736.0,11015.0,184,447.5978260869565,460.0,157,41,157,8,3,1.5755134934639992,1.9638983078698544
Charlie,Germany,Analgesics,2019-03-01,9223961.0,25234.0,236,437.52542372881356,459.0,195,42,194,5,3,1.573871021403274,2.1200223925926167
Charlie,Germany,Analgesics,2019-04-01,34757865.0,67532.0,141,431.6737588652482,445.0,126,42,126,4,3,1.7573878138064736,1.7959642296909148
Charlie,Germany,Antibiotics,2017-01-01,7008113.0,15579.0,139,411.3021582733813,448.0,127,34,127,11,3,1.5658688252096762,1.9532881633943806
Charlie,Germany,Antibiotics,2017-02-01,4775321.0,13161.0,141,398.0851063829787,424.0,124,34,124,10,3,1.5854564405193212,1.9712682733326332
Charlie,Germany,Antibiotics,2017-03-01,4853163.0,15835.0,167,382.58682634730536,424.0,142,35,142,11,3,1.6460901550956533,2.0123124775062124
Charlie,Germany,Antibiotics,2017-04-01,4976352.0,12551.0,131,404.22137404580155,430.0,116,34,116,10,3,1.5778645521618375,2.003303200495542
Charlie,Germany,Antibiotics,2017-05-01,9175019.0,23204.0,164,376.6036585365854,401.0,142,35,142,12,3,1.628229726270964,2.1566144536486744
Charlie,Germany,Antibiotics,2017-06-01,7580617.0,25929.0,169,441.9230769230769,450.0,144,35,144,13,3,1.7129608729302757,2.105883450061189
Charlie,Germany,Antibiotics,2017-07-01,6285872.0,12641.0,159,466.49056603773585,452.0,146,33,146,11,3,1.636409653327097,1.9906791079226431
Charlie,Germany,Antibiotics,2017-08-01,5736108.0,14799.0,160,438.33125,450.0,142,35,142,11,3,1.5389894531790869,2.0692413285621845
Charlie,Germany,Antibiotics,2017-09-01,6607885.0,26855.0,167,404.5748502994012,424.0,145,35,145,13,3,1.5654542532830504,2.0422009459752366
Charlie,Germany,Antibiotics,2017-10-01,4776432.0,12704.0,163,408.14723926380367,430.0,140,35,140,11,3,1.6906823189250282,2.2140452698644206
Charlie,Germany,Antibiotics,2017-11-01,5167022.0,11794.0,160,405.2125,427.0,139,35,139,11,3,1.5838770838827902,1.9012383053696957
Charlie,Germany,Antibiotics,2017-12-01,4787901.0,12194.0,127,400.93700787401576,424.0,110,34,110,8,3,1.571559395724344,2.1332428978165767
Charlie,Germany,Antibiotics,2018-01-01,4566737.0,11862.0,143,407.35664335664336,448.0,127,35,127,8,3,1.552480391525482,2.1588369734702666
Charlie,Germany,Antibiotics,2018-02-01,9595410.0,22838.0,154,393.6818181818182,430.0,136,35,136,8,3,1.6212599952793196,2.0238861245827082
Charlie,Germany,Antibiotics,2018-03-01,8121706.0,23860.0,161,426.18633540372673,450.0,132,35,132,9,3,1.517320311787235,2.090112265802021
Charlie,Germany,Antibiotics,2018-04-01,13754998.0,30043.0,153,437.1830065359477,430.0,137,34,137,8,3,1.692422361714627,2.0733425239199303
Charlie,Germany,Antibiotics,2018-05-01,5309700.0,21245.0,145,420.26206896551724,450.0,135,35,135,9,3,1.6919722098566536,2.0220715336589152
Charlie,Germany,Antibiotics,2018-06-01,5923288.0,14252.0,156,445.02564102564105,448.0,136,35,136,9,3,1.5894230041960438,1.9838485017237488
Charlie,Germany,Antibiotics,2018-07-01,11642989.0,26496.0,182,442.9835164835165,452.0,156,34,156,7,3,1.605672172470532,2.089391517172708
Charlie,Germany,Antibiotics,2018-08-01,3935770.0,9230.0,124,413.36290322580646,450.0,107,35,107,7,3,1.5401343490318575,2.2550648727280054
Charlie,Germany,Antibiotics,2018-09-01,7376653.0,16347.0,135,454.36296296296297,458.0,119,35,119,11,3,1.698719424081667,1.9845208294184766
Charlie,Germany,Antibiotics,2018-10-01,11708320.0,24997.0,198,434.19191919191917,452.0,166,35,165,9,3,1.5933079227876596,2.0215482068361434
Charlie,Germany,Antibiotics,2018-11-01,3617453.0,9334.0,146,396.63698630136986,427.0,131,34,130,6,3,1.5862599456617053,1.9010892018957126
Charlie,Germany,Antibiotics,2018-12-01,6114688.0,9937.0,98,426.4591836734694,458.0,85,33,85,8,3,1.677737008389703,1.930963740817955
Charlie,Germany,Antibiotics,2019-01-01,1449212.0,3828.0,104,403.90384615384613,448.0,100,33,100,3,3,1.5611731174711896,1.990836511039615
Charlie,Germany,Antibiotics,2019-02-01,12739283.0,42705.0,136,445.34558823529414,455.0,122,34,122,7,3,1.6149524506345245,2.068234885995601
Charlie,Germany,Antibiotics,2019-03-01,9880589.0,21181.0,173,413.5895953757225,448.0,148,35,148,5,3,1.5730705902173308,2.141726964366641
Charlie,Germany,Antibiotics,2019-04-01,5636546.0,14131.0,128,398.9609375,430.0,115,35,114,4,3,1.6002300851228195,2.141443333067139
Charlie,Germany,Antimalarial,2017-01-01,5297448.0,15086.0,136,300.47058823529414,206.0,126,34,126,11,3,1.5990200064978168,2.00401395507602
Charlie,Germany,Antimalarial,2017-02-01,5820398.0,19923.0,165,336.0060606060606,402.0,139,35,139,10,3,1.6648699797307662,1.8520708596296824
Charlie,Germany,Antimalarial,2017-03-01,5473799.0,13648.0,133,311.9398496240602,248.0,117,35,117,11,3,1.6224027328916302,2.1452872244447105
Charlie,Germany,Antimalarial,2017-04-01,7696989.0,17413.0,132,377.5530303030303,409.0,118,35,117,10,3,1.6189037904245385,1.9422567622412579
Charlie,Germany,Antimalarial,2017-05-01,2948083.0,11872.0,158,324.4873417721519,319.5,143,35,143,10,3,1.6901043165037952,2.1603268522780783
Charlie,Germany,Antimalarial,2017-06-01,4563460.0,14526.0,171,333.41520467836256,377.0,149,35,149,12,3,1.6619177739991307,2.2084053228897704
Charlie,Germany,Antimalarial,2017-07-01,6289673.0,16935.0,165,322.23636363636365,262.0,143,34,143,13,3,1.5263526040070345,2.053728125188242
Charlie,Germany,Antimalarial,2017-08-01,5081431.0,14183.0,168,359.5892857142857,405.0,152,35,152,11,3,1.6416769794090524,1.9922920703050404
Charlie,Germany,Antimalarial,2017-09-01,3123599.0,10768.0,157,366.61783439490443,402.0,138,34,138,11,3,1.699008065180366,2.0213377902361214
Charlie,Germany,Antimalarial,2017-10-01,7710582.0,20173.0,153,326.640522875817,262.0,128,35,128,11,3,1.4631103645793873,2.234244730784666
Charlie,Germany,Antimalarial,2017-11-01,8220733.0,22062.0,177,325.2090395480226,262.0,161,34,161,11,3,1.6686946901040522,2.1164394226847287
Charlie,Germany,Antimalarial,2017-12-01,3494059.0,11048.0,129,332.1937984496124,377.0,117,35,117,9,3,1.6302961540667618,1.8285466734530258
Charlie,Germany,Antimalarial,2018-01-01,3660827.0,10047.0,117,341.46153846153845,402.0,108,34,108,8,3,1.5156909359385184,2.0800399096454028
Charlie,Germany,Antimalarial,2018-02-01,8433501.0,19905.0,156,300.0769230769231,200.5,142,34,142,8,3,1.517350631698189,1.9687395866840818
Charlie,Germany,Antimalarial,2018-03-01,14048401.0,35499.0,159,313.2327044025157,248.0,133,35,132,11,3,1.6177974010034186,1.9253780408521968
Charlie,Germany,Antimalarial,2018-04-01,9828493.0,22792.0,128,317.5,262.0,118,34,118,6,3,1.5720710142283867,2.1260926617154228
Charlie,Germany,Antimalarial,2018-05-01,18665217.0,31996.0,160,369.9375,408.0,144,35,144,6,3,1.679685065381708,1.9491426638210145
Charlie,Germany,Antimalarial,2018-06-01,16580506.0,40562.0,157,317.5732484076433,262.0,127,35,126,9,3,1.7443003963638817,2.0480109574411345
Charlie,Germany,Antimalarial,2018-07-01,17564963.0,39054.0,167,354.0239520958084,408.0,140,35,139,8,3,1.6189370822356381,1.7493076372856229
Charlie,Germany,Antimalarial,2018-08-01,7150114.0,18638.0,145,336.6551724137931,377.0,130,35,130,7,3,1.6790828155271162,2.017290624780096
Charlie,Germany,Antimalarial,2018-09-01,4979521.0,13829.0,139,302.3021582733813,248.0,116,35,116,10,3,1.5444654515157892,2.0638598983902727
Charlie,Germany,Antimalarial,2018-10-01,7542883.0,20077.0,202,332.96534653465346,402.0,166,34,166,7,3,1.6095231971476973,2.0549114997075213
Charlie,Germany,Antimalarial,2018-11-01,8290194.0,17559.0,152,346.4342105263158,392.5,132,34,132,7,3,1.5790869285382485,2.07011275706815
Charlie,Germany,Antimalarial,2018-12-01,2529307.0,9718.0,113,356.283185840708,402.0,100,32,100,9,3,1.5901158591627833,1.8753893055670359
Charlie,Germany,Antimalarial,2019-01-01,5483738.0,15119.0,129,349.04651162790697,402.0,110,35,109,3,3,1.6691264522591756,1.9921586534838125
Charlie,Germany,Antimalarial,2019-02-01,32591882.0,64183.0,149,324.3691275167785,262.0,130,35,130,8,3,1.462330661024117,2.0759376813951085
Charlie,Germany,Antimalarial,2019-03-01,11756090.0,33084.0,183,368.78142076502735,408.0,158,35,158,4,3,1.6601241390170491,1.89068831816423
Charlie,Germany,Antimalarial,2019-04-01,6172252.0,13019.0,130,367.4,408.0,121,32,121,4,3,1.5596910903047152,2.270248733119385
Charlie,Germany,Antipiretics,2017-01-01,5418788.0,11303.0,135,479.3333333333333,490.0,118,35,118,11,3,1.6172282195009613,2.1512362279217103
Charlie,Germany,Antipiretics,2017-02-01,12653617.0,25581.0,137,461.05109489051097,487.0,121,34,119,11,3,1.6376789364035318,2.018100492202867
Charlie,Germany,Antipiretics,2017-03-01,6545246.0,14550.0,151,473.65562913907286,487.0,135,34,135,11,3,1.7002001067629204,1.9404557642631932
Charlie,Germany,Antipiretics,2017-04-01,3979741.0,9481.0,132,459.4469696969697,487.0,117,35,117,10,3,1.574311346039787,2.062913146793736
Charlie,Germany,Antipiretics,2017-05-01,8052281.0,16147.0,179,453.1564245810056,487.0,154,35,154,12,3,1.447916824848417,2.1721120571645334
Charlie,Germany,Antipiretics,2017-06-01,10627875.0,22479.0,159,466.3836477987421,490.0,130,35,130,11,3,1.6616573442636273,2.127281098203671
Charlie,Germany,Antipiretics,2017-07-01,11885632.0,27743.0,163,486.07975460122697,490.0,142,35,142,12,3,1.5613424334125954,2.1052566424567325
Charlie,Germany,Antipiretics,2017-08-01,5463736.0,12648.0,180,445.25,453.0,155,35,154,10,3,1.5785658492176564,1.9859185645115236
Charlie,Germany,Antipiretics,2017-09-01,7916302.0,18157.0,165,461.06666666666666,487.0,138,35,137,11,3,1.6529053934864844,2.0667444825608854
Charlie,Germany,Antipiretics,2017-10-01,3909697.0,9120.0,134,451.4029850746269,478.5,117,35,117,11,3,1.6874138189349468,2.062521231461644
Charlie,Germany,Antipiretics,2017-11-01,5247658.0,10450.0,175,463.4971428571429,487.0,152,34,151,10,3,1.5912976788642101,2.124750260244529
Charlie,Germany,Antipiretics,2017-12-01,7268195.0,14471.0,147,475.82312925170066,490.0,128,34,128,9,3,1.5918190421048972,2.1565454868491214
Charlie,Germany,Antipiretics,2018-01-01,7216524.0,15295.0,123,464.7154471544715,487.0,112,31,112,8,3,1.7544652983596098,1.9610652467963572
Charlie,Germany,Antipiretics,2018-02-01,10439285.6,23039.4,155,472.52258064516127,492.0,135,34,135,9,3,1.6076062485213471,2.0721204940792517
Charlie,Germany,Antipiretics,2018-03-01,12294377.0,22572.0,181,476.41988950276243,487.0,156,35,156,10,3,1.5899814825035277,2.255725908097354
Charlie,Germany,Antipiretics,2018-04-01,10208021.0,19324.0,131,469.74045801526717,490.0,122,34,122,8,3,1.596132815822772,2.0053395551201345
Charlie,Germany,Antipiretics,2018-05-01,4982983.0,10185.0,164,456.0548780487805,487.0,140,35,140,7,3,1.5707609182418338,2.1204507008355966
Charlie,Germany,Antipiretics,2018-06-01,6875679.0,12594.0,158,476.4493670886076,488.5,140,35,140,10,3,1.614855456621193,2.0397559147242155
Charlie,Germany,Antipiretics,2018-07-01,9599037.0,20937.0,148,431.35135135135135,453.0,133,35,133,7,3,1.624986768022132,1.931750098355577
Charlie,Germany,Antipiretics,2018-08-01,7182044.0,12879.0,135,495.25925925925924,492.0,116,34,116,8,3,1.4741873473188618,2.1863686942459064
Charlie,Germany,Antipiretics,2018-09-01,8552327.0,18495.0,138,467.3550724637681,487.0,123,34,123,10,3,1.6094239647066293,2.009575948994938
Charlie,Germany,Antipiretics,2018-10-01,8922621.0,19832.0,190,475.38421052631577,488.5,164,35,164,8,3,1.5182503738590636,2.1294868709672365
Charlie,Germany,Antipiretics,2018-11-01,7618517.0,16281.0,157,472.8789808917197,492.0,140,34,140,9,3,1.537622781822687,2.245549406480907
Charlie,Germany,Antipiretics,2018-12-01,3873585.0,10827.0,107,494.8130841121495,492.0,99,34,99,8,3,1.6150719911509352,2.2265729704864206
Charlie,Germany,Antipiretics,2019-01-01,2638003.0,5543.0,128,465.3359375,488.5,117,34,117,4,3,1.6380984435513188,2.0402996769981274
Charlie,Germany,Antipiretics,2019-02-01,8722193.0,18027.0,141,459.58156028368796,470.0,123,35,123,6,3,1.6532061333375718,2.0027882924113216
Charlie,Germany,Antipiretics,2019-03-01,7815301.0,18299.0,171,443.8888888888889,453.0,146,35,146,3,3,1.7080799103739008,1.901203418336228
Charlie,Germany,Antipiretics,2019-04-01,3218489.0,9433.0,115,479.8086956521739,490.0,106,35,106,4,3,1.577567882064583,2.107349899349496
Charlie,Germany,Antiseptics,2017-01-01,4096469.0,12228.0,182,398.9175824175824,375.0,165,49,164,12,3,1.494271809086964,2.0246984390160976
Charlie,Germany,Antiseptics,2017-02-01,10838750.0,27133.0,223,405.5515695067265,375.0,179,48,179,12,3,1.6380931204831968,2.0687971705683386
Charlie,Germany,Antiseptics,2017-03-01,6757743.0,16540.0,222,431.22972972972974,445.0,185,49,185,12,3,1.618022552053076,2.056872543549515
Charlie,Germany,Antiseptics,2017-04-01,6828957.0,16166.0,178,426.1292134831461,390.0,152,44,152,13,3,1.516222689406163,2.021146805919482
Charlie,Germany,Antiseptics,2017-05-01,8585814.0,30287.0,233,432.46351931330474,469.0,188,49,188,11,3,1.6982288606567313,2.0597245101632224
Charlie,Germany,Antiseptics,2017-06-01,12413576.0,32384.0,250,403.092,374.0,199,49,199,12,3,1.6350331925201307,1.9681665080729933
Charlie,Germany,Antiseptics,2017-07-01,7669986.0,19846.0,234,416.9316239316239,430.5,192,49,192,12,3,1.5518124984210757,1.9831765346326837
Charlie,Germany,Antiseptics,2017-08-01,7672638.0,21460.0,247,427.55465587044534,375.0,195,49,195,12,3,1.6134897077180934,1.9689847202129944
Charlie,Germany,Antiseptics,2017-09-01,8180562.0,22239.0,228,424.780701754386,416.0,190,49,189,11,3,1.5655255167057491,2.0598816378281586
Charlie,Germany,Antiseptics,2017-10-01,6712131.0,17681.0,233,431.3991416309013,416.0,191,49,191,12,3,1.5986728621157884,2.1506525225734365
Charlie,Germany,Antiseptics,2017-11-01,5491030.0,17185.0,232,403.1163793103448,375.0,190,48,189,11,3,1.7457850480828292,2.0063387696456405
Charlie,Germany,Antiseptics,2017-12-01,13713356.0,31603.0,188,404.0851063829787,375.0,163,48,163,12,3,1.715706918614095,1.9312505003534586
Charlie,Germany,Antiseptics,2018-01-01,7708018.0,17805.0,181,402.23204419889504,375.0,155,48,155,6,3,1.5698500521512915,2.1155212066647726
Charlie,Germany,Antiseptics,2018-02-01,8670102.0,20221.0,224,419.95982142857144,390.0,189,49,189,8,3,1.5691875118592054,2.009817573575247
Charlie,Germany,Antiseptics,2018-03-01,9297436.0,25345.0,233,436.17167381974247,469.0,202,49,202,9,3,1.6495374827950786,2.1113319773531702
Charlie,Germany,Antiseptics,2018-04-01,18345104.0,59398.0,222,419.84684684684686,430.5,183,48,182,9,3,1.5816445730915891,2.0856096586435195
Charlie,Germany,Antiseptics,2018-05-01,6775045.0,15867.0,218,436.8348623853211,430.5,176,48,176,8,3,1.5637703173484379,2.030024783050018
Charlie,Germany,Antiseptics,2018-06-01,10756979.0,23855.0,226,408.72566371681415,390.0,186,48,186,11,3,1.6689733414601968,2.133595039422427
Charlie,Germany,Antiseptics,2018-07-01,6971018.0,17168.0,229,396.1528384279476,375.0,195,48,195,9,3,1.5611431389884247,2.0702852271799754
Charlie,Germany,Antiseptics,2018-08-01,6990995.0,16498.0,159,398.65408805031444,373.0,133,47,133,6,3,1.6026020500736937,2.08320443441006
Charlie,Germany,Antiseptics,2018-09-01,11480679.0,28890.0,198,435.7828282828283,416.0,166,46,165,10,3,1.6375224298576587,1.9981172468938777
Charlie,Germany,Antiseptics,2018-10-01,11718777.0,25366.0,293,433.3174061433447,469.0,236,48,235,9,3,1.6206653716353623,1.8657307171529847
Charlie,Germany,Antiseptics,2018-11-01,6423301.0,14160.0,214,417.79906542056074,416.0,182,49,182,8,3,1.6523871087744146,1.943115758577124
Charlie,Germany,Antiseptics,2018-12-01,6605790.0,19911.0,154,389.2207792207792,375.0,137,48,137,9,3,1.640589066068859,2.088516156552778
Charlie,Germany,Antiseptics,2019-01-01,3235637.0,9033.0,167,423.92215568862275,445.0,149,48,149,4,3,1.6000693073271814,2.2465705839863346
Charlie,Germany,Antiseptics,2019-02-01,11182357.0,24673.0,199,426.65829145728645,390.0,165,48,165,5,3,1.5967113831197586,2.0399086603558496
Charlie,Germany,Antiseptics,2019-03-01,21003699.0,42648.0,250,402.528,375.0,206,48,206,4,3,1.5836981929027292,1.9634387693500874
Charlie,Germany,Antiseptics,2019-04-01,10460515.0,24701.0,178,391.3370786516854,375.0,153,46,153,4,3,1.6290947258841753,2.0100723556496645
Charlie,Germany,Mood Stabilizers,2017-01-01,9319298.0,18327.0,163,386.840490797546,368.0,136,42,135,10,3,1.5816675880605924,2.321947094978831
Charlie,Germany,Mood Stabilizers,2017-02-01,6102746.0,19098.0,218,409.5321100917431,428.0,182,44,182,12,3,1.65940127897437,1.9767144123880747
Charlie,Germany,Mood Stabilizers,2017-03-01,9032302.0,23021.0,193,389.01554404145077,368.0,164,42,164,13,3,1.6395238355257675,2.113566645194249
Charlie,Germany,Mood Stabilizers,2017-04-01,6346318.0,18286.0,162,394.58024691358025,404.0,135,42,135,12,3,1.7939761813509842,2.1016708132221282
Charlie,Germany,Mood Stabilizers,2017-05-01,9676451.0,27203.0,227,401.7621145374449,391.0,192,44,191,12,3,1.684786077122223,1.9422441008126738
Charlie,Germany,Mood Stabilizers,2017-06-01,6854158.0,18242.0,223,367.8789237668162,361.0,179,44,179,13,3,1.6145263480630059,2.0690738469291947
Charlie,Germany,Mood Stabilizers,2017-07-01,7896176.0,19630.0,236,413.73728813559325,404.0,199,43,198,13,3,1.5532441330932625,2.0369016931400417
Charlie,Germany,Mood Stabilizers,2017-08-01,13792384.0,30973.0,211,380.0379146919431,368.0,166,44,166,11,3,1.4181467614795777,1.9894293123615432
Charlie,Germany,Mood Stabilizers,2017-09-01,13908359.0,33945.0,199,400.7286432160804,391.0,169,43,169,11,3,1.780530445881004,2.236135628529773
Charlie,Germany,Mood Stabilizers,2017-10-01,10317814.0,27302.0,186,383.2795698924731,368.0,158,43,158,12,3,1.5863723882159162,2.082937881661851
Charlie,Germany,Mood Stabilizers,2017-11-01,10253451.0,29435.0,251,403.33067729083666,391.0,202,43,202,11,3,1.6333968912639556,2.1594880740958566
Charlie,Germany,Mood Stabilizers,2017-12-01,9424177.0,23467.0,171,392.32748538011697,404.0,149,44,149,8,3,1.6405930197328897,1.9899199539161032
Charlie,Germany,Mood Stabilizers,2018-01-01,5728204.0,16925.0,161,405.9254658385093,452.0,143,44,142,8,3,1.5826610566005506,1.9894851424642954
Charlie,Germany,Mood Stabilizers,2018-02-01,7984103.0,21646.0,200,397.345,368.0,172,43,172,9,3,1.5556648467380858,1.9096854606697582
Charlie,Germany,Mood Stabilizers,2018-03-01,11652396.0,23633.0,191,391.4816753926702,368.0,158,43,157,11,3,1.5070826643964597,2.0913465320543727
Charlie,Germany,Mood Stabilizers,2018-04-01,4884479.0,13195.0,166,382.31325301204816,368.0,139,43,139,9,3,1.5872147392771634,2.0942932026662864
Charlie,Germany,Mood Stabilizers,2018-05-01,11065635.0,23583.0,178,402.314606741573,391.0,149,44,149,8,3,1.5805608804595341,2.1862779230158154
Charlie,Germany,Mood Stabilizers,2018-06-01,14718919.0,38197.0,213,406.38497652582157,404.0,179,42,178,11,3,1.5523575064786275,2.045489479837626
Charlie,Germany,Mood Stabilizers,2018-07-01,11459156.0,28707.0,215,361.27906976744185,334.0,167,44,167,8,3,1.6443433466090631,1.9464196868323167
Charlie,Germany,Mood Stabilizers,2018-08-01,5047503.0,10780.0,192,415.9375,452.0,167,43,167,7,3,1.671419829153633,1.9365389001596045
Charlie,Germany,Mood Stabilizers,2018-09-01,5463734.0,15526.0,174,385.85632183908046,368.0,148,43,148,11,3,1.621329848815234,2.0633026710729205
Charlie,Germany,Mood Stabilizers,2018-10-01,15994178.0,37078.0,285,437.0561403508772,488.0,219,43,218,8,3,1.6055467068006943,1.9626272579493829
Charlie,Germany,Mood Stabilizers,2018-11-01,6505758.0,15183.0,190,421.06315789473683,428.0,162,44,162,7,3,1.5503192898389262,2.0093020126846977
Charlie,Germany,Mood Stabilizers,2018-12-01,8443720.0,16566.0,148,420.44594594594594,484.5,132,43,132,8,3,1.7236405518473938,1.909719043847332
Charlie,Germany,Mood Stabilizers,2019-01-01,2682367.0,6338.0,143,395.4055944055944,368.0,124,43,124,3,3,1.6420223756293242,1.8860391877291298
Charlie,Germany,Mood Stabilizers,2019-02-01,12402040.0,29103.0,189,419.63492063492066,452.0,158,42,158,6,3,1.6289979285037348,1.9187349962830687
Charlie,Germany,Mood Stabilizers,2019-03-01,18437782.0,37718.0,212,412.9669811320755,452.0,179,44,179,5,3,1.628699846107965,2.2263520929385514
Charlie,Germany,Mood Stabilizers,2019-04-01,6256059.0,14363.0,156,410.63461538461536,397.5,132,42,132,4,3,1.6101934210818545,2.065896456777875
Charlie,Poland,Analgesics,2018-01-01,1370448.0,3303.0,138,437.54347826086956,459.0,95,39,95,7,3,1.4169499746710914,2.35260552698016
Charlie,Poland,Analgesics,2018-02-01,2919960.0,6629.0,161,417.67080745341616,414.0,111,40,111,8,3,1.534884598544081,2.237890611678615
Charlie,Poland,Analgesics,2018-03-01,2837207.0,6786.0,168,412.5654761904762,435.0,117,41,117,7,3,1.3268385766513437,2.4188700567567065
Charlie,Poland,Analgesics,2018-04-01,2097468.0,4426.0,110,447.2181818181818,451.5,88,39,88,8,3,1.4217570892223335,2.283721758704269
Charlie,Poland,Analgesics,2018-05-01,2236021.0,5794.0,117,425.7435897435897,445.0,90,39,90,8,3,1.4902466317030836,2.263006023717561
Charlie,Poland,Analgesics,2018-06-01,3326895.0,10170.0,97,435.5360824742268,445.0,74,39,74,7,3,1.3305257012569605,2.4457947055360156
Charlie,Poland,Analgesics,2018-07-01,1768312.0,5602.0,127,418.13385826771656,414.0,96,39,96,8,3,1.2868203294385037,2.532705839956997
Charlie,Poland,Analgesics,2018-08-01,3077711.0,6646.0,173,465.0,460.0,117,41,117,7,3,1.4093872815600783,2.355256251861151
Charlie,Poland,Analgesics,2018-09-01,1489982.0,3495.0,82,431.9634146341463,440.0,70,36,70,6,3,1.412710299530827,2.4740808766094977
Charlie,Poland,Analgesics,2018-10-01,3656973.0,8502.0,161,423.2422360248447,458.0,109,41,109,6,3,1.378571769330728,2.370356114974574
Charlie,Poland,Analgesics,2018-11-01,2867840.0,6098.0,149,458.744966442953,460.0,107,42,107,6,3,1.3708198565031495,2.5219753808769623
Charlie,Poland,Analgesics,2018-12-01,2887896.0,6722.0,147,431.5578231292517,435.0,105,40,105,7,3,1.5282757290201354,2.430465629159593
Charlie,Poland,Antibiotics,2018-01-01,1624690.0,3630.0,106,429.8490566037736,448.0,78,33,78,8,3,1.4023066608238788,2.453065814279528
Charlie,Poland,Antibiotics,2018-02-01,3577364.0,6758.0,128,437.3515625,439.0,96,34,96,8,3,1.4359913842890333,2.1580019632893146
Charlie,Poland,Antibiotics,2018-03-01,1356733.0,4060.0,126,430.515873015873,451.0,94,34,94,8,3,1.35585928632848,2.09266801531427
Charlie,Poland,Antibiotics,2018-04-01,2451700.0,5561.0,98,457.2448979591837,458.0,77,31,77,7,3,1.28207164635669,2.282655430520458
Charlie,Poland,Antibiotics,2018-05-01,2515193.0,5857.0,99,409.1515151515151,450.0,75,32,75,7,3,1.5781355565235708,2.329935451206825
Charlie,Poland,Antibiotics,2018-06-01,2196239.0,5895.0,84,363.01190476190476,400.0,69,31,69,8,3,1.433531398869002,2.364934152873969
Charlie,Poland,Antibiotics,2018-07-01,1472927.0,3553.0,104,415.08653846153845,448.0,78,33,78,8,3,1.4678530231173672,2.372210253940074
Charlie,Poland,Antibiotics,2018-08-01,1392181.0,3135.0,127,431.56692913385825,430.0,94,34,94,7,3,1.5214188548345327,2.2943582829826643
Charlie,Poland,Antibiotics,2018-09-01,2848802.0,5263.0,115,419.9304347826087,450.0,81,35,81,6,3,1.496002733000232,2.3379040787127328
Charlie,Poland,Antibiotics,2018-10-01,1286205.0,3291.0,122,423.0983606557377,449.0,97,34,97,6,3,1.3718208196942852,2.264722138577881
Charlie,Poland,Antibiotics,2018-11-01,2580190.0,7034.0,116,377.0258620689655,427.0,91,34,91,7,3,1.4724817651637938,2.1421639793481706
Charlie,Poland,Antibiotics,2018-12-01,1483743.0,3536.0,95,413.2526315789474,450.0,76,33,76,7,3,1.4562338012040918,2.282222952301865
Charlie,Poland,Antimalarial,2018-01-01,1345599.0,3030.0,115,336.32173913043476,377.0,86,34,86,7,3,1.420678334626632,2.2998153573157207
Charlie,Poland,Antimalarial,2018-02-01,2983434.0,6831.0,137,329.05109489051097,377.0,99,35,99,8,3,1.4757223585624004,2.414281836340888
Charlie,Poland,Antimalarial,2018-03-01,2283625.0,6210.0,134,343.9179104477612,377.0,95,35,95,8,3,1.4866290812856846,2.5056756956389745
Charlie,Poland,Antimalarial,2018-04-01,918593.0,2130.0,91,415.4835164835165,474.0,74,31,74,7,3,1.4294744592774289,2.5422489623479474
Charlie,Poland,Antimalarial,2018-05-01,1474814.0,4961.0,105,336.1333333333333,262.0,80,33,80,7,3,1.4233955338975233,2.216395230587758
Charlie,Poland,Antimalarial,2018-06-01,2282251.0,4713.0,106,341.49056603773585,377.0,89,33,89,8,3,1.392844423708185,2.2755680163965817
Charlie,Poland,Antimalarial,2018-07-01,1278840.0,3367.0,104,359.15384615384613,408.0,86,34,86,7,3,1.475995712521614,2.23623342010956
Charlie,Poland,Antimalarial,2018-08-01,3084858.0,6492.0,143,327.95104895104896,262.0,106,35,106,7,3,1.4459956317912797,2.324613891255218
Charlie,Poland,Antimalarial,2018-09-01,2073445.0,5377.0,116,375.5948275862069,408.5,88,34,88,7,3,1.4264691833505292,2.286496687422093
Charlie,Poland,Antimalarial,2018-10-01,1900404.0,5804.0,135,333.7037037037037,402.0,98,35,98,7,3,1.4654435183702728,2.2956635653050506
Charlie,Poland,Antimalarial,2018-11-01,2701484.0,9855.0,142,335.1478873239437,377.0,102,34,102,8,3,1.5177002524385774,2.2307820120473894
Charlie,Poland,Antimalarial,2018-12-01,920615.0,2335.0,119,315.1344537815126,262.0,91,34,91,7,3,1.3747815653285371,2.3504641266008
Charlie,Poland,Antipiretics,2018-01-01,3155050.0,5995.0,137,482.8905109489051,487.0,102,34,102,8,3,1.3858832236944403,2.3284780219993695
Charlie,Poland,Antipiretics,2018-02-01,2038205.0,4146.0,108,492.68518518518516,492.0,79,33,79,7,3,1.5013324250055244,2.3246286903516933
Charlie,Poland,Antipiretics,2018-03-01,1240806.0,2993.0,126,470.1746031746032,487.0,95,34,95,7,3,1.3885170182011772,2.33216315491005
Charlie,Poland,Antipiretics,2018-04-01,555063.0,1463.0,83,440.03614457831327,470.0,69,31,69,7,3,1.3475919111678283,2.1869067807822367
Charlie,Poland,Antipiretics,2018-05-01,3301327.0,5906.0,97,508.07216494845363,548.0,76,33,76,5,3,1.555250939479866,2.4021899188664695
Charlie,Poland,Antipiretics,2018-06-01,1801291.0,4267.0,108,468.64814814814815,490.0,85,35,85,7,3,1.4151100703345203,2.447420416836649
Charlie,Poland,Antipiretics,2018-07-01,1841078.0,3689.0,116,464.2931034482759,470.0,89,31,89,7,3,1.4423134131586532,2.1967771387007917
Charlie,Poland,Antipiretics,2018-08-01,4261992.0,10454.0,131,471.51908396946567,487.0,94,31,94,7,3,1.4846199466498502,2.2017682514441717
Charlie,Poland,Antipiretics,2018-09-01,1692913.0,3115.0,104,441.9519230769231,453.0,83,32,83,6,3,1.4090360678357727,2.3959604840931505
Charlie,Poland,Antipiretics,2018-10-01,1584611.0,3181.0,138,462.3478260869565,487.0,97,35,97,7,3,1.3834067377854251,2.5234458806973907
Charlie,Poland,Antipiretics,2018-11-01,3846255.0,8912.0,109,475.6697247706422,492.0,83,32,83,7,3,1.4651346456977208,2.496978590239378
Charlie,Poland,Antipiretics,2018-12-01,2000714.0,4128.0,102,440.27450980392155,470.0,81,34,81,6,3,1.5106085599540748,2.0705409355267763
Charlie,Poland,Antiseptics,2018-01-01,1710440.0,3989.0,170,427.9117647058824,469.0,117,47,117,8,3,1.4813871471457098,2.344644633360291
Charlie,Poland,Antiseptics,2018-02-01,1982852.0,4734.0,155,418.8451612903226,416.0,108,48,108,8,3,1.4028455357996281,2.4340374002205456
Charlie,Poland,Antiseptics,2018-03-01,3213393.0,6546.0,182,395.6098901098901,375.0,122,47,122,8,3,1.3645432770968182,2.319459523363149
Charlie,Poland,Antiseptics,2018-04-01,1943291.0,4243.0,133,394.5263157894737,375.0,95,44,95,8,3,1.4767823303634287,2.3136221401446
Charlie,Poland,Antiseptics,2018-05-01,2301084.0,6473.0,134,393.1119402985075,374.0,98,44,98,8,3,1.3800616238560592,2.3843254320679583
Charlie,Poland,Antiseptics,2018-06-01,2093271.0,6973.0,143,415.6083916083916,390.0,107,44,107,7,3,1.4726486265329526,2.337993779387247
Charlie,Poland,Antiseptics,2018-07-01,1917164.0,3696.0,138,429.731884057971,445.0,102,47,102,8,3,1.3775270480316597,2.350959689412038
Charlie,Poland,Antiseptics,2018-08-01,1468970.0,4382.0,167,369.3353293413174,345.0,112,47,112,7,3,1.4307380363818285,2.394680885416138
Charlie,Poland,Antiseptics,2018-09-01,2181872.0,6486.0,147,377.19727891156464,347.0,105,44,105,7,3,1.393419754286691,2.0700315370615057
Charlie,Poland,Antiseptics,2018-10-01,2890177.0,6732.0,182,418.02197802197804,457.0,127,47,127,7,3,1.4773395265360159,2.4031355308615985
Charlie,Poland,Antiseptics,2018-11-01,3809601.0,9318.0,204,401.47549019607845,375.0,119,49,119,8,3,1.536971206963071,2.370650721178136
Charlie,Poland,Antiseptics,2018-12-01,2565728.0,6115.0,168,395.20238095238096,373.0,111,47,111,7,3,1.389459488410661,2.2862248730444015
Charlie,Poland,Mood Stabilizers,2018-01-01,1335358.0,3616.0,169,418.698224852071,452.0,120,43,120,8,3,1.5243130556842186,2.2377123619575663
Charlie,Poland,Mood Stabilizers,2018-02-01,2031783.0,5302.0,143,383.3286713286713,361.0,101,43,101,8,3,1.419301968074212,2.43370232013847
Charlie,Poland,Mood Stabilizers,2018-03-01,2302398.0,7805.0,181,412.61878453038673,452.0,117,42,117,8,3,1.441883157914025,2.3015776293310917
Charlie,Poland,Mood Stabilizers,2018-04-01,2963355.0,6670.0,116,430.55172413793105,489.0,86,41,86,7,3,1.5276918536531314,2.3761697195015996
Charlie,Poland,Mood Stabilizers,2018-05-01,1166166.0,2897.0,110,401.9727272727273,397.5,83,39,83,7,3,1.438068656423314,2.134715662937063
Charlie,Poland,Mood Stabilizers,2018-06-01,1812492.0,3770.0,115,423.24347826086955,481.0,89,43,89,7,3,1.4675382089150097,2.3673126972426592
Charlie,Poland,Mood Stabilizers,2018-07-01,3248087.0,8543.0,145,383.9862068965517,391.0,111,42,111,8,3,1.389923828173514,2.3704161632688474
Charlie,Poland,Mood Stabilizers,2018-08-01,1334698.0,4123.0,160,381.88125,368.0,111,44,111,6,3,1.398068190683664,2.3248367675352943
Charlie,Poland,Mood Stabilizers,2018-09-01,3623111.0,7545.0,135,405.48148148148147,404.0,97,43,97,7,3,1.3951763985243746,2.2347515864774956
Charlie,Poland,Mood Stabilizers,2018-10-01,2705086.0,5644.0,152,418.5328947368421,481.0,98,42,98,6,3,1.5717608476423852,2.078264736584197
Charlie,Poland,Mood Stabilizers,2018-11-01,2070710.0,5449.0,148,413.22297297297297,404.0,105,42,105,7,3,1.3949078018066285,2.216422473839107
Charlie,Poland,Mood Stabilizers,2018-12-01,1362942.0,5018.0,130,435.83846153846156,488.0,97,41,97,7,3,1.4441915141773776,2.2499661267873607
Delta,Germany,Analgesics,2017-01-01,8211807.0,19809.0,197,454.38071065989845,460.0,170,42,170,12,4,1.5729254333962097,2.143972565104495
Delta,Germany,Analgesics,2017-02-01,10020701.0,23281.0,223,431.66367713004485,458.0,186,42,186,13,4,1.5924569797758672,2.0217182031669503
Delta,Germany,Analgesics,2017-03-01,11421020.0,24458.0,255,414.87450980392157,445.0,201,42,201,12,4,1.651920398492053,2.1402200631878987
Delta,Germany,Analgesics,2017-04-01,13678556.0,30421.0,225,432.28,445.0,193,42,193,12,4,1.5858715027227188,2.1809301910380694
Delta,Germany,Analgesics,2017-05-01,16706200.0,52333.0,284,426.27464788732397,451.5,219,42,219,13,4,1.6089381168067738,1.9655630747851653
Delta,Germany,Analgesics,2017-06-01,19466391.0,59994.0,287,433.1219512195122,458.0,220,42,220,12,4,1.5074260605882597,2.1430559536508373
Delta,Germany,Analgesics,2017-07-01,15560725.0,35309.0,300,434.6566666666667,445.0,234,42,234,13,4,1.631476666886025,2.111838274112316
Delta,Germany,Analgesics,2017-08-01,19913708.0,38034.0,268,437.1268656716418,458.0,223,42,222,11,4,1.6229786595476487,2.053918252017759
Delta,Germany,Analgesics,2017-09-01,13156758.0,30999.0,266,446.93609022556393,458.0,213,41,212,12,4,1.5202703868175786,1.9656519231316238
Delta,Germany,Analgesics,2017-10-01,21306885.0,49430.0,266,415.1578947368421,445.0,211,42,211,10,4,1.6364551053155825,2.093452955570155
Delta,Germany,Analgesics,2017-11-01,14633311.0,33189.0,288,427.35069444444446,445.0,219,42,219,12,4,1.6227695068830679,2.0537154543265768
Delta,Germany,Analgesics,2017-12-01,12907779.0,27041.0,208,435.0192307692308,445.0,175,42,175,11,4,1.5542961245459983,2.021032074327798
Delta,Germany,Analgesics,2018-01-01,33356415.0,64695.0,196,427.1275510204082,458.0,172,41,172,9,4,1.6355892087383173,2.094867539670479
Delta,Germany,Analgesics,2018-02-01,15465998.0,39185.0,234,420.1666666666667,445.0,195,42,194,8,4,1.657007512265777,2.096054543924058
Delta,Germany,Analgesics,2018-03-01,18411302.0,37092.0,253,457.9169960474308,536.0,205,42,205,10,4,1.5749813297359676,2.090269855988952
Delta,Germany,Analgesics,2018-04-01,11194661.0,33956.0,249,437.2329317269076,458.0,209,42,209,9,4,1.6649960520956129,2.0026390106042444
Delta,Germany,Analgesics,2018-05-01,14781909.0,31605.0,261,446.2145593869732,460.0,217,42,217,7,4,1.6069524185899682,2.0590127855847795
Delta,Germany,Analgesics,2018-06-01,16700966.0,32943.0,276,425.5471014492754,458.0,209,42,209,11,4,1.5157791942696104,2.0792080769256756
Delta,Germany,Analgesics,2018-07-01,7801041.0,22911.0,258,409.04651162790697,435.0,213,42,213,9,4,1.6278347704664866,2.152436382655493
Delta,Germany,Analgesics,2018-08-01,17734144.0,30357.0,222,442.52702702702703,460.0,180,42,180,8,4,1.6043037552946702,2.112961075436886
Delta,Germany,Analgesics,2018-09-01,13294204.0,35053.0,199,423.03015075376885,445.0,171,42,171,12,4,1.6401969613895988,2.0526409164035053
Delta,Germany,Analgesics,2018-10-01,16451323.0,49060.0,342,422.10526315789474,445.0,247,42,247,9,4,1.608499683842174,2.0748811684569386
Delta,Germany,Analgesics,2018-11-01,9974251.0,15460.0,248,431.5483870967742,445.0,192,42,192,8,4,1.49986979434747,2.144853417788188
Delta,Germany,Analgesics,2018-12-01,8009337.0,29265.0,185,428.3783783783784,445.0,156,42,156,10,4,1.6801259028595041,1.9189815882664845
Delta,Germany,Analgesics,2019-01-01,5271982.0,12336.0,213,448.7323943661972,529.0,173,42,173,4,4,1.6292004879422974,2.1120050227448086
Delta,Germany,Analgesics,2019-02-01,15172476.0,31577.0,251,448.87250996015933,460.0,203,42,203,8,4,1.5005142279852919,1.976492366211202
Delta,Germany,Analgesics,2019-03-01,17376712.0,45562.0,297,414.12794612794613,435.0,231,42,231,5,4,1.6836065662668995,2.080348131385768
Delta,Germany,Analgesics,2019-04-01,7898733.0,18162.0,190,450.4894736842105,460.0,159,42,157,5,4,1.6023332937662784,2.0780692344760716
Delta,Germany,Antibiotics,2017-01-01,7801645.0,21712.0,182,436.5879120879121,439.0,157,35,157,11,4,1.5718450024017943,2.190956025951906
Delta,Germany,Antibiotics,2017-02-01,17013834.0,44059.0,191,435.5340314136126,450.0,163,35,163,11,4,1.646303630691226,2.1106878746745465
Delta,Germany,Antibiotics,2017-03-01,9025207.0,24075.0,201,407.59203980099505,448.0,171,35,171,12,4,1.5457583686175684,2.2083937133535767
Delta,Germany,Antibiotics,2017-04-01,15654859.0,33183.0,188,437.95212765957444,452.0,160,35,160,12,4,1.6997288086646665,2.100315797363339
Delta,Germany,Antibiotics,2017-05-01,5993697.0,15517.0,220,410.6818181818182,430.0,189,34,189,12,4,1.637920786650389,1.9131583169085755
Delta,Germany,Antibiotics,2017-06-01,8790142.0,19841.0,220,417.32272727272726,450.0,178,35,178,10,4,1.640154788535255,1.8684088908659688
Delta,Germany,Antibiotics,2017-07-01,6311887.0,17001.0,247,385.0,401.0,197,35,197,13,4,1.6285484993431467,2.0134344769267085
Delta,Germany,Antibiotics,2017-08-01,8863062.0,21000.0,248,424.258064516129,448.0,196,35,196,12,4,1.5686902881257587,2.111562547130141
Delta,Germany,Antibiotics,2017-09-01,18555753.0,50173.0,202,424.25742574257424,450.0,173,35,173,12,4,1.669100500536395,1.952053910286508
Delta,Germany,Antibiotics,2017-10-01,8658264.0,22885.0,215,440.4186046511628,450.0,179,35,178,11,4,1.6513701622633665,1.971815429545542
Delta,Germany,Antibiotics,2017-11-01,9021864.0,20495.0,227,396.8237885462555,430.0,181,35,181,10,4,1.6000273027731453,2.088626835848876
Delta,Germany,Antibiotics,2017-12-01,13679581.0,32833.0,178,393.2752808988764,430.0,150,35,150,13,4,1.637897921195185,2.1036202089265337
Delta,Germany,Antibiotics,2018-01-01,5613811.0,14418.0,165,442.72727272727275,450.0,136,35,135,8,4,1.6411416739475846,1.8660076503191303
Delta,Germany,Antibiotics,2018-02-01,10473762.0,25209.0,227,415.942731277533,448.0,185,35,185,6,4,1.54867382241944,2.1076195892614207
Delta,Germany,Antibiotics,2018-03-01,26810944.0,58030.0,216,408.10185185185185,424.0,176,34,176,10,4,1.645150964182524,2.045944331935653
Delta,Germany,Antibiotics,2018-04-01,24863141.0,61827.0,222,398.963963963964,430.0,187,35,187,9,4,1.618455257658662,2.1509651079050003
Delta,Germany,Antibiotics,2018-05-01,10067868.0,21269.0,196,396.8724489795918,430.0,166,35,166,8,4,1.5680308735219946,2.2313289870587187
Delta,Germany,Antibiotics,2018-06-01,15333031.0,36605.0,208,423.5144230769231,448.0,174,35,174,10,4,1.6559611121086313,1.8993263588402858
Delta,Germany,Antibiotics,2018-07-01,18391693.0,36089.0,246,407.2926829268293,439.0,190,35,190,9,4,1.705721544886425,1.9917994830938675
Delta,Germany,Antibiotics,2018-08-01,5420052.0,15942.0,183,410.2568306010929,430.0,154,35,154,7,4,1.5393781061871452,2.0786751773115664
Delta,Germany,Antibiotics,2018-09-01,8654603.0,18612.0,165,421.830303030303,452.0,138,35,138,10,4,1.6719972595428196,1.8093735060358376
Delta,Germany,Antibiotics,2018-10-01,12331431.0,32819.0,251,448.87250996015933,452.0,204,35,204,7,4,1.6244616046546905,2.130548611455879
Delta,Germany,Antibiotics,2018-11-01,7256721.0,16975.0,218,438.41743119266056,450.0,179,35,179,7,4,1.6785327671288153,2.100967107473413
Delta,Germany,Antibiotics,2018-12-01,19822689.0,46405.0,143,435.26573426573424,448.0,125,35,125,9,4,1.5901726056218706,2.106723502931647
Delta,Germany,Antibiotics,2019-01-01,4925282.0,12505.0,165,448.25454545454545,452.0,147,35,147,4,4,1.661298993250645,2.1856868664628935
Delta,Germany,Antibiotics,2019-02-01,8907535.0,19999.0,184,443.39130434782606,450.0,153,35,153,8,4,1.5010900188021372,2.109156836987779
Delta,Germany,Antibiotics,2019-03-01,10044165.0,26920.0,247,420.417004048583,448.0,198,35,198,4,4,1.597471966514307,1.965548571936576
Delta,Germany,Antibiotics,2019-04-01,4344969.0,11828.0,150,408.35333333333335,430.0,128,35,128,3,4,1.692116816882948,2.0961694967504263
Delta,Germany,Antimalarial,2017-01-01,3888778.0,11411.0,169,320.37278106508876,262.0,154,34,154,11,4,1.644227853221713,2.0965461774914576
Delta,Germany,Antimalarial,2017-02-01,6247268.0,18766.0,212,341.3066037735849,402.0,175,35,175,10,4,1.6149425407562765,2.067907828525679
Delta,Germany,Antimalarial,2017-03-01,7051904.0,22718.0,246,339.6585365853659,389.5,198,35,198,11,4,1.6987193627715407,2.129338281793882
Delta,Germany,Antimalarial,2017-04-01,4013913.0,13062.0,179,320.60893854748605,248.0,149,35,149,12,4,1.5467196799112777,2.133002755362768
Delta,Germany,Antimalarial,2017-05-01,5935720.0,20505.0,230,319.0130434782609,248.0,188,35,188,12,4,1.7379594993978364,1.9763893639981283
Delta,Germany,Antimalarial,2017-06-01,11717484.0,30575.0,215,376.0093023255814,409.0,174,35,174,12,4,1.5550110048169874,2.14323694709877
Delta,Germany,Antimalarial,2017-07-01,19725713.0,40883.0,248,343.5040322580645,402.0,192,35,192,13,4,1.670933683107106,2.078328455933544
Delta,Germany,Antimalarial,2017-08-01,6362370.0,17841.0,227,366.9162995594714,408.0,182,35,182,10,4,1.5516529074109944,1.953562011238427
Delta,Germany,Antimalarial,2017-09-01,5211754.0,17403.0,198,343.77777777777777,377.0,170,35,170,13,4,1.5611244730432507,1.846033607182811
Delta,Germany,Antimalarial,2017-10-01,6398972.0,19754.0,213,332.7699530516432,262.0,172,35,172,11,4,1.698542933825501,2.066582721199338
Delta,Germany,Antimalarial,2017-11-01,9743566.0,25799.0,228,356.78508771929825,408.0,192,35,192,12,4,1.7378328722901792,1.947734788694888
Delta,Germany,Antimalarial,2017-12-01,7550575.0,19961.0,154,309.8051948051948,255.0,132,35,132,10,4,1.5687642416060699,2.081710293518078
Delta,Germany,Antimalarial,2018-01-01,13941534.0,34658.0,180,340.68333333333334,262.0,156,35,156,9,4,1.5645166726652309,2.096933326776213
Delta,Germany,Antimalarial,2018-02-01,4233967.0,17747.0,184,369.4782608695652,408.0,157,34,157,9,4,1.7532692140518435,2.0144204398059733
Delta,Germany,Antimalarial,2018-03-01,17061761.0,34991.0,219,364.28767123287673,402.0,180,34,180,11,4,1.5185042233628838,2.0411937178165642
Delta,Germany,Antimalarial,2018-04-01,7261301.0,18067.0,171,363.85380116959067,408.0,152,35,152,8,4,1.5894593675889843,1.9721151765139209
Delta,Germany,Antimalarial,2018-05-01,4339149.0,14734.0,192,342.1666666666667,377.0,163,35,162,9,4,1.613934095648857,2.068752605635463
Delta,Germany,Antimalarial,2018-06-01,9754333.0,32929.0,215,326.9395348837209,262.0,183,35,183,11,4,1.6281015767125497,2.1289222639808765
Delta,Germany,Antimalarial,2018-07-01,8793937.0,23791.0,226,355.4026548672566,402.0,192,35,192,9,4,1.6191203057734613,1.9703691185873256
Delta,Germany,Antimalarial,2018-08-01,8331465.0,20794.0,165,355.92727272727274,408.0,144,35,143,9,4,1.6154373798284725,2.0139576742910754
Delta,Germany,Antimalarial,2018-09-01,8088495.0,22252.0,170,332.99411764705883,377.0,145,35,145,10,4,1.6268486660861627,1.9435390388875973
Delta,Germany,Antimalarial,2018-10-01,11416769.0,33127.0,258,321.50387596899225,262.0,205,35,205,9,4,1.5615941302455685,2.056763054815055
Delta,Germany,Antimalarial,2018-11-01,4002064.0,12143.0,196,333.0357142857143,377.0,173,35,173,7,4,1.7037595161825134,2.069625244175087
Delta,Germany,Antimalarial,2018-12-01,2576070.0,8744.0,156,315.4230769230769,262.0,139,34,138,10,4,1.5874033230790516,1.9532072929675148
Delta,Germany,Antimalarial,2019-01-01,1880813.0,6231.0,161,326.8198757763975,262.0,139,35,139,3,4,1.615891030437045,2.209630319555072
Delta,Germany,Antimalarial,2019-02-01,19417443.0,42708.0,225,368.3333333333333,402.0,180,35,180,8,4,1.6416358136523068,1.9765817972423216
Delta,Germany,Antimalarial,2019-03-01,4723747.0,16521.0,240,342.45,377.0,198,35,198,4,4,1.554984492947777,2.090809802658436
Delta,Germany,Antimalarial,2019-04-01,5385094.0,20619.0,147,302.53061224489795,248.0,125,34,125,4,4,1.4892441723499845,2.059172190628306
Delta,Germany,Antipiretics,2017-01-01,6232554.0,13296.0,184,464.7391304347826,487.0,160,35,160,12,4,1.6020891391681418,2.1884880474826724
Delta,Germany,Antipiretics,2017-02-01,12017265.0,25300.0,186,498.241935483871,533.0,156,34,155,12,4,1.6336190803974793,2.0329673298479256
Delta,Germany,Antipiretics,2017-03-01,11334581.0,25464.0,235,468.98297872340424,487.0,197,35,197,12,4,1.6397595346943468,2.0996554100023497
Delta,Germany,Antipiretics,2017-04-01,7514509.0,15496.0,170,471.2823529411765,487.0,150,34,150,12,4,1.7552281874039333,2.082189449895096
Delta,Germany,Antipiretics,2017-05-01,12379143.0,35340.0,224,467.4955357142857,487.0,182,35,181,12,4,1.4820192173378637,2.083113703170359
Delta,Germany,Antipiretics,2017-06-01,12909962.0,28629.0,242,478.43388429752065,490.0,198,35,197,11,4,1.7020794285018912,1.9929966535624795
Delta,Germany,Antipiretics,2017-07-01,11031715.0,22095.0,252,461.23015873015873,487.0,207,35,207,13,4,1.5296515102932815,2.20895952635031
Delta,Germany,Antipiretics,2017-08-01,16941310.0,32459.0,220,479.4227272727273,490.0,178,35,178,11,4,1.7341270973271568,2.0252203301658054
Delta,Germany,Antipiretics,2017-09-01,11907550.0,27482.0,206,459.40291262135923,487.0,177,35,177,10,4,1.6310451664389944,2.012678367538918
Delta,Germany,Antipiretics,2017-10-01,13397452.0,34701.0,210,486.6952380952381,492.0,183,35,183,8,4,1.6217256365732708,2.0083768099429924
Delta,Germany,Antipiretics,2017-11-01,14510483.0,26884.0,222,462.51801801801804,487.0,189,35,189,11,4,1.6959477400847496,2.0686573515446076
Delta,Germany,Antipiretics,2017-12-01,10183806.0,20289.0,184,454.2282608695652,470.0,158,35,158,11,4,1.5912155194106459,1.8117793006245868
Delta,Germany,Antipiretics,2018-01-01,8647385.0,16170.0,183,490.05464480874315,490.0,165,35,165,9,4,1.5639881370238902,1.9333191925950493
Delta,Germany,Antipiretics,2018-02-01,7246034.0,15316.0,209,478.1531100478469,490.0,167,35,167,8,4,1.620682041843652,1.9151537857805676
Delta,Germany,Antipiretics,2018-03-01,14366369.0,34130.0,247,471.08097165991904,487.0,191,35,190,11,4,1.571131228492472,1.9643581628842843
Delta,Germany,Antipiretics,2018-04-01,7549057.0,15813.0,188,514.3723404255319,540.5,164,35,164,9,4,1.5409138054525575,1.9115669279481242
Delta,Germany,Antipiretics,2018-05-01,10931651.0,19037.0,211,482.1184834123223,490.0,165,35,165,7,4,1.5996002034851853,2.0522133918461694
Delta,Germany,Antipiretics,2018-06-01,16586190.0,33927.0,193,442.45595854922277,470.0,164,35,164,10,4,1.7003167270203912,1.8368850824631129
Delta,Germany,Antipiretics,2018-07-01,8405949.0,18121.0,222,469.5765765765766,487.0,185,35,185,9,4,1.6549986334629099,2.139290799259802
Delta,Germany,Antipiretics,2018-08-01,10610419.0,19045.0,194,459.1082474226804,487.0,170,35,170,6,4,1.5719101809585772,1.9347809491457395
Delta,Germany,Antipiretics,2018-09-01,16897753.0,35486.0,211,476.6729857819905,487.0,178,35,178,11,4,1.7915330752264473,2.139330783992578
Delta,Germany,Antipiretics,2018-10-01,15962229.0,31014.0,279,469.10394265232975,487.0,221,35,221,9,4,1.6535823994884074,2.0104039492629293
Delta,Germany,Antipiretics,2018-11-01,21987153.0,49621.0,199,455.61306532663315,487.0,166,35,166,8,4,1.6991807181094012,2.0416724206451895
Delta,Germany,Antipiretics,2018-12-01,12522904.0,32097.0,144,475.47222222222223,487.0,126,35,125,9,4,1.5075938858989604,2.029879820222235
Delta,Germany,Antipiretics,2019-01-01,3726181.0,8012.0,171,486.3099415204678,487.0,146,35,146,4,4,1.5020227096155683,2.052069649888741
Delta,Germany,Antipiretics,2019-02-01,11090800.0,34263.0,198,489.7070707070707,492.0,163,35,163,9,4,1.6129380883168827,2.3094399163635404
Delta,Germany,Antipiretics,2019-03-01,19014423.0,37448.0,230,462.60869565217394,478.5,190,35,190,5,4,1.620953468090622,1.9991623230053464
Delta,Germany,Antipiretics,2019-04-01,8884952.0,24043.0,160,445.35625,470.0,137,35,137,5,4,1.715848650646241,2.0055809157285553
Delta,Germany,Antiseptics,2017-01-01,13719159.0,30205.0,246,404.8983739837398,390.0,201,49,201,12,4,1.6798191482112599,2.001905084231959
Delta,Germany,Antiseptics,2017-02-01,8361535.0,20609.0,268,415.92537313432837,416.0,216,49,216,12,4,1.6417698825233777,2.2490396356739617
Delta,Germany,Antiseptics,2017-03-01,14240846.0,39890.0,310,387.6,373.0,224,49,224,12,4,1.6806360555352078,2.042903823638195
Delta,Germany,Antiseptics,2017-04-01,12193785.0,31319.0,243,417.7037037037037,416.0,188,48,187,13,4,1.669255291502378,1.8922443837620788
Delta,Germany,Antiseptics,2017-05-01,14500238.0,38644.0,341,399.37536656891496,375.0,251,49,251,13,4,1.6471378634067977,1.9359427026553404
Delta,Germany,Antiseptics,2017-06-01,11857245.0,27774.0,291,425.5670103092784,416.0,226,49,226,12,4,1.562448412123112,2.090621082689303
Delta,Germany,Antiseptics,2017-07-01,18381174.5089,37304.5512759,303,418.8448844884488,390.0,227,49,227,13,4,1.6312767188777493,1.9982822948675707
Delta,Germany,Antiseptics,2017-08-01,12755970.0,29139.0,313,432.8338658146965,469.0,241,49,241,11,4,1.688582748078828,2.054959000631008
Delta,Germany,Antiseptics,2017-09-01,14108157.0,32173.0,310,407.8838709677419,375.0,230,49,230,12,4,1.5733056873548896,2.0634667089168723
Delta,Germany,Antiseptics,2017-10-01,17080504.0,34068.0,288,443.25347222222223,445.0,224,49,224,12,4,1.5788961112339084,2.0263333177847835
Delta,Germany,Antiseptics,2017-11-01,37378475.0,67793.0,343,431.88338192419826,416.0,259,49,259,12,4,1.6862898391104222,1.8512030300247921
Delta,Germany,Antiseptics,2017-12-01,12291110.0,32943.0,255,419.2901960784314,375.0,195,49,195,12,4,1.5367723581920631,1.9843867033919402
Delta,Germany,Antiseptics,2018-01-01,7612685.0,22546.0,264,395.8712121212121,375.0,209,49,208,9,4,1.5654620577732146,1.8263928702982992
Delta,Germany,Antiseptics,2018-02-01,11941412.0,23347.0,298,445.80536912751677,457.0,224,49,224,6,4,1.56069711766083,2.059358931446334
Delta,Germany,Antiseptics,2018-03-01,9278124.0,26718.0,322,409.04037267080747,390.0,246,49,245,10,4,1.624088537694822,2.0267677662617674
Delta,Germany,Antiseptics,2018-04-01,7141004.0,29851.0,264,399.344696969697,375.0,206,49,206,9,4,1.6126578780900054,2.0208997004640663
Delta,Germany,Antiseptics,2018-05-01,8294885.0,27152.0,275,405.0290909090909,375.0,214,49,214,9,4,1.6411607348210133,1.9749611255369939
Delta,Germany,Antiseptics,2018-06-01,14465281.0,36712.0,317,406.5488958990536,375.0,239,48,239,11,4,1.6628063808424924,1.9940330354322617
Delta,Germany,Antiseptics,2018-07-01,21940412.0,44381.0,300,428.23,416.0,231,49,231,7,4,1.64867148486512,2.0546140106920316
Delta,Germany,Antiseptics,2018-08-01,10597379.0,43235.0,235,372.4468085106383,373.0,194,49,194,9,4,1.5529079828537056,2.067411514498011
Delta,Germany,Antiseptics,2018-09-01,10878315.0,25229.0,267,405.4194756554307,390.0,215,49,215,12,4,1.6226469461360944,1.9974377941586388
Delta,Germany,Antiseptics,2018-10-01,16689816.0,38704.0,374,410.951871657754,375.0,280,49,279,9,4,1.5606871010144914,1.9397238124294105
Delta,Germany,Antiseptics,2018-11-01,11509285.0,34015.0,294,393.97278911564626,375.0,227,49,227,8,4,1.517663465585787,2.111587216786331
Delta,Germany,Antiseptics,2018-12-01,6591181.0,16649.0,200,418.925,416.0,164,46,164,11,4,1.699605169647117,1.9519985523173409
Delta,Germany,Antiseptics,2019-01-01,10125298.0,23764.0,240,422.19166666666666,416.0,195,49,195,4,4,1.6838654869202438,2.175647227063119
Delta,Germany,Antiseptics,2019-02-01,20011030.0,43038.0,264,424.9886363636364,430.5,211,49,210,8,4,1.5887401527042866,2.053993772373986
Delta,Germany,Antiseptics,2019-03-01,10176867.0,28471.0,303,408.94059405940595,416.0,242,49,241,4,4,1.6093268657573803,1.9796619110286973
Delta,Germany,Antiseptics,2019-04-01,18915120.0,35023.0,240,424.5625,390.0,203,49,203,4,4,1.6342874043639286,2.0288977599490274
Delta,Germany,Mood Stabilizers,2017-01-01,8427712.0,26825.0,248,388.21774193548384,379.5,199,44,199,12,4,1.7059642434054165,1.9863564543223076
Delta,Germany,Mood Stabilizers,2017-02-01,11119907.0,29070.0,269,371.53903345724905,361.0,206,43,205,12,4,1.6028651592753314,2.0758575251460916
Delta,Germany,Mood Stabilizers,2017-03-01,10977814.0,25886.0,271,402.00738007380073,391.0,212,44,212,12,4,1.643440638170869,2.0129027066445886
Delta,Germany,Mood Stabilizers,2017-04-01,9351385.0,21515.0,222,413.13963963963965,452.0,189,44,188,13,4,1.5109333446254551,1.9688012340109535
Delta,Germany,Mood Stabilizers,2017-05-01,8357781.0,22532.0,260,411.8423076923077,404.0,210,44,210,13,4,1.6132548873801462,2.0188943266245087
Delta,Germany,Mood Stabilizers,2017-06-01,21212484.0,58338.0,311,393.2122186495177,452.0,230,44,229,13,4,1.529105570061842,2.1110546881232306
Delta,Germany,Mood Stabilizers,2017-07-01,13920033.0,32322.0,290,402.03793103448277,452.0,224,44,224,13,4,1.6495117301014839,2.0649749598213476
Delta,Germany,Mood Stabilizers,2017-08-01,8499493.0,21913.0,273,387.6886446886447,361.0,209,44,209,11,4,1.7051584737496863,1.9719532260661414
Delta,Germany,Mood Stabilizers,2017-09-01,29340509.0,64946.0,247,394.2712550607287,404.0,205,44,205,11,4,1.5463946366686516,2.08329266323914
Delta,Germany,Mood Stabilizers,2017-10-01,15031694.0,34845.0,269,391.74349442379184,391.0,212,44,212,12,4,1.5486921299851881,2.045439267853404
Delta,Germany,Mood Stabilizers,2017-11-01,25333659.0,48055.0,298,395.98993288590606,404.0,219,44,218,10,4,1.6780089739722848,1.9963186890158093
Delta,Germany,Mood Stabilizers,2017-12-01,4998881.0,14381.0,210,387.7190476190476,391.0,178,44,178,9,4,1.6800272080669678,2.1551683367737917
Delta,Germany,Mood Stabilizers,2018-01-01,9415978.0,20956.0,197,405.7005076142132,404.0,166,44,166,9,4,1.4422921071012516,2.1467208105698363
Delta,Germany,Mood Stabilizers,2018-02-01,16299247.0,37279.0,249,404.8473895582329,404.0,202,44,202,9,4,1.6174143899692848,1.985792519187632
Delta,Germany,Mood Stabilizers,2018-03-01,19756376.0,47961.0,298,399.0,391.0,220,44,220,10,4,1.5760370265557682,2.076753470471888
Delta,Germany,Mood Stabilizers,2018-04-01,10069961.0,26258.0,257,392.50194552529183,404.0,197,44,197,8,4,1.6265812257234964,2.0434187356616613
Delta,Germany,Mood Stabilizers,2018-05-01,5633539.0,17680.0,240,394.9125,368.0,201,43,201,7,4,1.5113743681283238,2.1793765849986975
Delta,Germany,Mood Stabilizers,2018-06-01,20124845.0,43691.0,249,401.44176706827307,391.0,202,44,202,12,4,1.5946025300796418,2.166055986109129
Delta,Germany,Mood Stabilizers,2018-07-01,16597616.0,41001.0,304,401.4375,404.0,234,44,233,9,4,1.5781385329280444,2.0385046211853313
Delta,Germany,Mood Stabilizers,2018-08-01,13050279.0,25414.0,253,418.498023715415,452.0,203,44,203,9,4,1.6047430004796108,2.124813190364933
Delta,Germany,Mood Stabilizers,2018-09-01,9229826.0,35441.0,236,387.56779661016947,391.0,192,44,192,12,4,1.584131299402333,1.9649039755769726
Delta,Germany,Mood Stabilizers,2018-10-01,17502913.0,37429.0,360,419.02777777777777,452.0,265,44,265,9,4,1.6411791057241787,1.853083171158595
Delta,Germany,Mood Stabilizers,2018-11-01,13705767.0,31485.0,269,382.4014869888476,368.0,218,44,217,9,4,1.5424566731043001,1.9992397787345018
Delta,Germany,Mood Stabilizers,2018-12-01,3761356.0,10620.0,169,400.6568047337278,391.0,144,43,144,10,4,1.6811712555803473,1.95550290491958
Delta,Germany,Mood Stabilizers,2019-01-01,7272061.0,17194.0,218,406.9633027522936,428.0,180,44,180,5,4,1.6301514995241646,2.1524898558550345
Delta,Germany,Mood Stabilizers,2019-02-01,19036005.0,53411.0,256,402.6640625,404.0,198,44,198,8,4,1.6704499703250368,2.09507608035726
Delta,Germany,Mood Stabilizers,2019-03-01,16748908.0,37268.0,309,417.97087378640776,404.0,235,44,235,4,4,1.5963624464247288,2.024035754659965
Delta,Germany,Mood Stabilizers,2019-04-01,9061117.0,28491.0,197,415.0253807106599,452.0,168,43,168,4,4,1.6245610374623014,2.203818554158666
Delta,Poland,Analgesics,2018-01-01,2368248.0,5822.0,181,436.0497237569061,458.0,120,41,120,8,4,1.436967088248165,2.3110488084515715
Delta,Poland,Analgesics,2018-02-01,2230341.0,6107.0,162,406.141975308642,435.0,113,42,113,8,4,1.377200707750033,2.2175496120248708
Delta,Poland,Analgesics,2018-03-01,3072283.0,7755.0,205,406.13170731707316,386.0,134,41,134,8,4,1.4780298736347535,2.251204339257824
Delta,Poland,Analgesics,2018-04-01,1678125.0,4236.0,135,414.26666666666665,435.0,99,39,99,8,4,1.4521398412094688,2.1877625270279606
Delta,Poland,Analgesics,2018-05-01,2741877.0,6756.0,160,417.9875,414.0,106,41,106,8,4,1.4334704898102528,2.1941921971666285
Delta,Poland,Analgesics,2018-06-01,1844923.0,4679.0,142,396.5211267605634,386.0,105,40,105,7,4,1.4275286794262174,2.1166915870051906
Delta,Poland,Analgesics,2018-07-01,1974446.0,6865.0,192,432.0520833333333,458.0,134,42,134,7,4,1.342381819997844,2.253754429386103
Delta,Poland,Analgesics,2018-08-01,4959748.0,11480.0,221,410.4343891402715,435.0,130,41,130,7,4,1.3691029840765845,2.316876899699854
Delta,Poland,Analgesics,2018-09-01,6424757.0,11986.0,183,431.90710382513663,435.0,119,42,119,6,4,1.4968026084491906,2.325985836409751
Delta,Poland,Analgesics,2018-10-01,3022826.0,6665.0,201,447.44776119402985,460.0,122,41,122,6,4,1.4222891043473795,2.358904068947593
Delta,Poland,Analgesics,2018-11-01,4368793.0,11918.0,220,426.35,458.0,135,42,135,8,4,1.3382265706442888,2.2246518379229707
Delta,Poland,Analgesics,2018-12-01,2760675.0,5932.0,196,457.08673469387753,494.5,130,41,130,7,4,1.4255732077618406,2.394067573895266
Delta,Poland,Antibiotics,2018-01-01,1587622.0,3428.0,158,423.2025316455696,451.0,110,35,110,8,4,1.5085819607216537,2.2555208585329094
Delta,Poland,Antibiotics,2018-02-01,2607293.0,7473.0,171,413.90058479532166,448.0,112,35,112,7,4,1.4314122672961644,2.1860941325218124
Delta,Poland,Antibiotics,2018-03-01,1859555.0,5738.0,170,410.1823529411765,430.0,109,35,109,8,4,1.3786314381884837,2.2596148166038375
Delta,Poland,Antibiotics,2018-04-01,1095072.0,2987.0,99,381.7979797979798,424.0,79,32,79,8,4,1.4952966206326856,2.520088496313922
Delta,Poland,Antibiotics,2018-05-01,2989473.0,9535.0,131,415.5038167938931,448.0,96,34,96,7,4,1.484637907370009,2.2824285167158678
Delta,Poland,Antibiotics,2018-06-01,4743004.0,11961.0,134,414.14925373134326,430.0,99,35,99,8,4,1.410798896029931,2.1707737349879737
Delta,Poland,Antibiotics,2018-07-01,1546337.0,3444.0,148,430.56081081081084,451.0,105,34,105,7,4,1.4412291001728537,2.3759468897050344
Delta,Poland,Antibiotics,2018-08-01,2636455.0,8009.0,167,423.4850299401198,448.0,114,34,114,7,4,1.2861680746717128,2.293128347393565
Delta,Poland,Antibiotics,2018-09-01,6208868.0,11921.0,147,451.4829931972789,458.0,101,33,101,7,4,1.4809472637713794,2.2340325754969026
Delta,Poland,Antibiotics,2018-10-01,2297090.0,4995.0,186,406.01612903225805,424.0,111,35,111,6,4,1.4463871587690569,2.3752427161990695
Delta,Poland,Antibiotics,2018-11-01,1898014.0,5761.0,168,426.55357142857144,452.0,113,35,113,8,4,1.4151532480433615,2.384940077084958
Delta,Poland,Antibiotics,2018-12-01,2114130.0,9248.0,126,380.86507936507934,412.5,90,35,90,7,4,1.373677984767277,2.232216445075192
Delta,Poland,Antimalarial,2018-01-01,1073342.0,3401.0,166,345.66265060240966,389.5,109,35,109,8,4,1.4559451258656502,2.3449760033659572
Delta,Poland,Antimalarial,2018-02-01,1418113.0,5370.0,145,345.2413793103448,402.0,104,35,104,8,4,1.474977036106713,2.367375901361005
Delta,Poland,Antimalarial,2018-03-01,1145939.0,4273.0,163,309.159509202454,248.0,112,35,112,8,4,1.392113607272783,2.416635208834738
Delta,Poland,Antimalarial,2018-04-01,1127643.0,3949.0,132,345.42424242424244,262.0,103,35,103,7,4,1.4800298608515496,2.3164474752995736
Delta,Poland,Antimalarial,2018-05-01,1850794.0,5022.0,108,334.24074074074076,319.5,83,35,83,8,4,1.4501266417962668,2.116082731160565
Delta,Poland,Antimalarial,2018-06-01,4189721.0,10922.0,127,323.5196850393701,248.0,97,35,97,8,4,1.5152001198264555,2.094724538126653
Delta,Poland,Antimalarial,2018-07-01,1349411.0,3966.0,155,347.46451612903223,402.0,106,35,106,8,4,1.4491310756122033,2.4231776643968295
Delta,Poland,Antimalarial,2018-08-01,3786398.0,9779.0,169,346.0059171597633,402.0,115,35,115,7,4,1.4234013198183069,2.4199377588660647
Delta,Poland,Antimalarial,2018-09-01,4698598.0,10292.0,147,309.7891156462585,248.0,106,35,106,7,4,1.3963368069841928,2.16678444252386
Delta,Poland,Antimalarial,2018-10-01,2031004.0,5212.0,161,355.2608695652174,402.0,109,35,109,7,4,1.3729819911373855,2.375113207246673
Delta,Poland,Antimalarial,2018-11-01,1981766.0,7228.0,174,325.08045977011494,377.0,114,35,114,7,4,1.3825296371848612,2.237790238358732
Delta,Poland,Antimalarial,2018-12-01,1304427.0,3669.0,172,341.7732558139535,377.0,115,35,115,7,4,1.3682124606178099,2.3810962920653975
Delta,Poland,Antipiretics,2018-01-01,2041504.0,4142.0,153,442.22222222222223,470.0,109,35,109,8,4,1.4626265373935552,2.2957228960773155
Delta,Poland,Antipiretics,2018-02-01,3742438.0,7749.0,160,468.95,487.0,117,35,117,8,4,1.4099486507944061,2.288135861433011
Delta,Poland,Antipiretics,2018-03-01,3942523.0,8178.0,173,467.95375722543355,487.0,120,33,120,8,4,1.4219172692568895,2.407892456098159
Delta,Poland,Antipiretics,2018-04-01,1269196.0,2680.0,118,460.0169491525424,487.0,88,34,88,7,4,1.411114457084301,2.2582015800315047
Delta,Poland,Antipiretics,2018-05-01,2032346.0,4362.0,131,484.1145038167939,470.0,92,31,92,7,4,1.451692875944536,2.44781761729857
Delta,Poland,Antipiretics,2018-06-01,1987082.0,5309.0,124,462.80645161290323,487.0,95,35,95,7,4,1.487580238863361,2.358915723125496
Delta,Poland,Antipiretics,2018-07-01,2168908.0,4388.0,154,471.97402597402595,487.0,104,35,104,7,4,1.388122148576441,2.3048386185752596
Delta,Poland,Antipiretics,2018-08-01,2545614.0,5925.0,173,462.7976878612717,487.0,114,35,114,7,4,1.4730882097168052,2.3665939311689503
Delta,Poland,Antipiretics,2018-09-01,4270981.0,8597.0,164,472.5853658536585,491.0,107,35,107,7,4,1.4309763043749117,2.411260615060193
Delta,Poland,Antipiretics,2018-10-01,2872505.0,6198.0,166,483.644578313253,492.0,116,35,116,6,4,1.3839629262098758,2.229512957222203
Delta,Poland,Antipiretics,2018-11-01,4682706.0,12419.0,173,461.7919075144509,487.0,111,35,111,8,4,1.4249706156933408,2.3158464399440795
Delta,Poland,Antipiretics,2018-12-01,1086010.0,3187.0,124,463.1693548387097,487.0,83,35,83,6,4,1.4626201093947735,2.3425017167627264
Delta,Poland,Antiseptics,2018-01-01,2851478.0,5888.0,242,432.0289256198347,445.0,135,49,135,8,4,1.3992371393114773,2.3460699294669247
Delta,Poland,Antiseptics,2018-02-01,3218514.0,7855.0,227,383.75770925110135,375.0,131,49,131,8,4,1.4085980414303954,2.2648213995058395
Delta,Poland,Antiseptics,2018-03-01,3277299.0,8761.0,230,416.83478260869566,416.0,139,49,139,9,4,1.4429022718131745,2.111816196969248
Delta,Poland,Antiseptics,2018-04-01,3231513.0,6612.0,179,433.79888268156424,416.0,112,47,112,7,4,1.395931333251964,2.483445252518234
Delta,Poland,Antiseptics,2018-05-01,3355356.0,7773.0,200,412.97,395.5,127,48,127,8,4,1.3557138647973512,2.166309047227449
Delta,Poland,Antiseptics,2018-06-01,3525537.0,9035.0,198,441.969696969697,457.0,128,48,128,8,4,1.418280798839754,2.2192593759878685
Delta,Poland,Antiseptics,2018-07-01,4974044.0,9659.0,235,430.1021276595745,445.0,131,49,131,8,4,1.3737795995900728,2.256656166248181
Delta,Poland,Antiseptics,2018-08-01,2993126.0,7851.0,220,395.8181818181818,382.5,133,49,133,7,4,1.4652385484541712,2.179074115890223
Delta,Poland,Antiseptics,2018-09-01,3488451.0,7703.0,185,430.8216216216216,390.0,117,48,117,7,4,1.4228921373879413,2.226376908324659
Delta,Poland,Antiseptics,2018-10-01,5669782.0,11714.0,246,419.9959349593496,416.0,139,49,139,7,4,1.4145977966063705,2.3883937151670747
Delta,Poland,Antiseptics,2018-11-01,3762448.0,11018.0,204,405.2598039215686,375.0,131,48,131,7,4,1.425645396646592,2.2222550437315953
Delta,Poland,Antiseptics,2018-12-01,2761178.0,6679.0,207,402.2028985507246,375.0,129,48,129,7,4,1.4401991234258387,2.277177283790371
Delta,Poland,Mood Stabilizers,2018-01-01,1973708.0,4789.0,183,407.6338797814208,452.0,114,44,114,8,4,1.5088316328011024,2.372406607565054
Delta,Poland,Mood Stabilizers,2018-02-01,3296199.0,7716.0,189,416.3703703703704,404.0,122,44,122,8,4,1.3930919483323785,2.2943595387911957
Delta,Poland,Mood Stabilizers,2018-03-01,3119146.0,8995.0,236,394.53389830508473,404.0,144,43,144,8,4,1.4249783519674644,2.320832638910857
Delta,Poland,Mood Stabilizers,2018-04-01,2390037.0,5334.0,139,413.28776978417267,404.0,102,42,102,7,4,1.5136246272000615,2.22928064636827
Delta,Poland,Mood Stabilizers,2018-05-01,1937904.0,5448.0,167,393.08383233532936,404.0,120,44,120,8,4,1.4787354129528434,2.3937130755209703
Delta,Poland,Mood Stabilizers,2018-06-01,3653593.0,8967.0,155,405.94193548387096,391.0,107,43,107,8,4,1.4842858934576537,2.27339392972289
Delta,Poland,Mood Stabilizers,2018-07-01,2965640.0,8616.0,205,396.0390243902439,391.0,129,43,129,8,4,1.3802107675231,2.342546770863379
Delta,Poland,Mood Stabilizers,2018-08-01,4236527.0,11033.0,215,405.6418604651163,404.0,128,44,128,7,4,1.4457659412869839,2.1254460811440197
Delta,Poland,Mood Stabilizers,2018-09-01,3796188.0,10467.0,170,385.6764705882353,391.0,117,43,117,6,4,1.4764111729127345,2.297695368473194
Delta,Poland,Mood Stabilizers,2018-10-01,2682379.0,6468.0,227,383.3348017621145,368.0,139,44,139,7,4,1.4179664257983813,2.3008530784933923
Delta,Poland,Mood Stabilizers,2018-11-01,3971355.0,8491.0,220,408.2,397.5,137,44,137,7,4,1.4632184152393364,2.27930662852434
Delta,Poland,Mood Stabilizers,2018-12-01,1615134.0,4285.0,169,357.38461538461536,334.0,112,43,112,7,4,1.5317864832661856,2.2888818506795205
