rank,k_distance,min_samples
1,1.5943994344182728,5
2,1.6077896900248612,5
3,1.6339862648066419,5
4,1.6506958559133011,5
5,1.6626905382539194,5
6,1.6857717955660474,5
7,1.7069243022865663,5
8,1.706924302286567,5
9,1.723118471375204,5
10,1.7308640457120155,5
11,1.734498851738274,5
12,1.7389987687107837,5
13,1.7408597876949357,5
14,1.785917950234725,5
15,1.789381270846868,5
16,1.794048712481009,5
17,1.7943914593577182,5
18,1.7983774120514977,5
19,1.7993887123785384,5
20,1.8127467098920598,5
21,1.8129979642621503,5
22,1.8177837032907824,5
23,1.821161764778628,5
24,1.830554384902577,5
25,1.8310800003091496,5
26,1.831571198490573,5
27,1.83401176417157,5
28,1.8348465350605978,5
29,1.837353324768605,5
30,1.8462092056262815,5
31,1.8462092056262815,5
32,1.8481200398685977,5
33,1.8563532627622166,5
34,1.8563532627622166,5
35,1.8579353195329684,5
36,1.8639172418532224,5
37,1.8672475274772111,5
38,1.8711768454737268,5
39,1.8726759739359613,5
40,1.8730835028958233,5
41,1.8753059924151065,5
42,1.8839297491191642,5
43,1.8866989088114208,5
44,1.8906494996791277,5
45,1.8914927605224425,5
46,1.8928297999762502,5
47,1.8962416274651874,5
48,1.8981751855029785,5
49,1.905835972158575,5
50,1.9083857211512227,5
51,1.9123081773625574,5
52,1.9229675960827386,5
53,1.926249147248397,5
54,1.926802512841312,5
55,1.9269390862324602,5
56,1.9269390862324602,5
57,1.9289199292967525,5
58,1.9312437797130486,5
59,1.9320693468645977,5
60,1.932608008660807,5
61,1.9423480440649845,5
62,1.9427411836916484,5
63,1.9433608930855142,5
64,1.9449856662068161,5
65,1.9449856662068161,5
66,1.9500768891255886,5
67,1.951095511385231,5
68,1.954521102160932,5
69,1.9560149529193387,5
70,1.9560303275858937,5
71,1.9579972730857982,5
72,1.9584274739246248,5
73,1.9584530834114038,5
74,1.9631319588955063,5
75,1.9644003530562935,5
76,1.964942107384188,5
77,1.9655818813370045,5
78,1.9677407843838977,5
79,1.9681273408032816,5
80,1.9695041261726585,5
81,1.9713243643987854,5
82,1.9740860741278918,5
83,1.9740860741278918,5
84,1.975189828380205,5
85,1.9752721157978996,5
86,1.9775439440092903,5
87,1.9781562213753363,5
88,1.9785975855427032,5
89,1.9821396655636694,5
90,1.9834943105614136,5
91,1.9858744355062063,5
92,1.9861258119679523,5
93,1.9864095680916143,5
94,1.988919828752648,5
95,1.9904962169857778,5
96,1.993691408097095,5
97,1.9945977966531574,5
98,1.9947797621130177,5
99,1.9947797621130177,5
100,1.9948784187000737,5
101,1.9962091784191343,5
102,1.9974184768461096,5
103,1.999004335193844,5
104,2.000001302328573,5
105,2.00018302976515,5
106,2.0001963525601583,5
107,2.0018301023965632,5
108,2.002069209476503,5
109,2.0021004487266443,5
110,2.0026522938832954,5
111,2.0053256130983734,5
112,2.0053342735111643,5
113,2.0053342735111643,5
114,2.0055330902724253,5
115,2.0062165070822,5
116,2.0069290201755834,5
117,2.00719052048073,5
118,2.0087322555694214,5
119,2.010806743057167,5
120,2.0110661171045723,5
121,2.0110661171045723,5
122,2.011208836974958,5
123,2.011418524565769,5
124,2.0125878132424675,5
125,2.0134020464025526,5
126,2.0134090073108872,5
127,2.0134208415009662,5
128,2.0146039660642288,5
129,2.0146039660642288,5
130,2.014914238012681,5
131,2.015155677775466,5
132,2.018646213857309,5
133,2.019590814655959,5
134,2.0221917373829212,5
135,2.023011663215889,5
136,2.0241446470033093,5
137,2.0246086981842666,5
138,2.0248461144521674,5
139,2.02536542389061,5
140,2.0259692450750464,5
141,2.036736071494796,5
142,2.0367613783414678,5
143,2.0367613783414678,5
144,2.0369382632169977,5
145,2.0372466926691835,5
146,2.0372466926691835,5
147,2.03973161082989,5
148,2.0419099271265253,5
149,2.0422159898150665,5
150,2.0429284077941645,5
151,2.043127491221763,5
152,2.044618884468597,5
153,2.046156592596641,5
154,2.0464593735428904,5
155,2.0470424879403457,5
156,2.0485754683508333,5
157,2.0495410275935098,5
158,2.0497660145749266,5
159,2.0524400681665083,5
160,2.0527218372188583,5
161,2.0548663996191756,5
162,2.0559362563204946,5
163,2.0565386698148167,5
164,2.056751530800382,5
165,2.0589022514598,5
166,2.0591369756295146,5
167,2.0591369756295146,5
168,2.0661263414713122,5
169,2.0662189005925606,5
170,2.067020018425767,5
171,2.0687693076469102,5
172,2.0701779732563184,5
173,2.0715517224156366,5
174,2.073009310050233,5
175,2.073009310050233,5
176,2.07309111527048,5
177,2.073235479979767,5
178,2.0769461090821197,5
179,2.0771115905605515,5
180,2.077250833831526,5
181,2.079069967158847,5
182,2.080485400731435,5
183,2.0823649040882892,5
184,2.0836195973396703,5
185,2.0836195973396703,5
186,2.083702605581218,5
187,2.084685558538356,5
188,2.084912413242901,5
189,2.085740408455216,5
190,2.086589752187822,5
191,2.086800032261721,5
192,2.08967873927116,5
193,2.0905064972171568,5
194,2.0935946991367507,5
195,2.0942765711606244,5
196,2.0946169405333603,5
197,2.0991204212230716,5
198,2.100024650643921,5
199,2.102162359027433,5
200,2.1024894680952597,5
201,2.102969159892406,5
202,2.103052524984471,5
203,2.1045769513718837,5
204,2.107694617366963,5
205,2.108263049203706,5
206,2.108867592810243,5
207,2.109345547084663,5
208,2.110736623405425,5
209,2.111983082579913,5
210,2.1125349291130746,5
211,2.1128073000775514,5
212,2.1138061606813743,5
213,2.115667736705969,5
214,2.1168950259758565,5
215,2.1180372095427047,5
216,2.1180372095427047,5
217,2.1189546112047943,5
218,2.1205672454192612,5
219,2.1219254800066163,5
220,2.122079350599796,5
221,2.122079350599796,5
222,2.1223149058009505,5
223,2.1231376154755237,5
224,2.124267777293277,5
225,2.124267777293277,5
226,2.1249308671361917,5
227,2.1250407222705108,5
228,2.126183092819061,5
229,2.126805244479492,5
230,2.127699595999248,5
231,2.1291449757162004,5
232,2.131260984670698,5
233,2.1313048812996738,5
234,2.131543679205025,5
235,2.1317632469467442,5
236,2.1329929275060344,5
237,2.133437867608344,5
238,2.1341931819135116,5
239,2.134277591017206,5
240,2.134731568037967,5
241,2.1350322209430166,5
242,2.135238531503926,5
243,2.137016895957231,5
244,2.1376150627225448,5
245,2.1378362437382337,5
246,2.1379902623020786,5
247,2.1380648071430697,5
248,2.1385521388491373,5
249,2.138742815966512,5
250,2.1388038902392577,5
251,2.1395087688668317,5
252,2.1415554566733452,5
253,2.1421213029866895,5
254,2.143120645651261,5
255,2.143881268046774,5
256,2.1444296614867504,5
257,2.145224663044045,5
258,2.1454790184027726,5
259,2.1461764265466807,5
260,2.1475392618055023,5
261,2.1486494505235725,5
262,2.1492855807150812,5
263,2.1497432368002616,5
264,2.152718887148699,5
265,2.1536686001247896,5
266,2.154007504910098,5
267,2.1543157859863955,5
268,2.1548857799219476,5
269,2.1570969377395546,5
270,2.157725675898997,5
271,2.1587104159180885,5
272,2.159481941929915,5
273,2.159909892536266,5
274,2.160160388975318,5
275,2.1617804518418606,5
276,2.1637304718377606,5
277,2.1638239083234008,5
278,2.163843907801414,5
279,2.1653352932637113,5
280,2.1653447982753553,5
281,2.1653447982753553,5
282,2.165425798167039,5
283,2.165425798167039,5
284,2.1656865429753664,5
285,2.1660559141643105,5
286,2.166198538865574,5
287,2.1673619989257773,5
288,2.1678286338337722,5
289,2.168205370680251,5
290,2.169450021594204,5
291,2.1700690620855565,5
292,2.1702774415644477,5
293,2.1713123646816674,5
294,2.1718344104100464,5
295,2.172318208582068,5
296,2.1726398034363408,5
297,2.173541880330991,5
298,2.174021177844299,5
299,2.1740331057990216,5
300,2.1744024464611447,5
301,2.174629278818162,5
302,2.17496418979548,5
303,2.174979797717413,5
304,2.176808905272802,5
305,2.176978241879464,5
306,2.1781127819426223,5
307,2.178995491285953,5
308,2.1799721376560095,5
309,2.180093117230164,5
310,2.180926777376157,5
311,2.1810857138551447,5
312,2.1831056557358135,5
313,2.1842091017946434,5
314,2.1867810444149858,5
315,2.186958983786533,5
316,2.1872150125928713,5
317,2.1876121779345445,5
318,2.187931948907139,5
319,2.1882686482615887,5
320,2.191751163321792,5
321,2.191934760035362,5
322,2.1921913170408667,5
323,2.1941492719678934,5
324,2.1943230682691084,5
325,2.1944684249158497,5
326,2.194592037405348,5
327,2.195042765144188,5
328,2.1972591584164665,5
329,2.1981731699806684,5
330,2.198953285715533,5
331,2.1990606139817537,5
332,2.2006405697916858,5
333,2.2010404269620025,5
334,2.203266372804799,5
335,2.203968095040325,5
336,2.206230061563348,5
337,2.2087036916933758,5
338,2.208864337746266,5
339,2.209084874918757,5
340,2.209912863874432,5
341,2.210942137742795,5
342,2.2131014093567365,5
343,2.2134427400954526,5
344,2.2134427400954526,5
345,2.2134474140451377,5
346,2.214437425229635,5
347,2.214633660935435,5
348,2.2153173052952,5
349,2.2169680598544304,5
350,2.218017817973455,5
351,2.218255297882799,5
352,2.2189906956163368,5
353,2.2191513277098087,5
354,2.220006879046688,5
355,2.2204210525693795,5
356,2.221875896107279,5
357,2.2221959110090745,5
358,2.222440877740752,5
359,2.2224586013343077,5
360,2.2227785256813446,5
361,2.2232738261003995,5
362,2.2234657486338727,5
363,2.2235369313874043,5
364,2.223835502802305,5
365,2.223953965331604,5
366,2.2241387080389567,5
367,2.2245998248295717,5
368,2.2247804013730113,5
369,2.225795032465214,5
370,2.2260551797095527,5
371,2.2275360983536197,5
372,2.2276699651525704,5
373,2.2281948732370442,5
374,2.228462456741884,5
375,2.228462456741884,5
376,2.2286327924502194,5
377,2.22925494889096,5
378,2.2298613459475334,5
379,2.2311043438280262,5
380,2.231811858884785,5
381,2.232271804536352,5
382,2.2331292627952544,5
383,2.2331428129823427,5
384,2.2335470880870862,5
385,2.2340475485504743,5
386,2.2352170322477365,5
387,2.2354369606663043,5
388,2.2359263434251377,5
389,2.2363027296581284,5
390,2.2373876401627197,5
391,2.2380868827786355,5
392,2.239533755887285,5
393,2.240574420358357,5
394,2.2421022349336215,5
395,2.2428069434635827,5
396,2.244283711794629,5
397,2.2446768180067833,5
398,2.2451710604675026,5
399,2.24623981281122,5
400,2.246839876885477,5
401,2.2468423493541896,5
402,2.2471719021241787,5
403,2.24721721705773,5
404,2.247920699753193,5
405,2.2490403479943986,5
406,2.2490618494225383,5
407,2.2510059821982398,5
408,2.2514482598825087,5
409,2.2519835112702093,5
410,2.252593258825143,5
411,2.2538639346772813,5
412,2.254896561762537,5
413,2.2554762303775195,5
414,2.255892881395892,5
415,2.2563369728628158,5
416,2.256708975202058,5
417,2.2569795283803,5
418,2.2574611961741735,5
419,2.2575198193770283,5
420,2.257519819377029,5
421,2.258060876399352,5
422,2.2583531319716457,5
423,2.2583741558144603,5
424,2.2591088816731117,5
425,2.259548011958533,5
426,2.259779939681765,5
427,2.2604173000584016,5
428,2.2604173000584016,5
429,2.2609413662456967,5
430,2.2609413662456967,5
431,2.262363814931266,5
432,2.262363814931266,5
433,2.2625618430500953,5
434,2.2625860361083556,5
435,2.2640960763495017,5
436,2.26472123054253,5
437,2.2654066906367305,5
438,2.2682572300843225,5
439,2.2684697482376226,5
440,2.26960550287483,5
441,2.270571537971312,5
442,2.2705927828893446,5
443,2.2718434709543223,5
444,2.2728191395688997,5
445,2.2729120345137916,5
446,2.2747214064410954,5
447,2.2750413378417385,5
448,2.2764975680797637,5
449,2.2765019688450483,5
450,2.277137810568014,5
451,2.277544537300325,5
452,2.2784043407669343,5
453,2.279460196349066,5
454,2.2812574707887765,5
455,2.2830209058450017,5
456,2.284344336195369,5
457,2.284399278410724,5
458,2.2844778518137105,5
459,2.285504449442724,5
460,2.2855339622961117,5
461,2.286577103113067,5
462,2.288142601720681,5
463,2.2883059513790975,5
464,2.2897399770107594,5
465,2.290245006652792,5
466,2.2903881274110764,5
467,2.290396189436108,5
468,2.292408017708946,5
469,2.2927058518436065,5
470,2.293383236125338,5
471,2.294170171596035,5
472,2.29421613408164,5
473,2.294524644118544,5
474,2.2946275725435443,5
475,2.294763184011026,5
476,2.2962826014217486,5
477,2.2967739908464124,5
478,2.2967739908464124,5
479,2.297274953418876,5
480,2.297608160061329,5
481,2.29776508652851,5
482,2.298525978419229,5
483,2.299018046090211,5
484,2.29924986913769,5
485,2.299522495639215,5
486,2.299522495639215,5
487,2.2996438140330886,5
488,2.2998480109422954,5
489,2.3001867764367616,5
490,2.3006476016455966,5
491,2.300779264383737,5
492,2.3007810476422677,5
493,2.301153249744754,5
494,2.301303197848649,5
495,2.3016316935211694,5
496,2.3031616817432194,5
497,2.3031868027109588,5
498,2.3036060846064474,5
499,2.303758958137238,5
500,2.3041309614177536,5
501,2.3053903521392045,5
502,2.3069183070895267,5
503,2.3073174494249384,5
504,2.3074408835395315,5
505,2.307881917715822,5
506,2.3079009404496205,5
507,2.3083627843265226,5
508,2.3084473994909387,5
509,2.3085921470423294,5
510,2.3094489088828825,5
511,2.3095826802018933,5
512,2.309646389431811,5
513,2.31039227891526,5
514,2.311429978168932,5
515,2.3118511818791916,5
516,2.3121962669232827,5
517,2.3126887263638265,5
518,2.3127143572700324,5
519,2.3137509070938718,5
520,2.314689650843288,5
521,2.3156857099760617,5
522,2.3159318893008316,5
523,2.3163580985929033,5
524,2.3169896958187453,5
525,2.3171917156663127,5
526,2.318076902973204,5
527,2.3183546393677803,5
528,2.319752507504724,5
529,2.320699905292269,5
530,2.321293953250096,5
531,2.324173546098193,5
532,2.324194542345474,5
533,2.3248307191595683,5
534,2.325305990375236,5
535,2.3255464780691892,5
536,2.325687808998058,5
537,2.3259137720623277,5
538,2.327062635746615,5
539,2.3284442317096077,5
540,2.328971449704149,5
541,2.3290978768100232,5
542,2.3315884250816237,5
543,2.332067709768946,5
544,2.332549755965064,5
545,2.332566160786212,5
546,2.332570818070253,5
547,2.3332789657221373,5
548,2.3337478185451124,5
549,2.3339614605724788,5
550,2.335300489563956,5
551,2.337040408671881,5
552,2.339204574439377,5
553,2.3396276192615786,5
554,2.340298839831933,5
555,2.3416816982470556,5
556,2.342654739081533,5
557,2.3433430785421923,5
558,2.3435852046364856,5
559,2.343946286274461,5
560,2.3441408483794874,5
561,2.3444943019398985,5
562,2.344502632599164,5
563,2.3449257808879023,5
564,2.3452831399350282,5
565,2.3453309114458385,5
566,2.3458881535006615,5
567,2.3469899508457477,5
568,2.3476677295781987,5
569,2.3483672890776064,5
570,2.349251177226602,5
571,2.349330338269504,5
572,2.3495426750033537,5
573,2.3503797303736635,5
574,2.3508725996954856,5
575,2.3516251445518455,5
576,2.3524730461803953,5
577,2.352546531324871,5
578,2.352546531324871,5
579,2.3530745238072446,5
580,2.3531646081307978,5
581,2.353222277896355,5
582,2.353695804455335,5
583,2.354962773944203,5
584,2.3551616929783887,5
585,2.355408914850346,5
586,2.355823919379384,5
587,2.35670161470014,5
588,2.357318785763715,5
589,2.357356540140575,5
590,2.357591465007264,5
591,2.358276175722541,5
592,2.3599862155709204,5
593,2.360318539335607,5
594,2.361395241546684,5
595,2.3615517985531116,5
596,2.3616216229214984,5
597,2.3616369078633053,5
598,2.3627308605015513,5
599,2.3629077899972897,5
600,2.363004466599044,5
601,2.3632009114838444,5
602,2.364286092447328,5
603,2.3659797149200794,5
604,2.3669587933566394,5
605,2.367185489114126,5
606,2.3673687530204908,5
607,2.3675479179408514,5
608,2.3684423666903003,5
609,2.3686266078089617,5
610,2.3686325335437877,5
611,2.3695761279378407,5
612,2.369781282509225,5
613,2.369831763142977,5
614,2.3701231355505477,5
615,2.370132042733606,5
616,2.3701593688913056,5
617,2.370485497382813,5
618,2.3707876609571046,5
619,2.371788033765488,5
620,2.372666255906577,5
621,2.372666255906577,5
622,2.372801200399607,5
623,2.373095583683626,5
624,2.3733912993065176,5
625,2.374179226451686,5
626,2.3746976621332943,5
627,2.3754096043163915,5
628,2.3754325705494512,5
629,2.3755556013616967,5
630,2.376150060703486,5
631,2.376471075695105,5
632,2.3766999645686355,5
633,2.3776026447826726,5
634,2.37797425065292,5
635,2.37830866729133,5
636,2.3798776417412166,5
637,2.3811305589376475,5
638,2.381179187788853,5
639,2.3812074413417452,5
640,2.3812470479043655,5
641,2.3816115710927943,5
642,2.381695046524902,5
643,2.3822891992637674,5
644,2.3823132099523976,5
645,2.382481556678333,5
646,2.3827399493451558,5
647,2.382858247108098,5
648,2.3839529447131804,5
649,2.3846211854578474,5
650,2.385377054745125,5
651,2.3861208129753693,5
652,2.3862507558235895,5
653,2.3862507558235895,5
654,2.3864137193547834,5
655,2.3873657581085554,5
656,2.3874054855819358,5
657,2.3887879565268326,5
658,2.3891326062242135,5
659,2.389183757801916,5
660,2.389530768321816,5
661,2.389960661095564,5
662,2.3909293864245877,5
663,2.392391231994816,5
664,2.3926835327089555,5
665,2.393440499931449,5
666,2.3936595804710974,5
667,2.393947189554087,5
668,2.3941146475503245,5
669,2.394160259997469,5
670,2.3958212877761116,5
671,2.3966557116113885,5
672,2.3967516269027733,5
673,2.397181952769539,5
674,2.3972767367279717,5
675,2.3973788626378285,5
676,2.397962170565623,5
677,2.398500087783748,5
678,2.3987382543177054,5
679,2.399441106183142,5
680,2.3995904018895584,5
681,2.4021823322432736,5
682,2.4024427677042364,5
683,2.4025011270479153,5
684,2.403155725058011,5
685,2.4038910176454444,5
686,2.4038910176454444,5
687,2.4040767026545926,5
688,2.404176163303224,5
689,2.4042507824765065,5
690,2.4042833109368162,5
691,2.404936465466461,5
692,2.4055203134538514,5
693,2.4058469859100624,5
694,2.408595763317043,5
695,2.4089315934176128,5
696,2.4090650279826744,5
697,2.4094547545249534,5
698,2.409459844069168,5
699,2.410376636739565,5
700,2.4106763494208345,5
701,2.4110820706308704,5
702,2.4112830601121127,5
703,2.4118376545914217,5
704,2.4118565671753633,5
705,2.412060962211083,5
706,2.4136492202950377,5
707,2.4140312270588713,5
708,2.414916616044369,5
709,2.414954740465559,5
710,2.414954740465559,5
711,2.41511080741278,5
712,2.415857369844567,5
713,2.4162391835195143,5
714,2.4171259685703483,5
715,2.417597388246887,5
716,2.4177788187394658,5
717,2.4177788187394658,5
718,2.418092695438273,5
719,2.4181981714710012,5
720,2.4184101348827354,5
721,2.4192528113526977,5
722,2.4196252047820197,5
723,2.4204097944228056,5
724,2.4214091012298504,5
725,2.4227473437524023,5
726,2.423739807654429,5
727,2.4242074338255595,5
728,2.4260083832836514,5
729,2.4266501331225396,5
730,2.426813236397333,5
731,2.4274041353694416,5
732,2.4275779838932223,5
733,2.427760283345792,5
734,2.427783826950141,5
735,2.428296223180164,5
736,2.428889435910667,5
737,2.4291057862579226,5
738,2.429193755435771,5
739,2.4295068583851194,5
740,2.4300315971879507,5
741,2.4301407529408614,5
742,2.430461991578021,5
743,2.430921908167464,5
744,2.431296773767562,5
745,2.4318237898923765,5
746,2.432549910714391,5
747,2.434469569536748,5
748,2.4345080755580635,5
749,2.434733850284434,5
750,2.4351460347781826,5
751,2.435154763233965,5
752,2.435165104272089,5
753,2.4351779126385495,5
754,2.4352374339168072,5
755,2.4353699991634286,5
756,2.436177813192932,5
757,2.4365272293508577,5
758,2.4367161509150925,5
759,2.438018122326752,5
760,2.4385281217284427,5
761,2.438541334739847,5
762,2.4396469259537583,5
763,2.4397121536579016,5
764,2.4401024984792183,5
765,2.4403955603533976,5
766,2.440501115623768,5
767,2.440546141094437,5
768,2.4408915835221237,5
769,2.441716883495809,5
770,2.441874092888489,5
771,2.4420492326599708,5
772,2.442669044526562,5
773,2.4429395595331487,5
774,2.4431585189002987,5
775,2.44334728022197,5
776,2.4434887182464013,5
777,2.443615565964745,5
778,2.4436351037626367,5
779,2.44366888631468,5
780,2.444628612597575,5
781,2.445017220490299,5
782,2.445408387108705,5
783,2.4455008822777513,5
784,2.4459333495623232,5
785,2.4460498142015776,5
786,2.446105917928316,5
787,2.4467094318219416,5
788,2.4469911585008868,5
789,2.447192099444689,5
790,2.447423326370255,5
791,2.447477517378404,5
792,2.447893300107682,5
793,2.4479446408416465,5
794,2.448081630146002,5
795,2.4491022869814474,5
796,2.449599322343837,5
797,2.449743155281143,5
798,2.4505815752820554,5
799,2.4520350925106187,5
800,2.4521008190311235,5
801,2.45252470043024,5
802,2.4530748325245906,5
803,2.453593966989703,5
804,2.4537141904336934,5
805,2.454108099135186,5
806,2.454923592590436,5
807,2.45499516306623,5
808,2.45499516306623,5
809,2.4557685799810947,5
810,2.456711848641628,5
811,2.457582310052543,5
812,2.457885594769614,5
813,2.457966447023338,5
814,2.4580405212235834,5
815,2.458562376378669,5
816,2.458679561808984,5
817,2.458679561808984,5
818,2.460422473401277,5
819,2.461628061183321,5
820,2.4620550651230806,5
821,2.4624292848046974,5
822,2.4624345328229302,5
823,2.4634292081468137,5
824,2.4649114845292224,5
825,2.465462337780569,5
826,2.465607140608807,5
827,2.4661718148622125,5
828,2.466248009325502,5
829,2.4686615917980816,5
830,2.469313100931469,5
831,2.469542268442465,5
832,2.469649824817982,5
833,2.470293321380109,5
834,2.470424740978992,5
835,2.471033099755064,5
836,2.471388247002363,5
837,2.471407148753806,5
838,2.471407148753806,5
839,2.4716787430901648,5
840,2.4717485988133627,5
841,2.472852533057006,5
842,2.4729206269139716,5
843,2.4741118112306477,5
844,2.475935119769497,5
845,2.4762129866887514,5
846,2.4765215677706305,5
847,2.477249591319656,5
848,2.47783764256486,5
849,2.4782280695289196,5
850,2.478465372412131,5
851,2.47874859893448,5
852,2.479405713453599,5
853,2.4796042324420777,5
854,2.480156909909859,5
855,2.4802382367417333,5
856,2.4805737112040225,5
857,2.4805737112040225,5
858,2.4808450062569913,5
859,2.481183611207757,5
860,2.481183611207757,5
861,2.481241358969952,5
862,2.4812819005670392,5
863,2.4818019425440507,5
864,2.481806110395483,5
865,2.48196136407891,5
866,2.4829970352052992,5
867,2.4833185411576464,5
868,2.48338051717541,5
869,2.48341357564197,5
870,2.483781488410375,5
871,2.4846558075269316,5
872,2.484761518270984,5
873,2.4849972877376416,5
874,2.4851326758555055,5
875,2.4858773632487616,5
876,2.48595690149661,5
877,2.486185525371333,5
878,2.4863753780439226,5
879,2.4867616523820604,5
880,2.4873896294548214,5
881,2.48820775026238,5
882,2.488224861507298,5
883,2.488224861507298,5
884,2.4891449942566557,5
885,2.4893320280611047,5
886,2.489488847809814,5
887,2.4896962613355478,5
888,2.4897900389468557,5
889,2.4908024508395905,5
890,2.491040221813621,5
891,2.491350872875156,5
892,2.4914663398541577,5
893,2.492179004282432,5
894,2.4924230051023506,5
895,2.492695323764349,5
896,2.493228747969031,5
897,2.493228747969031,5
898,2.493484727136901,5
899,2.49387920839977,5
900,2.4942295058663966,5
901,2.495441433689617,5
902,2.4968433070608724,5
903,2.4972114711614144,5
904,2.4977243885978577,5
905,2.49976258687757,5
906,2.5006861281682067,5
907,2.5007937794971067,5
908,2.501082900668062,5
909,2.501997228622919,5
910,2.502619186542537,5
911,2.5038126964287604,5
912,2.503825467913508,5
913,2.5039070780701747,5
914,2.5044965272521473,5
915,2.507208588686022,5
916,2.507227817657418,5
917,2.5075918262053083,5
918,2.5078369374649245,5
919,2.5079339812227475,5
920,2.509744035510182,5
921,2.5101979729764294,5
922,2.5110784143753344,5
923,2.511547737243472,5
924,2.5115634651825904,5
925,2.512540265334884,5
926,2.5125877831265053,5
927,2.5126951653291276,5
928,2.5127177110960566,5
929,2.5135789676176907,5
930,2.5136000806556558,5
931,2.5138715237923788,5
932,2.5143901503492105,5
933,2.5144218055230323,5
934,2.5150469285038164,5
935,2.5152637601752343,5
936,2.5152637601752343,5
937,2.5153584994900373,5
938,2.515419381655006,5
939,2.5156840142840102,5
940,2.5162867125419544,5
941,2.5164515558174525,5
942,2.516813298550917,5
943,2.5172169617009814,5
944,2.518133862800522,5
945,2.518193579488297,5
946,2.519473410612347,5
947,2.519718356086914,5
948,2.519825994944615,5
949,2.51989400016809,5
950,2.5199776537952885,5
951,2.520266879190648,5
952,2.520486547611584,5
953,2.521313517806841,5
954,2.5215421191680516,5
955,2.521730710679913,5
956,2.5224546056530586,5
957,2.523274739877799,5
958,2.523482092373144,5
959,2.5242962719076827,5
960,2.5247830605200585,5
961,2.525594443231557,5
962,2.525790224266958,5
963,2.5258396276214388,5
964,2.5258396276214388,5
965,2.526057701201461,5
966,2.526290326878649,5
967,2.5271077437577727,5
968,2.527207625141805,5
969,2.5272471116429296,5
970,2.5274416240678526,5
971,2.527704471648939,5
972,2.5285169704036163,5
973,2.528752211068761,5
974,2.528809462535426,5
975,2.529156780306118,5
976,2.529472335676636,5
977,2.5302740350699597,5
978,2.530407309152859,5
979,2.530521044710309,5
980,2.531824643489059,5
981,2.532178555831051,5
982,2.532677733954333,5
983,2.532778176223289,5
984,2.533198954048434,5
985,2.5335196105683497,5
986,2.5335256974654343,5
987,2.533812583361161,5
988,2.5341205613902624,5
989,2.5341205613902624,5
990,2.535262111706661,5
991,2.5355065367471568,5
992,2.5355189430137375,5
993,2.5357373412711413,5
994,2.5361560817419186,5
995,2.53663161622929,5
996,2.537738202552915,5
997,2.5380755920148306,5
998,2.538704866533575,5
999,2.53879292881203,5
1000,2.538862182786411,5
1001,2.5389979956048174,5
1002,2.5390283955070556,5
1003,2.53906581659023,5
1004,2.539164588559134,5
1005,2.539611806989466,5
1006,2.539932640498135,5
1007,2.5401224018463022,5
1008,2.54012703838849,5
1009,2.540669627438436,5
1010,2.540782602233074,5
1011,2.5427834137365464,5
1012,2.545401418320437,5
1013,2.5497720534405524,5
1014,2.550027924176931,5
1015,2.5503573275803926,5
1016,2.5514785269414917,5
1017,2.551607879024835,5
1018,2.5533641828527274,5
1019,2.5537280563186444,5
1020,2.5538050935095318,5
1021,2.5538650118790986,5
1022,2.553940758588859,5
1023,2.5546405204072995,5
1024,2.554682545933046,5
1025,2.5548383849186798,5
1026,2.5549989103395503,5
1027,2.55537446669727,5
1028,2.555668367061808,5
1029,2.555813885195989,5
1030,2.5565924678724343,5
1031,2.556711549555097,5
1032,2.5567469718979656,5
1033,2.557058040542855,5
1034,2.5576914573683722,5
1035,2.5593270035895306,5
1036,2.5593824491263235,5
1037,2.5594982654419742,5
1038,2.559709365770393,5
1039,2.5601020053832038,5
1040,2.561318686017582,5
1041,2.5618899764328127,5
1042,2.562163840737336,5
1043,2.562249721589978,5
1044,2.5627369716007826,5
1045,2.5631353440127365,5
1046,2.5636959409641493,5
1047,2.5637722635167686,5
1048,2.5642706633419916,5
1049,2.5642819897449387,5
1050,2.565536599921713,5
1051,2.5659482328861616,5
1052,2.566048930790924,5
1053,2.566068018015156,5
1054,2.56613738327294,5
1055,2.5664024660949067,5
1056,2.566732254438027,5
1057,2.5674435043492605,5
1058,2.5674435043492605,5
1059,2.5678430268767882,5
1060,2.5679366726147816,5
1061,2.568651147970301,5
1062,2.569455422780768,5
1063,2.569570640487855,5
1064,2.569871405793116,5
1065,2.569993594947341,5
1066,2.5702915980749936,5
1067,2.5717329159416678,5
1068,2.572219408404293,5
1069,2.572471200455601,5
1070,2.572655226913258,5
1071,2.573576144701167,5
1072,2.574679613226614,5
1073,2.5748082303556066,5
1074,2.574887827541105,5
1075,2.5750076430462188,5
1076,2.575062586486498,5
1077,2.575942133360225,5
1078,2.576146429515452,5
1079,2.5762002319626824,5
1080,2.576335982104765,5
1081,2.5765759037586355,5
1082,2.5765838615189396,5
1083,2.5767524039386354,5
1084,2.576988776580312,5
1085,2.5774750873113077,5
1086,2.5783228153256377,5
1087,2.5794684879595926,5
1088,2.5801074686265157,5
1089,2.5807539576097454,5
1090,2.581495143846144,5
1091,2.581577912455115,5
1092,2.5816086517953067,5
1093,2.5816398174914577,5
1094,2.5817329475460427,5
1095,2.5822357279523773,5
1096,2.5827218227958855,5
1097,2.582911147893092,5
1098,2.5830235421357854,5
1099,2.5831866550242744,5
1100,2.5832204142302992,5
1101,2.5834653871855062,5
1102,2.5835020057552898,5
1103,2.5843198141470207,5
1104,2.5843888319761663,5
1105,2.5843965476470427,5
1106,2.585672311876112,5
1107,2.586566281136472,5
1108,2.586883992481228,5
1109,2.5869711465418157,5
1110,2.5876578477397163,5
1111,2.587968988003455,5
1112,2.588259593516341,5
1113,2.588497434244684,5
1114,2.590892865546598,5
1115,2.5913863932199277,5
1116,2.592365126948421,5
1117,2.5934294707652485,5
1118,2.5934294707652485,5
1119,2.593682529194201,5
1120,2.593805837981465,5
1121,2.59445885481404,5
1122,2.594533390133125,5
1123,2.595302109590261,5
1124,2.595540236206641,5
1125,2.5956984420007068,5
1126,2.596050074429738,5
1127,2.596453379927189,5
1128,2.5966999714543806,5
1129,2.597284789266142,5
1130,2.5974714852140295,5
1131,2.597572855027079,5
1132,2.597638262174374,5
1133,2.598143375539439,5
1134,2.5982443157921495,5
1135,2.5988135374707664,5
1136,2.5995433632243463,5
1137,2.5995433632243463,5
1138,2.6002432905893684,5
1139,2.6002432905893684,5
1140,2.600449691475175,5
1141,2.600585153072247,5
1142,2.600717070116606,5
1143,2.6008119459755816,5
1144,2.6010431553922166,5
1145,2.6018405190664975,5
1146,2.6021879996972026,5
1147,2.6023911685341568,5
1148,2.602840193342792,5
1149,2.60292142558009,5
1150,2.603062016679661,5
1151,2.6030900772148127,5
1152,2.6039160325429815,5
1153,2.6043007357488555,5
1154,2.6044911692069936,5
1155,2.6052761989043525,5
1156,2.6054145637123804,5
1157,2.605582834708698,5
1158,2.607168105564688,5
1159,2.607377996117348,5
1160,2.6074834619585143,5
1161,2.608226437783864,5
1162,2.6082273183823084,5
1163,2.6085845418848264,5
1164,2.6096039792085812,5
1165,2.6098753456621684,5
1166,2.610721976310437,5
1167,2.6109917432164065,5
1168,2.6110770982142193,5
1169,2.61120232289528,5
1170,2.6115422850323817,5
1171,2.6118960255697683,5
1172,2.6120488432005007,5
1173,2.612074461517656,5
1174,2.612871418301882,5
1175,2.6131027221303347,5
1176,2.6132147835809207,5
1177,2.613822993540754,5
1178,2.6138932444884806,5
1179,2.6151375641533434,5
1180,2.6152525151069472,5
1181,2.6164561735623337,5
1182,2.6167556943739103,5
1183,2.616788731658714,5
1184,2.616974925155546,5
1185,2.617524671915589,5
1186,2.6178785627143943,5
1187,2.618177004383169,5
1188,2.6184404181716694,5
1189,2.619594440397504,5
1190,2.6203480214784958,5
1191,2.6205009320412493,5
1192,2.620671260490859,5
1193,2.620815286485955,5
1194,2.621052946548171,5
1195,2.6216754552536363,5
1196,2.6220599450315802,5
1197,2.6221600837415147,5
1198,2.6221977691769403,5
1199,2.622208489959477,5
1200,2.62249403746864,5
1201,2.622590818632257,5
1202,2.6227659265429106,5
1203,2.622845087506199,5
1204,2.622845087506199,5
1205,2.6229524708537473,5
1206,2.623869120467796,5
1207,2.623869120467796,5
1208,2.6240546237305304,5
1209,2.6253295762243316,5
1210,2.6254950803318025,5
1211,2.6256127846377466,5
1212,2.625732606259706,5
1213,2.6258605271642304,5
1214,2.626263631096678,5
1215,2.6263045849362308,5
1216,2.6270718755770464,5
1217,2.62742196289115,5
1218,2.6275492035839503,5
1219,2.6276834025932376,5
1220,2.628864193519722,5
1221,2.628939498580021,5
1222,2.629001356855854,5
1223,2.629363101621946,5
1224,2.630131855737533,5
1225,2.630131855737533,5
1226,2.630164672448025,5
1227,2.6313187667889117,5
1228,2.6317119735478025,5
1229,2.6318661318505425,5
1230,2.6322879626966635,5
1231,2.6336628390903623,5
1232,2.6341119301074456,5
1233,2.634745615918383,5
1234,2.634917077755929,5
1235,2.6350647307614987,5
1236,2.6353945501252753,5
1237,2.6357292337576994,5
1238,2.636112970796299,5
1239,2.636398675576471,5
1240,2.6366661112376075,5
1241,2.6368482711049905,5
1242,2.6370606832577326,5
1243,2.6372637757285755,5
1244,2.637379545633151,5
1245,2.637426047919537,5
1246,2.6376465737619523,5
1247,2.6385140797264675,5
1248,2.638517715091088,5
1249,2.638733249470242,5
1250,2.6390854092213365,5
1251,2.639343844114346,5
1252,2.6408173620746855,5
1253,2.641946859946811,5
1254,2.641956754173175,5
1255,2.6420622199819417,5
1256,2.6433209282280403,5
1257,2.6434318858795733,5
1258,2.6434793631820637,5
1259,2.6454278009934944,5
1260,2.646640486572638,5
1261,2.6472784724007203,5
1262,2.6478075025617245,5
1263,2.6480971596689153,5
1264,2.6481186781781996,5
1265,2.64824580904722,5
1266,2.648553466488474,5
1267,2.648772118726205,5
1268,2.6491807607591458,5
1269,2.650016362553686,5
1270,2.6501161208241975,5
1271,2.650120959148415,5
1272,2.65146605274518,5
1273,2.6518759844543647,5
1274,2.653401821149226,5
1275,2.6534431363888684,5
1276,2.65360140271681,5
1277,2.6538004784621716,5
1278,2.6559461345402453,5
1279,2.656220331326097,5
1280,2.657496201615321,5
1281,2.657496201615321,5
1282,2.6578654175502567,5
1283,2.65790889588506,5
1284,2.657976220648085,5
1285,2.65817129755103,5
1286,2.6584709194574203,5
1287,2.65947937362489,5
1288,2.65947937362489,5
1289,2.6597761570626366,5
1290,2.6606398761367314,5
1291,2.660942529953526,5
1292,2.661178447681529,5
1293,2.6621172091698,5
1294,2.662415226495758,5
1295,2.663205372788127,5
1296,2.664440021501273,5
1297,2.664440021501273,5
1298,2.6645425787351984,5
1299,2.6647683450624133,5
1300,2.6651481473850276,5
1301,2.6656881821510443,5
1302,2.666006914265665,5
1303,2.6661793230352226,5
1304,2.6665715184057883,5
1305,2.666578084378158,5
1306,2.666930297283414,5
1307,2.6670419701522285,5
1308,2.667198617776615,5
1309,2.66777497387822,5
1310,2.667960680130727,5
1311,2.668799468544048,5
1312,2.669039361939964,5
1313,2.66923834430423,5
1314,2.669977193873738,5
1315,2.6705509856144745,5
1316,2.6708372752403067,5
1317,2.671413799934535,5
1318,2.671584874565397,5
1319,2.6718481334739907,5
1320,2.6719824034764184,5
1321,2.6726192789372356,5
1322,2.672689749770075,5
1323,2.673058435094559,5
1324,2.674477484378782,5
1325,2.6745614386490466,5
1326,2.674786994152476,5
1327,2.6747948057203734,5
1328,2.675270690109252,5
1329,2.6756528479938217,5
1330,2.6759944792161776,5
1331,2.676500582492959,5
1332,2.6770029203518457,5
1333,2.677308546380896,5
1334,2.677527896655125,5
1335,2.6780167106022965,5
1336,2.6785821502184683,5
1337,2.679304640742184,5
1338,2.6793728881588788,5
1339,2.6796372149086425,5
1340,2.679761318562012,5
1341,2.6804616721051104,5
1342,2.680661717432166,5
1343,2.6808898222886186,5
1344,2.681332208300337,5
1345,2.681337878587261,5
1346,2.681404677852304,5
1347,2.6820079017405303,5
1348,2.682275613804593,5
1349,2.6824506766600043,5
1350,2.6824593888359103,5
1351,2.6826196730486362,5
1352,2.682764776228864,5
1353,2.6830474130903066,5
1354,2.683053176432326,5
1355,2.683922022117606,5
1356,2.683922022117606,5
1357,2.684002225830336,5
1358,2.6843845424573813,5
1359,2.68446274408119,5
1360,2.6845291846828174,5
1361,2.6847918984652197,5
1362,2.6852490365800556,5
1363,2.6853610011395244,5
1364,2.685858448581614,5
1365,2.6858654859272555,5
1366,2.68646894553001,5
1367,2.687433863376341,5
1368,2.687665370277777,5
1369,2.6876952648610106,5
1370,2.6878710467883105,5
1371,2.688208111673127,5
1372,2.6883007365588614,5
1373,2.6883007365588614,5
1374,2.688407411926346,5
1375,2.6885808958913358,5
1376,2.688607361047027,5
1377,2.688790438583449,5
1378,2.6896625420573472,5
1379,2.69058694208135,5
1380,2.690911223051296,5
1381,2.6913242302700175,5
1382,2.691360516894653,5
1383,2.6917751741257505,5
1384,2.691832245217838,5
1385,2.6928881998012666,5
1386,2.693061584743001,5
1387,2.693122090337457,5
1388,2.693271646534687,5
1389,2.6937542957811527,5
1390,2.6937951744128985,5
1391,2.6952743019184826,5
1392,2.695756428455365,5
1393,2.695996760527982,5
1394,2.696518568741565,5
1395,2.6977599542062562,5
1396,2.6980553320188583,5
1397,2.698146518192799,5
1398,2.698320811416856,5
1399,2.6993212280731895,5
1400,2.6995857971897297,5
1401,2.7006195853622796,5
1402,2.7012635732539607,5
1403,2.7013208374378683,5
1404,2.7018697380261045,5
1405,2.7025171379993576,5
1406,2.7027072050166594,5
1407,2.7030337246784057,5
1408,2.703307811276804,5
1409,2.7040308896059093,5
1410,2.7040308896059093,5
1411,2.7042092283779073,5
1412,2.705073699241217,5
1413,2.7057758095543534,5
1414,2.7063934829112384,5
1415,2.7067310258378248,5
1416,2.707041307662543,5
1417,2.7071367248004403,5
1418,2.707720379165969,5
1419,2.7080090060336404,5
1420,2.708026677322399,5
1421,2.7093012119503257,5
1422,2.710044694080609,5
1423,2.7101308324985958,5
1424,2.7103394890816666,5
1425,2.7105359081582385,5
1426,2.7105776238366395,5
1427,2.710744196296721,5
1428,2.7108030388005013,5
1429,2.7110582297594337,5
1430,2.7116651048994695,5
1431,2.711719769284287,5
1432,2.7117948210820697,5
1433,2.712155214623388,5
1434,2.7124771210056395,5
1435,2.7127253539504137,5
1436,2.7130095804797394,5
1437,2.7130363800055486,5
1438,2.713092693050423,5
1439,2.7132324758082347,5
1440,2.7136598941007124,5
1441,2.714646012852768,5
1442,2.714806275366543,5
1443,2.7149625697345496,5
1444,2.715486986136823,5
1445,2.716316857085381,5
1446,2.716573897538872,5
1447,2.718176476291047,5
1448,2.7185205268736503,5
1449,2.7192564199380294,5
1450,2.719438482265472,5
1451,2.7195739801723464,5
1452,2.7199012222644656,5
1453,2.719985504616926,5
1454,2.721667620647695,5
1455,2.7218487066390242,5
1456,2.7225239197588436,5
1457,2.723197204600911,5
1458,2.724968409826337,5
1459,2.7250866096525392,5
1460,2.72565071853253,5
1461,2.72623958668858,5
1462,2.7269955607954484,5
1463,2.7272675646917177,5
1464,2.72811395671221,5
1465,2.728794947583854,5
1466,2.728838192823711,5
1467,2.729382994252228,5
1468,2.729479099713904,5
1469,2.729651001265027,5
1470,2.72968813071358,5
1471,2.730129508513029,5
1472,2.7306790529245064,5
1473,2.73077816840544,5
1474,2.73077816840544,5
1475,2.73085851703074,5
1476,2.7321065695968643,5
1477,2.732334895596079,5
1478,2.7325992150329075,5
1479,2.732603010960072,5
1480,2.733268532813888,5
1481,2.7339026957626755,5
1482,2.7339349129402146,5
1483,2.7339953543005593,5
1484,2.734728827702561,5
1485,2.734771633476483,5
1486,2.7348650987767207,5
1487,2.7348650987767207,5
1488,2.7355229333722377,5
1489,2.7356542196098634,5
1490,2.7360495975229973,5
1491,2.736595519824279,5
1492,2.7370595709388756,5
1493,2.7370595709388756,5
1494,2.7374748572320953,5
1495,2.737559581267966,5
1496,2.738052889409162,5
1497,2.739167096746461,5
1498,2.7395161365366203,5
1499,2.7395883114487485,5
1500,2.739588454821842,5
1501,2.740541018242548,5
1502,2.741043362363112,5
1503,2.741137269777171,5
1504,2.741770004536903,5
1505,2.74186880413297,5
1506,2.7418915269411275,5
1507,2.7418915269411275,5
1508,2.7419524225813894,5
1509,2.7420251174111017,5
1510,2.742095889992742,5
1511,2.742332026628582,5
1512,2.7423877174549993,5
1513,2.7424929793524266,5
1514,2.7427997233422436,5
1515,2.7429062231727013,5
1516,2.74307933511119,5
1517,2.74311051991011,5
1518,2.7432243694991505,5
1519,2.7433458385054896,5
1520,2.743943988047888,5
1521,2.7439452502948107,5
1522,2.7444343337876416,5
1523,2.7447214613216895,5
1524,2.7467430411079716,5
1525,2.7476458235786487,5
1526,2.7477208151667973,5
1527,2.748166287421871,5
1528,2.7484012341277952,5
1529,2.74840529702254,5
1530,2.748580572203437,5
1531,2.748705533487004,5
1532,2.7489097408490744,5
1533,2.7491477894100567,5
1534,2.7491477894100567,5
1535,2.749460730771509,5
1536,2.7497312873681694,5
1537,2.749749984164084,5
1538,2.750047866786544,5
1539,2.7515431229106446,5
1540,2.7523221128731823,5
1541,2.752494582659267,5
1542,2.753671373021647,5
1543,2.7541737610951684,5
1544,2.75423299591289,5
1545,2.75444155833669,5
1546,2.7549620579655727,5
1547,2.755796651740041,5
1548,2.7561329595332715,5
1549,2.756375753665353,5
1550,2.7565113697990347,5
1551,2.756542377531145,5
1552,2.756573185800064,5
1553,2.7566042198622065,5
1554,2.756608040787001,5
1555,2.7568817873796507,5
1556,2.757165260132077,5
1557,2.7572936462473723,5
1558,2.757429140333473,5
1559,2.7582412906883285,5
1560,2.759002188604592,5
1561,2.759240659437962,5
1562,2.7595872970498765,5
1563,2.759796873264937,5
1564,2.7599732844144347,5
1565,2.7603385154116924,5
1566,2.760585635705639,5
1567,2.761207826275852,5
1568,2.762263983145882,5
1569,2.7625502410434604,5
1570,2.7638687695992745,5
1571,2.7640046742548763,5
1572,2.765376297762381,5
1573,2.7657646615934635,5
1574,2.765863309807188,5
1575,2.7659423552745532,5
1576,2.7660363333130573,5
1577,2.766179032425105,5
1578,2.7663872916053243,5
1579,2.766926284051673,5
1580,2.7680835791827962,5
1581,2.7684906302875394,5
1582,2.7688601931956183,5
1583,2.7688626204366478,5
1584,2.7689392809513,5
1585,2.7690665714725857,5
1586,2.769209120333339,5
1587,2.770215383063162,5
1588,2.770440890295208,5
1589,2.7706247674681426,5
1590,2.770662660919417,5
1591,2.7707993040471757,5
1592,2.7711510507993546,5
1593,2.7741002319584926,5
1594,2.77448877766934,5
1595,2.77448877766934,5
1596,2.7748849300638287,5
1597,2.774918850490935,5
1598,2.77507655996075,5
1599,2.775211636762185,5
1600,2.7752120579735395,5
1601,2.775262166873554,5
1602,2.7759227465203553,5
1603,2.7760428455182495,5
1604,2.7761780907320066,5
1605,2.77664718508322,5
1606,2.776955383650205,5
1607,2.7771440602462802,5
1608,2.777507647290194,5
1609,2.7784348345973258,5
1610,2.7789556124006616,5
1611,2.779088186293031,5
1612,2.7793448184845837,5
1613,2.7794624658381912,5
1614,2.7799860160586,5
1615,2.7800029108264486,5
1616,2.7807454259937154,5
1617,2.7817659311317313,5
1618,2.782084983306697,5
1619,2.7822941186525845,5
1620,2.78303478046515,5
1621,2.783050654787086,5
1622,2.783172144824637,5
1623,2.7833430844650713,5
1624,2.783350321800949,5
1625,2.7840784192333476,5
1626,2.7845389544033985,5
1627,2.7847624303572873,5
1628,2.784774383810546,5
1629,2.7849498996060995,5
1630,2.785235463905644,5
1631,2.785397902106854,5
1632,2.7867445648100078,5
1633,2.786820258448408,5
1634,2.78702810318093,5
1635,2.787453865961398,5
1636,2.787982028261006,5
1637,2.7886024755151393,5
1638,2.788632698757856,5
1639,2.78891811771272,5
1640,2.7890645207867455,5
1641,2.789316878601484,5
1642,2.789316878601484,5
1643,2.7895432276519965,5
1644,2.7896438455383143,5
1645,2.789989769731803,5
1646,2.7903267823660833,5
1647,2.7910290775703808,5
1648,2.7915934622640877,5
1649,2.7917076005484827,5
1650,2.7917720008296296,5
1651,2.791989952717324,5
1652,2.7921593429779037,5
1653,2.792542985970942,5
1654,2.7926104862999983,5
1655,2.792721319346268,5
1656,2.7938643040840994,5
1657,2.7945342265275297,5
1658,2.794628984673661,5
1659,2.794940936617751,5
1660,2.794940936617751,5
1661,2.795210511578964,5
1662,2.795479883379528,5
1663,2.7961801704576836,5
1664,2.7962800711312794,5
1665,2.7963603886028814,5
1666,2.796468080518447,5
1667,2.7964946142214715,5
1668,2.7970151571512276,5
1669,2.7978537197865183,5
1670,2.798863337553412,5
1671,2.8009453663782926,5
1672,2.8011203048330025,5
1673,2.80129845109149,5
1674,2.8014149076310777,5
1675,2.8018902377308095,5
1676,2.8020823834175,5
1677,2.8024518679892463,5
1678,2.8026046589565254,5
1679,2.802637302907203,5
1680,2.8029569895004744,5
1681,2.8038880477774937,5
1682,2.804318286687601,5
1683,2.8045334717615122,5
1684,2.8051295159068443,5
1685,2.805500363186973,5
1686,2.805500363186973,5
1687,2.8061854311418064,5
1688,2.8067918544714123,5
1689,2.80684516046663,5
1690,2.807893419666907,5
1691,2.8083227488800726,5
1692,2.8085551448459163,5
1693,2.808568679252556,5
1694,2.8087998427205623,5
1695,2.810092302269325,5
1696,2.8103640136934507,5
1697,2.8105061078576403,5
1698,2.8116962127320373,5
1699,2.812614591145106,5
1700,2.813028641103505,5
1701,2.8132510819071,5
1702,2.8137962255289843,5
1703,2.814398694943102,5
1704,2.8146904721158448,5
1705,2.8148634860318302,5
1706,2.815526817778526,5
1707,2.8156794736697575,5
1708,2.8159595170307523,5
1709,2.8161016888445958,5
1710,2.8169721508750953,5
1711,2.8173942478770715,5
1712,2.818351503895474,5
1713,2.818351503895474,5
1714,2.8185036914974178,5
1715,2.8186373497890345,5
1716,2.8187996340420494,5
1717,2.819030249091008,5
1718,2.8197126761847895,5
1719,2.8200468522069686,5
1720,2.820302665251428,5
1721,2.820628516946967,5
1722,2.8207912607702625,5
1723,2.8209316527981687,5
1724,2.8223909304367982,5
1725,2.8226823267066212,5
1726,2.8231329141149057,5
1727,2.8234351518628853,5
1728,2.823538653291582,5
1729,2.823948840264718,5
1730,2.8243207223239173,5
1731,2.8248078920943436,5
1732,2.8248310067992484,5
1733,2.824951852549909,5
1734,2.825280940359411,5
1735,2.82675019632248,5
1736,2.8273679023406633,5
1737,2.8279768893470094,5
1738,2.82912597422473,5
1739,2.8292570322303283,5
1740,2.8294675079908593,5
1741,2.8304190763561414,5
1742,2.8308753305286682,5
1743,2.8310905084206324,5
1744,2.8312876582400164,5
1745,2.831321204489409,5
1746,2.831930934334048,5
1747,2.8319617683248834,5
1748,2.8319682778325057,5
1749,2.832524718706066,5
1750,2.8325517848308595,5
1751,2.8325847874023897,5
1752,2.8327278407334795,5
1753,2.833223312051051,5
1754,2.8336074061696026,5
1755,2.8340541574892573,5
1756,2.83468511412557,5
1757,2.8352048547817432,5
1758,2.835359184783824,5
1759,2.8365837998355468,5
1760,2.836631748503339,5
1761,2.8368770559458225,5
1762,2.8369505853285975,5
1763,2.8370736308692424,5
1764,2.8374023028187487,5
1765,2.8374109429905143,5
1766,2.8384953263279438,5
1767,2.8386437962857345,5
1768,2.839149716756653,5
1769,2.8409563681816152,5
1770,2.841514409007463,5
1771,2.841774462088415,5
1772,2.8423002823437438,5
1773,2.8424078420752035,5
1774,2.8426513519346255,5
1775,2.843575551091191,5
1776,2.844319306685644,5
1777,2.8444736121278207,5
1778,2.8445815144228055,5
1779,2.8448411376679825,5
1780,2.8449995833285326,5
1781,2.845061857931853,5
1782,2.845515655388139,5
1783,2.8463487298439683,5
1784,2.8465152888368825,5
1785,2.8469123793135918,5
1786,2.848150508742488,5
1787,2.848659655412959,5
1788,2.849835451180749,5
1789,2.8504939577737534,5
1790,2.850670218043984,5
1791,2.850914362233463,5
1792,2.8514708423024313,5
1793,2.8515168899197083,5
1794,2.8522900463473535,5
1795,2.85242338960902,5
1796,2.853199982061323,5
1797,2.8540740662090758,5
1798,2.855245625260113,5
1799,2.855369924359597,5
1800,2.8554156152372543,5
1801,2.8558099240222687,5
1802,2.8560634608821758,5
1803,2.8566006320332296,5
1804,2.8569273406350133,5
1805,2.8574876939728884,5
1806,2.8577546638418427,5
1807,2.85819586715089,5
1808,2.8590936723854776,5
1809,2.859807884182546,5
1810,2.859895158119154,5
1811,2.860153169812885,5
1812,2.861515085141966,5
1813,2.8616168836314877,5
1814,2.862853445240645,5
1815,2.8643604572457164,5
1816,2.8648143561358466,5
1817,2.8666214572429336,5
1818,2.866976858216346,5
1819,2.8670004055690685,5
1820,2.867158436901112,5
1821,2.8673576029964494,5
1822,2.8677867072503544,5
1823,2.867895706334271,5
1824,2.868015238529863,5
1825,2.868082823332673,5
1826,2.86829631845766,5
1827,2.869291408698667,5
1828,2.869718427310909,5
1829,2.8700328268701343,5
1830,2.870085776824286,5
1831,2.870549286356901,5
1832,2.8706026760397148,5
1833,2.8706869893859612,5
1834,2.87143848849044,5
1835,2.872886100923632,5
1836,2.872901255114256,5
1837,2.8745041027970686,5
1838,2.8756610522228425,5
1839,2.8761117522269197,5
1840,2.8761117522269197,5
1841,2.8764811857559924,5
1842,2.8774060916707036,5
1843,2.8793417557824497,5
1844,2.880510036513318,5
1845,2.8816948586732045,5
1846,2.881830667966362,5
1847,2.882070304189533,5
1848,2.8824983946738394,5
1849,2.8826350269474625,5
1850,2.8827064950334074,5
1851,2.883542048764878,5
1852,2.883772225932744,5
1853,2.8841210037928593,5
1854,2.8849998684000733,5
1855,2.8851442300026484,5
1856,2.8853100622227967,5
1857,2.8856542554702798,5
1858,2.885714730293144,5
1859,2.886097504829867,5
1860,2.886414872174474,5
1861,2.886673516173811,5
1862,2.8870629223440187,5
1863,2.887382942734665,5
1864,2.8874598821624553,5
1865,2.8874766180097655,5
1866,2.8876167455611026,5
1867,2.8877894144743617,5
1868,2.8878062017560966,5
1869,2.8882556842516944,5
1870,2.8888109791182264,5
1871,2.8888983789180616,5
1872,2.8900584126301814,5
1873,2.890063134581798,5
1874,2.890760890085481,5
1875,2.8912953379705213,5
1876,2.891375214289093,5
1877,2.891375214289093,5
1878,2.8914341329071656,5
1879,2.892066310967907,5
1880,2.8922347272102487,5
1881,2.892804688379411,5
1882,2.893103380144884,5
1883,2.8943100336974217,5
1884,2.894325103212694,5
1885,2.8947460290558253,5
1886,2.8953971957625293,5
1887,2.8957600358707527,5
1888,2.896417191838035,5
1889,2.89650125557056,5
1890,2.8981923113916386,5
1891,2.8984011689190727,5
1892,2.9001788717706822,5
1893,2.9010328080532,5
1894,2.9013619185330564,5
1895,2.9024257348705795,5
1896,2.9027731531139778,5
1897,2.9029927107883156,5
1898,2.903109057349443,5
1899,2.9036130026382,5
1900,2.903717880494298,5
1901,2.903824218704803,5
1902,2.9040398077464933,5
1903,2.9050502652104697,5
1904,2.9054998345091865,5
1905,2.9056334962607995,5
1906,2.906457168510159,5
1907,2.9069278334188944,5
1908,2.9071103881243747,5
1909,2.907501016381148,5
1910,2.907501016381148,5
1911,2.907818318336967,5
1912,2.9078196165538697,5
1913,2.9081008731887095,5
1914,2.908101083956637,5
1915,2.909238441326965,5
1916,2.91128541641011,5
1917,2.9116363694030816,5
1918,2.9119852661428705,5
1919,2.9120039035911742,5
1920,2.91234227436637,5
1921,2.9132781555420024,5
1922,2.9135626395446472,5
1923,2.9135922129625422,5
1924,2.9142590323617363,5
1925,2.91428591481877,5
1926,2.9143180281448577,5
1927,2.9150021151512124,5
1928,2.9155618720132614,5
1929,2.915654330898417,5
1930,2.915714395708453,5
1931,2.9162047525150148,5
1932,2.9172069614189953,5
1933,2.9180366262900943,5
1934,2.918198106994354,5
1935,2.9185109022327054,5
1936,2.918554871816931,5
1937,2.919767556099446,5
1938,2.9200726924711415,5
1939,2.920337075006447,5
1940,2.9208475640808573,5
1941,2.921143117523087,5
1942,2.9213572895133577,5
1943,2.921363158631706,5
1944,2.921572348091568,5
1945,2.921972738173623,5
1946,2.922999713008462,5
1947,2.9238238245828456,5
1948,2.9238677531361423,5
1949,2.9239164035739513,5
1950,2.924745303556817,5
1951,2.924901297129788,5
1952,2.9249340810144617,5
1953,2.9255708276663817,5
1954,2.9263803642103974,5
1955,2.9268381979692837,5
1956,2.9269203910943276,5
1957,2.9271159754913754,5
1958,2.9277874642965416,5
1959,2.928084880075376,5
1960,2.9286267485678876,5
1961,2.928948181934702,5
1962,2.9290050817370643,5
1963,2.9294610103701224,5
1964,2.93045957000359,5
1965,2.9308557546832033,5
1966,2.9311433539427396,5
1967,2.931441199040973,5
1968,2.9316107118926205,5
1969,2.931641503661459,5
1970,2.9316834982191815,5
1971,2.931875420032433,5
1972,2.932101389486735,5
1973,2.9322930219084613,5
1974,2.9324782958071016,5
1975,2.932828790925875,5
1976,2.934440726508049,5
1977,2.9344831383495427,5
1978,2.9351293598146158,5
1979,2.93686643230074,5
1980,2.937623723071148,5
1981,2.9376302873519995,5
1982,2.9377244759094796,5
1983,2.9377532691159582,5
1984,2.938587991279468,5
1985,2.9385994368368062,5
1986,2.9392382419350844,5
1987,2.9399181019384546,5
1988,2.9414225876540656,5
1989,2.9414331464121948,5
1990,2.941479298088285,5
1991,2.9423679343688414,5
1992,2.942495891137582,5
1993,2.9429143593736606,5
1994,2.9431257732322096,5
1995,2.9438731989565854,5
1996,2.944356620089794,5
1997,2.9446985359871136,5
1998,2.9454879149020368,5
1999,2.9456940316768443,5
2000,2.945701015488157,5
2001,2.9461136983096496,5
2002,2.9462833616386086,5
2003,2.946339734805139,5
2004,2.9464947279400944,5
2005,2.948407495356603,5
2006,2.9487126622180537,5
2007,2.94890455517946,5
2008,2.948968362173403,5
2009,2.949868699680489,5
2010,2.9498717205994316,5
2011,2.9501571987026125,5
2012,2.9510157995008854,5
2013,2.951573606796915,5
2014,2.9520066711221946,5
2015,2.953232565946936,5
2016,2.954052689093952,5
2017,2.954052689093952,5
2018,2.954085328143768,5
2019,2.9553557878992582,5
2020,2.9570350213159564,5
2021,2.957134109475584,5
2022,2.957134109475584,5
2023,2.957363258354183,5
2024,2.9578442726543654,5
2025,2.958321861996477,5
2026,2.9586688405956543,5
2027,2.958794471755877,5
2028,2.9590769942532678,5
2029,2.9595550796557633,5
2030,2.9596170993348716,5
2031,2.9603331017952947,5
2032,2.9621143387225284,5
2033,2.962274911937743,5
2034,2.9626901604479867,5
2035,2.96269508646189,5
2036,2.962733027797527,5
2037,2.9630545882492445,5
2038,2.9631891082631134,5
2039,2.9636123063102144,5
2040,2.96433523418842,5
2041,2.96433523418842,5
2042,2.96434380128244,5
2043,2.9645838951168066,5
2044,2.9648217049120436,5
2045,2.9648217049120436,5
2046,2.9652192537481383,5
2047,2.9652192537481383,5
2048,2.9653850411652996,5
2049,2.965437230834245,5
2050,2.9654820935900807,5
2051,2.9664410346986974,5
2052,2.9675810699644405,5
2053,2.967683955807863,5
2054,2.9686887553258376,5
2055,2.9691791547516004,5
2056,2.970595524939348,5
2057,2.9708355400114193,5
2058,2.9710421349654013,5
2059,2.9717004330463106,5
2060,2.9719468979429826,5
2061,2.9725185834779655,5
2062,2.972668682430547,5
2063,2.972895123700077,5
2064,2.9743096447827675,5
2065,2.9750064746630747,5
2066,2.976044539498356,5
2067,2.9761909986298662,5
2068,2.976219228886997,5
2069,2.9762206436027343,5
2070,2.9763919378345873,5
2071,2.9765022352910204,5
2072,2.976620994729908,5
2073,2.978128975858052,5
2074,2.9783470688301734,5
2075,2.97857964863503,5
2076,2.98052812764766,5
2077,2.9808186222706876,5
2078,2.982531491831689,5
2079,2.9826201220812125,5
2080,2.982624452499834,5
2081,2.983546658963813,5
2082,2.984381551093086,5
2083,2.9847547345962417,5
2084,2.9853935492883736,5
2085,2.9857192258402803,5
2086,2.986306765887197,5
2087,2.9864724423123516,5
2088,2.9868588339054662,5
2089,2.987156906685027,5
2090,2.987708357949484,5
2091,2.9882035143654924,5
2092,2.9887487116527955,5
2093,2.988812543521836,5
2094,2.989042096839751,5
2095,2.9890779312614337,5
2096,2.9893358828008174,5
2097,2.990146286594071,5
2098,2.9906372419928413,5
2099,2.9909603748564604,5
2100,2.9916373022253935,5
2101,2.991982508851442,5
2102,2.991982508851442,5
2103,2.9927790114124986,5
2104,2.992817795620421,5
2105,2.9929249911135516,5
2106,2.9931870910873184,5
2107,2.993309664500569,5
2108,2.993684607325599,5
2109,2.9943024120997044,5
2110,2.994500572059666,5
2111,2.9948327770789693,5
2112,2.994993721296582,5
2113,2.995073778672174,5
2114,2.995169409966926,5
2115,2.9958483346572606,5
2116,2.996525503847072,5
2117,2.997974594681627,5
2118,2.998044932744787,5
2119,2.9984061999546356,5
2120,2.999442613367358,5
2121,3.0008418970492237,5
2122,3.001102345820498,5
2123,3.0027589451419443,5
2124,3.003231106750029,5
2125,3.003254813177092,5
2126,3.0032777589653445,5
2127,3.0036076659748927,5
2128,3.0042952045780225,5
2129,3.0056077805233152,5
2130,3.005880356241687,5
2131,3.0067814343901706,5
2132,3.0072156108535646,5
2133,3.0092427562392006,5
2134,3.0098936592543972,5
2135,3.0098957243468467,5
2136,3.009928835287105,5
2137,3.01033097905003,5
2138,3.01033097905003,5
2139,3.011237610063754,5
2140,3.011351693838674,5
2141,3.011595954632934,5
2142,3.0118637911525723,5
2143,3.01215820180986,5
2144,3.0131297400297883,5
2145,3.0131507053368702,5
2146,3.0131593661735434,5
2147,3.013381447504813,5
2148,3.013438400275704,5
2149,3.0136530153143073,5
2150,3.0141665870745897,5
2151,3.015173987548354,5
2152,3.01525196500323,5
2153,3.0164274823740045,5
2154,3.017529059512403,5
2155,3.017812639588407,5
2156,3.017814484356289,5
2157,3.017822707891818,5
2158,3.0178879576023907,5
2159,3.0194862669921108,5
2160,3.0207069014592065,5
2161,3.021297599765673,5
2162,3.0224511952423687,5
2163,3.023178067195827,5
2164,3.0232040077171205,5
2165,3.023823639353081,5
2166,3.0239226456059582,5
2167,3.0240184658537808,5
2168,3.0246320483984794,5
2169,3.0252590842031126,5
2170,3.0255394103714837,5
2171,3.0256357200518273,5
2172,3.025963247776818,5
2173,3.026536708133396,5
2174,3.026982986090372,5
2175,3.0270314823697357,5
2176,3.0270314823697357,5
2177,3.027067610388463,5
2178,3.027616872453443,5
2179,3.027877025131519,5
2180,3.028738597162167,5
2181,3.0297247074492777,5
2182,3.03036627542716,5
2183,3.0304824709623768,5
2184,3.0314286736376603,5
2185,3.0318249581529035,5
2186,3.032386970068507,5
2187,3.033051950814814,5
2188,3.03318928931823,5
2189,3.033193621000416,5
2190,3.0332436642330736,5
2191,3.0337489315817296,5
2192,3.0337808970649696,5
2193,3.034282802731746,5
2194,3.0343159341405985,5
2195,3.0344564965050873,5
2196,3.03452667666643,5
2197,3.0349629412930343,5
2198,3.0356445599783024,5
2199,3.03594940462231,5
2200,3.036267867149236,5
2201,3.036479265001804,5
2202,3.0372821729854254,5
2203,3.0377826100616336,5
2204,3.0382255092308403,5
2205,3.040389858200084,5
2206,3.0404109558830466,5
2207,3.041282062976833,5
2208,3.0421488567857886,5
2209,3.042344079777028,5
2210,3.0428396306184857,5
2211,3.043816738159519,5
2212,3.0438525634629543,5
2213,3.0444505978272036,5
2214,3.045266999039207,5
2215,3.0453936809418023,5
2216,3.045517458957471,5
2217,3.046543181406831,5
2218,3.046880764614155,5
2219,3.047328147497128,5
2220,3.0476368469490285,5
2221,3.0476670410869473,5
2222,3.048120502674065,5
2223,3.048216054901532,5
2224,3.0485419175591546,5
2225,3.048576456391742,5
2226,3.0496981359074073,5
2227,3.050820350061794,5
2228,3.0521216124302315,5
2229,3.052307903667318,5
2230,3.0530124500768525,5
2231,3.053252619969938,5
2232,3.0536682753358324,5
2233,3.0554154547230286,5
2234,3.055859047498049,5
2235,3.056464383784116,5
2236,3.0569384811599725,5
2237,3.057550466386572,5
2238,3.058052525847211,5
2239,3.05815635584297,5
2240,3.059261651418815,5
2241,3.0598418095247455,5
2242,3.060369103179618,5
2243,3.061916688010047,5
2244,3.0619546016203225,5
2245,3.062180677947526,5
2246,3.063067615534145,5
2247,3.0634425266642817,5
2248,3.0642004681934516,5
2249,3.0643233437108943,5
2250,3.064769302342672,5
2251,3.065090897962349,5
2252,3.065090897962349,5
2253,3.065639926062574,5
2254,3.0660989813712245,5
2255,3.0669417605286458,5
2256,3.066978418016328,5
2257,3.0679834881508827,5
2258,3.068068672395139,5
2259,3.0681149940575145,5
2260,3.0688440667158634,5
2261,3.0692440587350225,5
2262,3.0694054968461,5
2263,3.069976035020613,5
2264,3.0705043591640266,5
2265,3.07121016181802,5
2266,3.072163421723997,5
2267,3.07237444286424,5
2268,3.0726906855473013,5
2269,3.073922721984108,5
2270,3.074317189938848,5
2271,3.075017378747393,5
2272,3.07512561362382,5
2273,3.076346177837445,5
2274,3.0763607445476877,5
2275,3.0768298679059276,5
2276,3.078015163296763,5
2277,3.0780548487395425,5
2278,3.0793846271341794,5
2279,3.080590264520583,5
2280,3.0807122147632104,5
2281,3.0807995356491817,5
2282,3.0814790120383915,5
2283,3.081770804992748,5
2284,3.082180629067432,5
2285,3.0823651251727884,5
2286,3.082403820048872,5
2287,3.084415976292611,5
2288,3.0848876647576287,5
2289,3.0851051823102047,5
2290,3.086029781254945,5
2291,3.088229850490058,5
2292,3.0886616331420353,5
2293,3.0888315186027784,5
2294,3.0888575008786883,5
2295,3.089416466977343,5
2296,3.089834916022221,5
2297,3.089834916022221,5
2298,3.0901491085774127,5
2299,3.0906317833706494,5
2300,3.0924835952382344,5
2301,3.093720584340337,5
2302,3.0940409119641274,5
2303,3.0944666622066483,5
2304,3.0945494329501897,5
2305,3.0948054277332586,5
2306,3.094856155797687,5
2307,3.094902144265068,5
2308,3.0949056515939217,5
2309,3.096846139358505,5
2310,3.0976381793653056,5
2311,3.0979361720292444,5
2312,3.097944052476281,5
2313,3.0989394336312364,5
2314,3.1003241694874473,5
2315,3.100605315717239,5
2316,3.10066638962425,5
2317,3.1010286420004864,5
2318,3.1022130810621853,5
2319,3.1029903339115994,5
2320,3.103276965811179,5
2321,3.1033702495475217,5
2322,3.1042402576105372,5
2323,3.104496512287679,5
2324,3.105321539741061,5
2325,3.1058863301370847,5
2326,3.107248609921771,5
2327,3.107359504701312,5
2328,3.1083111189316313,5
2329,3.109146796005762,5
2330,3.109329737907465,5
2331,3.1105919311272867,5
2332,3.1107404284685587,5
2333,3.11086665406239,5
2334,3.111351472932196,5
2335,3.1113758567106187,5
2336,3.112869887768944,5
2337,3.1128923391803482,5
2338,3.1132613547506285,5
2339,3.1132810111743696,5
2340,3.1136666094828507,5
2341,3.114102844121142,5
2342,3.11467434105919,5
2343,3.1150050249389234,5
2344,3.1153289191387175,5
2345,3.115707440823249,5
2346,3.116059758348382,5
2347,3.116910148186178,5
2348,3.1171646182561097,5
2349,3.1181207996174654,5
2350,3.1194734572616705,5
2351,3.1201609767018628,5
2352,3.120267406541952,5
2353,3.1210314359974296,5
2354,3.122308618850474,5
2355,3.1240069330900475,5
2356,3.1240539689588096,5
2357,3.124851894180002,5
2358,3.125758852120029,5
2359,3.125937243539209,5
2360,3.1259647100982,5
2361,3.1265376781211525,5
2362,3.1272891877638402,5
2363,3.12740915166047,5
2364,3.1277406270568817,5
2365,3.128983853393412,5
2366,3.129315095172485,5
2367,3.1309796745826897,5
2368,3.1315213069163033,5
2369,3.133156910134526,5
2370,3.1340236536149546,5
2371,3.1342002517937004,5
2372,3.134584899414121,5
2373,3.1346075549240737,5
2374,3.1346075549240737,5
2375,3.1346297349206917,5
2376,3.1347947822565136,5
2377,3.134829115566345,5
2378,3.134920420858481,5
2379,3.1349741790788483,5
2380,3.1360781101256263,5
2381,3.136092263204384,5
2382,3.1374414528434524,5
2383,3.1377868482118023,5
2384,3.1397558019059737,5
2385,3.140064583005582,5
2386,3.1402973212095797,5
2387,3.1403312868671187,5
2388,3.1416715087953415,5
2389,3.142157385597716,5
2390,3.143020906233033,5
2391,3.144396106866459,5
2392,3.144448451462462,5
2393,3.144607026678496,5
2394,3.144999209744978,5
2395,3.1468012276220407,5
2396,3.148082117431085,5
2397,3.148195856697487,5
2398,3.1498319988256624,5
2399,3.1502287000307945,5
2400,3.1509339646031784,5
2401,3.1511002882885486,5
2402,3.1512396393215996,5
2403,3.154315901060932,5
2404,3.1547897728583534,5
2405,3.1548831863074853,5
2406,3.155095306163231,5
2407,3.1550974976665365,5
2408,3.1550974976665365,5
2409,3.1554584446393346,5
2410,3.155498974265979,5
2411,3.155530579652114,5
2412,3.1556005431562584,5
2413,3.1558812033911705,5
2414,3.155914368150838,5
2415,3.156793823531443,5
2416,3.156844430364478,5
2417,3.1570467719136137,5
2418,3.157228133524236,5
2419,3.157258846569858,5
2420,3.157459698149456,5
2421,3.157634189651179,5
2422,3.1585928539668293,5
2423,3.1585928539668293,5
2424,3.1593338306175207,5
2425,3.159575206670995,5
2426,3.160320905996386,5
2427,3.1608632876212983,5
2428,3.160885699831312,5
2429,3.161196811639314,5
2430,3.1612041431004942,5
2431,3.1615059799124423,5
2432,3.161871335857653,5
2433,3.161885950167008,5
2434,3.162537129395869,5
2435,3.1631558643932975,5
2436,3.163169341074599,5
2437,3.163442610234091,5
2438,3.1646713781916103,5
2439,3.165302148074734,5
2440,3.166043548231287,5
2441,3.167243638063852,5
2442,3.1684838520606324,5
2443,3.1689642288427957,5
2444,3.1690006923638574,5
2445,3.169262543015856,5
2446,3.1694947266697127,5
2447,3.1696320432865988,5
2448,3.170208852549812,5
2449,3.1707833001067254,5
2450,3.171611358518097,5
2451,3.171908677392934,5
2452,3.1719379193038764,5
2453,3.173595896554026,5
2454,3.174114138022721,5
2455,3.174188101474351,5
2456,3.174284964896932,5
2457,3.174369413570423,5
2458,3.17463968950576,5
2459,3.1747879291506154,5
2460,3.1752127352899158,5
2461,3.1754568244598484,5
2462,3.175684395659237,5
2463,3.176001406864494,5
2464,3.176295384770652,5
2465,3.176440111478551,5
2466,3.1767443366477943,5
2467,3.176808910323822,5
2468,3.177124191592762,5
2469,3.1790405945278075,5
2470,3.1797306498154607,5
2471,3.1804342488940867,5
2472,3.1810385236035197,5
2473,3.1817323020519357,5
2474,3.1817709109998282,5
2475,3.181876750856,5
2476,3.181920741428882,5
2477,3.182168538539185,5
2478,3.1827358487631505,5
2479,3.184633885382098,5
2480,3.1851230929363497,5
2481,3.1860002522673385,5
2482,3.1868595458371125,5
2483,3.186888920733721,5
2484,3.187072838627612,5
2485,3.187456392738857,5
2486,3.1884472702293483,5
2487,3.188552465703382,5
2488,3.18874818484948,5
2489,3.188992613382651,5
2490,3.189029201676195,5
2491,3.189099465181108,5
2492,3.1893180444271083,5
2493,3.1897319003911266,5
2494,3.191003798509862,5
2495,3.191934860089721,5
2496,3.1921248195465455,5
2497,3.192268268830859,5
2498,3.192729335548684,5
2499,3.1937406735765297,5
2500,3.1944731229261296,5
2501,3.194827606904983,5
2502,3.1950123250645137,5
2503,3.1956920243038676,5
2504,3.197212365814747,5
2505,3.1975562160916517,5
2506,3.1980530490930588,5
2507,3.198289592461611,5
2508,3.199848088931693,5
2509,3.201260795036832,5
2510,3.2017158236687364,5
2511,3.202094622447349,5
2512,3.2022665096814817,5
2513,3.2028848426380465,5
2514,3.2039620175863903,5
2515,3.204212736081035,5
2516,3.2055907591867894,5
2517,3.205971550902123,5
2518,3.2064143108076517,5
2519,3.2070596177840263,5
2520,3.2078467500009533,5
2521,3.2078485080977934,5
2522,3.2092177500821406,5
2523,3.2094948428822607,5
2524,3.210986372876009,5
2525,3.2119605086394327,5
2526,3.2135108808703574,5
2527,3.2137627265849558,5
2528,3.215199301574344,5
2529,3.216567642796976,5
2530,3.2174498096281408,5
2531,3.218057821661141,5
2532,3.21864879243767,5
2533,3.2186696813387283,5
2534,3.2190584965096263,5
2535,3.2198939800628206,5
2536,3.2219508820936884,5
2537,3.2226304564157804,5
2538,3.222644157470303,5
2539,3.222919317804283,5
2540,3.2236544453546427,5
2541,3.2243470287274993,5
2542,3.2243556164603655,5
2543,3.225571713209811,5
2544,3.2257997235437066,5
2545,3.2258542478827867,5
2546,3.2258758395091913,5
2547,3.2261463405488575,5
2548,3.22621595772798,5
2549,3.227448005862695,5
2550,3.2279599665864502,5
2551,3.2288065223792444,5
2552,3.2294590378107917,5
2553,3.230899464609312,5
2554,3.231085886898146,5
2555,3.231085886898146,5
2556,3.231210296225919,5
2557,3.232158383255157,5
2558,3.2335672934551467,5
2559,3.2342415366127977,5
2560,3.2345138417759802,5
2561,3.23573851985874,5
2562,3.2374441585256646,5
2563,3.2379763655794247,5
2564,3.2380672688868777,5
2565,3.238724686140015,5
2566,3.2395611674476683,5
2567,3.240309839215729,5
2568,3.241211276581004,5
2569,3.24122271967485,5
2570,3.24122271967485,5
2571,3.2414856335259694,5
2572,3.2414856335259694,5
2573,3.2416866045762105,5
2574,3.2419443082945314,5
2575,3.2424432144680484,5
2576,3.2425629883015286,5
2577,3.2427421593775367,5
2578,3.242830683797761,5
2579,3.244266706282348,5
2580,3.244512236369125,5
2581,3.244909618009191,5
2582,3.2457365737163224,5
2583,3.245771863373544,5
2584,3.24751794839585,5
2585,3.247734624826605,5
2586,3.24783236745983,5
2587,3.2482688968762137,5
2588,3.2492183797866727,5
2589,3.2498540142259866,5
2590,3.250692571206586,5
2591,3.251126422975831,5
2592,3.2511832620949943,5
2593,3.251230241227009,5
2594,3.2514379066364594,5
2595,3.251693747263681,5
2596,3.252415661478792,5
2597,3.2528813723270207,5
2598,3.2529011845613898,5
2599,3.253122595793115,5
2600,3.2536418779234375,5
2601,3.254335284695172,5
2602,3.2544941523196727,5
2603,3.2545385847587163,5
2604,3.2545808861954413,5
2605,3.25509704615443,5
2606,3.2558113245784934,5
2607,3.2564034558600587,5
2608,3.2568119087275775,5
2609,3.2581243466455976,5
2610,3.258383669300152,5
2611,3.2590076378331383,5
2612,3.2606710617657026,5
2613,3.2621519336196756,5
2614,3.2623410392164676,5
2615,3.2625010875171387,5
2616,3.262757710953802,5
2617,3.2632239319217464,5
2618,3.2637203983845837,5
2619,3.2644931941896065,5
2620,3.2651622840947003,5
2621,3.2652794699487613,5
2622,3.2664905519259793,5
2623,3.266542664563076,5
2624,3.266550118662052,5
2625,3.2679192547626146,5
2626,3.2680137575694648,5
2627,3.268442386297511,5
2628,3.26876421958119,5
2629,3.270290873513952,5
2630,3.2702954992198716,5
2631,3.270569078068949,5
2632,3.2709957186002265,5
2633,3.2718603936548187,5
2634,3.271894634932089,5
2635,3.2719393765767832,5
2636,3.273025326543527,5
2637,3.2736864989922854,5
2638,3.2748517955569048,5
2639,3.2755399924941764,5
2640,3.27635689837231,5
2641,3.277287405455506,5
2642,3.279231881831825,5
2643,3.279479207978051,5
2644,3.279595649672931,5
2645,3.2799267771149707,5
2646,3.2807321493004578,5
2647,3.281054521437185,5
2648,3.281316800297543,5
2649,3.2814121704654133,5
2650,3.282427297736167,5
2651,3.2827375295529384,5
2652,3.2834289478858016,5
2653,3.2836698998558327,5
2654,3.2836891391637892,5
2655,3.2843128172156577,5
2656,3.2860320687378346,5
2657,3.2860332655571454,5
2658,3.286818594732969,5
2659,3.2884038618035536,5
2660,3.2884229909917084,5
2661,3.290793882302099,5
2662,3.29290570597894,5
2663,3.29365586305234,5
2664,3.294009974028721,5
2665,3.2963692704204757,5
2666,3.297047981416497,5
2667,3.298611524396343,5
2668,3.2991022437165824,5
2669,3.300671274596077,5
2670,3.3009289384998914,5
2671,3.302051021263028,5
2672,3.302100588758665,5
2673,3.3022820799055412,5
2674,3.3022820799055412,5
2675,3.3026102497143857,5
2676,3.3031882585535977,5
2677,3.3043589332061525,5
2678,3.3046441344665816,5
2679,3.3049834798950135,5
2680,3.305786883299387,5
2681,3.3086397922761637,5
2682,3.3104324865851047,5
2683,3.310944304827006,5
2684,3.310980652230027,5
2685,3.311287233320511,5
2686,3.3121196314879913,5
2687,3.3121815367719836,5
2688,3.313093535803908,5
2689,3.314179786415174,5
2690,3.3170335663420487,5
2691,3.318270696238096,5
2692,3.318520845646321,5
2693,3.318928686179032,5
2694,3.3189292831438353,5
2695,3.3194122386378706,5
2696,3.3194617382960767,5
2697,3.319755561991775,5
2698,3.320553290809468,5
2699,3.321886119003531,5
2700,3.322684564640365,5
2701,3.3228293240993763,5
2702,3.3228976362363833,5
2703,3.323206682841866,5
2704,3.323931090043405,5
2705,3.323977007267002,5
2706,3.324911963130925,5
2707,3.3258127962735795,5
2708,3.3271974667425126,5
2709,3.328232894230935,5
2710,3.3282465431149113,5
2711,3.329131515382619,5
2712,3.329326796816912,5
2713,3.3297805339461486,5
2714,3.331371570425882,5
2715,3.3327972377125925,5
2716,3.3332501236736483,5
2717,3.334001814146223,5
2718,3.334295657871279,5
2719,3.334882575579457,5
2720,3.3373263069658368,5
2721,3.33749739603528,5
2722,3.337673226855905,5
2723,3.3392360143556665,5
2724,3.3407742898318364,5
2725,3.341608646486652,5
2726,3.3420569414987304,5
2727,3.3433659471600055,5
2728,3.3433659471600055,5
2729,3.3444633486709705,5
2730,3.3447649802420436,5
2731,3.3453541987119184,5
2732,3.3456416831028917,5
2733,3.3462440005082117,5
2734,3.3463849455828405,5
2735,3.347348326570731,5
2736,3.348225046284716,5
2737,3.348447712899438,5
2738,3.3489655928563646,5
2739,3.34976949702332,5
2740,3.35344475541307,5
2741,3.3534709468736126,5
2742,3.3535836422033363,5
2743,3.3567382164842616,5
2744,3.3569295726795456,5
2745,3.357975599660899,5
2746,3.358282066620834,5
2747,3.3599760071525067,5
2748,3.360032662635735,5
2749,3.360441544435396,5
2750,3.3608231269440014,5
2751,3.3628914951729296,5
2752,3.363750142727962,5
2753,3.364046766150061,5
2754,3.3644119368799794,5
2755,3.3661176015945222,5
2756,3.3666390326325146,5
2757,3.3671932303734704,5
2758,3.367528334895664,5
2759,3.367528334895664,5
2760,3.3678781554127375,5
2761,3.369163423263234,5
2762,3.369163423263234,5
2763,3.3707764597280936,5
2764,3.37135860167486,5
2765,3.3724094363807393,5
2766,3.3724887941988,5
2767,3.372892819331391,5
2768,3.37298806824424,5
2769,3.3730313618166035,5
2770,3.374124281057119,5
2771,3.374213904753536,5
2772,3.3749334738685306,5
2773,3.375945703854069,5
2774,3.3775743101925086,5
2775,3.3802792937292203,5
2776,3.3805721929305945,5
2777,3.3813106605713363,5
2778,3.3815945733975536,5
2779,3.3815945733975536,5
2780,3.381930932512397,5
2781,3.3830527055672475,5
2782,3.383485836029153,5
2783,3.383769333262428,5
2784,3.384304703600709,5
2785,3.38470633008499,5
2786,3.385339650440449,5
2787,3.385565068843927,5
2788,3.3875168620721237,5
2789,3.3885993190438306,5
2790,3.390558161317907,5
2791,3.3915527990146894,5
2792,3.392381381235659,5
2793,3.3926808866567884,5
2794,3.392730140957627,5
2795,3.393752938189336,5
2796,3.3941121245384664,5
2797,3.3956714225695954,5
2798,3.3960440246856916,5
2799,3.3963850796096775,5
2800,3.3974453010518832,5
2801,3.3985316879741134,5
2802,3.398585764539682,5
2803,3.3987088529211666,5
2804,3.3989521385146895,5
2805,3.399335221541516,5
2806,3.399767776671578,5
2807,3.4008973201502117,5
2808,3.4016552811659744,5
2809,3.4016552811659744,5
2810,3.4017895656879142,5
2811,3.4040407029573223,5
2812,3.4043793405391343,5
2813,3.404802375051951,5
2814,3.4048761893187156,5
2815,3.4051332660316445,5
2816,3.40569862655674,5
2817,3.4065284743178847,5
2818,3.4065669359248396,5
2819,3.40670099983467,5
2820,3.4068922320410895,5
2821,3.4072663457204233,5
2822,3.4074619315847334,5
2823,3.4077254151885676,5
2824,3.4077642673475874,5
2825,3.4079070666236744,5
2826,3.407980348148423,5
2827,3.4086997824707685,5
2828,3.409158993810199,5
2829,3.4092642621415292,5
2830,3.4096511896232196,5
2831,3.4098434726574407,5
2832,3.411610875422213,5
2833,3.411975316360238,5
2834,3.412114082187866,5
2835,3.4121390799233744,5
2836,3.4124960768686488,5
2837,3.414509334658139,5
2838,3.4154762816974085,5
2839,3.415716225580305,5
2840,3.416677927429939,5
2841,3.416849644908739,5
2842,3.4173154589120553,5
2843,3.418148076287409,5
2844,3.4192442895553774,5
2845,3.421337271042657,5
2846,3.4226109050124385,5
2847,3.423489175477692,5
2848,3.4247553849709487,5
2849,3.425538073892883,5
2850,3.4259101458510264,5
2851,3.426296477060404,5
2852,3.4266868070628456,5
2853,3.426955363792386,5
2854,3.428210783741858,5
2855,3.428761292591165,5
2856,3.4288432302079705,5
2857,3.430364228865605,5
2858,3.4308976406870295,5
2859,3.4317476435980416,5
2860,3.4340734414289313,5
2861,3.435167381437047,5
2862,3.435402735587635,5
2863,3.4354490499124952,5
2864,3.4355131628060205,5
2865,3.4373540047937454,5
2866,3.4373540047937454,5
2867,3.4375696285000497,5
2868,3.4377459616903248,5
2869,3.4378260016097824,5
2870,3.4388961419001087,5
2871,3.4398446581989726,5
2872,3.4405052823557516,5
2873,3.4406384706613697,5
2874,3.441451502695664,5
2875,3.442969007379954,5
2876,3.4430186581602347,5
2877,3.4433590615454577,5
2878,3.444166804577325,5
2879,3.4454861121486973,5
2880,3.4455887765166224,5
2881,3.447048274917679,5
2882,3.44810237983077,5
2883,3.4486964157456192,5
2884,3.449377135744634,5
2885,3.449382062436409,5
2886,3.4495572724908747,5
2887,3.4502072947406717,5
2888,3.4519123910323954,5
2889,3.4520553780118663,5
2890,3.4523126326152576,5
2891,3.452608280907241,5
2892,3.453299493030191,5
2893,3.453542962086148,5
2894,3.4545705342488757,5
2895,3.4550996295177128,5
2896,3.4553536471068544,5
2897,3.4553536471068544,5
2898,3.4565110328237756,5
2899,3.4566421674036016,5
2900,3.4567942937381,5
2901,3.457184605340165,5
2902,3.4577009272267065,5
2903,3.459171434133476,5
2904,3.4601574402774204,5
2905,3.4615296740595918,5
2906,3.462309957338529,5
2907,3.4638402854478287,5
2908,3.4644230371728475,5
2909,3.464651499775457,5
2910,3.4653569363842105,5
2911,3.4661076478059116,5
2912,3.467197021608405,5
2913,3.4672909335435667,5
2914,3.4697547060339247,5
2915,3.4756398973765936,5
2916,3.476187998622651,5
2917,3.4771812709843677,5
2918,3.47722871555638,5
2919,3.477445449195389,5
2920,3.4788852939228496,5
2921,3.4794700271648846,5
2922,3.4796467224608256,5
2923,3.4801183892131586,5
2924,3.4827182797686063,5
2925,3.483889290485493,5
2926,3.484018888724959,5
2927,3.4848190762438227,5
2928,3.4852959851616374,5
2929,3.4854202964538565,5
2930,3.4857513237828543,5
2931,3.4867182709214504,5
2932,3.4873016047986405,5
2933,3.488463481091733,5
2934,3.4895999579506625,5
2935,3.490183000354685,5
2936,3.4904382827412053,5
2937,3.491391125518787,5
2938,3.492859170973503,5
2939,3.4942654913612854,5
2940,3.4948693483900803,5
2941,3.4982435597459487,5
2942,3.4989417018024787,5
2943,3.500219640020619,5
2944,3.501772257904494,5
2945,3.502836634660208,5
2946,3.502836634660208,5
2947,3.5037029409177523,5
2948,3.504191314064312,5
2949,3.506045098981757,5
2950,3.507053719290606,5
2951,3.5076083324935485,5
2952,3.5087852046483774,5
2953,3.5111149302319538,5
2954,3.5116409844525704,5
2955,3.5116781650565545,5
2956,3.514119734819099,5
2957,3.5145815929232613,5
2958,3.515718279397458,5
2959,3.515806717159373,5
2960,3.5162365210459163,5
2961,3.516538060135079,5
2962,3.5167523645312793,5
2963,3.5174388399534946,5
2964,3.5179344013309817,5
2965,3.5181169933885372,5
2966,3.5204547522807026,5
2967,3.5205558139395405,5
2968,3.520792512743182,5
2969,3.522451302430737,5
2970,3.523601338439703,5
2971,3.5247018427438737,5
2972,3.5249195459921507,5
2973,3.5258732167010605,5
2974,3.525896706293558,5
2975,3.5288715958150236,5
2976,3.52977466538675,5
2977,3.5328356091024444,5
2978,3.5328356091024444,5
2979,3.5338711538058676,5
2980,3.5340597531562046,5
2981,3.534966268730338,5
2982,3.536889728390928,5
2983,3.537753477476684,5
2984,3.543320667664425,5
2985,3.5437478960983255,5
2986,3.5444358520956296,5
2987,3.545811687246606,5
2988,3.546692303191322,5
2989,3.546692303191322,5
2990,3.5468555578946024,5
2991,3.54696398698818,5
2992,3.548771101436127,5
2993,3.5491191211925197,5
2994,3.549691994763902,5
2995,3.5498559068347517,5
2996,3.550247310823371,5
2997,3.5504920420852097,5
2998,3.553163661549711,5
2999,3.5543730706484835,5
3000,3.554423710604231,5
3001,3.5590878831507147,5
3002,3.5591651792115098,5
3003,3.5592300664981953,5
3004,3.5606579502312856,5
3005,3.560832097577446,5
3006,3.5614458959262896,5
3007,3.5616050577599405,5
3008,3.5616050577599405,5
3009,3.5632555086742177,5
3010,3.563714691471188,5
3011,3.564199269959892,5
3012,3.5659066138678703,5
3013,3.5665518766243305,5
3014,3.5677166970360386,5
3015,3.5677473445782995,5
3016,3.5687270586524416,5
3017,3.568837030183926,5
3018,3.5698246110653304,5
3019,3.5700730678109784,5
3020,3.570546427103586,5
3021,3.5716133607160976,5
3022,3.572724069291071,5
3023,3.57387185186564,5
3024,3.573946094981559,5
3025,3.5740565911539717,5
3026,3.5747762673494248,5
3027,3.575736156563085,5
3028,3.5772274026668285,5
3029,3.5780250994974767,5
3030,3.580112983929454,5
3031,3.580127693308391,5
3032,3.580195312019018,5
3033,3.581053841196678,5
3034,3.5810764382836884,5
3035,3.581740362453322,5
3036,3.582948373962076,5
3037,3.5834122140062856,5
3038,3.5848864711569774,5
3039,3.584921452244383,5
3040,3.5857944251718243,5
3041,3.586373120127612,5
3042,3.586870198402189,5
3043,3.58810222150253,5
3044,3.5888117778475026,5
3045,3.5891053992865025,5
3046,3.590721774190664,5
3047,3.5945526321242625,5
3048,3.5946206687260314,5
3049,3.595702934276212,5
3050,3.5957096401757545,5
3051,3.5961592939445817,5
3052,3.597121009775585,5
3053,3.597947027389093,5
3054,3.5987505815289964,5
3055,3.599766975231093,5
3056,3.60050566455474,5
3057,3.600705833030513,5
3058,3.601326714580053,5
3059,3.601478055220947,5
3060,3.601591208782986,5
3061,3.603223259094955,5
3062,3.6052128665534355,5
3063,3.6054391785834285,5
3064,3.606392823597954,5
3065,3.606867387938736,5
3066,3.608033965475525,5
3067,3.613138912041786,5
3068,3.6139898489525137,5
3069,3.6150875233974653,5
3070,3.615221363856544,5
3071,3.6163060016013224,5
3072,3.6187753510056946,5
3073,3.6204264708604175,5
3074,3.6208207963352264,5
3075,3.6213021854545144,5
3076,3.6226374211009484,5
3077,3.6239003633239735,5
3078,3.625189531779783,5
3079,3.626548292711162,5
3080,3.626666215333004,5
3081,3.6270345214238238,5
3082,3.6272101339258485,5
3083,3.6284638122585218,5
3084,3.629164462882303,5
3085,3.6292520701766184,5
3086,3.6292520701766184,5
3087,3.6297787340456087,5
3088,3.632525215806261,5
3089,3.632645450687934,5
3090,3.6360923479922187,5
3091,3.636294252641082,5
3092,3.63635854214008,5
3093,3.636906500341315,5
3094,3.6374357725541984,5
3095,3.6383652508484854,5
3096,3.640426910240703,5
3097,3.6410723034062165,5
3098,3.642421460268283,5
3099,3.6439344836537613,5
3100,3.64501620836162,5
3101,3.645854000737807,5
3102,3.6496457261222415,5
3103,3.649679563080949,5
3104,3.6497480126727324,5
3105,3.650497997442354,5
3106,3.6526268411400014,5
3107,3.6545016624650954,5
3108,3.6556314143281665,5
3109,3.657030101709964,5
3110,3.6575494087173577,5
3111,3.6597736348397425,5
3112,3.6598973829554997,5
3113,3.660551881511363,5
3114,3.6628525780412606,5
3115,3.6644485096814816,5
3116,3.66465067403805,5
3117,3.6651261045317223,5
3118,3.668355295633541,5
3119,3.668494967345317,5
3120,3.669391330028708,5
3121,3.669391330028708,5
3122,3.669800114664339,5
3123,3.6726580112281444,5
3124,3.673785178304033,5
3125,3.6745496831643374,5
3126,3.6748637687408423,5
3127,3.6775477815986823,5
3128,3.6786319006724773,5
3129,3.679978369201324,5
3130,3.6815864993048053,5
3131,3.6839684978297074,5
3132,3.6856380008243983,5
3133,3.6856380008243983,5
3134,3.6858043248097654,5
3135,3.686107783136714,5
3136,3.686107783136714,5
3137,3.6864648126168102,5
3138,3.6882606601950383,5
3139,3.6909251853400677,5
3140,3.691139044923264,5
3141,3.6913657820920527,5
3142,3.6913657820920527,5
3143,3.6942243304646274,5
3144,3.696042022939328,5
3145,3.696905470816406,5
3146,3.6974259999245667,5
3147,3.6976160437849295,5
3148,3.698274166822887,5
3149,3.698511576553964,5
3150,3.701445326648622,5
3151,3.701803805885203,5
3152,3.7046212340977864,5
3153,3.704764800516891,5
3154,3.704833940678354,5
3155,3.7063576609231395,5
3156,3.7063666481022084,5
3157,3.7070321562798427,5
3158,3.7077741958490784,5
3159,3.707795161294917,5
3160,3.7086336290551185,5
3161,3.711861648501824,5
3162,3.712129910927173,5
3163,3.712129910927173,5
3164,3.7122884251808754,5
3165,3.7131834397925783,5
3166,3.7150777003169213,5
3167,3.7162700827610244,5
3168,3.7169224953666675,5
3169,3.717896626964098,5
3170,3.7184822596537295,5
3171,3.7184822596537295,5
3172,3.7185558986959273,5
3173,3.7194059227536878,5
3174,3.7197295583785484,5
3175,3.7205033340815636,5
3176,3.721164865666524,5
3177,3.7233839447492807,5
3178,3.7235648975527273,5
3179,3.723794842708947,5
3180,3.723843314470002,5
3181,3.7261310672208103,5
3182,3.7261563631434877,5
3183,3.7262516810137605,5
3184,3.7265106421477636,5
3185,3.730448110081178,5
3186,3.732229963045766,5
3187,3.7338110930598267,5
3188,3.7349568443204233,5
3189,3.7361847254750216,5
3190,3.736567601587814,5
3191,3.737768148200602,5
3192,3.7381407955536146,5
3193,3.7399292576822982,5
3194,3.740538497301479,5
3195,3.74125864149531,5
3196,3.741484271088086,5
3197,3.741583044112127,5
3198,3.744116878605535,5
3199,3.7467811720288933,5
3200,3.7470670281021117,5
3201,3.7473496103284143,5
3202,3.7476083181394677,5
3203,3.752617140518707,5
3204,3.755567439919617,5
3205,3.7563839994577592,5
3206,3.7599718177592845,5
3207,3.761706514746501,5
3208,3.763145766779755,5
3209,3.763492398440196,5
3210,3.7641561403326285,5
3211,3.764271925066862,5
3212,3.765742713042735,5
3213,3.7657824231166135,5
3214,3.7670570276984154,5
3215,3.7689627089834974,5
3216,3.7692247285355713,5
3217,3.7723076151535313,5
3218,3.772926240516463,5
3219,3.773920794050992,5
3220,3.774680253957125,5
3221,3.7756591765689147,5
3222,3.779118756180644,5
3223,3.779305342880111,5
3224,3.7800989098076405,5
3225,3.78037755173296,5
3226,3.780789651345329,5
3227,3.7827989225296443,5
3228,3.7836891626072884,5
3229,3.7853712250719127,5
3230,3.785608671155937,5
3231,3.7881727448104696,5
3232,3.790344723430556,5
3233,3.790812760640419,5
3234,3.791658992927115,5
3235,3.792469745995418,5
3236,3.7936965692548723,5
3237,3.7956204832639666,5
3238,3.7962918731214725,5
3239,3.7963347914476353,5
3240,3.7970309723257607,5
3241,3.801948313960872,5
3242,3.8025645683483273,5
3243,3.8064052033385574,5
3244,3.8066556596798646,5
3245,3.806923672296093,5
3246,3.8080813376543063,5
3247,3.8083119320493237,5
3248,3.8084039707450863,5
3249,3.810389702627278,5
3250,3.8115209582886163,5
3251,3.8121102726395386,5
3252,3.8147026351381026,5
3253,3.818237207391767,5
3254,3.8202899058432536,5
3255,3.823170356790518,5
3256,3.823648454068083,5
3257,3.8243863688059316,5
3258,3.825688713046998,5
3259,3.826035002967769,5
3260,3.8283101402097297,5
3261,3.8304569726182085,5
3262,3.8317601839169453,5
3263,3.8326933350560686,5
3264,3.8337149645817723,5
3265,3.8380930271522185,5
3266,3.8411154286766607,5
3267,3.842581846454334,5
3268,3.8430881136974007,5
3269,3.8441065957763105,5
3270,3.845074491940602,5
3271,3.84548932526583,5
3272,3.845612761421002,5
3273,3.846394254980433,5
3274,3.84822609922395,5
3275,3.8482598001830057,5
3276,3.849138109586867,5
3277,3.8497034968377934,5
3278,3.8497034968377934,5
3279,3.850668232899214,5
3280,3.854510762507885,5
3281,3.8549093185123136,5
3282,3.8550439815793855,5
3283,3.8564282758834296,5
3284,3.858532752153075,5
3285,3.8613211546485133,5
3286,3.8621884173489263,5
3287,3.8634328563569436,5
3288,3.864478318188363,5
3289,3.8667897421899586,5
3290,3.867248617696073,5
3291,3.8680872903580776,5
3292,3.871277544171874,5
3293,3.872215621266638,5
3294,3.8726016398002865,5
3295,3.8729144807395186,5
3296,3.8732860951023516,5
3297,3.8737747023951163,5
3298,3.873781352593859,5
3299,3.8754697137713534,5
3300,3.875660643517108,5
3301,3.8787438313008957,5
3302,3.882956475095973,5
3303,3.8858448697471064,5
3304,3.886531101373377,5
3305,3.886721835979277,5
3306,3.8891726917602507,5
3307,3.890691103736826,5
3308,3.890958265340182,5
3309,3.8941527788250903,5
3310,3.8991244884926073,5
3311,3.8992314059415594,5
3312,3.903459512156076,5
3313,3.903590873920607,5
3314,3.9038872908297186,5
3315,3.907914556693374,5
3316,3.9103883627836713,5
3317,3.912169096207502,5
3318,3.9130244692610305,5
3319,3.9132285558073083,5
3320,3.914898468339447,5
3321,3.916654931191218,5
3322,3.9211042137081624,5
3323,3.921267353128047,5
3324,3.9246592651561314,5
3325,3.9270525355651333,5
3326,3.927831655858953,5
3327,3.9285051798349038,5
3328,3.9292475986256195,5
3329,3.929815830623624,5
3330,3.931786131781315,5
3331,3.932214299687644,5
3332,3.9338583370552587,5
3333,3.934395982051245,5
3334,3.93482633425842,5
3335,3.935649099913878,5
3336,3.936188662217916,5
3337,3.9367339610301055,5
3338,3.9388347697853563,5
3339,3.9388843686677464,5
3340,3.9397265894106304,5
3341,3.9397265894106304,5
3342,3.9419597126708092,5
3343,3.9472805849124493,5
3344,3.947604297457807,5
3345,3.9484869859332377,5
3346,3.9502921997504448,5
3347,3.9509969601224815,5
3348,3.952441952822423,5
3349,3.9530587887393955,5
3350,3.9536503336624045,5
3351,3.9548516893808947,5
3352,3.9584922070208397,5
3353,3.9593177889465587,5
3354,3.9609607523569172,5
3355,3.961950339778137,5
3356,3.963284581588468,5
3357,3.96351640028993,5
3358,3.9659214876861806,5
3359,3.967469812186976,5
3360,3.9679567629621895,5
3361,3.9681797070316933,5
3362,3.9694941640119965,5
3363,3.9714246745010526,5
3364,3.9715481435371713,5
3365,3.9730572541939235,5
3366,3.973319176222206,5
3367,3.975159430836508,5
3368,3.9754410661383117,5
3369,3.9768916005379884,5
3370,3.977222472231135,5
3371,3.9787354329773135,5
3372,3.9812709862285502,5
3373,3.982664372488416,5
3374,3.9830691271279846,5
3375,3.983168177523613,5
3376,3.9874434318666885,5
3377,3.991661048771072,5
3378,3.991706539783285,5
3379,3.9930688697444445,5
3380,3.9948066205329016,5
3381,4.001536844835823,5
3382,4.001835609134551,5
3383,4.002020897803406,5
3384,4.00294598084938,5
3385,4.004782226967922,5
3386,4.004828090770175,5
3387,4.006622404400499,5
3388,4.007301472418826,5
3389,4.007960034464237,5
3390,4.008874833325917,5
3391,4.0108376639718815,5
3392,4.012556748161563,5
3393,4.012972243780385,5
3394,4.014799583457881,5
3395,4.017761212321883,5
3396,4.018296311776497,5
3397,4.018550067841987,5
3398,4.0191328040513685,5
3399,4.019599677669379,5
3400,4.021296111019439,5
3401,4.02258692824533,5
3402,4.023300612240017,5
3403,4.023919812813129,5
3404,4.024085496167578,5
3405,4.026839577277241,5
3406,4.027095657222286,5
3407,4.027179766887229,5
3408,4.027713210518482,5
3409,4.02875320236671,5
3410,4.030897067895822,5
3411,4.0313627376933026,5
3412,4.031607500078997,5
3413,4.034094680583593,5
3414,4.0344578482133295,5
3415,4.034613860762003,5
3416,4.035166440908669,5
3417,4.0351796443611,5
3418,4.036241940582465,5
3419,4.039067207021712,5
3420,4.039895877871908,5
3421,4.040102435548454,5
3422,4.042105783377061,5
3423,4.042105783377061,5
3424,4.042483288927276,5
3425,4.042699318678965,5
3426,4.044236314036605,5
3427,4.044486420279614,5
3428,4.045892387804268,5
3429,4.048406251513676,5
3430,4.04859935062016,5
3431,4.048900415419389,5
3432,4.0512178215642125,5
3433,4.052319991081368,5
3434,4.054530218379516,5
3435,4.054574736621671,5
3436,4.055796923215467,5
3437,4.0565878773496165,5
3438,4.058588886302537,5
3439,4.0595410585930605,5
3440,4.06006470437383,5
3441,4.062109321596594,5
3442,4.063173798054471,5
3443,4.0638147271393095,5
3444,4.064454448292785,5
3445,4.065320045074127,5
3446,4.066211953458763,5
3447,4.066902440256354,5
3448,4.071558392687234,5
3449,4.071639408476527,5
3450,4.072109539891786,5
3451,4.075017834103282,5
3452,4.075782306217964,5
3453,4.078667873624866,5
3454,4.081402083742337,5
3455,4.082604034833968,5
3456,4.083374093930493,5
3457,4.0844275942487585,5
3458,4.085084384240484,5
3459,4.086767767910819,5
3460,4.091424084998563,5
3461,4.095479147215089,5
3462,4.09739251605507,5
3463,4.098120520306057,5
3464,4.098324904621906,5
3465,4.102283600684359,5
3466,4.102625996548833,5
3467,4.10476107151239,5
3468,4.106921662442258,5
3469,4.109647738719169,5
3470,4.1112962843490894,5
3471,4.111993603661223,5
3472,4.112113595837618,5
3473,4.114847078384287,5
3474,4.11547251900137,5
3475,4.1157683642716005,5
3476,4.116016322052705,5
3477,4.116194333799617,5
3478,4.118362322548607,5
3479,4.122140028379088,5
3480,4.122502585188001,5
3481,4.123026267584973,5
3482,4.124504904426549,5
3483,4.124677948215427,5
3484,4.125932262148332,5
3485,4.125932262148332,5
3486,4.126089911750509,5
3487,4.127124053821136,5
3488,4.128052442269693,5
3489,4.129012959218822,5
3490,4.1319703123609814,5
3491,4.133196194515568,5
3492,4.135425107623673,5
3493,4.140073456367982,5
3494,4.1405109826430815,5
3495,4.143306929823657,5
3496,4.14412920589814,5
3497,4.146879477650548,5
3498,4.148793111079325,5
3499,4.149255344255281,5
3500,4.149948543556666,5
3501,4.150822772279493,5
3502,4.151641519602118,5
3503,4.153534414258244,5
3504,4.155690035242284,5
3505,4.158370024207319,5
3506,4.158547954332903,5
3507,4.161236829758033,5
3508,4.162312396654673,5
3509,4.1655760292803805,5
3510,4.166222772312707,5
3511,4.168305127429282,5
3512,4.168484034523787,5
3513,4.169278721258652,5
3514,4.171695935692141,5
3515,4.17197863000101,5
3516,4.172074757784528,5
3517,4.17254562401391,5
3518,4.174164680453383,5
3519,4.174478189858528,5
3520,4.176638811145959,5
3521,4.177373187960181,5
3522,4.180248451213438,5
3523,4.183274110956125,5
3524,4.186630934765515,5
3525,4.187267935487824,5
3526,4.187642913495517,5
3527,4.189932688159345,5
3528,4.195370814631317,5
3529,4.19665209324376,5
3530,4.197508247126871,5
3531,4.197961367191928,5
3532,4.199692301851106,5
3533,4.200190690823969,5
3534,4.201399251646272,5
3535,4.201665375225465,5
3536,4.208404379205525,5
3537,4.209779241302667,5
3538,4.2121555495852645,5
3539,4.213712532785011,5
3540,4.215809555977063,5
3541,4.217879056233114,5
3542,4.219460097243535,5
3543,4.220159643398447,5
3544,4.221971732939686,5
3545,4.224365158361075,5
3546,4.2253791118876505,5
3547,4.225493347893155,5
3548,4.225834187788539,5
3549,4.226809430466195,5
3550,4.229511544605234,5
3551,4.229590928462153,5
3552,4.233084574355474,5
3553,4.233998050159658,5
3554,4.237486440294671,5
3555,4.2379773487083705,5
3556,4.241567096886475,5
3557,4.241831996033497,5
3558,4.243003491932194,5
3559,4.243430365462122,5
3560,4.243958975061754,5
3561,4.246506187078182,5
3562,4.247586542257707,5
3563,4.249164278592097,5
3564,4.252845956916409,5
3565,4.253363764611305,5
3566,4.253441251375515,5
3567,4.253571183752145,5
3568,4.254878794486072,5
3569,4.259054685086068,5
3570,4.2606483654306135,5
3571,4.264380627390588,5
3572,4.269949332568962,5
3573,4.270402831931356,5
3574,4.270620987646814,5
3575,4.270620987646814,5
3576,4.271125215643099,5
3577,4.272176786466286,5
3578,4.272426397122449,5
3579,4.2758729651957745,5
3580,4.2783528720799655,5
3581,4.279018766195806,5
3582,4.282660571412303,5
3583,4.2844378186243395,5
3584,4.284449433191189,5
3585,4.284601100834702,5
3586,4.292314567803208,5
3587,4.293095357636949,5
3588,4.2936349976160715,5
3589,4.294373170786256,5
3590,4.294373170786256,5
3591,4.295723345725177,5
3592,4.2969105740872795,5
3593,4.296930493968243,5
3594,4.297055960917597,5
3595,4.297159410968113,5
3596,4.2972086684242985,5
3597,4.300493015283646,5
3598,4.305021873779107,5
3599,4.30621578647099,5
3600,4.307232386120338,5
3601,4.307473018137213,5
3602,4.309700540618168,5
3603,4.3119754486669715,5
3604,4.31433671178436,5
3605,4.31839017107349,5
3606,4.32277453007315,5
3607,4.32277453007315,5
3608,4.324045728423051,5
3609,4.326939128578035,5
3610,4.327516552529577,5
3611,4.328827676614732,5
3612,4.333396125942105,5
3613,4.3338515785862,5
3614,4.335424776067124,5
3615,4.338644603980506,5
3616,4.344826902032639,5
3617,4.346838296153022,5
3618,4.346992128512271,5
3619,4.347633717296742,5
3620,4.348972621587009,5
3621,4.349117219905859,5
3622,4.351941617414626,5
3623,4.353857183306039,5
3624,4.3565813799599935,5
3625,4.358933548833066,5
3626,4.360405982623797,5
3627,4.364328622955612,5
3628,4.367288127556304,5
3629,4.368391236697566,5
3630,4.368571455695824,5
3631,4.371529422105693,5
3632,4.377348701618321,5
3633,4.385203740958211,5
3634,4.386014702053873,5
3635,4.391252647310146,5
3636,4.392136674485131,5
3637,4.396177288622206,5
3638,4.396285741623506,5
3639,4.396285741623506,5
3640,4.396357883387801,5
3641,4.397185818113875,5
3642,4.397305893783255,5
3643,4.400196348272158,5
3644,4.401889588494925,5
3645,4.402279005598285,5
3646,4.402291579552263,5
3647,4.404864943457957,5
3648,4.405903481497116,5
3649,4.406854902623738,5
3650,4.416123430740691,5
3651,4.418925113312532,5
3652,4.421782408274084,5
3653,4.4266349951397,5
3654,4.427746455223796,5
3655,4.428630443024278,5
3656,4.433254826173029,5
3657,4.437746562952333,5
3658,4.443580504601891,5
3659,4.4449364682625685,5
3660,4.446538069786669,5
3661,4.44742836236012,5
3662,4.458014596197124,5
3663,4.458969195143965,5
3664,4.459034896343886,5
3665,4.460103908082776,5
3666,4.460538499437388,5
3667,4.461576048192608,5
3668,4.462672098329052,5
3669,4.4644257583570015,5
3670,4.464568175430676,5
3671,4.467517929259687,5
3672,4.469380783011976,5
3673,4.479649897359884,5
3674,4.481671754104751,5
3675,4.483623471288916,5
3676,4.484271577058149,5
3677,4.485355484186872,5
3678,4.487288302722508,5
3679,4.487976945297905,5
3680,4.489160124195211,5
3681,4.489413561467756,5
3682,4.4956769444242966,5
3683,4.498990486637043,5
3684,4.499496911975077,5
3685,4.506312895616452,5
3686,4.5120421468573575,5
3687,4.512276870956566,5
3688,4.514782396281949,5
3689,4.520795792350905,5
3690,4.521378588048241,5
3691,4.521799227743502,5
3692,4.522109311061128,5
3693,4.525013043754929,5
3694,4.525201180851046,5
3695,4.52539592903231,5
3696,4.525541658920885,5
3697,4.530618455773379,5
3698,4.531338956808404,5
3699,4.532128574539607,5
3700,4.532850675884513,5
3701,4.532850675884513,5
3702,4.533566226160178,5
3703,4.534100855477454,5
3704,4.534267395513362,5
3705,4.535616286696158,5
3706,4.54188265473755,5
3707,4.545814264412155,5
3708,4.547042845515253,5
3709,4.553131327716436,5
3710,4.562038780912487,5
3711,4.565881826725206,5
3712,4.568259941940934,5
3713,4.576137578123449,5
3714,4.576555461548941,5
3715,4.577118567247635,5
3716,4.5776213205420255,5
3717,4.57844893785353,5
3718,4.579616771724675,5
3719,4.58331137386631,5
3720,4.585186566222767,5
3721,4.585186566222767,5
3722,4.586804437856077,5
3723,4.589396000545369,5
3724,4.591004777817573,5
3725,4.592854269993584,5
3726,4.595177658093814,5
3727,4.598450701855072,5
3728,4.598568531335371,5
3729,4.599101768443617,5
3730,4.603445497774617,5
3731,4.603639610846795,5
3732,4.605776162655338,5
3733,4.606024194873435,5
3734,4.606757950715736,5
3735,4.609225256914939,5
3736,4.609227965422518,5
3737,4.614308856472238,5
3738,4.619629017225534,5
3739,4.62331088374277,5
3740,4.630833602446998,5
3741,4.6333013196687345,5
3742,4.6375701774647755,5
3743,4.638648203767026,5
3744,4.639508474235027,5
3745,4.641116387898186,5
3746,4.641539832122147,5
3747,4.64247894033791,5
3748,4.643007929891737,5
3749,4.643513143619678,5
3750,4.64560221627355,5
3751,4.648645593465511,5
3752,4.654179380612149,5
3753,4.658101982078277,5
3754,4.665776350228972,5
3755,4.671143646284506,5
3756,4.671423555799672,5
3757,4.6745059870672945,5
3758,4.6773993569938614,5
3759,4.678505701826759,5
3760,4.679621420493692,5
3761,4.68642816071394,5
3762,4.692415535924484,5
3763,4.694434676508216,5
3764,4.695024944861086,5
3765,4.7066814807359245,5
3766,4.708456216048638,5
3767,4.720840846189289,5
3768,4.726516541442689,5
3769,4.727764240374906,5
3770,4.728753663737592,5
3771,4.728753663737592,5
3772,4.729078202693405,5
3773,4.737512154463727,5
3774,4.74272982685454,5
3775,4.74829845162397,5
3776,4.751738650766128,5
3777,4.759408936702273,5
3778,4.760924320874169,5
3779,4.761594716877707,5
3780,4.769651136488611,5
3781,4.771478572870783,5
3782,4.772191243844456,5
3783,4.773280752150105,5
3784,4.774702004200705,5
3785,4.775897679267736,5
3786,4.778315040903939,5
3787,4.778371741976734,5
3788,4.77852732903976,5
3789,4.785685687729807,5
3790,4.786378621025442,5
3791,4.789087414662863,5
3792,4.798074606235932,5
3793,4.8034041816512305,5
3794,4.812002926464059,5
3795,4.813022954070693,5
3796,4.813573520900283,5
3797,4.814192878960777,5
3798,4.815458899304274,5
3799,4.816509505428834,5
3800,4.818699556464373,5
3801,4.821572798571014,5
3802,4.8309434782793845,5
3803,4.831238879951881,5
3804,4.8354359733728955,5
3805,4.839677639446624,5
3806,4.844186544023541,5
3807,4.849812997626126,5
3808,4.849877741884121,5
3809,4.853495038953234,5
3810,4.854025078900341,5
3811,4.85626448477617,5
3812,4.864849352708083,5
3813,4.869991842170568,5
3814,4.872795585125171,5
3815,4.874624375203663,5
3816,4.87631745025672,5
3817,4.87894966345616,5
3818,4.879072838634636,5
3819,4.88255267315398,5
3820,4.883542352618645,5
3821,4.884454323840493,5
3822,4.88460254184293,5
3823,4.889281504362944,5
3824,4.891959267279818,5
3825,4.893438059413791,5
3826,4.894162286742319,5
3827,4.896946865280207,5
3828,4.900499018273243,5
3829,4.906214590800529,5
3830,4.910108227614458,5
3831,4.920224001490637,5
3832,4.925525561202925,5
3833,4.9268449724944166,5
3834,4.930528587221455,5
3835,4.943381771260166,5
3836,4.9478791882859445,5
3837,4.956103187037011,5
3838,4.97054605437803,5
3839,4.981073574620633,5
3840,4.982098061934132,5
3841,4.985908450868611,5
3842,4.989930992989469,5
3843,4.996865611981237,5
3844,5.001642547453126,5
3845,5.004411931970847,5
3846,5.008201848619752,5
3847,5.010108808774015,5
3848,5.011941753198895,5
3849,5.015720266534332,5
3850,5.016414368776423,5
3851,5.018613587286703,5
3852,5.023633718878747,5
3853,5.033982871560275,5
3854,5.045443307006977,5
3855,5.0508302190796055,5
3856,5.060102920314522,5
3857,5.061931476032392,5
3858,5.065168274576777,5
3859,5.073190486943789,5
3860,5.075299293606449,5
3861,5.0779323432175865,5
3862,5.079980600478352,5
3863,5.080999155120972,5
3864,5.081039573324329,5
3865,5.092811515235921,5
3866,5.096612179955539,5
3867,5.096705300010307,5
3868,5.10062751392144,5
3869,5.107010900789972,5
3870,5.108102845417529,5
3871,5.111667337499979,5
3872,5.119055089952206,5
3873,5.124768332841774,5
3874,5.124877343950094,5
3875,5.129691731375554,5
3876,5.139061370852001,5
3877,5.141617299648704,5
3878,5.145549002658803,5
3879,5.151330916163327,5
3880,5.15261279622936,5
3881,5.152804091531887,5
3882,5.154087608954505,5
3883,5.16084811177448,5
3884,5.173519500219866,5
3885,5.175698438244764,5
3886,5.181251474961114,5
3887,5.18464071630948,5
3888,5.185621544355287,5
3889,5.199926430862988,5
3890,5.206450732427442,5
3891,5.206450732427442,5
3892,5.211109221804554,5
3893,5.21297356032941,5
3894,5.2164713078698055,5
3895,5.220246084627502,5
3896,5.224326735681367,5
3897,5.2250514840920665,5
3898,5.232677833934721,5
3899,5.2569982068133925,5
3900,5.266660187783248,5
3901,5.2677927698580485,5
3902,5.270146978493947,5
3903,5.280554495898749,5
3904,5.2838149648241695,5
3905,5.3193538987662885,5
3906,5.3193538987662885,5
3907,5.3204590333179,5
3908,5.342576335858152,5
3909,5.353891077939175,5
3910,5.356248923910168,5
3911,5.356573472312934,5
3912,5.358827411086766,5
3913,5.36117897374532,5
3914,5.3612593610003705,5
3915,5.362389286426532,5
3916,5.367146549568374,5
3917,5.370739877601431,5
3918,5.372262150781706,5
3919,5.374360115005743,5
3920,5.376577155587692,5
3921,5.3771214688923035,5
3922,5.385412832879643,5
3923,5.392616358057371,5
3924,5.394659915019104,5
3925,5.401872207582908,5
3926,5.422433126180576,5
3927,5.4264947431224755,5
3928,5.428119831506904,5
3929,5.440171107863966,5
3930,5.448341394869499,5
3931,5.449690076867367,5
3932,5.454764252526201,5
3933,5.459500846144798,5
3934,5.464903096782026,5
3935,5.471543209099602,5
3936,5.47161675156638,5
3937,5.471752550845269,5
3938,5.472835454690252,5
3939,5.477245493343746,5
3940,5.484363026119634,5
3941,5.486387082376625,5
3942,5.493056563312359,5
3943,5.5051900798155335,5
3944,5.510249418789458,5
3945,5.512091064328141,5
3946,5.513256496158598,5
3947,5.529477034383232,5
3948,5.54005067139839,5
3949,5.546786319544686,5
3950,5.551670726033344,5
3951,5.569409429950881,5
3952,5.571379266001802,5
3953,5.574044139398605,5
3954,5.577104071552538,5
3955,5.589930238339108,5
3956,5.591222076139035,5
3957,5.591839974871452,5
3958,5.599932967091212,5
3959,5.605792878288613,5
3960,5.612973942135835,5
3961,5.623867176683189,5
3962,5.642876139323948,5
3963,5.6431596822002765,5
3964,5.6640782401407055,5
3965,5.665328375479968,5
3966,5.677132461842567,5
3967,5.680170045247857,5
3968,5.681935473973074,5
3969,5.691552407914018,5
3970,5.697157437782066,5
3971,5.697349706153291,5
3972,5.703565035381208,5
3973,5.70874412288572,5
3974,5.725583790518711,5
3975,5.73592333406494,5
3976,5.749665788696424,5
3977,5.7632181459930845,5
3978,5.765877438730506,5
3979,5.7685481573961805,5
3980,5.770472410253854,5
3981,5.778176158219673,5
3982,5.78587592186467,5
3983,5.794519070952406,5
3984,5.807163990006303,5
3985,5.81002128990016,5
3986,5.81517575683462,5
3987,5.818594030776258,5
3988,5.839316511356918,5
3989,5.842117402711627,5
3990,5.863068376618181,5
3991,5.878808222537168,5
3992,5.906074368017735,5
3993,5.910446961159527,5
3994,5.910869980213031,5
3995,5.925102394626109,5
3996,5.935238763143517,5
3997,5.939202033071046,5
3998,5.947151035762627,5
3999,5.9537178372881945,5
4000,5.954325296464918,5
4001,5.957808923756838,5
4002,5.976717515432918,5
4003,5.985018159765584,5
4004,5.9905303856993655,5
4005,5.995547456669546,5
4006,6.014063829004276,5
4007,6.033644368692198,5
4008,6.04068777945016,5
4009,6.045249912960464,5
4010,6.067848711272668,5
4011,6.076937461807035,5
4012,6.091751460216726,5
4013,6.1015261107231895,5
4014,6.102000399499692,5
4015,6.123995944946775,5
4016,6.126258975516404,5
4017,6.13041973565038,5
4018,6.13092432797001,5
4019,6.139278312176579,5
4020,6.1745024226235685,5
4021,6.175970817755881,5
4022,6.199780741398529,5
4023,6.202780684070104,5
4024,6.203977872265225,5
4025,6.205928271116503,5
4026,6.219892835647398,5
4027,6.255812105496945,5
4028,6.257445412295917,5
4029,6.288475060168256,5
4030,6.294678474933548,5
4031,6.309952121455317,5
4032,6.31456223732427,5
4033,6.315785081580077,5
4034,6.328207432919108,5
4035,6.330314564925171,5
4036,6.340945033399946,5
4037,6.340945033399946,5
4038,6.3470391210813375,5
4039,6.357770060455052,5
4040,6.369043421175378,5
4041,6.37510190822306,5
4042,6.377876440339933,5
4043,6.386417030520614,5
4044,6.391895856157173,5
4045,6.3974696360798875,5
4046,6.4039981448208225,5
4047,6.41953119375604,5
4048,6.4253246539869595,5
4049,6.430147749181001,5
4050,6.431292107401294,5
4051,6.43318373692136,5
4052,6.461948680347179,5
4053,6.470460538269602,5
4054,6.48026560556763,5
4055,6.55630366464143,5
4056,6.564489875753812,5
4057,6.569719025514808,5
4058,6.570866471516849,5
4059,6.587394416976522,5
4060,6.628735276278622,5
4061,6.638148722309555,5
4062,6.687825523785456,5
4063,6.695252950015948,5
4064,6.7338958781050975,5
4065,6.74478601129083,5
4066,6.771076300197812,5
4067,6.835411245504329,5
4068,6.8431167647354325,5
4069,6.843783933664186,5
4070,6.845712502952279,5
4071,6.870942210408406,5
4072,6.887682932259632,5
4073,6.944698753182039,5
4074,6.947755412537524,5
4075,6.96123495297262,5
4076,6.980506256392643,5
4077,6.991731722444936,5
4078,6.996552858559244,5
4079,7.007645558079432,5
4080,7.015349491270899,5
4081,7.0712076743597425,5
4082,7.081691183104317,5
4083,7.109915909152987,5
4084,7.157055875927733,5
4085,7.157055875927733,5
4086,7.17289570609496,5
4087,7.177930873544494,5
4088,7.195659964340576,5
4089,7.213223267057191,5
4090,7.2604402738146145,5
4091,7.274999066658334,5
4092,7.285115813635153,5
4093,7.285543978586599,5
4094,7.300155427143174,5
4095,7.329971414303972,5
4096,7.340109539121178,5
4097,7.405305565934677,5
4098,7.46502528263971,5
4099,7.479497796173139,5
4100,7.4883117734103255,5
4101,7.497143387757952,5
4102,7.54539709414391,5
4103,7.576021219818535,5
4104,7.578751167204187,5
4105,7.58636242875411,5
4106,7.65722144391674,5
4107,7.693469289346839,5
4108,7.693469289346839,5
4109,7.713909002233449,5
4110,7.743530365546462,5
4111,7.765092013678717,5
4112,7.787566092558119,5
4113,7.928795272113042,5
4114,8.043341090226004,5
4115,8.094590636158612,5
4116,8.118325840150595,5
4117,8.192995493581915,5
4118,8.300503651323044,5
4119,8.38215507133612,5
4120,8.434819117761233,5
4121,8.448103723709986,5
4122,8.495040613601677,5
4123,8.532383440731131,5
4124,8.693954939325831,5
4125,8.701418035805869,5
4126,8.734099515607658,5
4127,8.775249442436454,5
4128,8.929823075657838,5
4129,9.027232350652817,5
4130,9.078616421775344,5
4131,9.200247710395285,5
4132,9.217452323027826,5
4133,9.418472915913185,5
4134,9.428825780679126,5
4135,9.492877786590146,5
4136,9.655518365182004,5
4137,9.692744339361425,5
4138,9.692744339361425,5
4139,9.76880887435261,5
4140,10.074598224174235,5
4141,10.134081529949095,5
4142,10.505577371293503,5
4143,10.530828392234781,5
4144,10.550463081642988,5
4145,10.610600743697137,5
4146,10.740656031484251,5
4147,10.942106336223759,5
4148,10.995391348839526,5
4149,11.465426132862678,5
4150,11.54596056857294,5
4151,11.811045007248532,5
4152,11.902840969628254,5
4153,11.902840969628254,5
4154,12.100833706828308,5
4155,12.782330419743351,5
4156,12.90366699503058,5
4157,13.438186034724128,5
4158,13.481159989603329,5
4159,15.939063459119405,5
4160,17.683119459781754,5
4161,20.166324587185866,5
1,1.7108451873699397,8
2,1.7389987687107837,8
3,1.7499388371357227,8
4,1.785917950234725,8
5,1.7867632143451055,8
6,1.79147752820634,8
7,1.816355426134412,8
8,1.816355426134412,8
9,1.8579353195329684,8
10,1.862091718075708,8
11,1.8660123053130804,8
12,1.8711983176086473,8
13,1.873738755388536,8
14,1.8753059924151065,8
15,1.881189347049032,8
16,1.8957362698801759,8
17,1.9088524866706063,8
18,1.9264545883224886,8
19,1.9297854660091511,8
20,1.9443697992538902,8
21,1.9512847092540035,8
22,1.9581658053043116,8
23,1.962629042762103,8
24,1.964942107384188,8
25,1.9673408432010275,8
26,1.969535685130866,8
27,1.969535685130866,8
28,1.970465232874841,8
29,1.9827531270436132,8
30,1.9861258119679523,8
31,1.9865853994581788,8
32,1.9902571800564712,8
33,1.9908842331134946,8
34,1.9917374968381234,8
35,2.0053256130983734,8
36,2.0063048665492476,8
37,2.0134020464025526,8
38,2.0142402355019136,8
39,2.017031389832223,8
40,2.019531768842466,8
41,2.0215458679273572,8
42,2.0278677081309997,8
43,2.0308510198819425,8
44,2.0338056674308653,8
45,2.043127491221763,8
46,2.0470424879403457,8
47,2.0479862409818224,8
48,2.049905009572791,8
49,2.049905009572791,8
50,2.0506685760742296,8
51,2.0506685760742296,8
52,2.0546908580030427,8
53,2.0559362563204946,8
54,2.058857576982219,8
55,2.065206898155544,8
56,2.070940858394334,8
57,2.072881977106271,8
58,2.081281522310278,8
59,2.08287904481929,8
60,2.08287904481929,8
61,2.0834203613575712,8
62,2.08497591595847,8
63,2.085862889739656,8
64,2.086800032261721,8
65,2.087027275379682,8
66,2.091164373072589,8
67,2.0933107709565872,8
68,2.094717127496912,8
69,2.094717127496912,8
70,2.096346190042085,8
71,2.100311980017424,8
72,2.100449101765984,8
73,2.1086141222795067,8
74,2.113162860757556,8
75,2.1143458097693384,8
76,2.114998982823979,8
77,2.117149117078235,8
78,2.117807683258116,8
79,2.117918788325318,8
80,2.11844852332629,8
81,2.120486384754891,8
82,2.1205828797054993,8
83,2.1213215921448176,8
84,2.1234749230242898,8
85,2.126183092819061,8
86,2.126532288164311,8
87,2.128193457227268,8
88,2.1282540107767245,8
89,2.1296846610438136,8
90,2.131994403628986,8
91,2.1321170470840856,8
92,2.1331095657403076,8
93,2.1338649654608908,8
94,2.134320965948812,8
95,2.134933564808895,8
96,2.1355262745653185,8
97,2.136566956565835,8
98,2.1379902623020786,8
99,2.1388782535508297,8
100,2.139201889843391,8
101,2.1401910571629155,8
102,2.1447422683931188,8
103,2.1447422683931188,8
104,2.1474322768472103,8
105,2.147444896357036,8
106,2.147888738063143,8
107,2.149916986993833,8
108,2.1514701540052585,8
109,2.1514760117406695,8
110,2.1514760117406695,8
111,2.152179131595745,8
112,2.1523535744640547,8
113,2.153653894618232,8
114,2.1547463737528068,8
115,2.1552430281326,8
116,2.1553050324115604,8
117,2.1557501962964376,8
118,2.1563554218904044,8
119,2.1587433676228573,8
120,2.15880254929841,8
121,2.159552859279078,8
122,2.159593451334977,8
123,2.159593451334977,8
124,2.1609558698062283,8
125,2.1609558698062283,8
126,2.1632336626079507,8
127,2.170829983153633,8
128,2.1714749435512686,8
129,2.1724871336707094,8
130,2.1752294550792217,8
131,2.176093022334578,8
132,2.1765548345059837,8
133,2.177141625229748,8
134,2.1797800488865766,8
135,2.1810857138551447,8
136,2.1821096541122693,8
137,2.1829832775568745,8
138,2.182986729356977,8
139,2.182986729356977,8
140,2.1831056557358135,8
141,2.185730663774993,8
142,2.185930899576028,8
143,2.1870837060293646,8
144,2.1870837060293646,8
145,2.187727295667005,8
146,2.190346078246884,8
147,2.1911126808925654,8
148,2.1916686015672293,8
149,2.1916759092873495,8
150,2.192197334000701,8
151,2.192817015313605,8
152,2.193606462982476,8
153,2.193985150393705,8
154,2.1943046479849837,8
155,2.1943230682691084,8
156,2.195783632987322,8
157,2.195834909446237,8
158,2.1960823303045354,8
159,2.198047902864516,8
160,2.1981731699806684,8
161,2.2002069277970313,8
162,2.2014605776285507,8
163,2.201752401267417,8
164,2.2020748886793506,8
165,2.203825120710834,8
166,2.204118969958089,8
167,2.204221913274716,8
168,2.204685421733219,8
169,2.2065111443852654,8
170,2.206628812462887,8
171,2.20809786881161,8
172,2.2087029688802375,8
173,2.209042151953161,8
174,2.209924547479501,8
175,2.2103354310653156,8
176,2.2109717113673417,8
177,2.2111510165582895,8
178,2.213182630344419,8
179,2.214692255222005,8
180,2.214939585257827,8
181,2.2153173052952,8
182,2.218606322421837,8
183,2.2191513277098087,8
184,2.2218909532606337,8
185,2.2229228970252124,8
186,2.2235369313874043,8
187,2.223953965331604,8
188,2.2247391602517257,8
189,2.224747762708897,8
190,2.2250927278519166,8
191,2.2258453416506705,8
192,2.2281931603726277,8
193,2.2302966655249743,8
194,2.2304116770017606,8
195,2.230864976090998,8
196,2.2311597746521796,8
197,2.231712918906052,8
198,2.2321006084789796,8
199,2.2325604488436235,8
200,2.232698198925275,8
201,2.2333431077250894,8
202,2.236201766066352,8
203,2.2363027296581284,8
204,2.2365194378471043,8
205,2.2372514985026646,8
206,2.237987110634907,8
207,2.2386980901775146,8
208,2.2419836128157296,8
209,2.242400646969719,8
210,2.2425205947144105,8
211,2.242735252828027,8
212,2.2441546901220617,8
213,2.244283711794629,8
214,2.245454921574457,8
215,2.2457429572856547,8
216,2.247737425767142,8
217,2.2478709963978463,8
218,2.2483093636910643,8
219,2.2486588541799466,8
220,2.2491701009315315,8
221,2.2536491489413617,8
222,2.2536942053075655,8
223,2.2541710492144365,8
224,2.2558151750498774,8
225,2.2558403369046878,8
226,2.255892881395892,8
227,2.256574996893891,8
228,2.259779939681765,8
229,2.260199199709761,8
230,2.260533091296464,8
231,2.261862725175324,8
232,2.262179478119216,8
233,2.2627801593397754,8
234,2.2640032570916455,8
235,2.2653506789054316,8
236,2.2669513996997313,8
237,2.267219587611273,8
238,2.269315913438193,8
239,2.26945008258208,8
240,2.2719955504513583,8
241,2.2721064569837566,8
242,2.2741289824105855,8
243,2.2742993787057615,8
244,2.2755117367094733,8
245,2.2760185979591894,8
246,2.276467218341559,8
247,2.2774056254085755,8
248,2.2786072438905807,8
249,2.2801265091367617,8
250,2.2801265091367617,8
251,2.2809879929351276,8
252,2.2822266316755067,8
253,2.2824667411270245,8
254,2.282797263026018,8
255,2.2830209058450017,8
256,2.2833359098444,8
257,2.283480734940203,8
258,2.2851794828588954,8
259,2.2877312041503517,8
260,2.2879797397616937,8
261,2.2886757253415517,8
262,2.2886801064329374,8
263,2.289379049026313,8
264,2.289412099831834,8
265,2.2895269462652275,8
266,2.289615249758864,8
267,2.2899042680627026,8
268,2.2908986382096463,8
269,2.291396921451584,8
270,2.2919236814125172,8
271,2.295012382239256,8
272,2.2957450696600614,8
273,2.2967350559523454,8
274,2.3003715090476735,8
275,2.3005013763728672,8
276,2.3006555835171203,8
277,2.3007684995909377,8
278,2.300779264383737,8
279,2.3010846343677818,8
280,2.3031616817432194,8
281,2.3031655161925673,8
282,2.3033331358859876,8
283,2.3040258106707876,8
284,2.3040948632132774,8
285,2.3049504138639403,8
286,2.3057915890358207,8
287,2.3065602373883634,8
288,2.3074089724514013,8
289,2.3074408835395315,8
290,2.3075098316558544,8
291,2.3079427991151458,8
292,2.3087632715528,8
293,2.3093189100728044,8
294,2.310884608988048,8
295,2.312123801034875,8
296,2.3123636784858883,8
297,2.3129627401396835,8
298,2.3143057257187105,8
299,2.31464951929751,8
300,2.3146824484987967,8
301,2.316362589336558,8
302,2.3183071426591018,8
303,2.3196770386195977,8
304,2.320957975439178,8
305,2.3218682429326356,8
306,2.3226837859218312,8
307,2.323883472518929,8
308,2.324333557390728,8
309,2.3248307191595687,8
310,2.324938344120511,8
311,2.3250436267837538,8
312,2.32514805432325,8
313,2.3253191986523976,8
314,2.3269646162415913,8
315,2.3294336329782155,8
316,2.330385947928634,8
317,2.3323603750229847,8
318,2.332549755965064,8
319,2.3326885809090934,8
320,2.3330064896986666,8
321,2.333061468144016,8
322,2.3339643673399295,8
323,2.334391504897492,8
324,2.3345174043804056,8
325,2.3345698259703016,8
326,2.3354862049372342,8
327,2.3358010578840442,8
328,2.335907139693279,8
329,2.336031046885103,8
330,2.33667862065182,8
331,2.3369333272245494,8
332,2.3371105740979057,8
333,2.3375673197307196,8
334,2.3396413543260963,8
335,2.3396413543260963,8
336,2.3400047210570696,8
337,2.3400124323378253,8
338,2.342701420766922,8
339,2.342871506292233,8
340,2.342871506292233,8
341,2.3444817451405875,8
342,2.345193901767148,8
343,2.3461350502334457,8
344,2.3466554742082244,8
345,2.34853265451649,8
346,2.3495682520281203,8
347,2.352016695650817,8
348,2.3521142708661844,8
349,2.3521423098316827,8
350,2.352486860772051,8
351,2.3532936377605544,8
352,2.35348016079232,8
353,2.3544646706780163,8
354,2.3552653330218605,8
355,2.3576215030952343,8
356,2.357743534412467,8
357,2.357743534412467,8
358,2.358166209510044,8
359,2.359447132196846,8
360,2.3598173057279705,8
361,2.3605372947680743,8
362,2.360612566619059,8
363,2.3616644263922475,8
364,2.3621395601511708,8
365,2.3621424169833487,8
366,2.362929860233032,8
367,2.3637138035249143,8
368,2.3644524395129425,8
369,2.3659797149200794,8
370,2.3664099694395184,8
371,2.3688678998275567,8
372,2.3691803248657783,8
373,2.3695134671488303,8
374,2.371642691478443,8
375,2.371788033765488,8
376,2.3727300767312194,8
377,2.3749133061904804,8
378,2.3751415033295973,8
379,2.3764539191342435,8
380,2.377734409297773,8
381,2.37973615207364,8
382,2.3813285809133538,8
383,2.3813285809133538,8
384,2.3816254574378894,8
385,2.3817330188220325,8
386,2.381751382194073,8
387,2.381911306859169,8
388,2.3824894232510467,8
389,2.382812267370643,8
390,2.3834604534103114,8
391,2.3836096570064433,8
392,2.38439725402267,8
393,2.3848661263641193,8
394,2.385857960108852,8
395,2.385939688657919,8
396,2.3878947737859426,8
397,2.3878947737859426,8
398,2.3885090355720107,8
399,2.3885090355720107,8
400,2.389702793777801,8
401,2.389960661095564,8
402,2.389998587213361,8
403,2.3912178581848345,8
404,2.391740326749908,8
405,2.3933711295931928,8
406,2.393908809578923,8
407,2.3940827929664046,8
408,2.39570787047997,8
409,2.396121564292267,8
410,2.396205084708261,8
411,2.396245754308183,8
412,2.3967957374130093,8
413,2.3972378391391187,8
414,2.397540341226712,8
415,2.398564691414873,8
416,2.399559695504321,8
417,2.4002562746111673,8
418,2.4019766752393914,8
419,2.402484614332699,8
420,2.403451180043606,8
421,2.403867198474462,8
422,2.4040316301138778,8
423,2.4050184353740445,8
424,2.4064676104588427,8
425,2.406808450369373,8
426,2.4078661119879543,8
427,2.4083486666894793,8
428,2.40910229089879,8
429,2.409361328874399,8
430,2.4095610409437693,8
431,2.410935560785936,8
432,2.410935560785936,8
433,2.4117159160777417,8
434,2.4122001026888005,8
435,2.4123510110774826,8
436,2.412479684516746,8
437,2.4136938339879754,8
438,2.4145238605218413,8
439,2.415363345768991,8
440,2.4159658840575378,8
441,2.417054645418402,8
442,2.4171261206137187,8
443,2.418492812203742,8
444,2.41953956318638,8
445,2.4205103194197872,8
446,2.4214129559076363,8
447,2.4214885176228162,8
448,2.4218376485666675,8
449,2.422830619600586,8
450,2.4232962119021257,8
451,2.4237353205711334,8
452,2.425128189406908,8
453,2.4254770985286993,8
454,2.4258911182252576,8
455,2.426091531804334,8
456,2.4264229982527956,8
457,2.426912429957488,8
458,2.427870119378409,8
459,2.427931716648917,8
460,2.429136357355305,8
461,2.429193755435771,8
462,2.4304296660572104,8
463,2.4304296660572104,8
464,2.431545733039344,8
465,2.432748899276171,8
466,2.4329030389195383,8
467,2.4331037980800487,8
468,2.434049399117838,8
469,2.434469569536748,8
470,2.4345439690748587,8
471,2.4349009841950267,8
472,2.435154763233965,8
473,2.4351715057440315,8
474,2.436737654523117,8
475,2.4374462637991003,8
476,2.438272657237552,8
477,2.4383181441793638,8
478,2.4385281217284427,8
479,2.4396134267566163,8
480,2.4406425709549957,8
481,2.441545931897508,8
482,2.441594976423372,8
483,2.4421474267151324,8
484,2.4433994016745944,8
485,2.443792660969192,8
486,2.4441428946934707,8
487,2.4441817687823844,8
488,2.4454643791310193,8
489,2.445834853864328,8
490,2.446207332847542,8
491,2.4468306489532914,8
492,2.4469155535441396,8
493,2.44778468579834,8
494,2.448996547962701,8
495,2.450112578385338,8
496,2.450112578385338,8
497,2.4504525149121394,8
498,2.4506451136913423,8
499,2.450775404822819,8
500,2.451839298178754,8
501,2.452149693952907,8
502,2.4534731738543893,8
503,2.4535467146112144,8
504,2.4535833084705594,8
505,2.453712942869714,8
506,2.4551589851765714,8
507,2.4552335664973013,8
508,2.4555607118443996,8
509,2.4564709049702222,8
510,2.457796751438305,8
511,2.458169084866808,8
512,2.458214865577208,8
513,2.459176559922187,8
514,2.459183289356352,8
515,2.4593718430900964,8
516,2.4602256447231983,8
517,2.4604111220663336,8
518,2.461566635533713,8
519,2.461789086395737,8
520,2.4624292848046974,8
521,2.462450986531895,8
522,2.462497122808569,8
523,2.46291177922804,8
524,2.4640557894869173,8
525,2.464466184388016,8
526,2.4648486525432505,8
527,2.4649586974931927,8
528,2.466031504658401,8
529,2.468497321045001,8
530,2.4687337990591542,8
531,2.4689097646197635,8
532,2.4693584191899918,8
533,2.4694985823106568,8
534,2.4700116293742327,8
535,2.470105480884886,8
536,2.4702459425130634,8
537,2.4703499880552955,8
538,2.4710236159819594,8
539,2.4710567039610676,8
540,2.4713873691575663,8
541,2.471527803094049,8
542,2.471734424906993,8
543,2.472093370998547,8
544,2.4725427066587597,8
545,2.472752143470989,8
546,2.4736202806680083,8
547,2.473739667639488,8
548,2.4737477474865086,8
549,2.4738602206541427,8
550,2.4738688105112905,8
551,2.474490494938208,8
552,2.474999283627855,8
553,2.475473854010782,8
554,2.4755816972588884,8
555,2.475668672841882,8
556,2.475871943872115,8
557,2.47625888887809,8
558,2.476493709774441,8
559,2.47651445480465,8
560,2.477506841146479,8
561,2.477639955822925,8
562,2.4786213564132145,8
563,2.4791549792983982,8
564,2.4820925303175994,8
565,2.482109933380688,8
566,2.4826467436001973,8
567,2.482731764157998,8
568,2.4835518549210276,8
569,2.4845571894353995,8
570,2.484804808008099,8
571,2.485005394500218,8
572,2.485266181346559,8
573,2.4854468612144607,8
574,2.4858847392390393,8
575,2.4858902118010775,8
576,2.4867616523820604,8
577,2.4870424292276074,8
578,2.4882046163537335,8
579,2.4887038633350693,8
580,2.4891081182362402,8
581,2.4901127293942147,8
582,2.4901994747166927,8
583,2.4908753404478694,8
584,2.49123300794874,8
585,2.4912392616991714,8
586,2.4912969245911505,8
587,2.4923409881587086,8
588,2.4925490205918024,8
589,2.4926230011682855,8
590,2.4954467173183867,8
591,2.495587822374474,8
592,2.4956770061988762,8
593,2.4964852466304985,8
594,2.4966980086593074,8
595,2.4975679602369087,8
596,2.4983531723378607,8
597,2.4985483363499763,8
598,2.498720397996344,8
599,2.498899800944924,8
600,2.500815820629029,8
601,2.5010892090687595,8
602,2.5013764618792385,8
603,2.5034706267428466,8
604,2.503478761784383,8
605,2.50363284883579,8
606,2.5038126964287604,8
607,2.5041916471933074,8
608,2.5044449850988917,8
609,2.5052886302825734,8
610,2.5067996623137914,8
611,2.5069053835920263,8
612,2.507266758173355,8
613,2.5074284991402536,8
614,2.507660854385705,8
615,2.508234947648096,8
616,2.508386128934019,8
617,2.508449386938557,8
618,2.508533857416332,8
619,2.508686670937801,8
620,2.509449472419659,8
621,2.5101979729764294,8
622,2.5109185452774354,8
623,2.5111949225846497,8
624,2.511800807236788,8
625,2.511974682211924,8
626,2.5124656966882846,8
627,2.5141054132832057,8
628,2.514107262470393,8
629,2.51423700389259,8
630,2.514498575198895,8
631,2.5145315582946726,8
632,2.5153339412047346,8
633,2.515419381655006,8
634,2.516105567208365,8
635,2.5162867125419544,8
636,2.517114389568223,8
637,2.518916195774015,8
638,2.519547680931079,8
639,2.519718356086914,8
640,2.520143364016707,8
641,2.5207215333209856,8
642,2.520757554257449,8
643,2.5214076884344037,8
644,2.5220142213423786,8
645,2.523377151802291,8
646,2.5241792304292683,8
647,2.5254755311962187,8
648,2.526881135965717,8
649,2.5276420983969223,8
650,2.5287057703904923,8
651,2.528775086366334,8
652,2.5291717533077174,8
653,2.5295099048753786,8
654,2.531161083280722,8
655,2.531567497406274,8
656,2.5317265487699414,8
657,2.5321787446879473,8
658,2.532611797167034,8
659,2.532778176223289,8
660,2.533120179042874,8
661,2.5345002403964734,8
662,2.5347590707449674,8
663,2.535322463399794,8
664,2.5357562921344505,8
665,2.5374319054801835,8
666,2.537757740269406,8
667,2.5380344951500704,8
668,2.5382181140205367,8
669,2.538678119303173,8
670,2.538862182786411,8
671,2.5398898364395617,8
672,2.5401224018463022,8
673,2.5401852817864974,8
674,2.5404981696939566,8
675,2.540669627438436,8
676,2.54067228349447,8
677,2.5406757456431337,8
678,2.5408293312305084,8
679,2.5424466348000325,8
680,2.5430575881389954,8
681,2.5433361401696724,8
682,2.5433855203856957,8
683,2.5436601172822626,8
684,2.543953010168123,8
685,2.5441122257188393,8
686,2.544132875374189,8
687,2.544901060071181,8
688,2.544901060071181,8
689,2.545066470530773,8
690,2.545117863074618,8
691,2.5461345163459828,8
692,2.546381013468932,8
693,2.546984626560343,8
694,2.547618397473255,8
695,2.5480687796255626,8
696,2.5481366510429173,8
697,2.548492984488786,8
698,2.5494424286858455,8
699,2.549844367420979,8
700,2.5506768885729634,8
701,2.551004299498436,8
702,2.55143530340504,8
703,2.5519779121347796,8
704,2.551984278887303,8
705,2.552644491612319,8
706,2.5533743459184106,8
707,2.553766280135154,8
708,2.553940758588859,8
709,2.5549316592801383,8
710,2.555155825169187,8
711,2.5551892171008066,8
712,2.5556767848524267,8
713,2.555840608692652,8
714,2.556355522262368,8
715,2.5572223530133753,8
716,2.5586236667780358,8
717,2.559345583285438,8
718,2.559632291958661,8
719,2.5610799574944885,8
720,2.5614085371117716,8
721,2.562044772552063,8
722,2.562416215886341,8
723,2.562539053409012,8
724,2.5629112144832105,8
725,2.563264714676532,8
726,2.5633719033667433,8
727,2.5643317533095478,8
728,2.5650301852650883,8
729,2.565830615922,8
730,2.5672761659980874,8
731,2.56774928092659,8
732,2.5679695079270055,8
733,2.568254985335558,8
734,2.5686209819404158,8
735,2.568772794688546,8
736,2.5704494909587767,8
737,2.5704717773000523,8
738,2.570813590735446,8
739,2.5711833346698536,8
740,2.57189316994947,8
741,2.572129987517219,8
742,2.5726576066472986,8
743,2.573351501830126,8
744,2.5734560463653535,8
745,2.5742186882262437,8
746,2.575482048534961,8
747,2.575952594652145,8
748,2.575952594652145,8
749,2.5760873584382966,8
750,2.57619160139955,8
751,2.576241753772005,8
752,2.5765759037586355,8
753,2.5769233098386044,8
754,2.5770436894077684,8
755,2.5782877907840622,8
756,2.578313984021236,8
757,2.578378516942516,8
758,2.5792563141468925,8
759,2.579275772427897,8
760,2.5796920447705225,8
761,2.5798957528187674,8
762,2.5809066756763706,8
763,2.581019056035504,8
764,2.5810297911693536,8
765,2.581423441776581,8
766,2.581495143846144,8
767,2.5815165886203255,8
768,2.581739279905806,8
769,2.582181683242518,8
770,2.5854471620779194,8
771,2.585993808572481,8
772,2.586153835452001,8
773,2.586566281136472,8
774,2.5867535389159433,8
775,2.588030151356828,8
776,2.5881758964642656,8
777,2.588325020018922,8
778,2.588449380646014,8
779,2.5889239816295726,8
780,2.588961092520993,8
781,2.588961092520993,8
782,2.5895783012946554,8
783,2.590046848301668,8
784,2.590843981558276,8
785,2.5919174268686778,8
786,2.592028786429018,8
787,2.592482019108731,8
788,2.593595079252593,8
789,2.594320059286562,8
790,2.594812378897909,8
791,2.594842025727716,8
792,2.5953623644577024,8
793,2.5956984420007068,8
794,2.5958342260971983,8
795,2.597716032862611,8
796,2.5992611185760195,8
797,2.5994956005852456,8
798,2.5994956005852456,8
799,2.599647466842189,8
800,2.6002055554483245,8
801,2.6003745624341064,8
802,2.6005683273667843,8
803,2.60111399867653,8
804,2.601566196633394,8
805,2.6017879181788124,8
806,2.602282313920495,8
807,2.602738836641905,8
808,2.603798593646074,8
809,2.604519711315589,8
810,2.6050529281416437,8
811,2.6057692356184634,8
812,2.60644976468697,8
813,2.6069224632590937,8
814,2.608149452106066,8
815,2.608149452106066,8
816,2.6092361307001926,8
817,2.609334110057567,8
818,2.609339067689429,8
819,2.61010634932081,8
820,2.6102972491164644,8
821,2.610597208278626,8
822,2.611153230126366,8
823,2.611208296237636,8
824,2.6117803453519564,8
825,2.611827640670701,8
826,2.612862381736315,8
827,2.6132147835809207,8
828,2.6136640563009546,8
829,2.6137016234180295,8
830,2.6139118536414943,8
831,2.6141637837562133,8
832,2.6148459448944026,8
833,2.6155225551287242,8
834,2.6164188285802736,8
835,2.616628696796847,8
836,2.6168546584380143,8
837,2.6168546584380143,8
838,2.6170263071093314,8
839,2.6174491670350095,8
840,2.617524671915589,8
841,2.619642830575714,8
842,2.62034707162663,8
843,2.62079885715357,8
844,2.620806846270261,8
845,2.620874999361539,8
846,2.6216568908217863,8
847,2.622621158435015,8
848,2.622729241320605,8
849,2.622927831292394,8
850,2.6232430494641457,8
851,2.624034078148639,8
852,2.6240939261043885,8
853,2.6255013154360873,8
854,2.6256313940167555,8
855,2.6262375844569408,8
856,2.6264241127362165,8
857,2.626695056846076,8
858,2.6276834025932376,8
859,2.627702845693753,8
860,2.629231232876775,8
861,2.629688630627124,8
862,2.6297174000328676,8
863,2.6303340298629396,8
864,2.6321572362263397,8
865,2.6323792009449414,8
866,2.6324586589586625,8
867,2.632571989281438,8
868,2.6333079179408947,8
869,2.6334247186471655,8
870,2.633600199132272,8
871,2.6345900226894363,8
872,2.634697636992411,8
873,2.6353770371680665,8
874,2.6356153517710963,8
875,2.635847792298211,8
876,2.6376994901461264,8
877,2.638292605478128,8
878,2.6387590246888886,8
879,2.639221978680587,8
880,2.6397913812157916,8
881,2.6400793394034205,8
882,2.641039171289277,8
883,2.6411214175093307,8
884,2.641874752672632,8
885,2.642498922401778,8
886,2.6425804532781956,8
887,2.643137275650539,8
888,2.6437406137326334,8
889,2.6445765674158985,8
890,2.6457177893586454,8
891,2.646060022820419,8
892,2.646697426383022,8
893,2.6468234128074317,8
894,2.6475536449527053,8
895,2.648053697868522,8
896,2.648475511965741,8
897,2.6487043736900673,8
898,2.6489023312423554,8
899,2.6489560369552647,8
900,2.6500002441843606,8
901,2.6506326015988284,8
902,2.6515394258542724,8
903,2.6516017268899446,8
904,2.6517170499162206,8
905,2.651813685848994,8
906,2.6524064716829603,8
907,2.652620965734158,8
908,2.652658705181271,8
909,2.6528151623827014,8
910,2.653240271932627,8
911,2.6533192533622936,8
912,2.653446906185848,8
913,2.6550430213676286,8
914,2.6550698860880164,8
915,2.65563324646991,8
916,2.655634188406916,8
917,2.6560337231936058,8
918,2.656408013670889,8
919,2.656528431168514,8
920,2.6579952114559084,8
921,2.6584427282184495,8
922,2.6584950459182175,8
923,2.6592788783120325,8
924,2.6597761570626366,8
925,2.659995658130875,8
926,2.660924805244732,8
927,2.6613350451868913,8
928,2.6614078422962795,8
929,2.6623388456693933,8
930,2.6623388456693933,8
931,2.6623784013423273,8
932,2.6628703686122854,8
933,2.6631808997527284,8
934,2.6641265045721547,8
935,2.6642867426785144,8
936,2.665086038241522,8
937,2.665958078032016,8
938,2.6660451109904106,8
939,2.666389040086642,8
940,2.6668343481182686,8
941,2.667041970152229,8
942,2.6699962648852678,8
943,2.6707329666631634,8
944,2.6708372752403067,8
945,2.6709608071904083,8
946,2.672745710127383,8
947,2.6729424024505577,8
948,2.67398349155218,8
949,2.674005173993627,8
950,2.6741852770633945,8
951,2.674358012173763,8
952,2.6744902661558334,8
953,2.6746453153819596,8
954,2.6748001500276963,8
955,2.6752213887001766,8
956,2.6756034263073585,8
957,2.6757087697214303,8
958,2.6762222233902317,8
959,2.676331700409424,8
960,2.677593845794505,8
961,2.677633968196968,8
962,2.6785821502184683,8
963,2.678903301619909,8
964,2.6791229579079983,8
965,2.6793550092969967,8
966,2.6795681725804386,8
967,2.6796372149086425,8
968,2.6805924944088524,8
969,2.680630035312353,8
970,2.681647308802433,8
971,2.6817092728252545,8
972,2.681814341108425,8
973,2.681906855006826,8
974,2.6823865358620353,8
975,2.6830474130903066,8
976,2.6838769754267076,8
977,2.684116690149298,8
978,2.6841690950615105,8
979,2.6849807388621443,8
980,2.6853250432920364,8
981,2.6858654859272555,8
982,2.685977115766388,8
983,2.686601250188361,8
984,2.688341317727793,8
985,2.688540900197953,8
986,2.690543714601086,8
987,2.6906755267906055,8
988,2.691164586212302,8
989,2.691426555010407,8
990,2.691448940222543,8
991,2.6917002856951227,8
992,2.6928047854696318,8
993,2.6928881998012666,8
994,2.693032525938986,8
995,2.693122090337457,8
996,2.693449027101487,8
997,2.69356823524421,8
998,2.6938323553813257,8
999,2.694297755676833,8
1000,2.6944896791557857,8
1001,2.694807513035619,8
1002,2.694970360056585,8
1003,2.694974760616242,8
1004,2.694974760616242,8
1005,2.6956751922950417,8
1006,2.6956764689823953,8
1007,2.6956983945735566,8
1008,2.695756428455365,8
1009,2.695939724733349,8
1010,2.695939724733349,8
1011,2.697385071862447,8
1012,2.6976914218031047,8
1013,2.6986305749891533,8
1014,2.6993077246173875,8
1015,2.6993077246173875,8
1016,2.699575674533793,8
1017,2.6997667138273447,8
1018,2.7003472408109954,8
1019,2.7012991335310397,8
1020,2.7018114064851844,8
1021,2.7027003820014026,8
1022,2.702910333887412,8
1023,2.703174513128159,8
1024,2.703395179981206,8
1025,2.703682270275757,8
1026,2.70397362587149,8
1027,2.7043856906013537,8
1028,2.704512993234775,8
1029,2.704578138564954,8
1030,2.704583286676383,8
1031,2.705301416642168,8
1032,2.7056262131505853,8
1033,2.7057241475811677,8
1034,2.706150863759824,8
1035,2.706626406046785,8
1036,2.7073534783437525,8
1037,2.708118163292976,8
1038,2.7082311136397195,8
1039,2.709043812072945,8
1040,2.709725432047766,8
1041,2.7098266048760578,8
1042,2.7102474748380962,8
1043,2.7108346577658144,8
1044,2.711038565206234,8
1045,2.7116651048994695,8
1046,2.7117934052333834,8
1047,2.713181735909508,8
1048,2.7141962398066863,8
1049,2.7144909036452285,8
1050,2.716056714521279,8
1051,2.716056714521279,8
1052,2.7162415283299453,8
1053,2.7173483787281603,8
1054,2.7174890077123095,8
1055,2.717494991411181,8
1056,2.717743713498256,8
1057,2.717881351728562,8
1058,2.7181724179385394,8
1059,2.7185205268736503,8
1060,2.720171702138134,8
1061,2.720171702138134,8
1062,2.7202739297366687,8
1063,2.721057638600277,8
1064,2.721262248151528,8
1065,2.7213947657241095,8
1066,2.7221975252554778,8
1067,2.722552544631741,8
1068,2.72336351228858,8
1069,2.723552670369204,8
1070,2.7237546489259428,8
1071,2.7243806177903114,8
1072,2.724507415584008,8
1073,2.7246218936542994,8
1074,2.7249295394643807,8
1075,2.7249353275635233,8
1076,2.724968409826337,8
1077,2.724992914940856,8
1078,2.7250866096525392,8
1079,2.725639620879931,8
1080,2.726131613335645,8
1081,2.726454651685794,8
1082,2.7264691410271507,8
1083,2.7267492248342466,8
1084,2.7268253951758696,8
1085,2.726887884441126,8
1086,2.7270722620622196,8
1087,2.7271163072355216,8
1088,2.7272675646917177,8
1089,2.7277375024988655,8
1090,2.7282541111337335,8
1091,2.7283736293153225,8
1092,2.7313301776329144,8
1093,2.731753686963686,8
1094,2.732360062513397,8
1095,2.7325992150329075,8
1096,2.732968950115207,8
1097,2.733660474780145,8
1098,2.7336908038346293,8
1099,2.7341883077291795,8
1100,2.7343775951309346,8
1101,2.7351030458484873,8
1102,2.7356542196098634,8
1103,2.7359167236886233,8
1104,2.7361212534946278,8
1105,2.7365323077004895,8
1106,2.736819433132019,8
1107,2.7376353001739617,8
1108,2.738808609863403,8
1109,2.738831026308738,8
1110,2.7390346517428306,8
1111,2.7394043883381896,8
1112,2.739422922084792,8
1113,2.739504463086655,8
1114,2.739588454821842,8
1115,2.7398500350531796,8
1116,2.7401171719616855,8
1117,2.7406044395226523,8
1118,2.7411736184536966,8
1119,2.741308102221296,8
1120,2.741369980037331,8
1121,2.7424019199061855,8
1122,2.7424175817831538,8
1123,2.742932727981179,8
1124,2.7429429342779375,8
1125,2.743216360578691,8
1126,2.7454027713424116,8
1127,2.745457602455374,8
1128,2.745599715623959,8
1129,2.7462601892440794,8
1130,2.7464749074669066,8
1131,2.7466338161375767,8
1132,2.7472995390375803,8
1133,2.7478588663594836,8
1134,2.7479633912836645,8
1135,2.7479785494222453,8
1136,2.7484012341277952,8
1137,2.7484189501987535,8
1138,2.7484759126495657,8
1139,2.7488384476216483,8
1140,2.74911221476336,8
1141,2.7494752662707023,8
1142,2.7498573679161287,8
1143,2.750047866786544,8
1144,2.7502657454231167,8
1145,2.7506130386154006,8
1146,2.750800398820885,8
1147,2.75181246385747,8
1148,2.752187019921257,8
1149,2.7534086124704564,8
1150,2.7535545438316693,8
1151,2.7540039744794083,8
1152,2.7541525693022026,8
1153,2.75444155833669,8
1154,2.755062940861965,8
1155,2.7556938784839202,8
1156,2.7570340370314166,8
1157,2.757460055404259,8
1158,2.757660393484396,8
1159,2.758304784656016,8
1160,2.758779478762282,8
1161,2.759616261682965,8
1162,2.759627681216477,8
1163,2.75982734896164,8
1164,2.7600377801318725,8
1165,2.7602993257961015,8
1166,2.7605856357056395,8
1167,2.7610208022557425,8
1168,2.761087601898417,8
1169,2.761094262199867,8
1170,2.7615454872389447,8
1171,2.7617875986925826,8
1172,2.761808551800856,8
1173,2.761979923852517,8
1174,2.7621293908943514,8
1175,2.762430540030555,8
1176,2.7631716821781382,8
1177,2.763269508074656,8
1178,2.763394843681581,8
1179,2.763427976491156,8
1180,2.763439557649246,8
1181,2.764007353428853,8
1182,2.764797994387227,8
1183,2.7651772540255606,8
1184,2.765351608163507,8
1185,2.765392240502673,8
1186,2.7656140474016566,8
1187,2.7659041021434074,8
1188,2.7660333427221864,8
1189,2.7663058567724605,8
1190,2.7675775320311504,8
1191,2.7684906302875394,8
1192,2.768925292344564,8
1193,2.7690630241595393,8
1194,2.7695440722998317,8
1195,2.770062244883193,8
1196,2.7703544025914555,8
1197,2.770426971927723,8
1198,2.7705495964267794,8
1199,2.7706198706503686,8
1200,2.770688775910931,8
1201,2.772109231993495,8
1202,2.7723162749641084,8
1203,2.7723162749641084,8
1204,2.7724451929383,8
1205,2.772831588696638,8
1206,2.773391740858962,8
1207,2.773594807133524,8
1208,2.773740890491961,8
1209,2.7748672700730665,8
1210,2.7752157897668166,8
1211,2.775217565240521,8
1212,2.7775742633163034,8
1213,2.778094478471199,8
1214,2.778106596094841,8
1215,2.7801152824142523,8
1216,2.780174062702746,8
1217,2.7805673961636326,8
1218,2.7813352319480185,8
1219,2.781608671364282,8
1220,2.7819186331859496,8
1221,2.782423139495585,8
1222,2.7825173579205047,8
1223,2.782530989962646,8
1224,2.783172144824637,8
1225,2.783225233209692,8
1226,2.783733539222434,8
1227,2.78398103520194,8
1228,2.7839877561613915,8
1229,2.7844690368715583,8
1230,2.7846628630782884,8
1231,2.785130223100844,8
1232,2.7852682052924482,8
1233,2.785484733826238,8
1234,2.785915619203926,8
1235,2.786053511725327,8
1236,2.787200880180912,8
1237,2.787222169014408,8
1238,2.7876336606097754,8
1239,2.7877226360567704,8
1240,2.7877836689632027,8
1241,2.7878053774667553,8
1242,2.7884171363464016,8
1243,2.788419944173378,8
1244,2.7896842598731295,8
1245,2.7900665369254947,8
1246,2.790116166894776,8
1247,2.7902325890441926,8
1248,2.790612006007373,8
1249,2.791161498120507,8
1250,2.791519519688371,8
1251,2.7919460040217183,8
1252,2.79220758743899,8
1253,2.7922632436965116,8
1254,2.7922632436965116,8
1255,2.792568224417839,8
1256,2.792726693394165,8
1257,2.7935248470897656,8
1258,2.793604489460344,8
1259,2.7936673461569725,8
1260,2.7938991192772944,8
1261,2.794313021857044,8
1262,2.7947473404870586,8
1263,2.795887080698504,8
1264,2.795965323879529,8
1265,2.796274280794092,8
1266,2.796469137243328,8
1267,2.7968881124527103,8
1268,2.7969373690736203,8
1269,2.7969852730443323,8
1270,2.7972976372102227,8
1271,2.7973385392792367,8
1272,2.797394737709923,8
1273,2.798023182283736,8
1274,2.798029453176451,8
1275,2.798106466351059,8
1276,2.7989563789763316,8
1277,2.7995028492883387,8
1278,2.7997227368099993,8
1279,2.8004633691247034,8
1280,2.8012394622133576,8
1281,2.8014842178132673,8
1282,2.8016802181921543,8
1283,2.803614360012296,8
1284,2.8038880477774937,8
1285,2.8045455414677347,8
1286,2.8046158474878005,8
1287,2.8055068940543286,8
1288,2.805681937747736,8
1289,2.8057093031316733,8
1290,2.806343639505779,8
1291,2.806499048811748,8
1292,2.807255524967199,8
1293,2.8078638271637426,8
1294,2.8083642113390566,8
1295,2.8091480523379166,8
1296,2.8092783590430193,8
1297,2.809923317539653,8
1298,2.8099733498870063,8
1299,2.810348029010706,8
1300,2.8103563651356276,8
1301,2.8105875948049497,8
1302,2.810797379771233,8
1303,2.8108268130908183,8
1304,2.8108810687119976,8
1305,2.81160793285504,8
1306,2.8117128034960714,8
1307,2.8124483468589494,8
1308,2.8126765501862323,8
1309,2.8128632978472323,8
1310,2.8133242687948528,8
1311,2.813374761369042,8
1312,2.813892656622966,8
1313,2.8145260160197227,8
1314,2.814595119013024,8
1315,2.814752564750561,8
1316,2.8156471448936795,8
1317,2.81568117321785,8
1318,2.8161016888445958,8
1319,2.8164625762043625,8
1320,2.8169601309519843,8
1321,2.8173412744572133,8
1322,2.8173942478770715,8
1323,2.817412504008714,8
1324,2.81780628309536,8
1325,2.818189446321142,8
1326,2.8189862349312858,8
1327,2.819197458468556,8
1328,2.819197458468556,8
1329,2.8194175195811613,8
1330,2.8195410563301575,8
1331,2.8198630520355783,8
1332,2.8198858717501083,8
1333,2.819905227077587,8
1334,2.8201376880403926,8
1335,2.820574204722996,8
1336,2.8207609632939836,8
1337,2.8207912607702625,8
1338,2.821979128265126,8
1339,2.8220155124754127,8
1340,2.822030738216651,8
1341,2.8222039391944675,8
1342,2.823419689132255,8
1343,2.824361740641562,8
1344,2.8250976842965336,8
1345,2.825623391896286,8
1346,2.825874374363607,8
1347,2.826008207258659,8
1348,2.826488528153495,8
1349,2.8270637756548735,8
1350,2.827108135978341,8
1351,2.827432175354715,8
1352,2.8278048988210913,8
1353,2.8278309301734437,8
1354,2.828628706512873,8
1355,2.8286925709296282,8
1356,2.829543629162254,8
1357,2.8304190763561414,8
1358,2.830994432519327,8
1359,2.831031979323631,8
1360,2.8319617683248834,8
1361,2.8321611518010887,8
1362,2.8321982872719107,8
1363,2.832696269502441,8
1364,2.8327409770609426,8
1365,2.8332489830932017,8
1366,2.8336536235396363,8
1367,2.834158412419018,8
1368,2.8344200387791743,8
1369,2.834549454106498,8
1370,2.8347493627484273,8
1371,2.8353431149604567,8
1372,2.8357034893313218,8
1373,2.836249944299285,8
1374,2.836249944299285,8
1375,2.8365837998355468,8
1376,2.8369544699519587,8
1377,2.8372594872510546,8
1378,2.8374408836337657,8
1379,2.8376897923713438,8
1380,2.8386437962857345,8
1381,2.8413900067620017,8
1382,2.8416447845032806,8
1383,2.8418010424563356,8
1384,2.8418287269984437,8
1385,2.8419018741931867,8
1386,2.8421567906496263,8
1387,2.8421945975118956,8
1388,2.8425205450974005,8
1389,2.8440185178200026,8
1390,2.8442140948367687,8
1391,2.8443875992299814,8
1392,2.844757461670997,8
1393,2.8448239044039973,8
1394,2.8454613904761596,8
1395,2.84550608486418,8
1396,2.845543987534204,8
1397,2.8462069059343635,8
1398,2.846242774075797,8
1399,2.8463487298439683,8
1400,2.8472172924990287,8
1401,2.84736258311911,8
1402,2.847438212574952,8
1403,2.8475838239543823,8
1404,2.8476770875138104,8
1405,2.8478045179101814,8
1406,2.8485545929609044,8
1407,2.848898068767571,8
1408,2.849060518179615,8
1409,2.849341429339616,8
1410,2.8498689933386836,8
1411,2.851217398235614,8
1412,2.8517773120015253,8
1413,2.851882751192329,8
1414,2.852532415112686,8
1415,2.8526578972750216,8
1416,2.852709937973067,8
1417,2.854119321895053,8
1418,2.8541994621672058,8
1419,2.8544149374252137,8
1420,2.854534181499104,8
1421,2.8558322571605412,8
1422,2.8564142051242256,8
1423,2.8570226143101856,8
1424,2.8571134910461704,8
1425,2.857502458116573,8
1426,2.8576530284864257,8
1427,2.8576651885798054,8
1428,2.857860870824593,8
1429,2.857977456009307,8
1430,2.8586275780976758,8
1431,2.858628916177084,8
1432,2.859016836413524,8
1433,2.8594152718139596,8
1434,2.85954480592191,8
1435,2.8609469852689124,8
1436,2.8609931945740215,8
1437,2.8612073806475764,8
1438,2.8614754934511946,8
1439,2.861519535784479,8
1440,2.862569602710568,8
1441,2.8627365949994434,8
1442,2.8631730611753445,8
1443,2.8633723279124594,8
1444,2.8638669723843315,8
1445,2.8641216412683694,8
1446,2.8641869325112075,8
1447,2.8643902630724893,8
1448,2.865065720772271,8
1449,2.865193698367518,8
1450,2.865310720064102,8
1451,2.86667045779581,8
1452,2.866686029442265,8
1453,2.867128517980469,8
1454,2.868031303250429,8
1455,2.8688088035624926,8
1456,2.8695943923907334,8
1457,2.869718427310909,8
1458,2.870506820941558,8
1459,2.8713960345504193,8
1460,2.8718771215761953,8
1461,2.871992950991098,8
1462,2.872332253434599,8
1463,2.872397548520623,8
1464,2.872496642408446,8
1465,2.8727142849749283,8
1466,2.8730679380189823,8
1467,2.8738026360488473,8
1468,2.8753277635385333,8
1469,2.8754972320509737,8
1470,2.875566345075646,8
1471,2.8758763593767434,8
1472,2.8759844934095464,8
1473,2.8760307136248793,8
1474,2.8768870547617755,8
1475,2.8771881555059013,8
1476,2.8773111594822245,8
1477,2.8780588351427,8
1478,2.8781897499378757,8
1479,2.878490082089986,8
1480,2.8792955261007394,8
1481,2.8794154443266984,8
1482,2.8795901044693863,8
1483,2.880765328952363,8
1484,2.8810011785944254,8
1485,2.8813893404372704,8
1486,2.881792067406239,8
1487,2.881900945432514,8
1488,2.882344408684341,8
1489,2.8826437516961607,8
1490,2.8827453831939116,8
1491,2.883628004179229,8
1492,2.88364611907836,8
1493,2.883713691524733,8
1494,2.8844698095078893,8
1495,2.8844698095078893,8
1496,2.884538590566412,8
1497,2.884895966675238,8
1498,2.885714730293144,8
1499,2.8857765811305196,8
1500,2.885811812039428,8
1501,2.886966385017046,8
1502,2.887333107788686,8
1503,2.887382942734665,8
1504,2.888003951102104,8
1505,2.8882941157169406,8
1506,2.888392879450721,8
1507,2.889003570529419,8
1508,2.8894053853701327,8
1509,2.8896489202676516,8
1510,2.8898586554859818,8
1511,2.8909748036607836,8
1512,2.891849349065882,8
1513,2.8919922839155014,8
1514,2.8923556181675014,8
1515,2.892866272479763,8
1516,2.893009201356886,8
1517,2.8935125614635364,8
1518,2.8939566236505456,8
1519,2.8939594410798857,8
1520,2.8940222835844067,8
1521,2.8940222835844067,8
1522,2.896076819611526,8
1523,2.896417191838035,8
1524,2.896578734854595,8
1525,2.897147722577889,8
1526,2.8979544065912806,8
1527,2.898063183982185,8
1528,2.898222423605818,8
1529,2.899262523671419,8
1530,2.899811955285597,8
1531,2.9002989149428946,8
1532,2.900923340106471,8
1533,2.900946216784384,8
1534,2.9011121006939655,8
1535,2.901337572659124,8
1536,2.901542668675571,8
1537,2.901838093933639,8
1538,2.902229600953519,8
1539,2.903831023812545,8
1540,2.9042367131651052,8
1541,2.904260386562241,8
1542,2.9044568108745015,8
1543,2.9045880196427696,8
1544,2.904750897981595,8
1545,2.9056334962607995,8
1546,2.9057131058186325,8
1547,2.9057630517281656,8
1548,2.905947128300875,8
1549,2.905985936866308,8
1550,2.90659529131628,8
1551,2.9066277278656205,8
1552,2.9066277278656205,8
1553,2.906690282941241,8
1554,2.906767355682105,8
1555,2.908081871684978,8
1556,2.9081345755935595,8
1557,2.9087105018115813,8
1558,2.9089739411904665,8
1559,2.9094034828732593,8
1560,2.909612543786658,8
1561,2.909810047206231,8
1562,2.90988589425922,8
1563,2.9106207351896134,8
1564,2.9107493455658595,8
1565,2.9111790787783676,8
1566,2.9117067618863897,8
1567,2.9120260910131286,8
1568,2.912166776469701,8
1569,2.9129732799371864,8
1570,2.913390242434836,8
1571,2.914676237470727,8
1572,2.9148911855763244,8
1573,2.914974653247495,8
1574,2.915235907999054,8
1575,2.916306073238573,8
1576,2.9166075490805348,8
1577,2.9173407053122222,8
1578,2.9179151774729197,8
1579,2.91802124247697,8
1580,2.9183474736577515,8
1581,2.9183883275350326,8
1582,2.918551511831027,8
1583,2.9186639867020894,8
1584,2.919200592453269,8
1585,2.9192016719491924,8
1586,2.9195353087534737,8
1587,2.9208475640808573,8
1588,2.9214847434531186,8
1589,2.921894752883042,8
1590,2.92310187133773,8
1591,2.9234449441600696,8
1592,2.9243226892451526,8
1593,2.9244572889367433,8
1594,2.924745303556817,8
1595,2.9248295507676,8
1596,2.9249340810144617,8
1597,2.9250960288354504,8
1598,2.9263959994249875,8
1599,2.9272865123995513,8
1600,2.9282340179821573,8
1601,2.9286919857664824,8
1602,2.9290877394506487,8
1603,2.929503267634946,8
1604,2.9304826839793456,8
1605,2.9306631147513316,8
1606,2.931327444399038,8
1607,2.9317715076655104,8
1608,2.9319344042511597,8
1609,2.932033847050455,8
1610,2.9331003188019213,8
1611,2.9331686517269966,8
1612,2.9345954872958817,8
1613,2.9348236909390417,8
1614,2.935101995850323,8
1615,2.935599925483523,8
1616,2.936407510473497,8
1617,2.9366220993400862,8
1618,2.9368663664060213,8
1619,2.93719257741595,8
1620,2.9373369796404742,8
1621,2.937433618074101,8
1622,2.9383431935058497,8
1623,2.9385961737515776,8
1624,2.9385961737515776,8
1625,2.9395947535814932,8
1626,2.9398562126001857,8
1627,2.9401196658243633,8
1628,2.940300776193125,8
1629,2.9403223449310953,8
1630,2.9405965885351804,8
1631,2.9411553868859546,8
1632,2.9417049462417153,8
1633,2.9420886877938486,8
1634,2.942224845316199,8
1635,2.9423689526584846,8
1636,2.9426458503143955,8
1637,2.943143584795995,8
1638,2.9458733388297964,8
1639,2.9462856303980924,8
1640,2.9469277531541387,8
1641,2.9480170187624957,8
1642,2.948880415181268,8
1643,2.9489712961153063,8
1644,2.9490268906434314,8
1645,2.949720086909157,8
1646,2.949737281196086,8
1647,2.9500707029858204,8
1648,2.950425690879386,8
1649,2.9512812131569564,8
1650,2.9515584260031202,8
1651,2.9519776327093017,8
1652,2.9523408569658423,8
1653,2.952356270922409,8
1654,2.952638375836991,8
1655,2.9526666067901988,8
1656,2.952693653357813,8
1657,2.9527746271510216,8
1658,2.9534434435742734,8
1659,2.953744244143696,8
1660,2.9537907871032822,8
1661,2.954017783595982,8
1662,2.9543372350205597,8
1663,2.9562057716636665,8
1664,2.9568843096711905,8
1665,2.9571720614606907,8
1666,2.957273804508292,8
1667,2.9586688405956543,8
1668,2.9587384790641273,8
1669,2.9591751928001706,8
1670,2.9592218202659635,8
1671,2.9597749181990562,8
1672,2.9611057711432824,8
1673,2.9612229387985844,8
1674,2.962456174033605,8
1675,2.9625866882239116,8
1676,2.963039164661318,8
1677,2.9645270616492354,8
1678,2.9648303821765163,8
1679,2.9656913442388766,8
1680,2.9659259996668887,8
1681,2.96620157146675,8
1682,2.9664899863735075,8
1683,2.966522203180988,8
1684,2.966844162925948,8
1685,2.9669047727228626,8
1686,2.967741895888918,8
1687,2.9682077582020527,8
1688,2.9682097414178097,8
1689,2.968789950323635,8
1690,2.968968202971983,8
1691,2.9694745023835925,8
1692,2.9696322273303655,8
1693,2.96970549538997,8
1694,2.970197539390332,8
1695,2.9706648908641498,8
1696,2.9708120951102774,8
1697,2.970833930131412,8
1698,2.972046321683805,8
1699,2.9721396274932164,8
1700,2.972309768457262,8
1701,2.9730011934903406,8
1702,2.9733733827565834,8
1703,2.9735610617647494,8
1704,2.9740431726795644,8
1705,2.9740689185540257,8
1706,2.9741393331321855,8
1707,2.9743096447827675,8
1708,2.9744979225628914,8
1709,2.9746436642526515,8
1710,2.9749454401139195,8
1711,2.9750373220878807,8
1712,2.975182972307511,8
1713,2.9753725689068156,8
1714,2.9753898448670832,8
1715,2.9755630550688044,8
1716,2.976066370283662,8
1717,2.9762206436027343,8
1718,2.976717253681014,8
1719,2.9768474082115706,8
1720,2.9773752701368896,8
1721,2.978569217611889,8
1722,2.978569217611889,8
1723,2.97857964863503,8
1724,2.979307954161274,8
1725,2.9793289309269366,8
1726,2.9796917731086308,8
1727,2.980319759355142,8
1728,2.980367161486993,8
1729,2.9808571436378433,8
1730,2.9810255172411386,8
1731,2.981038823770621,8
1732,2.98119753574138,8
1733,2.982533029550721,8
1734,2.9828260555088764,8
1735,2.9830844357987214,8
1736,2.983143356942601,8
1737,2.9832031041960945,8
1738,2.9832031041960945,8
1739,2.9833263573235764,8
1740,2.9835211078244543,8
1741,2.983624981569128,8
1742,2.9842664731977324,8
1743,2.9845463227975872,8
1744,2.984770265105542,8
1745,2.9854841435787196,8
1746,2.985614209131172,8
1747,2.9866845287033925,8
1748,2.9868306730110947,8
1749,2.986986744200679,8
1750,2.9888683685703596,8
1751,2.991009394520117,8
1752,2.991719146868553,8
1753,2.9919443727322568,8
1754,2.9919819153802902,8
1755,2.9920307689778154,8
1756,2.992250252668148,8
1757,2.992345458977661,8
1758,2.9923978638733377,8
1759,2.993309664500569,8
1760,2.9947328622077793,8
1761,2.9947928811137485,8
1762,2.995146165313843,8
1763,2.9952798404647827,8
1764,2.9957037153848947,8
1765,2.9984586381010616,8
1766,2.9988462994558693,8
1767,2.9989430165974227,8
1768,2.9990607848961766,8
1769,2.9996061641734992,8
1770,2.99980112191803,8
1771,3.0003795989584665,8
1772,3.0008418970492237,8
1773,3.0017752976619008,8
1774,3.0017761170047983,8
1775,3.0017761170047983,8
1776,3.0027452705245774,8
1777,3.0033633705666647,8
1778,3.0038521707832775,8
1779,3.004626737978322,8
1780,3.0046564872426123,8
1781,3.0051691578553235,8
1782,3.005443851175166,8
1783,3.0056308802553855,8
1784,3.005914046097721,8
1785,3.0065903981866557,8
1786,3.0067120353899455,8
1787,3.007214907601498,8
1788,3.008162162033274,8
1789,3.008162162033274,8
1790,3.0088701612542468,8
1791,3.0090988036546666,8
1792,3.0099992212314843,8
1793,3.0101203608641405,8
1794,3.0104594185190683,8
1795,3.010678556425141,8
1796,3.011161696825907,8
1797,3.0118053134963025,8
1798,3.011846092558621,8
1799,3.0120866413346197,8
1800,3.0123952956310807,8
1801,3.0124099031313825,8
1802,3.012820403137179,8
1803,3.0131297400297883,8
1804,3.0134861451445416,8
1805,3.0136846800473935,8
1806,3.013834163956802,8
1807,3.0147104852554656,8
1808,3.0147852752593978,8
1809,3.0150200726113505,8
1810,3.016048970888815,8
1811,3.017092426190475,8
1812,3.0173986675021385,8
1813,3.017434926472213,8
1814,3.0174394659089185,8
1815,3.0177206045174976,8
1816,3.0177206045174976,8
1817,3.0178117415114705,8
1818,3.017894459173522,8
1819,3.018735703904171,8
1820,3.0195465345911865,8
1821,3.0198235536847746,8
1822,3.0199093958416543,8
1823,3.0223089160325047,8
1824,3.0225174138860496,8
1825,3.0236030383616175,8
1826,3.023871496362238,8
1827,3.024915217125766,8
1828,3.0251091623848336,8
1829,3.0257058415944047,8
1830,3.0257187710093105,8
1831,3.026501082923748,8
1832,3.026510862879243,8
1833,3.0271247550912808,8
1834,3.0271569262749662,8
1835,3.0282703066237264,8
1836,3.0283695026237676,8
1837,3.0287130475540605,8
1838,3.0297247074492777,8
1839,3.029812555649937,8
1840,3.029918707342092,8
1841,3.030416116501639,8
1842,3.0305493919224316,8
1843,3.0309357476379777,8
1844,3.0311908601271713,8
1845,3.0315138216811137,8
1846,3.0321298275360946,8
1847,3.0329217922327527,8
1848,3.03318928931823,8
1849,3.033470866779275,8
1850,3.033748931581729,8
1851,3.0339775293879723,8
1852,3.0346421760071647,8
1853,3.034950738657158,8
1854,3.035038405133557,8
1855,3.0361156459388403,8
1856,3.0363743651519632,8
1857,3.037681543993439,8
1858,3.0381564492612565,8
1859,3.038437354524149,8
1860,3.0384479453999145,8
1861,3.0392994710632215,8
1862,3.040080223669984,8
1863,3.040890663944078,8
1864,3.041344663926608,8
1865,3.042362984217123,8
1866,3.0431671909426465,8
1867,3.0432344061638243,8
1868,3.0432916691533918,8
1869,3.043608806558832,8
1870,3.0452572938438225,8
1871,3.045297976773154,8
1872,3.0459728240422645,8
1873,3.0469788519336607,8
1874,3.0470446172834924,8
1875,3.047087835804827,8
1876,3.047296760535636,8
1877,3.047359986420625,8
1878,3.047828450027209,8
1879,3.04786718554662,8
1880,3.048059840978572,8
1881,3.048255704410521,8
1882,3.048535797536736,8
1883,3.048576456391742,8
1884,3.048740114191464,8
1885,3.0495646840494928,8
1886,3.0498339269415156,8
1887,3.049933443445303,8
1888,3.050038435836133,8
1889,3.0500519404955604,8
1890,3.0501773682974704,8
1891,3.050938465922816,8
1892,3.0514582552156124,8
1893,3.051492564694517,8
1894,3.0525230706454707,8
1895,3.052691511812429,8
1896,3.052871686729081,8
1897,3.0531053738247254,8
1898,3.053211528401423,8
1899,3.053338900527781,8
1900,3.053909863979532,8
1901,3.0547974240264675,8
1902,3.054842455110542,8
1903,3.0551158719894973,8
1904,3.0552259259569743,8
1905,3.0552844015372775,8
1906,3.056298361435456,8
1907,3.057373087335376,8
1908,3.0574777674420455,8
1909,3.0577445479005867,8
1910,3.058472678083205,8
1911,3.058750453573127,8
1912,3.0602101727727162,8
1913,3.060437560254731,8
1914,3.0612595864841263,8
1915,3.061301575686243,8
1916,3.062048499829573,8
1917,3.0623941684024762,8
1918,3.0628780071794584,8
1919,3.0632290079307105,8
1920,3.0637116439399885,8
1921,3.0638367196918432,8
1922,3.063964287602712,8
1923,3.064124472756786,8
1924,3.0643430712079835,8
1925,3.0644776607123374,8
1926,3.0648172646617184,8
1927,3.0653157794191785,8
1928,3.065505449853449,8
1929,3.0658256437762366,8
1930,3.065902590114983,8
1931,3.0660989813712245,8
1932,3.066138246025521,8
1933,3.0661952028463793,8
1934,3.0664016945488743,8
1935,3.0675644485069373,8
1936,3.0680833353043746,8
1937,3.0684388100422915,8
1938,3.0684850747181236,8
1939,3.0684954569641976,8
1940,3.0686643688878106,8
1941,3.0692237222458125,8
1942,3.0696376497805047,8
1943,3.069976489944233,8
1944,3.070395410589449,8
1945,3.070910146568135,8
1946,3.0714176642077358,8
1947,3.071483644569983,8
1948,3.071734273975157,8
1949,3.072369723252637,8
1950,3.073254307213166,8
1951,3.0732595802484703,8
1952,3.0734340186639373,8
1953,3.0747736317751984,8
1954,3.0747763775084564,8
1955,3.075029563972289,8
1956,3.07512561362382,8
1957,3.0754661231898655,8
1958,3.076100015948039,8
1959,3.0761629494568377,8
1960,3.0764799118516994,8
1961,3.0765677258168966,8
1962,3.0766610722573358,8
1963,3.076890113420325,8
1964,3.0770290389423947,8
1965,3.077521750770326,8
1966,3.078356256592327,8
1967,3.0787739786119013,8
1968,3.078899681176746,8
1969,3.078967947271081,8
1970,3.0793273507423837,8
1971,3.0797175789988436,8
1972,3.080546866264421,8
1973,3.0810212093911913,8
1974,3.0810212093911913,8
1975,3.0814140933322545,8
1976,3.08167614093307,8
1977,3.0817495706364832,8
1978,3.081840213686853,8
1979,3.0820896971475324,8
1980,3.0822301969130637,8
1981,3.0824341198989216,8
1982,3.0826818372873053,8
1983,3.083195352817369,8
1984,3.083415056778067,8
1985,3.0836769925666516,8
1986,3.083978850094709,8
1987,3.0842685499730047,8
1988,3.0844272452312365,8
1989,3.084559216905223,8
1990,3.0846575337209687,8
1991,3.085681177648617,8
1992,3.0857170842627766,8
1993,3.0859233009220954,8
1994,3.086063606107239,8
1995,3.0863224970354914,8
1996,3.08663400208983,8
1997,3.0867069794780364,8
1998,3.0871340922170294,8
1999,3.0883687362026815,8
2000,3.0886739837385466,8
2001,3.088939341526314,8
2002,3.0899023642337373,8
2003,3.0900009014302294,8
2004,3.0904237153980345,8
2005,3.0904445126665774,8
2006,3.091571344976389,8
2007,3.091640334736326,8
2008,3.092883485819767,8
2009,3.092952369729098,8
2010,3.0932570907383456,8
2011,3.0933737553887624,8
2012,3.093762688291871,8
2013,3.094029848565442,8
2014,3.094372100888278,8
2015,3.094829820913348,8
2016,3.094972033644064,8
2017,3.095671457073531,8
2018,3.0957481449291797,8
2019,3.096970711231564,8
2020,3.0975009418117954,8
2021,3.0975009418117954,8
2022,3.09757893745557,8
2023,3.0981361574149893,8
2024,3.0987905967042924,8
2025,3.098872431066514,8
2026,3.099016098151066,8
2027,3.0999679380995637,8
2028,3.100545513698104,8
2029,3.100605315717239,8
2030,3.1015942737972964,8
2031,3.1018334654918807,8
2032,3.102914407232315,8
2033,3.1029609965561997,8
2034,3.104730572790615,8
2035,3.105038012111468,8
2036,3.105077590745597,8
2037,3.1059190634521094,8
2038,3.106478758111645,8
2039,3.107158829786145,8
2040,3.1072079030957536,8
2041,3.107542835126664,8
2042,3.107771091711663,8
2043,3.10823418058598,8
2044,3.1083111189316313,8
2045,3.1083183956719767,8
2046,3.108963221862942,8
2047,3.109688175111591,8
2048,3.110522477104818,8
2049,3.1107027634123976,8
2050,3.11079408495693,8
2051,3.1108480474605877,8
2052,3.1111095102505373,8
2053,3.1111493806817476,8
2054,3.1115007133446673,8
2055,3.111664208452787,8
2056,3.112611102130097,8
2057,3.112802028107147,8
2058,3.1128236984238944,8
2059,3.11288766635697,8
2060,3.1131636597929235,8
2061,3.114102844121142,8
2062,3.1148885417678778,8
2063,3.1153289191387175,8
2064,3.1167718786957512,8
2065,3.1183153516336723,8
2066,3.118990822359569,8
2067,3.1190181085506765,8
2068,3.1190181085506765,8
2069,3.1207558277266454,8
2070,3.1215820982714493,8
2071,3.1231099289037916,8
2072,3.123526417983245,8
2073,3.123526417983245,8
2074,3.1264423314041707,8
2075,3.1265095381207626,8
2076,3.1274842293901246,8
2077,3.1280785271850267,8
2078,3.1281160585186676,8
2079,3.1283400143278173,8
2080,3.128418172903051,8
2081,3.128651518972311,8
2082,3.1292329773602625,8
2083,3.129476023579091,8
2084,3.1296248793486257,8
2085,3.1303286268527404,8
2086,3.1304302826652197,8
2087,3.130887917034749,8
2088,3.1314771102053793,8
2089,3.1318301973869045,8
2090,3.1321295149068025,8
2091,3.132285920200758,8
2092,3.132490562688726,8
2093,3.1333244043808817,8
2094,3.133582586229421,8
2095,3.1336749084415727,8
2096,3.1340798587209884,8
2097,3.1341589639635448,8
2098,3.1343714244273033,8
2099,3.1346262824161326,8
2100,3.1350950838804263,8
2101,3.1353245701849124,8
2102,3.1355526854701385,8
2103,3.1357339906070005,8
2104,3.135800233411244,8
2105,3.1361263955307015,8
2106,3.1362199868571983,8
2107,3.1365596304459933,8
2108,3.136842260342524,8
2109,3.138143847412852,8
2110,3.1384708775905006,8
2111,3.139531197433988,8
2112,3.1396847101162737,8
2113,3.140595894526937,8
2114,3.1407711809434775,8
2115,3.141354928995845,8
2116,3.141747559185341,8
2117,3.143372262084152,8
2118,3.1440815166023572,8
2119,3.1449411233587794,8
2120,3.1450738379037992,8
2121,3.145110974270167,8
2122,3.147066379513752,8
2123,3.147461317906069,8
2124,3.147478528899239,8
2125,3.1477290575232093,8
2126,3.1486762978073815,8
2127,3.148914863209602,8
2128,3.1491241906368095,8
2129,3.1491777449086027,8
2130,3.1492970429702254,8
2131,3.1500360472630713,8
2132,3.1511986020276477,8
2133,3.1518331318260486,8
2134,3.153613299249228,8
2135,3.154472726913388,8
2136,3.1544933019742953,8
2137,3.154542079532382,8
2138,3.155617084124413,8
2139,3.1558289717053443,8
2140,3.156279388587622,8
2141,3.1564884786000422,8
2142,3.1567541567568425,8
2143,3.1568575863061454,8
2144,3.1569472635252778,8
2145,3.1570525908921248,8
2146,3.157942009394776,8
2147,3.15802615535836,8
2148,3.1603922377680673,8
2149,3.1604128951239328,8
2150,3.160564909183697,8
2151,3.163005212938898,8
2152,3.163063215063555,8
2153,3.163380645735472,8
2154,3.16384105937514,8
2155,3.163879384071877,8
2156,3.1652665016781407,8
2157,3.1653488868745017,8
2158,3.166569900016072,8
2159,3.16664939642704,8
2160,3.167038132518131,8
2161,3.1671151891076064,8
2162,3.1672625155487393,8
2163,3.1678838015718997,8
2164,3.1695679939705044,8
2165,3.1707833001067254,8
2166,3.171102349801677,8
2167,3.171937048867566,8
2168,3.172015366274867,8
2169,3.1726779666531724,8
2170,3.1734462728103434,8
2171,3.175160543024298,8
2172,3.17536108054995,8
2173,3.1754835458807498,8
2174,3.1762164155884096,8
2175,3.176737096020357,8
2176,3.176937958727673,8
2177,3.1771095037981203,8
2178,3.1779443537748753,8
2179,3.1785402261377493,8
2180,3.179963303888323,8
2181,3.1810680731754455,8
2182,3.1829303053976368,8
2183,3.183253354012322,8
2184,3.1842789149905424,8
2185,3.184331861572399,8
2186,3.184331861572399,8
2187,3.184931280361198,8
2188,3.1850714939639926,8
2189,3.185573036331536,8
2190,3.185647690720468,8
2191,3.187072838627612,8
2192,3.187931089664939,8
2193,3.187990817673973,8
2194,3.18874818484948,8
2195,3.1897946340138845,8
2196,3.190010415448269,8
2197,3.1901504831794645,8
2198,3.191608711648312,8
2199,3.193175063458365,8
2200,3.1934738894418486,8
2201,3.193728534422527,8
2202,3.194844258230078,8
2203,3.1949716273414324,8
2204,3.1953682089139295,8
2205,3.195434136545043,8
2206,3.1958807678744616,8
2207,3.1972012056789367,8
2208,3.197669860777804,8
2209,3.198716185877592,8
2210,3.1987850045838657,8
2211,3.1988405612256643,8
2212,3.198978971027903,8
2213,3.1997563986315942,8
2214,3.2006608698883983,8
2215,3.201335553476208,8
2216,3.2018705165757515,8
2217,3.2025105041311126,8
2218,3.2027372429561147,8
2219,3.2028906343155175,8
2220,3.2043680116451077,8
2221,3.2050863612291303,8
2222,3.2058104537006438,8
2223,3.205933198887349,8
2224,3.2063543677546518,8
2225,3.207352166939394,8
2226,3.2075195530506257,8
2227,3.207661595115754,8
2228,3.2078278864460863,8
2229,3.2081772195762244,8
2230,3.2085148363743308,8
2231,3.20900643177563,8
2232,3.2091136028501754,8
2233,3.2104538543306544,8
2234,3.210574344825843,8
2235,3.2108675880729973,8
2236,3.2110654117976893,8
2237,3.2114800288065806,8
2238,3.212193793502718,8
2239,3.2124586120876075,8
2240,3.2125638408383637,8
2241,3.2137294163622308,8
2242,3.2141752165822397,8
2243,3.2148141386674456,8
2244,3.215689637000263,8
2245,3.2157624910769114,8
2246,3.2157821273839113,8
2247,3.216593056220514,8
2248,3.2173818932885196,8
2249,3.2176353859382036,8
2250,3.2191766669449766,8
2251,3.219229838050887,8
2252,3.220812629100479,8
2253,3.221680206886127,8
2254,3.2220831111977826,8
2255,3.2229627632313274,8
2256,3.2231277955776436,8
2257,3.2232827752910045,8
2258,3.2237268629682996,8
2259,3.224847393145851,8
2260,3.2253849316312695,8
2261,3.2256630547129057,8
2262,3.226498728072009,8
2263,3.2269067998554424,8
2264,3.2272847768451407,8
2265,3.2279157631086886,8
2266,3.2279434415601433,8
2267,3.2283376179524894,8
2268,3.2285080102602923,8
2269,3.2295534726443895,8
2270,3.229597409864499,8
2271,3.2297957886462836,8
2272,3.229806132806818,8
2273,3.2308179699678994,8
2274,3.230856824999211,8
2275,3.230879505570568,8
2276,3.231098397575926,8
2277,3.2324905065204166,8
2278,3.2346573700412846,8
2279,3.234836656121783,8
2280,3.2361206600790977,8
2281,3.2362587408483003,8
2282,3.2362807981057737,8
2283,3.2368371838616388,8
2284,3.2384078290271536,8
2285,3.238493290673666,8
2286,3.238809508647359,8
2287,3.2389170444879527,8
2288,3.240339189006394,8
2289,3.240685032131645,8
2290,3.2408222725414073,8
2291,3.242276380674665,8
2292,3.2426501622140007,8
2293,3.242738188638232,8
2294,3.243689066871341,8
2295,3.243689066871341,8
2296,3.2442035279587635,8
2297,3.2449278700631172,8
2298,3.2460814889112624,8
2299,3.246657111078973,8
2300,3.248404694530348,8
2301,3.2488537615874673,8
2302,3.2489242406020633,8
2303,3.249762120457933,8
2304,3.2499868975654933,8
2305,3.2501884966684913,8
2306,3.2504960565759404,8
2307,3.250692571206586,8
2308,3.2509092387649123,8
2309,3.251246017420244,8
2310,3.2518741948764194,8
2311,3.2529011845613898,8
2312,3.255270798084711,8
2313,3.257285063724983,8
2314,3.2574562104561386,8
2315,3.257907356517374,8
2316,3.2590073979947145,8
2317,3.259469710329715,8
2318,3.259789042774848,8
2319,3.261093735915744,8
2320,3.2612821706872888,8
2321,3.2625876418559923,8
2322,3.2631285559778838,8
2323,3.2632342174994604,8
2324,3.2632823220939473,8
2325,3.263803765781884,8
2326,3.2640203828449774,8
2327,3.264318619546833,8
2328,3.2647340804556415,8
2329,3.264909841499191,8
2330,3.2656387667413234,8
2331,3.266033128977484,8
2332,3.2667043790164545,8
2333,3.267027709285228,8
2334,3.2676495524799556,8
2335,3.2683592048118624,8
2336,3.268679570937658,8
2337,3.270290873513952,8
2338,3.2707046052873507,8
2339,3.2712913789163185,8
2340,3.2726303715985896,8
2341,3.272681347906492,8
2342,3.2739480455265513,8
2343,3.273962853960342,8
2344,3.274103778663332,8
2345,3.2743680777908364,8
2346,3.2749834311125703,8
2347,3.2754798670024416,8
2348,3.2755399924941764,8
2349,3.2784347677551677,8
2350,3.278451097734854,8
2351,3.278715581821916,8
2352,3.2794079367877647,8
2353,3.279488310354848,8
2354,3.2802143326358344,8
2355,3.2814121704654133,8
2356,3.281955449370527,8
2357,3.283283637018689,8
2358,3.283942800609339,8
2359,3.2839879613044225,8
2360,3.2843128172156577,8
2361,3.2849101290622014,8
2362,3.2851347336485635,8
2363,3.285297829271219,8
2364,3.2860332655571454,8
2365,3.2863985943413017,8
2366,3.2875152055218955,8
2367,3.2880219090601353,8
2368,3.2881811366605267,8
2369,3.2884433161752815,8
2370,3.2899594309698883,8
2371,3.290222606445383,8
2372,3.2906993211546127,8
2373,3.2911046219995916,8
2374,3.2924282542233483,8
2375,3.293323933552903,8
2376,3.293405629079528,8
2377,3.2935530054650255,8
2378,3.293605683209397,8
2379,3.294200965186329,8
2380,3.295836084599639,8
2381,3.2965461857437246,8
2382,3.2967882711325642,8
2383,3.2978497581108397,8
2384,3.2981717556769246,8
2385,3.299315262060111,8
2386,3.3001229876029825,8
2387,3.300907633248614,8
2388,3.302381242447977,8
2389,3.302583454126877,8
2390,3.302597300611166,8
2391,3.3037038175627678,8
2392,3.3038110989924188,8
2393,3.3041908524540515,8
2394,3.304291719227075,8
2395,3.304858149339331,8
2396,3.306079921974978,8
2397,3.3069249842721975,8
2398,3.3069641346172687,8
2399,3.3071793429322267,8
2400,3.307383227712805,8
2401,3.3081987041534338,8
2402,3.3090000638017547,8
2403,3.3110592027633534,8
2404,3.311061574208356,8
2405,3.312444768190541,8
2406,3.3128846581521088,8
2407,3.31297868717431,8
2408,3.3137961174693658,8
2409,3.3141506352274086,8
2410,3.3146369834457348,8
2411,3.315532856733941,8
2412,3.3165291835409114,8
2413,3.3165449435693164,8
2414,3.3165662143908556,8
2415,3.3169756397788586,8
2416,3.3170657744873524,8
2417,3.317160842779202,8
2418,3.317349140888412,8
2419,3.3175329970107064,8
2420,3.3176199015069545,8
2421,3.317810497984672,8
2422,3.3194122386378706,8
2423,3.3204229362884283,8
2424,3.320508658396138,8
2425,3.321461896317002,8
2426,3.3215217611044063,8
2427,3.322344837592539,8
2428,3.3232320915479483,8
2429,3.3235927045808036,8
2430,3.3247443409466735,8
2431,3.32556531598045,8
2432,3.325642303562504,8
2433,3.326390059639367,8
2434,3.3265768806142817,8
2435,3.3267595446189566,8
2436,3.328186705989355,8
2437,3.3288398079158115,8
2438,3.3290399131456523,8
2439,3.329288326614493,8
2440,3.3298062235050643,8
2441,3.329896927376322,8
2442,3.3306479712175756,8
2443,3.3307197956451784,8
2444,3.330946948996934,8
2445,3.3314259243865214,8
2446,3.331665710603131,8
2447,3.331843928530487,8
2448,3.3334495845474836,8
2449,3.33491877148721,8
2450,3.334978923060406,8
2451,3.335790742441234,8
2452,3.3359128311249377,8
2453,3.3362811301492847,8
2454,3.336540576073959,8
2455,3.3373349076235885,8
2456,3.337505679725504,8
2457,3.3379270334834623,8
2458,3.3388021788921085,8
2459,3.339182890737439,8
2460,3.3392360143556665,8
2461,3.33974011378163,8
2462,3.340151729423351,8
2463,3.340522014551071,8
2464,3.341083526296628,8
2465,3.3431260775210365,8
2466,3.343530971860007,8
2467,3.343530971860007,8
2468,3.3444633486709705,8
2469,3.3450471483225113,8
2470,3.3451705572563886,8
2471,3.3453923241953922,8
2472,3.3454117266044565,8
2473,3.34556623286929,8
2474,3.3463925790410247,8
2475,3.346842186693808,8
2476,3.3469602593422203,8
2477,3.3476227671874055,8
2478,3.348076158062579,8
2479,3.348760590414752,8
2480,3.349119203077042,8
2481,3.3511364008237408,8
2482,3.3520918979347663,8
2483,3.3526885642417192,8
2484,3.3529277844916026,8
2485,3.353061351698863,8
2486,3.3541497543355807,8
2487,3.3552987298185335,8
2488,3.3559222932710866,8
2489,3.356015767426005,8
2490,3.3565051312034018,8
2491,3.359215636658346,8
2492,3.3595113754213264,8
2493,3.360073708009353,8
2494,3.360644023190562,8
2495,3.3607936696093734,8
2496,3.361140201307889,8
2497,3.3611567652484284,8
2498,3.362258313903519,8
2499,3.3633864372752362,8
2500,3.3634392286403445,8
2501,3.36385412499714,8
2502,3.364282324368005,8
2503,3.36478998049958,8
2504,3.36503848629146,8
2505,3.365483639090038,8
2506,3.3658302291321087,8
2507,3.366166984350406,8
2508,3.3671475448644155,8
2509,3.3682012274172495,8
2510,3.3695176351561544,8
2511,3.369584792938113,8
2512,3.369737511607579,8
2513,3.3697617526498798,8
2514,3.369800994876724,8
2515,3.369918568986511,8
2516,3.3699907768886868,8
2517,3.3712600740226866,8
2518,3.3721990137195506,8
2519,3.3727310129348647,8
2520,3.373032113479333,8
2521,3.3736109326483756,8
2522,3.3741603749404083,8
2523,3.374404979926266,8
2524,3.375237650311889,8
2525,3.376123690506671,8
2526,3.3763057155670757,8
2527,3.3763659059775537,8
2528,3.3774166244880655,8
2529,3.3779493285672944,8
2530,3.3780807532783665,8
2531,3.3791590895166044,8
2532,3.3796138981970842,8
2533,3.3798865000487512,8
2534,3.3800010792865325,8
2535,3.380187623622222,8
2536,3.3806930556847914,8
2537,3.3810899625940487,8
2538,3.3816631917924154,8
2539,3.382200976485428,8
2540,3.38489822896796,8
2541,3.3850763825115635,8
2542,3.385567486163497,8
2543,3.3876824283407,8
2544,3.389061519243899,8
2545,3.3896724332355306,8
2546,3.3901318480542617,8
2547,3.3903873169616516,8
2548,3.390991911200523,8
2549,3.3910032955735656,8
2550,3.3918076060451336,8
2551,3.391923972146323,8
2552,3.393134011337801,8
2553,3.394039567293807,8
2554,3.3944026804347853,8
2555,3.3963816734417738,8
2556,3.39669145383033,8
2557,3.399767776671578,8
2558,3.400271892315514,8
2559,3.402034719242462,8
2560,3.402035547655287,8
2561,3.402695333163253,8
2562,3.4042210193852664,8
2563,3.4043143422765794,8
2564,3.4045774508258346,8
2565,3.406856339501855,8
2566,3.407573103680227,8
2567,3.4083569984555426,8
2568,3.40910996049717,8
2569,3.4098623098311047,8
2570,3.4100651041806205,8
2571,3.410110243737453,8
2572,3.4103028812428087,8
2573,3.410305045546242,8
2574,3.4103312361832585,8
2575,3.4106769668264643,8
2576,3.4108622314766466,8
2577,3.411995016028135,8
2578,3.412063346427804,8
2579,3.412921017101722,8
2580,3.4139990732312073,8
2581,3.414509334658139,8
2582,3.4154664452749546,8
2583,3.4158898991246947,8
2584,3.4160506549353977,8
2585,3.4161506041001584,8
2586,3.4162810719334566,8
2587,3.4165655243088895,8
2588,3.41961975594799,8
2589,3.4205835413202275,8
2590,3.422437974585793,8
2591,3.4224411955670755,8
2592,3.4233920066200954,8
2593,3.423882364082292,8
2594,3.425130640174983,8
2595,3.427728934558688,8
2596,3.428154509847547,8
2597,3.4291888103445127,8
2598,3.4303506200255236,8
2599,3.430425977590931,8
2600,3.431131240905469,8
2601,3.4329680345200675,8
2602,3.434456360384679,8
2603,3.434834140493286,8
2604,3.4352911129417505,8
2605,3.4375808802368706,8
2606,3.439228037555808,8
2607,3.4407279605797894,8
2608,3.441260742229255,8
2609,3.4417175811972083,8
2610,3.4420501529209493,8
2611,3.44207189899574,8
2612,3.4425946631472355,8
2613,3.4429415109335757,8
2614,3.443626019319932,8
2615,3.4442258216441037,8
2616,3.444701270685639,8
2617,3.445588845464877,8
2618,3.445854134758066,8
2619,3.4467740378537846,8
2620,3.4471910036328035,8
2621,3.4476308269310123,8
2622,3.447717302230475,8
2623,3.4481790562349106,8
2624,3.448650088383391,8
2625,3.4488227605206263,8
2626,3.4493957751685222,8
2627,3.450797527036291,8
2628,3.450993453747206,8
2629,3.4520723771762376,8
2630,3.453779108970063,8
2631,3.4540096853999924,8
2632,3.4543279164653673,8
2633,3.4551471435439813,8
2634,3.4552461022788274,8
2635,3.456676175689489,8
2636,3.45682973958752,8
2637,3.4569746139365907,8
2638,3.4570727429672927,8
2639,3.457180058889722,8
2640,3.457298805759659,8
2641,3.4576153006559687,8
2642,3.457969681290881,8
2643,3.458720420451405,8
2644,3.4592353449894393,8
2645,3.4616897568814906,8
2646,3.4624029842085573,8
2647,3.462584509394835,8
2648,3.462700396265139,8
2649,3.463628420757198,8
2650,3.4644286431709217,8
2651,3.464620800955002,8
2652,3.4651347944011897,8
2653,3.46529555168113,8
2654,3.4666437031951864,8
2655,3.4667302579257835,8
2656,3.4685411635714796,8
2657,3.4695552195897412,8
2658,3.4697358747822804,8
2659,3.4701250129534262,8
2660,3.471749308526416,8
2661,3.471979685324927,8
2662,3.47229725826659,8
2663,3.4734902158470247,8
2664,3.475650335966377,8
2665,3.4767673910078662,8
2666,3.4774539980121886,8
2667,3.480010105771016,8
2668,3.4800262138314855,8
2669,3.4806704592520337,8
2670,3.481599483511918,8
2671,3.4837686872989893,8
2672,3.4846251386184766,8
2673,3.4852478890631207,8
2674,3.486016738614909,8
2675,3.4861550916072583,8
2676,3.486704633624586,8
2677,3.487112414419667,8
2678,3.4896840458096374,8
2679,3.490158833001225,8
2680,3.49059592713591,8
2681,3.4907271695517887,8
2682,3.490782422183503,8
2683,3.493175440443921,8
2684,3.4935456260878888,8
2685,3.4942654913612854,8
2686,3.494314517756547,8
2687,3.494672730049385,8
2688,3.4959704020844176,8
2689,3.4962064348472564,8
2690,3.4965154939500844,8
2691,3.496819557774363,8
2692,3.498716571075622,8
2693,3.4996699825077586,8
2694,3.500219640020619,8
2695,3.500778161848549,8
2696,3.5015319823441495,8
2697,3.501931793823446,8
2698,3.5025064555641974,8
2699,3.5038443494733498,8
2700,3.503871107077162,8
2701,3.5042481269924526,8
2702,3.5044260531950533,8
2703,3.504517685976763,8
2704,3.5046708155662536,8
2705,3.504938409660857,8
2706,3.5056544421697042,8
2707,3.506148181957397,8
2708,3.5076796126719305,8
2709,3.508324100040273,8
2710,3.5083312703709444,8
2711,3.5098653515376594,8
2712,3.509978062183174,8
2713,3.5107422334480267,8
2714,3.510782784936878,8
2715,3.5122282066765105,8
2716,3.5138302660164205,8
2717,3.51411010681894,8
2718,3.5147496477906284,8
2719,3.5148204054164243,8
2720,3.5148630176101454,8
2721,3.515367072106848,8
2722,3.5165202808584035,8
2723,3.5172397170760252,8
2724,3.5173865044649357,8
2725,3.5176419584658625,8
2726,3.5201469967047956,8
2727,3.5207726558448083,8
2728,3.52139933022338,8
2729,3.522176524296781,8
2730,3.52381949245892,8
2731,3.524017793428271,8
2732,3.526095124609492,8
2733,3.526853407606685,8
2734,3.528225963156403,8
2735,3.5284857534165863,8
2736,3.529196135309494,8
2737,3.5294954694902603,8
2738,3.530894524749688,8
2739,3.531039864253577,8
2740,3.5313656307919725,8
2741,3.5318229295553767,8
2742,3.532795978741911,8
2743,3.5361581448502886,8
2744,3.5375127709520413,8
2745,3.5379278497188484,8
2746,3.538437520908347,8
2747,3.5384857434799097,8
2748,3.538504622945337,8
2749,3.539193380553755,8
2750,3.5401414887939984,8
2751,3.5402957911735493,8
2752,3.5407572487472123,8
2753,3.5411685513302174,8
2754,3.5412816994897423,8
2755,3.542154024558094,8
2756,3.5421602831421644,8
2757,3.542492532135078,8
2758,3.542837142472832,8
2759,3.542987134386513,8
2760,3.5435549126110044,8
2761,3.54413372702257,8
2762,3.544614635999878,8
2763,3.5456469583294723,8
2764,3.54696398698818,8
2765,3.547035967409094,8
2766,3.547183343942967,8
2767,3.5475080204233183,8
2768,3.548048178611939,8
2769,3.5484861130948446,8
2770,3.548499189406348,8
2771,3.5506439700922097,8
2772,3.5510389489928817,8
2773,3.551542184683647,8
2774,3.5529878297391426,8
2775,3.5534658281792186,8
2776,3.5534658281792186,8
2777,3.5539394577885237,8
2778,3.554423710604231,8
2779,3.555008080541167,8
2780,3.55522198724472,8
2781,3.555306665751249,8
2782,3.556504787850845,8
2783,3.5576498916166335,8
2784,3.5585098677054257,8
2785,3.5608564475466897,8
2786,3.561562577357166,8
2787,3.56166652692913,8
2788,3.5625478380616156,8
2789,3.5627761785641727,8
2790,3.5639470999559615,8
2791,3.5653677885723583,8
2792,3.5655622647539924,8
2793,3.56619145618377,8
2794,3.567273166157587,8
2795,3.567611383369911,8
2796,3.568283123618819,8
2797,3.5684937236194667,8
2798,3.5684937236194667,8
2799,3.568498569424811,8
2800,3.568799225650844,8
2801,3.5689560721222477,8
2802,3.569038285033538,8
2803,3.5692525973950158,8
2804,3.571478692466717,8
2805,3.572526398383411,8
2806,3.57387185186564,8
2807,3.5745761463158487,8
2808,3.5747967708504507,8
2809,3.576460103976989,8
2810,3.576626043462137,8
2811,3.5769095793214882,8
2812,3.577176163546216,8
2813,3.577443295003193,8
2814,3.5774503913475595,8
2815,3.5804122525017354,8
2816,3.5805302285966816,8
2817,3.581301212584708,8
2818,3.581603958026507,8
2819,3.5831595227052566,8
2820,3.583470274011136,8
2821,3.583748888986565,8
2822,3.586917818687131,8
2823,3.5874428018759015,8
2824,3.58934410556073,8
2825,3.5900720199336593,8
2826,3.5906055340274725,8
2827,3.59117272868052,8
2828,3.591509722630612,8
2829,3.5919558661988673,8
2830,3.5924116166488247,8
2831,3.59268806735311,8
2832,3.5933074034739096,8
2833,3.594932815551576,8
2834,3.5957066351743934,8
2835,3.595773371714554,8
2836,3.5974144009307873,8
2837,3.597599074325681,8
2838,3.599802596030644,8
2839,3.5998336826565414,8
2840,3.5999936354652107,8
2841,3.6004285231150406,8
2842,3.6014880840934778,8
2843,3.602887490488155,8
2844,3.6046692329658474,8
2845,3.6072560198423735,8
2846,3.6073889361936495,8
2847,3.609808711702837,8
2848,3.6119504716928903,8
2849,3.6121750846289222,8
2850,3.612642076126443,8
2851,3.612642818165691,8
2852,3.6141838862067366,8
2853,3.6145043580794547,8
2854,3.614525827063931,8
2855,3.615221363856544,8
2856,3.615608794327082,8
2857,3.6158837147259852,8
2858,3.619455301039031,8
2859,3.6201406190162384,8
2860,3.621642098632733,8
2861,3.6218365841554525,8
2862,3.6221738910513905,8
2863,3.624606374281406,8
2864,3.626873891389936,8
2865,3.627107188170795,8
2866,3.627128205997568,8
2867,3.629490481384258,8
2868,3.630304951468103,8
2869,3.6313105809701822,8
2870,3.631915571546803,8
2871,3.632353140085101,8
2872,3.6346023759801103,8
2873,3.635383209806317,8
2874,3.6357126435061202,8
2875,3.636003533867541,8
2876,3.636294252641082,8
2877,3.6417702726400085,8
2878,3.642976028197193,8
2879,3.6432219557578485,8
2880,3.643404306005481,8
2881,3.6437507693493454,8
2882,3.6438463268100274,8
2883,3.6443472676510766,8
2884,3.645064792306984,8
2885,3.645064792306984,8
2886,3.646839122069165,8
2887,3.6476033891133572,8
2888,3.6478141707256384,8
2889,3.648020001678292,8
2890,3.648110663465867,8
2891,3.6482429890600754,8
2892,3.6486101749343938,8
2893,3.6490611975918927,8
2894,3.6501525334229536,8
2895,3.6516773449312008,8
2896,3.6526268411400014,8
2897,3.6536141781533162,8
2898,3.6538667956565667,8
2899,3.6546642893019072,8
2900,3.65476041088359,8
2901,3.656201701714438,8
2902,3.6581203502630144,8
2903,3.659862151545601,8
2904,3.6606306546186644,8
2905,3.661607604866255,8
2906,3.6621122750994752,8
2907,3.663242336332942,8
2908,3.663242336332942,8
2909,3.66432087007407,8
2910,3.664480040559681,8
2911,3.665734556852648,8
2912,3.6664563828644874,8
2913,3.6674236268373557,8
2914,3.667629503177589,8
2915,3.6684648985784665,8
2916,3.669123143466033,8
2917,3.6692671471030827,8
2918,3.669297558437266,8
2919,3.670716344315794,8
2920,3.670849351456578,8
2921,3.6726049993268393,8
2922,3.6739226321750635,8
2923,3.674973476795357,8
2924,3.676785217926849,8
2925,3.6775477815986823,8
2926,3.679978369201324,8
2927,3.6800216571932287,8
2928,3.680656442477452,8
2929,3.680725381352624,8
2930,3.6837795747541153,8
2931,3.6839793100476563,8
2932,3.6882606601950383,8
2933,3.6885074926849946,8
2934,3.689268219376959,8
2935,3.689268219376959,8
2936,3.69104655022723,8
2937,3.6915314218419724,8
2938,3.6921886309316023,8
2939,3.69240765569366,8
2940,3.6925578142272864,8
2941,3.695145114127569,8
2942,3.6952214332904303,8
2943,3.6980436422985874,8
2944,3.698056494206595,8
2945,3.698281246279566,8
2946,3.6989064607262843,8
2947,3.6989348633433443,8
2948,3.6995872773400436,8
2949,3.69969231646475,8
2950,3.700000296034041,8
2951,3.700906725496914,8
2952,3.702357200046128,8
2953,3.702675676106098,8
2954,3.705001906562334,8
2955,3.7051982194089823,8
2956,3.7059904713954848,8
2957,3.7060274137493185,8
2958,3.7069775530258333,8
2959,3.710587083664847,8
2960,3.7106280060563326,8
2961,3.7110955121871694,8
2962,3.7119258360266136,8
2963,3.713377249578739,8
2964,3.71420377966211,8
2965,3.714269601669823,8
2966,3.720654554675238,8
2967,3.721894561279748,8
2968,3.7250624236682985,8
2969,3.7259835800841854,8
2970,3.7264479714636556,8
2971,3.7273365246599743,8
2972,3.7276272652045757,8
2973,3.7279584059648236,8
2974,3.728168549223896,8
2975,3.729603790245356,8
2976,3.7296471855485995,8
2977,3.730209764680674,8
2978,3.7318517188418387,8
2979,3.735001890580518,8
2980,3.7352859265052785,8
2981,3.737177758202535,8
2982,3.739261768656133,8
2983,3.7407902406944293,8
2984,3.7443229855179516,8
2985,3.7447897957908474,8
2986,3.7467796845715795,8
2987,3.7475768742,8
2988,3.747912554138937,8
2989,3.748232037239751,8
2990,3.748543353418008,8
2991,3.7487409015508573,8
2992,3.7516871986053255,8
2993,3.7547154991267737,8
2994,3.754845064597448,8
2995,3.757527873086453,8
2996,3.758540876051148,8
2997,3.759214788114496,8
2998,3.7596519283477594,8
2999,3.7608053116808726,8
3000,3.7641561403326285,8
3001,3.7648174123606823,8
3002,3.7657208999960696,8
3003,3.7665130189855995,8
3004,3.766798661870592,8
3005,3.76703346920905,8
3006,3.767672917804019,8
3007,3.770394837927524,8
3008,3.7708359361060495,8
3009,3.770851342866517,8
3010,3.7710739752314675,8
3011,3.771166216056515,8
3012,3.7725016622105274,8
3013,3.773790783353789,8
3014,3.7756429315838207,8
3015,3.7764170118466085,8
3016,3.778308235001726,8
3017,3.779678813013112,8
3018,3.7818286188070482,8
3019,3.786149063850528,8
3020,3.788458471230822,8
3021,3.7887232494357073,8
3022,3.7897557294924145,8
3023,3.789849283879676,8
3024,3.790281400981424,8
3025,3.7907690374568195,8
3026,3.791087750338539,8
3027,3.791735417273407,8
3028,3.7923010044118906,8
3029,3.7927834212013085,8
3030,3.793229939190341,8
3031,3.793768527293248,8
3032,3.7949127205020954,8
3033,3.795340188506809,8
3034,3.7963228266157674,8
3035,3.7964082874663547,8
3036,3.7965699248083413,8
3037,3.796609257927751,8
3038,3.799177783884784,8
3039,3.80059847736444,8
3040,3.8007498829699715,8
3041,3.8011805592874635,8
3042,3.8032733981829647,8
3043,3.803586486665475,8
3044,3.8035910135443918,8
3045,3.8041569908490662,8
3046,3.8046287381015955,8
3047,3.8066430760514307,8
3048,3.8069555132765047,8
3049,3.807227020469269,8
3050,3.8074381485901343,8
3051,3.8074866761381725,8
3052,3.808289693596227,8
3053,3.8085452084301425,8
3054,3.8091657530972847,8
3055,3.810068219393499,8
3056,3.8114254912028525,8
3057,3.811481023188215,8
3058,3.812996949149835,8
3059,3.8148678758350987,8
3060,3.81738451703552,8
3061,3.8175481838341687,8
3062,3.8199907011468137,8
3063,3.8204140652778595,8
3064,3.8205205885428586,8
3065,3.821419161043606,8
3066,3.821458402383474,8
3067,3.8215740423386517,8
3068,3.8221134094356546,8
3069,3.8223166271418356,8
3070,3.8223969711537795,8
3071,3.8259629587850013,8
3072,3.8260314583997426,8
3073,3.826618066911543,8
3074,3.826972552524029,8
3075,3.828380033558468,8
3076,3.8288979920198396,8
3077,3.8302048549146703,8
3078,3.8331887952370396,8
3079,3.8338877077951734,8
3080,3.8339640818618235,8
3081,3.8343253862980147,8
3082,3.8352062219815637,8
3083,3.837216248815587,8
3084,3.8381241003382707,8
3085,3.84087853083617,8
3086,3.842421748518665,8
3087,3.842581846454334,8
3088,3.8426339815176473,8
3089,3.8442655136296366,8
3090,3.848084225222441,8
3091,3.848305016288623,8
3092,3.84926803953981,8
3093,3.8496646375611627,8
3094,3.8500551271740178,8
3095,3.850278000159795,8
3096,3.852000389297355,8
3097,3.8543695197980012,8
3098,3.855766896927635,8
3099,3.856080907120588,8
3100,3.8573102759581315,8
3101,3.858873870214028,8
3102,3.8593778095563676,8
3103,3.8600992643019603,8
3104,3.8609166246607654,8
3105,3.8636902540054483,8
3106,3.8643592147657433,8
3107,3.864491599549666,8
3108,3.8674555903199805,8
3109,3.86786572445523,8
3110,3.8687895891981685,8
3111,3.8714260138392267,8
3112,3.872215621266638,8
3113,3.8727324073988543,8
3114,3.8729647203056445,8
3115,3.8732860951023516,8
3116,3.8736555406071878,8
3117,3.8736931763396827,8
3118,3.8737457202688033,8
3119,3.8754000630768197,8
3120,3.8765479726774545,8
3121,3.8773477224258537,8
3122,3.8776590581832626,8
3123,3.8778520511655667,8
3124,3.878176717902118,8
3125,3.878296682955517,8
3126,3.8783565959191297,8
3127,3.8785733249243117,8
3128,3.8804055563831144,8
3129,3.8825184694377395,8
3130,3.8827669105818794,8
3131,3.885171113125706,8
3132,3.8855986208956934,8
3133,3.8858293756175084,8
3134,3.8867488469103932,8
3135,3.8884451926334633,8
3136,3.8928484440010838,8
3137,3.893078914516145,8
3138,3.8938668042635554,8
3139,3.89426029478226,8
3140,3.8948022753694107,8
3141,3.895301432187844,8
3142,3.895935301398505,8
3143,3.8961020133910953,8
3144,3.8973187065646138,8
3145,3.8983465975369738,8
3146,3.8991244884926073,8
3147,3.9019203422105244,8
3148,3.9034297279970707,8
3149,3.903961138021278,8
3150,3.9059167130371315,8
3151,3.9075478950390328,8
3152,3.9079933324528,8
3153,3.909679891166809,8
3154,3.909907368776844,8
3155,3.911411866067901,8
3156,3.911659538529066,8
3157,3.911913896031428,8
3158,3.9124343848476553,8
3159,3.914193434553418,8
3160,3.916756535784931,8
3161,3.9169650578909194,8
3162,3.918901771548647,8
3163,3.9201098390451565,8
3164,3.9208450842786253,8
3165,3.9214255128483098,8
3166,3.9227963173610583,8
3167,3.9229018580488866,8
3168,3.923069439696637,8
3169,3.923151479446252,8
3170,3.9243124800185534,8
3171,3.9259098776118577,8
3172,3.926405672479606,8
3173,3.933381587426362,8
3174,3.9339233536350453,8
3175,3.9349773935768093,8
3176,3.937108652931345,8
3177,3.9388647908961794,8
3178,3.941887983248076,8
3179,3.9472630832479445,8
3180,3.9474632976708457,8
3181,3.947786760329627,8
3182,3.9485655183867263,8
3183,3.9500746924206105,8
3184,3.9526401420864383,8
3185,3.953576607278924,8
3186,3.9555071604659062,8
3187,3.957504385969188,8
3188,3.9579052658818363,8
3189,3.961950339778137,8
3190,3.963763675242441,8
3191,3.9638238033162247,8
3192,3.9642313357136314,8
3193,3.9656846769299574,8
3194,3.9712466240339146,8
3195,3.9722208582119682,8
3196,3.974307934691871,8
3197,3.9768916005379884,8
3198,3.9772500106658484,8
3199,3.977438031068597,8
3200,3.9784637171806,8
3201,3.979202498957377,8
3202,3.9798502829168565,8
3203,3.9798502829168565,8
3204,3.9803671435964363,8
3205,3.9832905457632006,8
3206,3.985633485255324,8
3207,3.9898112709938456,8
3208,3.9920085866885717,8
3209,3.9933556762646476,8
3210,3.995041524803223,8
3211,3.995541117590087,8
3212,3.9960037510473665,8
3213,3.9968684132532704,8
3214,3.9974890744087896,8
3215,4.005644112988859,8
3216,4.007427076492467,8
3217,4.008127963880423,8
3218,4.008881511030904,8
3219,4.009122556590929,8
3220,4.009794831439277,8
3221,4.010942245012265,8
3222,4.011208981603016,8
3223,4.012571929923943,8
3224,4.01296991231791,8
3225,4.013825462333972,8
3226,4.015449242239685,8
3227,4.01591603764311,8
3228,4.016170052186151,8
3229,4.016237052323726,8
3230,4.021178947746262,8
3231,4.021579908504717,8
3232,4.021586492002416,8
3233,4.023325916605581,8
3234,4.0235348464346306,8
3235,4.0235905897544155,8
3236,4.024471890273017,8
3237,4.024672884307465,8
3238,4.025012877199245,8
3239,4.025449355927102,8
3240,4.027469210882235,8
3241,4.027848493230899,8
3242,4.028254457121922,8
3243,4.028763805555416,8
3244,4.028980754046464,8
3245,4.0289838255840635,8
3246,4.030094775451872,8
3247,4.0302748834661415,8
3248,4.030599207488818,8
3249,4.0317046470128695,8
3250,4.034994458049904,8
3251,4.035507896063895,8
3252,4.037207100614706,8
3253,4.038196844475504,8
3254,4.03932802471267,8
3255,4.039608631241758,8
3256,4.046476317083943,8
3257,4.047023982717355,8
3258,4.049003862403083,8
3259,4.050840687270287,8
3260,4.051016436367191,8
3261,4.052662168543242,8
3262,4.05323946830369,8
3263,4.053805249490743,8
3264,4.0543255296323695,8
3265,4.054734515617754,8
3266,4.056893087406677,8
3267,4.060868773302021,8
3268,4.061695790655014,8
3269,4.062441092207411,8
3270,4.06309003330153,8
3271,4.065103010770047,8
3272,4.0661178176655515,8
3273,4.066211953458763,8
3274,4.066676342168099,8
3275,4.066682911930418,8
3276,4.07002663305512,8
3277,4.071102854240376,8
3278,4.071672203256572,8
3279,4.072689016715466,8
3280,4.076608639341598,8
3281,4.078490910444161,8
3282,4.079319983196787,8
3283,4.079690782065201,8
3284,4.08158839701812,8
3285,4.083418607531411,8
3286,4.0839165139568205,8
3287,4.084264816984837,8
3288,4.086084407510999,8
3289,4.086688004951887,8
3290,4.08812218434508,8
3291,4.088187788302358,8
3292,4.08876497815034,8
3293,4.0893922895811565,8
3294,4.090060171252024,8
3295,4.090354318827548,8
3296,4.098256132214983,8
3297,4.0996685728196125,8
3298,4.10054333513576,8
3299,4.101676056828509,8
3300,4.102742433304771,8
3301,4.103253446618615,8
3302,4.103734518804952,8
3303,4.104493252940003,8
3304,4.1075633777092575,8
3305,4.108160289379252,8
3306,4.1084340200287945,8
3307,4.108445872295004,8
3308,4.109342796887651,8
3309,4.110350716975558,8
3310,4.110446859548043,8
3311,4.110896647322061,8
3312,4.113682498104523,8
3313,4.116025866352403,8
3314,4.116504742551271,8
3315,4.119550962894353,8
3316,4.1200488041406835,8
3317,4.1207112112243225,8
3318,4.120751844225573,8
3319,4.122749562899638,8
3320,4.123198266493471,8
3321,4.123666155780624,8
3322,4.125842712493567,8
3323,4.126031227743429,8
3324,4.127906507655317,8
3325,4.129860451222904,8
3326,4.133196194515568,8
3327,4.134595278146229,8
3328,4.135629130205644,8
3329,4.136237634856229,8
3330,4.136292528953228,8
3331,4.136431698375847,8
3332,4.13807798032535,8
3333,4.138973759594692,8
3334,4.140159776944669,8
3335,4.140584555675885,8
3336,4.140864413613537,8
3337,4.140942198107747,8
3338,4.145605322278205,8
3339,4.1459197419587674,8
3340,4.148029737890857,8
3341,4.1498529216068905,8
3342,4.150778978475283,8
3343,4.15145761032678,8
3344,4.154741093477975,8
3345,4.156011478600343,8
3346,4.1569243669579015,8
3347,4.156929218030507,8
3348,4.156959928715045,8
3349,4.158283862719696,8
3350,4.159425033557717,8
3351,4.160129229815251,8
3352,4.160707957954475,8
3353,4.1616420711285205,8
3354,4.1616420711285205,8
3355,4.161930121071835,8
3356,4.162212899413522,8
3357,4.162312396654673,8
3358,4.163970598404901,8
3359,4.164316501456163,8
3360,4.164505612371998,8
3361,4.164560312378527,8
3362,4.1647094150173665,8
3363,4.165373095627183,8
3364,4.169290328981627,8
3365,4.171681679813016,8
3366,4.173564473855224,8
3367,4.176558149416408,8
3368,4.1794910394450735,8
3369,4.179587588025169,8
3370,4.182439548412447,8
3371,4.182521151626215,8
3372,4.186006029863382,8
3373,4.186630934765515,8
3374,4.186631460907029,8
3375,4.187390450678393,8
3376,4.188913763054515,8
3377,4.189153850030657,8
3378,4.189581679880778,8
3379,4.189581679880778,8
3380,4.191269464410043,8
3381,4.191269464410043,8
3382,4.1930556651736595,8
3383,4.194545992545473,8
3384,4.195350302968797,8
3385,4.19623671930988,8
3386,4.196520384026479,8
3387,4.197538785687806,8
3388,4.198489901068237,8
3389,4.199148942498202,8
3390,4.20040576912379,8
3391,4.201665375225465,8
3392,4.202872850549092,8
3393,4.204268263623187,8
3394,4.205209591688239,8
3395,4.2085061273486,8
3396,4.208776487348472,8
3397,4.209142002282605,8
3398,4.210407773720714,8
3399,4.211745209060812,8
3400,4.212150030423154,8
3401,4.213253445537293,8
3402,4.213888223391272,8
3403,4.21424259205348,8
3404,4.219603860149603,8
3405,4.2204751521876664,8
3406,4.220707749751886,8
3407,4.222296596047455,8
3408,4.225896129621238,8
3409,4.225896129621238,8
3410,4.226190967169857,8
3411,4.2266863756731405,8
3412,4.227844677175546,8
3413,4.229721517768276,8
3414,4.231981179845828,8
3415,4.232554484194728,8
3416,4.2332040397888315,8
3417,4.234079401637212,8
3418,4.234446054711947,8
3419,4.235578530763287,8
3420,4.237027117817185,8
3421,4.241117352123066,8
3422,4.244280806433886,8
3423,4.24597486110076,8
3424,4.250257745373498,8
3425,4.25265780291543,8
3426,4.252753223175903,8
3427,4.25556430980796,8
3428,4.2560874807035525,8
3429,4.2606483654306135,8
3430,4.262343104967817,8
3431,4.263241123525574,8
3432,4.264380627390588,8
3433,4.266006992877447,8
3434,4.266828926551635,8
3435,4.272299917355482,8
3436,4.275624331669665,8
3437,4.2765575821361965,8
3438,4.277497807797196,8
3439,4.277810115028447,8
3440,4.278179836603396,8
3441,4.279018766195806,8
3442,4.282643807439024,8
3443,4.285565485264652,8
3444,4.288541410070345,8
3445,4.289740732066943,8
3446,4.292227240394849,8
3447,4.292913596141942,8
3448,4.293636916158698,8
3449,4.294032089609285,8
3450,4.29440437507779,8
3451,4.295067675023002,8
3452,4.299408286158298,8
3453,4.299810652606277,8
3454,4.301628171596345,8
3455,4.301934873627283,8
3456,4.309415380767754,8
3457,4.311690588467236,8
3458,4.315505154192626,8
3459,4.317370264564939,8
3460,4.318620593620481,8
3461,4.319836714708567,8
3462,4.321048876502093,8
3463,4.323464994833287,8
3464,4.327115927456721,8
3465,4.329606296120227,8
3466,4.330870300059243,8
3467,4.3324654458861795,8
3468,4.333322956527343,8
3469,4.337577422646835,8
3470,4.340220096553527,8
3471,4.340494407961803,8
3472,4.344400251742252,8
3473,4.345572718856268,8
3474,4.347086145661393,8
3475,4.347212057651436,8
3476,4.349074911373212,8
3477,4.34922743249223,8
3478,4.3586264595198285,8
3479,4.358933548833066,8
3480,4.358952336626334,8
3481,4.359110461057182,8
3482,4.359482094692259,8
3483,4.359828444571249,8
3484,4.360359389782071,8
3485,4.361000832552344,8
3486,4.36242664110304,8
3487,4.367437443217184,8
3488,4.367962070471683,8
3489,4.372387709678944,8
3490,4.373240502845796,8
3491,4.378554386425155,8
3492,4.382053783592722,8
3493,4.382787826153434,8
3494,4.3836851343593874,8
3495,4.384821109916912,8
3496,4.385589917613326,8
3497,4.386168954485696,8
3498,4.388660453523801,8
3499,4.390814353886094,8
3500,4.391546232934967,8
3501,4.392967888653256,8
3502,4.393095160607372,8
3503,4.393133828712429,8
3504,4.393202736642673,8
3505,4.393540164500314,8
3506,4.39371817544004,8
3507,4.3949689432073376,8
3508,4.3952942134464,8
3509,4.4002895402596796,8
3510,4.401483303744322,8
3511,4.401586150191078,8
3512,4.402108515475278,8
3513,4.40215031048122,8
3514,4.405359534391858,8
3515,4.405834006119143,8
3516,4.4060001132335405,8
3517,4.407000408380285,8
3518,4.407022485801287,8
3519,4.408436842855876,8
3520,4.411289659087138,8
3521,4.413340289115191,8
3522,4.41410955915989,8
3523,4.4142279194949445,8
3524,4.4184641435279,8
3525,4.42343132356369,8
3526,4.425483709243722,8
3527,4.427795138701723,8
3528,4.428529613718613,8
3529,4.428529613718613,8
3530,4.428657556845621,8
3531,4.432567716239436,8
3532,4.436185046323718,8
3533,4.437203155138091,8
3534,4.439016090707722,8
3535,4.440318833449699,8
3536,4.446433521443294,8
3537,4.446433521443294,8
3538,4.447138760403433,8
3539,4.448991744019888,8
3540,4.451300246262659,8
3541,4.45210648487099,8
3542,4.458618536247194,8
3543,4.460717039588274,8
3544,4.461073789496099,8
3545,4.4631417813372485,8
3546,4.472034950335403,8
3547,4.4753371337370105,8
3548,4.4764004462329146,8
3549,4.479176014211685,8
3550,4.481270714460086,8
3551,4.481894743193974,8
3552,4.482824146019424,8
3553,4.483260876774005,8
3554,4.484271577058149,8
3555,4.488138017852115,8
3556,4.492720907464217,8
3557,4.495459243910009,8
3558,4.4972233474223735,8
3559,4.49924865815331,8
3560,4.499496911975077,8
3561,4.502333639934299,8
3562,4.504418088302604,8
3563,4.505005614330296,8
3564,4.506130075458116,8
3565,4.5061704928683435,8
3566,4.515259017324915,8
3567,4.515332141385774,8
3568,4.518184737917765,8
3569,4.520270982344176,8
3570,4.521378588048241,8
3571,4.521471267552997,8
3572,4.521983452969602,8
3573,4.523536794948519,8
3574,4.52492580119006,8
3575,4.525062859112539,8
3576,4.526438464583513,8
3577,4.526456298758866,8
3578,4.52687768641762,8
3579,4.527892214371093,8
3580,4.531012215125336,8
3581,4.532128574539607,8
3582,4.533065436661707,8
3583,4.5375814518304685,8
3584,4.540192302156462,8
3585,4.541468752497767,8
3586,4.5442075865007885,8
3587,4.544497580204022,8
3588,4.549463554057057,8
3589,4.5504249766156795,8
3590,4.553544907291571,8
3591,4.55434003425849,8
3592,4.556937086643138,8
3593,4.557067349565174,8
3594,4.563216490519557,8
3595,4.566096157269275,8
3596,4.5678942748370295,8
3597,4.569615725729793,8
3598,4.570524212710084,8
3599,4.571010066007291,8
3600,4.571364189137942,8
3601,4.574671914246291,8
3602,4.5776318694227625,8
3603,4.580130926051395,8
3604,4.583571519460247,8
3605,4.583958263700154,8
3606,4.58516770821568,8
3607,4.585198396226096,8
3608,4.588160080547801,8
3609,4.588534760675336,8
3610,4.589668303268679,8
3611,4.591055531319912,8
3612,4.592269609094246,8
3613,4.592343729229123,8
3614,4.595984706732164,8
3615,4.59788920261439,8
3616,4.598034094915471,8
3617,4.598152032863633,8
3618,4.598362554624189,8
3619,4.598517347957953,8
3620,4.600113725919301,8
3621,4.602936463903255,8
3622,4.603249624404024,8
3623,4.608892119467623,8
3624,4.609646149623631,8
3625,4.614305852023872,8
3626,4.616464360632417,8
3627,4.619366189706974,8
3628,4.619713275526285,8
3629,4.620400236805737,8
3630,4.622481244785923,8
3631,4.622618763028491,8
3632,4.622756509558172,8
3633,4.624787208889135,8
3634,4.626100498852321,8
3635,4.629391048652847,8
3636,4.630099024719111,8
3637,4.6309227180656904,8
3638,4.6320098310103415,8
3639,4.6344685200394435,8
3640,4.6346298431027915,8
3641,4.645669880196655,8
3642,4.645854172222254,8
3643,4.646931439636313,8
3644,4.64960438561225,8
3645,4.65683742436318,8
3646,4.657404180265104,8
3647,4.659791617476053,8
3648,4.6674264555620875,8
3649,4.667978554009153,8
3650,4.671633201540565,8
3651,4.67171024146981,8
3652,4.673650632939652,8
3653,4.681393353579974,8
3654,4.684291910370741,8
3655,4.690567887305645,8
3656,4.691490768508106,8
3657,4.693480976299131,8
3658,4.69352669865858,8
3659,4.694434676508216,8
3660,4.698998225327078,8
3661,4.699479526881078,8
3662,4.702294780532926,8
3663,4.7034848925469745,8
3664,4.705423393795112,8
3665,4.706435297092966,8
3666,4.706913493020245,8
3667,4.707110538602935,8
3668,4.709205609610275,8
3669,4.711532544649207,8
3670,4.7122688944787265,8
3671,4.714659486639218,8
3672,4.71570018312463,8
3673,4.716613700557009,8
3674,4.717168154721926,8
3675,4.719807253201215,8
3676,4.724748941252356,8
3677,4.726516541442689,8
3678,4.729782479366784,8
3679,4.735848681812934,8
3680,4.737528686422729,8
3681,4.738056982191089,8
3682,4.740814061574834,8
3683,4.741144253823234,8
3684,4.743022074909269,8
3685,4.744099133813451,8
3686,4.7447673843746605,8
3687,4.745880888708671,8
3688,4.747268653622002,8
3689,4.747479807221367,8
3690,4.74838179393998,8
3691,4.749018349986897,8
3692,4.754053378073455,8
3693,4.754397702594764,8
3694,4.754419875503365,8
3695,4.754700113363374,8
3696,4.75713506475612,8
3697,4.759184670790609,8
3698,4.7597221263393505,8
3699,4.761114739198023,8
3700,4.761127192741603,8
3701,4.7628433931752845,8
3702,4.764961140605195,8
3703,4.765966926462099,8
3704,4.767849269172263,8
3705,4.769565173578353,8
3706,4.7737026080880876,8
3707,4.774096271003581,8
3708,4.777311866396449,8
3709,4.7816684915267675,8
3710,4.782283888433436,8
3711,4.786060521059138,8
3712,4.794341413556257,8
3713,4.794341413556257,8
3714,4.795340171750906,8
3715,4.798427741799239,8
3716,4.806126035937533,8
3717,4.8073323605806815,8
3718,4.8108112948867,8
3719,4.813449391818248,8
3720,4.822227053845642,8
3721,4.825574425772942,8
3722,4.825752152838699,8
3723,4.828178948255613,8
3724,4.8317263285637955,8
3725,4.832257169648306,8
3726,4.832740099291286,8
3727,4.836991599298473,8
3728,4.839770790455359,8
3729,4.8479276786133205,8
3730,4.850862134358973,8
3731,4.8525565889905335,8
3732,4.853379900941022,8
3733,4.853597257206694,8
3734,4.860294763308478,8
3735,4.867679301791656,8
3736,4.869580850672538,8
3737,4.870039009484288,8
3738,4.87353170995534,8
3739,4.877828793867329,8
3740,4.885361912165167,8
3741,4.892705126060202,8
3742,4.893438059413791,8
3743,4.898853549311408,8
3744,4.903288485911736,8
3745,4.905828564498964,8
3746,4.909633227480339,8
3747,4.909798501316206,8
3748,4.9106733833459595,8
3749,4.910836181505103,8
3750,4.912846001275578,8
3751,4.9309233269684,8
3752,4.931375714792126,8
3753,4.938534536852606,8
3754,4.9402597893954425,8
3755,4.94068751447561,8
3756,4.943832043917701,8
3757,4.945192798880214,8
3758,4.946958966442937,8
3759,4.952953272395018,8
3760,4.957725329434004,8
3761,4.96338066623129,8
3762,4.9703841065820376,8
3763,4.973812534972769,8
3764,4.9781145964191955,8
3765,4.981437357475232,8
3766,4.981469812280658,8
3767,4.983147511159364,8
3768,4.988373687934122,8
3769,4.989595774145405,8
3770,4.9905637590902465,8
3771,4.994614633230503,8
3772,4.996171715979175,8
3773,4.996865611981237,8
3774,5.000565867714675,8
3775,5.00355260133405,8
3776,5.004046946329763,8
3777,5.008223392996298,8
3778,5.011174315676388,8
3779,5.015547405283438,8
3780,5.0186526516641665,8
3781,5.02097970931737,8
3782,5.0242995822689736,8
3783,5.026563128938609,8
3784,5.028064311265751,8
3785,5.029821773652548,8
3786,5.040439039702123,8
3787,5.04336733067243,8
3788,5.045780324042407,8
3789,5.05132553742785,8
3790,5.054503771526891,8
3791,5.055976551976566,8
3792,5.056291538581063,8
3793,5.0763404893996436,8
3794,5.077479194425145,8
3795,5.080017076075587,8
3796,5.082388775754271,8
3797,5.085474241094645,8
3798,5.094764363154672,8
3799,5.098581399526131,8
3800,5.0990956146620965,8
3801,5.101002704556031,8
3802,5.10999235305503,8
3803,5.110452896035466,8
3804,5.115379236795739,8
3805,5.117811660138962,8
3806,5.117815354214867,8
3807,5.119347948398327,8
3808,5.12927825800668,8
3809,5.131720458701546,8
3810,5.150657278306789,8
3811,5.15261279622936,8
3812,5.15936909763025,8
3813,5.162423097247351,8
3814,5.163551753754767,8
3815,5.171424018095571,8
3816,5.174360895259567,8
3817,5.174716106907166,8
3818,5.174722066927434,8
3819,5.177743462253539,8
3820,5.1784525586566055,8
3821,5.205156817070367,8
3822,5.206629797173687,8
3823,5.21317525345623,8
3824,5.214114180298697,8
3825,5.214303155824969,8
3826,5.225665541687686,8
3827,5.233092800425263,8
3828,5.233191853072856,8
3829,5.2336317266084365,8
3830,5.233681618916919,8
3831,5.234870611096301,8
3832,5.235249930836147,8
3833,5.239207475173259,8
3834,5.23929382792446,8
3835,5.248224263586241,8
3836,5.248299811760305,8
3837,5.253737708495273,8
3838,5.261682669910029,8
3839,5.263272746259974,8
3840,5.268435581566095,8
3841,5.269649615107206,8
3842,5.271597929571135,8
3843,5.282031949126103,8
3844,5.286325020942116,8
3845,5.28871917269829,8
3846,5.290405969365326,8
3847,5.290405969365326,8
3848,5.297208798153248,8
3849,5.301305363257045,8
3850,5.304222284486048,8
3851,5.304646542740206,8
3852,5.305136890139215,8
3853,5.312041508194839,8
3854,5.318824872434712,8
3855,5.3188856681177175,8
3856,5.320391898279154,8
3857,5.329928544405011,8
3858,5.3309803158693665,8
3859,5.333352947553905,8
3860,5.340436809145641,8
3861,5.340555414141044,8
3862,5.350493169119483,8
3863,5.353202657386245,8
3864,5.354274379940164,8
3865,5.359757159679003,8
3866,5.363976938773536,8
3867,5.367359263274605,8
3868,5.3686211215618505,8
3869,5.368798216248273,8
3870,5.379556497264716,8
3871,5.389165887063756,8
3872,5.397245981994925,8
3873,5.411873321334233,8
3874,5.416990448836356,8
3875,5.421671158634592,8
3876,5.424335019683476,8
3877,5.430863290185085,8
3878,5.432267712540625,8
3879,5.4463419203590675,8
3880,5.458232413111523,8
3881,5.474586117923321,8
3882,5.475510019310953,8
3883,5.487307914259133,8
3884,5.490100903299132,8
3885,5.492767961934415,8
3886,5.496454808804583,8
3887,5.499531056567527,8
3888,5.500892305877626,8
3889,5.5021919654792555,8
3890,5.507703488079868,8
3891,5.507852627222251,8
3892,5.516635445902848,8
3893,5.521361638547391,8
3894,5.527416430616795,8
3895,5.530030747050234,8
3896,5.5531994193825485,8
3897,5.55969245909962,8
3898,5.561241692790316,8
3899,5.564441896797591,8
3900,5.564658209181291,8
3901,5.572268024566174,8
3902,5.584023687043884,8
3903,5.586675066945973,8
3904,5.588515579716551,8
3905,5.589930238339108,8
3906,5.5981320319533525,8
3907,5.613271402779993,8
3908,5.613519747238374,8
3909,5.617018071578573,8
3910,5.621299798332286,8
3911,5.633365783300329,8
3912,5.6385058830943,8
3913,5.668082776819794,8
3914,5.671880100132939,8
3915,5.67840961116984,8
3916,5.680172424340354,8
3917,5.696032024381347,8
3918,5.7036074992138985,8
3919,5.70597339891707,8
3920,5.706580551804468,8
3921,5.711807948121214,8
3922,5.71801848644345,8
3923,5.734765031662238,8
3924,5.764258241070035,8
3925,5.766923861985925,8
3926,5.771023131127016,8
3927,5.783070887846339,8
3928,5.785749755186634,8
3929,5.794248399112852,8
3930,5.802502352836526,8
3931,5.813969120725029,8
3932,5.819104525287504,8
3933,5.833135038532558,8
3934,5.837587500274352,8
3935,5.8388079062318905,8
3936,5.845096977455604,8
3937,5.867974537597858,8
3938,5.872475638106651,8
3939,5.879889468908914,8
3940,5.880344754015613,8
3941,5.885039590854517,8
3942,5.888719985739573,8
3943,5.900646325491896,8
3944,5.908561843386584,8
3945,5.924689461885162,8
3946,5.934735963978589,8
3947,5.937398101992351,8
3948,5.942013789814247,8
3949,5.948180191813702,8
3950,5.955443935750874,8
3951,5.962515891457482,8
3952,5.969287194900033,8
3953,5.969287194900033,8
3954,5.973481707758778,8
3955,5.974104902386681,8
3956,5.975934908816505,8
3957,5.9805504711095425,8
3958,5.9905303856993655,8
3959,5.999873381237135,8
3960,6.00087453515741,8
3961,6.008681065934751,8
3962,6.0268326666354515,8
3963,6.037635502899459,8
3964,6.0400602931744976,8
3965,6.045699996927795,8
3966,6.051033946607582,8
3967,6.0603094042333945,8
3968,6.0633474867711845,8
3969,6.078838229856975,8
3970,6.084030170895621,8
3971,6.087321028806691,8
3972,6.091537161791192,8
3973,6.103911226297586,8
3974,6.116042689216014,8
3975,6.125029442080735,8
3976,6.125029442080735,8
3977,6.126467627235314,8
3978,6.131799581084309,8
3979,6.142461123800613,8
3980,6.1452316260530075,8
3981,6.147304606421375,8
3982,6.159637994133942,8
3983,6.161563466911531,8
3984,6.169990741743928,8
3985,6.172390225053229,8
3986,6.175409533743373,8
3987,6.178026071495125,8
3988,6.195534245077746,8
3989,6.199346348710144,8
3990,6.205284834837487,8
3991,6.216748928250021,8
3992,6.222830263503246,8
3993,6.2458718236253175,8
3994,6.26947230948094,8
3995,6.276684315894333,8
3996,6.29744762637409,8
3997,6.308332031297587,8
3998,6.308341062120995,8
3999,6.316090986834382,8
4000,6.319319045946257,8
4001,6.321024935402392,8
4002,6.331253804185301,8
4003,6.334395952838078,8
4004,6.3372681554236445,8
4005,6.377876440339933,8
4006,6.379526204233722,8
4007,6.386925655904892,8
4008,6.3916686554808715,8
4009,6.395460652091853,8
4010,6.4043522361891005,8
4011,6.412015956385174,8
4012,6.4239346833264355,8
4013,6.424218642051328,8
4014,6.433583362877375,8
4015,6.462370245788538,8
4016,6.48026560556763,8
4017,6.511539942188542,8
4018,6.530203583743335,8
4019,6.548987877281341,8
4020,6.557018587774878,8
4021,6.562575909042125,8
4022,6.566655265894829,8
4023,6.582062715614636,8
4024,6.582508671265078,8
4025,6.587394416976522,8
4026,6.589222881821635,8
4027,6.591113589263403,8
4028,6.591856198426701,8
4029,6.60406898819456,8
4030,6.609377759629315,8
4031,6.612758738178849,8
4032,6.617295172116984,8
4033,6.6199682453729425,8
4034,6.6525237480149055,8
4035,6.659432350031669,8
4036,6.729586466252866,8
4037,6.748843225398351,8
4038,6.765178758250074,8
4039,6.767249819068514,8
4040,6.767996609753076,8
4041,6.793148847171739,8
4042,6.798893129021145,8
4043,6.818235738993932,8
4044,6.836606379047915,8
4045,6.8431167647354325,8
4046,6.855848293972985,8
4047,6.8713890287868535,8
4048,6.9051728895588225,8
4049,6.910740185335755,8
4050,6.935429128575229,8
4051,6.964423390313822,8
4052,6.989163782967642,8
4053,7.0221108802483885,8
4054,7.032815053945192,8
4055,7.042307777549569,8
4056,7.083528816436399,8
4057,7.089640447759839,8
4058,7.108292676211988,8
4059,7.130632165043585,8
4060,7.162886364014076,8
4061,7.165574119775607,8
4062,7.177579135476093,8
4063,7.199120614903531,8
4064,7.217816749122797,8
4065,7.220047622000249,8
4066,7.258289514624104,8
4067,7.2734428733654894,8
4068,7.330258532490986,8
4069,7.359463208134284,8
4070,7.359648035695786,8
4071,7.390010264094559,8
4072,7.395162635279154,8
4073,7.407252127224435,8
4074,7.449356159615253,8
4075,7.450770333393999,8
4076,7.466604002080859,8
4077,7.480175647777013,8
4078,7.531270232581462,8
4079,7.537272041212262,8
4080,7.578751167204187,8
4081,7.59162579939099,8
4082,7.598790649964699,8
4083,7.600565996144922,8
4084,7.60383166706312,8
4085,7.626261060143041,8
4086,7.645476526706537,8
4087,7.713909002233449,8
4088,7.7453391570965735,8
4089,7.746405638093208,8
4090,7.790943861737666,8
4091,7.865784482442079,8
4092,7.866085048418076,8
4093,7.870201310598926,8
4094,7.934027975260092,8
4095,7.937693761544486,8
4096,7.976025874623291,8
4097,7.979322797688145,8
4098,8.101293461060447,8
4099,8.102865282208098,8
4100,8.116290193680939,8
4101,8.210651290736818,8
4102,8.397782202364542,8
4103,8.486370716523242,8
4104,8.672836237529818,8
4105,8.700850640071698,8
4106,8.737996271491772,8
4107,8.752324907082143,8
4108,8.772505009814395,8
4109,8.812317595797582,8
4110,9.097830958362886,8
4111,9.190455804802562,8
4112,9.296736302349979,8
4113,9.296915081943885,8
4114,9.321024492791699,8
4115,9.429210897815627,8
4116,9.492877786590146,8
4117,9.496259189538007,8
4118,9.525048980590583,8
4119,9.697518256415597,8
4120,9.703944459072913,8
4121,9.703944459072913,8
4122,9.715572122364428,8
4123,9.72146561181417,8
4124,9.873071929907995,8
4125,9.88336299299038,8
4126,10.101015786760906,8
4127,10.110579948958307,8
4128,10.325782962223787,8
4129,10.443009309416064,8
4130,10.443009309416064,8
4131,10.530828392234781,8
4132,10.550463081642983,8
4133,10.596314878651103,8
4134,10.626477456120881,8
4135,11.108763347430067,8
4136,11.114853568486524,8
4137,11.169037381774917,8
4138,11.16986477719631,8
4139,11.228945147784847,8
4140,11.262297837622047,8
4141,11.371655210230779,8
4142,11.401177503152326,8
4143,11.581147768337416,8
4144,11.813049911795028,8
4145,12.107126300662468,8
4146,12.587739700088465,8
4147,12.910546470790605,8
4148,13.067881706387853,8
4149,13.434422656199047,8
4150,13.82722841011635,8
4151,14.507636630292977,8
4152,14.762457957248536,8
4153,16.433022200233786,8
4154,18.47575893680324,8
4155,18.77233136154672,8
4156,21.44452228654994,8
4157,21.44452228654994,8
4158,21.929616636666207,8
4159,22.021252841022175,8
4160,22.234596985525812,8
4161,22.461307538546713,8
1,1.8340267989369843,12
2,1.8792583649614176,12
3,1.9243569101586304,12
4,1.9281088660272188,12
5,1.9552323667718003,12
6,1.9553220861955645,12
7,1.963103319236448,12
8,1.9703499582615267,12
9,1.9727787151540057,12
10,1.9791653831940454,12
11,1.980965616220424,12
12,1.994390056240441,12
13,2.0188776330321674,12
14,2.0369382632169977,12
15,2.043743451440834,12
16,2.050027809317342,12
17,2.0566398782913957,12
18,2.067931314864439,12
19,2.068091401326329,12
20,2.0685390679201214,12
21,2.070940858394334,12
22,2.0769461090821197,12
23,2.0790678343233764,12
24,2.0842254708575694,12
25,2.108867592810243,12
26,2.10978874860687,12
27,2.114463786372103,12
28,2.114998982823979,12
29,2.1189302908370733,12
30,2.126805244479492,12
31,2.1269915725713573,12
32,2.1270655888866514,12
33,2.1326204379405334,12
34,2.1358251449859202,12
35,2.136566956565835,12
36,2.14122788566308,12
37,2.1421213029866895,12
38,2.1425281772244653,12
39,2.1444296614867504,12
40,2.1485653850716075,12
41,2.1499534009233376,12
42,2.1537132491728306,12
43,2.154998832055497,12
44,2.1603814408007165,12
45,2.1621133590325714,12
46,2.1632981698161324,12
47,2.1678340978494695,12
48,2.1683940797443433,12
49,2.172960145492548,12
50,2.174229167934165,12
51,2.1765853923692156,12
52,2.182629224583724,12
53,2.1838557895676898,12
54,2.1848830947145728,12
55,2.18799826032839,12
56,2.1901910730395353,12
57,2.190899706798878,12
58,2.1912127376157953,12
59,2.191815804622488,12
60,2.192197334000701,12
61,2.192865527013276,12
62,2.1932773088801865,12
63,2.1945407438478184,12
64,2.1985375656732873,12
65,2.1988160483122408,12
66,2.2006695660753897,12
67,2.201540745649003,12
68,2.202339209720768,12
69,2.203496482772366,12
70,2.205592406951246,12
71,2.2062027100558326,12
72,2.20731884737447,12
73,2.2074857708533417,12
74,2.2164527446517317,12
75,2.2170167665762306,12
76,2.218017817973455,12
77,2.2180370439776134,12
78,2.2182138648041794,12
79,2.218606322421837,12
80,2.2188046539820565,12
81,2.2203814805391593,12
82,2.2211953685489934,12
83,2.223927436235008,12
84,2.2247391602517257,12
85,2.2254987378113715,12
86,2.226063042666299,12
87,2.226063042666299,12
88,2.2271162682801675,12
89,2.2279085381455372,12
90,2.227979967180643,12
91,2.2282116315458054,12
92,2.2292980070883535,12
93,2.2299211638638283,12
94,2.233758574508844,12
95,2.23471286912861,12
96,2.2348765647493676,12
97,2.23547162674655,12
98,2.2356566584292072,12
99,2.237987110634907,12
100,2.238751631272579,12
101,2.238885826256363,12
102,2.2396246527395123,12
103,2.2426450583436877,12
104,2.24580885928956,12
105,2.2481597515653737,12
106,2.249538164272901,12
107,2.2507766032972034,12
108,2.251345717615056,12
109,2.2541710492144365,12
110,2.25529511627246,12
111,2.2564342952408114,12
112,2.2568848551210907,12
113,2.2579131090129363,12
114,2.2583741558144603,12
115,2.260486592745454,12
116,2.260533091296464,12
117,2.260605572667246,12
118,2.2616544311724907,12
119,2.2625197474728145,12
120,2.263333738433804,12
121,2.2640960763495017,12
122,2.2659498591300333,12
123,2.2659714044216503,12
124,2.2671587901923522,12
125,2.267219587611273,12
126,2.269733945643896,12
127,2.270657648368319,12
128,2.2709222069417843,12
129,2.271022395253547,12
130,2.2718002790708303,12
131,2.2724258632853997,12
132,2.2728789418403332,12
133,2.273102937535294,12
134,2.2785642444876486,12
135,2.280005679326366,12
136,2.281304744645385,12
137,2.283041704369151,12
138,2.2832724949782417,12
139,2.2841672884863287,12
140,2.2873384762562092,12
141,2.28742043650768,12
142,2.28742043650768,12
143,2.2877312041503517,12
144,2.2912502780871598,12
145,2.293183171611294,12
146,2.2932488504117474,12
147,2.2946275725435443,12
148,2.2948246719652343,12
149,2.295043294134701,12
150,2.295448675378929,12
151,2.298356324091715,12
152,2.298883202687062,12
153,2.2994735553518697,12
154,2.3006555835171203,12
155,2.30082934117126,12
156,2.302131588594974,12
157,2.30221249635602,12
158,2.30221249635602,12
159,2.3024399917909424,12
160,2.3031655161925673,12
161,2.3062230756307116,12
162,2.3066220344680035,12
163,2.3074403404823034,12
164,2.3081090323156386,12
165,2.308588666294682,12
166,2.312094553345237,12
167,2.3159991526458428,12
168,2.3163597914273573,12
169,2.3167699439876235,12
170,2.3169896958187453,12
171,2.31787631704323,12
172,2.3186550207353296,12
173,2.324333557390728,12
174,2.3254558684382998,12
175,2.3254558684382998,12
176,2.327077104571233,12
177,2.3337478185451124,12
178,2.333765071738866,12
179,2.3361394955811106,12
180,2.3383804300929083,12
181,2.340538662336834,12
182,2.3416560913913846,12
183,2.3430389301550334,12
184,2.3441581333101786,12
185,2.345219573383444,12
186,2.3452391493278117,12
187,2.3457616989111587,12
188,2.3464343186725083,12
189,2.346895682236751,12
190,2.346895682236751,12
191,2.3480725812738985,12
192,2.3481314560068163,12
193,2.3487144636919597,12
194,2.3487851938260196,12
195,2.3507867715795823,12
196,2.35151000391512,12
197,2.3515270359934064,12
198,2.3517692133011026,12
199,2.3521069470827616,12
200,2.35450148521966,12
201,2.3546577015433927,12
202,2.3546814514989474,12
203,2.355240955124868,12
204,2.3559035120152396,12
205,2.3575927148445333,12
206,2.358276175722541,12
207,2.358765449335909,12
208,2.3589704557635023,12
209,2.36128483680553,12
210,2.3620499698714696,12
211,2.3624502419783533,12
212,2.362818234455797,12
213,2.3632429501031345,12
214,2.364833670444439,12
215,2.3665506597526322,12
216,2.3666455386535983,12
217,2.366757286795241,12
218,2.367555106625183,12
219,2.368085585016429,12
220,2.3689754911356107,12
221,2.3691803248657783,12
222,2.370485497382813,12
223,2.3722240677416115,12
224,2.3734950094418004,12
225,2.37572882770455,12
226,2.3764148104111458,12
227,2.3769483452915243,12
228,2.377393096384903,12
229,2.3774402204820717,12
230,2.378365402543781,12
231,2.3792151470033223,12
232,2.379463510609422,12
233,2.3805360843549974,12
234,2.382123742880398,12
235,2.382812267370643,12
236,2.3832533321776954,12
237,2.3844097053903655,12
238,2.385665969183051,12
239,2.3864501153106317,12
240,2.3867517373368012,12
241,2.3873657581085554,12
242,2.3876353164848525,12
243,2.3881014612321008,12
244,2.3899191446747157,12
245,2.3903793230689443,12
246,2.3903878080640175,12
247,2.3910712564047616,12
248,2.3920701481976487,12
249,2.3923912559590854,12
250,2.393022726911957,12
251,2.3941834111584193,12
252,2.396205084708261,12
253,2.3964866263093834,12
254,2.398377160769033,12
255,2.399297374816276,12
256,2.400552178382502,12
257,2.401722328969608,12
258,2.402109134648562,12
259,2.4021626409599866,12
260,2.4040316301138778,12
261,2.4047449698438856,12
262,2.4051524738087426,12
263,2.407487479754971,12
264,2.4082459041904505,12
265,2.409361328874399,12
266,2.410084490329384,12
267,2.410660051611849,12
268,2.4117159160777417,12
269,2.4120833030232496,12
270,2.412107570221574,12
271,2.4121608471660134,12
272,2.412355310092283,12
273,2.413742276342642,12
274,2.413955344219748,12
275,2.415363345768991,12
276,2.416146566526845,12
277,2.416146566526845,12
278,2.417110095173061,12
279,2.4171259685703483,12
280,2.41899694214181,12
281,2.419125831760208,12
282,2.419978320119846,12
283,2.4200364597494533,12
284,2.421197062698008,12
285,2.4213284879466115,12
286,2.4222183094462677,12
287,2.4237151338539786,12
288,2.424484965960604,12
289,2.424505764786287,12
290,2.424929639897085,12
291,2.4249961194186715,12
292,2.426073791669978,12
293,2.4275963864556664,12
294,2.430084015308646,12
295,2.4304925730165237,12
296,2.4305715047589262,12
297,2.4305749354802217,12
298,2.431328922224613,12
299,2.4333105984314987,12
300,2.433533623262304,12
301,2.436177813192932,12
302,2.4377276041489107,12
303,2.4382744813834503,12
304,2.4386806049327845,12
305,2.438910812115075,12
306,2.4402451837983405,12
307,2.4421047963910105,12
308,2.4421185700401655,12
309,2.444390870346083,12
310,2.444465055151923,12
311,2.4447135690743416,12
312,2.445493253591149,12
313,2.4474212892315337,12
314,2.448015325469367,12
315,2.448408609618083,12
316,2.448981055737563,12
317,2.449021892089555,12
318,2.44962747164873,12
319,2.45021831497591,12
320,2.4503277193219235,12
321,2.45082771919224,12
322,2.4511705765850382,12
323,2.45122393449395,12
324,2.452956750621779,12
325,2.4547322278424843,12
326,2.456458942380611,12
327,2.458169084866808,12
328,2.458562376378669,12
329,2.4586320540606903,12
330,2.460621744027123,12
331,2.4612933056477195,12
332,2.4622443079189082,12
333,2.4636052974200258,12
334,2.4650321656319,12
335,2.466031504658401,12
336,2.466280264041857,12
337,2.4665038932762764,12
338,2.46699898241532,12
339,2.4670670329996804,12
340,2.4672057709801205,12
341,2.4676078940106,12
342,2.467917559332053,12
343,2.4682472756018066,12
344,2.4692492686739347,12
345,2.470259373425268,12
346,2.4703514803182935,12
347,2.4710236159819594,12
348,2.471033099755064,12
349,2.4711002700472613,12
350,2.4714680114163996,12
351,2.472657667700324,12
352,2.472819748391105,12
353,2.473070511767403,12
354,2.4738602206541427,12
355,2.4788558966589607,12
356,2.479211239018053,12
357,2.4794952845075544,12
358,2.480507474692038,12
359,2.4813506195485093,12
360,2.4819136183101183,12
361,2.48296801644966,12
362,2.48370985649975,12
363,2.4855065829059044,12
364,2.485719775462339,12
365,2.4857818875574353,12
366,2.4864100045119377,12
367,2.486469161356342,12
368,2.4872361863121926,12
369,2.48734257331424,12
370,2.4890230389730785,12
371,2.490274282401676,12
372,2.4912392616991714,12
373,2.4915272812504012,12
374,2.492533126741695,12
375,2.4925530300652414,12
376,2.492695323764349,12
377,2.4931098205265276,12
378,2.494350081500119,12
379,2.495002720588993,12
380,2.4956644129076513,12
381,2.496411590008562,12
382,2.4980943970315,12
383,2.498346848262718,12
384,2.4983531723378607,12
385,2.4987342795181804,12
386,2.5016615978002283,12
387,2.5020411582100666,12
388,2.5031497685808666,12
389,2.5036897360154025,12
390,2.5042776327572702,12
391,2.5048216907643264,12
392,2.505929970715465,12
393,2.5063678626463415,12
394,2.5074825919677446,12
395,2.5080489187962502,12
396,2.5081326184897463,12
397,2.5088797426084235,12
398,2.5089317808597946,12
399,2.5089678033857634,12
400,2.512264296396639,12
401,2.512356450647679,12
402,2.512384011390163,12
403,2.512597518541701,12
404,2.51289528246228,12
405,2.513553671630352,12
406,2.51369611277849,12
407,2.5138629065158686,12
408,2.5150469285038164,12
409,2.5157531668848656,12
410,2.5173412117769174,12
411,2.517790158405364,12
412,2.5180276462740108,12
413,2.519109110614168,12
414,2.519766492862031,12
415,2.520073522099566,12
416,2.520161355652751,12
417,2.521694684855774,12
418,2.5220004090061137,12
419,2.5223044166375104,12
420,2.5225578109854387,12
421,2.5225825864881952,12
422,2.5231724402178908,12
423,2.525096885071543,12
424,2.5253330557570908,12
425,2.525895369557462,12
426,2.526881135965717,12
427,2.5276935354812036,12
428,2.5278159806687217,12
429,2.5280259427222633,12
430,2.528957230989248,12
431,2.5292356775358296,12
432,2.5295025506535596,12
433,2.5296759886844975,12
434,2.5310282632211805,12
435,2.5310831948689225,12
436,2.5314228322621295,12
437,2.5323228745588238,12
438,2.5327012408077048,12
439,2.532756414638016,12
440,2.5332211444665993,12
441,2.5334442302155833,12
442,2.5337336774492982,12
443,2.5344935258027315,12
444,2.5349274613578356,12
445,2.535103546920651,12
446,2.5373781151355694,12
447,2.5380381100054907,12
448,2.539090817001597,12
449,2.540476763021067,12
450,2.540478578059356,12
451,2.541643342194436,12
452,2.5420787046041813,12
453,2.5435982264249217,12
454,2.544950193043243,12
455,2.544958045496171,12
456,2.545190561178564,12
457,2.54694654720416,12
458,2.5473269601599897,12
459,2.547528993103747,12
460,2.547736513791392,12
461,2.5481366510429173,12
462,2.5481791448763405,12
463,2.5483228211649607,12
464,2.548389684971148,12
465,2.5485554500611034,12
466,2.5492298197440024,12
467,2.5511612111807147,12
468,2.551599820344952,12
469,2.5517978718459524,12
470,2.5524008639907847,12
471,2.552527003089698,12
472,2.552883477608862,12
473,2.5537076697803536,12
474,2.5545228062308856,12
475,2.555403390829524,12
476,2.5563238527794616,12
477,2.556899654572189,12
478,2.5570563285977124,12
479,2.5571762891635386,12
480,2.5573580221635757,12
481,2.5583630485922937,12
482,2.5584766641123204,12
483,2.558594102824226,12
484,2.559120998878749,12
485,2.5613519140719014,12
486,2.5617649264734474,12
487,2.5627815918485473,12
488,2.5637722635167686,12
489,2.5637987174774004,12
490,2.565201581869368,12
491,2.56533398155557,12
492,2.5665145433508814,12
493,2.566732254438027,12
494,2.5675834967893745,12
495,2.5698816465099914,12
496,2.570504599538155,12
497,2.571874955061558,12
498,2.5725529590311154,12
499,2.573042393349556,12
500,2.5730807052141182,12
501,2.575470027828343,12
502,2.575491770553858,12
503,2.5756435719747013,12
504,2.5760873584382966,12
505,2.576953337133012,12
506,2.5773549606240738,12
507,2.577875826674334,12
508,2.5787361985733903,12
509,2.579707479462823,12
510,2.5801074686265157,12
511,2.580574219675929,12
512,2.5806846868989806,12
513,2.5807323758220075,12
514,2.5808231630318548,12
515,2.5814654823984773,12
516,2.5816086517953067,12
517,2.582520297899856,12
518,2.5827218227958855,12
519,2.58299871632019,12
520,2.5831518052913585,12
521,2.5840229276407825,12
522,2.5841695213361118,12
523,2.5844878871838426,12
524,2.58580070685855,12
525,2.585874869207852,12
526,2.585876665346698,12
527,2.585993808572481,12
528,2.586466690155794,12
529,2.5885007444916233,12
530,2.5889267743191233,12
531,2.589158597336743,12
532,2.5897263738914478,12
533,2.589951005017346,12
534,2.590151613507243,12
535,2.5901819534884054,12
536,2.5909553639355387,12
537,2.5913173600980297,12
538,2.592630889154763,12
539,2.593168756017433,12
540,2.5941641055164495,12
541,2.59416749062134,12
542,2.59420011175165,12
543,2.5942808045875716,12
544,2.5954754281898396,12
545,2.595855864984571,12
546,2.5962829521410953,12
547,2.5963465457936765,12
548,2.596410460237946,12
549,2.597638262174374,12
550,2.5978086160655685,12
551,2.5982077403260475,12
552,2.598234735157388,12
553,2.5983127585958665,12
554,2.6002407666137213,12
555,2.6003312125467284,12
556,2.6003836175827373,12
557,2.6010431553922166,12
558,2.601941774581546,12
559,2.6032689767988875,12
560,2.6037437692287666,12
561,2.6047017831336743,12
562,2.6057692356184634,12
563,2.606080644779451,12
564,2.60644037962423,12
565,2.6065094727778177,12
566,2.6068517761069563,12
567,2.607316400162814,12
568,2.6083571902618696,12
569,2.608776801801475,12
570,2.6092031305381407,12
571,2.609275436357955,12
572,2.6092996566966176,12
573,2.609334110057567,12
574,2.6101782515276546,12
575,2.610238139104715,12
576,2.6109141628580144,12
577,2.61116622530034,12
578,2.612248376499986,12
579,2.6123169230595975,12
580,2.612406899911268,12
581,2.6128441605516475,12
582,2.613608647679788,12
583,2.613897723121679,12
584,2.6155607587789644,12
585,2.6158406304233357,12
586,2.6161569361224304,12
587,2.6162425604124007,12
588,2.617147673459173,12
589,2.6171671125600304,12
590,2.617264097059712,12
591,2.6177648769457145,12
592,2.619151896615486,12
593,2.6198911048403764,12
594,2.6199722968624304,12
595,2.6201178955724904,12
596,2.6206236197627994,12
597,2.6211999625166054,12
598,2.6214210676123284,12
599,2.6219111368752626,12
600,2.6220625670583737,12
601,2.622558179587676,12
602,2.6229959633526634,12
603,2.623875969751163,12
604,2.624034078148639,12
605,2.6242395867414325,12
606,2.624741017445281,12
607,2.6247913340046574,12
608,2.6257095975964155,12
609,2.6268171116024917,12
610,2.6283328637875187,12
611,2.628660657144015,12
612,2.6287438091538746,12
613,2.6292606613315526,12
614,2.629860853509706,12
615,2.630049651059065,12
616,2.6313187667889117,12
617,2.632090632831701,12
618,2.633268118989987,12
619,2.63342088751595,12
620,2.6343304312125975,12
621,2.6353770371680665,12
622,2.6353827295990757,12
623,2.6359640904939523,12
624,2.636727419502194,12
625,2.6369417491792686,12
626,2.637185536346264,12
627,2.6373511624230863,12
628,2.637426047919537,12
629,2.638032156227638,12
630,2.638733249470242,12
631,2.6391786790966387,12
632,2.640254117097785,12
633,2.640385799765355,12
634,2.640675531978152,12
635,2.6436631026703177,12
636,2.6441988098830356,12
637,2.6452855437081872,12
638,2.6457900596817674,12
639,2.6462407471568334,12
640,2.6469738813346564,12
641,2.6485252842392377,12
642,2.6494388430774283,12
643,2.6502364136687637,12
644,2.6506874716973368,12
645,2.651967459972528,12
646,2.6521742120357295,12
647,2.6525789170727907,12
648,2.653080042305549,12
649,2.653238661229835,12
650,2.654327477523913,12
651,2.65507361214251,12
652,2.655303688707028,12
653,2.6554135320104386,12
654,2.6554444322761612,12
655,2.655788918747444,12
656,2.656818274691526,12
657,2.6570843892526708,12
658,2.6577466324433416,12
659,2.6584950459182175,12
660,2.6587309253715934,12
661,2.659188034033733,12
662,2.6593689762510926,12
663,2.659762639661949,12
664,2.6598096817167716,12
665,2.661268197833288,12
666,2.6612884335912477,12
667,2.6614790775994455,12
668,2.6616569181296685,12
669,2.6623091967204005,12
670,2.6623549137909035,12
671,2.6623784013423273,12
672,2.6655398171854143,12
673,2.666735757127779,12
674,2.666856647958628,12
675,2.6672440830313637,12
676,2.66777497387822,12
677,2.667941281790903,12
678,2.6703112070088513,12
679,2.670732966663164,12
680,2.6708842041647882,12
681,2.6712913634585975,12
682,2.67223600475866,12
683,2.6728472532031216,12
684,2.6730661170899084,12
685,2.6732032432082535,12
686,2.6740824880974667,12
687,2.6743054074004715,12
688,2.6754824420722487,12
689,2.6756515166170565,12
690,2.6759109553501745,12
691,2.676012274575947,12
692,2.6760677467826057,12
693,2.6761744635269693,12
694,2.6761870016202716,12
695,2.6773917163600456,12
696,2.677497783581447,12
697,2.677519567090391,12
698,2.677663627142866,12
699,2.6778825018164207,12
700,2.6788524517517582,12
701,2.6796718553880607,12
702,2.6805643628109017,12
703,2.6818916995205306,12
704,2.6821444978848734,12
705,2.6841534244127976,12
706,2.6848588928450403,12
707,2.6856160226805303,12
708,2.6857459606662073,12
709,2.6857659120349515,12
710,2.6863507573307364,12
711,2.6865019120922886,12
712,2.687299148210952,12
713,2.687827073969002,12
714,2.6879553800614615,12
715,2.688366089131471,12
716,2.6886500788217433,12
717,2.688700174845646,12
718,2.6894296449586306,12
719,2.6898981546902365,12
720,2.691053271405158,12
721,2.691384126865472,12
722,2.691780612857877,12
723,2.691941715685106,12
724,2.6929058075009533,12
725,2.693034233657639,12
726,2.693295322504781,12
727,2.69356823524421,12
728,2.6941541938009372,12
729,2.694627278123396,12
730,2.6956764689823953,12
731,2.696105507830497,12
732,2.6962071888955657,12
733,2.6965693141489715,12
734,2.6967778456682012,12
735,2.6967898368821146,12
736,2.696848605556646,12
737,2.697204718204022,12
738,2.697865597231785,12
739,2.6978700808079283,12
740,2.6985452961776266,12
741,2.6989857355676956,12
742,2.699304531771285,12
743,2.699575674533793,12
744,2.699773809073066,12
745,2.7003066630058483,12
746,2.7003595407767675,12
747,2.7003695667770726,12
748,2.700483522777582,12
749,2.7009929393090544,12
750,2.701275392704388,12
751,2.7016199211462615,12
752,2.701734773264771,12
753,2.7027072050166594,12
754,2.70294292260976,12
755,2.7032231596948475,12
756,2.704510170113879,12
757,2.7060984578773244,12
758,2.7061070868595682,12
759,2.706516021017453,12
760,2.706600016964949,12
761,2.7080100627910992,12
762,2.708290329769763,12
763,2.7088269496029795,12
764,2.7106380879920513,12
765,2.7109397586814414,12
766,2.71175809212268,12
767,2.7118861454287893,12
768,2.712077194783759,12
769,2.7122799503772055,12
770,2.712397968800555,12
771,2.713412945148521,12
772,2.713896596197389,12
773,2.714944666533832,12
774,2.7155230425992545,12
775,2.7160388812649883,12
776,2.716444958017545,12
777,2.7165823513248015,12
778,2.7167900025224925,12
779,2.716892637845286,12
780,2.7173506581306315,12
781,2.71776372754853,12
782,2.718167467767988,12
783,2.718515873574468,12
784,2.7208955118588167,12
785,2.7210689410199294,12
786,2.7211032622247213,12
787,2.7214432512932056,12
788,2.7215450877203358,12
789,2.7219915303932614,12
790,2.72394082487123,12
791,2.724606888538795,12
792,2.7249179233967724,12
793,2.7258806999392653,12
794,2.7272379977195027,12
795,2.7282541111337335,12
796,2.728598656090555,12
797,2.7289848011525892,12
798,2.729051588603214,12
799,2.730939454099882,12
800,2.7311258412580455,12
801,2.731783883594248,12
802,2.7320980873073197,12
803,2.7324149245976144,12
804,2.7325632743270076,12
805,2.7338034026529434,12
806,2.7338472725715364,12
807,2.7339902417047726,12
808,2.734358885567288,12
809,2.734413034416738,12
810,2.7370421353701233,12
811,2.737304118737413,12
812,2.7385001612538193,12
813,2.7385001612538193,12
814,2.7390299767405564,12
815,2.739157152622424,12
816,2.740275546150364,12
817,2.7408263427734503,12
818,2.7408961647517764,12
819,2.7409366494776197,12
820,2.7429062231727013,12
821,2.7432243694991505,12
822,2.743457779448145,12
823,2.7441071964367376,12
824,2.744272828342989,12
825,2.744573097278683,12
826,2.744577620935683,12
827,2.7446024584781563,12
828,2.7446024584781563,12
829,2.7449025107322376,12
830,2.7451300475414593,12
831,2.745657964700087,12
832,2.746912955806519,12
833,2.7476133088707866,12
834,2.747925907416213,12
835,2.748501859438055,12
836,2.748524376130869,12
837,2.749502654152773,12
838,2.749749984164084,12
839,2.750849564071521,12
840,2.750981872786776,12
841,2.7518162714125967,12
842,2.751918691572446,12
843,2.752505652988825,12
844,2.753177968350275,12
845,2.753631657512957,12
846,2.753671373021647,12
847,2.7537724922860454,12
848,2.754071128521846,12
849,2.7546622871878492,12
850,2.755417095982859,12
851,2.755831834831326,12
852,2.7570340370314166,12
853,2.7572147845467656,12
854,2.7578837600165413,12
855,2.7579689189181265,12
856,2.758208522685052,12
857,2.7584669152444414,12
858,2.7586697012677566,12
859,2.759002188604592,12
860,2.759990347939403,12
861,2.760052218562738,12
862,2.76056964923276,12
863,2.7608455882037495,12
864,2.7609934542972265,12
865,2.7612563917521737,12
866,2.7615595308759318,12
867,2.7619664370564974,12
868,2.762533247789127,12
869,2.763192683685896,12
870,2.7636398094641277,12
871,2.76382595382259,12
872,2.763866122495365,12
873,2.7640374908465173,12
874,2.7640723570404075,12
875,2.7641252841334696,12
876,2.765549925761485,12
877,2.7655657754787013,12
878,2.765704119705598,12
879,2.765929480318503,12
880,2.7661593450136746,12
881,2.7663400018466193,12
882,2.766642587563769,12
883,2.7668029612854523,12
884,2.7668457426018787,12
885,2.767255377749709,12
886,2.767490215433431,12
887,2.7676408247166817,12
888,2.767916068089934,12
889,2.7682466783858404,12
890,2.7682466783858404,12
891,2.768273318998046,12
892,2.768273318998046,12
893,2.768278091064343,12
894,2.768393684476808,12
895,2.7685155681927607,12
896,2.7690798221817543,12
897,2.7694200037490733,12
898,2.769527329278974,12
899,2.7707457507675697,12
900,2.7709952569258927,12
901,2.7724041859174147,12
902,2.7724451929383,12
903,2.772905478124031,12
904,2.7732550130084825,12
905,2.775154552815485,12
906,2.7761780907320066,12
907,2.776332752781044,12
908,2.776332752781044,12
909,2.7765544076839164,12
910,2.777097579964561,12
911,2.7772955227170755,12
912,2.777374776619331,12
913,2.777688637787595,12
914,2.7777349492354753,12
915,2.7783661078616326,12
916,2.77885785137629,12
917,2.7789556124006616,12
918,2.7796631430353025,12
919,2.7799046192812074,12
920,2.780608385092224,12
921,2.780756303048577,12
922,2.7809924566212287,12
923,2.781451078430251,12
924,2.781545700793154,12
925,2.7827819086866628,12
926,2.78390771581054,12
927,2.78398103520194,12
928,2.7845541810731556,12
929,2.7847470297353274,12
930,2.7847481204436253,12
931,2.7847624303572873,12
932,2.7849944624152303,12
933,2.786756284567617,12
934,2.787021241757692,12
935,2.7870834478540574,12
936,2.787125148975787,12
937,2.787401597631747,12
938,2.7875274068899594,12
939,2.787918458641523,12
940,2.78883905862611,12
941,2.7889592302473662,12
942,2.7891644542385303,12
943,2.7893972065406207,12
944,2.791260296325198,12
945,2.7913511565770763,12
946,2.79179871965133,12
947,2.7936674830746275,12
948,2.7945342265275297,12
949,2.7945869289000544,12
950,2.794628984673661,12
951,2.79462915213326,12
952,2.7949918858389817,12
953,2.7953749567290243,12
954,2.7957219229723385,12
955,2.796175645954525,12
956,2.7969115278307433,12
957,2.796953381936282,12
958,2.7975032095170604,12
959,2.7996648205700643,12
960,2.8001687928785493,12
961,2.800228394966214,12
962,2.8004916765754695,12
963,2.8014149076310777,12
964,2.802230910818652,12
965,2.802720919803791,12
966,2.802890068247921,12
967,2.8031927071923737,12
968,2.804039713853478,12
969,2.8041009844995024,12
970,2.804340350846817,12
971,2.8046935169860214,12
972,2.805754617574235,12
973,2.805904148633545,12
974,2.806047496025049,12
975,2.806388466619148,12
976,2.806859543420909,12
977,2.8069310876956988,12
978,2.80693536887659,12
979,2.80738522891991,12
980,2.8086008036342522,12
981,2.8086074645922854,12
982,2.8093419405394853,12
983,2.8093419405394853,12
984,2.809877863282317,12
985,2.809879618759983,12
986,2.8099069373782166,12
987,2.8101572156289607,12
988,2.8102495458929173,12
989,2.8103563651356276,12
990,2.8106246376533632,12
991,2.8107900945791746,12
992,2.8108810687119976,12
993,2.81159011302412,12
994,2.812760073746492,12
995,2.8136782317894524,12
996,2.8139515163468283,12
997,2.8141871919146286,12
998,2.8148467237862307,12
999,2.8153017824266025,12
1000,2.815987028994939,12
1001,2.816031940318961,12
1002,2.8165073209623253,12
1003,2.816915760172229,12
1004,2.817195008656996,12
1005,2.8174237159261843,12
1006,2.81763493293133,12
1007,2.8182659312004414,12
1008,2.8194175195811613,12
1009,2.820248794354169,12
1010,2.820248794354169,12
1011,2.820303478130445,12
1012,2.8218497318282143,12
1013,2.8236747041149615,12
1014,2.8240819946474485,12
1015,2.8253368063711273,12
1016,2.8253778906900626,12
1017,2.825414798475208,12
1018,2.8257138264139487,12
1019,2.8268094927876177,12
1020,2.826955464086599,12
1021,2.8274463028516004,12
1022,2.8276780134236827,12
1023,2.827763437280765,12
1024,2.8280613913249066,12
1025,2.8283260747140915,12
1026,2.829195452681338,12
1027,2.829301200752224,12
1028,2.8294869852987876,12
1029,2.8304933916476442,12
1030,2.831027122133937,12
1031,2.8310534529824296,12
1032,2.83140007100419,12
1033,2.83166379060424,12
1034,2.8321179146461235,12
1035,2.8322188573338027,12
1036,2.833955330723778,12
1037,2.834913036518061,12
1038,2.83500925816575,12
1039,2.8351454962020166,12
1040,2.835374548759009,12
1041,2.8353906034821574,12
1042,2.8356109721048948,12
1043,2.835909556251906,12
1044,2.8359392941717783,12
1045,2.8363359615877966,12
1046,2.8364773222159423,12
1047,2.836491581936572,12
1048,2.8369544699519587,12
1049,2.8374730723119432,12
1050,2.8377987681346704,12
1051,2.83791696136087,12
1052,2.839249100175019,12
1053,2.8396831231194657,12
1054,2.8397341808135543,12
1055,2.8399938814643058,12
1056,2.84030358347728,12
1057,2.8407032356087663,12
1058,2.840793312292823,12
1059,2.840854113609643,12
1060,2.841627847669923,12
1061,2.842733898430979,12
1062,2.8431692662976604,12
1063,2.843767337613727,12
1064,2.8439686315325825,12
1065,2.8445815144228055,12
1066,2.8447110279705026,12
1067,2.845345528062448,12
1068,2.845383544209863,12
1069,2.8454613904761596,12
1070,2.845767020958537,12
1071,2.845779411704391,12
1072,2.8459574916405557,12
1073,2.8459715289393093,12
1074,2.846276553054857,12
1075,2.846674503461649,12
1076,2.84673125133451,12
1077,2.846990172247992,12
1078,2.8472905681341505,12
1079,2.8477499586534725,12
1080,2.8479651805381754,12
1081,2.849124185611281,12
1082,2.8492843130208203,12
1083,2.8494516099796865,12
1084,2.850762774189749,12
1085,2.851575813038296,12
1086,2.85166022269267,12
1087,2.8528972329266,12
1088,2.8530471098495807,12
1089,2.8530665469660526,12
1090,2.8536127851694695,12
1091,2.854096994814691,12
1092,2.8551062290735585,12
1093,2.855605968706796,12
1094,2.8558099240222687,12
1095,2.856372667727816,12
1096,2.8569575081405256,12
1097,2.857475046432082,12
1098,2.857977456009307,12
1099,2.858240075372567,12
1100,2.8585423774883063,12
1101,2.859287063245106,12
1102,2.8602316410211026,12
1103,2.8602424943485576,12
1104,2.8603192478226647,12
1105,2.860682641677914,12
1106,2.861546910285091,12
1107,2.861970636939669,12
1108,2.861970636939669,12
1109,2.8623574293992005,12
1110,2.862992061218114,12
1111,2.86323598937993,12
1112,2.8633883157249658,12
1113,2.864134396333134,12
1114,2.8643047154667114,12
1115,2.8644505191409912,12
1116,2.865880357529099,12
1117,2.865948226553102,12
1118,2.8660954371246254,12
1119,2.8661173871159487,12
1120,2.8668868055292167,12
1121,2.867103321904381,12
1122,2.867165704702406,12
1123,2.867437458858106,12
1124,2.8676332388518087,12
1125,2.8684986681086975,12
1126,2.86938055446267,12
1127,2.869799610901779,12
1128,2.8705012672853294,12
1129,2.870549286356901,12
1130,2.870749961952771,12
1131,2.8713801835571267,12
1132,2.871500658896319,12
1133,2.8716587946122614,12
1134,2.8719570416893294,12
1135,2.872036504824293,12
1136,2.8724092611057244,12
1137,2.872496642408446,12
1138,2.873569544628523,12
1139,2.874515645240172,12
1140,2.874634659642555,12
1141,2.8748483282509807,12
1142,2.875335759256506,12
1143,2.876532406204993,12
1144,2.876833757458849,12
1145,2.876833757458849,12
1146,2.8769755738799994,12
1147,2.8771881555059013,12
1148,2.877426102570893,12
1149,2.8778927919620974,12
1150,2.8793455034290747,12
1151,2.8793593402552573,12
1152,2.8795724192282224,12
1153,2.8797121025810504,12
1154,2.8798383471635938,12
1155,2.880471977549469,12
1156,2.8806885021138418,12
1157,2.880765328952363,12
1158,2.880828274402714,12
1159,2.881149901246625,12
1160,2.881384217814621,12
1161,2.8815910945159935,12
1162,2.8817206809336655,12
1163,2.883159293882878,12
1164,2.883280592194541,12
1165,2.883890667428996,12
1166,2.88462329996416,12
1167,2.8846678902076412,12
1168,2.8860038539384876,12
1169,2.8869966844157493,12
1170,2.8879168523368337,12
1171,2.8881052529980464,12
1172,2.8881872193314426,12
1173,2.8888125873270263,12
1174,2.88886667853054,12
1175,2.889003570529419,12
1176,2.8890834389760385,12
1177,2.890770918186113,12
1178,2.891406412711625,12
1179,2.891655031297404,12
1180,2.892089111970059,12
1181,2.892443798191968,12
1182,2.8933794280117846,12
1183,2.8936721488534203,12
1184,2.8938300197126976,12
1185,2.8951291301662425,12
1186,2.895345272355116,12
1187,2.895926231113153,12
1188,2.8960836746666234,12
1189,2.896237406713854,12
1190,2.897462683597225,12
1191,2.8982334493988104,12
1192,2.8987139315581776,12
1193,2.8994132263818426,12
1194,2.8997136070048164,12
1195,2.9000684759269046,12
1196,2.9001285420946132,12
1197,2.9003021130440114,12
1198,2.9009155374695696,12
1199,2.901413882174481,12
1200,2.9015236848974553,12
1201,2.9017092503690587,12
1202,2.903259911476049,12
1203,2.9035021160691707,12
1204,2.9036316874615324,12
1205,2.9036606523416295,12
1206,2.9040582388536413,12
1207,2.9046236656307225,12
1208,2.9047995209865687,12
1209,2.904801953981813,12
1210,2.904827680623639,12
1211,2.904950285537175,12
1212,2.9054594900914346,12
1213,2.9054998345091865,12
1214,2.906086770671019,12
1215,2.906242785810093,12
1216,2.906519365034417,12
1217,2.908094310184559,12
1218,2.908094310184559,12
1219,2.9086246285755477,12
1220,2.9088833820993485,12
1221,2.9091303301543965,12
1222,2.9094933021658846,12
1223,2.909856802157383,12
1224,2.9102576160450213,12
1225,2.9110200557232186,12
1226,2.911602580538488,12
1227,2.9117067618863897,12
1228,2.912566907229848,12
1229,2.913317019562137,12
1230,2.9146465091319214,12
1231,2.914711974944073,12
1232,2.915188214953198,12
1233,2.9154918208079907,12
1234,2.9156895175682265,12
1235,2.9156895175682265,12
1236,2.9160874354725412,12
1237,2.916585264459391,12
1238,2.9168947125638427,12
1239,2.917356614574686,12
1240,2.918007966858309,12
1241,2.9184996283297178,12
1242,2.9188358414582734,12
1243,2.9192040820495166,12
1244,2.9195645481822083,12
1245,2.9198300743079084,12
1246,2.9198350400814257,12
1247,2.9200726924711415,12
1248,2.920303774593899,12
1249,2.920337075006447,12
1250,2.9207725033024476,12
1251,2.920890791803556,12
1252,2.921106128438898,12
1253,2.921605180327883,12
1254,2.922723878685905,12
1255,2.9227538424699984,12
1256,2.92286581876435,12
1257,2.9229782678466663,12
1258,2.922999713008462,12
1259,2.9232437636983306,12
1260,2.9233073626865074,12
1261,2.9240058454766067,12
1262,2.924391075467265,12
1263,2.924804656886103,12
1264,2.925050024203173,12
1265,2.925203213920781,12
1266,2.925451497709937,12
1267,2.925764789036656,12
1268,2.926894180396853,12
1269,2.9270175189062795,12
1270,2.9274421808652966,12
1271,2.9274609802376657,12
1272,2.9275179672873417,12
1273,2.9283504944695236,12
1274,2.9287948568483926,12
1275,2.9290050817370643,12
1276,2.9300106944118087,12
1277,2.9303959188714495,12
1278,2.9311299537948363,12
1279,2.931224888521773,12
1280,2.9317783454182584,12
1281,2.9318118922398195,12
1282,2.933384567400601,12
1283,2.9346896249032803,12
1284,2.9348405362569325,12
1285,2.934897181344482,12
1286,2.9356787618419222,12
1287,2.9358429175732446,12
1288,2.936593539300963,12
1289,2.9371426778041347,12
1290,2.9377532691159582,12
1291,2.9378774435933255,12
1292,2.938131783826722,12
1293,2.938390334755363,12
1294,2.9385101785139485,12
1295,2.9391061095801527,12
1296,2.93916138383965,12
1297,2.9393953834006,12
1298,2.939579757952828,12
1299,2.9397351764587527,12
1300,2.9402538716383324,12
1301,2.9404645314272324,12
1302,2.9405847219831167,12
1303,2.9421591712329187,12
1304,2.9422312609254075,12
1305,2.9430977967319105,12
1306,2.9437253813370616,12
1307,2.943749754720524,12
1308,2.9445292950688877,12
1309,2.9452990673580715,12
1310,2.9454151437277614,12
1311,2.9460557622473065,12
1312,2.9461930161822836,12
1313,2.9467518038712277,12
1314,2.947850920904184,12
1315,2.9478766220872012,12
1316,2.9479817374199384,12
1317,2.948505865244999,12
1318,2.9490588033438176,12
1319,2.9493358668709826,12
1320,2.9493653419298274,12
1321,2.9495498564163904,12
1322,2.949868699680489,12
1323,2.9501601374746986,12
1324,2.9502267524061585,12
1325,2.95087903485981,12
1326,2.951200360261713,12
1327,2.951428412623244,12
1328,2.952339406689315,12
1329,2.952895910402185,12
1330,2.952912018081352,12
1331,2.9530420473383545,12
1332,2.9547879728185302,12
1333,2.9548087016752564,12
1334,2.954997367735094,12
1335,2.9553841777213528,12
1336,2.9558606378151895,12
1337,2.9560380282802012,12
1338,2.9565077395948753,12
1339,2.956776953921131,12
1340,2.9584147717180658,12
1341,2.958475700560287,12
1342,2.9585597674291044,12
1343,2.95904656611713,12
1344,2.9592218202659635,12
1345,2.9592846444340912,12
1346,2.9595401381630917,12
1347,2.9596235127797064,12
1348,2.960046367830116,12
1349,2.9605330160926164,12
1350,2.9606257595821703,12
1351,2.9609262414078414,12
1352,2.960982045098529,12
1353,2.9611871546361916,12
1354,2.962025598857603,12
1355,2.9621765921643335,12
1356,2.9623362134119353,12
1357,2.963116155913662,12
1358,2.9632947789094395,12
1359,2.9639584364469895,12
1360,2.9639999892163758,12
1361,2.9640019498573484,12
1362,2.9646026697188157,12
1363,2.966010991538461,12
1364,2.966684378127656,12
1365,2.9678371749468178,12
1366,2.9683997730463862,12
1367,2.9685971036760352,12
1368,2.968847525896873,12
1369,2.968968202971983,12
1370,2.9695435369680103,12
1371,2.97037070195928,12
1372,2.9708059352263754,12
1373,2.970833930131412,12
1374,2.9712873033341323,12
1375,2.9713479016520847,12
1376,2.971802297516509,12
1377,2.972258733671762,12
1378,2.972309768457262,12
1379,2.972406444843646,12
1380,2.9726366856159383,12
1381,2.9733733827565834,12
1382,2.9734988887051648,12
1383,2.9737167902442194,12
1384,2.9746736878986844,12
1385,2.9749977227020237,12
1386,2.9752822137565844,12
1387,2.9761496162408934,12
1388,2.977016270703514,12
1389,2.9772407372909964,12
1390,2.977452301947231,12
1391,2.977836166509229,12
1392,2.9784677772684356,12
1393,2.9789456946008315,12
1394,2.979404649556345,12
1395,2.980148563245203,12
1396,2.9802145615183693,12
1397,2.9802336342855154,12
1398,2.980632622877478,12
1399,2.9808237651745335,12
1400,2.9808264802865523,12
1401,2.981038823770621,12
1402,2.981231367375075,12
1403,2.9821335147648362,12
1404,2.982384774796222,12
1405,2.9829259862534285,12
1406,2.983320579033405,12
1407,2.98396576974106,12
1408,2.9839682572094843,12
1409,2.984044295649335,12
1410,2.9840476930301727,12
1411,2.9841153336062076,12
1412,2.9847107230080954,12
1413,2.985583767743816,12
1414,2.986071355070551,12
1415,2.9861898827521665,12
1416,2.986762285748098,12
1417,2.9870728037460004,12
1418,2.987156906685027,12
1419,2.987387977377935,12
1420,2.9874409196938534,12
1421,2.987522375625883,12
1422,2.987577311943599,12
1423,2.9877459363851844,12
1424,2.9879219765115703,12
1425,2.988588257464405,12
1426,2.9887487116527955,12
1427,2.9896767974255773,12
1428,2.98979601038501,12
1429,2.9900384382959286,12
1430,2.990199191408341,12
1431,2.9905980426329495,12
1432,2.9905980426329495,12
1433,2.991066367123452,12
1434,2.9914006030242475,12
1435,2.991784596901222,12
1436,2.9922719421541917,12
1437,2.9928422114023574,12
1438,2.9928892989927394,12
1439,2.9932961763141646,12
1440,2.9945124090059236,12
1441,2.9948142134194775,12
1442,2.994853286150979,12
1443,2.9949189921994863,12
1444,2.995301388606195,12
1445,2.9954545060650064,12
1446,2.9957130563757657,12
1447,2.9958101589514596,12
1448,2.996927333213111,12
1449,2.997571534416304,12
1450,2.9986330343769643,12
1451,2.9986330343769643,12
1452,2.9990217385734406,12
1453,2.9990328551409653,12
1454,2.9993959641189565,12
1455,2.999432983250396,12
1456,3.0010718085646997,12
1457,3.0019906480217133,12
1458,3.002622564227456,12
1459,3.0035532081737157,12
1460,3.003948037099442,12
1461,3.0040803984525586,12
1462,3.004509308932079,12
1463,3.005404070101528,12
1464,3.0057599054867743,12
1465,3.0063315774858856,12
1466,3.006867185849704,12
1467,3.006998548964085,12
1468,3.0070404710834926,12
1469,3.0070404710834926,12
1470,3.0074061620399384,12
1471,3.0085334845312826,12
1472,3.0096144312162387,12
1473,3.0101062621991614,12
1474,3.011161696825907,12
1475,3.0118053134963025,12
1476,3.0125960527466633,12
1477,3.0126435750762988,12
1478,3.013061226088735,12
1479,3.01355956997815,12
1480,3.0135667903753376,12
1481,3.013736065046437,12
1482,3.0137621497117255,12
1483,3.0138046776817964,12
1484,3.014643155004521,12
1485,3.0148942885933563,12
1486,3.0153954496561535,12
1487,3.0159432739910694,12
1488,3.0168032393039637,12
1489,3.016979984164669,12
1490,3.017006762364951,12
1491,3.017024928320816,12
1492,3.017629687172712,12
1493,3.017699032641146,12
1494,3.0177881612605764,12
1495,3.018044921107025,12
1496,3.018080364146719,12
1497,3.018274750171321,12
1498,3.01856397325292,12
1499,3.019121331219279,12
1500,3.0191453154070453,12
1501,3.0193311600094455,12
1502,3.0196041668372553,12
1503,3.019674760287576,12
1504,3.0201139892003783,12
1505,3.022045812956062,12
1506,3.022202764303154,12
1507,3.0222045963741637,12
1508,3.0223483258116235,12
1509,3.02278292458703,12
1510,3.02308072214429,12
1511,3.023329526506619,12
1512,3.023432134427236,12
1513,3.023682699320917,12
1514,3.024349089743868,12
1515,3.0249858668569227,12
1516,3.025168838428048,12
1517,3.026254393569808,12
1518,3.0266489751162395,12
1519,3.02668832687197,12
1520,3.0267391528644225,12
1521,3.027292545171201,12
1522,3.0275948695639747,12
1523,3.027877025131519,12
1524,3.027892079206553,12
1525,3.027942649585686,12
1526,3.0282897764037204,12
1527,3.028317844105403,12
1528,3.0285785639457203,12
1529,3.02864775832471,12
1530,3.0286999201940947,12
1531,3.028941531683687,12
1532,3.0295098705684067,12
1533,3.0317997962065797,12
1534,3.0318210942127974,12
1535,3.0318933217335666,12
1536,3.0320814487078085,12
1537,3.0326554393879004,12
1538,3.0326628301173546,12
1539,3.0327140231272125,12
1540,3.0333284100533118,12
1541,3.033356996197611,12
1542,3.033358146977693,12
1543,3.0336057044949247,12
1544,3.0344096548292394,12
1545,3.0344564965050873,12
1546,3.0345178091529506,12
1547,3.0356649332469985,12
1548,3.0356793623944953,12
1549,3.036143179428367,12
1550,3.0367897960761754,12
1551,3.03767127795494,12
1552,3.038469110921952,12
1553,3.038636832080869,12
1554,3.0386779741682837,12
1555,3.039158360439716,12
1556,3.039814976097645,12
1557,3.0398813850612485,12
1558,3.040536705066192,12
1559,3.040547601397988,12
1560,3.040830264488323,12
1561,3.041614005005009,12
1562,3.0418517144718966,12
1563,3.0419538658702843,12
1564,3.042362314720315,12
1565,3.042530703847313,12
1566,3.042647891803268,12
1567,3.0426705985627014,12
1568,3.043277915578318,12
1569,3.0432938112845833,12
1570,3.0436013329844553,12
1571,3.0438739595084066,12
1572,3.04464564617098,12
1573,3.0453631470043954,12
1574,3.045401538389003,12
1575,3.045401538389003,12
1576,3.046257479393764,12
1577,3.0466553861362122,12
1578,3.0468857106548444,12
1579,3.047174522804919,12
1580,3.0472273752740135,12
1581,3.04786718554662,12
1582,3.048120502674065,12
1583,3.0482932724988516,12
1584,3.0483260350363404,12
1585,3.048969317247644,12
1586,3.049019783234861,12
1587,3.0497047699679567,12
1588,3.0505789836735606,12
1589,3.0506056533863757,12
1590,3.0508449509065536,12
1591,3.050857733621257,12
1592,3.051386983800774,12
1593,3.0514582552156124,12
1594,3.0524545181516407,12
1595,3.0526405718869225,12
1596,3.052863629705999,12
1597,3.053211528401423,12
1598,3.054005181800771,12
1599,3.05403253695769,12
1600,3.0543202343886087,12
1601,3.0545707474325736,12
1602,3.054801987435288,12
1603,3.0563188351826773,12
1604,3.0564218848539184,12
1605,3.0565024527213285,12
1606,3.056596817288152,12
1607,3.057103849514996,12
1608,3.0573502148493437,12
1609,3.0577221164736668,12
1610,3.0584834890301353,12
1611,3.0596136667306997,12
1612,3.0596495465073157,12
1613,3.0598955734897957,12
1614,3.0599037252087387,12
1615,3.0607482696086326,12
1616,3.0616013887483593,12
1617,3.061894075856155,12
1618,3.0619032120065177,12
1619,3.062032290933737,12
1620,3.0633390122520407,12
1621,3.0643839622453117,12
1622,3.064450482709071,12
1623,3.0648395330648186,12
1624,3.0648968494886977,12
1625,3.065135170433472,12
1626,3.0653157794191785,12
1627,3.0662248677035087,12
1628,3.066437893913091,12
1629,3.066437893913091,12
1630,3.0665861823830185,12
1631,3.066978418016328,12
1632,3.067112259315582,12
1633,3.0678597477953726,12
1634,3.0679389542293363,12
1635,3.068211016104204,12
1636,3.068987032936738,12
1637,3.0694025470905895,12
1638,3.0696163794715434,12
1639,3.069783519566649,12
1640,3.0701085954240432,12
1641,3.0711228859277555,12
1642,3.0711721573811888,12
1643,3.0714465834021794,12
1644,3.0726368985401726,12
1645,3.072890436461918,12
1646,3.0732852349860202,12
1647,3.0736769991068296,12
1648,3.074148839594275,12
1649,3.074271720487561,12
1650,3.0742803671134467,12
1651,3.074390763202546,12
1652,3.074923203219122,12
1653,3.0749942930836816,12
1654,3.076053377270144,12
1655,3.0763101390372984,12
1656,3.076346177837445,12
1657,3.0765822732825447,12
1658,3.0774658737183747,12
1659,3.077700975752108,12
1660,3.077929968571344,12
1661,3.078490751842948,12
1662,3.0797631566299675,12
1663,3.079906192629182,12
1664,3.0814924479358603,12
1665,3.0818584025292735,12
1666,3.0820896971475324,12
1667,3.0826818372873053,12
1668,3.0831220846926493,12
1669,3.0834163876097804,12
1670,3.084220225988233,12
1671,3.0842346418510105,12
1672,3.084665088776211,12
1673,3.0848876647576287,12
1674,3.087223299172341,12
1675,3.0872442540314613,12
1676,3.0883687362026815,12
1677,3.0886695584964214,12
1678,3.0889399083885993,12
1679,3.089118345468898,12
1680,3.0896258520115034,12
1681,3.08985477197984,12
1682,3.0900430896355604,12
1683,3.090138731292426,12
1684,3.090446189275508,12
1685,3.0905600174925603,12
1686,3.0906524868688106,12
1687,3.092167276596631,12
1688,3.0922269421214925,12
1689,3.0932652650886423,12
1690,3.0932652650886423,12
1691,3.094108961349684,12
1692,3.09422215138765,12
1693,3.0958860337191996,12
1694,3.0958920573546593,12
1695,3.0961347383679345,12
1696,3.096240136981422,12
1697,3.0967148584939097,12
1698,3.096732364547585,12
1699,3.0967366146770305,12
1700,3.097059517578655,12
1701,3.0975459818356725,12
1702,3.097580002544998,12
1703,3.0977669348670016,12
1704,3.0981361574149893,12
1705,3.0984077733671174,12
1706,3.0984077733671174,12
1707,3.099171327580078,12
1708,3.099887282421343,12
1709,3.1001203098198395,12
1710,3.1004808078259125,12
1711,3.101925846001465,12
1712,3.101965106591273,12
1713,3.1027359572577917,12
1714,3.1028907139907385,12
1715,3.1029903339115994,12
1716,3.1033581199461966,12
1717,3.1038138609561985,12
1718,3.104699205310963,12
1719,3.105351003837237,12
1720,3.1056837878435313,12
1721,3.106036978269842,12
1722,3.106321047714376,12
1723,3.1065608563459493,12
1724,3.107101085733152,12
1725,3.1071989819287826,12
1726,3.1075742546170653,12
1727,3.1076761223535003,12
1728,3.1077514482008164,12
1729,3.1077601264105392,12
1730,3.108078225157844,12
1731,3.108113895061189,12
1732,3.1086152389633543,12
1733,3.1092042925450367,12
1734,3.1097088862861737,12
1735,3.110667843862536,12
1736,3.111664208452787,12
1737,3.1120691268131355,12
1738,3.1128236984238944,12
1739,3.112936809595882,12
1740,3.113345331079269,12
1741,3.114340309895942,12
1742,3.1151492688075275,12
1743,3.1152179071829145,12
1744,3.116105865469399,12
1745,3.1162434523378955,12
1746,3.1163519932462496,12
1747,3.1165032998955935,12
1748,3.116627124820658,12
1749,3.1171898869718944,12
1750,3.117251429015759,12
1751,3.117262850920792,12
1752,3.1182907168435627,12
1753,3.1185236570475356,12
1754,3.118630276365298,12
1755,3.1197538037890062,12
1756,3.1201582451400585,12
1757,3.120596168484083,12
1758,3.1206206635876423,12
1759,3.1209896276469884,12
1760,3.1211040225101336,12
1761,3.1215820982714493,12
1762,3.1221224538117895,12
1763,3.1222920615321086,12
1764,3.122330064465738,12
1765,3.122598862713452,12
1766,3.1232758006847923,12
1767,3.123297934405462,12
1768,3.1241867203669393,12
1769,3.1242013845160033,12
1770,3.124326252374243,12
1771,3.1247763326961935,12
1772,3.124837877763291,12
1773,3.1250199638479095,12
1774,3.1251151369818673,12
1775,3.125833662888017,12
1776,3.126148927895867,12
1777,3.126345372089837,12
1778,3.1271280488513806,12
1779,3.1276237287803523,12
1780,3.127711727443845,12
1781,3.1280078152252573,12
1782,3.128337961308297,12
1783,3.1283978774801526,12
1784,3.1284133040099182,12
1785,3.13107371009804,12
1786,3.1320572800086253,12
1787,3.132082740373455,12
1788,3.132610623566465,12
1789,3.1328883720752256,12
1790,3.132948773943629,12
1791,3.133081531929519,12
1792,3.133103033978421,12
1793,3.1333296376124706,12
1794,3.1337584960515725,12
1795,3.1346297349206917,12
1796,3.1347244141614348,12
1797,3.1356410579712497,12
1798,3.136325915941733,12
1799,3.136325915941733,12
1800,3.1376025265809324,12
1801,3.1382108303447542,12
1802,3.138299288684941,12
1803,3.138399956337827,12
1804,3.1388844433646366,12
1805,3.139531197433988,12
1806,3.1395459440673257,12
1807,3.1396304900354792,12
1808,3.1397558019059737,12
1809,3.1402057562963313,12
1810,3.1402573353885495,12
1811,3.140392809366593,12
1812,3.1408216464206755,12
1813,3.141092530167266,12
1814,3.1412239678842298,12
1815,3.141510370076087,12
1816,3.1426784216286188,12
1817,3.143341107549791,12
1818,3.143808135014537,12
1819,3.1443511123975174,12
1820,3.1445014267406095,12
1821,3.1453236721084052,12
1822,3.145467109834646,12
1823,3.146153007616545,12
1824,3.146243135863081,12
1825,3.1463302301367415,12
1826,3.1466246179392448,12
1827,3.1468521041967317,12
1828,3.1482103997804116,12
1829,3.149210590965994,12
1830,3.1495962534705635,12
1831,3.1500360472630713,12
1832,3.1500636985063335,12
1833,3.1501327930193606,12
1834,3.150185269446519,12
1835,3.1502244728035156,12
1836,3.150320575153415,12
1837,3.150722810824272,12
1838,3.1520131191196223,12
1839,3.1521743075660975,12
1840,3.1523752207259332,12
1841,3.1524042311987435,12
1842,3.153803085849805,12
1843,3.153978207778407,12
1844,3.15409108056769,12
1845,3.154378112689408,12
1846,3.1551537934541454,12
1847,3.1555399459919324,12
1848,3.1555746697525815,12
1849,3.15592814254224,12
1850,3.1561154144249985,12
1851,3.157228133524236,12
1852,3.157471283321548,12
1853,3.157556347695423,12
1854,3.1577350147860517,12
1855,3.1579751068713344,12
1856,3.1582944623524254,12
1857,3.160855563558838,12
1858,3.160892942256359,12
1859,3.160898768425932,12
1860,3.161013692355816,12
1861,3.1613112063561575,12
1862,3.161466493150543,12
1863,3.161652033636687,12
1864,3.1619539026119754,12
1865,3.162016652462912,12
1866,3.162057236942036,12
1867,3.162132130049642,12
1868,3.162253130010087,12
1869,3.163511797838344,12
1870,3.1636234193293675,12
1871,3.164490933307742,12
1872,3.164548110793847,12
1873,3.1649583454169505,12
1874,3.1652075858603563,12
1875,3.1653043046345295,12
1876,3.1653043046345295,12
1877,3.165343888393906,12
1878,3.165887485978439,12
1879,3.1665668914973035,12
1880,3.1670312421662308,12
1881,3.1670312421662308,12
1882,3.167149109658565,12
1883,3.16816603739035,12
1884,3.1686012441878204,12
1885,3.1692445532552886,12
1886,3.1694249474843814,12
1887,3.170208852549812,12
1888,3.1712367465080686,12
1889,3.171668044582455,12
1890,3.1723360065072628,12
1891,3.1724600213125003,12
1892,3.1731479631717345,12
1893,3.174747421147496,12
1894,3.174911378758492,12
1895,3.1750545507612182,12
1896,3.175755235059321,12
1897,3.1759767593215655,12
1898,3.176080431639815,12
1899,3.1764168163298105,12
1900,3.1765762586697295,12
1901,3.1768081046660432,12
1902,3.1773158920927536,12
1903,3.1781482410370576,12
1904,3.178338398984834,12
1905,3.1784403925379547,12
1906,3.1786507714384973,12
1907,3.178972868132091,12
1908,3.1790163594614707,12
1909,3.180135287122248,12
1910,3.1807143608614696,12
1911,3.1816110784898113,12
1912,3.18185445746065,12
1913,3.181922801077246,12
1914,3.1823615381594106,12
1915,3.182517599236254,12
1916,3.1831343142374715,12
1917,3.1853154050319348,12
1918,3.186165793863027,12
1919,3.186780908888208,12
1920,3.187301949364551,12
1921,3.1879440601815126,12
1922,3.1880291255768327,12
1923,3.1881766684016246,12
1924,3.188492465289747,12
1925,3.1888540210818,12
1926,3.190209778692947,12
1927,3.1903859810649604,12
1928,3.1904872975401815,12
1929,3.1905593091970093,12
1930,3.1905959260135153,12
1931,3.1907905593761465,12
1932,3.1909059104251156,12
1933,3.191140699299351,12
1934,3.1911718301074514,12
1935,3.1912987927350067,12
1936,3.1920869269092735,12
1937,3.192181740857716,12
1938,3.1923504149815924,12
1939,3.1932465852620067,12
1940,3.1932595303983864,12
1941,3.193626763884933,12
1942,3.1940877141342687,12
1943,3.1940877141342687,12
1944,3.1945655605153958,12
1945,3.195296845462801,12
1946,3.195733648087335,12
1947,3.1964648975930694,12
1948,3.197408741031382,12
1949,3.197408741031382,12
1950,3.1975801539436337,12
1951,3.197729013496068,12
1952,3.199000196073495,12
1953,3.1994789891787234,12
1954,3.199607960242096,12
1955,3.1996953936472785,12
1956,3.20000778641021,12
1957,3.200055649384617,12
1958,3.2001246600133535,12
1959,3.2003587541286205,12
1960,3.2005542437009136,12
1961,3.201432783224213,12
1962,3.201637033023225,12
1963,3.201838940247078,12
1964,3.201966157770332,12
1965,3.202047396432807,12
1966,3.202090869858607,12
1967,3.20345974733858,12
1968,3.2034656284121095,12
1969,3.20391308193705,12
1970,3.2042609475049026,12
1971,3.204805565182377,12
1972,3.204913599970178,12
1973,3.2067345775618996,12
1974,3.207272167985193,12
1975,3.2072743453949517,12
1976,3.207306958965797,12
1977,3.2076183577911106,12
1978,3.2083858450594738,12
1979,3.2087205616316434,12
1980,3.2092199940986443,12
1981,3.209797467148148,12
1982,3.209837785152289,12
1983,3.210149714380029,12
1984,3.2110642819685693,12
1985,3.2112672898988315,12
1986,3.2115608365047756,12
1987,3.21157819949649,12
1988,3.2118914591662016,12
1989,3.2122411641011874,12
1990,3.2128435511309923,12
1991,3.2131710838428047,12
1992,3.2141931540413125,12
1993,3.214417947663436,12
1994,3.2148085176353285,12
1995,3.21506842545412,12
1996,3.2151057005887433,12
1997,3.2152774780657896,12
1998,3.215422829123745,12
1999,3.2157624910769114,12
2000,3.215778378112836,12
2001,3.2161482450966914,12
2002,3.21641155958874,12
2003,3.217323276031884,12
2004,3.2173501146316674,12
2005,3.217538843250683,12
2006,3.219069139674497,12
2007,3.219229838050887,12
2008,3.2196556770317737,12
2009,3.2201119030103187,12
2010,3.220239527106795,12
2011,3.2205732697309157,12
2012,3.2206440791654067,12
2013,3.222409248064071,12
2014,3.222668631849695,12
2015,3.2242911150753,12
2016,3.2245540773332957,12
2017,3.2250948775117645,12
2018,3.2252851691313853,12
2019,3.2260498239377724,12
2020,3.2293762679046103,12
2021,3.2301701909201763,12
2022,3.2305323126782195,12
2023,3.2311923419167967,12
2024,3.2314340528584142,12
2025,3.2314340528584142,12
2026,3.2316473617597032,12
2027,3.232158383255157,12
2028,3.232281482994894,12
2029,3.2329843132970884,12
2030,3.2334157789637805,12
2031,3.2343689362859385,12
2032,3.234944587688006,12
2033,3.2352626398346755,12
2034,3.2355159135706204,12
2035,3.235912658152443,12
2036,3.236255578724399,12
2037,3.237130330144716,12
2038,3.237191243987218,12
2039,3.2371985999014425,12
2040,3.237511565489229,12
2041,3.2383431144984933,12
2042,3.2391696048377145,12
2043,3.240290618772659,12
2044,3.2405103681489953,12
2045,3.240925981453813,12
2046,3.2416050987271734,12
2047,3.2426365938765374,12
2048,3.2427535625231476,12
2049,3.24424117345462,12
2050,3.2445878985556655,12
2051,3.2448477794110153,12
2052,3.2467412622544343,12
2053,3.246797112175184,12
2054,3.2474484052664163,12
2055,3.2474940125556637,12
2056,3.24786213745774,12
2057,3.24845179797922,12
2058,3.2496184682620965,12
2059,3.2503024969265306,12
2060,3.2505507152901654,12
2061,3.2508499045778985,12
2062,3.2509523635216064,12
2063,3.251230241227009,12
2064,3.2523574628760707,12
2065,3.252496460248733,12
2066,3.252593573493357,12
2067,3.2529783270052306,12
2068,3.253455168876735,12
2069,3.2538750063774105,12
2070,3.2542199756851313,12
2071,3.2544322897580655,12
2072,3.254579843855758,12
2073,3.254646131614152,12
2074,3.2550583254395535,12
2075,3.2551570477664504,12
2076,3.2574562104561386,12
2077,3.2579630231773207,12
2078,3.2592537810037827,12
2079,3.259347587357814,12
2080,3.259390854124421,12
2081,3.2596423668693086,12
2082,3.2597512919761837,12
2083,3.261857478248547,12
2084,3.2629191796811288,12
2085,3.2637867363146844,12
2086,3.2641565797081613,12
2087,3.264318619546833,12
2088,3.26484432425066,12
2089,3.2654167718779905,12
2090,3.2658509887202607,12
2091,3.266207432986852,12
2092,3.268702774199155,12
2093,3.27162212959984,12
2094,3.2719255940935414,12
2095,3.2724792069253725,12
2096,3.273406661957661,12
2097,3.2739480455265513,12
2098,3.2743809770985473,12
2099,3.2756844793861903,12
2100,3.276463640311364,12
2101,3.2764811080832517,12
2102,3.2769212691373983,12
2103,3.277307485822401,12
2104,3.2776041228832016,12
2105,3.2785893443371403,12
2106,3.2787459547707134,12
2107,3.2789358531082757,12
2108,3.2793538146731134,12
2109,3.279595649672931,12
2110,3.2816532714277837,12
2111,3.2821258973842067,12
2112,3.28218853052174,12
2113,3.282403379426373,12
2114,3.2825690993786445,12
2115,3.282807431488044,12
2116,3.2834249831760025,12
2117,3.2847253040517743,12
2118,3.285090877937226,12
2119,3.28556291026238,12
2120,3.2856720984288206,12
2121,3.2861029713585834,12
2122,3.2865236533506303,12
2123,3.287027104782956,12
2124,3.2873716037513883,12
2125,3.2876541081366875,12
2126,3.2881242851522705,12
2127,3.2881242851522705,12
2128,3.288302344077902,12
2129,3.2892006777581497,12
2130,3.290214306257213,12
2131,3.290572530829247,12
2132,3.2908089469410267,12
2133,3.291167920685387,12
2134,3.291663801526958,12
2135,3.2927640838667935,12
2136,3.293380336423424,12
2137,3.293405629079528,12
2138,3.294881920269242,12
2139,3.2958734554904607,12
2140,3.2981582386469896,12
2141,3.2992289143582623,12
2142,3.299431028555852,12
2143,3.2996018018260895,12
2144,3.2997092623230317,12
2145,3.299794315482572,12
2146,3.3002942793948873,12
2147,3.3004108195163155,12
2148,3.3030286959219533,12
2149,3.3038110989924188,12
2150,3.3041952227501215,12
2151,3.304352636382595,12
2152,3.304365704063477,12
2153,3.3053496507335125,12
2154,3.305628150238783,12
2155,3.3061434558653486,12
2156,3.306244619124768,12
2157,3.309279923134346,12
2158,3.3098313191171296,12
2159,3.3102846754470243,12
2160,3.3108887177641484,12
2161,3.3113256853941895,12
2162,3.3114444930262645,12
2163,3.3121805871411176,12
2164,3.3129787536461026,12
2165,3.313405094908473,12
2166,3.313800316382752,12
2167,3.3153476638704444,12
2168,3.3157951186360366,12
2169,3.3158790709988772,12
2170,3.3162430172152386,12
2171,3.316395109205887,12
2172,3.3171062125753377,12
2173,3.317384376637116,12
2174,3.31752881758178,12
2175,3.319047322392543,12
2176,3.319078739916983,12
2177,3.3196439152607753,12
2178,3.319806286165619,12
2179,3.320185140064297,12
2180,3.320323846331876,12
2181,3.320671389583395,12
2182,3.321678089819201,12
2183,3.3218041589306666,12
2184,3.3221020984349834,12
2185,3.3223810329981736,12
2186,3.3230265643582837,12
2187,3.323522213559985,12
2188,3.3236588205854267,12
2189,3.3248452676969475,12
2190,3.3261488830494352,12
2191,3.3262496739330727,12
2192,3.327634912109495,12
2193,3.327740018773558,12
2194,3.328348699168417,12
2195,3.3286633013783784,12
2196,3.328846572316085,12
2197,3.3290987261597245,12
2198,3.3291791630011445,12
2199,3.3297406821754962,12
2200,3.3299595487301543,12
2201,3.3309849596630503,12
2202,3.3319028936383095,12
2203,3.33201629698492,12
2204,3.3342037976720924,12
2205,3.334799016116078,12
2206,3.3360762543060614,12
2207,3.336777163009788,12
2208,3.3369996230864882,12
2209,3.3372720152385265,12
2210,3.3381810426653598,12
2211,3.338484269029666,12
2212,3.339145535061436,12
2213,3.339153379938765,12
2214,3.3399394037548253,12
2215,3.3402879317951437,12
2216,3.340936334068558,12
2217,3.3425427653243918,12
2218,3.343315968625812,12
2219,3.343342550544615,12
2220,3.3433829309031604,12
2221,3.3445663594867963,12
2222,3.345202168228481,12
2223,3.345282617043133,12
2224,3.345385056003514,12
2225,3.345955803843665,12
2226,3.3475533596956204,12
2227,3.348309191417908,12
2228,3.34876971663055,12
2229,3.3492972302669517,12
2230,3.3503297040088773,12
2231,3.3507511809725607,12
2232,3.351166439876302,12
2233,3.3515065558997166,12
2234,3.351637848269469,12
2235,3.3521274936807437,12
2236,3.352807730711981,12
2237,3.3536822477656534,12
2238,3.353689984204279,12
2239,3.3542825977190645,12
2240,3.3543107297450474,12
2241,3.3564892184802244,12
2242,3.357075539408235,12
2243,3.358236112373672,12
2244,3.358690166739259,12
2245,3.3589484749504557,12
2246,3.3594910145859855,12
2247,3.3597642538366648,12
2248,3.3598872135576876,12
2249,3.3604345619882,12
2250,3.3605614770910672,12
2251,3.3608143123305783,12
2252,3.361151080536659,12
2253,3.361156657666946,12
2254,3.3613513671759314,12
2255,3.3624498531646814,12
2256,3.3628093311386698,12
2257,3.3631630974870936,12
2258,3.364254536112957,12
2259,3.3648991478488135,12
2260,3.3651256418248994,12
2261,3.365182676185741,12
2262,3.365311064687174,12
2263,3.3663484542036635,12
2264,3.36721944199631,12
2265,3.3676492539361473,12
2266,3.3677373646941042,12
2267,3.36796483476288,12
2268,3.3689863531723283,12
2269,3.369393939799409,12
2270,3.370134640589238,12
2271,3.3704825658887136,12
2272,3.3721304727942347,12
2273,3.3737410667419105,12
2274,3.374030963385401,12
2275,3.3740411458434107,12
2276,3.374062685213177,12
2277,3.374105798889905,12
2278,3.37490626362887,12
2279,3.376192280257565,12
2280,3.376226337896046,12
2281,3.3763659059775537,12
2282,3.3775336988153835,12
2283,3.3775576131733995,12
2284,3.37808017096291,12
2285,3.3789891285972766,12
2286,3.379816595010602,12
2287,3.3810943543498873,12
2288,3.3816336815412877,12
2289,3.3818291145590393,12
2290,3.381843873212277,12
2291,3.3821234183191407,12
2292,3.3831901759445393,12
2293,3.383463171592233,12
2294,3.3838745443071803,12
2295,3.384811464436168,12
2296,3.384824081899076,12
2297,3.3850554646926,12
2298,3.3851576365128793,12
2299,3.3852120618025356,12
2300,3.3863691163273293,12
2301,3.3871885158958137,12
2302,3.3873874638159993,12
2303,3.3873874638159993,12
2304,3.3885075730553584,12
2305,3.389168344246514,12
2306,3.3895491090027705,12
2307,3.3898283385241434,12
2308,3.390332589112123,12
2309,3.3910066620894104,12
2310,3.3914854026962358,12
2311,3.3915882894987406,12
2312,3.3916053276599185,12
2313,3.392371902783831,12
2314,3.3941674685746555,12
2315,3.394534508914869,12
2316,3.3948575792427325,12
2317,3.395390942012666,12
2318,3.395571470900181,12
2319,3.3964380591621124,12
2320,3.39670102571655,12
2321,3.3969203762895663,12
2322,3.3969280215887587,12
2323,3.3978626931929603,12
2324,3.3980966451756265,12
2325,3.3981084050433252,12
2326,3.398681086088185,12
2327,3.3989473661627416,12
2328,3.398960544070152,12
2329,3.4014161517888266,12
2330,3.403468330279747,12
2331,3.404927382758256,12
2332,3.405422263535031,12
2333,3.405781613344794,12
2334,3.4071667304242865,12
2335,3.407244826068568,12
2336,3.4074619315847334,12
2337,3.4074864113633225,12
2338,3.4078275659323207,12
2339,3.4081581682871303,12
2340,3.4087284583504607,12
2341,3.4090444197319245,12
2342,3.411246844073803,12
2343,3.4112777637730267,12
2344,3.4115701695328546,12
2345,3.412090520988273,12
2346,3.4127685932232046,12
2347,3.412844012752897,12
2348,3.4145699299273877,12
2349,3.415425582691849,12
2350,3.4161623277736535,12
2351,3.4167430345382246,12
2352,3.4174964534757697,12
2353,3.4180887652820804,12
2354,3.4183042085554747,12
2355,3.4197922465319266,12
2356,3.4204137828254986,12
2357,3.4219645820355127,12
2358,3.422715740287165,12
2359,3.425279566133988,12
2360,3.4252894755417693,12
2361,3.4257004068955443,12
2362,3.4265093537131293,12
2363,3.426660698759339,12
2364,3.426660698759339,12
2365,3.4271137509090233,12
2366,3.427459793529066,12
2367,3.4278851020989087,12
2368,3.4283129738329716,12
2369,3.428460340692757,12
2370,3.4293634564400874,12
2371,3.429846736964018,12
2372,3.4304855582944045,12
2373,3.431435219955359,12
2374,3.431833777233299,12
2375,3.43202599980824,12
2376,3.4320262599802445,12
2377,3.4320776454329645,12
2378,3.4322480789032443,12
2379,3.4335633928909868,12
2380,3.4340559346120507,12
2381,3.4346898952202554,12
2382,3.434884569914127,12
2383,3.435402735587635,12
2384,3.435810195021686,12
2385,3.4368109923802077,12
2386,3.436988918321337,12
2387,3.437696618329177,12
2388,3.4380560230938224,12
2389,3.4388961419001087,12
2390,3.4395554250875855,12
2391,3.4400038391707617,12
2392,3.4409790909150395,12
2393,3.441588842558003,12
2394,3.4423066885083964,12
2395,3.442572622629991,12
2396,3.442943818124579,12
2397,3.442969007379954,12
2398,3.4432198282156317,12
2399,3.4441568129117726,12
2400,3.4452799838224424,12
2401,3.4454358830223284,12
2402,3.4465973203488103,12
2403,3.4466826903641916,12
2404,3.4470200650351375,12
2405,3.4471538128070565,12
2406,3.447185071041539,12
2407,3.4476308269310123,12
2408,3.4478368565674105,12
2409,3.4489472874669147,12
2410,3.4490484401605315,12
2411,3.449722734271413,12
2412,3.449761904023622,12
2413,3.4503793968180623,12
2414,3.450627264838803,12
2415,3.45100071869124,12
2416,3.4515570392941077,12
2417,3.4523358867160843,12
2418,3.4523856404644455,12
2419,3.452693596438145,12
2420,3.45290503233087,12
2421,3.4529235415322237,12
2422,3.4536085140939803,12
2423,3.454237113440216,12
2424,3.455554658018392,12
2425,3.4593453428876657,12
2426,3.460719603248671,12
2427,3.4609343081609403,12
2428,3.462624901246606,12
2429,3.463034448284623,12
2430,3.465106348299975,12
2431,3.4655114472178057,12
2432,3.4663754270264855,12
2433,3.466567890396509,12
2434,3.4675551382878385,12
2435,3.4678886419656902,12
2436,3.4682391514829027,12
2437,3.468877987276378,12
2438,3.469884923132621,12
2439,3.4700511245596903,12
2440,3.470200884533133,12
2441,3.4704695883863734,12
2442,3.471859330497301,12
2443,3.4723644764407218,12
2444,3.4725048272616172,12
2445,3.47269614309735,12
2446,3.4729935339827747,12
2447,3.473295966449159,12
2448,3.473780359917477,12
2449,3.4749031620828625,12
2450,3.4750115179967036,12
2451,3.475297508367069,12
2452,3.475641322180067,12
2453,3.4756449929934563,12
2454,3.4758892661309844,12
2455,3.4759831017669693,12
2456,3.4766178415625375,12
2457,3.476731345995345,12
2458,3.479178830051923,12
2459,3.479394380100456,12
2460,3.4798794313412564,12
2461,3.4801008463081935,12
2462,3.4808095984222716,12
2463,3.4812111262601033,12
2464,3.4816832685501646,12
2465,3.481738950496553,12
2466,3.48185767421237,12
2467,3.4830458038750187,12
2468,3.4831279343204233,12
2469,3.483889290485493,12
2470,3.485427233965112,12
2471,3.4873102352898577,12
2472,3.4881973241801916,12
2473,3.4892118487311943,12
2474,3.48958586614043,12
2475,3.489667120345197,12
2476,3.489753798834645,12
2477,3.4921996750450823,12
2478,3.492609958607887,12
2479,3.492647955825991,12
2480,3.493191479316078,12
2481,3.4935735278282336,12
2482,3.4937550339618597,12
2483,3.493902280183694,12
2484,3.4942026579631174,12
2485,3.4957740936333908,12
2486,3.496601645940954,12
2487,3.4972323298397234,12
2488,3.499286744642917,12
2489,3.4993064405368637,12
2490,3.499787511151293,12
2491,3.500439752071778,12
2492,3.500881749262992,12
2493,3.5015846578825314,12
2494,3.5020126212204525,12
2495,3.503277570754148,12
2496,3.503907681209152,12
2497,3.5040363101153673,12
2498,3.504430389208145,12
2499,3.5045148624087132,12
2500,3.504663291783362,12
2501,3.5054478747371465,12
2502,3.5056859606745117,12
2503,3.5057780311748794,12
2504,3.5061984258748593,12
2505,3.5063957253628417,12
2506,3.506660180955422,12
2507,3.5082915458005877,12
2508,3.5084281496698235,12
2509,3.5090249030933283,12
2510,3.509108115018277,12
2511,3.5094283145228404,12
2512,3.510015109439566,12
2513,3.5105385367293738,12
2514,3.5113470158560935,12
2515,3.514968865364411,12
2516,3.515259279187658,12
2517,3.516865485074695,12
2518,3.5175700221145942,12
2519,3.5175700221145942,12
2520,3.517570613473371,12
2521,3.51791781675225,12
2522,3.518096480796739,12
2523,3.5188786078683028,12
2524,3.5198735474575673,12
2525,3.520134232661245,12
2526,3.520340845250883,12
2527,3.5207942020417446,12
2528,3.521096911392164,12
2529,3.521096911392164,12
2530,3.522009653590399,12
2531,3.52527557737189,12
2532,3.5254878870833495,12
2533,3.5261324894058355,12
2534,3.5265428242437555,12
2535,3.5274201702627526,12
2536,3.5277948284951135,12
2537,3.527971593986544,12
2538,3.5280746697020873,12
2539,3.5286253751157184,12
2540,3.5299270949958754,12
2541,3.5300457691649596,12
2542,3.530161204380096,12
2543,3.530216348363056,12
2544,3.530994098213691,12
2545,3.531279161580234,12
2546,3.5314980356134402,12
2547,3.5321357313128656,12
2548,3.532414250194071,12
2549,3.5334122408027975,12
2550,3.5353118933687093,12
2551,3.536019417254601,12
2552,3.5379800123372047,12
2553,3.539747602553969,12
2554,3.539943588276935,12
2555,3.54106481879383,12
2556,3.54147726331007,12
2557,3.5419074660288654,12
2558,3.5425311208421424,12
2559,3.5426151331762963,12
2560,3.5428873903220985,12
2561,3.5429468306387935,12
2562,3.543373324171925,12
2563,3.5440735549597835,12
2564,3.5444358520956296,12
2565,3.5451478710135946,12
2566,3.545274162904056,12
2567,3.545720382700835,12
2568,3.5485219433184403,12
2569,3.5491849823648645,12
2570,3.552650406978721,12
2571,3.553925946666327,12
2572,3.55414295588093,12
2573,3.555034433101852,12
2574,3.5556223003332694,12
2575,3.5578887874382343,12
2576,3.5586075503729595,12
2577,3.558636299834626,12
2578,3.559391707511853,12
2579,3.559464735682938,12
2580,3.55989704870369,12
2581,3.5604903518026516,12
2582,3.5604903518026516,12
2583,3.5610212995429436,12
2584,3.5633098358417,12
2585,3.5635699608400655,12
2586,3.56406070287228,12
2587,3.5659157338546894,12
2588,3.5671272682255557,12
2589,3.5683885356584923,12
2590,3.5692952039705705,12
2591,3.569984080118507,12
2592,3.570130730273513,12
2593,3.5711436500884113,12
2594,3.5715285291432504,12
2595,3.5716795944345945,12
2596,3.571791340194259,12
2597,3.5724607678938423,12
2598,3.5727502500342023,12
2599,3.574411907297978,12
2600,3.5762128454431106,12
2601,3.5764460170159427,12
2602,3.5767208449657226,12
2603,3.578953412238408,12
2604,3.579018588500218,12
2605,3.579854412252391,12
2606,3.5798810128903367,12
2607,3.580384754720227,12
2608,3.5810764382836884,12
2609,3.5814846986536293,12
2610,3.581688527504203,12
2611,3.582948373962076,12
2612,3.583010389772517,12
2613,3.583399586535964,12
2614,3.584245541443257,12
2615,3.584470392291071,12
2616,3.5845952309462747,12
2617,3.5851781830020633,12
2618,3.5853893907413257,12
2619,3.5877984526091367,12
2620,3.5887946232524572,12
2621,3.590249694369693,12
2622,3.5904676095960593,12
2623,3.5906040418619134,12
2624,3.5918499327301534,12
2625,3.5924352068144563,12
2626,3.593246432197646,12
2627,3.5940666494540285,12
2628,3.5946052477283312,12
2629,3.5981821047138345,12
2630,3.6014880840934778,12
2631,3.6017879349919597,12
2632,3.6020350503325655,12
2633,3.6025483477477405,12
2634,3.6035214085525866,12
2635,3.6036292189715926,12
2636,3.605150764650656,12
2637,3.6057150079313116,12
2638,3.6063286512739623,12
2639,3.606668971971337,12
2640,3.6081265339519883,12
2641,3.6085259138317296,12
2642,3.6110726701601092,12
2643,3.61157984016235,12
2644,3.6118660747437064,12
2645,3.612317011749269,12
2646,3.613138912041786,12
2647,3.6134229355738032,12
2648,3.6135710666780483,12
2649,3.613722371575507,12
2650,3.613732484246313,12
2651,3.61454377887005,12
2652,3.6149441157786817,12
2653,3.6152989129923303,12
2654,3.615407330226177,12
2655,3.61553605212081,12
2656,3.616768084622226,12
2657,3.6167776383360537,12
2658,3.6177153164503713,12
2659,3.6192819294051426,12
2660,3.6198107726326216,12
2661,3.6208930612559826,12
2662,3.6211019833308837,12
2663,3.6227581425724846,12
2664,3.623212838633114,12
2665,3.62370159949798,12
2666,3.6256411066278296,12
2667,3.625904861707212,12
2668,3.626548292711162,12
2669,3.6268770180756436,12
2670,3.6277038045697565,12
2671,3.6293752188051402,12
2672,3.6298648266607594,12
2673,3.630714093483315,12
2674,3.6312661234182286,12
2675,3.631319347384864,12
2676,3.6329997811734804,12
2677,3.633362782874301,12
2678,3.634463870374493,12
2679,3.6346566273054273,12
2680,3.6349187697426792,12
2681,3.6353191356623094,12
2682,3.6353525389775325,12
2683,3.635385521731483,12
2684,3.635476983472542,12
2685,3.6374357725541984,12
2686,3.640914875458252,12
2687,3.6427110488747405,12
2688,3.6431520047527544,12
2689,3.6437507693493454,12
2690,3.6443904432854564,12
2691,3.6457738894201914,12
2692,3.6458279349728353,12
2693,3.6476033891133572,12
2694,3.6476393278742316,12
2695,3.6481901079596972,12
2696,3.648723731466775,12
2697,3.6489018767799233,12
2698,3.649505374429941,12
2699,3.649734765504509,12
2700,3.650497997442354,12
2701,3.6510133754487875,12
2702,3.652150744476432,12
2703,3.6524073098733956,12
2704,3.654347508757512,12
2705,3.654826656916571,12
2706,3.655234250076773,12
2707,3.6567885211687994,12
2708,3.657335103369126,12
2709,3.6574166158303685,12
2710,3.6579806848105796,12
2711,3.6586823185784954,12
2712,3.6588150624039493,12
2713,3.660067711794916,12
2714,3.661631989619764,12
2715,3.663372122643329,12
2716,3.6636228147677814,12
2717,3.6649498455503213,12
2718,3.667321539758601,12
2719,3.6675238440861304,12
2720,3.6681490987971976,12
2721,3.66923413956391,12
2722,3.670511481009417,12
2723,3.67105841482446,12
2724,3.6711051319908576,12
2725,3.671780629848362,12
2726,3.672346997344235,12
2727,3.6725293331605404,12
2728,3.6726049993268393,12
2729,3.6733267064830395,12
2730,3.6733712792438613,12
2731,3.674973476795357,12
2732,3.6751729914774627,12
2733,3.675272988335834,12
2734,3.675676597002488,12
2735,3.6770035506191596,12
2736,3.6776581715811,12
2737,3.680725381352624,12
2738,3.680773577489929,12
2739,3.6810616911648473,12
2740,3.6811268279565406,12
2741,3.681853694428986,12
2742,3.6829176222741675,12
2743,3.6829797521332055,12
2744,3.684253032795392,12
2745,3.6857930213855323,12
2746,3.6860258917482414,12
2747,3.6862979193129037,12
2748,3.6865748707404475,12
2749,3.688052812354119,12
2750,3.688165053827113,12
2751,3.689221289465914,12
2752,3.689500900652914,12
2753,3.691262816294112,12
2754,3.691846679195906,12
2755,3.6922629951825687,12
2756,3.6922760665326266,12
2757,3.692290423125237,12
2758,3.693462128764484,12
2759,3.69367138834048,12
2760,3.6953950459751916,12
2761,3.6955749378486287,12
2762,3.695626321019219,12
2763,3.696627621931089,12
2764,3.697504035760249,12
2765,3.697504035760249,12
2766,3.69882394794672,12
2767,3.6989664826052278,12
2768,3.699037361454927,12
2769,3.7002827878580167,12
2770,3.7012155752586318,12
2771,3.70383389482069,12
2772,3.7046837611604424,12
2773,3.7053235199920915,12
2774,3.7065955064779588,12
2775,3.7066397632998385,12
2776,3.708216690028502,12
2777,3.7082360082892247,12
2778,3.7092951084906947,12
2779,3.7097349856266284,12
2780,3.71094360258183,12
2781,3.712231742239787,12
2782,3.7123259372842505,12
2783,3.7135790664610315,12
2784,3.7135790664610315,12
2785,3.7138388951874814,12
2786,3.7147390015492916,12
2787,3.715787351698653,12
2788,3.7163762426013323,12
2789,3.7179431215383345,12
2790,3.7185997643575517,12
2791,3.7195309108765495,12
2792,3.7206528124218843,12
2793,3.7221597435079072,12
2794,3.7225389808829887,12
2795,3.723338412291873,12
2796,3.7241950004682134,12
2797,3.7264479714636556,12
2798,3.727724002838826,12
2799,3.7277881440287737,12
2800,3.727826310829885,12
2801,3.727829026200881,12
2802,3.7296799982161732,12
2803,3.7300239501776455,12
2804,3.7304645219816255,12
2805,3.7308938549998434,12
2806,3.7318581209769315,12
2807,3.7324301306930066,12
2808,3.732453146925205,12
2809,3.7326088492982152,12
2810,3.733279146855592,12
2811,3.7333445823057088,12
2812,3.733600085235826,12
2813,3.7337290562115393,12
2814,3.7353721960709354,12
2815,3.7364734669025115,12
2816,3.7367360346168943,12
2817,3.737807830073523,12
2818,3.738312572678328,12
2819,3.7385602166297915,12
2820,3.7390219762387145,12
2821,3.7392604379982655,12
2822,3.740143342713033,12
2823,3.742165984615627,12
2824,3.7425815299001632,12
2825,3.74380241753275,12
2826,3.748093614320221,12
2827,3.749064845172224,12
2828,3.749898108961532,12
2829,3.7503251075168116,12
2830,3.7509655995899327,12
2831,3.751791152808474,12
2832,3.752345939316441,12
2833,3.752431087496325,12
2834,3.7534077105495047,12
2835,3.7536974144506408,12
2836,3.7539042471847117,12
2837,3.7544655194720984,12
2838,3.7550366074466073,12
2839,3.7554010306299306,12
2840,3.7557048466691505,12
2841,3.7566229034461918,12
2842,3.757363379576362,12
2843,3.757592012661026,12
2844,3.760217286399149,12
2845,3.761048217938821,12
2846,3.7622669773499395,12
2847,3.762278248250778,12
2848,3.763131704019964,12
2849,3.7633892293872213,12
2850,3.763508226561074,12
2851,3.763508813973326,12
2852,3.7635732295084874,12
2853,3.765891432399036,12
2854,3.76632338290216,12
2855,3.767405187214922,12
2856,3.7687384014610203,12
2857,3.769230657535095,12
2858,3.769964888135731,12
2859,3.770595530854139,12
2860,3.7707664023041474,12
2861,3.770851342866517,12
2862,3.7731641929133426,12
2863,3.773212605551906,12
2864,3.7739518450701106,12
2865,3.7739833066130717,12
2866,3.77609437182564,12
2867,3.7771536378412516,12
2868,3.777209032606762,12
2869,3.778290397596387,12
2870,3.784673537742691,12
2871,3.7888612706398614,12
2872,3.789449944136554,12
2873,3.7907910136482306,12
2874,3.7926781549415973,12
2875,3.79352576787442,12
2876,3.7945075611221153,12
2877,3.794749649227382,12
2878,3.794883354588149,12
2879,3.7965706791412934,12
2880,3.797705170589789,12
2881,3.799483939556194,12
2882,3.8016867593277874,12
2883,3.802538976602881,12
2884,3.802855084679432,12
2885,3.803259907942165,12
2886,3.803308506034896,12
2887,3.8071555666894006,12
2888,3.8071555666894006,12
2889,3.8086762275214543,12
2890,3.8091357853246346,12
2891,3.8104821461759384,12
2892,3.8106455071492706,12
2893,3.811639346615798,12
2894,3.812045445912904,12
2895,3.8126882391518335,12
2896,3.8157400212597317,12
2897,3.8188155374263557,12
2898,3.8215740423386517,12
2899,3.821738563392186,12
2900,3.8225022871492036,12
2901,3.822508575123853,12
2902,3.823383427973558,12
2903,3.823658824215498,12
2904,3.8238998214973843,12
2905,3.8239659152398047,12
2906,3.8245507696071366,12
2907,3.825322401053446,12
2908,3.825359677872316,12
2909,3.825725030898273,12
2910,3.8266046450750975,12
2911,3.8319679925620345,12
2912,3.8327967717697238,12
2913,3.833763499066156,12
2914,3.8366590264402984,12
2915,3.837024693977584,12
2916,3.8382475274741696,12
2917,3.8400542156620343,12
2918,3.8406955701022,12
2919,3.8427501177282086,12
2920,3.84363293812827,12
2921,3.8436659227422982,12
2922,3.844799469936098,12
2923,3.845795627508661,12
2924,3.846240679889026,12
2925,3.846245144375691,12
2926,3.8462724499991405,12
2927,3.8469980346292654,12
2928,3.8488721149422287,12
2929,3.8494681144629594,12
2930,3.8500712145863987,12
2931,3.8507327606717054,12
2932,3.851676172883227,12
2933,3.855846253976977,12
2934,3.8558768295022032,12
2935,3.8560071887994307,12
2936,3.856131297232116,12
2937,3.856131297232116,12
2938,3.8564803290063923,12
2939,3.858972486439665,12
2940,3.859212176726197,12
2941,3.8592749771278108,12
2942,3.859860496357976,12
2943,3.861826286491291,12
2944,3.863165145718294,12
2945,3.8649929784215944,12
2946,3.868059042947958,12
2947,3.868059042947958,12
2948,3.869836200490482,12
2949,3.870139974204739,12
2950,3.870456731553247,12
2951,3.8726016398002865,12
2952,3.872766182638004,12
2953,3.874504540896683,12
2954,3.8767518081367447,12
2955,3.8773844052934225,12
2956,3.877632189885502,12
2957,3.878028829052775,12
2958,3.8781023157055614,12
2959,3.879236200050228,12
2960,3.880043420374285,12
2961,3.8833768525209913,12
2962,3.8845667698936084,12
2963,3.8848059667385466,12
2964,3.8858293756175084,12
2965,3.887538105974091,12
2966,3.887577447421659,12
2967,3.8884551245630035,12
2968,3.8891726917602507,12
2969,3.8907673409925323,12
2970,3.895682369311688,12
2971,3.8967479887104504,12
2972,3.898121203617301,12
2973,3.898183535218769,12
2974,3.8982231608360416,12
2975,3.89854690595192,12
2976,3.9023150548127656,12
2977,3.903617614343005,12
2978,3.9040399703468975,12
2979,3.9041151284364255,12
2980,3.904485004988467,12
2981,3.9101829639473222,12
2982,3.9103858526966166,12
2983,3.911503102799188,12
2984,3.912129611547344,12
2985,3.912501043924593,12
2986,3.9133810056468805,12
2987,3.917380372444359,12
2988,3.9191957137556748,12
2989,3.9217636632051542,12
2990,3.9228145038257796,12
2991,3.9236540159372373,12
2992,3.9252876173612044,12
2993,3.9253458325697337,12
2994,3.925875437222981,12
2995,3.9263558788440216,12
2996,3.9275941136412054,12
2997,3.9286783101330984,12
2998,3.92884871230502,12
2999,3.9316020428884566,12
3000,3.9327083709290895,12
3001,3.9328520135819875,12
3002,3.934243577795858,12
3003,3.936231934903786,12
3004,3.936854943210979,12
3005,3.9375395927112353,12
3006,3.940989068483901,12
3007,3.9415847165594635,12
3008,3.942386082667952,12
3009,3.945057710125994,12
3010,3.945418552503868,12
3011,3.9472630832479445,12
3012,3.9482274477749733,12
3013,3.948383782581234,12
3014,3.948459231955952,12
3015,3.948567498705734,12
3016,3.9487083672294965,12
3017,3.9498568081553556,12
3018,3.9507065626876865,12
3019,3.95092755255052,12
3020,3.951779727830927,12
3021,3.9530587887393955,12
3022,3.953706963473652,12
3023,3.9537131548203095,12
3024,3.9538868640973317,12
3025,3.953999090707992,12
3026,3.956710574229216,12
3027,3.9567228459613664,12
3028,3.958659268955674,12
3029,3.9587656675857845,12
3030,3.9604281268576984,12
3031,3.961181700889308,12
3032,3.963597536787138,12
3033,3.9640791332238186,12
3034,3.964080402536702,12
3035,3.966940694706247,12
3036,3.9685352309631914,12
3037,3.9691353507386573,12
3038,3.9693693749045975,12
3039,3.9700814054909537,12
3040,3.9704417380308277,12
3041,3.9710204570959395,12
3042,3.9713833972048525,12
3043,3.973756635249428,12
3044,3.974307934691871,12
3045,3.975561097432031,12
3046,3.977222472231135,12
3047,3.978756140083974,12
3048,3.979050137432958,12
3049,3.9804295309058437,12
3050,3.9805133119428575,12
3051,3.981128675830733,12
3052,3.982741485474179,12
3053,3.983078777323027,12
3054,3.983499312559366,12
3055,3.98381409986536,12
3056,3.98398564991885,12
3057,3.9855744785197693,12
3058,3.987671541037978,12
3059,3.9877705515587096,12
3060,3.9893262687084388,12
3061,3.9895399600800383,12
3062,3.9898852714555018,12
3063,3.990498719433405,12
3064,3.991260693144793,12
3065,3.9927269296261034,12
3066,3.993287154616629,12
3067,3.9937141147163544,12
3068,3.993720326340876,12
3069,3.993875243952249,12
3070,3.9944222678110433,12
3071,3.995504024673156,12
3072,3.995542533601872,12
3073,3.996035515763846,12
3074,3.9968485922335937,12
3075,3.999554766993193,12
3076,3.9996054497687084,12
3077,4.000240364654312,12
3078,4.0028541943593705,12
3079,4.004815922505991,12
3080,4.0051517481811345,12
3081,4.0056703618940395,12
3082,4.00693432424058,12
3083,4.008881511030904,12
3084,4.0090448013175655,12
3085,4.0095834795617575,12
3086,4.009608942732848,12
3087,4.00962919581969,12
3088,4.012447756232914,12
3089,4.013533697740875,12
3090,4.014710410989499,12
3091,4.015030774533352,12
3092,4.017278806841512,12
3093,4.018152681984317,12
3094,4.018906237008817,12
3095,4.019337033710644,12
3096,4.020960244936039,12
3097,4.02291405126479,12
3098,4.023300612240017,12
3099,4.02575183606406,12
3100,4.026550516001751,12
3101,4.026602964189433,12
3102,4.029989819652614,12
3103,4.0322345612462565,12
3104,4.0332152670109425,12
3105,4.034398468686167,12
3106,4.03479190731095,12
3107,4.035059292428733,12
3108,4.037732088766713,12
3109,4.03883698513992,12
3110,4.039699365403687,12
3111,4.041747733170037,12
3112,4.042408806419598,12
3113,4.042579201439555,12
3114,4.043224120949197,12
3115,4.044281914279514,12
3116,4.045657094712305,12
3117,4.047021297491851,12
3118,4.047837793289009,12
3119,4.053121323794296,12
3120,4.057183017220454,12
3121,4.059086191132425,12
3122,4.060622662796143,12
3123,4.06266984267386,12
3124,4.062922725602718,12
3125,4.064197693934374,12
3126,4.064680983789069,12
3127,4.066886223329433,12
3128,4.07064441110203,12
3129,4.071190120966704,12
3130,4.072430952311627,12
3131,4.076747766788049,12
3132,4.077361808486522,12
3133,4.078790675012256,12
3134,4.078973602862077,12
3135,4.079408870361457,12
3136,4.08035678150905,12
3137,4.08053313873835,12
3138,4.081949739527094,12
3139,4.084907666074297,12
3140,4.085099441772719,12
3141,4.0861756664603535,12
3142,4.08931614970829,12
3143,4.093096942159379,12
3144,4.09348332036136,12
3145,4.094227717567228,12
3146,4.095412089361031,12
3147,4.095610909486763,12
3148,4.095779039867267,12
3149,4.096206446764158,12
3150,4.096667128547552,12
3151,4.098006946633876,12
3152,4.098304165785567,12
3153,4.0996685728196125,12
3154,4.10036358982248,12
3155,4.101227832985506,12
3156,4.102625996548833,12
3157,4.10476107151239,12
3158,4.10685317002067,12
3159,4.109342796887651,12
3160,4.109673526603484,12
3161,4.110741328965937,12
3162,4.110990017634749,12
3163,4.112040192024004,12
3164,4.1125990222802695,12
3165,4.115733597573907,12
3166,4.116128338962329,12
3167,4.116917429382142,12
3168,4.117322485038956,12
3169,4.120751844225573,12
3170,4.1219495098829775,12
3171,4.122674600798586,12
3172,4.122795879428247,12
3173,4.123010856603274,12
3174,4.126628530647472,12
3175,4.126941911492353,12
3176,4.1277769622952825,12
3177,4.129033936359763,12
3178,4.1292744402325345,12
3179,4.130001786151856,12
3180,4.130247200412944,12
3181,4.131531291565706,12
3182,4.133656673857266,12
3183,4.134845080688643,12
3184,4.135248011303539,12
3185,4.135494110441082,12
3186,4.139984525440732,12
3187,4.1402127409090435,12
3188,4.142098024104092,12
3189,4.1442784652735565,12
3190,4.144862080389378,12
3191,4.147542618757655,12
3192,4.147650584118823,12
3193,4.1482278868492095,12
3194,4.148487569117821,12
3195,4.148724975224359,12
3196,4.149255344255281,12
3197,4.149347469294813,12
3198,4.1494282018321025,12
3199,4.149826562617439,12
3200,4.1506695572578405,12
3201,4.152072689481279,12
3202,4.154090659362392,12
3203,4.155323835246346,12
3204,4.161930121071835,12
3205,4.162581745767856,12
3206,4.163769192812091,12
3207,4.163919309299785,12
3208,4.16480870227381,12
3209,4.1656686857488054,12
3210,4.165895503181153,12
3211,4.166053210340667,12
3212,4.166096232975896,12
3213,4.167885729346442,12
3214,4.168626212844156,12
3215,4.170588671066291,12
3216,4.171527177773081,12
3217,4.172130967968743,12
3218,4.172369085581728,12
3219,4.17403645270535,12
3220,4.174557189486265,12
3221,4.1767373201764375,12
3222,4.176824074247159,12
3223,4.177373187960181,12
3224,4.17752518641626,12
3225,4.178939438484957,12
3226,4.181504658953884,12
3227,4.183196082541759,12
3228,4.18656913558626,12
3229,4.1870718908086255,12
3230,4.190025622671027,12
3231,4.190093077733172,12
3232,4.19015177459504,12
3233,4.191834564241459,12
3234,4.192428779386693,12
3235,4.192621082292357,12
3236,4.193553936912111,12
3237,4.193810065075345,12
3238,4.195799848167634,12
3239,4.196093633318694,12
3240,4.196644968188293,12
3241,4.198267625651399,12
3242,4.200677743039554,12
3243,4.201209388256554,12
3244,4.2042304601240765,12
3245,4.204515519321943,12
3246,4.205136838556981,12
3247,4.206186210946621,12
3248,4.2094235674466445,12
3249,4.21002333110166,12
3250,4.210729645792362,12
3251,4.213093308677984,12
3252,4.213174690585467,12
3253,4.213665958859382,12
3254,4.215137209372516,12
3255,4.215426046664423,12
3256,4.2155011659552315,12
3257,4.217215562446279,12
3258,4.217522568419319,12
3259,4.217879056233114,12
3260,4.218217935033257,12
3261,4.218545043998369,12
3262,4.219309795429644,12
3263,4.219507041287474,12
3264,4.220542769208932,12
3265,4.2212694664630055,12
3266,4.22270208945567,12
3267,4.22350305709322,12
3268,4.223594281324839,12
3269,4.225317015738666,12
3270,4.231981179845828,12
3271,4.234014526180407,12
3272,4.234706621209586,12
3273,4.235422787702602,12
3274,4.236310653122383,12
3275,4.237167145344589,12
3276,4.239601464540187,12
3277,4.24018796913927,12
3278,4.240236904952278,12
3279,4.2403417132826755,12
3280,4.240659840180682,12
3281,4.241400388753261,12
3282,4.2415748399682975,12
3283,4.2424713406666354,12
3284,4.244425609479942,12
3285,4.245171011764287,12
3286,4.246594641815891,12
3287,4.246604563149651,12
3288,4.2472307149883815,12
3289,4.248924700434111,12
3290,4.248931535036391,12
3291,4.251712769106977,12
3292,4.252904444583216,12
3293,4.253831859619507,12
3294,4.254492440868881,12
3295,4.2574758981649055,12
3296,4.257759097192579,12
3297,4.260066499297253,12
3298,4.262905899440439,12
3299,4.263292537260384,12
3300,4.26375954160598,12
3301,4.265759986137907,12
3302,4.26836522452267,12
3303,4.270022808817804,12
3304,4.27445291558645,12
3305,4.274560386520694,12
3306,4.276885449094382,12
3307,4.283114433465918,12
3308,4.285179148897985,12
3309,4.286598552001338,12
3310,4.287333253488366,12
3311,4.287471579456613,12
3312,4.292165954282343,12
3313,4.29304844959116,12
3314,4.295068221151098,12
3315,4.2953513944768895,12
3316,4.296215941434884,12
3317,4.299230092151213,12
3318,4.29985416751777,12
3319,4.300069811311156,12
3320,4.301307394268681,12
3321,4.301662825757063,12
3322,4.30286577830582,12
3323,4.304155748751831,12
3324,4.304699049613069,12
3325,4.305819460094132,12
3326,4.305969255152282,12
3327,4.305974249030336,12
3328,4.306417986677752,12
3329,4.30817464201021,12
3330,4.309528761020689,12
3331,4.311215300948394,12
3332,4.312264466782085,12
3333,4.313653841434239,12
3334,4.315327430048548,12
3335,4.315928699914232,12
3336,4.316640884862358,12
3337,4.317723379100984,12
3338,4.318693232833717,12
3339,4.318983063677906,12
3340,4.319847017689516,12
3341,4.319877504528045,12
3342,4.322096285493769,12
3343,4.32217895183316,12
3344,4.328098353144963,12
3345,4.328289723999798,12
3346,4.32890978769807,12
3347,4.329606296120227,12
3348,4.331173260084255,12
3349,4.331386461175761,12
3350,4.331422147107254,12
3351,4.335704658806507,12
3352,4.337891074563964,12
3353,4.3394227603963875,12
3354,4.340799867454455,12
3355,4.344694845794181,12
3356,4.347200488008557,12
3357,4.347669019811367,12
3358,4.348972621587009,12
3359,4.352980247347997,12
3360,4.355234872877509,12
3361,4.356942921166654,12
3362,4.357614651040096,12
3363,4.357727755507184,12
3364,4.359589455626931,12
3365,4.360817279944199,12
3366,4.3611531234690535,12
3367,4.36135486364259,12
3368,4.362682939522296,12
3369,4.365279511016903,12
3370,4.36933945482633,12
3371,4.369556442225833,12
3372,4.369557897378846,12
3373,4.369564108437049,12
3374,4.370186012365598,12
3375,4.3706022857087605,12
3376,4.371259923281727,12
3377,4.374160170615007,12
3378,4.374754681915059,12
3379,4.375999072165067,12
3380,4.377903522650161,12
3381,4.379100769484478,12
3382,4.38185969433871,12
3383,4.382139593946557,12
3384,4.384318997117408,12
3385,4.387557669193623,12
3386,4.387833451068091,12
3387,4.388751497299021,12
3388,4.389029765220449,12
3389,4.389904324992541,12
3390,4.395472917297502,12
3391,4.395507180403498,12
3392,4.397636484652879,12
3393,4.399642442156885,12
3394,4.400053847153615,12
3395,4.404495137031346,12
3396,4.406282883690322,12
3397,4.406356191304805,12
3398,4.408171814127164,12
3399,4.4086304879070655,12
3400,4.409283336650268,12
3401,4.414764152786012,12
3402,4.416720143724321,12
3403,4.41741155840177,12
3404,4.418012002571067,12
3405,4.418167235743456,12
3406,4.418653200334731,12
3407,4.42108393635155,12
3408,4.421782408274084,12
3409,4.422192080571556,12
3410,4.424983741725676,12
3411,4.426111474108749,12
3412,4.427684928641181,12
3413,4.427741970379502,12
3414,4.428920573254579,12
3415,4.435255521452791,12
3416,4.436310969594002,12
3417,4.437134359375394,12
3418,4.43997120662764,12
3419,4.440119782945159,12
3420,4.4412161740190435,12
3421,4.44209543765894,12
3422,4.442655346027541,12
3423,4.44288518977656,12
3424,4.44535002606927,12
3425,4.4488642182941875,12
3426,4.449540542518875,12
3427,4.452424543864332,12
3428,4.455510756184557,12
3429,4.45736106440903,12
3430,4.457444435966293,12
3431,4.457717949270673,12
3432,4.459472292625499,12
3433,4.460270500151296,12
3434,4.462843418841756,12
3435,4.46530284194144,12
3436,4.473434977167835,12
3437,4.473565082336791,12
3438,4.478619113488024,12
3439,4.47892589250047,12
3440,4.489282544675316,12
3441,4.492795656432327,12
3442,4.493035036785527,12
3443,4.4942851689956385,12
3444,4.497536571991212,12
3445,4.498984731561193,12
3446,4.499352212720107,12
3447,4.501179433972678,12
3448,4.501377523413818,12
3449,4.501800427819405,12
3450,4.502821313847839,12
3451,4.503235912160838,12
3452,4.504587411726511,12
3453,4.508980522058254,12
3454,4.509629199741835,12
3455,4.511054691044745,12
3456,4.511218430475684,12
3457,4.515673759507044,12
3458,4.515733566551838,12
3459,4.517504765707171,12
3460,4.519267757955734,12
3461,4.51975685389796,12
3462,4.521799227743502,12
3463,4.522817244855688,12
3464,4.536533880688741,12
3465,4.536533880688741,12
3466,4.5385742271045055,12
3467,4.540726358342266,12
3468,4.542993816277193,12
3469,4.54347405199912,12
3470,4.545845918579196,12
3471,4.546267649742378,12
3472,4.547783418593248,12
3473,4.54832529654749,12
3474,4.548656201414387,12
3475,4.549154896074577,12
3476,4.551197658999962,12
3477,4.551514448607007,12
3478,4.557744206968519,12
3479,4.560524450526208,12
3480,4.561434609848789,12
3481,4.563312570997468,12
3482,4.563820280674176,12
3483,4.565264550296806,12
3484,4.569615725729793,12
3485,4.570264242347232,12
3486,4.578399410724922,12
3487,4.580328916091959,12
3488,4.582646494071292,12
3489,4.583651857723166,12
3490,4.583918329717593,12
3491,4.586423044600737,12
3492,4.586427958704009,12
3493,4.587692604311171,12
3494,4.588278879146394,12
3495,4.5902037816812875,12
3496,4.590244604435851,12
3497,4.5917016984483725,12
3498,4.592648051064044,12
3499,4.5962140520107715,12
3500,4.598034094915471,12
3501,4.600217077529493,12
3502,4.602010735197495,12
3503,4.603102307697313,12
3504,4.604187226986919,12
3505,4.605538005940377,12
3506,4.605844707296309,12
3507,4.6061763644416605,12
3508,4.606961318509701,12
3509,4.609361742708977,12
3510,4.609637513311255,12
3511,4.609766728186142,12
3512,4.610431905915648,12
3513,4.614191617933269,12
3514,4.614283184535103,12
3515,4.618782114009146,12
3516,4.619629017225534,12
3517,4.621101136020275,12
3518,4.622075034513817,12
3519,4.623062863507758,12
3520,4.623649020088584,12
3521,4.6250177479896255,12
3522,4.62638875444666,12
3523,4.629925336720624,12
3524,4.631617968219732,12
3525,4.632929009360836,12
3526,4.63458085153965,12
3527,4.6378073819863115,12
3528,4.64403317341346,12
3529,4.646490104560454,12
3530,4.647421412857457,12
3531,4.647544390506399,12
3532,4.647994743589924,12
3533,4.648779087681279,12
3534,4.649118825373824,12
3535,4.649536814071235,12
3536,4.6528199140036195,12
3537,4.6544068856627945,12
3538,4.656306790604658,12
3539,4.659940367941606,12
3540,4.662355078187054,12
3541,4.666257361543293,12
3542,4.666304904397882,12
3543,4.667460180066081,12
3544,4.668943542992419,12
3545,4.6744687753849306,12
3546,4.6758359238683065,12
3547,4.682435521247995,12
3548,4.684592530138607,12
3549,4.68597746595037,12
3550,4.686818991795591,12
3551,4.687461256252766,12
3552,4.68765681899844,12
3553,4.6884838810444585,12
3554,4.689025299118629,12
3555,4.689238999478015,12
3556,4.689697388165979,12
3557,4.689901892356043,12
3558,4.692636341332246,12
3559,4.693107747034814,12
3560,4.695859632830569,12
3561,4.696738992291337,12
3562,4.697852415475486,12
3563,4.704185583849497,12
3564,4.704615296377235,12
3565,4.707103522002125,12
3566,4.709205609610275,12
3567,4.711853885999978,12
3568,4.713811204667703,12
3569,4.71570018312463,12
3570,4.715893846846112,12
3571,4.716613700557009,12
3572,4.717201148380893,12
3573,4.718145987850371,12
3574,4.718628920141736,12
3575,4.71968196363165,12
3576,4.720914115610451,12
3577,4.721879500914503,12
3578,4.723285152894506,12
3579,4.724320220627158,12
3580,4.725947597328351,12
3581,4.725978640625808,12
3582,4.731936770422575,12
3583,4.733348285709007,12
3584,4.735335039715178,12
3585,4.735966941421628,12
3586,4.738137103889594,12
3587,4.742130534059554,12
3588,4.743379931469365,12
3589,4.743817943781368,12
3590,4.744434610159687,12
3591,4.7488470469368975,12
3592,4.7493983512492886,12
3593,4.750196290024875,12
3594,4.752950232271812,12
3595,4.753966538465332,12
3596,4.754023413316556,12
3597,4.754419875503365,12
3598,4.754598717364633,12
3599,4.762774989169393,12
3600,4.765184551151968,12
3601,4.766242048075407,12
3602,4.770318246746277,12
3603,4.771982698906713,12
3604,4.775697142980399,12
3605,4.7770034448223555,12
3606,4.778371741976734,12
3607,4.7785248629708645,12
3608,4.778587526219938,12
3609,4.7805163871038046,12
3610,4.7815725967638585,12
3611,4.783221854560137,12
3612,4.784438964907893,12
3613,4.786177457007241,12
3614,4.786353234739208,12
3615,4.788924056789122,12
3616,4.790854052999613,12
3617,4.791813126010936,12
3618,4.7923785952982465,12
3619,4.7934252153087025,12
3620,4.801253234163967,12
3621,4.805353845391659,12
3622,4.805523911816645,12
3623,4.809306431062958,12
3624,4.811361221169677,12
3625,4.811746158155457,12
3626,4.814539110961563,12
3627,4.816316653759314,12
3628,4.82343549567248,12
3629,4.825634707404806,12
3630,4.825858483800913,12
3631,4.83006648666318,12
3632,4.833342269226464,12
3633,4.8356120761113965,12
3634,4.836192396623667,12
3635,4.837617342772079,12
3636,4.840166125592028,12
3637,4.841297059245871,12
3638,4.843348195246815,12
3639,4.843356490996767,12
3640,4.858425703104082,12
3641,4.8589522492844575,12
3642,4.863815163871623,12
3643,4.868645104157841,12
3644,4.869704657405205,12
3645,4.870187579361894,12
3646,4.8733664634159855,12
3647,4.873665413113748,12
3648,4.87693626695062,12
3649,4.877755205754236,12
3650,4.878973985492433,12
3651,4.880779425083526,12
3652,4.885083207628899,12
3653,4.8924229652260705,12
3654,4.892705126060202,12
3655,4.895973223691563,12
3656,4.896812721280863,12
3657,4.897504512635329,12
3658,4.897734015846816,12
3659,4.904410817574973,12
3660,4.9053507747833125,12
3661,4.9083658200397435,12
3662,4.909617313515732,12
3663,4.913296657635437,12
3664,4.91375413628783,12
3665,4.918180981438191,12
3666,4.91910511771633,12
3667,4.924352815387931,12
3668,4.927120378508182,12
3669,4.928449496525923,12
3670,4.931621594391174,12
3671,4.933138244764129,12
3672,4.933239240474061,12
3673,4.934900021764268,12
3674,4.9373229130225535,12
3675,4.9384673607202165,12
3676,4.941250138062427,12
3677,4.948667532348303,12
3678,4.950711349019915,12
3679,4.952639451230662,12
3680,4.953795482149537,12
3681,4.957909378268579,12
3682,4.959921987533495,12
3683,4.962395472549534,12
3684,4.965180281346484,12
3685,4.969378782537901,12
3686,4.97327204559723,12
3687,4.973403030961847,12
3688,4.974480187714249,12
3689,4.977546451771063,12
3690,4.977694382666678,12
3691,4.978220672137897,12
3692,4.978298146499557,12
3693,4.978585602219294,12
3694,4.979848567967922,12
3695,4.982260396544721,12
3696,4.9834634955453225,12
3697,4.985198811713048,12
3698,4.987228350874711,12
3699,4.991495326247754,12
3700,4.9929737853663045,12
3701,4.99327866080711,12
3702,4.995737411383967,12
3703,4.995887924298562,12
3704,4.99666079829309,12
3705,4.999180000046072,12
3706,4.999274103331904,12
3707,5.001841207293012,12
3708,5.002425004275339,12
3709,5.006385061248829,12
3710,5.010624276824112,12
3711,5.013133802601042,12
3712,5.019704111184433,12
3713,5.019762477187551,12
3714,5.021005316972538,12
3715,5.021331099935225,12
3716,5.022651753084109,12
3717,5.030992221473578,12
3718,5.034505478599514,12
3719,5.038164566025145,12
3720,5.039554721185395,12
3721,5.040292247922998,12
3722,5.040544835846249,12
3723,5.046750471658134,12
3724,5.047950092964289,12
3725,5.051970184032862,12
3726,5.0566997471937265,12
3727,5.059534502524881,12
3728,5.060753309303512,12
3729,5.061149417252838,12
3730,5.062039374201135,12
3731,5.062189804951699,12
3732,5.065577521824781,12
3733,5.066325859849599,12
3734,5.069012091348817,12
3735,5.070467097422075,12
3736,5.075200212903927,12
3737,5.08760772270425,12
3738,5.095126010421886,12
3739,5.103318926437831,12
3740,5.103405108354113,12
3741,5.105701715718205,12
3742,5.107036815473967,12
3743,5.114400440444038,12
3744,5.122400442598314,12
3745,5.125521068462198,12
3746,5.12657202360139,12
3747,5.130648475649352,12
3748,5.133614916566907,12
3749,5.1365390948691125,12
3750,5.144137061923873,12
3751,5.147506147421193,12
3752,5.1478682922976375,12
3753,5.1486766250844695,12
3754,5.15098720810415,12
3755,5.153845393625732,12
3756,5.15646596708352,12
3757,5.156845756127701,12
3758,5.164046325924144,12
3759,5.167573720778061,12
3760,5.168947905322668,12
3761,5.169061342223853,12
3762,5.178451351544116,12
3763,5.186081016838324,12
3764,5.191356900740069,12
3765,5.192892879050877,12
3766,5.193485983780026,12
3767,5.199199870085238,12
3768,5.201184271876549,12
3769,5.206617128197702,12
3770,5.209060721408761,12
3771,5.209083909564782,12
3772,5.210985319181187,12
3773,5.211724113168682,12
3774,5.216261848409658,12
3775,5.220933961910716,12
3776,5.224004252588129,12
3777,5.224679121369641,12
3778,5.2250514840920665,12
3779,5.2336317266084365,12
3780,5.238102496278688,12
3781,5.238919480390585,12
3782,5.243656533016883,12
3783,5.250112430508979,12
3784,5.25379686320663,12
3785,5.267864386912656,12
3786,5.26847005402552,12
3787,5.268703629842837,12
3788,5.269737794299224,12
3789,5.271597929571135,12
3790,5.276007682707553,12
3791,5.279058034172245,12
3792,5.280395925227378,12
3793,5.2806884117109,12
3794,5.281601704243219,12
3795,5.284255649081078,12
3796,5.2957332030016975,12
3797,5.297320327037105,12
3798,5.298402632523779,12
3799,5.303593683794852,12
3800,5.304769858072464,12
3801,5.306999688249998,12
3802,5.337692805724439,12
3803,5.348967243813728,12
3804,5.358604246537169,12
3805,5.3588560719471525,12
3806,5.360117805551631,12
3807,5.363976938773536,12
3808,5.367646282294188,12
3809,5.372994872914215,12
3810,5.373837286426044,12
3811,5.378091802307852,12
3812,5.392810240129809,12
3813,5.394659915019104,12
3814,5.399134099807592,12
3815,5.400982090361997,12
3816,5.400999838471933,12
3817,5.404529187089369,12
3818,5.40749627142135,12
3819,5.40871305693223,12
3820,5.408957310591417,12
3821,5.41687891668457,12
3822,5.4306053231199645,12
3823,5.431438358003203,12
3824,5.442642759880429,12
3825,5.451008065901242,12
3826,5.452909665085458,12
3827,5.465979287378858,12
3828,5.471543209099602,12
3829,5.472548494105085,12
3830,5.47740260312241,12
3831,5.478245040521213,12
3832,5.484713451039429,12
3833,5.4916711257669775,12
3834,5.493276716069305,12
3835,5.493335922996553,12
3836,5.497653870293712,12
3837,5.499841993405005,12
3838,5.515898558352615,12
3839,5.516559672574141,12
3840,5.5169586005469755,12
3841,5.520560263161096,12
3842,5.523247402108428,12
3843,5.524485427826311,12
3844,5.530957288809998,12
3845,5.539649975950745,12
3846,5.545992400847976,12
3847,5.548131900100479,12
3848,5.548884668051327,12
3849,5.549920086240261,12
3850,5.5544263946305215,12
3851,5.565507398379822,12
3852,5.5697115897301686,12
3853,5.572099253564611,12
3854,5.5737609713687615,12
3855,5.577442752796174,12
3856,5.578545318365145,12
3857,5.578647279817217,12
3858,5.5803392341485125,12
3859,5.593608769990714,12
3860,5.595070292747275,12
3861,5.6011100593675405,12
3862,5.604803446058542,12
3863,5.611699649405061,12
3864,5.611883628562277,12
3865,5.61639200027418,12
3866,5.619376988354782,12
3867,5.6246197739812205,12
3868,5.62850116504263,12
3869,5.640710633037168,12
3870,5.642522700014446,12
3871,5.6485991002951685,12
3872,5.664457747721386,12
3873,5.672598549340446,12
3874,5.675571483467694,12
3875,5.677441090542045,12
3876,5.682869547578897,12
3877,5.683336504727012,12
3878,5.694856967702764,12
3879,5.695548246564339,12
3880,5.697101310794368,12
3881,5.702252065690742,12
3882,5.707817852413768,12
3883,5.726296725068108,12
3884,5.73182951083944,12
3885,5.740794587200287,12
3886,5.749794183438941,12
3887,5.752372773667117,12
3888,5.778460939507677,12
3889,5.792425417590728,12
3890,5.794915480231878,12
3891,5.8019432010229846,12
3892,5.809190356218228,12
3893,5.81041471441606,12
3894,5.811068961266791,12
3895,5.814163071037865,12
3896,5.820121047233152,12
3897,5.820638128371905,12
3898,5.824105279520262,12
3899,5.825177703088049,12
3900,5.826840530540185,12
3901,5.831004618684535,12
3902,5.840918704299758,12
3903,5.842995430403147,12
3904,5.847590229162805,12
3905,5.848823211868638,12
3906,5.858706951355706,12
3907,5.870835613190637,12
3908,5.875047220674077,12
3909,5.896103638957335,12
3910,5.897303134095961,12
3911,5.910838914999139,12
3912,5.926754970964054,12
3913,5.927654615413466,12
3914,5.928096134010236,12
3915,5.942513192371237,12
3916,5.94376650936874,12
3917,5.958534459342253,12
3918,5.973558911634799,12
3919,5.983659471262636,12
3920,5.987359131496795,12
3921,5.988581730456005,12
3922,5.989713059638339,12
3923,6.0024455778360135,12
3924,6.006295086733764,12
3925,6.0183461618583936,12
3926,6.019903171618281,12
3927,6.053375081720226,12
3928,6.069503159039084,12
3929,6.097529077736489,12
3930,6.09859700437672,12
3931,6.098689690246947,12
3932,6.100954066444524,12
3933,6.10564789619306,12
3934,6.120179516386543,12
3935,6.121132181295234,12
3936,6.122649320234247,12
3937,6.129682726286327,12
3938,6.1452316260530075,12
3939,6.156990264959497,12
3940,6.160835836503414,12
3941,6.165397594406864,12
3942,6.173775082594747,12
3943,6.173975227433246,12
3944,6.175970817755881,12
3945,6.176287948406133,12
3946,6.183805320287184,12
3947,6.203240547510831,12
3948,6.208505338943067,12
3949,6.216248750084591,12
3950,6.241140691011507,12
3951,6.271519421010279,12
3952,6.277474783590536,12
3953,6.28050992709811,12
3954,6.292864748299372,12
3955,6.293978727101529,12
3956,6.304045881178489,12
3957,6.312057369718457,12
3958,6.316090986834382,12
3959,6.339331139346611,12
3960,6.347399598177802,12
3961,6.354498556105487,12
3962,6.364101233940987,12
3963,6.375047031860487,12
3964,6.376512246638041,12
3965,6.378789226985981,12
3966,6.3796274563062685,12
3967,6.380176737340059,12
3968,6.38165337556193,12
3969,6.394046238259699,12
3970,6.424646519148148,12
3971,6.4310315377768985,12
3972,6.440465003169031,12
3973,6.441145391872081,12
3974,6.442217540834676,12
3975,6.4448199282177185,12
3976,6.444897970551533,12
3977,6.449233774738335,12
3978,6.458648966343357,12
3979,6.466220785446737,12
3980,6.480586045517179,12
3981,6.487813300285506,12
3982,6.501086901126795,12
3983,6.50188316103473,12
3984,6.506438613591378,12
3985,6.5079486143219505,12
3986,6.541465456548818,12
3987,6.5451944697568765,12
3988,6.548987877281341,12
3989,6.582608700118959,12
3990,6.588200205680929,12
3991,6.591858085282398,12
3992,6.595477871483585,12
3993,6.61092670836046,12
3994,6.61092670836046,12
3995,6.615931364286184,12
3996,6.618953223731811,12
3997,6.625495879813744,12
3998,6.644763463077859,12
3999,6.64650364671013,12
4000,6.682964238694331,12
4001,6.684756287952116,12
4002,6.702057935451587,12
4003,6.7032204399890984,12
4004,6.732842304933504,12
4005,6.737374377412773,12
4006,6.737460506712245,12
4007,6.739819052770192,12
4008,6.765178758250074,12
4009,6.776764764519309,12
4010,6.789639760043199,12
4011,6.795817565605407,12
4012,6.816875081705193,12
4013,6.816875081705193,12
4014,6.827215095563256,12
4015,6.858289218510114,12
4016,6.862587209964509,12
4017,6.9084001258599965,12
4018,6.91108011705663,12
4019,6.923108825845407,12
4020,6.92853123326336,12
4021,6.930897793717303,12
4022,6.962335365682811,12
4023,6.984727137547521,12
4024,6.989163782967642,12
4025,6.9934394417426615,12
4026,7.0165268642843195,12
4027,7.0215980654715375,12
4028,7.052799776878776,12
4029,7.0621513576882595,12
4030,7.071582795138694,12
4031,7.075263255191419,12
4032,7.080638604225804,12
4033,7.108386581083775,12
4034,7.121815314498507,12
4035,7.158488440515084,12
4036,7.158488440515084,12
4037,7.178188435975523,12
4038,7.178842753757691,12
4039,7.187949531140971,12
4040,7.1975671700214585,12
4041,7.20903616289119,12
4042,7.225614856633638,12
4043,7.248224200708489,12
4044,7.252243115657927,12
4045,7.255386448681509,12
4046,7.262084982330413,12
4047,7.266593879909122,12
4048,7.274281596432865,12
4049,7.3565102909186475,12
4050,7.359610814596318,12
4051,7.379883542198101,12
4052,7.399304466387316,12
4053,7.427327392675117,12
4054,7.453609653876395,12
4055,7.457184928524456,12
4056,7.48298790325414,12
4057,7.502836924514025,12
4058,7.504309647913321,12
4059,7.513533172614389,12
4060,7.564046507413906,12
4061,7.575266229235068,12
4062,7.618469222690907,12
4063,7.623184521375543,12
4064,7.649150160199548,12
4065,7.668480307292075,12
4066,7.673925532598049,12
4067,7.69739783370959,12
4068,7.721441235093619,12
4069,7.73110444186621,12
4070,7.74509776778839,12
4071,7.745453290008626,12
4072,7.760176220636067,12
4073,7.783921380274417,12
4074,7.806058221569111,12
4075,7.8123370598473425,12
4076,7.856742989639733,12
4077,7.931383907294957,12
4078,7.9556258670483055,12
4079,7.995594613516742,12
4080,8.007352545428223,12
4081,8.048884989951885,12
4082,8.053258810699457,12
4083,8.089101503178169,12
4084,8.110832787039119,12
4085,8.13542746411443,12
4086,8.226953704834212,12
4087,8.250009423618307,12
4088,8.262403705151375,12
4089,8.263448330077694,12
4090,8.283243144019627,12
4091,8.361285422308494,12
4092,8.389332911526406,12
4093,8.507932520960221,12
4094,8.544682889349405,12
4095,8.598351341769146,12
4096,8.625911126878718,12
4097,8.69516573801662,12
4098,8.928532231255838,12
4099,9.03050993406426,12
4100,9.148542926205428,12
4101,9.163309476087699,12
4102,9.215791724376288,12
4103,9.348336507988442,12
4104,9.429210897815627,12
4105,9.766944151500384,12
4106,9.883362992990357,12
4107,9.917124677216643,12
4108,9.98988595349288,12
4109,10.074598224174212,12
4110,10.10468339618614,12
4111,10.154761210629852,12
4112,10.522617772599672,12
4113,10.529545947689757,12
4114,10.572811042527308,12
4115,10.599089085484422,12
4116,10.668028520578595,12
4117,10.837908016982723,12
4118,11.006488271358425,12
4119,11.050912317598865,12
4120,11.255846276911202,12
4121,11.309674102355725,12
4122,11.54596056857294,12
4123,11.581147768337416,12
4124,11.593056546480444,12
4125,11.616331982882492,12
4126,11.898642415426117,12
4127,12.313181929703479,12
4128,12.430468194491423,12
4129,12.5049983966753,12
4130,12.519905110893559,12
4131,12.899358307402332,12
4132,12.994279011448175,12
4133,13.01925377782482,12
4134,13.072491921823984,12
4135,13.249484280467653,12
4136,13.32453096795876,12
4137,13.345223058576124,12
4138,13.510715886505714,12
4139,13.556142501920164,12
4140,13.556142501920164,12
4141,13.55637933480548,12
4142,13.671700524599393,12
4143,14.056298578399284,12
4144,14.293552166770917,12
4145,14.643907753654075,12
4146,14.838201283581341,12
4147,14.923334004697345,12
4148,15.67952438549588,12
4149,15.803598401894305,12
4150,18.425388708981963,12
4151,18.476678548128998,12
4152,18.813988887665108,12
4153,18.835317871335743,12
4154,18.94465647505606,12
4155,23.697791257674048,12
4156,24.708226861025004,12
4157,24.8050679790619,12
4158,25.724337330558598,12
4159,26.0949153963338,12
4160,26.13397032273076,12
4161,28.09792470819805,12
1,1.9311742102808476,16
2,1.9681273408032816,16
3,1.9933493366908457,16
4,1.997751117955805,16
5,2.0104466388242015,16
6,2.0391864543038363,16
7,2.043829559916426,16
8,2.0710043822549964,16
9,2.080385478055765,16
10,2.081753195091012,16
11,2.0950322528865737,16
12,2.12629742680188,16
13,2.147888738063143,16
14,2.1486743096588112,16
15,2.152034644240386,16
16,2.1539212725712877,16
17,2.155895417190607,16
18,2.1591050520555486,16
19,2.159552859279078,16
20,2.162753304798637,16
21,2.1670826039793414,16
22,2.1718344104100464,16
23,2.1760388560698747,16
24,2.1799721376560095,16
25,2.188195156227808,16
26,2.1889961640261157,16
27,2.1911126808925654,16
28,2.196062971224557,16
29,2.2006647966961115,16
30,2.201096630829746,16
31,2.204011609438808,16
32,2.206546716828968,16
33,2.207722521447172,16
34,2.208492119140132,16
35,2.2103354310653156,16
36,2.2118865442919957,16
37,2.213473886506827,16
38,2.2149374702704505,16
39,2.2168645139960765,16
40,2.2184549696956517,16
41,2.224951562878407,16
42,2.2284328182862474,16
43,2.2327644028676943,16
44,2.2338389498587086,16
45,2.2356566584292072,16
46,2.2364450309447057,16
47,2.2368483537274533,16
48,2.2381746706124317,16
49,2.2422401084691983,16
50,2.2462201056884443,16
51,2.2475681131048617,16
52,2.2519835112702093,16
53,2.2523690470795157,16
54,2.2543682045168714,16
55,2.2549265600351767,16
56,2.258227576812639,16
57,2.2592083555880524,16
58,2.2619322310266905,16
59,2.2621665971388487,16
60,2.2628240663388466,16
61,2.264620312249607,16
62,2.2653506789054316,16
63,2.2671587901923522,16
64,2.2678469038475715,16
65,2.2694723034568804,16
66,2.2728789418403332,16
67,2.273102937535294,16
68,2.2742351321032657,16
69,2.276463957706559,16
70,2.2784413951422726,16
71,2.2811061692212853,16
72,2.2837959005856336,16
73,2.284272875023362,16
74,2.2844020648489334,16
75,2.2913521447545535,16
76,2.292302733864173,16
77,2.292318425886695,16
78,2.2949922564954592,16
79,2.295887767222311,16
80,2.296411481373649,16
81,2.2968981202769663,16
82,2.302095302202279,16
83,2.3024504861008195,16
84,2.3024658894011907,16
85,2.3031868027109588,16
86,2.3034772141242184,16
87,2.304357768140912,16
88,2.3046846408770323,16
89,2.306429233898801,16
90,2.3066407642506412,16
91,2.3080341040047667,16
92,2.310171596892627,16
93,2.3126887263638265,16
94,2.314655810806735,16
95,2.3151448603106592,16
96,2.3159991526458428,16
97,2.316577072446649,16
98,2.3181744952123715,16
99,2.320566990747915,16
100,2.320857766314541,16
101,2.320994841043493,16
102,2.3233524917052972,16
103,2.32589319990653,16
104,2.3265760481066016,16
105,2.3272514040927494,16
106,2.327710686609061,16
107,2.327868143238177,16
108,2.328001040509144,16
109,2.329235846856327,16
110,2.3294600123599403,16
111,2.333793953123833,16
112,2.334163858852874,16
113,2.3345283002301582,16
114,2.3353529420704744,16
115,2.3377053874639717,16
116,2.338814191023266,16
117,2.340547301476721,16
118,2.3408776613330082,16
119,2.3410228120613343,16
120,2.341452556676456,16
121,2.343136905034946,16
122,2.345413051578984,16
123,2.345826670812798,16
124,2.3466046560122695,16
125,2.3467288883899964,16
126,2.3482174783148895,16
127,2.3487144636919597,16
128,2.3498232029634254,16
129,2.3498937944979654,16
130,2.350004889994385,16
131,2.3508536696672873,16
132,2.351019169446342,16
133,2.3518275840488734,16
134,2.3531985961279362,16
135,2.354435045407872,16
136,2.3545299224994154,16
137,2.3567756932870316,16
138,2.361418199699746,16
139,2.3663868339346803,16
140,2.3675084809141165,16
141,2.3704660693213473,16
142,2.3728327367862296,16
143,2.3741474385925048,16
144,2.3762456222422617,16
145,2.3809185545650955,16
146,2.3816254574378894,16
147,2.3821359474038326,16
148,2.382811807518679,16
149,2.383293705972004,16
150,2.3841190750048993,16
151,2.3850579023894527,16
152,2.385939688657919,16
153,2.3861572406683047,16
154,2.386859910262226,16
155,2.3870174748763455,16
156,2.3873821601338165,16
157,2.387782639767927,16
158,2.3883412217586546,16
159,2.3895363478258074,16
160,2.3905686004343702,16
161,2.3916387930088017,16
162,2.3921953113981234,16
163,2.3937632690822057,16
164,2.3941834111584193,16
165,2.3987382543177054,16
166,2.400701101918435,16
167,2.401524702879933,16
168,2.4016135386150936,16
169,2.4017776941836075,16
170,2.4047449698438856,16
171,2.405870866516153,16
172,2.4076583065408377,16
173,2.408745609962973,16
174,2.409565513837356,16
175,2.4106783109847028,16
176,2.4122510071236,16
177,2.412853604690044,16
178,2.4129395076950444,16
179,2.4133384805845206,16
180,2.417110095173061,16
181,2.419207512930216,16
182,2.4198564515859724,16
183,2.4199244564915015,16
184,2.4215155220044333,16
185,2.4227009328213716,16
186,2.4227424039116805,16
187,2.423792694473579,16
188,2.4252453330502957,16
189,2.4256829003730758,16
190,2.4258911182252576,16
191,2.42676644061858,16
192,2.426912429957488,16
193,2.4295068583851194,16
194,2.430084015308646,16
195,2.4304646193345056,16
196,2.431088581758329,16
197,2.431088581758329,16
198,2.4318237898923765,16
199,2.432113044377588,16
200,2.4345324838396505,16
201,2.4360071335048006,16
202,2.436192096971889,16
203,2.4370341485305977,16
204,2.4377276041489107,16
205,2.437985913851294,16
206,2.4387934446365005,16
207,2.439438640265604,16
208,2.4421185700401655,16
209,2.44395644538374,16
210,2.4446557116269436,16
211,2.444668422883207,16
212,2.4453553259343304,16
213,2.446071188240519,16
214,2.446713435621742,16
215,2.448595199693173,16
216,2.452149693952907,16
217,2.452849430000922,16
218,2.4530678942144877,16
219,2.4531732640746178,16
220,2.453492091223236,16
221,2.453740711464377,16
222,2.4546230141411156,16
223,2.454778356807237,16
224,2.4585371368471627,16
225,2.4586255545218356,16
226,2.458979797863929,16
227,2.459890863137973,16
228,2.462109205930147,16
229,2.462230385999474,16
230,2.4624345328229302,16
231,2.4631870938484552,16
232,2.4635714714704426,16
233,2.46401527986723,16
234,2.4649609595369224,16
235,2.4651688516291315,16
236,2.4656725078207224,16
237,2.46583975769515,16
238,2.467900145674197,16
239,2.467917559332053,16
240,2.469343208290848,16
241,2.4713217152358116,16
242,2.4716787430901648,16
243,2.4721249251868334,16
244,2.473053350842171,16
245,2.4739698481855332,16
246,2.475533997368704,16
247,2.476493709774441,16
248,2.476835002752723,16
249,2.477688636178687,16
250,2.480325788063262,16
251,2.480956688670776,16
252,2.4812819005670392,16
253,2.4840788628637527,16
254,2.484474766369782,16
255,2.4845132189511734,16
256,2.484713570457187,16
257,2.484804808008099,16
258,2.4851326758555055,16
259,2.4851785100396486,16
260,2.4855065829059044,16
261,2.486765427571431,16
262,2.4874829975544666,16
263,2.487561695215064,16
264,2.4876263154167315,16
265,2.4879527529263337,16
266,2.4903252901797437,16
267,2.4914052687448422,16
268,2.4917548114488883,16
269,2.4937753908952374,16
270,2.4941323621007676,16
271,2.494918813611296,16
272,2.4954621792896936,16
273,2.4954621792896936,16
274,2.49592384756854,16
275,2.4961164529262425,16
276,2.4974634739414445,16
277,2.4975679602369087,16
278,2.49918249076919,16
279,2.499579366049919,16
280,2.5004497544910427,16
281,2.5039916070169,16
282,2.5053390374589615,16
283,2.507297891074431,16
284,2.5090697552320633,16
285,2.5104234568171013,16
286,2.510612008793968,16
287,2.510612008793968,16
288,2.5130192088523167,16
289,2.513224002137727,16
290,2.5135114814220283,16
291,2.51369611277849,16
292,2.513913981209205,16
293,2.514325341033804,16
294,2.517436567745825,16
295,2.5192118920171063,16
296,2.5195545149246152,16
297,2.5211200274532395,16
298,2.5233534878858737,16
299,2.524520351472846,16
300,2.5267782553159472,16
301,2.526883606624539,16
302,2.528356740129554,16
303,2.5283840516539984,16
304,2.529916423578183,16
305,2.5306448764221545,16
306,2.5318752178195747,16
307,2.533469657331979,16
308,2.533644236561145,16
309,2.535222238943449,16
310,2.5357821181550295,16
311,2.536519874220586,16
312,2.5381855325736504,16
313,2.5385014283520486,16
314,2.5387028598239456,16
315,2.538988857497955,16
316,2.5394745843324675,16
317,2.539590947248089,16
318,2.5396158263189803,16
319,2.5401773154163667,16
320,2.540555011063315,16
321,2.5413881746950837,16
322,2.5418910925285925,16
323,2.542061661434102,16
324,2.5424466348000325,16
325,2.542680535181879,16
326,2.543588833585596,16
327,2.5446792712328916,16
328,2.545386178570721,16
329,2.546807130247769,16
330,2.546941569728622,16
331,2.547062895799749,16
332,2.547483466064645,16
333,2.547628159150077,16
334,2.5476874057233303,16
335,2.5480012707086725,16
336,2.5481544476811204,16
337,2.548492984488786,16
338,2.5505242672354793,16
339,2.55349528085792,16
340,2.554155362105711,16
341,2.554215656019799,16
342,2.554913218913822,16
343,2.554913218913822,16
344,2.5554884451675983,16
345,2.5560553199584737,16
346,2.5560565355352383,16
347,2.556599658476052,16
348,2.556790755014545,16
349,2.556790755014545,16
350,2.557657863723684,16
351,2.5584097600396607,16
352,2.5593824491263235,16
353,2.559506486926727,16
354,2.5620840447911886,16
355,2.562237203823099,16
356,2.563507098827384,16
357,2.5645881792617966,16
358,2.5650209996581252,16
359,2.56533398155557,16
360,2.5653685641249004,16
361,2.567024576655665,16
362,2.5679942388484243,16
363,2.5681988721530122,16
364,2.5695424652815375,16
365,2.5705883633400064,16
366,2.570658487404656,16
367,2.5706857375594154,16
368,2.5725624556450506,16
369,2.572920391204254,16
370,2.5733117151851355,16
371,2.5733117151851355,16
372,2.5733366517766045,16
373,2.5737243804052627,16
374,2.574170059225854,16
375,2.575482048534961,16
376,2.5764468812272643,16
377,2.5765991386810114,16
378,2.577958957154438,16
379,2.5792304906093686,16
380,2.5799837348020986,16
381,2.5811320039191608,16
382,2.5813968425505522,16
383,2.5815847958273412,16
384,2.5835031755891142,16
385,2.584255421772272,16
386,2.5848552487569023,16
387,2.5855245087650767,16
388,2.586153835452001,16
389,2.587538474014776,16
390,2.5876758835447076,16
391,2.5900117021217857,16
392,2.590766750106319,16
393,2.590843981558276,16
394,2.5919142481045876,16
395,2.592294444152595,16
396,2.5930051347023966,16
397,2.593008186348603,16
398,2.5932035947656273,16
399,2.5932344704238792,16
400,2.593683199293752,16
401,2.5936960568206744,16
402,2.594622686861427,16
403,2.594839264511035,16
404,2.595736493282095,16
405,2.59619718005779,16
406,2.59619718005779,16
407,2.59754477331432,16
408,2.5984519176815257,16
409,2.5992611185760195,16
410,2.599572442860982,16
411,2.5997365748244436,16
412,2.6003656676236906,16
413,2.600437450435607,16
414,2.601306379911617,16
415,2.601468916926312,16
416,2.6024354245820853,16
417,2.6024437291767653,16
418,2.602591001348536,16
419,2.6038755463467274,16
420,2.604431908472142,16
421,2.607315856632942,16
422,2.6079091546645925,16
423,2.6088240045409967,16
424,2.6090351116289825,16
425,2.609310381877096,16
426,2.609386089878789,16
427,2.6106861683607008,16
428,2.611021675042112,16
429,2.611629204075287,16
430,2.611694446218593,16
431,2.6117787455697465,16
432,2.61196792358836,16
433,2.6120855092218864,16
434,2.6133742768005286,16
435,2.6138256044875594,16
436,2.6144573311606196,16
437,2.61477602242209,16
438,2.6153443087933006,16
439,2.6162528695150398,16
440,2.617287036429103,16
441,2.6179941295682894,16
442,2.618903636584275,16
443,2.619417938567381,16
444,2.619717690927403,16
445,2.620078372063395,16
446,2.6201708787965763,16
447,2.6201708787965763,16
448,2.6202733655769483,16
449,2.620815286485955,16
450,2.6208896024599895,16
451,2.621351310564763,16
452,2.6216568908217863,16
453,2.6221114030824597,16
454,2.622363819201311,16
455,2.6237579887946154,16
456,2.6239348713903827,16
457,2.625792733283443,16
458,2.6258175894328537,16
459,2.6287438091538746,16
460,2.6289199274079076,16
461,2.6301876985317145,16
462,2.631312727356139,16
463,2.6318661318505425,16
464,2.631987299855001,16
465,2.632240288134894,16
466,2.632682168328918,16
467,2.6334247186471655,16
468,2.6335701742745887,16
469,2.6346829327606875,16
470,2.6347738705103683,16
471,2.6351553476301044,16
472,2.6356153517710963,16
473,2.6363656470742987,16
474,2.6366388299205967,16
475,2.6373723506375852,16
476,2.637620714866045,16
477,2.6390535255970144,16
478,2.6393631532630946,16
479,2.639860676604974,16
480,2.640105345492258,16
481,2.6420476928359493,16
482,2.6436010338892073,16
483,2.64367702095405,16
484,2.6439605786125044,16
485,2.645743325384882,16
486,2.6459605763175804,16
487,2.6460242408740795,16
488,2.6470898829592118,16
489,2.647427635341631,16
490,2.6474433744965133,16
491,2.6475139468305007,16
492,2.648014634738529,16
493,2.648372932318267,16
494,2.6488427492422604,16
495,2.649054441460374,16
496,2.6499860143692002,16
497,2.6509569978013277,16
498,2.6510277784429235,16
499,2.651813685848994,16
500,2.654101215836719,16
501,2.655303688707028,16
502,2.65543022048149,16
503,2.6555808179814817,16
504,2.6556408433644543,16
505,2.6568733621833758,16
506,2.6578076766784373,16
507,2.6578864616921263,16
508,2.6582014851331444,16
509,2.659061514825605,16
510,2.659188034033733,16
511,2.659788041561607,16
512,2.6608008188798675,16
513,2.6618137164875884,16
514,2.6625175055394905,16
515,2.663362998872342,16
516,2.6639270005634152,16
517,2.6642867426785144,16
518,2.6643505503926463,16
519,2.6649144577290307,16
520,2.6659668605126114,16
521,2.6660379466260222,16
522,2.667221740581772,16
523,2.668741103898585,16
524,2.6701050999324694,16
525,2.671230546160326,16
526,2.6715262194569553,16
527,2.671724538090373,16
528,2.6750914532684664,16
529,2.675198119151335,16
530,2.6766027614319334,16
531,2.6774289786864656,16
532,2.6780148634201657,16
533,2.678903301619909,16
534,2.679785959191625,16
535,2.6797898666520807,16
536,2.681139447723208,16
537,2.6814365890653638,16
538,2.681906855006826,16
539,2.6819098342387004,16
540,2.6828627460887984,16
541,2.6835702335904785,16
542,2.6848731051582475,16
543,2.6849401547629217,16
544,2.6849401547629217,16
545,2.6855359077227487,16
546,2.6866127733184446,16
547,2.6875464058495426,16
548,2.688397890330191,16
549,2.689020693928154,16
550,2.689135365645626,16
551,2.6894398586817565,16
552,2.690556461991594,16
553,2.69126728330977,16
554,2.691608733323981,16
555,2.6917051027837045,16
556,2.6917752189922224,16
557,2.6918169540127717,16
558,2.6921052061439354,16
559,2.6922137388085967,16
560,2.692269616013678,16
561,2.692273970388646,16
562,2.692405213775062,16
563,2.69242202483771,16
564,2.693222410314343,16
565,2.693271646534687,16
566,2.6935985601446784,16
567,2.694716242339972,16
568,2.6952002895256695,16
569,2.695536357434158,16
570,2.69567308911115,16
571,2.6963076488544124,16
572,2.6964697917084854,16
573,2.696719956936846,16
574,2.6969208428118456,16
575,2.697130062691241,16
576,2.697380314007156,16
577,2.6974928593692145,16
578,2.6986628299973585,16
579,2.7000940715776944,16
580,2.702093344543954,16
581,2.702468927735759,16
582,2.7027003820014026,16
583,2.703871838166412,16
584,2.704274121740917,16
585,2.7043306334493074,16
586,2.7054784786572164,16
587,2.7069469521520984,16
588,2.7082514255529038,16
589,2.7083729272382593,16
590,2.708504747060088,16
591,2.708610679078389,16
592,2.710044694080609,16
593,2.7108030388005013,16
594,2.711060094932368,16
595,2.711747553918917,16
596,2.7119193405395383,16
597,2.712427928976358,16
598,2.7125927669005305,16
599,2.7132670338558653,16
600,2.714024606008439,16
601,2.714522010409892,16
602,2.7149327547729203,16
603,2.716036181240358,16
604,2.716400807192012,16
605,2.7165823513248015,16
606,2.7176668213788027,16
607,2.719973378150068,16
608,2.720418288449888,16
609,2.720521370625452,16
610,2.7207073543574167,16
611,2.721337897418809,16
612,2.7214432512932056,16
613,2.7222766608832956,16
614,2.7223246390615827,16
615,2.7225213715984826,16
616,2.7235932304906836,16
617,2.7241924874617496,16
618,2.7256221712987667,16
619,2.7257652458984634,16
620,2.726816398282142,16
621,2.727311125148945,16
622,2.727341518639505,16
623,2.727363981482926,16
624,2.728325857456101,16
625,2.7292670787526605,16
626,2.729407432514471,16
627,2.729509238531333,16
628,2.7307068919414963,16
629,2.730836931226998,16
630,2.731241490507908,16
631,2.7313293366046847,16
632,2.7316548235557545,16
633,2.732043876345529,16
634,2.7320980873073197,16
635,2.7324604224030598,16
636,2.733020637973273,16
637,2.733322346788745,16
638,2.7337938144872043,16
639,2.7339159214878075,16
640,2.7339161366106945,16
641,2.7342304551051986,16
642,2.734712965536202,16
643,2.735474415148722,16
644,2.736382264365809,16
645,2.738025258823497,16
646,2.738274657934555,16
647,2.7386210519179737,16
648,2.7386544900534244,16
649,2.739631691703082,16
650,2.7404487703513687,16
651,2.7405922365979065,16
652,2.7406819706695185,16
653,2.7407216040280553,16
654,2.741433565510445,16
655,2.742650782915472,16
656,2.7433566651702246,16
657,2.743937499379822,16
658,2.743962425310967,16
659,2.7443200405749333,16
660,2.7446803188343654,16
661,2.7458552656288875,16
662,2.7463411206466835,16
663,2.7478024087973068,16
664,2.74840529702254,16
665,2.748912227210474,16
666,2.750297839693079,16
667,2.750945538125621,16
668,2.7519434247092467,16
669,2.7519461123937194,16
670,2.75221975555818,16
671,2.753292744032789,16
672,2.754164588547142,16
673,2.754934824307253,16
674,2.7553005186513158,16
675,2.755335578969255,16
676,2.7564453961951765,16
677,2.7567918056237235,16
678,2.7568966708042666,16
679,2.7589289223608255,16
680,2.759464655148944,16
681,2.7595800334675404,16
682,2.7597869390439054,16
683,2.760872637754543,16
684,2.761087601898417,16
685,2.76112649965077,16
686,2.761374582820619,16
687,2.761487926638178,16
688,2.7622566258223804,16
689,2.762443564283296,16
690,2.762445198384791,16
691,2.762445520618162,16
692,2.7638687695992745,16
693,2.7640723570404075,16
694,2.764797994387227,16
695,2.7649240660460004,16
696,2.7659164863217867,16
697,2.7663872916053243,16
698,2.7664748012330707,16
699,2.7671677397019097,16
700,2.7675059979018535,16
701,2.767599615768434,16
702,2.767907607418699,16
703,2.767983460222348,16
704,2.7689645594118493,16
705,2.768975427362128,16
706,2.769132677107957,16
707,2.769303954673599,16
708,2.76947263026969,16
709,2.769940170884511,16
710,2.7719253135555317,16
711,2.7730208512922294,16
712,2.7730247149787184,16
713,2.7732271548293324,16
714,2.773861314533208,16
715,2.774271385967462,16
716,2.7752944374074824,16
717,2.775486092882097,16
718,2.7766066943904613,16
719,2.7777712183787187,16
720,2.778987633554993,16
721,2.7791603966833898,16
722,2.7799860160586,16
723,2.7800029108264486,16
724,2.7800264258518825,16
725,2.783189225401623,16
726,2.7838653713687593,16
727,2.783993549902084,16
728,2.7843000741339576,16
729,2.784306964712618,16
730,2.7844690368715583,16
731,2.7847470297353274,16
732,2.7848326960169008,16
733,2.7853549791125345,16
734,2.7854380385616357,16
735,2.7860139114843125,16
736,2.7861120324214212,16
737,2.7861602263472722,16
738,2.7868169295120286,16
739,2.787088416720178,16
740,2.7873696618381976,16
741,2.788702602164449,16
742,2.788800897587255,16
743,2.7889961430512935,16
744,2.790393692667654,16
745,2.791133189843412,16
746,2.7923684590817928,16
747,2.7923684590817928,16
748,2.7925108488579653,16
749,2.792563836932925,16
750,2.792565415624927,16
751,2.792606806618211,16
752,2.7928483468024536,16
753,2.79433607273314,16
754,2.7952933539270353,16
755,2.795372742695159,16
756,2.7958052274112086,16
757,2.796259863581488,16
758,2.796274280794092,16
759,2.796307432506459,16
760,2.7965363977215736,16
761,2.79720966265858,16
762,2.797270252383644,16
763,2.797704897328299,16
764,2.7982999700860316,16
765,2.7991681838784284,16
766,2.7997426011043984,16
767,2.8015054292948873,16
768,2.80240588991638,16
769,2.8025898771318185,16
770,2.8026547579402665,16
771,2.8031072619440143,16
772,2.8031072619440143,16
773,2.8031352026873777,16
774,2.8035074405562055,16
775,2.8038007485510317,16
776,2.803911656678926,16
777,2.80490529240003,16
778,2.8063578600416683,16
779,2.807958490526319,16
780,2.808134554471885,16
781,2.809003242990328,16
782,2.8096008725886548,16
783,2.8106786453679358,16
784,2.8116962127320373,16
785,2.811802463016273,16
786,2.81228480423306,16
787,2.8126165269077235,16
788,2.8126340679690505,16
789,2.8127004590874294,16
790,2.8129329756966075,16
791,2.8131323750927235,16
792,2.813892656622966,16
793,2.814697767641748,16
794,2.8152077311793144,16
795,2.8153017824266025,16
796,2.815987028994939,16
797,2.8169534166893557,16
798,2.8176324286959384,16
799,2.817666574529569,16
800,2.818911771487764,16
801,2.8198547567135055,16
802,2.819905227077587,16
803,2.820756914699945,16
804,2.821860847226132,16
805,2.8220155124754127,16
806,2.823907172652345,16
807,2.8240073923893014,16
808,2.8252781017284256,16
809,2.825304707239501,16
810,2.825341718656949,16
811,2.8254300601553313,16
812,2.8256013929885313,16
813,2.826553968305862,16
814,2.82680905084312,16
815,2.827364071529965,16
816,2.8273892563706755,16
817,2.827420364555004,16
818,2.827459455156239,16
819,2.827734575985329,16
820,2.8279173773726085,16
821,2.827938923018515,16
822,2.828628706512873,16
823,2.829301200752224,16
824,2.8294765932443853,16
825,2.829543629162254,16
826,2.8303715060513888,16
827,2.830659321616195,16
828,2.8308215705022675,16
829,2.831075874618515,16
830,2.8311555063036975,16
831,2.831286911074482,16
832,2.8314403200936753,16
833,2.8314577002531025,16
834,2.8314577002531025,16
835,2.83166379060424,16
836,2.8317103500159977,16
837,2.8323491996838537,16
838,2.832655235937493,16
839,2.832696269502441,16
840,2.833223312051051,16
841,2.8342925835537196,16
842,2.8344863840539722,16
843,2.8352240156607733,16
844,2.835545787908058,16
845,2.8355861257760493,16
846,2.8361944982131178,16
847,2.8361944982131178,16
848,2.836389596115619,16
849,2.8365081113907262,16
850,2.8365979356194906,16
851,2.836808192076073,16
852,2.8369265381808373,16
853,2.8373302086324133,16
854,2.8375366910713877,16
855,2.837686892117031,16
856,2.837781247874185,16
857,2.8378710460448415,16
858,2.8390378352761565,16
859,2.840955700927316,16
860,2.841365082760735,16
861,2.8419414075089904,16
862,2.8420948104811266,16
863,2.8422488021623056,16
864,2.8423174031612914,16
865,2.842365242675838,16
866,2.8426042357569212,16
867,2.8431692662976604,16
868,2.84320753728763,16
869,2.8439809385255126,16
870,2.844323284844721,16
871,2.8448239044039973,16
872,2.845203992851926,16
873,2.845540258533556,16
874,2.845932043503963,16
875,2.845937687112896,16
876,2.846435386364651,16
877,2.8472147645669725,16
878,2.8472370310710002,16
879,2.847533714119344,16
880,2.8477499586534725,16
881,2.847797889782255,16
882,2.847862462586141,16
883,2.847862462586141,16
884,2.8481330030127894,16
885,2.848270087877333,16
886,2.8484156651178387,16
887,2.848559547955281,16
888,2.849124185611281,16
889,2.8504001132711685,16
890,2.8510641781453834,16
891,2.851308093215276,16
892,2.8518200885776275,16
893,2.851866461087868,16
894,2.8519291029165315,16
895,2.8519940372433332,16
896,2.852709937973067,16
897,2.8532597727884266,16
898,2.8534014524584825,16
899,2.8534730415197154,16
900,2.8534797203433198,16
901,2.853576808381488,16
902,2.853576808381488,16
903,2.854407284433776,16
904,2.8545033285102077,16
905,2.854691495480153,16
906,2.8550666420218613,16
907,2.8563778468770926,16
908,2.8569720773774088,16
909,2.8571223540089603,16
910,2.8576414668328867,16
911,2.8581661026857503,16
912,2.8586275780976758,16
913,2.859240818750629,16
914,2.8593103845313683,16
915,2.859918972597637,16
916,2.861239571613059,16
917,2.8617290787316367,16
918,2.8625078042179046,16
919,2.8634866025605765,16
920,2.863804456751814,16
921,2.8640797646196576,16
922,2.864097640675098,16
923,2.8642684543323824,16
924,2.864427959666254,16
925,2.864890736309133,16
926,2.864961690154239,16
927,2.866215347722874,16
928,2.8666887591445125,16
929,2.8667461392627875,16
930,2.8667461392627875,16
931,2.867465727318307,16
932,2.8678486838244037,16
933,2.868168778668802,16
934,2.8682593929378974,16
935,2.868349403542696,16
936,2.869428748299429,16
937,2.870770137500094,16
938,2.8708185517737412,16
939,2.871318346313716,16
940,2.871395764830804,16
941,2.8718771215761953,16
942,2.872363193634386,16
943,2.872709559506181,16
944,2.872973561079449,16
945,2.8744269900285975,16
946,2.875358448710629,16
947,2.875516095514459,16
948,2.875688413343463,16
949,2.875737268505403,16
950,2.8758809126986775,16
951,2.876120899866415,16
952,2.8762481686730794,16
953,2.8763109922980385,16
954,2.8764640896302494,16
955,2.8768096762080817,16
956,2.8768150452415235,16
957,2.8770774833535997,16
958,2.8773221272516376,16
959,2.8779757458385338,16
960,2.878628266733942,16
961,2.8789962763052044,16
962,2.8793455034290747,16
963,2.8797595278991563,16
964,2.8803396533075785,16
965,2.8805297130666476,16
966,2.880547050833617,16
967,2.881576579222203,16
968,2.881847464732484,16
969,2.8822945252525174,16
970,2.882743387268648,16
971,2.8828573744695607,16
972,2.883280592194541,16
973,2.8851686746819785,16
974,2.8864135860831177,16
975,2.8865439733542355,16
976,2.886788049354917,16
977,2.8884769502396592,16
978,2.8888983789180616,16
979,2.889847219135634,16
980,2.8899872794661783,16
981,2.890444686013114,16
982,2.8909128668125557,16
983,2.891655031297404,16
984,2.891849349065882,16
985,2.891893493001532,16
986,2.892089111970059,16
987,2.8927604608937156,16
988,2.8929516533573327,16
989,2.893490419219302,16
990,2.8937107765332244,16
991,2.893906590637699,16
992,2.8941985105346317,16
993,2.89515411810746,16
994,2.895926231113153,16
995,2.8961619450587612,16
996,2.896792249306546,16
997,2.8973202931430793,16
998,2.897611956269202,16
999,2.898305406182894,16
1000,2.8991753092089083,16
1001,2.8994132263818426,16
1002,2.8995465127146978,16
1003,2.899684649617718,16
1004,2.9001502096534817,16
1005,2.9001788717706822,16
1006,2.900978304523859,16
1007,2.901615508062532,16
1008,2.9021123209835014,16
1009,2.905004536945132,16
1010,2.905538142008821,16
1011,2.905888068246579,16
1012,2.905985936866308,16
1013,2.9061616066529483,16
1014,2.9063261006194354,16
1015,2.9068239491829813,16
1016,2.9069278334188944,16
1017,2.907128990501135,16
1018,2.9074324222768277,16
1019,2.907503138624251,16
1020,2.9075578889653184,16
1021,2.907628488518616,16
1022,2.9077712308306247,16
1023,2.9078565254795077,16
1024,2.9079867876433276,16
1025,2.9091096100156344,16
1026,2.9091793420820298,16
1027,2.909208299794224,16
1028,2.910338953074946,16
1029,2.9109523287009584,16
1030,2.9119926956842015,16
1031,2.9120260910131286,16
1032,2.9122306908847393,16
1033,2.912273449959173,16
1034,2.912952021077397,16
1035,2.912996696001768,16
1036,2.91428591481877,16
1037,2.915722268601682,16
1038,2.916709686184123,16
1039,2.9189678263363024,16
1040,2.9191978786959796,16
1041,2.9193907109522548,16
1042,2.919415827612371,16
1043,2.9194938506814316,16
1044,2.920468095217936,16
1045,2.9209815971317843,16
1046,2.9210592964329227,16
1047,2.921669311827718,16
1048,2.921998083573932,16
1049,2.922045168491982,16
1050,2.9227465690309162,16
1051,2.9240435535783855,16
1052,2.9241529625271996,16
1053,2.9244545858263873,16
1054,2.9248295507676,16
1055,2.9252570405955796,16
1056,2.925296172073425,16
1057,2.925327556436436,16
1058,2.92555089727581,16
1059,2.9268381979692837,16
1060,2.927352419958495,16
1061,2.928233072910093,16
1062,2.9287948568483926,16
1063,2.9289094865871625,16
1064,2.929230447448367,16
1065,2.9295038677734406,16
1066,2.9295165771808014,16
1067,2.9300391172917237,16
1068,2.9303275672153575,16
1069,2.930601614760844,16
1070,2.9306411672684907,16
1071,2.931224888521773,16
1072,2.931376594882413,16
1073,2.931851186366909,16
1074,2.932363004402586,16
1075,2.9327159173045363,16
1076,2.9327656765061367,16
1077,2.933080226887391,16
1078,2.933107535663204,16
1079,2.933110375275383,16
1080,2.9335078895540874,16
1081,2.934039067493975,16
1082,2.9343291074983977,16
1083,2.9346606394592274,16
1084,2.934897181344482,16
1085,2.9349819821554757,16
1086,2.9355133747123676,16
1087,2.935618155930395,16
1088,2.936034527922246,16
1089,2.936424262387604,16
1090,2.9367848532073935,16
1091,2.9368663664060213,16
1092,2.9369034744219187,16
1093,2.9370631556254234,16
1094,2.9377402728192807,16
1095,2.9384266227303946,16
1096,2.9392948677612822,16
1097,2.9401442959507604,16
1098,2.9408938243986777,16
1099,2.9413947429345653,16
1100,2.9422312609254075,16
1101,2.9429974153679703,16
1102,2.9433034253995696,16
1103,2.9439104867298433,16
1104,2.944184794429797,16
1105,2.9443091414652827,16
1106,2.945647302579,16
1107,2.9458301240074047,16
1108,2.9462856303980924,16
1109,2.9468194227051114,16
1110,2.9470940475957272,16
1111,2.947161337342753,16
1112,2.9473908428303672,16
1113,2.947449805876075,16
1114,2.947895498464342,16
1115,2.9478970744821344,16
1116,2.9479753780321785,16
1117,2.948151314013124,16
1118,2.948381889225664,16
1119,2.9493653419298274,16
1120,2.9497904045229877,16
1121,2.950402091781281,16
1122,2.950425690879386,16
1123,2.9507785562305946,16
1124,2.950842168797052,16
1125,2.9510600629736197,16
1126,2.9518039374515053,16
1127,2.9518888225257642,16
1128,2.9520711312993364,16
1129,2.952446740576343,16
1130,2.95268510225942,16
1131,2.952930478715931,16
1132,2.9531449793256304,16
1133,2.9536942158195183,16
1134,2.9543965515500497,16
1135,2.9560300633795924,16
1136,2.956276760569165,16
1137,2.957693504761915,16
1138,2.9577261372942165,16
1139,2.958321840397169,16
1140,2.9584147717180658,16
1141,2.958496273612323,16
1142,2.9589269791348047,16
1143,2.9593389761810673,16
1144,2.959845615377764,16
1145,2.961097083020294,16
1146,2.9628635730031285,16
1147,2.96435876509955,16
1148,2.9646891888713687,16
1149,2.9649054895844134,16
1150,2.965144860342138,16
1151,2.965593503201557,16
1152,2.9663041282408638,16
1153,2.967170153770889,16
1154,2.9677551664438715,16
1155,2.9679660959353553,16
1156,2.9679660959353553,16
1157,2.968190793514275,16
1158,2.968240168838657,16
1159,2.9696838275225015,16
1160,2.96970549538997,16
1161,2.9728628384484694,16
1162,2.9730338590236016,16
1163,2.9731834881118453,16
1164,2.9732285140961627,16
1165,2.974695482786378,16
1166,2.974752915886071,16
1167,2.9747533478357004,16
1168,2.9751022168331103,16
1169,2.975303178265608,16
1170,2.975619023364924,16
1171,2.9759195914527536,16
1172,2.9760528729569864,16
1173,2.976057232645939,16
1174,2.976134696418477,16
1175,2.9763145066029018,16
1176,2.9765430357801375,16
1177,2.976850519655888,16
1178,2.977338765521924,16
1179,2.9783100834423197,16
1180,2.978804898269341,16
1181,2.9788673981564275,16
1182,2.97968515390319,16
1183,2.9797912471032273,16
1184,2.979791256439147,16
1185,2.9800878931181525,16
1186,2.9809161843520875,16
1187,2.9810273117431185,16
1188,2.9810828651716803,16
1189,2.981190949185916,16
1190,2.981372861252691,16
1191,2.9816362593080763,16
1192,2.982069475379708,16
1193,2.9826162415153226,16
1194,2.982712122979921,16
1195,2.982829401861183,16
1196,2.982830170559825,16
1197,2.9835447207563086,16
1198,2.9836470756202176,16
1199,2.9837517452903346,16
1200,2.9838900252001284,16
1201,2.9845789255033144,16
1202,2.9853208595278695,16
1203,2.985745733290816,16
1204,2.9859198952172226,16
1205,2.987575549832087,16
1206,2.9882659373384475,16
1207,2.988463904264835,16
1208,2.9896095460791257,16
1209,2.9896813901972847,16
1210,2.9897026687044805,16
1211,2.9902566139512023,16
1212,2.9914006030242475,16
1213,2.9917317639352943,16
1214,2.9918460211630062,16
1215,2.992938224899237,16
1216,2.994669871175454,16
1217,2.994938709838136,16
1218,2.995607042761823,16
1219,2.9956739527026524,16
1220,2.9960559233248665,16
1221,2.996801114790642,16
1222,2.9969542544838124,16
1223,2.9980820553479473,16
1224,2.998224611548066,16
1225,2.9993724622518387,16
1226,3.0004331048404707,16
1227,3.0009831291782274,16
1228,3.0010718085646997,16
1229,3.0014511918075883,16
1230,3.0016984778389086,16
1231,3.002177799369765,16
1232,3.0023535222673265,16
1233,3.00269675597799,16
1234,3.0033633705666647,16
1235,3.0036622383954334,16
1236,3.0042430239787863,16
1237,3.0050082625101715,16
1238,3.0055239716426576,16
1239,3.0057549110523,16
1240,3.005756462977686,16
1241,3.005952929790849,16
1242,3.0060247626196457,16
1243,3.0063944512880405,16
1244,3.0065903981866557,16
1245,3.0072084848477774,16
1246,3.0077448869648933,16
1247,3.0088788492128584,16
1248,3.0101719156798885,16
1249,3.01026422769659,16
1250,3.0102645227233866,16
1251,3.0113202257465406,16
1252,3.011424575245792,16
1253,3.0115293907989953,16
1254,3.012323286844011,16
1255,3.0130709159040716,16
1256,3.0137621497117255,16
1257,3.013883616176591,16
1258,3.0148345894678905,16
1259,3.0148750834842146,16
1260,3.015355195487655,16
1261,3.0157241555003966,16
1262,3.0157840523895842,16
1263,3.016037941197879,16
1264,3.016176921382121,16
1265,3.0178088088350594,16
1266,3.0188466046241333,16
1267,3.018951799321039,16
1268,3.0192564019609214,16
1269,3.019478931549957,16
1270,3.0201139892003783,16
1271,3.020448038575584,16
1272,3.0211956746689412,16
1273,3.021212840588787,16
1274,3.022215662434607,16
1275,3.022369481969297,16
1276,3.0235527475876,16
1277,3.0238194865404004,16
1278,3.0240354164593524,16
1279,3.024149236465584,16
1280,3.024195165495509,16
1281,3.024392419521332,16
1282,3.024401157725559,16
1283,3.0248048158907563,16
1284,3.025352770843822,16
1285,3.025381172271431,16
1286,3.026279182220767,16
1287,3.0266489751162395,16
1288,3.0276442697125407,16
1289,3.0276878017852176,16
1290,3.0279175804055116,16
1291,3.0285048489162527,16
1292,3.0286240159724818,16
1293,3.0302106803984645,16
1294,3.0313694118580057,16
1295,3.031468957081691,16
1296,3.0319088873655105,16
1297,3.0322255567566763,16
1298,3.0326628301173546,16
1299,3.032773188723934,16
1300,3.0336057044949247,16
1301,3.0337031759752318,16
1302,3.0339112669031056,16
1303,3.033964823512826,16
1304,3.0348964282597124,16
1305,3.035227594457739,16
1306,3.035495616874094,16
1307,3.0355232376625767,16
1308,3.036124395273307,16
1309,3.0362915468137714,16
1310,3.0365070996400116,16
1311,3.0367163766963765,16
1312,3.0377771665679445,16
1313,3.0387080278417806,16
1314,3.0391095348251795,16
1315,3.039258249773282,16
1316,3.0401779212214692,16
1317,3.040394403973998,16
1318,3.0404109558830466,16
1319,3.0405245692781446,16
1320,3.0406194114536516,16
1321,3.0411513561182657,16
1322,3.0411797354954784,16
1323,3.041684970273489,16
1324,3.042244870700775,16
1325,3.0423857289618024,16
1326,3.0425183165650997,16
1327,3.0426705985627014,16
1328,3.0429121180435312,16
1329,3.0431164747288375,16
1330,3.043173209274856,16
1331,3.0437843882766114,16
1332,3.0439244444942175,16
1333,3.0447188070343247,16
1334,3.045326450076188,16
1335,3.045803241484883,16
1336,3.045923493033255,16
1337,3.04604155980681,16
1338,3.0465620963163875,16
1339,3.047445375644332,16
1340,3.0489192134479124,16
1341,3.049049278134555,16
1342,3.050139402806499,16
1343,3.050305514362929,16
1344,3.0505789836735606,16
1345,3.050857842568562,16
1346,3.051833109057647,16
1347,3.0519935233087305,16
1348,3.0520100657726252,16
1349,3.0528330739872622,16
1350,3.05297365418693,16
1351,3.0531913911081867,16
1352,3.0534674159579516,16
1353,3.0538481783546687,16
1354,3.0539265556476027,16
1355,3.0541316389398827,16
1356,3.054206824516442,16
1357,3.0544055472136433,16
1358,3.054773669848643,16
1359,3.055289860836332,16
1360,3.0555997367562098,16
1361,3.0574777674420455,16
1362,3.0593718453362175,16
1363,3.059445796047474,16
1364,3.0612595864841263,16
1365,3.061302874725326,16
1366,3.0613899103747904,16
1367,3.062416580814938,16
1368,3.062773081280773,16
1369,3.0629060806502286,16
1370,3.0640616768184166,16
1371,3.06455138800403,16
1372,3.064980937306292,16
1373,3.0651650165697855,16
1374,3.0661083069257846,16
1375,3.0661581199123646,16
1376,3.066159751363973,16
1377,3.06618752961949,16
1378,3.0674574760995243,16
1379,3.0679883026321955,16
1380,3.0681541358246376,16
1381,3.068607022810953,16
1382,3.0688554340641745,16
1383,3.0691450208411126,16
1384,3.069149461073187,16
1385,3.069530802792912,16
1386,3.0705309142980695,16
1387,3.0707288898152965,16
1388,3.0711265126350424,16
1389,3.071454935547346,16
1390,3.0718118741037985,16
1391,3.072144655170089,16
1392,3.0726368985401726,16
1393,3.072991045276858,16
1394,3.074260659271739,16
1395,3.0745340030013417,16
1396,3.074971909012422,16
1397,3.0752306608312177,16
1398,3.075900253870533,16
1399,3.0764958990393403,16
1400,3.0766164191525065,16
1401,3.0771368703611324,16
1402,3.077327215515648,16
1403,3.077399309641276,16
1404,3.078964042217209,16
1405,3.07899205177252,16
1406,3.0790797785913093,16
1407,3.0791063525589744,16
1408,3.0794291800310303,16
1409,3.0796388131440855,16
1410,3.0798745704236357,16
1411,3.079984774371108,16
1412,3.0802393487737816,16
1413,3.080526157373896,16
1414,3.0806243141317364,16
1415,3.081253863874306,16
1416,3.0812848836090603,16
1417,3.0815927239735093,16
1418,3.0821457425178114,16
1419,3.0822173939967095,16
1420,3.0826330071085706,16
1421,3.083296239581401,16
1422,3.083580227816223,16
1423,3.0836124068395065,16
1424,3.0838663902297587,16
1425,3.0843151233376465,16
1426,3.084415976292611,16
1427,3.0853841804449087,16
1428,3.085469646391916,16
1429,3.085842644921817,16
1430,3.0860595438370306,16
1431,3.0869795452180107,16
1432,3.087006022188616,16
1433,3.0877123523153784,16
1434,3.088653751143879,16
1435,3.088653751143879,16
1436,3.0890728672016374,16
1437,3.089105136762284,16
1438,3.090180286322004,16
1439,3.091075738871637,16
1440,3.09164989744163,16
1441,3.0917407194423157,16
1442,3.0921398098957114,16
1443,3.0922175876497757,16
1444,3.0923078240612916,16
1445,3.0924929301067765,16
1446,3.092642530293464,16
1447,3.09284874267373,16
1448,3.0932593513515627,16
1449,3.0939712549699037,16
1450,3.095536253777242,16
1451,3.0959212066290975,16
1452,3.096428903773672,16
1453,3.096662497121132,16
1454,3.0968025211128327,16
1455,3.097430661268474,16
1456,3.097541883055365,16
1457,3.097575579717268,16
1458,3.097580002544998,16
1459,3.0983427769564225,16
1460,3.098991909627412,16
1461,3.0994082802041936,16
1462,3.0997730181760543,16
1463,3.1003475663747384,16
1464,3.1006555942492073,16
1465,3.101205993113332,16
1466,3.1016678715750725,16
1467,3.1017416607285795,16
1468,3.1017898497430445,16
1469,3.101886406403547,16
1470,3.1023177465445153,16
1471,3.102688637147125,16
1472,3.1031658883715516,16
1473,3.104730572790615,16
1474,3.1047884214201606,16
1475,3.104790349080817,16
1476,3.105310397266925,16
1477,3.1056092096131835,16
1478,3.1056615597605215,16
1479,3.1059327801554435,16
1480,3.106321047714376,16
1481,3.1073477412312767,16
1482,3.1078437090915454,16
1483,3.10788819986623,16
1484,3.108526723356117,16
1485,3.1094458191276124,16
1486,3.1099171572075006,16
1487,3.109955521862257,16
1488,3.11007472834776,16
1489,3.1106241507230226,16
1490,3.111114205649452,16
1491,3.1111229177957256,16
1492,3.11137714010365,16
1493,3.1125686009452465,16
1494,3.1131018851639287,16
1495,3.1137516529266636,16
1496,3.115363586341484,16
1497,3.1157142902106187,16
1498,3.116023758715113,16
1499,3.116918346687551,16
1500,3.117150673654866,16
1501,3.1171646182561097,16
1502,3.1176198312592884,16
1503,3.117700707574716,16
1504,3.1179451665981035,16
1505,3.118289271568186,16
1506,3.118630276365298,16
1507,3.119758959927056,16
1508,3.119896757047609,16
1509,3.120125049505274,16
1510,3.120785846766376,16
1511,3.1224937485280457,16
1512,3.1226836602094297,16
1513,3.1231968380656663,16
1514,3.1233089171275696,16
1515,3.1233089171275696,16
1516,3.124323768737107,16
1517,3.1252699661363024,16
1518,3.125361171193269,16
1519,3.1263788828640795,16
1520,3.1267499262016782,16
1521,3.1271732056538863,16
1522,3.1274842293901246,16
1523,3.1278340245859915,16
1524,3.1282275485104383,16
1525,3.1285814190744428,16
1526,3.129732916780934,16
1527,3.129777543436281,16
1528,3.130266313339468,16
1529,3.130887917034749,16
1530,3.1312743598617585,16
1531,3.131397102458031,16
1532,3.1313992155322947,16
1533,3.1316541254177697,16
1534,3.1318123263000577,16
1535,3.131883923528981,16
1536,3.1325539258232262,16
1537,3.1338002764987674,16
1538,3.1340009298995115,16
1539,3.1343195764020897,16
1540,3.1345470998927176,16
1541,3.1349854616051336,16
1542,3.1354037785266184,16
1543,3.1357728238178946,16
1544,3.1361739594149562,16
1545,3.1363412939654567,16
1546,3.1368434936168628,16
1547,3.1371243876869044,16
1548,3.137270753538148,16
1549,3.137800777455389,16
1550,3.1379391160063057,16
1551,3.1380998626699403,16
1552,3.138574544259542,16
1553,3.138814147136828,16
1554,3.140578179761,16
1555,3.1408578085342014,16
1556,3.1409449139645607,16
1557,3.140969345573476,16
1558,3.141068474608062,16
1559,3.141298200031641,16
1560,3.1422188940569717,16
1561,3.1436871845611383,16
1562,3.1442171199069673,16
1563,3.144832258018115,16
1564,3.1449398623216123,16
1565,3.1453349606315566,16
1566,3.1454009070391944,16
1567,3.1458387608657983,16
1568,3.146329025748367,16
1569,3.147322455921817,16
1570,3.1473426495811676,16
1571,3.1474601886832567,16
1572,3.147653523238931,16
1573,3.147959421236384,16
1574,3.1480362473671004,16
1575,3.1481614413310117,16
1576,3.148483712631499,16
1577,3.1485253389428194,16
1578,3.148634811127807,16
1579,3.1488543210111657,16
1580,3.148914863209602,16
1581,3.1490680465276957,16
1582,3.1491820767832914,16
1583,3.149210590965994,16
1584,3.1500042938089012,16
1585,3.1500636985063335,16
1586,3.152308370703355,16
1587,3.152366715631453,16
1588,3.1531143391668888,16
1589,3.1536816077764476,16
1590,3.153978207778407,16
1591,3.1540798031430435,16
1592,3.1542813248638972,16
1593,3.154730688895012,16
1594,3.154868205935421,16
1595,3.1552587450042155,16
1596,3.155552624946863,16
1597,3.1558865973400323,16
1598,3.1559722795574183,16
1599,3.1561308961601875,16
1600,3.1562089115628824,16
1601,3.1568575863061454,16
1602,3.1569883016378486,16
1603,3.1579934744816542,16
1604,3.158298993147681,16
1605,3.158647072521737,16
1606,3.158691092993239,16
1607,3.159010531494748,16
1608,3.159879801644341,16
1609,3.1599227886061603,16
1610,3.160216184654411,16
1611,3.1611823191924664,16
1612,3.162425708367125,16
1613,3.162711158328614,16
1614,3.1627229337755325,16
1615,3.162793486322856,16
1616,3.16310356390667,16
1617,3.163183706530087,16
1618,3.1634089571401187,16
1619,3.1634821041086547,16
1620,3.163614714246642,16
1621,3.163638043642296,16
1622,3.1636936133416738,16
1623,3.164237772223758,16
1624,3.164287521187875,16
1625,3.164627193642798,16
1626,3.164644110893902,16
1627,3.1646713781916103,16
1628,3.165119371353494,16
1629,3.165210108606022,16
1630,3.165805891799585,16
1631,3.1659238312659577,16
1632,3.1663964095393498,16
1633,3.16665091408783,16
1634,3.167030605759527,16
1635,3.168772074035466,16
1636,3.1688367424238346,16
1637,3.1695653887166984,16
1638,3.1698245415837345,16
1639,3.1706378621443063,16
1640,3.170655576923797,16
1641,3.1707202033827886,16
1642,3.1707468452257643,16
1643,3.1710312214482568,16
1644,3.1714990291519913,16
1645,3.171588109701809,16
1646,3.1723168756697593,16
1647,3.1730133529189826,16
1648,3.173053119360228,16
1649,3.1732985219497367,16
1650,3.1737839944720734,16
1651,3.173858178559172,16
1652,3.1741803579795103,16
1653,3.1742740721855895,16
1654,3.174369413570423,16
1655,3.1746841006000412,16
1656,3.175160543024298,16
1657,3.175199517231375,16
1658,3.175558782998419,16
1659,3.175684395659237,16
1660,3.1761366090133873,16
1661,3.176155394843599,16
1662,3.1762524601255593,16
1663,3.1764695695317315,16
1664,3.176554797440927,16
1665,3.176737096020357,16
1666,3.177827154214508,16
1667,3.1779330658932805,16
1668,3.178027440641043,16
1669,3.178748163301566,16
1670,3.1798211541610244,16
1671,3.179925468085272,16
1672,3.180244560865886,16
1673,3.1815317232468128,16
1674,3.18182174315944,16
1675,3.181920741428882,16
1676,3.1829721117950176,16
1677,3.1831739110799453,16
1678,3.1834947106011646,16
1679,3.1842584603688953,16
1680,3.1842584603688953,16
1681,3.184305108097326,16
1682,3.1849982380539874,16
1683,3.1852010096692784,16
1684,3.185647690720468,16
1685,3.1862537588146274,16
1686,3.1863437017799514,16
1687,3.187004164545684,16
1688,3.1871021895186606,16
1689,3.187578261072306,16
1690,3.1888051601510212,16
1691,3.188848040201316,16
1692,3.189294861746588,16
1693,3.189552012426993,16
1694,3.189623494251218,16
1695,3.1901392131007102,16
1696,3.190141210098359,16
1697,3.190141210098359,16
1698,3.1903761900938266,16
1699,3.190563236889454,16
1700,3.192565501141375,16
1701,3.1931156657886044,16
1702,3.1935471205056367,16
1703,3.1936850356787962,16
1704,3.1945655605153958,16
1705,3.1949716273414324,16
1706,3.19543337532327,16
1707,3.1954851308525694,16
1708,3.1958081038014434,16
1709,3.1960166216666264,16
1710,3.196256901063944,16
1711,3.1967323256655114,16
1712,3.1970277068579978,16
1713,3.1975488916375,16
1714,3.197856238691043,16
1715,3.198023540471687,16
1716,3.198045734740571,16
1717,3.198872206225684,16
1718,3.1989065515028186,16
1719,3.1994346685695554,16
1720,3.1995208583552595,16
1721,3.1996478514260227,16
1722,3.199832764825999,16
1723,3.1998389950248884,16
1724,3.199887967326515,16
1725,3.1999945910536387,16
1726,3.2003569422052642,16
1727,3.201259697261275,16
1728,3.2014987343832844,16
1729,3.2016106781271536,16
1730,3.201838940247078,16
1731,3.202404077273905,16
1732,3.202590693274107,16
1733,3.203213479453271,16
1734,3.203323608523885,16
1735,3.2038274698052547,16
1736,3.20391308193705,16
1737,3.2047604560337843,16
1738,3.2047995349121483,16
1739,3.205933198887349,16
1740,3.205967167239416,16
1741,3.2067845730640694,16
1742,3.206868760899756,16
1743,3.207529423259918,16
1744,3.2080496680395325,16
1745,3.208855805376734,16
1746,3.2088860091317355,16
1747,3.210353994579437,16
1748,3.210836457527062,16
1749,3.211823987516222,16
1750,3.21217818659834,16
1751,3.212659544512712,16
1752,3.21269401270517,16
1753,3.212792815710984,16
1754,3.213144434808351,16
1755,3.213505509398016,16
1756,3.213913791293351,16
1757,3.2139624025612483,16
1758,3.214045148696471,16
1759,3.2141721255084947,16
1760,3.2142565847352023,16
1761,3.214625326135202,16
1762,3.2148906096747463,16
1763,3.2152774780657896,16
1764,3.2162168220225125,16
1765,3.2163064912068084,16
1766,3.2165064015189375,16
1767,3.2165064015189375,16
1768,3.2166859555518323,16
1769,3.216845799132257,16
1770,3.217538843250683,16
1771,3.2177570717105706,16
1772,3.2181033319900076,16
1773,3.2181147450224596,16
1774,3.218359523054263,16
1775,3.218801580316073,16
1776,3.218934390281722,16
1777,3.2192173175439756,16
1778,3.2196588282920184,16
1779,3.2201258538561297,16
1780,3.2206440791654067,16
1781,3.2221990492788017,16
1782,3.2224813178077687,16
1783,3.223269597763323,16
1784,3.223467982980328,16
1785,3.2236714478576,16
1786,3.2236749222442302,16
1787,3.2240839579543827,16
1788,3.224180828311609,16
1789,3.2245238496870567,16
1790,3.2255300467731987,16
1791,3.2255895581884415,16
1792,3.225806094505369,16
1793,3.226002305944718,16
1794,3.226002305944718,16
1795,3.226095827995378,16
1796,3.226196241614355,16
1797,3.226256022729197,16
1798,3.226614630562076,16
1799,3.2266314089896775,16
1800,3.228158276623128,16
1801,3.2291051615159962,16
1802,3.229662510513364,16
1803,3.22984405349437,16
1804,3.2298743973843997,16
1805,3.2301054745070026,16
1806,3.2301358526575275,16
1807,3.2302545134387746,16
1808,3.230484029241375,16
1809,3.230549602426909,16
1810,3.2308750862458138,16
1811,3.2313913921262825,16
1812,3.231474386204725,16
1813,3.231813480292197,16
1814,3.2324905065204166,16
1815,3.2329214805242557,16
1816,3.233346002596479,16
1817,3.2333572440169993,16
1818,3.23352614230045,16
1819,3.2338777221955293,16
1820,3.234038595555541,16
1821,3.2342415366127977,16
1822,3.235440689033164,16
1823,3.2358489116238442,16
1824,3.2365864575731713,16
1825,3.237061690738794,16
1826,3.2370672609479265,16
1827,3.2375432539605287,16
1828,3.238364695000109,16
1829,3.2383800588798732,16
1830,3.2393149277443203,16
1831,3.23941865863257,16
1832,3.24008383099298,16
1833,3.240249061522109,16
1834,3.240603239528519,16
1835,3.241226125934617,16
1836,3.2413218703058573,16
1837,3.2417656967233377,16
1838,3.242548240276399,16
1839,3.2425680539193817,16
1840,3.243194196133656,16
1841,3.243606226147586,16
1842,3.244135888196187,16
1843,3.245732258932935,16
1844,3.246071976557229,16
1845,3.246548109371339,16
1846,3.2465799841457015,16
1847,3.246616085010842,16
1848,3.246735434428503,16
1849,3.246866027873155,16
1850,3.247226413120743,16
1851,3.2482113751962056,16
1852,3.248257726859696,16
1853,3.248872142729325,16
1854,3.2504869862240335,16
1855,3.2509064795641534,16
1856,3.2509238074452154,16
1857,3.2509238074452154,16
1858,3.251126422975831,16
1859,3.252496460248733,16
1860,3.2525040060790573,16
1861,3.253122595793115,16
1862,3.2535251132164724,16
1863,3.2537665340276374,16
1864,3.2545380894949534,16
1865,3.2548153484105047,16
1866,3.2548434064056218,16
1867,3.2550532316509067,16
1868,3.255056137031608,16
1869,3.2560940344736546,16
1870,3.2568119087275775,16
1871,3.2568574141289597,16
1872,3.257713903980922,16
1873,3.25820624591194,16
1874,3.2584011607123866,16
1875,3.258634863851569,16
1876,3.259608921644975,16
1877,3.2598756800963713,16
1878,3.2604459893176942,16
1879,3.2608141515708815,16
1880,3.2614914785150724,16
1881,3.2615184870769713,16
1882,3.2619030971135428,16
1883,3.2627801168131025,16
1884,3.263259861956863,16
1885,3.263293956406589,16
1886,3.2639268995428097,16
1887,3.264590114884225,16
1888,3.2647387520307496,16
1889,3.2651556194764453,16
1890,3.2652263954759086,16
1891,3.265396931365574,16
1892,3.265720052354957,16
1893,3.2662273718825308,16
1894,3.266330240455974,16
1895,3.266542664563076,16
1896,3.2667357277081988,16
1897,3.266792768899445,16
1898,3.2668648330137984,16
1899,3.2672363502764314,16
1900,3.267600414100136,16
1901,3.2683984698711774,16
1902,3.269005856422201,16
1903,3.269049214398997,16
1904,3.2694496486945237,16
1905,3.2703797863701043,16
1906,3.271976873609641,16
1907,3.272681347906492,16
1908,3.2737025747416566,16
1909,3.2740855648203793,16
1910,3.274679327151499,16
1911,3.2750855701207757,16
1912,3.2751674548982845,16
1913,3.275527118925457,16
1914,3.2760194270725123,16
1915,3.2763938449912877,16
1916,3.276598893509535,16
1917,3.27665862895972,16
1918,3.2768622028475924,16
1919,3.2769779320021555,16
1920,3.2781021545302966,16
1921,3.278699605691415,16
1922,3.2787139278880657,16
1923,3.278751480263645,16
1924,3.279892554659404,16
1925,3.280000255102266,16
1926,3.2800359160200956,16
1927,3.2809550967091106,16
1928,3.2813481507934354,16
1929,3.2816452907112916,16
1930,3.2819188152850227,16
1931,3.28200420167389,16
1932,3.2829615214312207,16
1933,3.284034797546166,16
1934,3.2841856766747375,16
1935,3.285831345485767,16
1936,3.285978876835152,16
1937,3.286197142855916,16
1938,3.2865583555306257,16
1939,3.286821000139512,16
1940,3.288274783017885,16
1941,3.2884229909917084,16
1942,3.289426464911366,16
1943,3.2896962282099875,16
1944,3.290458376647591,16
1945,3.2905517898508063,16
1946,3.2921237988972236,16
1947,3.2924204466763434,16
1948,3.2927640838667935,16
1949,3.293051085555453,16
1950,3.2930890794347376,16
1951,3.294246818680263,16
1952,3.2956133042645313,16
1953,3.2959041388470993,16
1954,3.296354981898244,16
1955,3.2963776639885563,16
1956,3.2964528330023977,16
1957,3.2965598472651925,16
1958,3.2978793827096977,16
1959,3.2980490742531416,16
1960,3.2987598290122753,16
1961,3.301407216428816,16
1962,3.3018538787766833,16
1963,3.30185946369821,16
1964,3.3019235824771744,16
1965,3.3020846206626056,16
1966,3.3029348205407536,16
1967,3.3030286959219533,16
1968,3.30319157321457,16
1969,3.3037732288877226,16
1970,3.303785430182548,16
1971,3.304159616701284,16
1972,3.305253644191396,16
1973,3.3053170736687885,16
1974,3.306046110700899,16
1975,3.3071069006906684,16
1976,3.307920851965136,16
1977,3.3093822202953906,16
1978,3.310020975745575,16
1979,3.3102846754470243,16
1980,3.3103117838257767,16
1981,3.311238949629352,16
1982,3.311451108248818,16
1983,3.3124013813698827,16
1984,3.312647894684009,16
1985,3.312648834033536,16
1986,3.3127128240359376,16
1987,3.3128846581521088,16
1988,3.3130693295248728,16
1989,3.3131103249231706,16
1990,3.313808373906046,16
1991,3.313818571881482,16
1992,3.313946433280888,16
1993,3.314504910619644,16
1994,3.31478010944466,16
1995,3.3148073121579804,16
1996,3.315021094807932,16
1997,3.3156946336102457,16
1998,3.3158466569208205,16
1999,3.316472731015953,16
2000,3.3165397827816743,16
2001,3.316886484572521,16
2002,3.3169810074971475,16
2003,3.3173187117172156,16
2004,3.3174799122627925,16
2005,3.3178047481234336,16
2006,3.3178153526945278,16
2007,3.318162294001039,16
2008,3.3187717125593146,16
2009,3.319440973346633,16
2010,3.3199238543466034,16
2011,3.320177645845522,16
2012,3.320326666100692,16
2013,3.3209722972008087,16
2014,3.3214401600576626,16
2015,3.3226930690144596,16
2016,3.3228976362363833,16
2017,3.3241669598556953,16
2018,3.3243164668589578,16
2019,3.3245356244126403,16
2020,3.3251530712004023,16
2021,3.325178805822925,16
2022,3.325324842928748,16
2023,3.325324842928748,16
2024,3.3260018415172916,16
2025,3.326390059639367,16
2026,3.3279734634464666,16
2027,3.3281161914531165,16
2028,3.3283883779513515,16
2029,3.329326796816912,16
2030,3.3300658922184976,16
2031,3.331455349312052,16
2032,3.3318289371028684,16
2033,3.333311299038655,16
2034,3.333554288251195,16
2035,3.335598186581704,16
2036,3.3358014099465696,16
2037,3.336122593261777,16
2038,3.3362875195164086,16
2039,3.336441930837659,16
2040,3.337227993879466,16
2041,3.337273112448955,16
2042,3.3375233639411443,16
2043,3.337720694115242,16
2044,3.3381870911379683,16
2045,3.33924755355995,16
2046,3.3394742222792693,16
2047,3.340069659240507,16
2048,3.3403263619368886,16
2049,3.3407840176974295,16
2050,3.34119392023574,16
2051,3.341576411414073,16
2052,3.342015722517924,16
2053,3.3425370673932266,16
2054,3.343143521052742,16
2055,3.3449046396144273,16
2056,3.3459250942419034,16
2057,3.346702118523125,16
2058,3.348376870520867,16
2059,3.348483280190797,16
2060,3.3489420068558506,16
2061,3.349084472307816,16
2062,3.349876465688401,16
2063,3.350883369865754,16
2064,3.35129584253156,16
2065,3.351297822860637,16
2066,3.3516042236845265,16
2067,3.352598325338051,16
2068,3.3526723405908023,16
2069,3.353089328630898,16
2070,3.3536213308541947,16
2071,3.3543975692020087,16
2072,3.354476760484437,16
2073,3.35447950403555,16
2074,3.354864049031456,16
2075,3.355091802950543,16
2076,3.3551869176962175,16
2077,3.3562468214290373,16
2078,3.3567382164842616,16
2079,3.357060698207593,16
2080,3.357130988230392,16
2081,3.357359612492216,16
2082,3.3578878823584692,16
2083,3.358227055479092,16
2084,3.359702720039701,16
2085,3.3597642538366648,16
2086,3.3601790377595155,16
2087,3.360618389696633,16
2088,3.3606672993373077,16
2089,3.3607643197366843,16
2090,3.3620011624733928,16
2091,3.362006353083971,16
2092,3.3626849530807412,16
2093,3.3628526649441457,16
2094,3.363673041010669,16
2095,3.3640726353647055,16
2096,3.364971715833344,16
2097,3.3650057065540766,16
2098,3.366072916118233,16
2099,3.366906022144479,16
2100,3.3670645068876097,16
2101,3.36738892325912,16
2102,3.367578304534919,16
2103,3.3676199112361904,16
2104,3.367784950875465,16
2105,3.369570582006419,16
2106,3.3699052719760036,16
2107,3.3700100027628213,16
2108,3.370778784607664,16
2109,3.3711803313509945,16
2110,3.3723573299672056,16
2111,3.37270161956108,16
2112,3.3727266120523476,16
2113,3.374965804159679,16
2114,3.376785721925096,16
2115,3.376912113690533,16
2116,3.377435861801335,16
2117,3.3779493285672944,16
2118,3.378144937003898,16
2119,3.378895795053393,16
2120,3.379229395507425,16
2121,3.3794858915510386,16
2122,3.379575976869569,16
2123,3.379667136019867,16
2124,3.3797687217184946,16
2125,3.380571850637827,16
2126,3.381937032248126,16
2127,3.3820024061267695,16
2128,3.3828967502440745,16
2129,3.38371611676557,16
2130,3.383981724782346,16
2131,3.384531616816244,16
2132,3.38477917004733,16
2133,3.3852426118800025,16
2134,3.3858509826711867,16
2135,3.3870061609631836,16
2136,3.3883165492209164,16
2137,3.38937308158901,16
2138,3.392003159405253,16
2139,3.392721822333289,16
2140,3.3931618448172904,16
2141,3.393374989635809,16
2142,3.3935513653863656,16
2143,3.3937047763399653,16
2144,3.393752938189336,16
2145,3.39383003990716,16
2146,3.393869290838279,16
2147,3.3947036239958175,16
2148,3.3952314206951613,16
2149,3.3954217214015396,16
2150,3.3957551275146285,16
2151,3.3962610511100877,16
2152,3.396820790418693,16
2153,3.396828158204954,16
2154,3.3970215411338716,16
2155,3.3974453010518832,16
2156,3.3974849074793645,16
2157,3.398485865144982,16
2158,3.398772918087736,16
2159,3.3991553596309294,16
2160,3.3991691601274674,16
2161,3.4010020511691925,16
2162,3.401960683075776,16
2163,3.4020549293461344,16
2164,3.402548132289983,16
2165,3.4029441985302986,16
2166,3.4030851493558836,16
2167,3.4032180699606065,16
2168,3.404094796802893,16
2169,3.4044365590602643,16
2170,3.4048238174789733,16
2171,3.4061904015544773,16
2172,3.4062427150544066,16
2173,3.4063896172107935,16
2174,3.407135927743033,16
2175,3.4074585514961133,16
2176,3.408003957032251,16
2177,3.4082937807798808,16
2178,3.4086691204838946,16
2179,3.40907495813619,16
2180,3.409129980080966,16
2181,3.4098275647161045,16
2182,3.4100093374207945,16
2183,3.4101004353335767,16
2184,3.4101406898689004,16
2185,3.4103730371420884,16
2186,3.4111159379742384,16
2187,3.411814685517384,16
2188,3.4122857813325145,16
2189,3.41261132260854,16
2190,3.4134220142947522,16
2191,3.4134899299402552,16
2192,3.4146375243925062,16
2193,3.4149834892672795,16
2194,3.417436232454864,16
2195,3.418575664387933,16
2196,3.420904310013488,16
2197,3.421230868605808,16
2198,3.421862611999212,16
2199,3.423415155248613,16
2200,3.423799928367416,16
2201,3.426233301207716,16
2202,3.4265768832078884,16
2203,3.4271617293144265,16
2204,3.4275748311679632,16
2205,3.428112322726183,16
2206,3.4283765937795185,16
2207,3.4284205650865323,16
2208,3.429282266281241,16
2209,3.429315996157436,16
2210,3.4297881363395297,16
2211,3.430136091450117,16
2212,3.431061422386762,16
2213,3.4327800998029727,16
2214,3.433294948230186,16
2215,3.4335633928909868,16
2216,3.4337379113488935,16
2217,3.434576704933441,16
2218,3.434819974223562,16
2219,3.4348817256818234,16
2220,3.434884569914127,16
2221,3.435712506121529,16
2222,3.4360328336616717,16
2223,3.436916381827289,16
2224,3.4375623130924864,16
2225,3.4376242872805043,16
2226,3.438448395792409,16
2227,3.439240775469697,16
2228,3.442162627511354,16
2229,3.442287777973976,16
2230,3.443289041530721,16
2231,3.4433781352675683,16
2232,3.443806951558413,16
2233,3.444488487429869,16
2234,3.445113627903839,16
2235,3.4454217601059223,16
2236,3.445929998542885,16
2237,3.446280996257896,16
2238,3.4466122243180366,16
2239,3.446706740024728,16
2240,3.4472981498746176,16
2241,3.447433348060388,16
2242,3.4476451892868587,16
2243,3.4479000453470547,16
2244,3.4481790562349106,16
2245,3.4490484401605315,16
2246,3.4496215700657165,16
2247,3.4501727026251046,16
2248,3.4503553901424757,16
2249,3.4506618104812428,16
2250,3.4512407935537475,16
2251,3.451449358962654,16
2252,3.4520454217872416,16
2253,3.4539915935243064,16
2254,3.4540388512237734,16
2255,3.4545285038606606,16
2256,3.454954637746754,16
2257,3.454974655119367,16
2258,3.4550062257340692,16
2259,3.4554321821685017,16
2260,3.455874993611259,16
2261,3.4560371534036003,16
2262,3.456400767054513,16
2263,3.456404755171085,16
2264,3.4570544789586806,16
2265,3.4571815634749523,16
2266,3.45758145416621,16
2267,3.4577006028130737,16
2268,3.458316534382406,16
2269,3.458385745517477,16
2270,3.459084774503942,16
2271,3.461002494745781,16
2272,3.4615925039743547,16
2273,3.4620452794883794,16
2274,3.4629740134153875,16
2275,3.465106348299975,16
2276,3.4660718509365798,16
2277,3.4660890264978574,16
2278,3.4665550494184956,16
2279,3.4666140924690554,16
2280,3.4678924302248317,16
2281,3.468221429408371,16
2282,3.468384678794538,16
2283,3.4684010136114054,16
2284,3.468600051867694,16
2285,3.4688624362616345,16
2286,3.469241685908998,16
2287,3.469329802275367,16
2288,3.4697757651415646,16
2289,3.4703318707876,16
2290,3.4707698458106413,16
2291,3.4709393640216266,16
2292,3.470951271737277,16
2293,3.4714076966994556,16
2294,3.4745432283692197,16
2295,3.4758234376022235,16
2296,3.476404698783347,16
2297,3.4772662376525987,16
2298,3.477892237299436,16
2299,3.477899685016577,16
2300,3.4779132698397945,16
2301,3.4789971229105747,16
2302,3.4790210589855013,16
2303,3.4795020873671607,16
2304,3.4801183892131586,16
2305,3.4803727996746834,16
2306,3.4816902901754716,16
2307,3.481891084069832,16
2308,3.4819894474919084,16
2309,3.4824455761008104,16
2310,3.4826772628227625,16
2311,3.4832919779715046,16
2312,3.4833008224562017,16
2313,3.4833946974844934,16
2314,3.4839095203618293,16
2315,3.4852453769896306,16
2316,3.4857700663791493,16
2317,3.486684563067542,16
2318,3.486963888800807,16
2319,3.4877876354710278,16
2320,3.489165374479988,16
2321,3.4892156816490716,16
2322,3.49051139536771,16
2323,3.4924118087927094,16
2324,3.4927158293630844,16
2325,3.4934435002255477,16
2326,3.4948614855476436,16
2327,3.4952011440230843,16
2328,3.4954184470454015,16
2329,3.4955672544088374,16
2330,3.4966607528279727,16
2331,3.497100003103246,16
2332,3.497288178391653,16
2333,3.4992148176912856,16
2334,3.4993064405368637,16
2335,3.500028492593655,16
2336,3.500173447044453,16
2337,3.5008160169873395,16
2338,3.50206558127256,16
2339,3.5026889706354107,16
2340,3.5032838655622975,16
2341,3.5033136588155194,16
2342,3.5047771770121323,16
2343,3.505016091383898,16
2344,3.50549961635097,16
2345,3.5063522242149485,16
2346,3.50726328463946,16
2347,3.5079188107320545,16
2348,3.508215676109623,16
2349,3.5105390395885836,16
2350,3.511576971436057,16
2351,3.5118468673029146,16
2352,3.51198748316282,16
2353,3.5129666492613834,16
2354,3.5132478106542497,16
2355,3.5149712237161985,16
2356,3.516484593119904,16
2357,3.5175974444455615,16
2358,3.5187557562607985,16
2359,3.5192588021924442,16
2360,3.5193731921673024,16
2361,3.5194406536518454,16
2362,3.5205541513123446,16
2363,3.5213058249476745,16
2364,3.523082507008793,16
2365,3.523615139550668,16
2366,3.5236598594842827,16
2367,3.52381949245892,16
2368,3.5254659199830423,16
2369,3.5254878870833495,16
2370,3.525782984153174,16
2371,3.526006749013346,16
2372,3.526230413506237,16
2373,3.5264485278779247,16
2374,3.5273409741544124,16
2375,3.5277427307172213,16
2376,3.5277471253220805,16
2377,3.5278512121529895,16
2378,3.5288179971510294,16
2379,3.528908566523226,16
2380,3.5292766418327752,16
2381,3.5300026758907546,16
2382,3.5305079064461267,16
2383,3.5307015326502653,16
2384,3.531558504252067,16
2385,3.531848900416908,16
2386,3.533212028208283,16
2387,3.533519837185714,16
2388,3.5345216126723225,16
2389,3.534676885735462,16
2390,3.53481220746782,16
2391,3.535391040635559,16
2392,3.5360537265945826,16
2393,3.536137321834523,16
2394,3.5374159529965565,16
2395,3.5376647867816056,16
2396,3.537971595169049,16
2397,3.538975666929343,16
2398,3.5391989805544397,16
2399,3.5402215173579736,16
2400,3.540315238602246,16
2401,3.541135516476598,16
2402,3.5417162361302132,16
2403,3.5423395415681305,16
2404,3.5423668599036757,16
2405,3.543491418672072,16
2406,3.543703146563974,16
2407,3.5437055125608734,16
2408,3.545064680285385,16
2409,3.545813416344884,16
2410,3.546423929417304,16
2411,3.5480069559880523,16
2412,3.551541213453287,16
2413,3.552215629499236,16
2414,3.5546315148768572,16
2415,3.554711154396026,16
2416,3.5558275669380506,16
2417,3.5560476697679104,16
2418,3.5565595864452115,16
2419,3.55684267280842,16
2420,3.557500045209075,16
2421,3.558412663503093,16
2422,3.558636299834626,16
2423,3.5588822355006338,16
2424,3.5592088183300854,16
2425,3.5604424534157393,16
2426,3.560716612839225,16
2427,3.562344318536253,16
2428,3.5630321316070317,16
2429,3.5630512509274737,16
2430,3.5632684965837726,16
2431,3.5634388383966895,16
2432,3.5642219730075846,16
2433,3.5646182525090926,16
2434,3.5654248690003625,16
2435,3.5659524905238866,16
2436,3.56716773690198,16
2437,3.567713091952485,16
2438,3.568283123618819,16
2439,3.5684985694248104,16
2440,3.568575745645702,16
2441,3.5687863987477977,16
2442,3.569622807282867,16
2443,3.5704577835548355,16
2444,3.570712593647646,16
2445,3.574739523253203,16
2446,3.574839699280062,16
2447,3.5748826513202547,16
2448,3.5756946085232992,16
2449,3.5760233418630873,16
2450,3.5764710940785083,16
2451,3.576598736874262,16
2452,3.577225320888539,16
2453,3.578392430881946,16
2454,3.5784006565062594,16
2455,3.578675003699204,16
2456,3.5791437033612934,16
2457,3.5796545239660897,16
2458,3.5800094801916993,16
2459,3.5811171211522326,16
2460,3.5817621349719344,16
2461,3.5821250757539986,16
2462,3.5824104328164976,16
2463,3.5834823696594804,16
2464,3.58418176090094,16
2465,3.584182466846829,16
2466,3.5845286391329525,16
2467,3.5857430573273517,16
2468,3.5858365847739564,16
2469,3.586893139733339,16
2470,3.586935342999796,16
2471,3.587182500956776,16
2472,3.587972678304889,16
2473,3.5880100502673757,16
2474,3.5883159243151903,16
2475,3.5891612811050537,16
2476,3.58941399045799,16
2477,3.5907344331268183,16
2478,3.5912273664515744,16
2479,3.5918670741859997,16
2480,3.592252263374638,16
2481,3.592746727908526,16
2482,3.59331524890437,16
2483,3.595845672529464,16
2484,3.5960952659383536,16
2485,3.596262714595017,16
2486,3.598468914132769,16
2487,3.5994499141648304,16
2488,3.5994606642188787,16
2489,3.599562957790438,16
2490,3.600814525998561,16
2491,3.6023568031509017,16
2492,3.6028319747016115,16
2493,3.6028741864143234,16
2494,3.602959594974698,16
2495,3.603073870412603,16
2496,3.605264879135589,16
2497,3.606154053337897,16
2498,3.6068361490665732,16
2499,3.608033965475525,16
2500,3.609393966189356,16
2501,3.6100798780223005,16
2502,3.6102551093094557,16
2503,3.6104033342158797,16
2504,3.6107720242716854,16
2505,3.6107732096076024,16
2506,3.6113976277493807,16
2507,3.6127187374613454,16
2508,3.612868728182116,16
2509,3.6130892138541246,16
2510,3.613363813212711,16
2511,3.61398054228307,16
2512,3.614651974847754,16
2513,3.615288809073351,16
2514,3.6153906312952784,16
2515,3.615521598090006,16
2516,3.6160091636427576,16
2517,3.6168497549436047,16
2518,3.6171622341702765,16
2519,3.6173450201083437,16
2520,3.6180099185267403,16
2521,3.6186162765541243,16
2522,3.6189497282338627,16
2523,3.6189824543469022,16
2524,3.620106571683154,16
2525,3.6210781486003887,16
2526,3.6221685849958924,16
2527,3.622925165881804,16
2528,3.623019910961195,16
2529,3.6231870370684245,16
2530,3.626276021873553,16
2531,3.6265987758130476,16
2532,3.628229302409815,16
2533,3.628627910027553,16
2534,3.6326167047770856,16
2535,3.633292926867513,16
2536,3.6339281201768023,16
2537,3.637113261926744,16
2538,3.6371876409508466,16
2539,3.6373321505400065,16
2540,3.637395943385147,16
2541,3.637571051895961,16
2542,3.6386879954602187,16
2543,3.639309852698671,16
2544,3.639311032673353,16
2545,3.6396454744428386,16
2546,3.6407011149388526,16
2547,3.64120385261472,16
2548,3.64190421263715,16
2549,3.64231636808817,16
2550,3.6464130135035604,16
2551,3.6464820651073064,16
2552,3.647300306525203,16
2553,3.647708732123988,16
2554,3.648203575514248,16
2555,3.648274781898683,16
2556,3.6486153713126828,16
2557,3.6488962621452705,16
2558,3.6489371501332135,16
2559,3.6509324982944693,16
2560,3.6510133754487875,16
2561,3.6514586935903215,16
2562,3.6515868085038066,16
2563,3.6524548769423015,16
2564,3.653050424598982,16
2565,3.6533570243843863,16
2566,3.6535756252323783,16
2567,3.653724944509247,16
2568,3.6538411130694093,16
2569,3.654091831218743,16
2570,3.6543140150964555,16
2571,3.655170361172096,16
2572,3.656716684123437,16
2573,3.6573858763773437,16
2574,3.6579037188407497,16
2575,3.6583145716148473,16
2576,3.658677391286508,16
2577,3.658750291858469,16
2578,3.66060902190073,16
2579,3.661211092565819,16
2580,3.661611222409324,16
2581,3.66253611977996,16
2582,3.662769747396951,16
2583,3.663242026234237,16
2584,3.6636228147677814,16
2585,3.663750194806377,16
2586,3.665253285891295,16
2587,3.6656593983749457,16
2588,3.6675690647777253,16
2589,3.669472482648677,16
2590,3.669760365602816,16
2591,3.671066931861956,16
2592,3.671090754170351,16
2593,3.6719251359562115,16
2594,3.672606311711915,16
2595,3.672889406493337,16
2596,3.672937476724978,16
2597,3.673463294162987,16
2598,3.6749092290942893,16
2599,3.6761654010663016,16
2600,3.6773878723902365,16
2601,3.6788565657322496,16
2602,3.679876116345343,16
2603,3.681838304689404,16
2604,3.6820020840661245,16
2605,3.6846589175629334,16
2606,3.685416808450213,16
2607,3.685442680602237,16
2608,3.686622690580655,16
2609,3.6868414238932106,16
2610,3.6869854305437295,16
2611,3.687231763447874,16
2612,3.6886509756612775,16
2613,3.6902226321559057,16
2614,3.6905592373604557,16
2615,3.6911189506821995,16
2616,3.6925506479202626,16
2617,3.692948674535188,16
2618,3.693617468832102,16
2619,3.694120550393965,16
2620,3.6945265139314123,16
2621,3.6945847122846964,16
2622,3.6946481018886352,16
2623,3.6959183271213902,16
2624,3.6961003564593695,16
2625,3.697339372319364,16
2626,3.697578512019071,16
2627,3.699132103529784,16
2628,3.7001904229373874,16
2629,3.700923601157256,16
2630,3.7016784951188453,16
2631,3.702388309342789,16
2632,3.7024629032257184,16
2633,3.702709583764096,16
2634,3.7033403677972236,16
2635,3.7033703721976905,16
2636,3.7034488027202883,16
2637,3.7038093323784693,16
2638,3.704602898721213,16
2639,3.707411646782897,16
2640,3.7074791247145527,16
2641,3.707545695482559,16
2642,3.707665414866059,16
2643,3.7077130878439992,16
2644,3.7093298736289477,16
2645,3.709711188486313,16
2646,3.709814016450578,16
2647,3.7105491840273777,16
2648,3.710741361777695,16
2649,3.710804127658058,16
2650,3.7108571822396605,16
2651,3.711556556078117,16
2652,3.711654510462601,16
2653,3.713169840026299,16
2654,3.7133994741472005,16
2655,3.715711202802851,16
2656,3.7158861501031537,16
2657,3.7161035267635927,16
2658,3.7173309155809413,16
2659,3.7180160285576345,16
2660,3.7181300793836862,16
2661,3.7194314528590335,16
2662,3.7240753096236023,16
2663,3.724232813631401,16
2664,3.7243224830744954,16
2665,3.7248023619881896,16
2666,3.7266607338355575,16
2667,3.7269333189368514,16
2668,3.7281817898177856,16
2669,3.7307651028654303,16
2670,3.731445172511935,16
2671,3.73163925035703,16
2672,3.7324324735838603,16
2673,3.733224631445819,16
2674,3.7333629737043164,16
2675,3.7355513126586763,16
2676,3.7359383870639906,16
2677,3.736946478521311,16
2678,3.737235918397574,16
2679,3.738708618089538,16
2680,3.73982671609299,16
2681,3.7403173945622714,16
2682,3.740733322116604,16
2683,3.740905605780007,16
2684,3.740942497652377,16
2685,3.7413855838181913,16
2686,3.7414177750469046,16
2687,3.7414330173205204,16
2688,3.7415763154632544,16
2689,3.7415904201367534,16
2690,3.744497560788181,16
2691,3.746401675675452,16
2692,3.7470723964920927,16
2693,3.747434985014819,16
2694,3.7476083181394677,16
2695,3.7506158317657015,16
2696,3.750722350750537,16
2697,3.750832661123845,16
2698,3.753470756149048,16
2699,3.7539155523401964,16
2700,3.7563578078346542,16
2701,3.756496301787593,16
2702,3.7569435880679385,16
2703,3.7570760386869178,16
2704,3.757592012661026,16
2705,3.7575971530400385,16
2706,3.75955435491611,16
2707,3.761775464174169,16
2708,3.761959589159509,16
2709,3.7622850326284984,16
2710,3.7630692418745335,16
2711,3.763584355665797,16
2712,3.764226840807377,16
2713,3.764595782976021,16
2714,3.764631176367962,16
2715,3.7652631751601398,16
2716,3.7653440216681076,16
2717,3.7665324180883486,16
2718,3.767532628636277,16
2719,3.7676205538151364,16
2720,3.7693449676375725,16
2721,3.7693984377274927,16
2722,3.7699095355107617,16
2723,3.77037934278555,16
2724,3.7710096831773705,16
2725,3.771610554234766,16
2726,3.7728487897976506,16
2727,3.7731522869874916,16
2728,3.773564493432254,16
2729,3.7740951533984943,16
2730,3.7753755001042344,16
2731,3.7782196673093895,16
2732,3.780427004143986,16
2733,3.7805052517647257,16
2734,3.781166200983165,16
2735,3.7815486780021863,16
2736,3.781751493245329,16
2737,3.781808496618776,16
2738,3.7822689181087292,16
2739,3.782322690742841,16
2740,3.783223515710855,16
2741,3.783245865593065,16
2742,3.7839632380746244,16
2743,3.784017140931915,16
2744,3.7853098349517196,16
2745,3.785518138836367,16
2746,3.789870852518866,16
2747,3.7900987674317057,16
2748,3.7901558088433065,16
2749,3.7911950420774034,16
2750,3.7923692616980555,16
2751,3.7924830990515224,16
2752,3.79391661896198,16
2753,3.794650883470721,16
2754,3.7946952377132934,16
2755,3.7957561412851657,16
2756,3.796593194993953,16
2757,3.7968309234536197,16
2758,3.7993094272209893,16
2759,3.7994104250889578,16
2760,3.8016936850471814,16
2761,3.803233202404862,16
2762,3.803428987396067,16
2763,3.8034900563993315,16
2764,3.8077208798520914,16
2765,3.8082301935395506,16
2766,3.808289693596227,16
2767,3.808329287629595,16
2768,3.808364639119542,16
2769,3.809389806850128,16
2770,3.811775381820473,16
2771,3.811947918535427,16
2772,3.8127798282272,16
2773,3.813154799539982,16
2774,3.813460056459278,16
2775,3.814119564463504,16
2776,3.8147947842305663,16
2777,3.817535378790825,16
2778,3.817802513533014,16
2779,3.8181315789829213,16
2780,3.8186255667420195,16
2781,3.818897700536064,16
2782,3.8194477640345426,16
2783,3.8194927612750167,16
2784,3.8197063393722646,16
2785,3.821163667857606,16
2786,3.8222343105302583,16
2787,3.8225145813024746,16
2788,3.8240469500450507,16
2789,3.824319480530964,16
2790,3.824778480544586,16
2791,3.8262840091489627,16
2792,3.8268125153171972,16
2793,3.827753079980627,16
2794,3.828450382076217,16
2795,3.8288120951817173,16
2796,3.828886937123725,16
2797,3.828886937123725,16
2798,3.829022549419544,16
2799,3.8292158714214133,16
2800,3.8293835636860853,16
2801,3.8300940421659093,16
2802,3.8338982001723623,16
2803,3.8342508852813575,16
2804,3.838911485208654,16
2805,3.840111609711164,16
2806,3.8409528405936815,16
2807,3.841269492097978,16
2808,3.8445044080832496,16
2809,3.8449570384213274,16
2810,3.8452914204536595,16
2811,3.8456626731128907,16
2812,3.846582872699867,16
2813,3.846943430212524,16
2814,3.8487611480226382,16
2815,3.849892987505925,16
2816,3.850190192937451,16
2817,3.8505785559344528,16
2818,3.851676172883227,16
2819,3.852575432058577,16
2820,3.8570668395374867,16
2821,3.85709002350432,16
2822,3.857473815517695,16
2823,3.8579886245122355,16
2824,3.8582105214438167,16
2825,3.8588158797054057,16
2826,3.8594361552168133,16
2827,3.860807008413094,16
2828,3.8608435555471625,16
2829,3.8615333720267913,16
2830,3.861916439796139,16
2831,3.862040666007006,16
2832,3.86242912516776,16
2833,3.8668463436116793,16
2834,3.868872167205113,16
2835,3.8694119280849875,16
2836,3.870644449257703,16
2837,3.8736931763396827,16
2838,3.8741373422302887,16
2839,3.8741437535274073,16
2840,3.874344201199565,16
2841,3.8752011721319795,16
2842,3.8759336224806313,16
2843,3.8760537185554975,16
2844,3.876395137822205,16
2845,3.877253438374891,16
2846,3.8779652988744453,16
2847,3.87848607744544,16
2848,3.8791996307464087,16
2849,3.879298772020827,16
2850,3.8796305433217264,16
2851,3.8798068101483314,16
2852,3.880527039774322,16
2853,3.8806841901070963,16
2854,3.8812609499095583,16
2855,3.881296990677651,16
2856,3.8823842855549278,16
2857,3.882532392659655,16
2858,3.882645271248583,16
2859,3.887676735505906,16
2860,3.8878438140038494,16
2861,3.8878438140038494,16
2862,3.8882429168899204,16
2863,3.888732710061055,16
2864,3.8926342839645764,16
2865,3.8933370801361336,16
2866,3.895379128742569,16
2867,3.895622914206933,16
2868,3.8956282566130946,16
2869,3.8964483655644835,16
2870,3.896572870263961,16
2871,3.8979429232043583,16
2872,3.89875472631846,16
2873,3.899406135426101,16
2874,3.8995928000562197,16
2875,3.89991812610036,16
2876,3.8999461118202965,16
2877,3.9020499541427496,16
2878,3.9034761269941622,16
2879,3.9046346073743505,16
2880,3.904697006960421,16
2881,3.9050900766313843,16
2882,3.906787455148996,16
2883,3.908992087309559,16
2884,3.9101175087022018,16
2885,3.911165191838437,16
2886,3.9127968240207616,16
2887,3.9129540679984993,16
2888,3.9132927368605697,16
2889,3.9134983700373462,16
2890,3.913644200318756,16
2891,3.9141167354267337,16
2892,3.914230738853842,16
2893,3.9144198607853027,16
2894,3.9158412550356405,16
2895,3.9162987622723398,16
2896,3.922191001592122,16
2897,3.923108060808288,16
2898,3.9231237504401713,16
2899,3.9244484190857833,16
2900,3.926213886907218,16
2901,3.9269200728286235,16
2902,3.9270800152314,16
2903,3.927442054647109,16
2904,3.928780230203729,16
2905,3.9294249525800167,16
2906,3.9295774672225754,16
2907,3.930536497612907,16
2908,3.9307799758688464,16
2909,3.9310270545358263,16
2910,3.932319210942045,16
2911,3.9327083709290895,16
2912,3.9342816723593814,16
2913,3.94032849533955,16
2914,3.940394028488902,16
2915,3.9414231747508857,16
2916,3.9427008099746983,16
2917,3.944756710455974,16
2918,3.946548063837652,16
2919,3.9467872428232935,16
2920,3.9486563559963375,16
2921,3.9487103370971193,16
2922,3.948971827934014,16
2923,3.9498401024672534,16
2924,3.9519087581427246,16
2925,3.9552392003663486,16
2926,3.9552629906697567,16
2927,3.9558984596852587,16
2928,3.957072139332456,16
2929,3.957293025263411,16
2930,3.9573303535102227,16
2931,3.9574233836928987,16
2932,3.9606326759731147,16
2933,3.9607085223348366,16
2934,3.964628300208355,16
2935,3.964990457703053,16
2936,3.9664986032229517,16
2937,3.9678844659008767,16
2938,3.9691353507386573,16
2939,3.9705402844451894,16
2940,3.9715228239065885,16
2941,3.9735022382509833,16
2942,3.9741471510885082,16
2943,3.9755281281362325,16
2944,3.9810022584747413,16
2945,3.9815218715779412,16
2946,3.9822985610696464,16
2947,3.9826913719806805,16
2948,3.9837226265992025,16
2949,3.9862619344351304,16
2950,3.9866675669953873,16
2951,3.989426781656267,16
2952,3.9904541469690638,16
2953,3.9928671047917392,16
2954,3.993440081143884,16
2955,3.993976600565582,16
2956,3.996426621283534,16
2957,3.9975094556820276,16
2958,4.001341529325212,16
2959,4.0031091914055725,16
2960,4.004740821152674,16
2961,4.004852148058144,16
2962,4.005048753000993,16
2963,4.006990406419225,16
2964,4.007047748454107,16
2965,4.0087369633970145,16
2966,4.008805249106142,16
2967,4.00962919581969,16
2968,4.010280979071237,16
2969,4.011337225203838,16
2970,4.0121494079023865,16
2971,4.012212016386606,16
2972,4.01376021897038,16
2973,4.0141834975870925,16
2974,4.014442841938273,16
2975,4.015281281124666,16
2976,4.0153013266713335,16
2977,4.0153013266713335,16
2978,4.015480289213764,16
2979,4.016112131006708,16
2980,4.016265506140965,16
2981,4.019337033710644,16
2982,4.019588975595984,16
2983,4.024361604643145,16
2984,4.024486880694937,16
2985,4.025035237175257,16
2986,4.0250455136674015,16
2987,4.026585115635857,16
2988,4.026599165574316,16
2989,4.028216893934752,16
2990,4.029719759380961,16
2991,4.032940777253126,16
2992,4.033511894873133,16
2993,4.035019737064721,16
2994,4.035531447997152,16
2995,4.037656377767238,16
2996,4.040102435548454,16
2997,4.040632044722345,16
2998,4.044477080438836,16
2999,4.045029656195387,16
3000,4.045345045116144,16
3001,4.045740180325754,16
3002,4.046302247312646,16
3003,4.047529976724761,16
3004,4.047759334214957,16
3005,4.048734000730525,16
3006,4.049315093198301,16
3007,4.049554273945762,16
3008,4.049990665625443,16
3009,4.051937757822337,16
3010,4.0522566443832515,16
3011,4.053126677836784,16
3012,4.053619155354421,16
3013,4.054265388128585,16
3014,4.0543255296323695,16
3015,4.054391160875062,16
3016,4.056856893724766,16
3017,4.058420345191714,16
3018,4.0613563261374415,16
3019,4.062832416744958,16
3020,4.062865940987816,16
3021,4.06410875269563,16
3022,4.065745748760871,16
3023,4.066105944332204,16
3024,4.06644738853328,16
3025,4.0673286713128896,16
3026,4.068984812103728,16
3027,4.07077464002816,16
3028,4.076876779778059,16
3029,4.077413263597285,16
3030,4.07751814776518,16
3031,4.077841147940217,16
3032,4.078490910444161,16
3033,4.079120950846809,16
3034,4.0806674320495215,16
3035,4.080912498333463,16
3036,4.081081627536127,16
3037,4.08191941986057,16
3038,4.082375578378152,16
3039,4.08257589939364,16
3040,4.082678640724619,16
3041,4.083604786362136,16
3042,4.084264816984837,16
3043,4.084511407572296,16
3044,4.084809650038904,16
3045,4.084931407166833,16
3046,4.0849941195227855,16
3047,4.086065936007341,16
3048,4.0860692530385325,16
3049,4.086614203147354,16
3050,4.087870063379497,16
3051,4.088334423513155,16
3052,4.088710314202037,16
3053,4.089551610655117,16
3054,4.093125656635696,16
3055,4.093469848956099,16
3056,4.094167032551062,16
3057,4.094938899671887,16
3058,4.0965573675226015,16
3059,4.096782872505651,16
3060,4.098085897927601,16
3061,4.099328066308856,16
3062,4.102283600684359,16
3063,4.104546387721823,16
3064,4.107162944592335,16
3065,4.108232695564293,16
3066,4.108564540824976,16
3067,4.108741210743242,16
3068,4.110353322826726,16
3069,4.111570954797053,16
3070,4.112457017209404,16
3071,4.115762641298624,16
3072,4.116025866352403,16
3073,4.116783324491042,16
3074,4.118087384018915,16
3075,4.119248865946917,16
3076,4.123387152061914,16
3077,4.123759062700997,16
3078,4.125969909614699,16
3079,4.126816638962907,16
3080,4.128332860955953,16
3081,4.12854111806354,16
3082,4.130078478251431,16
3083,4.132176741772815,16
3084,4.132812512651593,16
3085,4.133910967729316,16
3086,4.135469389359494,16
3087,4.137775635861435,16
3088,4.138271335403844,16
3089,4.141563046926877,16
3090,4.1417014454466825,16
3091,4.143274673308307,16
3092,4.1437947522207725,16
3093,4.144833355822946,16
3094,4.14657641398516,16
3095,4.146749249917299,16
3096,4.149608451124889,16
3097,4.150656967904782,16
3098,4.151579008779778,16
3099,4.152072689481279,16
3100,4.152361115527422,16
3101,4.153118365619391,16
3102,4.155166832061574,16
3103,4.157167142296116,16
3104,4.160940059559575,16
3105,4.161925670041767,16
3106,4.164721224666197,16
3107,4.164764877160676,16
3108,4.164921718453225,16
3109,4.167799355373979,16
3110,4.168025048695641,16
3111,4.169638095015714,16
3112,4.170183386064342,16
3113,4.170936544392955,16
3114,4.171695935692141,16
3115,4.171736369829026,16
3116,4.172535274169689,16
3117,4.174612231939133,16
3118,4.176965785731561,16
3119,4.1798266628529985,16
3120,4.18028786100782,16
3121,4.180600146419853,16
3122,4.181009364559942,16
3123,4.181093572692914,16
3124,4.181348745027168,16
3125,4.183076150771049,16
3126,4.183835959161742,16
3127,4.18449015423396,16
3128,4.185859110549494,16
3129,4.186363470394553,16
3130,4.186631460907029,16
3131,4.187458711314299,16
3132,4.188306151918038,16
3133,4.188385396671871,16
3134,4.190446710574774,16
3135,4.190579211171736,16
3136,4.193557816311192,16
3137,4.195750784718306,16
3138,4.196512043808756,16
3139,4.199991149642668,16
3140,4.200365955505863,16
3141,4.2039468567917995,16
3142,4.204797244974759,16
3143,4.204953319224774,16
3144,4.205396652094686,16
3145,4.206665997310056,16
3146,4.207035053523845,16
3147,4.207934942766534,16
3148,4.209599843278515,16
3149,4.216664905254948,16
3150,4.216874766092026,16
3151,4.217342368620114,16
3152,4.218370343200808,16
3153,4.218801946666354,16
3154,4.219383025371095,16
3155,4.219887583458677,16
3156,4.221082921170669,16
3157,4.222171342381875,16
3158,4.222268614732258,16
3159,4.225462318694667,16
3160,4.226497821989449,16
3161,4.22650053671626,16
3162,4.228061590353078,16
3163,4.229110834007308,16
3164,4.229924586130563,16
3165,4.230074730694862,16
3166,4.230323395957267,16
3167,4.231555199531241,16
3168,4.232065772379621,16
3169,4.232165157320972,16
3170,4.2326961995187675,16
3171,4.233606448038962,16
3172,4.235117270202098,16
3173,4.236679113628416,16
3174,4.237508098466244,16
3175,4.23774387622101,16
3176,4.241796516838773,16
3177,4.243456832881928,16
3178,4.243629860516717,16
3179,4.246741940151032,16
3180,4.246810653420978,16
3181,4.247335965185421,16
3182,4.247759111816242,16
3183,4.2482135304888295,16
3184,4.2516660993982525,16
3185,4.251902834899702,16
3186,4.2544277755239905,16
3187,4.254659480252092,16
3188,4.254920594853758,16
3189,4.258800593169343,16
3190,4.259142464752794,16
3191,4.26102266865756,16
3192,4.2621328638767135,16
3193,4.26306548413484,16
3194,4.264643782060986,16
3195,4.266828926551635,16
3196,4.268967410640268,16
3197,4.269721303819808,16
3198,4.270022808817804,16
3199,4.272758391590316,16
3200,4.273468494506649,16
3201,4.273695692687766,16
3202,4.2740988335395595,16
3203,4.274752411888797,16
3204,4.275200134402436,16
3205,4.2756875888714285,16
3206,4.276380124857871,16
3207,4.279180658098199,16
3208,4.2840594153118765,16
3209,4.2841133428579115,16
3210,4.288502870713131,16
3211,4.289389412419663,16
3212,4.289611508735908,16
3213,4.2908139597513335,16
3214,4.2936306033499685,16
3215,4.293868121097484,16
3216,4.294039574362503,16
3217,4.295125293917456,16
3218,4.298015568893861,16
3219,4.298221818070889,16
3220,4.298741454404387,16
3221,4.300069811311156,16
3222,4.3022641930580505,16
3223,4.302460876302192,16
3224,4.305855931318988,16
3225,4.307232386120338,16
3226,4.3079914827106744,16
3227,4.3091923707585735,16
3228,4.3099620779304555,16
3229,4.312052310529752,16
3230,4.3137687683795765,16
3231,4.314505900729658,16
3232,4.319213085940369,16
3233,4.320680542254577,16
3234,4.321008825675334,16
3235,4.321030466875208,16
3236,4.322237055245115,16
3237,4.323551277138861,16
3238,4.324081168988229,16
3239,4.324942796831893,16
3240,4.32736355482743,16
3241,4.328211699518957,16
3242,4.3322111713470015,16
3243,4.335424776067124,16
3244,4.335572207085146,16
3245,4.337571010081126,16
3246,4.338753069069082,16
3247,4.3410903662168785,16
3248,4.34270573954993,16
3249,4.342909594630934,16
3250,4.343222673164752,16
3251,4.343676757499286,16
3252,4.344578936264933,16
3253,4.344931027338171,16
3254,4.348650890385965,16
3255,4.34889125873437,16
3256,4.3496209010484295,16
3257,4.351410368844875,16
3258,4.352274456569624,16
3259,4.354669098345642,16
3260,4.356524053134972,16
3261,4.35913722532444,16
3262,4.359354366549378,16
3263,4.3600552815255025,16
3264,4.361000747335422,16
3265,4.361190183210309,16
3266,4.362061938093225,16
3267,4.362497470689179,16
3268,4.362727912404543,16
3269,4.366108592053638,16
3270,4.36875436515657,16
3271,4.3699628302326134,16
3272,4.37073662458775,16
3273,4.371029061093182,16
3274,4.372047950811358,16
3275,4.37473328621385,16
3276,4.375002554235294,16
3277,4.375409718213578,16
3278,4.37566635154719,16
3279,4.3769696176326125,16
3280,4.378121462176496,16
3281,4.378775048495342,16
3282,4.379787883476345,16
3283,4.3816263051778686,16
3284,4.383089842936046,16
3285,4.383458975390339,16
3286,4.383693972073328,16
3287,4.3842652785992255,16
3288,4.386159224612521,16
3289,4.386218329850512,16
3290,4.388694420981416,16
3291,4.390644553822804,16
3292,4.391405360109078,16
3293,4.39193837292712,16
3294,4.391989717375391,16
3295,4.392074087652123,16
3296,4.392663386099833,16
3297,4.392912941588699,16
3298,4.394489370708528,16
3299,4.395366444123092,16
3300,4.397463078577765,16
3301,4.397956521916285,16
3302,4.399706695825224,16
3303,4.400058322452456,16
3304,4.400693819353994,16
3305,4.403713601687985,16
3306,4.404864943457957,16
3307,4.405964671073969,16
3308,4.407921061182374,16
3309,4.411926706191851,16
3310,4.412547333141498,16
3311,4.415116807929617,16
3312,4.416116916524922,16
3313,4.419852993702868,16
3314,4.4206175195962185,16
3315,4.420644039819902,16
3316,4.421980420000521,16
3317,4.423627922579369,16
3318,4.4243723012723155,16
3319,4.426269856360623,16
3320,4.427079111786338,16
3321,4.428771493318255,16
3322,4.428899912027358,16
3323,4.431223073255949,16
3324,4.436327610687101,16
3325,4.436551210976026,16
3326,4.4371375775045285,16
3327,4.438784184534434,16
3328,4.441467128181508,16
3329,4.44151772740921,16
3330,4.442572713816687,16
3331,4.442779082699943,16
3332,4.444166066040123,16
3333,4.445130332560505,16
3334,4.445304550558183,16
3335,4.445469453011475,16
3336,4.449452251553238,16
3337,4.4503020586364235,16
3338,4.450414951383291,16
3339,4.450619422277095,16
3340,4.45205435399695,16
3341,4.453233883549879,16
3342,4.453266343010401,16
3343,4.45373296375939,16
3344,4.454575038360463,16
3345,4.458969195143965,16
3346,4.460093350564507,16
3347,4.46037909052967,16
3348,4.462704880265275,16
3349,4.469380783011976,16
3350,4.46941644544825,16
3351,4.473437974103052,16
3352,4.47355442930553,16
3353,4.47359241619093,16
3354,4.47601287891092,16
3355,4.477238605023562,16
3356,4.479119573401738,16
3357,4.479649897359884,16
3358,4.486803147669914,16
3359,4.487444653712134,16
3360,4.490792409591532,16
3361,4.491207939340312,16
3362,4.491763213119162,16
3363,4.491820244120471,16
3364,4.492341400326337,16
3365,4.493359945072442,16
3366,4.497268081806866,16
3367,4.4989637767825865,16
3368,4.5041543624879035,16
3369,4.505768616106383,16
3370,4.50676322535139,16
3371,4.506767887108391,16
3372,4.506947906442548,16
3373,4.5085084072269295,16
3374,4.509869095303604,16
3375,4.511419132530396,16
3376,4.519300444647579,16
3377,4.524461296509864,16
3378,4.528292688364277,16
3379,4.53014519774899,16
3380,4.5334709937129825,16
3381,4.534421112313403,16
3382,4.53664047571844,16
3383,4.536716783923505,16
3384,4.536882609805399,16
3385,4.537609234455775,16
3386,4.537714457219098,16
3387,4.538625021324868,16
3388,4.546269420720944,16
3389,4.5463275673519625,16
3390,4.550786652213275,16
3391,4.5514445054469,16
3392,4.552236448323798,16
3393,4.552680196544021,16
3394,4.555451198048181,16
3395,4.5554936776238195,16
3396,4.5563706376120905,16
3397,4.558547411031371,16
3398,4.558795432870978,16
3399,4.558965836059958,16
3400,4.5605647543678804,16
3401,4.562435666031819,16
3402,4.564168433813183,16
3403,4.565533606477139,16
3404,4.570837886101239,16
3405,4.572222979075171,16
3406,4.574096323576173,16
3407,4.574657500277631,16
3408,4.575548632167524,16
3409,4.576555461548941,16
3410,4.5828437955118,16
3411,4.584080746312815,16
3412,4.585689104927998,16
3413,4.587828669565247,16
3414,4.587878394002417,16
3415,4.5881729959346575,16
3416,4.589480653401302,16
3417,4.589589754771212,16
3418,4.5898189377541865,16
3419,4.590757693187452,16
3420,4.590969890000594,16
3421,4.591501651225915,16
3422,4.592483582428129,16
3423,4.596248465102069,16
3424,4.596746665878481,16
3425,4.598984102555652,16
3426,4.601492058014622,16
3427,4.603249624404024,16
3428,4.605895727229424,16
3429,4.607365831575054,16
3430,4.610468342382481,16
3431,4.614308856472238,16
3432,4.621162712307448,16
3433,4.621832691035568,16
3434,4.6222580851916755,16
3435,4.6228929588741146,16
3436,4.62475419649898,16
3437,4.627774705809351,16
3438,4.628018211756107,16
3439,4.629565869677388,16
3440,4.63140043557443,16
3441,4.633871483781313,16
3442,4.634284300824692,16
3443,4.636173382112014,16
3444,4.636260632806412,16
3445,4.636393837168371,16
3446,4.637098709278041,16
3447,4.643399925884233,16
3448,4.643848874829897,16
3449,4.645427207351604,16
3450,4.645742596375076,16
3451,4.648777522885415,16
3452,4.649520685686293,16
3453,4.651797561239323,16
3454,4.654105691023013,16
3455,4.654818670708791,16
3456,4.658005528667085,16
3457,4.658101982078277,16
3458,4.659043300979875,16
3459,4.659856896561007,16
3460,4.660430634143142,16
3461,4.6653094554039685,16
3462,4.675902459394493,16
3463,4.680197875531129,16
3464,4.684615776159556,16
3465,4.686990016844251,16
3466,4.691902352059772,16
3467,4.69344709018819,16
3468,4.699968546768302,16
3469,4.700363667787663,16
3470,4.702702508091697,16
3471,4.702995849093369,16
3472,4.704945179214343,16
3473,4.705907901110349,16
3474,4.706435297092966,16
3475,4.711552807653607,16
3476,4.711552807653607,16
3477,4.715224820311065,16
3478,4.716563474140567,16
3479,4.719070912172726,16
3480,4.720194012498716,16
3481,4.720577958980543,16
3482,4.721339310999679,16
3483,4.724522794529586,16
3484,4.724671387253601,16
3485,4.725814599601721,16
3486,4.725885958574674,16
3487,4.732115182829114,16
3488,4.732368385221268,16
3489,4.73381917716214,16
3490,4.737273018230498,16
3491,4.737480257126278,16
3492,4.737548834447232,16
3493,4.738939875723304,16
3494,4.743228686652812,16
3495,4.745490635721841,16
3496,4.746613793219728,16
3497,4.747199738491724,16
3498,4.74799445449761,16
3499,4.750422792311392,16
3500,4.750844718262987,16
3501,4.751666561785205,16
3502,4.753285958441648,16
3503,4.754393119234846,16
3504,4.754603442989213,16
3505,4.754673022891689,16
3506,4.754722280058103,16
3507,4.755977854699593,16
3508,4.756639090258447,16
3509,4.756764451068944,16
3510,4.757664446895846,16
3511,4.758688493907049,16
3512,4.760129061559407,16
3513,4.761179915056287,16
3514,4.762505229646977,16
3515,4.762774989169393,16
3516,4.763934870078582,16
3517,4.764644636889534,16
3518,4.765186996504168,16
3519,4.766424487104835,16
3520,4.76885582984969,16
3521,4.769167278883817,16
3522,4.769823837528962,16
3523,4.771568010304601,16
3524,4.774596342281618,16
3525,4.774702004200705,16
3526,4.775088042786728,16
3527,4.775489078262134,16
3528,4.777241193336984,16
3529,4.779429931928812,16
3530,4.785238539145666,16
3531,4.786688654735826,16
3532,4.79261041610587,16
3533,4.7928418751018835,16
3534,4.797186037002485,16
3535,4.798453515176428,16
3536,4.798776151741034,16
3537,4.798965577497732,16
3538,4.804532822477867,16
3539,4.805353845391659,16
3540,4.805898471326134,16
3541,4.806059870118343,16
3542,4.806496688340523,16
3543,4.809631778476109,16
3544,4.81231092019249,16
3545,4.813573520900283,16
3546,4.8138271936519,16
3547,4.813844764390518,16
3548,4.814156245313148,16
3549,4.816307713649752,16
3550,4.818258454843482,16
3551,4.819731197149873,16
3552,4.822072170143706,16
3553,4.824039039311177,16
3554,4.824678069619211,16
3555,4.824935304827588,16
3556,4.8283242534523705,16
3557,4.828716604202713,16
3558,4.830632171621128,16
3559,4.830891517368319,16
3560,4.832803304295832,16
3561,4.834451273360679,16
3562,4.836513032964571,16
3563,4.837756597568565,16
3564,4.8437294120723635,16
3565,4.8455670282475785,16
3566,4.847997707982403,16
3567,4.850769057570763,16
3568,4.857684074544204,16
3569,4.858107405089379,16
3570,4.8594879310839625,16
3571,4.862276736988873,16
3572,4.867281390747041,16
3573,4.871366734517466,16
3574,4.871724368881446,16
3575,4.875378751067612,16
3576,4.877683136047577,16
3577,4.877924113025999,16
3578,4.878031462913714,16
3579,4.879695562850545,16
3580,4.880597253162241,16
3581,4.887593086488243,16
3582,4.890732830920678,16
3583,4.895394644417467,16
3584,4.89811850850603,16
3585,4.899148881882245,16
3586,4.905098898731374,16
3587,4.90832749714937,16
3588,4.912682917046217,16
3589,4.912846001275578,16
3590,4.914567664429116,16
3591,4.916808141273677,16
3592,4.918223096443328,16
3593,4.919699629436342,16
3594,4.921468018345457,16
3595,4.9235435053341705,16
3596,4.9268495546804125,16
3597,4.930378650935414,16
3598,4.9311350960904345,16
3599,4.936012616363686,16
3600,4.936841518562204,16
3601,4.938383419756836,16
3602,4.940751380971165,16
3603,4.943055643521489,16
3604,4.945406251885406,16
3605,4.9460645192191155,16
3606,4.951068150881057,16
3607,4.951154984746298,16
3608,4.955040086854241,16
3609,4.956446970632008,16
3610,4.957694122348869,16
3611,4.959475706432828,16
3612,4.959913896037713,16
3613,4.96040928170577,16
3614,4.962650655810686,16
3615,4.963109463056967,16
3616,4.9706033344086755,16
3617,4.9837931531111845,16
3618,4.984399480676417,16
3619,4.988179826311022,16
3620,4.993947229534533,16
3621,4.99562324371333,16
3622,4.997016935771701,16
3623,4.99909175183703,16
3624,5.002797821057807,16
3625,5.003437213357161,16
3626,5.010018109803465,16
3627,5.010261069223877,16
3628,5.015410728351333,16
3629,5.017940396064827,16
3630,5.019116629051705,16
3631,5.024140603040153,16
3632,5.02423147139798,16
3633,5.02554621002419,16
3634,5.027146463802404,16
3635,5.028014969975405,16
3636,5.0290218670933475,16
3637,5.030100231303983,16
3638,5.030578139693897,16
3639,5.033482104379914,16
3640,5.034449298516172,16
3641,5.037260293225778,16
3642,5.047107862226217,16
3643,5.049854459952512,16
3644,5.0506001112578485,16
3645,5.051556486875503,16
3646,5.053783080172622,16
3647,5.053929420996632,16
3648,5.058528430701054,16
3649,5.0587530537178464,16
3650,5.059235328866156,16
3651,5.0594751557123985,16
3652,5.059986493652802,16
3653,5.061458477557457,16
3654,5.064012114732259,16
3655,5.06574041195476,16
3656,5.065974919376403,16
3657,5.0709013579842805,16
3658,5.071590675910393,16
3659,5.0729638606881755,16
3660,5.0760723628150055,16
3661,5.0779833974097315,16
3662,5.08087019528932,16
3663,5.088499610625329,16
3664,5.090809469272438,16
3665,5.096059774219879,16
3666,5.096281472551682,16
3667,5.100468108031275,16
3668,5.103458743442427,16
3669,5.104333639909249,16
3670,5.108236322620057,16
3671,5.109148775351059,16
3672,5.111564423797174,16
3673,5.115008326254503,16
3674,5.119347948398327,16
3675,5.119751611518271,16
3676,5.12010003427638,16
3677,5.1249586844143,16
3678,5.129567093803063,16
3679,5.132279857275774,16
3680,5.133244916317651,16
3681,5.133317525301235,16
3682,5.1338495702411615,16
3683,5.135722047519328,16
3684,5.139465491949526,16
3685,5.141615311619932,16
3686,5.142370484954862,16
3687,5.146168091740658,16
3688,5.146920188134867,16
3689,5.148872259101802,16
3690,5.149617576205799,16
3691,5.1513059194197,16
3692,5.154854635337441,16
3693,5.154924274129929,16
3694,5.157175764462761,16
3695,5.159093256667056,16
3696,5.159892571484131,16
3697,5.161898421908726,16
3698,5.162665977153738,16
3699,5.163454564367295,16
3700,5.16861934171312,16
3701,5.171888043666532,16
3702,5.171947662820148,16
3703,5.175725583537155,16
3704,5.180802833412789,16
3705,5.180893536416533,16
3706,5.182779436459402,16
3707,5.182973938270953,16
3708,5.184393516428173,16
3709,5.187749800036029,16
3710,5.18838816467327,16
3711,5.189204149528102,16
3712,5.194972269909572,16
3713,5.199380056342244,16
3714,5.199733172853194,16
3715,5.200192537576576,16
3716,5.201705369327295,16
3717,5.203513471058051,16
3718,5.205893141835707,16
3719,5.207146117723861,16
3720,5.216978678485092,16
3721,5.220249253453529,16
3722,5.222197570414299,16
3723,5.222636856131361,16
3724,5.225367988694896,16
3725,5.22807336817413,16
3726,5.229516699905879,16
3727,5.239172799741334,16
3728,5.241787811038284,16
3729,5.246994889561448,16
3730,5.2487580956413185,16
3731,5.252545400528406,16
3732,5.253161570164085,16
3733,5.258302468536677,16
3734,5.262532311132205,16
3735,5.269562317962538,16
3736,5.269656282419386,16
3737,5.27003214020736,16
3738,5.27023439459765,16
3739,5.275429195134928,16
3740,5.275994660149869,16
3741,5.280608035966054,16
3742,5.282808500405845,16
3743,5.283572773885354,16
3744,5.284348366516216,16
3745,5.285147501922374,16
3746,5.286303785027172,16
3747,5.2873071730290615,16
3748,5.292092861647648,16
3749,5.296781088498945,16
3750,5.314711423300908,16
3751,5.316157268532641,16
3752,5.316157268532641,16
3753,5.318044763022306,16
3754,5.320292927704132,16
3755,5.321385767921704,16
3756,5.324278655392371,16
3757,5.3294981111928195,16
3758,5.335545841468653,16
3759,5.337112822755404,16
3760,5.340194223318819,16
3761,5.342306268986969,16
3762,5.342902278154605,16
3763,5.344697893658013,16
3764,5.347133297949682,16
3765,5.348017897184356,16
3766,5.349020807544643,16
3767,5.351214277992057,16
3768,5.357032401051811,16
3769,5.3588334415635765,16
3770,5.359086585663939,16
3771,5.365424270759505,16
3772,5.37082758706459,16
3773,5.375301280062342,16
3774,5.377575646898019,16
3775,5.37779368866741,16
3776,5.3779811508188216,16
3777,5.3795414062704054,16
3778,5.385412832879643,16
3779,5.38789502525613,16
3780,5.391927508164729,16
3781,5.396375734621454,16
3782,5.41088537524074,16
3783,5.411374542166427,16
3784,5.4251229786943,16
3785,5.4382329652075825,16
3786,5.442553022428037,16
3787,5.449985249803654,16
3788,5.451545877783469,16
3789,5.456226240091906,16
3790,5.456511641573811,16
3791,5.458996985178414,16
3792,5.4633036474148975,16
3793,5.470982605867958,16
3794,5.484088006131809,16
3795,5.490838706796695,16
3796,5.491279950684774,16
3797,5.495234562315317,16
3798,5.503650928065772,16
3799,5.504721078926202,16
3800,5.505951310998736,16
3801,5.513876536768666,16
3802,5.5274716577102865,16
3803,5.533410875330797,16
3804,5.533694042906795,16
3805,5.547182745237432,16
3806,5.568661934951082,16
3807,5.57136176971758,16
3808,5.580768676184012,16
3809,5.582465235765271,16
3810,5.587198587313228,16
3811,5.588734893626914,16
3812,5.588888629724442,16
3813,5.5942830939955295,16
3814,5.595806037962043,16
3815,5.596747983394226,16
3816,5.5991143484667205,16
3817,5.60118863986609,16
3818,5.601199596299359,16
3819,5.605029772217897,16
3820,5.606446182532733,16
3821,5.607614021377618,16
3822,5.6103993936935845,16
3823,5.612281969923304,16
3824,5.614659323145318,16
3825,5.616027608430306,16
3826,5.62007042288485,16
3827,5.627334670983559,16
3828,5.629866458809072,16
3829,5.638121250298727,16
3830,5.642551547693233,16
3831,5.643909125758512,16
3832,5.650040346139247,16
3833,5.650046874332287,16
3834,5.65879427969117,16
3835,5.6656763378254675,16
3836,5.667773695051306,16
3837,5.6751532007187135,16
3838,5.691818010048536,16
3839,5.699012461418254,16
3840,5.70515560611212,16
3841,5.709536172351232,16
3842,5.7116014748200605,16
3843,5.71366459676431,16
3844,5.713921311780304,16
3845,5.7161928981366374,16
3846,5.729641412989122,16
3847,5.733704493278812,16
3848,5.737176888659659,16
3849,5.748567595954935,16
3850,5.749665788696424,16
3851,5.755852050165207,16
3852,5.758202865338678,16
3853,5.764333480975668,16
3854,5.7689591817706525,16
3855,5.771768499160121,16
3856,5.771847439435978,16
3857,5.784248456939425,16
3858,5.7906554796724095,16
3859,5.793417801502594,16
3860,5.793814366020037,16
3861,5.798692994760413,16
3862,5.803685008121756,16
3863,5.807826514911732,16
3864,5.81117954806378,16
3865,5.819766977748374,16
3866,5.820354897359563,16
3867,5.8292032324545335,16
3868,5.841036189677579,16
3869,5.841183995602515,16
3870,5.841476798985282,16
3871,5.841561639267082,16
3872,5.8485968972934534,16
3873,5.864128677856688,16
3874,5.864384738128253,16
3875,5.868274084039527,16
3876,5.876436045698328,16
3877,5.878225428809238,16
3878,5.881170437363528,16
3879,5.8851242027064465,16
3880,5.888245244348974,16
3881,5.894205741664912,16
3882,5.9031251659563,16
3883,5.910607288039293,16
3884,5.914537140018271,16
3885,5.916838610304523,16
3886,5.92887225560716,16
3887,5.9302649195010995,16
3888,5.934828087047117,16
3889,5.9349369751973144,16
3890,5.9555641878574255,16
3891,5.96621145892462,16
3892,5.971575653719421,16
3893,5.972778956912747,16
3894,5.973064875520134,16
3895,5.976950841672821,16
3896,5.979143646731977,16
3897,5.981002569494365,16
3898,5.986580930592369,16
3899,5.992945143563743,16
3900,6.02771871891418,16
3901,6.028107106145726,16
3902,6.037483028809539,16
3903,6.039300238758856,16
3904,6.043435718361985,16
3905,6.076543796782405,16
3906,6.077834077902908,16
3907,6.0999109434325085,16
3908,6.1284725750412585,16
3909,6.134690571185785,16
3910,6.136467718480999,16
3911,6.137331329120277,16
3912,6.142530208294805,16
3913,6.154092551022563,16
3914,6.1587116562624304,16
3915,6.171895655209207,16
3916,6.180156733223549,16
3917,6.189256324503497,16
3918,6.20215294747302,16
3919,6.203197423744976,16
3920,6.216748928250021,16
3921,6.234589777341445,16
3922,6.235012422849971,16
3923,6.24544893953343,16
3924,6.254712426056665,16
3925,6.259009251346291,16
3926,6.263616152994886,16
3927,6.293978727101529,16
3928,6.297770707209884,16
3929,6.299550011445258,16
3930,6.303611214225856,16
3931,6.306869044729868,16
3932,6.309878748552026,16
3933,6.320455494870374,16
3934,6.3252102966183985,16
3935,6.328207432919108,16
3936,6.328817594610003,16
3937,6.3417000222455115,16
3938,6.342067814105898,16
3939,6.349124878534555,16
3940,6.3587393364158675,16
3941,6.36180432454461,16
3942,6.364051401359126,16
3943,6.366725500362606,16
3944,6.367157814250002,16
3945,6.37599619385429,16
3946,6.405764992713589,16
3947,6.408023670055832,16
3948,6.4093841449263165,16
3949,6.413999806893043,16
3950,6.4256982300685115,16
3951,6.441310568795014,16
3952,6.44875689246554,16
3953,6.4488092938584005,16
3954,6.469026382897861,16
3955,6.478289022592388,16
3956,6.478702754165304,16
3957,6.489604540900591,16
3958,6.495397622932943,16
3959,6.501890488679098,16
3960,6.509275079271224,16
3961,6.510839882911532,16
3962,6.513791878691859,16
3963,6.520812146776379,16
3964,6.52585683725006,16
3965,6.553084935053986,16
3966,6.554536456791998,16
3967,6.5575111914928765,16
3968,6.593211183038722,16
3969,6.627627275382035,16
3970,6.638499182147374,16
3971,6.639644939151768,16
3972,6.651623883658936,16
3973,6.66774978405049,16
3974,6.692708096603186,16
3975,6.6948527584156,16
3976,6.695058980098912,16
3977,6.699203712871166,16
3978,6.702156298292552,16
3979,6.709918804575605,16
3980,6.725435797055632,16
3981,6.738399460520253,16
3982,6.74764189840478,16
3983,6.768811653931842,16
3984,6.78075289875412,16
3985,6.786345445754233,16
3986,6.786720582711914,16
3987,6.791302938062391,16
3988,6.793148847171739,16
3989,6.797085124292394,16
3990,6.812622853354682,16
3991,6.8148869091047075,16
3992,6.815140612662404,16
3993,6.840863780206808,16
3994,6.849991473326352,16
3995,6.872019421377927,16
3996,6.876768209394587,16
3997,6.893404346205767,16
3998,6.8976072568314795,16
3999,6.898731709900956,16
4000,6.945595512092162,16
4001,7.003219997431607,16
4002,7.005856835819519,16
4003,7.027131224178397,16
4004,7.0294245995195945,16
4005,7.039100693391367,16
4006,7.053252554737878,16
4007,7.070666465324184,16
4008,7.089640447759839,16
4009,7.115476325323631,16
4010,7.136786975936272,16
4011,7.138175287176242,16
4012,7.183575115489505,16
4013,7.196411943235003,16
4014,7.199405710634615,16
4015,7.213223267057191,16
4016,7.215980397965082,16
4017,7.219362938651407,16
4018,7.220003332006915,16
4019,7.225210433886055,16
4020,7.23268415070876,16
4021,7.242617077748438,16
4022,7.260970825043983,16
4023,7.2855619926024096,16
4024,7.32281686547948,16
4025,7.337748796439246,16
4026,7.359687236978262,16
4027,7.363866830277739,16
4028,7.367732535604713,16
4029,7.375705794667981,16
4030,7.377117970406041,16
4031,7.394729447971071,16
4032,7.408675015603316,16
4033,7.4335347651070425,16
4034,7.450770333393999,16
4035,7.457386968347382,16
4036,7.4652332190846185,16
4037,7.46681506693173,16
4038,7.467471781156486,16
4039,7.503019085777646,16
4040,7.523668010062953,16
4041,7.531270232581462,16
4042,7.545779258593016,16
4043,7.552175986449284,16
4044,7.556393245908243,16
4045,7.5634875883242065,16
4046,7.5854885755451384,16
4047,7.589305619635196,16
4048,7.5980927242432585,16
4049,7.598790649964699,16
4050,7.687591255652374,16
4051,7.702249997625359,16
4052,7.738327464664122,16
4053,7.86189191746646,16
4054,7.865784482442079,16
4055,7.908563889029601,16
4056,7.9129576624249,16
4057,7.934027975260092,16
4058,7.9364205077220635,16
4059,7.951759365969047,16
4060,7.976025874623291,16
4061,8.080327574080552,16
4062,8.095155653916823,16
4063,8.101234573774377,16
4064,8.110832787039119,16
4065,8.112734712199208,16
4066,8.133582198622866,16
4067,8.138211358398204,16
4068,8.139338263631942,16
4069,8.145534081237036,16
4070,8.149461791789257,16
4071,8.15936394470459,16
4072,8.21126793749973,16
4073,8.217568398287215,16
4074,8.218416544591527,16
4075,8.223602963712777,16
4076,8.239490669783603,16
4077,8.257228360569618,16
4078,8.325955460841865,16
4079,8.339683966176123,16
4080,8.351448342594152,16
4081,8.35736726408308,16
4082,8.493763432755161,16
4083,8.512770537217937,16
4084,8.533024699351357,16
4085,8.53860516002618,16
4086,8.62731606527192,16
4087,8.656323832914207,16
4088,8.658944674203445,16
4089,8.65942409866474,16
4090,8.727808031995536,16
4091,8.763273343004643,16
4092,8.774680668565376,16
4093,8.790084685214747,16
4094,8.79607428554523,16
4095,8.902062636503695,16
4096,9.366543832753328,16
4097,9.389314784361911,16
4098,9.507616484359387,16
4099,9.651581339724919,16
4100,9.693949434861596,16
4101,9.707955680013105,16
4102,9.782395857412888,16
4103,10.02098830718587,16
4104,10.116000426247473,16
4105,10.13013139441345,16
4106,10.21972484171756,16
4107,10.310896155667656,16
4108,10.77480944059241,16
4109,10.78410267983069,16
4110,10.962400378556937,16
4111,11.307182393481648,16
4112,11.488649101796927,16
4113,11.556305867973357,16
4114,11.589790361519857,16
4115,11.84812448367737,16
4116,11.916399475482772,16
4117,11.92469829742374,16
4118,12.011575605392713,16
4119,12.470830307190255,16
4120,12.609856775594785,16
4121,12.800423609385698,16
4122,12.899358307402332,16
4123,12.934363020707782,16
4124,13.212877839021923,16
4125,13.249484280467653,16
4126,13.417116393368811,16
4127,13.445111763590571,16
4128,13.741916133803885,16
4129,13.938682631198523,16
4130,14.056298578399284,16
4131,14.331667813626558,16
4132,14.448768331355822,16
4133,14.562408067757497,16
4134,14.606856121583963,16
4135,14.718085282044655,16
4136,14.80265570846858,16
4137,15.044459571718004,16
4138,15.23103087479469,16
4139,15.309359770920464,16
4140,15.505928295048477,16
4141,15.526800619550542,16
4142,16.156739107048377,16
4143,16.281573971583796,16
4144,16.588454317384898,16
4145,16.720720663546498,16
4146,16.720720663546498,16
4147,17.134989667099564,16
4148,17.15329764805361,16
4149,17.381976788566725,16
4150,19.135075446103937,16
4151,19.43038265810342,16
4152,19.8972097403632,16
4153,21.255059807445022,16
4154,21.757689864305902,16
4155,25.25725849721568,16
4156,25.865678473592524,16
4157,25.98511347291282,16
4158,26.899768755071705,16
4159,27.607311527704383,16
4160,27.68681913525387,16
4161,32.0567196745192,16
