observation_id,representative,product_class,date,total_sales,total_quantity,distinct_customers,simulated_actual_payout
obs_e23e597521391cf3,Abigail Thompson,Analgesics,2017-01-01,1790892.0,3905.0,53,9943.650485436894
obs_615f1e87ef3d13b8,Abigail Thompson,Analgesics,2017-02-01,2463255.0,5807.0,48,1419.2168684221774
obs_e34700c8cd07293a,Abigail Thompson,Analgesics,2017-03-01,3778609.0,9326.0,69,1905.8683956998111
obs_99444d4e9650045b,Abigail Thompson,Analgesics,2017-04-01,1415197.0,3187.0,55,668.3420930545901
obs_b860fa3f27bce88a,Abigail Thompson,Analgesics,2017-05-01,3403401.0,8083.0,72,1426.7817458677546
obs_614d2c48e59c5a11,Abigail Thompson,Analgesics,2017-06-01,17745535.0,28468.0,68,3781.0967995369265
obs_2b54b4193131acb6,Abigail Thompson,Analgesics,2017-07-01,8006334.0,19268.0,73,2391.966492609193
obs_1f48c1ee3e71a112,Abigail Thompson,Analgesics,2017-08-01,2411744.0,6711.0,76,469.3418700549665
obs_fac9a84a13517c49,Abigail Thompson,Analgesics,2017-09-01,12146331.0,36942.0,58,1591.128906334041
obs_0d38ba308d8034c2,Abigail Thompson,Analgesics,2017-10-01,4786318.0,8740.0,53,685.3032248852892
obs_61ac42657d7331dd,Abigail Thompson,Analgesics,2017-11-01,3367495.0,9989.0,71,762.3060076700749
obs_43a512da6ca25bcc,Abigail Thompson,Analgesics,2017-12-01,2189547.0,4963.0,52,583.101632571389
obs_1753f2f158ae70ac,Abigail Thompson,Analgesics,2018-01-01,5203127.0,10523.0,93,1625.125134428739
obs_f515e3cb78631885,Abigail Thompson,Analgesics,2018-02-01,6554225.0,19021.0,120,2112.03960314657
obs_1fc0b0ecd7830d62,Abigail Thompson,Analgesics,2018-03-01,6503936.0,22379.0,123,1266.9966471301261
obs_d814e046eaa60d15,Abigail Thompson,Analgesics,2018-04-01,2500109.0,5456.0,76,529.9024649760702
obs_76bde88d2475a77f,Abigail Thompson,Analgesics,2018-05-01,1807500.0,4601.0,104,452.3606592529553
obs_03a31da4d41327a0,Abigail Thompson,Analgesics,2018-06-01,20918171.0,48233.0,94,5311.603690778111
obs_33d19603a3759bab,Abigail Thompson,Analgesics,2018-07-01,3633667.0,8020.0,112,1513.8391160320168
obs_791d08d7ef65ea42,Abigail Thompson,Analgesics,2018-08-01,6957876.0,12328.0,79,2073.8299689665178
obs_5a95dfdf8550b3c1,Abigail Thompson,Analgesics,2018-09-01,2547776.0,6784.0,85,516.6297443399575
obs_0011949b2bb7fbcd,Abigail Thompson,Analgesics,2018-10-01,9556076.0,19900.0,137,2526.636478978452
obs_063693637ef59cce,Abigail Thompson,Analgesics,2018-11-01,4607345.0,11339.0,108,732.1676707198677
obs_1b443ebac94ac4d4,Abigail Thompson,Analgesics,2018-12-01,1883562.0,3652.0,87,547.6824457806697
obs_b5b4c5d2b06e9f98,Abigail Thompson,Analgesics,2019-01-01,1964586.0,3868.0,39,560.4876640251092
obs_b06ed11f42fcfbdf,Abigail Thompson,Analgesics,2019-02-01,1661147.0,2913.0,47,865.6885258535016
obs_2df2349d5d6d4af1,Abigail Thompson,Analgesics,2019-03-01,2487367.0,5703.0,65,1352.6280376460454
obs_62f13cc5df51a157,Abigail Thompson,Analgesics,2019-04-01,15905135.0,22654.0,50,5180.059218781133
obs_43336d845ea431bc,Abigail Thompson,Antibiotics,2017-01-01,1609952.0,3772.0,46,9065.300970873786
obs_baf5625da2096882,Abigail Thompson,Antibiotics,2017-02-01,1674851.0,3407.0,40,1012.5135190667447
obs_c6bc5c9e95ff4666,Abigail Thompson,Antibiotics,2017-03-01,2034302.0,4761.0,46,1253.1727058189585
obs_de9e824837a99403,Abigail Thompson,Antibiotics,2017-04-01,1377379.0,3087.0,41,848.8269247750443
obs_e3f6a3859fd7ad45,Abigail Thompson,Antibiotics,2017-05-01,1558997.0,3135.0,52,927.786854049263
obs_b5111b97e6ed38c7,Abigail Thompson,Antibiotics,2017-06-01,1446748.0,3450.0,45,925.7275873868891
obs_05c6a0c0b9d9e885,Abigail Thompson,Antibiotics,2017-07-01,1510609.0,3654.0,51,1017.161488742036
obs_de55c5814290b874,Abigail Thompson,Antibiotics,2017-08-01,2118427.0,3966.0,56,1451.900725732508
obs_70f1c06cda49ce50,Abigail Thompson,Antibiotics,2017-09-01,2462912.0,6677.0,58,1728.652896802818
obs_309b62ebed7b301b,Abigail Thompson,Antibiotics,2017-10-01,2756439.0,6657.0,64,1329.0928652085006
obs_a202012c4ef24643,Abigail Thompson,Antibiotics,2017-11-01,1576703.0,4313.0,54,716.1493016144565
obs_2efdc8c5fbd6df78,Abigail Thompson,Antibiotics,2017-12-01,3896001.0,10025.0,42,1669.7423835679303
obs_0cadaa8e09752462,Abigail Thompson,Antibiotics,2018-01-01,8494579.0,14548.0,67,2745.9816048296198
obs_4d5cbeb7f46f0e31,Abigail Thompson,Antibiotics,2018-02-01,1329742.0,2969.0,75,498.5263062981959
obs_9803f0acde4e76f3,Abigail Thompson,Antibiotics,2018-03-01,3459842.0,7495.0,83,896.6380340211581
obs_e1b37c675c3003b1,Abigail Thompson,Antibiotics,2018-04-01,557192.0,2090.0,72,367.2661439733628
obs_0b498f5343e84a61,Abigail Thompson,Antibiotics,2018-05-01,1677197.0,3218.0,80,1280.697874044126
obs_d7a2b25a8cdc5b6a,Abigail Thompson,Antibiotics,2018-06-01,3603234.0,8352.0,88,2292.8964030144352
obs_2a80e8723ccdd491,Abigail Thompson,Antibiotics,2018-07-01,3661327.0,8059.0,91,2309.7104597035977
obs_c32b47f34eec76af,Abigail Thompson,Antibiotics,2018-08-01,1180625.0,3646.0,78,488.5852259548651
obs_d537f23061649c08,Abigail Thompson,Antibiotics,2018-09-01,2032755.0,4619.0,77,660.7869230160989
obs_06bc80ca1592529b,Abigail Thompson,Antibiotics,2018-10-01,3340076.0,8056.0,111,1744.0869860175653
obs_593c6b0abfbff40f,Abigail Thompson,Antibiotics,2018-11-01,1988362.0,5139.0,83,962.2532758581286
obs_0764cae41bcbe612,Abigail Thompson,Antibiotics,2018-12-01,2884830.0,6308.0,85,1472.2967261442711
obs_d05b3b40b386e054,Abigail Thompson,Antibiotics,2019-01-01,1215848.0,3225.0,34,556.8902547436878
obs_04e73b8f3403f58d,Abigail Thompson,Antibiotics,2019-02-01,1521591.0,3504.0,39,807.2197676532168
obs_e4f6b17418ade61e,Abigail Thompson,Antibiotics,2019-03-01,3087397.0,4748.0,44,2212.4495146313798
obs_3e72ae64b4ee1487,Abigail Thompson,Antibiotics,2019-04-01,2250712.0,4253.0,37,1545.1253667652788
obs_979be2c88656c12c,Abigail Thompson,Antimalarial,2017-01-01,938089.0,2849.0,44,5803.830097087379
obs_dfa27919b86c3d52,Abigail Thompson,Antimalarial,2017-02-01,1163298.0,4395.0,45,1254.9418738261807
obs_68b49514dab5a9ca,Abigail Thompson,Antimalarial,2017-03-01,1162431.0,5812.0,48,1092.6534312905796
obs_308780ad50c636ca,Abigail Thompson,Antimalarial,2017-04-01,573217.0,2707.0,45,609.0673505932616
obs_a4c24cdcb0026734,Abigail Thompson,Antimalarial,2017-05-01,892507.0,2165.0,41,809.072958191994
obs_182375d528750b6c,Abigail Thompson,Antimalarial,2017-06-01,1151759.0,3765.0,48,1316.111836320644
obs_8abab8423ce5b57a,Abigail Thompson,Antimalarial,2017-07-01,3357104.0,7723.0,56,3075.9376519425955
obs_047985ea3c9cd755,Abigail Thompson,Antimalarial,2017-08-01,3296889.0,11155.0,70,2639.5541978817255
obs_d9289b44a1d34714,Abigail Thompson,Antimalarial,2017-09-01,1986226.0,4674.0,53,688.6805464063743
obs_5015dcfd335cfe6b,Abigail Thompson,Antimalarial,2017-10-01,1071259.0,3894.0,55,486.59970389207786
obs_122ff7e4b022803a,Abigail Thompson,Antimalarial,2017-11-01,1393913.0,4979.0,66,761.0119362926259
obs_0bdcb50077926fdd,Abigail Thompson,Antimalarial,2017-12-01,1472664.0,5590.0,45,1032.1557674209291
obs_a2471ed7d158d3a2,Abigail Thompson,Antimalarial,2018-01-01,1438413.0,6382.0,87,1002.335579523395
obs_0fd2277576d131c5,Abigail Thompson,Antimalarial,2018-02-01,2071148.0,6224.0,68,1497.4321535008319
obs_f919088c73e72be1,Abigail Thompson,Antimalarial,2018-03-01,1928083.0,5554.0,87,1338.89370107374
obs_27e4d2ad8d9be82a,Abigail Thompson,Antimalarial,2018-04-01,1165659.0,3879.0,83,690.2200658595706
obs_6eca4269d60b55fa,Abigail Thompson,Antimalarial,2018-05-01,3290572.0,8924.0,93,1821.1829425181504
obs_b6b35315a88c7800,Abigail Thompson,Antimalarial,2018-06-01,5869892.0,15941.0,81,2727.873170357464
obs_cee5c1e4f3e8006e,Abigail Thompson,Antimalarial,2018-07-01,1718205.0,8076.0,79,630.2135755215409
obs_d7ceb393881b22a6,Abigail Thompson,Antimalarial,2018-08-01,1451843.0,4592.0,85,571.2715701129496
obs_fd7a14533175bc3b,Abigail Thompson,Antimalarial,2018-09-01,2042993.0,17446.0,69,1192.994541916246
obs_ecd4c7198c8348a5,Abigail Thompson,Antimalarial,2018-10-01,2432965.0,11229.0,111,1468.4372220919308
obs_069f966ef2f3ff89,Abigail Thompson,Antimalarial,2018-11-01,2133060.0,6368.0,82,1017.0944288813956
obs_890c162e5617bff7,Abigail Thompson,Antimalarial,2018-12-01,1372466.0,3421.0,66,718.5139876993342
obs_6c27798b6101288b,Abigail Thompson,Antimalarial,2019-01-01,333960.0,960.0,33,364.00277408115727
obs_45857c1a6bd69901,Abigail Thompson,Antimalarial,2019-02-01,1911559.0,4830.0,49,1440.280965313389
obs_414b31aff8f47057,Abigail Thompson,Antimalarial,2019-03-01,2308727.0,7538.0,54,1791.4736360243576
obs_2835518b42eb6685,Abigail Thompson,Antimalarial,2019-04-01,904479.0,2841.0,43,594.536168432276
obs_e31ae31bfcf0fa35,Abigail Thompson,Antipiretics,2017-01-01,813171.0,2006.0,39,5197.4320388349515
obs_e2991b3dc0037036,Abigail Thompson,Antipiretics,2017-02-01,1197226.0,3118.0,58,1536.7633926410087
obs_ba083d35986c96ef,Abigail Thompson,Antipiretics,2017-03-01,2381219.0,5471.0,56,2399.9535200242126
obs_26248f6afed02ffa,Abigail Thompson,Antipiretics,2017-04-01,1211494.0,2630.0,41,986.8331670400729
obs_c5929a7675610dae,Abigail Thompson,Antipiretics,2017-05-01,4017935.0,7416.0,61,2859.9575264055334
obs_6a00219cfab950aa,Abigail Thompson,Antipiretics,2017-06-01,1710040.0,3126.0,52,772.9148420542392
obs_f83caddbc1b9d053,Abigail Thompson,Antipiretics,2017-07-01,5463040.30669,10052.5512759,57,2800.8182930967605
obs_d4083525788fe9dd,Abigail Thompson,Antipiretics,2017-08-01,1794375.0,3619.0,46,575.1878733389359
obs_49fe18ffa6259ad5,Abigail Thompson,Antipiretics,2017-09-01,3670557.0,7331.0,46,2232.513112375851
obs_952bf57ffd9a5f43,Abigail Thompson,Antipiretics,2017-10-01,2400058.0,4549.0,50,726.1171256960972
obs_6f6703e51e278b47,Abigail Thompson,Antipiretics,2017-11-01,5120967.0,8855.0,66,2285.7692650259332
obs_9affe7fb434117f8,Abigail Thompson,Antipiretics,2017-12-01,976869.0,2373.0,37,443.78867529935553
obs_ba8370d76ad0e8fa,Abigail Thompson,Antipiretics,2018-01-01,5907354.0,11248.0,70,2444.8242804196957
obs_6fbbb68b8333a761,Abigail Thompson,Antipiretics,2018-02-01,8768606.0,16175.0,105,1828.027867768398
obs_a4fa64c11bca5df4,Abigail Thompson,Antipiretics,2018-03-01,3427530.0,8482.0,88,672.4859847310082
obs_0f0a972fdd81380f,Abigail Thompson,Antipiretics,2018-04-01,1345119.0,2903.0,76,415.8027574654019
obs_95b0b02329fbc254,Abigail Thompson,Antipiretics,2018-05-01,2926850.0,7012.0,74,871.7892932551077
obs_3f54eb758387db85,Abigail Thompson,Antipiretics,2018-06-01,4649734.0,10174.0,84,1677.970708427547
obs_5b3678539e95b0b2,Abigail Thompson,Antipiretics,2018-07-01,3750602.0,7363.0,66,1305.1536485678048
obs_1121c787d49a3276,Abigail Thompson,Antipiretics,2018-08-01,680084.0,1816.0,74,382.03394978099647
obs_988c4ec12efd2894,Abigail Thompson,Antipiretics,2018-09-01,2236525.0,5219.0,65,684.2069943329693
obs_e16591dea25fd1a6,Abigail Thompson,Antipiretics,2018-10-01,2296048.0,4911.0,87,997.5345062766951
obs_3c86f628b67cc3f8,Abigail Thompson,Antipiretics,2018-11-01,9444785.0,24521.0,84,3299.9869607442974
obs_6d502ebf7664cbcb,Abigail Thompson,Antipiretics,2018-12-01,1444775.0,2858.0,75,708.1875601328722
obs_9381de55942bf2ca,Abigail Thompson,Antipiretics,2019-01-01,1038992.0,2057.0,34,579.4998940856349
obs_96ba25e4460616e5,Abigail Thompson,Antipiretics,2019-02-01,2423462.0,5006.0,49,1785.676600297053
obs_927653606ac82639,Abigail Thompson,Antipiretics,2019-03-01,4425742.0,10386.0,63,2737.0263166250397
obs_fc0e2698434adc3b,Abigail Thompson,Antipiretics,2019-04-01,5600221.0,11520.0,41,2371.764601010928
obs_f94d749361ef2cd1,Abigail Thompson,Antiseptics,2017-01-01,3416789.0,6069.0,57,17836.35436893204
obs_2ee6132f55e95c0b,Abigail Thompson,Antiseptics,2017-02-01,2492453.0,9832.0,72,781.1691653084368
obs_cb5adde5518e5a4b,Abigail Thompson,Antiseptics,2017-03-01,2729891.0,5780.0,71,922.7714684008082
obs_1a97daaff441e048,Abigail Thompson,Antiseptics,2017-04-01,2625587.0,7008.0,65,950.3338939813924
obs_5a31ed1945c06339,Abigail Thompson,Antiseptics,2017-05-01,6320824.0,15869.0,63,2418.638161694335
obs_9468090f2a09b525,Abigail Thompson,Antiseptics,2017-06-01,1971445.0,3819.0,59,775.8518394630024
obs_e066ac342ed4730a,Abigail Thompson,Antiseptics,2017-07-01,10831192.0,20027.0,75,3252.5465521328215
obs_d5c3421318523173,Abigail Thompson,Antiseptics,2017-08-01,4986111.0,9105.0,66,824.3971592176215
obs_dd785b0f7ecf3ed4,Abigail Thompson,Antiseptics,2017-09-01,2729579.0,16227.0,66,648.6187881240198
obs_0de4ab5f7ac3473c,Abigail Thompson,Antiseptics,2017-10-01,1872610.0,5220.0,53,523.4698386926777
obs_1e0200583c608457,Abigail Thompson,Antiseptics,2017-11-01,5319920.0,11948.0,73,2115.278159098165
obs_567aec2a1b875305,Abigail Thompson,Antiseptics,2017-12-01,1195328.0,4257.0,51,568.8713226543058
obs_3ef20d80a429210f,Abigail Thompson,Antiseptics,2018-01-01,3362052.0,7217.0,115,1928.862760625414
obs_429b6f613b3c4bfa,Abigail Thompson,Antiseptics,2018-02-01,8065856.0,15429.0,103,2414.60544859803
obs_1e4d49a2d800aad0,Abigail Thompson,Antiseptics,2018-03-01,5078230.0,12408.0,136,1583.0770866830417
obs_a97b8d1e9afeecb2,Abigail Thompson,Antiseptics,2018-04-01,4329563.8,10472.2,109,870.8058713370604
obs_bca088b18d8451c4,Abigail Thompson,Antiseptics,2018-05-01,3446578.0,8573.0,114,744.1966344094853
obs_ccdf622376fdaf22,Abigail Thompson,Antiseptics,2018-06-01,4029926.0,11302.0,137,927.761610978531
obs_81799aaea829b660,Abigail Thompson,Antiseptics,2018-07-01,8231890.0,18924.0,123,2228.9928566902445
obs_bfcae23427ce1662,Abigail Thompson,Antiseptics,2018-08-01,8761089.0,24435.0,127,2305.343404628948
obs_40fdb640556f75f6,Abigail Thompson,Antiseptics,2018-09-01,3910604.0,9614.0,109,595.9141441960496
obs_09e77e38d95d2087,Abigail Thompson,Antiseptics,2018-10-01,3581944.0,8962.0,147,566.8423837642919
obs_d44e23642ed4b765,Abigail Thompson,Antiseptics,2018-11-01,2005161.0,4586.0,129,623.3614268589681
obs_d8b8034144828733,Abigail Thompson,Antiseptics,2018-12-01,2463768.0,4841.0,91,750.8469772957696
obs_8a6b05144a4bd5ef,Abigail Thompson,Antiseptics,2019-01-01,3452155.0,6063.0,57,1450.4476456978218
obs_be5060a455d194a7,Abigail Thompson,Antiseptics,2019-02-01,3158511.0,6967.0,63,1305.805748542772
obs_e75cea050177ef45,Abigail Thompson,Antiseptics,2019-03-01,5599065.0,14736.0,91,1901.3244044793591
obs_29d4e7aacd1322d0,Abigail Thompson,Antiseptics,2019-04-01,2013827.0,5266.0,58,674.7720289196591
obs_c7d3b769ce4896a8,Abigail Thompson,Mood Stabilizers,2017-01-01,3745676.0,6460.0,51,19432.893203883494
obs_9998d4f803eb4b0d,Abigail Thompson,Mood Stabilizers,2017-02-01,2404704.0,7787.0,53,717.4718417322874
obs_a7014d343fbf535b,Abigail Thompson,Mood Stabilizers,2017-03-01,2993801.0,8092.0,55,958.8837387172888
obs_db3a5969cf6667b0,Abigail Thompson,Mood Stabilizers,2017-04-01,5649652.0,16053.0,63,2040.1902252046034
obs_6e480dc7648c9b09,Abigail Thompson,Mood Stabilizers,2017-05-01,6285117.0,15080.0,68,2269.115054709018
obs_94097bebe7d07fad,Abigail Thompson,Mood Stabilizers,2017-06-01,2678653.0,6586.0,55,595.2381643040833
obs_51dc75ed844c5afa,Abigail Thompson,Mood Stabilizers,2017-07-01,7428204.0,18741.0,73,1345.6399933326247
obs_039c2328757fd2a3,Abigail Thompson,Mood Stabilizers,2017-08-01,4276245.0,9158.0,64,745.4196765259837
obs_9fde3129e39d2362,Abigail Thompson,Mood Stabilizers,2017-09-01,1373084.0,3575.0,50,483.80756869682205
obs_c50b1f5354dee310,Abigail Thompson,Mood Stabilizers,2017-10-01,3419215.0,7617.0,64,832.2210046885
obs_83b9ae5947472f93,Abigail Thompson,Mood Stabilizers,2017-11-01,2105533.0,5179.0,67,698.3938848792423
obs_165738616ce99974,Abigail Thompson,Mood Stabilizers,2017-12-01,1519622.0,3570.0,52,775.530055233714
obs_c46ec21ed4c28830,Abigail Thompson,Mood Stabilizers,2018-01-01,3969535.0,8388.0,96,2037.9702406279998
obs_be6752169fc32a9b,Abigail Thompson,Mood Stabilizers,2018-02-01,5410061.0,13150.0,114,2497.305648443171
obs_c47b80c362e28157,Abigail Thompson,Mood Stabilizers,2018-03-01,19381504.0,27379.0,120,3620.1761257624985
obs_e7f83c2dbc3643cb,Abigail Thompson,Mood Stabilizers,2018-04-01,1992441.0,4780.0,89,518.1682430933881
obs_c3a34f040bf7e3a1,Abigail Thompson,Mood Stabilizers,2018-05-01,2691986.0,8267.0,113,612.3219739264537
obs_3e8793c64b8fe8b6,Abigail Thompson,Mood Stabilizers,2018-06-01,2992474.0,9218.0,89,1099.0572402246873
obs_7b4a92fb0b39fc24,Abigail Thompson,Mood Stabilizers,2018-07-01,3421676.0,9510.0,102,1292.548667591781
obs_6323cb430e6a9ff7,Abigail Thompson,Mood Stabilizers,2018-08-01,5481508.0,10685.0,99,1973.0153157489697
obs_780ee4c2e8543d69,Abigail Thompson,Mood Stabilizers,2018-09-01,5708625.0,13751.0,95,1774.722083904218
obs_f6a416351ea5a816,Abigail Thompson,Mood Stabilizers,2018-10-01,4896395.0,11580.0,118,900.4298023552175
obs_865b95d23116c43a,Abigail Thompson,Mood Stabilizers,2018-11-01,7303786.0,16640.0,97,1367.0400483160927
obs_fe531257d8203eff,Abigail Thompson,Mood Stabilizers,2018-12-01,3033320.0,7184.0,93,636.9107106071613
obs_437956653bdaac46,Abigail Thompson,Mood Stabilizers,2019-01-01,1383739.0,3315.0,48,455.7793420971087
obs_2d794f00d18f54c4,Abigail Thompson,Mood Stabilizers,2019-02-01,3622540.0,10128.0,57,1199.3315600619092
obs_434a8af6c193eb1f,Abigail Thompson,Mood Stabilizers,2019-03-01,7019455.0,24317.0,63,2373.357386357017
obs_0d031e070c441b8c,Abigail Thompson,Mood Stabilizers,2019-04-01,3115419.0,6920.0,45,876.2205470698804
obs_f59d8b8ded76d0de,Alan Ray,Analgesics,2017-01-01,637061.0,1506.0,47,4342.5291262135925
obs_6acfb85d3311cd62,Alan Ray,Analgesics,2017-02-01,4159142.0,8276.0,60,4419.242774041711
obs_28f5d0164fb489d7,Alan Ray,Analgesics,2017-03-01,3920329.0,8228.0,70,1733.9363868638247
obs_971d0aad1d87d250,Alan Ray,Analgesics,2017-04-01,1622947.0,4582.0,56,551.4434564731289
obs_e03d7f66d346c839,Alan Ray,Analgesics,2017-05-01,1394308.0,3232.0,70,508.9764317061095
obs_a522d03a8c5f2b4b,Alan Ray,Analgesics,2017-06-01,4973777.0,9472.0,64,2737.6979065668393
obs_dfc482fa9dc557f5,Alan Ray,Analgesics,2017-07-01,2133511.0,4640.0,53,1345.3770385852256
obs_bc89b5e815f61b20,Alan Ray,Analgesics,2017-08-01,3374521.0,7583.0,73,1669.508488931229
obs_fc6c6e4cb6c6408b,Alan Ray,Analgesics,2017-09-01,3196977.0,7754.0,54,939.8448324329314
obs_c4b8f427388f2073,Alan Ray,Analgesics,2017-10-01,2885567.0,10996.0,62,907.2274431181318
obs_c2f75088b2cf61c3,Alan Ray,Analgesics,2017-11-01,2625296.0,10365.0,52,847.9471547561567
obs_1dd563122c36a4cc,Alan Ray,Analgesics,2017-12-01,10650571.0,21882.0,43,3041.7380178964404
obs_f6e5f3b1455aecab,Alan Ray,Analgesics,2018-01-01,2614554.0,5540.0,91,909.7668521682842
obs_f9dddcc836ab162b,Alan Ray,Analgesics,2018-02-01,3553002.0,7044.0,107,1392.4417022187065
obs_aaf4356fdfef9538,Alan Ray,Analgesics,2018-03-01,2057322.0,4271.0,84,671.629371444204
obs_27b985fccd305872,Alan Ray,Analgesics,2018-04-01,1690875.0,4260.0,75,720.9100137897992
obs_3666de587fdfd7bb,Alan Ray,Analgesics,2018-05-01,2771676.0,6288.0,97,1384.9820135202058
obs_e4c2855d5fcbf458,Alan Ray,Analgesics,2018-06-01,3521018.0,8150.0,90,1827.0108408345309
obs_5bb52d909b6d58f7,Alan Ray,Analgesics,2018-07-01,4051903.0,18996.0,102,1524.1460436604916
obs_d71673b68df05c45,Alan Ray,Analgesics,2018-08-01,2320831.0,5220.0,92,729.9536626728103
obs_8aae99145fca0de6,Alan Ray,Analgesics,2018-09-01,1720937.0,3708.0,101,605.8940812058947
obs_86311734d2f92047,Alan Ray,Analgesics,2018-10-01,8361766.0,15762.0,129,2998.98978371879
obs_a9e0ce9abccba836,Alan Ray,Analgesics,2018-11-01,7858987.0,20547.0,116,2893.82595415595
obs_333f4bb8bbab0ad5,Alan Ray,Analgesics,2018-12-01,1408921.0,3604.0,76,380.54015097805393
obs_2fa61f4345725ed9,Alan Ray,Analgesics,2019-01-01,601834.0,1902.0,43,305.7614665575473
obs_c0c41142faac01a9,Alan Ray,Analgesics,2019-02-01,4013122.0,28400.0,57,2632.701709839058
obs_a3c1436f4a4dc5f8,Alan Ray,Analgesics,2019-03-01,6542648.0,10284.0,70,3504.2376176141897
obs_a0202590016b807d,Alan Ray,Analgesics,2019-04-01,2281801.0,5823.0,43,664.018208896782
obs_d53cb4ace9236f83,Alan Ray,Antibiotics,2017-01-01,10061220.0,14009.0,43,50090.87378640776
obs_30e309db14222915,Alan Ray,Antibiotics,2017-02-01,4429157.0,8339.0,48,570.5490308718375
obs_07957e1a0eac75b4,Alan Ray,Antibiotics,2017-03-01,1881510.0,4069.0,54,439.0953635503146
obs_fe612689724d1340,Alan Ray,Antibiotics,2017-04-01,1886386.0,4050.0,47,560.1226799670799
obs_29595e61142abe40,Alan Ray,Antibiotics,2017-05-01,1715405.0,3094.0,51,912.1557362488969
obs_c91e044a37b5e69d,Alan Ray,Antibiotics,2017-06-01,4125104.0,9793.0,47,2314.2928657848815
obs_87db4f8b38f8c94e,Alan Ray,Antibiotics,2017-07-01,1858850.0,4203.0,55,967.526292814969
obs_f16961d69302cebb,Alan Ray,Antibiotics,2017-08-01,3390528.0,8990.0,80,1963.5828316442648
obs_156d27aa8e139ed2,Alan Ray,Antibiotics,2017-09-01,4722260.0,8817.0,54,1440.2671378181885
obs_8f9269a751b0e534,Alan Ray,Antibiotics,2017-10-01,2187467.0,5935.0,55,719.7839913721489
obs_56d3f10b1af993c2,Alan Ray,Antibiotics,2017-11-01,2287828.0,4816.0,60,741.3376839115564
obs_aca0ed8ccec6b7d0,Alan Ray,Antibiotics,2017-12-01,953708.0,2722.0,43,553.5401143860176
obs_6cba36a785573028,Alan Ray,Antibiotics,2018-01-01,1316093.0,5863.0,72,688.0958184196918
obs_0e6867b30abbbb6d,Alan Ray,Antibiotics,2018-02-01,4916955.0,9067.0,73,3063.6038708687765
obs_ec6848bc3eeb9290,Alan Ray,Antibiotics,2018-03-01,2855219.0,7934.0,81,2303.1388289252345
obs_45e4034a8c7912c1,Alan Ray,Antibiotics,2018-04-01,2479626.0,10219.0,78,882.3693253026681
obs_f5c4e2bdd922a7e0,Alan Ray,Antibiotics,2018-05-01,2866362.0,7132.0,83,980.9970955350552
obs_31f83a704a4c4b2b,Alan Ray,Antibiotics,2018-06-01,1533817.0,3179.0,71,641.1633534362693
obs_e8251079bd54c73c,Alan Ray,Antibiotics,2018-07-01,2687749.0,7044.0,96,1065.4529395479847
obs_80a3e86ffb4cbc10,Alan Ray,Antibiotics,2018-08-01,2015405.0,4523.0,81,796.0063096000999
obs_14d6c35ff70d6bd8,Alan Ray,Antibiotics,2018-09-01,3073438.0,10559.0,81,1600.6952624593532
obs_fdbdb8a5536848d3,Alan Ray,Antibiotics,2018-10-01,5354669.0,11727.0,114,2167.779602462084
obs_a37aac9eec58d20b,Alan Ray,Antibiotics,2018-11-01,4122277.0,9047.0,106,1377.7417502856943
obs_a09e94fa2819bdb6,Alan Ray,Antibiotics,2018-12-01,1636945.0,4653.0,79,539.148507661772
obs_a4603a2098b015b4,Alan Ray,Antibiotics,2019-01-01,224703.0,518.0,29,289.69133789902725
obs_c02e50578eb8d285,Alan Ray,Antibiotics,2019-02-01,3710749.0,10225.0,49,2350.4245506229086
obs_ae8abdc367a19bf1,Alan Ray,Antibiotics,2019-03-01,4318562.0,9311.0,65,2530.6718126683236
obs_6fc50b42eec9e24f,Alan Ray,Antibiotics,2019-04-01,852243.0,2186.0,45,417.23451013855583
obs_bda9ae5cd003c988,Alan Ray,Antimalarial,2017-01-01,1044221.0,3776.0,48,6319.033980582524
obs_271a46d26d667d12,Alan Ray,Antimalarial,2017-02-01,1633398.0,7215.0,38,1648.3329450505132
obs_29af730dcb5934b5,Alan Ray,Antimalarial,2017-03-01,807590.0,2597.0,48,689.2342382346303
obs_b941a9451a1dd3ee,Alan Ray,Antimalarial,2017-04-01,924901.0,3434.0,39,894.9512142944334
obs_7fd702d77fabc354,Alan Ray,Antimalarial,2017-05-01,1928639.0,7251.0,48,2262.2516077632577
obs_f0369a5723e05d91,Alan Ray,Antimalarial,2017-06-01,2276016.0,4600.0,50,2444.573403988459
obs_9ee27a6297fa7cd5,Alan Ray,Antimalarial,2017-07-01,1826613.0,5632.0,49,939.6355459516985
obs_74764a3dd73bb4d9,Alan Ray,Antimalarial,2017-08-01,917702.0,2824.0,58,596.4772887256171
obs_15046b2d2f85b636,Alan Ray,Antimalarial,2017-09-01,1153492.0,4100.0,66,709.8244725200691
obs_827506a58afc0d33,Alan Ray,Antimalarial,2017-10-01,2783163.0,6472.0,38,2421.269501652374
obs_ddcfb406be3bbef5,Alan Ray,Antimalarial,2017-11-01,1559826.0,3488.0,66,1391.097396814717
obs_9ac16145a4603183,Alan Ray,Antimalarial,2017-12-01,1005139.0,2430.0,32,719.2172909652021
obs_c143012a3c7d3e23,Alan Ray,Antimalarial,2018-01-01,981921.0,2698.0,72,708.3787034050437
obs_5f9306c678a2af05,Alan Ray,Antimalarial,2018-02-01,1928412.0,6807.0,82,2078.340483498022
obs_6b6ae26a93859b80,Alan Ray,Antimalarial,2018-03-01,2774427.0,7359.0,107,2589.923357168482
obs_bf158488277b06be,Alan Ray,Antimalarial,2018-04-01,1841167.0,7752.0,62,945.2122173707028
obs_36f2f572c30b9ebd,Alan Ray,Antimalarial,2018-05-01,3328122.0,10110.0,83,1844.4606285942723
obs_758ab165357f3fbe,Alan Ray,Antimalarial,2018-06-01,5891158.0,14827.0,81,2280.766149872822
obs_79eb15ce7bc39cf5,Alan Ray,Antimalarial,2018-07-01,4852352.0,9727.0,90,1519.399288556467
obs_f9f357a15a1d30b3,Alan Ray,Antimalarial,2018-08-01,1507835.0,9419.0,68,476.2692621631976
obs_c3cf3cd3740cdfd3,Alan Ray,Antimalarial,2018-09-01,2268790.0,5124.0,77,590.459957026625
obs_27ff3c8d075ba86a,Alan Ray,Antimalarial,2018-10-01,2693599.0,12493.0,101,1190.8256494619236
obs_e008358a19621c85,Alan Ray,Antimalarial,2018-11-01,1860065.0,8729.0,91,846.9773589163926
obs_f0314e62e3031f0c,Alan Ray,Antimalarial,2018-12-01,1699001.0,3784.0,68,795.284777562241
obs_cb5f1207a1207b21,Alan Ray,Antimalarial,2019-01-01,1812912.0,6889.0,52,959.6964640472555
obs_b0d0ade04ca42c02,Alan Ray,Antimalarial,2019-02-01,1660232.0,8669.0,50,916.8314822321794
obs_6d9eb6a98e6ce65e,Alan Ray,Antimalarial,2019-03-01,2857296.0,14622.0,63,1790.9595009124234
obs_f9b7ebabd09145e0,Alan Ray,Antimalarial,2019-04-01,654085.0,2936.0,30,512.7129642458615
obs_fdf88c2e4f1544de,Alan Ray,Antipiretics,2017-01-01,1539549.0,3628.0,54,8723.538834951456
obs_d31eaeda39d0b201,Alan Ray,Antipiretics,2017-02-01,2118544.0,4640.0,47,1420.0011131112558
obs_03f44d5b4a20739c,Alan Ray,Antipiretics,2017-03-01,2124747.0,5452.0,57,1159.792728785561
obs_5f6edc7de04065f8,Alan Ray,Antipiretics,2017-04-01,4485666.0,8818.0,60,2277.8322125904824
obs_2ef5e8a43e4fc8a4,Alan Ray,Antipiretics,2017-05-01,5067103.0,10031.0,64,2407.6713546902656
obs_d1d278704aeda347,Alan Ray,Antipiretics,2017-06-01,2815903.0,5423.0,52,707.1037624792489
obs_f59085eb20e60d62,Alan Ray,Antipiretics,2017-07-01,2619108.0,5871.0,61,675.1581539348126
obs_898919677b598cdb,Alan Ray,Antipiretics,2017-08-01,4099193.0,7916.0,60,1516.661986015771
obs_bbf6c37af35e8fa5,Alan Ray,Antipiretics,2017-09-01,2055149.0,4481.0,51,781.4343989997533
obs_a0cafc24c286c5a3,Alan Ray,Antipiretics,2017-10-01,2004233.0,3945.0,56,807.2099207688452
obs_a13a6f78c9a23b37,Alan Ray,Antipiretics,2017-11-01,1606479.0,3790.0,46,819.1880550441463
obs_5413499f6550af82,Alan Ray,Antipiretics,2017-12-01,1883703.0,4231.0,33,934.365738942654
obs_ba72091ed4fc516f,Alan Ray,Antipiretics,2018-01-01,1545897.0,3568.0,83,847.5746470328952
obs_2ced491060bc0e02,Alan Ray,Antipiretics,2018-02-01,1160837.0,3141.0,67,776.1629067010367
obs_2b72eba85df8a400,Alan Ray,Antipiretics,2018-03-01,4141441.0,8305.0,88,2550.4800788326675
obs_687e9a16ccb18a71,Alan Ray,Antipiretics,2018-04-01,3890523.0,7750.0,59,2471.687730850278
obs_25be00379e2cd9c1,Alan Ray,Antipiretics,2018-05-01,1480367.0,4727.0,89,527.0674112252595
obs_9c9817d8c98930a9,Alan Ray,Antipiretics,2018-06-01,2222856.0,5765.0,66,666.0326172135257
obs_57f00a19cab0d769,Alan Ray,Antipiretics,2018-07-01,7141752.0,13921.0,86,2809.6466450875005
obs_12b72c9640d22d65,Alan Ray,Antipiretics,2018-08-01,2015529.0,4794.0,84,910.2398913305652
obs_1366e77458f74fd4,Alan Ray,Antipiretics,2018-09-01,5310231.0,9743.0,87,2409.6711792554042
obs_540588694e9cdd91,Alan Ray,Antipiretics,2018-10-01,5919555.0,11864.0,108,1102.8462266281424
obs_31a004ba64edc6bd,Alan Ray,Antipiretics,2018-11-01,8134417.0,13445.0,92,1609.0274681576257
obs_2031544166a18f49,Alan Ray,Antipiretics,2018-12-01,1996381.0,5256.0,72,495.5717508219609
obs_1440a4b8b224df45,Alan Ray,Antipiretics,2019-01-01,1998344.0,3695.0,41,495.8132164274058
obs_505c2d519359e370,Alan Ray,Antipiretics,2019-02-01,2384185.0,4556.0,47,1197.913071051957
obs_e4f9db585bca2fe8,Alan Ray,Antipiretics,2019-03-01,2663103.0,5054.0,56,1367.2996823894453
obs_013dfe8d1044aceb,Alan Ray,Antipiretics,2019-04-01,3276411.0,6935.0,37,1417.75100998772
obs_ea119cd8b582a91a,Alan Ray,Antiseptics,2017-01-01,2386047.0,4597.0,57,12832.752427184467
obs_29e6404898639c43,Alan Ray,Antiseptics,2017-02-01,5642785.0,13475.0,75,2398.0142760882227
obs_3c46ed10a05688e5,Alan Ray,Antiseptics,2017-03-01,5066959.0,9912.0,75,1281.7849688170434
obs_bb4bd199498fac5e,Alan Ray,Antiseptics,2017-04-01,2427212.0,5060.0,65,598.8063311032863
obs_e9ac9fd753c35046,Alan Ray,Antiseptics,2017-05-01,1412964.0,4415.0,78,453.05222156986036
obs_a5ec35f7cd908c51,Alan Ray,Antiseptics,2017-06-01,4456115.0,10253.0,87,1978.0322252024375
obs_79f025bb263690b4,Alan Ray,Antiseptics,2017-07-01,5105002.0,9194.0,79,2270.9888179028494
obs_1f844b72e5f364c8,Alan Ray,Antiseptics,2017-08-01,6214442.0,11525.0,76,1442.4604826601922
obs_c89e98db60cfa754,Alan Ray,Antiseptics,2017-09-01,4457871.0,11616.0,78,885.8513812169973
obs_41423822fd53cf18,Alan Ray,Antiseptics,2017-10-01,2649886.0,6083.0,76,627.9682438472499
obs_98574d9990103b33,Alan Ray,Antiseptics,2017-11-01,3754636.0,8692.0,79,863.2878794445116
obs_0d63ec705e2fafe9,Alan Ray,Antiseptics,2017-12-01,3421109.0,7624.0,60,913.4727804260565
obs_6e033e03991c566a,Alan Ray,Antiseptics,2018-01-01,2455319.0,9520.0,115,772.5947611656626
obs_1da0dd151ad70305,Alan Ray,Antiseptics,2018-02-01,5298280.2,11414.6,126,1629.4933745253736
obs_5a676355300925de,Alan Ray,Antiseptics,2018-03-01,4129690.0,10430.0,116,1214.951776964097
obs_030647de3fbd3ed3,Alan Ray,Antiseptics,2018-04-01,1629536.0,6698.0,111,537.3231016870092
obs_d983232522da960c,Alan Ray,Antiseptics,2018-05-01,2370710.0,5398.0,88,668.0084087742828
obs_3e520ca6a4f92327,Alan Ray,Antiseptics,2018-06-01,3592710.0,10953.0,115,1589.1473235681758
obs_64dc226cbbe48716,Alan Ray,Antiseptics,2018-07-01,2601748.0,6399.0,130,1081.8630979953446
obs_d5bb39d965bf44e1,Alan Ray,Antiseptics,2018-08-01,2465830.0,6018.0,117,940.1157535446931
obs_c9d5c7a6cd1c0ddb,Alan Ray,Antiseptics,2018-09-01,6836126.0,12149.0,94,2525.491618323639
obs_2a3a9d586a42d313,Alan Ray,Antiseptics,2018-10-01,3885762.0,10423.0,151,1562.523957940689
obs_4ae98a1dd3053168,Alan Ray,Antiseptics,2018-11-01,4011459.0,12330.0,110,1002.8496303780037
obs_52a0b609d3df34dc,Alan Ray,Antiseptics,2018-12-01,4425729.0,9370.0,90,1088.9219084143263
obs_544200e66770d25d,Alan Ray,Antiseptics,2019-01-01,1282539.0,3643.0,57,482.8049772811397
obs_6761f6d2bc1f430a,Alan Ray,Antiseptics,2019-02-01,3327517.0,8438.0,70,854.0069889396004
obs_b7ff122d6e4264f7,Alan Ray,Antiseptics,2019-03-01,2779726.0,5354.0,58,858.2830921967002
obs_df3487c4a9702f65,Alan Ray,Antiseptics,2019-04-01,2089006.0,5979.0,59,797.2197165427124
obs_220618d6ebb74e72,Alan Ray,Mood Stabilizers,2017-01-01,1367162.0,2895.0,50,7886.708737864078
obs_8d0c9b21ff277234,Alan Ray,Mood Stabilizers,2017-02-01,4647191.0,8094.0,61,2900.0736278254135
obs_460efe3930c7226d,Alan Ray,Mood Stabilizers,2017-03-01,2345738.0,8013.0,57,817.9951444437787
obs_b85150d9017d6ac5,Alan Ray,Mood Stabilizers,2017-04-01,1940414.0,4880.0,53,852.3361584004609
obs_a02b9608b4dc1543,Alan Ray,Mood Stabilizers,2017-05-01,2979451.0,7152.0,71,1291.4503206381146
obs_18a134012c80a257,Alan Ray,Mood Stabilizers,2017-06-01,2189860.0,4645.0,56,929.7682658622507
obs_aca7bb4d66b6ccdb,Alan Ray,Mood Stabilizers,2017-07-01,1679863.0,5257.0,82,808.5750749327505
obs_82e573d1027ade26,Alan Ray,Mood Stabilizers,2017-08-01,3465653.0,12183.0,75,1670.620296780066
obs_47030c7ee6393c51,Alan Ray,Mood Stabilizers,2017-09-01,6333512.0,12934.0,48,2653.9803404553327
obs_31cda9fd77ac38eb,Alan Ray,Mood Stabilizers,2017-10-01,1610847.0,5500.0,63,588.4490151380401
obs_e42e64505762034d,Alan Ray,Mood Stabilizers,2017-11-01,5869928.0,14231.0,64,1805.5142217429768
obs_76b95deab9fc0586,Alan Ray,Mood Stabilizers,2017-12-01,4209186.0,11422.0,54,772.1429056942304
obs_6f7636554830f20b,Alan Ray,Mood Stabilizers,2018-01-01,2629712.0,9586.0,88,704.9190354029154
obs_464d7b13032ffc34,Alan Ray,Mood Stabilizers,2018-02-01,2734478.0,5963.0,108,723.0427111754038
obs_dfc2144b90132e20,Alan Ray,Mood Stabilizers,2018-03-01,3414533.0,8118.0,115,1265.4083258871856
obs_018b6cdb3d6be9a0,Alan Ray,Mood Stabilizers,2018-04-01,2097615.0,4546.0,88,808.5671426527463
obs_c2070daf0f4d7c4a,Alan Ray,Mood Stabilizers,2018-05-01,1481198.0,3980.0,102,644.4234449901257
obs_7a911d3ed08817e4,Alan Ray,Mood Stabilizers,2018-06-01,12616878.0,25634.0,93,4169.838987732461
obs_a3b64a1d9c420961,Alan Ray,Mood Stabilizers,2018-07-01,2367531.0,6316.0,100,1119.7543319482884
obs_d898c82ae6184281,Alan Ray,Mood Stabilizers,2018-08-01,1289979.0,4216.0,102,646.7445820508278
obs_785cb2443567e3c5,Alan Ray,Mood Stabilizers,2018-09-01,2658128.0,6647.0,86,1112.5517448961095
obs_6fee769e25886197,Alan Ray,Mood Stabilizers,2018-10-01,3872917.0,10817.0,104,1735.250453021
obs_5c7c9a00cb1afea5,Alan Ray,Mood Stabilizers,2018-11-01,4154763.0,8582.0,108,1646.8943959042292
obs_6a0f452b826e0edd,Alan Ray,Mood Stabilizers,2018-12-01,3975271.0,7918.0,91,997.3991324433864
obs_b3f68c2042acdbc1,Alan Ray,Mood Stabilizers,2019-01-01,1050355.0,3242.0,53,442.39483344449917
obs_87560cbf7dfb56cf,Alan Ray,Mood Stabilizers,2019-02-01,2443502.0,5121.0,70,697.5793044364054
obs_bdbb5cd3eeada6d3,Alan Ray,Mood Stabilizers,2019-03-01,3394913.0,7644.0,72,1436.1210052390747
obs_82d2ebba38eb998a,Alan Ray,Mood Stabilizers,2019-04-01,742028.0,2653.0,46,471.12183680857913
obs_4b1e4f723392580c,Anne Wu,Analgesics,2017-01-01,1915997.0,4762.0,40,10550.956310679612
obs_b02041cefb822f98,Anne Wu,Analgesics,2017-02-01,3097197.0,7246.0,63,1711.7641485351862
obs_a2890d47f268917e,Anne Wu,Analgesics,2017-03-01,3740711.0,7783.0,55,1561.0999955453472
obs_b623d1b9ab87cc4e,Anne Wu,Analgesics,2017-04-01,5235184.0,8908.0,48,1801.331781858467
obs_4b2b254e670a4daa,Anne Wu,Analgesics,2017-05-01,5873340.0,15568.0,59,1655.4772757973665
obs_986e27d057aebeef,Anne Wu,Analgesics,2017-06-01,3782231.0,7847.0,71,776.0658840317984
obs_6df6c63d321a3bc5,Anne Wu,Analgesics,2017-07-01,3839499.0,8102.0,69,784.0312201116762
obs_2cb1ed1b720138fe,Anne Wu,Analgesics,2017-08-01,1583947.0,4138.0,58,550.3932195370847
obs_0bd852db3417d874,Anne Wu,Analgesics,2017-09-01,2403504.0,5457.0,65,712.7227347680932
obs_a8c028f293e60c30,Anne Wu,Analgesics,2017-10-01,4275919.0,10027.0,56,1909.023695146187
obs_a630c5ce5ee491e2,Anne Wu,Analgesics,2017-11-01,1957898.0,4734.0,69,843.1564430494585
obs_e829c5936286fd07,Anne Wu,Analgesics,2017-12-01,3862891.0,9620.0,51,1700.475020870823
obs_7411414a25388997,Anne Wu,Analgesics,2018-01-01,2531231.0,5981.0,78,727.1372966340596
obs_7e69d007fcbc1812,Anne Wu,Analgesics,2018-02-01,3085434.0,9434.0,91,1229.3034447919122
obs_f3e078cb43e091fb,Anne Wu,Analgesics,2018-03-01,4927264.0,10503.0,96,1688.0383182360567
obs_eda8448f318d7d99,Anne Wu,Analgesics,2018-04-01,3964407.0,12168.0,93,1309.3182494551238
obs_235da8cf622eed41,Anne Wu,Analgesics,2018-05-01,4210735.0,8393.0,98,1038.9986550982621
obs_ccac97308d514ae7,Anne Wu,Analgesics,2018-06-01,2072457.0,6529.0,95,608.3865123471226
obs_0a2c57408a82d081,Anne Wu,Analgesics,2018-07-01,2562896.0,6367.0,104,720.7353225254093
obs_99666595eaf64012,Anne Wu,Analgesics,2018-08-01,2165681.0,5899.0,94,865.3008879275708
obs_cb214b6fe2efad71,Anne Wu,Analgesics,2018-09-01,5460228.0,8405.0,88,2473.908838145994
obs_33f64c9fdbca41fc,Anne Wu,Analgesics,2018-10-01,5413417.0,20165.0,115,2275.352698703766
obs_5a9f60cbcf4e7567,Anne Wu,Analgesics,2018-11-01,3165409.0,6880.0,105,675.7771876837528
obs_ab532998711e3596,Anne Wu,Analgesics,2018-12-01,1822807.0,4273.0,91,495.1846311646483
obs_dc9dbb42301f79c4,Anne Wu,Analgesics,2019-01-01,515044.0,1443.0,49,368.478224720708
obs_f5e46cff1749afa3,Anne Wu,Analgesics,2019-02-01,4114675.0,8256.0,61,2345.790749401165
obs_bbea40fafaf3160d,Anne Wu,Analgesics,2019-03-01,2711699.0,5986.0,68,1555.4005962563201
obs_c2446c7ada9c04b4,Anne Wu,Analgesics,2019-04-01,1537747.0,3924.0,35,662.9214523147253
obs_55c0ac9d93c87406,Anne Wu,Antibiotics,2017-01-01,1609902.0,3480.0,38,9065.058252427185
obs_99292efbee0bba6e,Anne Wu,Antibiotics,2017-02-01,1813975.0,4639.0,43,1117.4285583059009
obs_5ca60e71a0e55f7e,Anne Wu,Antibiotics,2017-03-01,1141074.0,6079.0,43,735.3440273780817
obs_9a50740a1690c2a2,Anne Wu,Antibiotics,2017-04-01,1770532.0,7732.0,52,1084.6799267875595
obs_f1a9fbc1233c1ba8,Anne Wu,Antibiotics,2017-05-01,1194706.0,3701.0,57,741.3390740173338
obs_2eeedc6f4e05fb88,Anne Wu,Antibiotics,2017-06-01,2765133.0,5923.0,53,2373.537985760124
obs_0308328d3d22cd88,Anne Wu,Antibiotics,2017-07-01,2403728.0,6525.0,64,1397.6096625578987
obs_45950e1d8e9d509e,Anne Wu,Antibiotics,2017-08-01,3487258.0,6376.0,63,1510.6439760659157
obs_f372f7bbdcaf4ed9,Anne Wu,Antibiotics,2017-09-01,4870511.0,9941.0,49,1887.6238757370254
obs_b287274dc3e2bfc4,Anne Wu,Antibiotics,2017-10-01,3500901.0,8919.0,52,981.0040602907939
obs_0c0d159935f7ba75,Anne Wu,Antibiotics,2017-11-01,1821986.0,4293.0,41,628.9563986389378
obs_8317edcb7213f4f0,Anne Wu,Antibiotics,2017-12-01,2151985.0,5541.0,49,697.5931678536579
obs_5c78a14fe3cb1b79,Anne Wu,Antibiotics,2018-01-01,2346355.0,5672.0,90,1073.2054144817434
obs_8c2c30ad7d34d40f,Anne Wu,Antibiotics,2018-02-01,2865372.0,8482.0,92,1365.9002985074221
obs_92eea3b84d8c6330,Anne Wu,Antibiotics,2018-03-01,14822325.0,31616.0,92,4316.587706488683
obs_7ecbbd24eedbbb7a,Anne Wu,Antibiotics,2018-04-01,2296101.0,6881.0,71,833.4908011537402
obs_7f83d8a69acb1c6a,Anne Wu,Antibiotics,2018-05-01,3682967.0,6212.0,81,1309.8743010091073
obs_a939b40c6b9a5cf9,Anne Wu,Antibiotics,2018-06-01,5080091.0,11472.0,81,1423.9653058478461
obs_d69487577a66e73f,Anne Wu,Antibiotics,2018-07-01,2279519.0,5476.0,91,700.6811850442415
obs_861c756cce74bbdd,Anne Wu,Antibiotics,2018-08-01,1636596.0,3172.0,78,573.5695884608399
obs_b79a469d0bc13e12,Anne Wu,Antibiotics,2018-09-01,3335474.0,6680.0,76,1525.77170438405
obs_1ec60d200bdb767e,Anne Wu,Antibiotics,2018-10-01,3200199.0,7294.0,99,1453.7526997956309
obs_14a4bb5dfce4659d,Anne Wu,Antibiotics,2018-11-01,710444.0,1784.0,88,411.65044493577113
obs_f820b020c2316376,Anne Wu,Antibiotics,2018-12-01,2728032.0,4911.0,68,870.7211076439825
obs_5f9377be2bcbc53f,Anne Wu,Antibiotics,2019-01-01,1016055.0,3025.0,42,521.2013179414346
obs_1f76a87ebe43803c,Anne Wu,Antibiotics,2019-02-01,1127957.0,2853.0,43,1097.249759480473
obs_464290d1950a19cb,Anne Wu,Antibiotics,2019-03-01,2165790.0,6760.0,63,2080.218193007444
obs_d5f0a6bcbc4941e9,Anne Wu,Antibiotics,2019-04-01,1481513.0,3514.0,38,1343.9904357195467
obs_dbdd6564b80c07ad,Anne Wu,Antimalarial,2017-01-01,480357.0,1303.0,39,3581.830097087379
obs_91f1be5d8a6fed77,Anne Wu,Antimalarial,2017-02-01,1424563.0,3968.0,55,2689.6281034588937
obs_db60a9b442d1664a,Anne Wu,Antimalarial,2017-03-01,2033175.0,4643.0,54,2286.2410550992226
obs_6e536b1d10b9f955,Anne Wu,Antimalarial,2017-04-01,569277.0,2405.0,45,540.9819273550139
obs_08a7588135104db9,Anne Wu,Antimalarial,2017-05-01,1498177.0,6327.0,68,1026.304362021045
obs_a0d15e4c6ba6ca93,Anne Wu,Antimalarial,2017-06-01,2731232.0,7066.0,48,1962.4234598098706
obs_f3a7cf1c3a77ff65,Anne Wu,Antimalarial,2017-07-01,5658087.0,10082.0,54,3083.324216536018
obs_a0c9ed0605d9a493,Anne Wu,Antimalarial,2017-08-01,1374885.0,5940.0,56,616.5488154682326
obs_6b0e65cd1e96dfe4,Anne Wu,Antimalarial,2017-09-01,828730.0,2599.0,42,470.9421150445226
obs_266d802b401ed0de,Anne Wu,Antimalarial,2017-10-01,1565222.0,4398.0,50,1131.6001062895602
obs_8cf109bd240a4e94,Anne Wu,Antimalarial,2017-11-01,1263372.0,4259.0,49,919.096737517076
obs_138d7bd1d969d130,Anne Wu,Antimalarial,2017-12-01,2279459.0,5997.0,39,1939.6430646429376
obs_b67ea80e8371d573,Anne Wu,Antimalarial,2018-01-01,1841985.0,4335.0,87,1178.179957424818
obs_cd84ea3afe39023a,Anne Wu,Antimalarial,2018-02-01,892601.0,4075.0,67,602.8542221929165
obs_a9483caf598e01c7,Anne Wu,Antimalarial,2018-03-01,9703630.0,16794.0,116,3807.295526293645
obs_b3d8b0f27abf386d,Anne Wu,Antimalarial,2018-04-01,1395083.0,3262.0,71,801.4904496629072
obs_3aae6362be77bd2e,Anne Wu,Antimalarial,2018-05-01,1569141.0,4521.0,83,1115.0064763867722
obs_92bdacf19f342eef,Anne Wu,Antimalarial,2018-06-01,5095513.0,13636.0,80,2826.3720404985916
obs_ae7dda38a96ed030,Anne Wu,Antimalarial,2018-07-01,2307691.0,7658.0,89,1534.7955497857795
obs_e7382207e41716dc,Anne Wu,Antimalarial,2018-08-01,4914620.0,10135.0,86,2283.8203269318424
obs_faee8c8204593261,Anne Wu,Antimalarial,2018-09-01,3146045.0,6453.0,81,716.1213819215762
obs_9183a9714680d267,Anne Wu,Antimalarial,2018-10-01,4467071.0,9753.0,102,1473.180269164272
obs_cf1767593ec77b46,Anne Wu,Antimalarial,2018-11-01,827062.0,4010.0,82,384.815321191556
obs_2a1b5c051b1331a7,Anne Wu,Antimalarial,2018-12-01,515651.0,2399.0,71,369.3479524692792
obs_9ea6572debcf3e83,Anne Wu,Antimalarial,2019-01-01,482953.0,1704.0,41,675.1976343070323
obs_a5a9c54946a2608d,Anne Wu,Antimalarial,2019-02-01,1049058.0,4000.0,49,2218.973473874188
obs_41a75f482cf8e6c5,Anne Wu,Antimalarial,2019-03-01,812340.0,2297.0,51,1661.8541699000036
obs_aab8018119f29bef,Anne Wu,Antimalarial,2019-04-01,1256630.0,3648.0,33,1627.3375775746485
obs_3cb714ccb1aaf5d0,Anne Wu,Antipiretics,2017-01-01,1322215.0,2858.0,45,7668.519417475729
obs_790dd810588a0a1e,Anne Wu,Antipiretics,2017-02-01,1466129.0,2610.0,43,1095.683392633037
obs_95b0af9a0690b258,Anne Wu,Antipiretics,2017-03-01,2371224.0,6015.0,51,1814.0918259197667
obs_03ca759dbf91f94f,Anne Wu,Antipiretics,2017-04-01,2027494.0,4552.0,29,1428.2636254202641
obs_5dffe6f84639d3a8,Anne Wu,Antipiretics,2017-05-01,7322624.0,24855.0,46,3003.2342116229165
obs_524e922f6065e5f1,Anne Wu,Antipiretics,2017-06-01,4101367.0,8998.0,69,1849.0792670461879
obs_347d5795c05721b5,Anne Wu,Antipiretics,2017-07-01,2212173.0,4970.0,69,642.7484622869088
obs_841e02eec3e98165,Anne Wu,Antipiretics,2017-08-01,3246621.0,6506.0,67,826.4040178495922
obs_4bd8f51ec7106311,Anne Wu,Antipiretics,2017-09-01,2233439.0,5321.0,61,750.9178878534274
obs_2d8e2943c2d9d097,Anne Wu,Antipiretics,2017-10-01,3056813.0,6799.0,52,1410.9920909248506
obs_243f3aff2c289395,Anne Wu,Antipiretics,2017-11-01,4913194.0,9374.0,59,1700.5982464972187
obs_7fea92946e9a8b12,Anne Wu,Antipiretics,2017-12-01,2990923.0,5894.0,50,962.4598571774126
obs_0c53c3fb9ffe70a0,Anne Wu,Antipiretics,2018-01-01,2905188.0,6014.0,88,942.0371495867773
obs_827be26708e746ab,Anne Wu,Antipiretics,2018-02-01,1903036.0,3847.0,88,713.3037444436779
obs_da68f773afd87d0e,Anne Wu,Antipiretics,2018-03-01,5568482.0,16324.0,99,2076.137415153294
obs_a2cf8265882a677c,Anne Wu,Antipiretics,2018-04-01,2951079.0,5889.0,72,989.6574445574039
obs_5673e640ccadf13f,Anne Wu,Antipiretics,2018-05-01,6186023.0,9421.0,76,2267.5680781191445
obs_d788dee1ac93c08b,Anne Wu,Antipiretics,2018-06-01,3734078.0,9217.0,81,738.281875554497
obs_88fe2597af817bfc,Anne Wu,Antipiretics,2018-07-01,1604775.0,3777.0,81,562.9354784332018
obs_5353c6054677cc60,Anne Wu,Antipiretics,2018-08-01,4172256.0,7291.0,85,1106.0020641583158
obs_ac34e43a2a14a617,Anne Wu,Antipiretics,2018-09-01,8770669.0,13141.0,68,2390.2028320457184
obs_5cda62473b417485,Anne Wu,Antipiretics,2018-10-01,3123238.0,5971.0,86,795.0773939049919
obs_9e7be3dd8ac1f14f,Anne Wu,Antipiretics,2018-11-01,11904320.0,28202.0,77,2635.053102327579
obs_27f03e0ee71dd02a,Anne Wu,Antipiretics,2018-12-01,952099.0,2214.0,60,329.04482210807254
obs_d703f142fb27a25a,Anne Wu,Antipiretics,2019-01-01,490584.0,992.0,36,364.375324334329
obs_ae10458373d458b2,Anne Wu,Antipiretics,2019-02-01,2200078.0,9271.0,44,2371.7310690655213
obs_069672d49c871b7c,Anne Wu,Antipiretics,2019-03-01,4587691.0,10005.0,65,3589.0786735616966
obs_06ce9659f15e1481,Anne Wu,Antipiretics,2019-04-01,1576725.0,5791.0,37,771.8454655495577
obs_df4bac1f5a15c041,Anne Wu,Antiseptics,2017-01-01,6905905.0,14016.0,53,34773.81067961165
obs_f6eb12411025d18a,Anne Wu,Antiseptics,2017-02-01,1837377.0,4357.0,58,443.73215730398954
obs_821c8335f76ca49e,Anne Wu,Antiseptics,2017-03-01,4736675.0,14662.0,65,1064.9277331535827
obs_eb0c6b2f5a9eb719,Anne Wu,Antiseptics,2017-04-01,3403204.0,6099.0,53,773.1647020427924
obs_8c3672e30e33b57c,Anne Wu,Antiseptics,2017-05-01,4351392.0,9321.0,78,1301.718772656762
obs_82d4ed5b2deb1464,Anne Wu,Antiseptics,2017-06-01,2068799.0,6542.0,78,596.1896879975309
obs_58fbc3ff242645dc,Anne Wu,Antiseptics,2017-07-01,2684593.5089,7306.5512759,79,824.4002118925554
obs_84648df48633e0d1,Anne Wu,Antiseptics,2017-08-01,3452398.0,7379.0,81,1310.684470169566
obs_8e8a26b368bd60a9,Anne Wu,Antiseptics,2017-09-01,2682819.0,8498.0,75,977.6740311358965
obs_ae02fcb8930f451b,Anne Wu,Antiseptics,2017-10-01,5292654.0,11766.0,76,2142.5870956305835
obs_be2c52f7863ca133,Anne Wu,Antiseptics,2017-11-01,20474066.0,33181.0,75,4128.8300162064925
obs_ddae4dc32c3e3ee2,Anne Wu,Antiseptics,2017-12-01,1741046.0,5744.0,46,489.5304778562084
obs_b1b0ef1d6ba28f65,Anne Wu,Antiseptics,2018-01-01,1690259.0,4146.0,113,482.54327913837824
obs_c20c4ca2bb756b5f,Anne Wu,Antiseptics,2018-02-01,3728113.0,7644.0,120,2289.4691422472524
obs_3af21b57432e8ddf,Anne Wu,Antiseptics,2018-03-01,3837737.0,9708.0,117,2320.034408173932
obs_53d29c3be7473ccc,Anne Wu,Antiseptics,2018-04-01,2403424.0,8273.0,96,719.4240811417133
obs_36f419828ca66e50,Anne Wu,Antiseptics,2018-05-01,1876162.0,3606.0,91,616.4420522234108
obs_42729cb1a0fa7678,Anne Wu,Antiseptics,2018-06-01,4061159.0,12602.0,120,1800.653991729081
obs_92795b00ed546285,Anne Wu,Antiseptics,2018-07-01,4833952.0,11115.0,113,2190.8704423113636
obs_0ebabf9b622cb155,Anne Wu,Antiseptics,2018-08-01,1807335.0,5460.0,112,574.0505065347013
obs_902671b2e686348b,Anne Wu,Antiseptics,2018-09-01,933395.0,2728.0,102,417.3553173855193
obs_503c4f86e2369ccc,Anne Wu,Antiseptics,2018-10-01,5842807.0,11252.0,133,2819.3350030126694
obs_5ccd7a72a6f26908,Anne Wu,Antiseptics,2018-11-01,3330579.0,12257.0,124,1986.4225812177835
obs_246493ef18ed4231,Anne Wu,Antiseptics,2018-12-01,2358464.0,5954.0,103,765.6245071321852
obs_e969db9c0d07986b,Anne Wu,Antiseptics,2019-01-01,1915700.0,8192.0,64,668.8242298008902
obs_c20c24e5b7049874,Anne Wu,Antiseptics,2019-02-01,5544784.0,10217.0,56,2391.269367879519
obs_f44ef6ec38987263,Anne Wu,Antiseptics,2019-03-01,2463899.0,6708.0,78,1017.8458052869954
obs_cbc4cb3011569ad5,Anne Wu,Antiseptics,2019-04-01,3287676.0,8683.0,65,1369.3431866535223
obs_b8fbbd15de93807f,Anne Wu,Mood Stabilizers,2017-01-01,2582965.0,10192.0,59,13788.66504854369
obs_fc6d22a2f2635a2e,Anne Wu,Mood Stabilizers,2017-02-01,4170782.0,8814.0,65,1709.6195228261704
obs_3920e97b47144a32,Anne Wu,Mood Stabilizers,2017-03-01,4034462.0,7972.0,67,1199.918614829017
obs_118517a1bc2f2c91,Anne Wu,Mood Stabilizers,2017-04-01,3022793.0,5645.0,56,795.5653973386463
obs_2372415654ace84b,Anne Wu,Mood Stabilizers,2017-05-01,2508359.0,7965.0,58,702.7183550123907
obs_5999cba5128c4876,Anne Wu,Mood Stabilizers,2017-06-01,3909008.0,9132.0,72,1319.3902121557169
obs_b00d2f82c2c07be4,Anne Wu,Mood Stabilizers,2017-07-01,4623324.0,11028.0,77,1606.1741068896808
obs_789c260027f642df,Anne Wu,Mood Stabilizers,2017-08-01,3192871.0,8658.0,71,844.7560270946401
obs_afd78942aaf7cb23,Anne Wu,Mood Stabilizers,2017-09-01,16474620.0,35166.0,58,3295.886923105443
obs_8dc60318c514a294,Anne Wu,Mood Stabilizers,2017-10-01,2919159.0,5670.0,56,709.7560572419828
obs_0aeb6fccec776755,Anne Wu,Mood Stabilizers,2017-11-01,2553932.0,5398.0,74,832.4410767929462
obs_c58ae2c6a4703bbb,Anne Wu,Mood Stabilizers,2017-12-01,1474667.0,3470.0,55,617.8410975508484
obs_e5e359da0f8d215d,Anne Wu,Mood Stabilizers,2018-01-01,3272749.0,7205.0,93,1305.1638677107658
obs_0006914c84cb3c1b,Anne Wu,Mood Stabilizers,2018-02-01,7590550.0,17772.0,92,2692.768644470071
obs_8f0374c4aeb0e7cf,Anne Wu,Mood Stabilizers,2018-03-01,4511045.0,10019.0,128,1422.7739202600878
obs_053858f2f390d004,Anne Wu,Mood Stabilizers,2018-04-01,3133744.0,8899.0,80,755.8367689048691
obs_cfa2e0ab970da1dd,Anne Wu,Mood Stabilizers,2018-05-01,1859460.0,7581.0,84,550.146801496181
obs_631b63bebbb34a02,Anne Wu,Mood Stabilizers,2018-06-01,3226920.0,7360.0,96,999.8056730627051
obs_98d6b7eee87cf8b0,Anne Wu,Mood Stabilizers,2018-07-01,6206900.0,16965.0,114,2153.720798848904
obs_9a3b25c8db702217,Anne Wu,Mood Stabilizers,2018-08-01,4331880.0,9660.0,113,1379.1497534274467
obs_4ca18be3dbb72b0c,Anne Wu,Mood Stabilizers,2018-09-01,3746340.0,10690.0,75,879.7306194373241
obs_dede2ac82e7fa087,Anne Wu,Mood Stabilizers,2018-10-01,4277919.0,9435.0,143,969.084915350101
obs_c7287770a01ef9f9,Anne Wu,Mood Stabilizers,2018-11-01,2326571.0,6225.0,113,646.0114946279671
obs_54a6e597c0264f7a,Anne Wu,Mood Stabilizers,2018-12-01,1134651.0,3093.0,71,470.53582548995007
obs_4a2437a93da623cd,Anne Wu,Mood Stabilizers,2019-01-01,2105985.0,5003.0,58,909.1177416468146
obs_39c3c4016a1c8103,Anne Wu,Mood Stabilizers,2019-02-01,6289186.0,19813.0,61,2699.67932469669
obs_6e814f7a9360ccb8,Anne Wu,Mood Stabilizers,2019-03-01,2919570.0,7846.0,80,1432.4276885771528
obs_519103e60f991e45,Anne Wu,Mood Stabilizers,2019-04-01,2579929.0,7294.0,45,893.4471780672849
obs_c9ecf1c69bdc8241,Daniel Gates,Analgesics,2017-01-01,2277358.0,5164.0,60,12305.135922330097
obs_f12a2fd32147e8df,Daniel Gates,Analgesics,2017-02-01,1721091.0,6297.0,54,800.2962652080821
obs_68e881da971a2378,Daniel Gates,Analgesics,2017-03-01,10381447.0,25392.0,51,3770.7461086240073
obs_a3ab35c5561fde28,Daniel Gates,Analgesics,2017-04-01,2453030.0,7887.0,48,1057.2069280893936
obs_3e71930e34fe5e72,Daniel Gates,Analgesics,2017-05-01,1811320.0,3680.0,58,787.6706889426903
obs_ced1c4e255370d70,Daniel Gates,Analgesics,2017-06-01,5242945.0,12239.0,65,2287.5408910770902
obs_c9cfd8ad04b1ffa5,Daniel Gates,Analgesics,2017-07-01,4252539.0,16143.0,84,1853.8667692489998
obs_6853dc742e6a2e25,Daniel Gates,Analgesics,2017-08-01,3106365.0,6262.0,64,781.8978290700973
obs_afe0f136ae61afc5,Daniel Gates,Analgesics,2017-09-01,2262826.0,5463.0,57,637.4600174040629
obs_3deb1f7badc4174b,Daniel Gates,Analgesics,2017-10-01,2736313.0,7302.0,61,891.4123653627623
obs_d14e4870a8f88595,Daniel Gates,Analgesics,2017-11-01,1901726.0,5782.0,72,756.0648916069078
obs_152dac2ba73e8aa1,Daniel Gates,Analgesics,2017-12-01,2834312.0,7256.0,42,1270.0899358263575
obs_80aba4f56f072a33,Daniel Gates,Analgesics,2018-01-01,2081820.0,4485.0,87,803.9893826161565
obs_89ab9f059cc9a575,Daniel Gates,Analgesics,2018-02-01,1877541.0,4934.0,92,906.7049528078167
obs_6b8453e7f8bea27b,Daniel Gates,Analgesics,2018-03-01,4233703.0,10685.0,114,2218.027532481148
obs_40aa4f59dd8a11d9,Daniel Gates,Analgesics,2018-04-01,2442437.0,9784.0,85,1173.813092782053
obs_b45890ab0fb7b9df,Daniel Gates,Analgesics,2018-05-01,2308813.0,7521.0,82,938.3184764082376
obs_87fc8c8c3aa54364,Daniel Gates,Analgesics,2018-06-01,5388985.0,14071.0,100,2321.066371792734
obs_86804c7876360ac5,Daniel Gates,Analgesics,2018-07-01,3276972.0,7254.0,96,1378.253980344341
obs_0f1d69367bdf1b0e,Daniel Gates,Analgesics,2018-08-01,6834393.0,15904.0,100,2262.4183254706995
obs_0a689c59289a9a8d,Daniel Gates,Analgesics,2018-09-01,1318489.0,3309.0,71,428.15317834902913
obs_97edebdcaa3ad902,Daniel Gates,Analgesics,2018-10-01,4104742.0,10311.0,117,1270.1481763374045
obs_188c283f9ef7994f,Daniel Gates,Analgesics,2018-11-01,7266055.0,13879.0,107,1898.2538762780605
obs_8a717a29ad23b8d3,Daniel Gates,Analgesics,2018-12-01,2730104.0,5809.0,90,734.3032292468669
obs_6dbf7453e066a433,Daniel Gates,Analgesics,2019-01-01,683585.0,1256.0,39,371.26366723198805
obs_e19db1d4c736fe1a,Daniel Gates,Analgesics,2019-02-01,1099695.0,3001.0,55,543.3034003128697
obs_af344527ea86884a,Daniel Gates,Analgesics,2019-03-01,2980859.0,11137.0,65,2565.836602002223
obs_6e1bd7223c85ebfd,Daniel Gates,Analgesics,2019-04-01,24474269.0,48374.0,45,12053.643834696088
obs_e7d010ea8ce4d62b,Daniel Gates,Antibiotics,2017-01-01,3425551.0,7765.0,48,17878.888349514564
obs_36a9dbfd122b14b1,Daniel Gates,Antibiotics,2017-02-01,1168863.0,5055.0,39,498.4604184703296
obs_d03ac9eb92ccce96,Daniel Gates,Antibiotics,2017-03-01,793909.0,2570.0,49,501.64866625859264
obs_cd6ce9d7391bac20,Daniel Gates,Antibiotics,2017-04-01,2114233.0,5288.0,40,1945.1389919715273
obs_6b30339ad2a0e4ee,Daniel Gates,Antibiotics,2017-05-01,2000616.0,5338.0,55,1827.174175959844
obs_37032ab932a7a2d6,Daniel Gates,Antibiotics,2017-06-01,2462892.0,7170.0,60,1244.0131449222379
obs_21ee9d23cfdc913a,Daniel Gates,Antibiotics,2017-07-01,2646066.0,4996.0,56,1268.8700325986151
obs_ed467d9949cad18b,Daniel Gates,Antibiotics,2017-08-01,2070705.0,5554.0,59,862.2050430601996
obs_6135e32b3c741234,Daniel Gates,Antibiotics,2017-09-01,3297286.0,16821.0,58,1374.7406218427968
obs_2477ec671ed821d1,Daniel Gates,Antibiotics,2017-10-01,1581381.0,3139.0,49,685.1709365592075
obs_26c8c7b44128cd19,Daniel Gates,Antibiotics,2017-11-01,1398767.0,3057.0,52,741.8709619159536
obs_97de9ca2a1e84c74,Daniel Gates,Antibiotics,2017-12-01,1264434.0,3378.0,39,832.2153983967424
obs_319d8b138bef8e19,Daniel Gates,Antibiotics,2018-01-01,1656312.0,3877.0,73,1187.0423227319322
obs_63318be6a86c28aa,Daniel Gates,Antibiotics,2018-02-01,8201209.0,18854.0,97,4096.199129287243
obs_020a3daac8d5a886,Daniel Gates,Antibiotics,2018-03-01,4399392.0,11799.0,82,2539.3870143221925
obs_b736e2a838b4cc2d,Daniel Gates,Antibiotics,2018-04-01,2136734.0,4522.0,69,603.6566579756158
obs_7ee56118602d5484,Daniel Gates,Antibiotics,2018-05-01,6115508.0,21375.0,82,1436.9906136367795
obs_0440c545ba985eb1,Daniel Gates,Antibiotics,2018-06-01,2921339.0,7759.0,79,733.5187662824794
obs_48f0d611bca2c6ed,Daniel Gates,Antibiotics,2018-07-01,4553764.0,11219.0,91,1641.7395828964811
obs_bd3145d07fd9cac8,Daniel Gates,Antibiotics,2018-08-01,3083833.0,7657.0,83,743.1106368312933
obs_5c6a61e0c9792ecc,Daniel Gates,Antibiotics,2018-09-01,1947753.0,4562.0,83,709.903875330738
obs_5fe4bb7aac642e27,Daniel Gates,Antibiotics,2018-10-01,4415195.0,9153.0,105,1487.5280565527707
obs_cdfe529bad55d8c9,Daniel Gates,Antibiotics,2018-11-01,2680560.0,7249.0,78,882.9344285731111
obs_a23f8156bc3bc3fe,Daniel Gates,Antibiotics,2018-12-01,5473033.0,8764.0,65,2227.8517697070106
obs_c4103f019ef5a7a9,Daniel Gates,Antibiotics,2019-01-01,703518.0,1347.0,36,366.02440851412325
obs_2377e7f08916fe5a,Daniel Gates,Antibiotics,2019-02-01,8381469.0,33750.0,43,2767.8448801163413
obs_0c6472ff7367b6e1,Daniel Gates,Antibiotics,2019-03-01,2640593.0,5618.0,63,601.3156038350003
obs_de8639cf7c1808d7,Daniel Gates,Antibiotics,2019-04-01,1056681.0,3029.0,38,541.3845157589069
obs_154c1d1a1ba3152c,Daniel Gates,Antimalarial,2017-01-01,3596082.0,8258.0,44,18706.708737864075
obs_a8268acde4b8eaf8,Daniel Gates,Antimalarial,2017-02-01,2431411.0,7399.0,40,742.3260656772068
obs_f18114503d67d0f3,Daniel Gates,Antimalarial,2017-03-01,1084703.0,3073.0,45,512.0765487586292
obs_d854c829244150d9,Daniel Gates,Antimalarial,2017-04-01,1209743.0,3870.0,46,612.2920292960418
obs_ebeb8afb53f24cc0,Daniel Gates,Antimalarial,2017-05-01,745994.0,3791.0,51,699.0205891359626
obs_4bebf820e8e4332d,Daniel Gates,Antimalarial,2017-06-01,1283776.0,3193.0,53,1186.3199719409567
obs_028db214774bf3fd,Daniel Gates,Antimalarial,2017-07-01,3396044.0,7729.0,50,2612.7398947906204
obs_089b36475b709e7c,Daniel Gates,Antimalarial,2017-08-01,1623995.0,4934.0,35,1285.2115310198988
obs_29273ce4af30e523,Daniel Gates,Antimalarial,2017-09-01,866753.0,3747.0,45,638.6285519615013
obs_47df8de1f8b499ed,Daniel Gates,Antimalarial,2017-10-01,2258135.0,5811.0,37,1437.4775458590566
obs_6b6ff1c7fb151f8e,Daniel Gates,Antimalarial,2017-11-01,2282765.0,6467.0,50,1455.8832532036165
obs_b53d6350e9a049b1,Daniel Gates,Antimalarial,2017-12-01,763779.0,2834.0,38,496.2872048312229
obs_b952e4043d62e0d6,Daniel Gates,Antimalarial,2018-01-01,1370257.0,4113.0,72,691.8513292855877
obs_118404618c74dca2,Daniel Gates,Antimalarial,2018-02-01,5627155.0,12763.0,87,3243.5155527588613
obs_4889326aedd448a7,Daniel Gates,Antimalarial,2018-03-01,2650757.0,8978.0,86,2097.6895989556097
obs_d58927a034600285,Daniel Gates,Antimalarial,2018-04-01,1045886.0,4270.0,71,537.301882340839
obs_8ff6c0b7bf653105,Daniel Gates,Antimalarial,2018-05-01,2047065.0,5105.0,75,812.3228800978784
obs_e47ca23204bbb3b2,Daniel Gates,Antimalarial,2018-06-01,5463691.0,11690.0,81,2545.6487382989885
obs_4beb8f6a4d8a2e19,Daniel Gates,Antimalarial,2018-07-01,14704679.0,29041.0,81,4737.038120098965
obs_0419ff12a579654b,Daniel Gates,Antimalarial,2018-08-01,5625879.0,12841.0,94,999.770408859406
obs_0fa459ae12407e95,Daniel Gates,Antimalarial,2018-09-01,2100032.0,5811.0,90,521.8063283200913
obs_bda94eddac6e3229,Daniel Gates,Antimalarial,2018-10-01,4586117.0,11685.0,112,843.5793468939293
obs_39b8dd5eeaeca1e9,Daniel Gates,Antimalarial,2018-11-01,3179253.0,8343.0,99,754.7821607132329
obs_da569ddaf01a28dd,Daniel Gates,Antimalarial,2018-12-01,1320467.0,3466.0,73,552.4311362094738
obs_4b6156e52f599913,Daniel Gates,Antimalarial,2019-01-01,1225700.0,3310.0,44,530.726321560442
obs_a60cd302ff931258,Daniel Gates,Antimalarial,2019-02-01,9384790.0,24997.0,44,4700.084932808524
obs_7eb0ce7600bf8974,Daniel Gates,Antimalarial,2019-03-01,2359840.0,9335.0,63,1918.8413986458056
obs_f753afdb6e06e37c,Daniel Gates,Antimalarial,2019-04-01,453900.0,1246.0,34,390.05598207415085
obs_1a0e10c779fcf4ec,Daniel Gates,Antipiretics,2017-01-01,1679954.0,3791.0,39,9405.11650485437
obs_314a98cd4e2b871c,Daniel Gates,Antipiretics,2017-02-01,2949872.0,6244.0,32,1880.9760550424683
obs_f145d72eab09f819,Daniel Gates,Antipiretics,2017-03-01,997227.0,2730.0,39,563.6775183553523
obs_0ef32fe52a570a0a,Daniel Gates,Antipiretics,2017-04-01,1617653.0,2974.0,34,951.1517398112762
obs_841b343ef7d93d8f,Daniel Gates,Antipiretics,2017-05-01,1969747.0,4182.0,43,1227.739453513315
obs_2ec7bd68440d75fe,Daniel Gates,Antipiretics,2017-06-01,3127265.0,7381.0,46,2096.1301741245534
obs_6c43cd2fe99b518c,Daniel Gates,Antipiretics,2017-07-01,4977607.0,13231.0,47,2476.712911693686
obs_45d6504b2b111753,Daniel Gates,Antipiretics,2017-08-01,2946519.0,6659.0,64,936.0702702487062
obs_10f7714a6ea99690,Daniel Gates,Antipiretics,2017-09-01,2968539.0,7259.0,50,941.1974278712692
obs_af849a5e76efc113,Daniel Gates,Antipiretics,2017-10-01,1254444.0,3088.0,48,557.7035865411835
obs_7bd95a9694ac5a71,Daniel Gates,Antipiretics,2017-11-01,1191610.0,3018.0,48,544.4753400422734
obs_e910a18031034c1d,Daniel Gates,Antipiretics,2017-12-01,3009749.0,6450.0,50,2414.6938435541924
obs_e7f5d4735bdff3d6,Daniel Gates,Antipiretics,2018-01-01,3197728.0,7021.0,84,2487.4367812601186
obs_85871b41c90627a9,Daniel Gates,Antipiretics,2018-02-01,6833350.0,13511.0,89,2352.1384820377903
obs_9319aa5248630ad5,Daniel Gates,Antipiretics,2018-03-01,3385016.0,6091.0,96,1034.6712185068873
obs_b9bf282772d12bb6,Daniel Gates,Antipiretics,2018-04-01,2464615.0,6443.0,64,780.1666440618106
obs_eaecbbfc5084df63,Daniel Gates,Antipiretics,2018-05-01,2864962.0,5572.0,98,866.2858251307458
obs_6f5d602835b95c31,Daniel Gates,Antipiretics,2018-06-01,2770547.0,5611.0,79,954.1589355227085
obs_9535f59e1da49fb9,Daniel Gates,Antipiretics,2018-07-01,3164261.0,8584.0,89,1136.05213079422
obs_b6d0806d153187c5,Daniel Gates,Antipiretics,2018-08-01,2383991.0,5287.0,85,855.9123215941535
obs_13f1aa61197ea45d,Daniel Gates,Antipiretics,2018-09-01,2589913.0,5188.0,80,930.6811003684558
obs_c2746c6d1a230f77,Daniel Gates,Antipiretics,2018-10-01,4614914.0,10154.0,106,1912.4756454783487
obs_97e49fd0497d2bc9,Daniel Gates,Antipiretics,2018-11-01,3869031.0,7985.0,81,1562.9666791408767
obs_3fbd7c27458da79a,Daniel Gates,Antipiretics,2018-12-01,1818842.0,5879.0,62,592.3078064153807
obs_b8ce099d96f0602e,Daniel Gates,Antipiretics,2019-01-01,728259.0,1446.0,44,387.05904129784705
obs_c99f5a8d215c53ad,Daniel Gates,Antipiretics,2019-02-01,2960257.0,6215.0,55,1725.1825078333475
obs_0b872227274ab87b,Daniel Gates,Antipiretics,2019-03-01,2711733.0,6096.0,63,1559.3589804920475
obs_29409348634dab0b,Daniel Gates,Antipiretics,2019-04-01,1442164.0,3583.0,34,637.2502998915188
obs_80394ba55aa01467,Daniel Gates,Antiseptics,2017-01-01,1412881.0,3299.0,59,8108.645631067961
obs_647f912e8f747fce,Daniel Gates,Antiseptics,2017-02-01,3244147.0,10515.0,69,2364.6222794253013
obs_82297644314f444d,Daniel Gates,Antiseptics,2017-03-01,3193239.0,9427.0,81,1414.2760355074909
obs_82b535f9b798fe87,Daniel Gates,Antiseptics,2017-04-01,1688668.0,4439.0,58,635.0675196436043
obs_fbe856870eb02757,Daniel Gates,Antiseptics,2017-05-01,1449048.0,3343.0,71,580.4268922041074
obs_1aa0b80892769768,Daniel Gates,Antiseptics,2017-06-01,3584513.0,9480.0,80,2280.430406905876
obs_839771c75eddabf4,Daniel Gates,Antiseptics,2017-07-01,2014013.0,5943.0,67,1197.4073849806962
obs_fecdb2eb900a099c,Daniel Gates,Antiseptics,2017-08-01,2296634.0,6739.0,76,1133.8923504793759
obs_7b4eff6f4a2cea3f,Daniel Gates,Antiseptics,2017-09-01,3637533.0,7487.0,80,1672.1529403973402
obs_2ca11d9d5d498566,Daniel Gates,Antiseptics,2017-10-01,1356326.0,3813.0,65,680.02760536397
obs_4e2467ccf8a0c613,Daniel Gates,Antiseptics,2017-11-01,2095148.0,5892.0,65,914.2735428821028
obs_81a9d571ad0f3c40,Daniel Gates,Antiseptics,2017-12-01,3077227.0,9775.0,59,1532.4510661813713
obs_396d12c62b02a8b1,Daniel Gates,Antiseptics,2018-01-01,2555496.0,5936.0,111,1230.2439240986216
obs_e092fd0c3e760969,Daniel Gates,Antiseptics,2018-02-01,3109814.0,6965.0,101,1226.8350709626839
obs_9e6330523666fc18,Daniel Gates,Antiseptics,2018-03-01,4152972.0,11242.0,124,1387.8429550718215
obs_f54ae4a669026e09,Daniel Gates,Antiseptics,2018-04-01,15894531.0,50704.0,117,3731.110364662586
obs_419eb1119f5a9b55,Daniel Gates,Antiseptics,2018-05-01,2377894.0,5402.0,102,666.9246057021894
obs_65421b8620999480,Daniel Gates,Antiseptics,2018-06-01,3336706.0,10910.0,110,835.0365211376661
obs_eff8caabec843516,Daniel Gates,Antiseptics,2018-07-01,2507163.0,5646.0,108,797.1276541036557
obs_7549f5a41db1d2a3,Daniel Gates,Antiseptics,2018-08-01,2481099.0,6316.0,93,970.5855723927376
obs_a50d859059b89990,Daniel Gates,Antiseptics,2018-09-01,2409454.0,7103.0,113,949.7777153366194
obs_9d34fa66d4e5582c,Daniel Gates,Antiseptics,2018-10-01,5160155.0,10523.0,139,2259.604861253213
obs_6e06b428693eb0e4,Daniel Gates,Antiseptics,2018-11-01,4388580.0,9806.0,125,1896.6078548021449
obs_23aa8ee0609ca1c3,Daniel Gates,Antiseptics,2018-12-01,2574175.0,6136.0,97,677.1083748831422
obs_a0ec10f16ce2ec5f,Daniel Gates,Antiseptics,2019-01-01,1216432.0,2303.0,42,451.8309923279693
obs_2eca01bffa44d368,Daniel Gates,Antiseptics,2019-02-01,4401763.0,10546.0,59,1825.2067704602503
obs_5002acba73ef80f1,Daniel Gates,Antiseptics,2019-03-01,10193527.0,22130.0,79,3172.291249689669
obs_fc763aa90deb982e,Daniel Gates,Antiseptics,2019-04-01,4266114.0,10108.0,65,955.7157982654651
obs_64ac8dadff02984d,Daniel Gates,Mood Stabilizers,2017-01-01,2009750.0,4673.0,52,11006.067961165048
obs_38676a738b01b2da,Daniel Gates,Mood Stabilizers,2017-02-01,1985314.0,4672.0,62,969.301898390975
obs_cb3f9ee2f5c22bed,Daniel Gates,Mood Stabilizers,2017-03-01,3948884.0,8344.0,63,2149.1279996797603
obs_a24356479fcd3a45,Daniel Gates,Mood Stabilizers,2017-04-01,2013473.0,5409.0,49,979.5042251547975
obs_48e33304ef0d79b4,Daniel Gates,Mood Stabilizers,2017-05-01,3068218.0,10558.0,71,1599.3247905388266
obs_0df14494be69de5b,Daniel Gates,Mood Stabilizers,2017-06-01,1959451.0,6972.0,80,715.020643493345
obs_2a0f8b970fd2cf99,Daniel Gates,Mood Stabilizers,2017-07-01,1895115.0,5374.0,72,935.3521784479437
obs_278ad958b9c21d1d,Daniel Gates,Mood Stabilizers,2017-08-01,7109866.0,11989.0,71,3011.4072830277064
obs_0a0c51cc5fbc8297,Daniel Gates,Mood Stabilizers,2017-09-01,5891825.0,11272.0,66,2709.6482500970783
obs_2d78342e88e2905d,Daniel Gates,Mood Stabilizers,2017-10-01,2693467.0,5126.0,62,582.8785866248195
obs_c4c3d58644e26467,Daniel Gates,Mood Stabilizers,2017-11-01,2656957.0,5779.0,73,578.3664106086767
obs_f84e516d55fa22fb,Daniel Gates,Mood Stabilizers,2017-12-01,3085885.0,8569.0,48,1140.4035460472192
obs_3f2ccc085c72a579,Daniel Gates,Mood Stabilizers,2018-01-01,2909310.0,6338.0,102,1060.844357631809
obs_9f746b2b79caeaeb,Daniel Gates,Mood Stabilizers,2018-02-01,3442517.0,8984.0,102,1186.014688432612
obs_8fef2e625aee0cee,Daniel Gates,Mood Stabilizers,2018-03-01,4823750.0,10435.0,117,1647.0459151849734
obs_8ee538feda162af2,Daniel Gates,Mood Stabilizers,2018-04-01,3415611.0,6971.0,88,972.4642284553756
obs_4697f4e2d9fe010b,Daniel Gates,Mood Stabilizers,2018-05-01,6092493.0,13058.0,102,1897.789592459825
obs_03a50dbaf024fc40,Daniel Gates,Mood Stabilizers,2018-06-01,5707318.0,10650.0,95,1185.8863531726365
obs_c2339ed6bd9d90e6,Daniel Gates,Mood Stabilizers,2018-07-01,8084689.0,21418.0,116,1469.1114594804474
obs_2f32ddd0a2e94a9f,Daniel Gates,Mood Stabilizers,2018-08-01,1865312.0,4693.0,114,472.9361434151641
obs_ff228098000f31a4,Daniel Gates,Mood Stabilizers,2018-09-01,4224578.0,9610.0,93,788.9832893709819
obs_e10040da5653d166,Daniel Gates,Mood Stabilizers,2018-10-01,5000197.0,11725.0,127,1186.4038828774014
obs_a40688e3012fb701,Daniel Gates,Mood Stabilizers,2018-11-01,3822880.0,7993.0,103,908.9179997237342
obs_832b2a61982038e4,Daniel Gates,Mood Stabilizers,2018-12-01,1544908.0,3865.0,83,516.2829304391439
obs_db0fcfce59c29ec3,Daniel Gates,Mood Stabilizers,2019-01-01,1581419.0,3731.0,51,551.2175870862775
obs_b7104111d63806bf,Daniel Gates,Mood Stabilizers,2019-02-01,1765938.0,4948.0,55,1105.1934312011547
obs_93f16dd623a75aba,Daniel Gates,Mood Stabilizers,2019-03-01,2097377.0,6153.0,69,1359.5420865015558
obs_81e5813f62b2c57a,Daniel Gates,Mood Stabilizers,2019-04-01,1295882.0,2917.0,51,784.3355191735227
obs_1aa795299e0cb6ce,Erica Jones,Analgesics,2017-01-01,3676663.0,6963.0,44,19097.8786407767
obs_a52a27f658b8e268,Erica Jones,Analgesics,2017-02-01,4759267.0,7640.0,64,1320.937958148304
obs_947acac2d689eb52,Erica Jones,Analgesics,2017-03-01,2537919.0,6091.0,69,688.1257956964223
obs_eafee8335b376eb9,Erica Jones,Analgesics,2017-04-01,2764441.0,5752.0,52,797.4916998724536
obs_497a2f5d75cba8c8,Erica Jones,Analgesics,2017-05-01,6636876.0,15807.0,71,2415.437955094508
obs_a0e029c774718100,Erica Jones,Analgesics,2017-06-01,3147565.0,5748.0,69,1131.7840340572304
obs_aff9c9691d68d316,Erica Jones,Analgesics,2017-07-01,1111008.0,2699.0,61,507.0197621866396
obs_2d91acc0ed1eb224,Erica Jones,Analgesics,2017-08-01,8423333.0,18495.0,85,2549.098383017268
obs_c2868c88c9f66634,Erica Jones,Analgesics,2017-09-01,1723880.0,3661.0,52,648.8011136178176
obs_6707daeefe0bf398,Erica Jones,Analgesics,2017-10-01,1934994.0,3660.0,59,1112.21412703923
obs_650926c97abe489d,Erica Jones,Analgesics,2017-11-01,2167679.0,6793.0,62,1109.5279355172431
obs_ef23e537a280a2c6,Erica Jones,Analgesics,2017-12-01,10894409.0,26030.0,43,3983.108246460933
obs_87b552f43a581274,Erica Jones,Analgesics,2018-01-01,2517294.0,5460.0,99,1159.3269559754658
obs_8200b59379acc241,Erica Jones,Analgesics,2018-02-01,4949025.0,12531.0,111,2135.9343807163064
obs_5fe352327795efd4,Erica Jones,Analgesics,2018-03-01,6275723.0,15713.0,111,1288.9230584449238
obs_a7abda0717fdafce,Erica Jones,Analgesics,2018-04-01,2313299.0,4419.0,87,590.3581552765395
obs_743e3830c1000d77,Erica Jones,Analgesics,2018-05-01,3192406.0,7100.0,95,719.702108138099
obs_408f08c4ec4b9aae,Erica Jones,Analgesics,2018-06-01,6069896.0,17302.0,100,2057.4692381785712
obs_3abbeaeaec1941c9,Erica Jones,Analgesics,2018-07-01,3712750.0,8616.0,96,1161.4008566287607
obs_d25e74c6df97189c,Erica Jones,Analgesics,2018-08-01,1769417.0,3422.0,98,597.0232137615525
obs_8d0ba40c6ed54109,Erica Jones,Analgesics,2018-09-01,3200428.0,7681.0,96,877.6772575218039
obs_0cf0ac05045e9dd9,Erica Jones,Analgesics,2018-10-01,11008997.0,23237.0,131,2919.830816681667
obs_2850203b29d86c7b,Erica Jones,Analgesics,2018-11-01,828665.0,3621.0,114,438.5362972265566
obs_4f95d43413528ed7,Erica Jones,Analgesics,2018-12-01,6953390.0,15233.0,79,2304.6814484921865
obs_94a0c4eb8176a145,Erica Jones,Analgesics,2019-01-01,669335.0,1454.0,37,320.092408791817
obs_15d69bb41dff4fe7,Erica Jones,Analgesics,2019-02-01,4677740.0,10750.0,70,3990.2479564305645
obs_b4c23df3fe6a3030,Erica Jones,Analgesics,2019-03-01,5401827.0,9691.0,63,1151.4492663684034
obs_e4d904bef15cb6d9,Erica Jones,Analgesics,2019-04-01,2774061.0,6289.0,42,681.821206415296
obs_9c3dcfd269f1daed,Erica Jones,Antibiotics,2017-01-01,990038.0,2035.0,39,6056.0097087378645
obs_5db6a16e24782000,Erica Jones,Antibiotics,2017-02-01,2829386.0,5998.0,43,2637.3087189729717
obs_9ff330ee056b6bf3,Erica Jones,Antibiotics,2017-03-01,3487695.0,5795.0,48,1966.375853064125
obs_a9b92a41baf4fcfd,Erica Jones,Antibiotics,2017-04-01,3177909.0,5948.0,44,1113.0821950810707
obs_b49cf9291af38640,Erica Jones,Antibiotics,2017-05-01,5710762.0,12194.0,46,1930.84797512043
obs_1ecc14141825d009,Erica Jones,Antibiotics,2017-06-01,765774.0,1500.0,29,409.8770612638049
obs_1b6de767e8ff2313,Erica Jones,Antibiotics,2017-07-01,3364803.0,7396.0,59,1034.964039690176
obs_88347e381f25c2a3,Erica Jones,Antibiotics,2017-08-01,2501970.0,6072.0,60,791.4352089955877
obs_f1287555d5f46daa,Erica Jones,Antibiotics,2017-09-01,2083237.0,4617.0,53,856.2903014948492
obs_5f4f5b630be891ef,Erica Jones,Antibiotics,2017-10-01,2553484.0,7301.0,58,993.1476035718804
obs_b8596af14b0de19a,Erica Jones,Antibiotics,2017-11-01,2562115.0,5888.0,50,995.6595076865838
obs_9cfab4050a288096,Erica Jones,Antibiotics,2017-12-01,1992531.0,4216.0,43,818.1931382294312
obs_846f3c1b9f22cc40,Erica Jones,Antibiotics,2018-01-01,1994785.0,4341.0,80,818.8358922611471
obs_11d1908dd080d16d,Erica Jones,Antibiotics,2018-02-01,4450099.0,11925.0,104,2332.9448953193996
obs_0b5365c4f5e77a73,Erica Jones,Antibiotics,2018-03-01,2776181.0,5452.0,100,1438.9798645112764
obs_af37b35f684f563e,Erica Jones,Antibiotics,2018-04-01,2271784.0,6151.0,93,845.8587175999824
obs_b8e5434a0f5313f8,Erica Jones,Antibiotics,2018-05-01,6649585.0,15617.0,83,2412.731782796275
obs_ad65eea82bf5323a,Erica Jones,Antibiotics,2018-06-01,3898667.0,8556.0,88,1454.2808052829628
obs_5dcdeaf28a91fe21,Erica Jones,Antibiotics,2018-07-01,1897161.0,4472.0,71,604.3333946247163
obs_f71b9b50c4274c0f,Erica Jones,Antibiotics,2018-08-01,3731294.0,6895.0,98,946.8950286047607
obs_732536e08786e6c7,Erica Jones,Antibiotics,2018-09-01,2092339.0,4499.0,77,658.3162076035768
obs_f65d22be8bfa06d9,Erica Jones,Antibiotics,2018-10-01,2501562.0,4998.0,95,1200.948538258969
obs_54820cc69d912153,Erica Jones,Antibiotics,2018-11-01,4950537.0,10125.0,90,2151.6727358455178
obs_7bee3b75cbfd01b5,Erica Jones,Antibiotics,2018-12-01,1933745.0,3602.0,68,812.8750147199293
obs_baf102b14125479d,Erica Jones,Antibiotics,2019-01-01,748405.0,1357.0,45,467.8459286987005
obs_cf31dd46a83fc1e5,Erica Jones,Antibiotics,2019-02-01,3465575.0,5767.0,55,1924.9480427422545
obs_75a12c5a719bc3f8,Erica Jones,Antibiotics,2019-03-01,3589583.0,5343.0,60,2002.773787931547
obs_570846473486eb2a,Erica Jones,Antibiotics,2019-04-01,972198.0,2433.0,41,454.26946900544465
obs_7c90c9b465b3ce03,Erica Jones,Antimalarial,2017-01-01,1096088.0,4199.0,50,6570.815533980583
obs_4624815e1b6571f4,Erica Jones,Antimalarial,2017-02-01,1127222.0,4369.0,50,998.8383400298168
obs_788da99fadf55c29,Erica Jones,Antimalarial,2017-03-01,2288751.0,5717.0,54,2248.626315622386
obs_be640ec06b900c95,Erica Jones,Antimalarial,2017-04-01,-66235.0,670.0,35,250.0
obs_d20fdf27a33e0234,Erica Jones,Antimalarial,2017-05-01,1131283.0,3585.0,55,980.7786374658705
obs_58d925454f9e05fc,Erica Jones,Antimalarial,2017-06-01,1093280.0,5128.0,69,953.6945396535726
obs_65323f996fed38ad,Erica Jones,Antimalarial,2017-07-01,1682456.0,4560.0,61,1617.6053106071474
obs_f5f9917acc9d5593,Erica Jones,Antimalarial,2017-08-01,1172566.0,3553.0,54,1007.8788776029182
obs_e80cef77c45a5f5e,Erica Jones,Antimalarial,2017-09-01,1288336.0,2966.0,57,1083.4128425238289
obs_7c9ad99ab054b16d,Erica Jones,Antimalarial,2017-10-01,1894836.0,7546.0,58,1534.9056864258891
obs_c9d9306b6ae8157e,Erica Jones,Antimalarial,2017-11-01,2019471.0,4490.0,51,1652.3098946147195
obs_f8232747ddf33b37,Erica Jones,Antimalarial,2017-12-01,2277776.0,6365.0,32,1208.8551527076338
obs_161d6f5cb3beed1f,Erica Jones,Antimalarial,2018-01-01,3621875.0,7167.0,70,1926.5498830793006
obs_9de119baa3b059b5,Erica Jones,Antimalarial,2018-02-01,3095661.0,10750.0,84,1399.358912215717
obs_08a026b4d2571082,Erica Jones,Antimalarial,2018-03-01,1863880.0,4884.0,71,688.4182165803302
obs_155361f7eadc6348,Erica Jones,Antimalarial,2018-04-01,1256918.0,4335.0,77,545.6497993152539
obs_d8848fed50d11de1,Erica Jones,Antimalarial,2018-05-01,3367656.0,8192.0,76,1942.7168943540055
obs_e3fcdac9c6a4c5c6,Erica Jones,Antimalarial,2018-06-01,1627434.0,13915.0,69,885.7838258265302
obs_4f83bbe75832bd5b,Erica Jones,Antimalarial,2018-07-01,3094957.0,7526.0,86,2057.9373889810763
obs_7b7ec58e8a1270ed,Erica Jones,Antimalarial,2018-08-01,1210582.0,4577.0,69,534.8155071533515
obs_1c1b4c9da23469ae,Erica Jones,Antimalarial,2018-09-01,4377268.0,9256.0,78,2555.667313476784
obs_e9fe998905709e1d,Erica Jones,Antimalarial,2018-10-01,3532173.0,10164.0,96,1135.0330451914526
obs_0a141093362c3096,Erica Jones,Antimalarial,2018-11-01,4172860.0,24886.0,94,1183.7209659427476
obs_c6dfad417a3890fc,Erica Jones,Antimalarial,2018-12-01,826960.0,3240.0,59,394.30278988651077
obs_86c4a6b685d8f5e6,Erica Jones,Antimalarial,2019-01-01,791476.0,2574.0,51,413.1623014297871
obs_b2acf47a04294fcd,Erica Jones,Antimalarial,2019-02-01,1430130.0,2953.0,48,1848.7649465441796
obs_75dbaa4dbb0c93da,Erica Jones,Antimalarial,2019-03-01,12995502.0,26461.0,57,8878.5384015005
obs_cd9f5091b691e0dd,Erica Jones,Antimalarial,2019-04-01,1794184.0,3476.0,32,1272.5243628133746
obs_900a98b2fa1dd5d2,Erica Jones,Antipiretics,2017-01-01,1575939.0,3432.0,40,8900.189320388348
obs_49941b43ad514681,Erica Jones,Antipiretics,2017-02-01,1355940.0,2675.0,42,876.5058174563295
obs_9872583637a9443a,Erica Jones,Antipiretics,2017-03-01,2509613.0,5893.0,59,1827.6074624226949
obs_796b446d5c201de7,Erica Jones,Antipiretics,2017-04-01,1950727.0,3527.0,34,1252.207341732345
obs_fdf518b8ae53a4d8,Erica Jones,Antipiretics,2017-05-01,3747109.0,6198.0,55,2081.162883704781
obs_427eb79a1ed182ca,Erica Jones,Antipiretics,2017-06-01,1612394.0,3643.0,50,717.8304188617423
obs_0060b9c28244647e,Erica Jones,Antipiretics,2017-07-01,1355633.0,2777.0,50,756.0223228401464
obs_d2edd6a25a82f42d,Erica Jones,Antipiretics,2017-08-01,2869509.0,5646.0,47,1909.7784629262178
obs_193e15cd476de669,Erica Jones,Antipiretics,2017-09-01,3903865.0,7927.0,49,2425.3207324558257
obs_879dc48fd82bd515,Erica Jones,Antipiretics,2017-10-01,1417408.0,3146.0,60,609.6758901552479
obs_ef93e4f99b59d101,Erica Jones,Antipiretics,2017-11-01,791353.0,1847.0,51,450.81063088540907
obs_410eae61eac6c92d,Erica Jones,Antipiretics,2017-12-01,5542775.0,11739.0,46,3148.301318835618
obs_34f2956a032ddbc7,Erica Jones,Antipiretics,2018-01-01,3439420.0,9279.0,79,2427.9398445777792
obs_5122b66ff9e538cb,Erica Jones,Antipiretics,2018-02-01,2128634.0,4382.0,84,700.6504624594359
obs_1de566a2e8bd77d1,Erica Jones,Antipiretics,2018-03-01,18227676.0,38280.0,88,3822.6391100147666
obs_67b7822b7c5131b2,Erica Jones,Antipiretics,2018-04-01,3659633.0,20107.0,80,1041.2939345779287
obs_3d87973f8b310e5f,Erica Jones,Antipiretics,2018-05-01,3791887.0,7147.0,88,1007.4497529261774
obs_ade2ee1e771e5f33,Erica Jones,Antipiretics,2018-06-01,3474361.0,8788.0,95,917.1808823847089
obs_a83cddd2da17568b,Erica Jones,Antipiretics,2018-07-01,3470986.0,7142.0,91,940.6203409716935
obs_fffd8da94d1acdaf,Erica Jones,Antipiretics,2018-08-01,3055388.0,11222.0,70,890.3471278254161
obs_44038fa39e94b163,Erica Jones,Antipiretics,2018-09-01,2837368.0,6408.0,70,845.2327840544948
obs_3ab658cf89b7aac7,Erica Jones,Antipiretics,2018-10-01,2957917.0,6374.0,102,954.9262019267036
obs_d4ef4ce81469a50a,Erica Jones,Antipiretics,2018-11-01,6106880.0,13602.0,85,2252.227193788376
obs_c4e7dd5ed759585a,Erica Jones,Antipiretics,2018-12-01,4298092.0,7612.0,65,1513.4474084165192
obs_84db3e00ddd03327,Erica Jones,Antipiretics,2019-01-01,577619.0,1267.0,46,347.85652778565486
obs_0deef46e6f835f36,Erica Jones,Antipiretics,2019-02-01,13112959.0,23679.0,49,2731.00926589517
obs_dae0b526a7776639,Erica Jones,Antipiretics,2019-03-01,1901470.0,4169.0,49,572.1349226541877
obs_d59c2b4863b3bc0b,Erica Jones,Antipiretics,2019-04-01,2168682.0,4244.0,37,1134.137341671423
obs_b456484b52b4e4f1,Erica Jones,Antiseptics,2017-01-01,1665600.0,3707.0,61,9335.436893203885
obs_9dd3730aaed3d08b,Erica Jones,Antiseptics,2017-02-01,2938416.0,6850.0,76,1890.9935368344475
obs_7c853d39bb1b9102,Erica Jones,Antiseptics,2017-03-01,2711042.0,12374.0,65,1179.2302696442005
obs_0e4abbc6c11b00de,Erica Jones,Antiseptics,2017-04-01,3634656.0,8769.0,55,1377.0460919683783
obs_408ce70b542c7cf5,Erica Jones,Antiseptics,2017-05-01,1414761.0,4549.0,84,600.5854095196287
obs_db21fbee777446a6,Erica Jones,Antiseptics,2017-06-01,2181441.0,6516.0,67,835.9104774552953
obs_02498a937b0d485c,Erica Jones,Antiseptics,2017-07-01,3102782.0,8813.0,77,1476.1581385526038
obs_ff60c748c8e496b9,Erica Jones,Antiseptics,2017-08-01,3564867.0,7398.0,73,1733.2280143779371
obs_982eb68099f6a917,Erica Jones,Antiseptics,2017-09-01,3939736.0,8798.0,63,1290.9503502691255
obs_01f0c01107cd4029,Erica Jones,Antiseptics,2017-10-01,3911055.0,7097.0,76,1081.4454566955192
obs_541b5b8a6a16fdaf,Erica Jones,Antiseptics,2017-11-01,2557037.0,5780.0,78,726.0659580678533
obs_65f811d5639d7483,Erica Jones,Antiseptics,2017-12-01,6992004.0,19349.0,74,1919.6043005206566
obs_87bcd398c16122ca,Erica Jones,Antiseptics,2018-01-01,7762744.0,16855.0,119,2158.7633196778665
obs_966701c56227ca17,Erica Jones,Antiseptics,2018-02-01,3819529.0,7396.0,102,647.7701438519205
obs_d9a52392c28710a8,Erica Jones,Antiseptics,2018-03-01,3949426.0,11062.0,130,661.2977668588235
obs_41916127eaa3e4de,Erica Jones,Antiseptics,2018-04-01,3977352.0,10458.0,99,983.3040540796001
obs_ce11fd5eaef5bcc2,Erica Jones,Antiseptics,2018-05-01,2982888.0,5486.0,97,799.954809950286
obs_5927199c7eebd454,Erica Jones,Antiseptics,2018-06-01,3261008.0,10777.0,122,851.2317709838125
obs_73bdc503445cb9af,Erica Jones,Antiseptics,2018-07-01,3982251.0,9675.0,111,1232.0046082362096
obs_888624f62fe4cfee,Erica Jones,Antiseptics,2018-08-01,4887315.0,18792.0,99,1568.8264255321803
obs_40a6f45b08428bcc,Erica Jones,Antiseptics,2018-09-01,4928227.0,10028.0,100,1251.8787137497707
obs_b108a68b96f29533,Erica Jones,Antiseptics,2018-10-01,4572658.0,10368.0,149,931.274961774681
obs_b162a97feff97b66,Erica Jones,Antiseptics,2018-11-01,4180258.0,13989.0,114,872.8117451946558
obs_4b1db870abc01152,Erica Jones,Antiseptics,2018-12-01,2739814.0,8012.0,106,686.2911449259396
obs_1faa474944514701,Erica Jones,Antiseptics,2019-01-01,767167.0,2809.0,39,383.6321221256716
obs_13c0551c97421ce1,Erica Jones,Antiseptics,2019-02-01,2559032.0,5935.0,56,930.109239362227
obs_889e417ddd683809,Erica Jones,Antiseptics,2019-03-01,1776327.0,5318.0,85,755.4418976750826
obs_a190a3470aca3529,Erica Jones,Antiseptics,2019-04-01,988296.0,2564.0,56,655.1241746079061
obs_ed1716315ce2f89a,Erica Jones,Mood Stabilizers,2017-01-01,1931261.0,3942.0,60,10625.053398058253
obs_1c93ed3f616ce45b,Erica Jones,Mood Stabilizers,2017-02-01,3354594.0,10531.0,62,1858.005714039154
obs_dd731e0c61511cf4,Erica Jones,Mood Stabilizers,2017-03-01,3025437.0,7693.0,62,1139.2347953775477
obs_2c80cfc92072f711,Erica Jones,Mood Stabilizers,2017-04-01,3316600.0,9021.0,68,1080.3863210504794
obs_0aca714c8947d562,Erica Jones,Mood Stabilizers,2017-05-01,5393790.0,10338.0,71,1723.666299971488
obs_0d3c9c4be99aa1d8,Erica Jones,Mood Stabilizers,2017-06-01,4882432.0,15006.0,58,1536.5529618880958
obs_8b56840a414b53fa,Erica Jones,Mood Stabilizers,2017-07-01,2158773.0,5194.0,76,571.9547322683943
obs_96d2e226d31577e9,Erica Jones,Mood Stabilizers,2017-08-01,2677051.0,6788.0,61,649.249591306653
obs_6b020e5bfb1650f3,Erica Jones,Mood Stabilizers,2017-09-01,4176022.0,8348.0,58,1643.1233899083986
obs_b2f32696ec50e6f8,Erica Jones,Mood Stabilizers,2017-10-01,1641163.0,4954.0,60,696.3947836413081
obs_a5d2109ed12e13d6,Erica Jones,Mood Stabilizers,2017-11-01,3339698.0,11714.0,65,1263.9911616917486
obs_e2f7f8bf9ea4bf2f,Erica Jones,Mood Stabilizers,2017-12-01,1592049.0,7041.0,58,597.1149129599517
obs_ba5ecd10c0998bd2,Erica Jones,Mood Stabilizers,2018-01-01,2794023.0,9311.0,93,1816.0986213133522
obs_149c8d214e505346,Erica Jones,Mood Stabilizers,2018-02-01,4288764.0,9732.0,98,1612.8374496600964
obs_24442b9a94e1a6f7,Erica Jones,Mood Stabilizers,2018-03-01,3069001.0,7426.0,99,1083.0297483947088
obs_a989ff2712f9c12f,Erica Jones,Mood Stabilizers,2018-04-01,1548004.0,3737.0,84,617.2815286279726
obs_d528493d6805d843,Erica Jones,Mood Stabilizers,2018-05-01,2234014.0,6563.0,112,780.0451916766956
obs_092f3b1e6b398f1e,Erica Jones,Mood Stabilizers,2018-06-01,3744596.0,13230.0,91,1784.191648467388
obs_3770032df4a3e2f1,Erica Jones,Mood Stabilizers,2018-07-01,2997279.0,6885.0,97,1378.2236881967196
obs_6e40a3bd41969dcb,Erica Jones,Mood Stabilizers,2018-08-01,4528134.0,10092.0,98,1583.43234060866
obs_f78d6eb89d7c1767,Erica Jones,Mood Stabilizers,2018-09-01,3389714.0,10677.0,99,909.1467676391694
obs_d58b09b05a6b6144,Erica Jones,Mood Stabilizers,2018-10-01,1416547.0,4166.0,118,554.2930058807092
obs_f9e45f05702360d0,Erica Jones,Mood Stabilizers,2018-11-01,3856018.0,7840.0,92,1130.53933020474
obs_d65eb48503f91821,Erica Jones,Mood Stabilizers,2018-12-01,1261989.0,5490.0,92,521.091906021043
obs_f9409e706a67bb78,Erica Jones,Mood Stabilizers,2019-01-01,729480.0,2123.0,46,624.9785621525818
obs_6973de100a5d6b7b,Erica Jones,Mood Stabilizers,2019-02-01,1323941.0,3953.0,55,1023.1683989029277
obs_392b8f8d5d2be289,Erica Jones,Mood Stabilizers,2019-03-01,2012908.0,4459.0,56,1685.7137935141327
obs_0e3e4e142988957b,Erica Jones,Mood Stabilizers,2019-04-01,1633657.0,4063.0,53,1247.4938056922038
obs_bd73c32a613a01a5,Jessica Smith,Analgesics,2017-01-01,3196772.0,8766.0,45,16768.310679611648
obs_75d8eca18ba89778,Jessica Smith,Analgesics,2017-02-01,2089221.0,4914.0,51,725.8792391776661
obs_0bc960191a55d7f9,Jessica Smith,Analgesics,2017-03-01,1783481.0,3767.0,59,741.3556312285064
obs_cd64c7cb8e44bcc2,Jessica Smith,Analgesics,2017-04-01,2587592.0,5495.0,60,1253.087300672384
obs_fa92e2cc98cbc505,Jessica Smith,Analgesics,2017-05-01,6256609.0,25190.0,68,2703.7422488819784
obs_54a3917b64f9bde1,Jessica Smith,Analgesics,2017-06-01,3029716.0,5675.0,70,1170.9503684604229
obs_e315a185e103df51,Jessica Smith,Analgesics,2017-07-01,1427795.0,3506.0,64,593.1531382473005
obs_eca2bb43009c3b5f,Jessica Smith,Analgesics,2017-08-01,11304158.0,19653.0,70,3061.2111299560174
obs_f206ee28d3c9ee51,Jessica Smith,Analgesics,2017-09-01,2426864.0,6568.0,70,833.2672041150142
obs_1993aa4c5400524c,Jessica Smith,Analgesics,2017-10-01,1370006.0,3838.0,64,661.0560725553717
obs_048d304ecf78185d,Jessica Smith,Analgesics,2017-11-01,2149186.0,5939.0,70,894.8409396389425
obs_30263cfb7575a80a,Jessica Smith,Analgesics,2017-12-01,2531948.0,4918.0,50,1179.7284772860355
obs_b59cbd08569fb1fb,Jessica Smith,Analgesics,2018-01-01,11671024.0,24509.0,103,3886.1355560049064
obs_00596573c5f20356,Jessica Smith,Analgesics,2018-02-01,5170895.0,14869.0,99,2228.470335768641
obs_ad56092096392851,Jessica Smith,Analgesics,2018-03-01,5970013.0,11867.0,113,1151.1426276818597
obs_4b9df30d99de2528,Jessica Smith,Analgesics,2018-04-01,1442536.0,3162.0,87,425.94438927723206
obs_c684edf8178fb200,Jessica Smith,Analgesics,2018-05-01,2379186.0,5404.0,101,585.0323281155897
obs_18fe79a3239e7368,Jessica Smith,Analgesics,2018-06-01,5285296.0,10804.0,98,2328.3846533658625
obs_451ac52478edfc8d,Jessica Smith,Analgesics,2018-07-01,3531178.0,11648.0,100,1551.2085621614942
obs_a943a1d9a04eea0a,Jessica Smith,Analgesics,2018-08-01,14016644.0,22248.0,100,3176.891285713961
obs_69eb056c724f001f,Jessica Smith,Analgesics,2018-09-01,3147394.0,7757.0,94,683.6165368170139
obs_848ab056cb80733d,Jessica Smith,Analgesics,2018-10-01,3518861.0,9001.0,116,975.6154821944591
obs_1ef450087534d063,Jessica Smith,Analgesics,2018-11-01,1149557.0,-1012.0,98,487.8769914359121
obs_438e87ccdfc7619e,Jessica Smith,Analgesics,2018-12-01,3396017.0,14342.0,87,1059.4578735197854
obs_a1e4ca82ef0309af,Jessica Smith,Analgesics,2019-01-01,941037.0,2272.0,55,451.77199245611973
obs_6503b2dd1b66b41d,Jessica Smith,Analgesics,2019-02-01,2142025.0,5665.0,51,2011.3449380175332
obs_91ba83492f3c9342,Jessica Smith,Analgesics,2019-03-01,3565485.0,6523.0,61,1770.072082684666
obs_7200cb8bd36c4c13,Jessica Smith,Analgesics,2019-04-01,2757979.0,5178.0,42,1312.5690144624286
obs_d11687b67e281458,Jessica Smith,Antibiotics,2017-01-01,2016350.0,4621.0,50,11038.106796116504
obs_eb566018c674d79a,Jessica Smith,Antibiotics,2017-02-01,7703811.0,21003.0,47,3104.694907962359
obs_e807748135c8dedd,Jessica Smith,Antibiotics,2017-03-01,1568936.0,4714.0,52,485.0638278961824
obs_98f1081ab65cc75e,Jessica Smith,Antibiotics,2017-04-01,1265541.0,2491.0,41,707.0190874070493
obs_74422b86aacae2d2,Jessica Smith,Antibiotics,2017-05-01,1485294.0,3335.0,38,939.3364402891855
obs_cf7d2172be882e15,Jessica Smith,Antibiotics,2017-06-01,977494.0,2676.0,47,729.2098235959718
obs_5e5c09b685f1bf17,Jessica Smith,Antibiotics,2017-07-01,1582425.0,4696.0,59,1267.468568241083
obs_cab75bcadeb80081,Jessica Smith,Antibiotics,2017-08-01,2292820.0,6102.0,49,1623.399167901655
obs_e2b6bfa92eb956c6,Jessica Smith,Antibiotics,2017-09-01,3548794.0,16132.0,44,2338.655407984949
obs_aaa50611211a6ad3,Jessica Smith,Antibiotics,2017-10-01,1737530.0,4526.0,54,801.8059627763258
obs_df737925c58762c3,Jessica Smith,Antibiotics,2017-11-01,3386836.0,6505.0,58,1542.6561457409084
obs_c0e042a749e1d752,Jessica Smith,Antibiotics,2017-12-01,5666290.0,13539.0,43,1780.380429988515
obs_4e3ae75c3fa87163,Jessica Smith,Antibiotics,2018-01-01,885123.0,2444.0,66,440.2976816223022
obs_4b309b0dde35281b,Jessica Smith,Antibiotics,2018-02-01,1357033.0,3112.0,81,541.7563251491122
obs_71a8785cd0972f04,Jessica Smith,Antibiotics,2018-03-01,3000691.0,7017.0,89,2323.40508042535
obs_1f1963680bbeeb26,Jessica Smith,Antibiotics,2018-04-01,7372282.0,17273.0,93,3887.207547570997
obs_738e85a119e6eb35,Jessica Smith,Antibiotics,2018-05-01,3653016.0,9262.0,69,1227.4169831749402
obs_440cf65a65a2e366,Jessica Smith,Antibiotics,2018-06-01,8320657.0,16096.0,87,2355.7038577151443
obs_3e2813855b634f69,Jessica Smith,Antibiotics,2018-07-01,7036111.0,11405.0,103,944.9519560044644
obs_f4ef65b329725b1d,Jessica Smith,Antibiotics,2018-08-01,408287.0,4211.0,79,292.2529376275191
obs_5fb5b0bced9c02ff,Jessica Smith,Antibiotics,2018-09-01,3980010.0,8821.0,70,661.884567196365
obs_8a4675ad028e63e6,Jessica Smith,Antibiotics,2018-10-01,2351565.0,7225.0,96,680.2262083890455
obs_c391486438f5a080,Jessica Smith,Antibiotics,2018-11-01,4059897.0,10273.0,98,1845.2257182001847
obs_28022f8d6683c03e,Jessica Smith,Antibiotics,2018-12-01,15135840.0,40885.0,69,3096.099669506124
obs_7cf5dbfadbb0dd0d,Jessica Smith,Antibiotics,2019-01-01,1591018.0,4043.0,36,535.3540994826185
obs_a093dd93e57cf6d1,Jessica Smith,Antibiotics,2019-02-01,1555747.0,3340.0,34,529.0281343188985
obs_0d6759992602f406,Jessica Smith,Antibiotics,2019-03-01,3786732.0,6877.0,51,2405.373111728295
obs_0c4f481a7326995f,Jessica Smith,Antibiotics,2019-04-01,969400.0,2586.0,34,693.6617224995362
obs_45d0000ddc5b8b92,Jessica Smith,Antimalarial,2017-01-01,1642324.0,5053.0,45,9222.446601941749
obs_d32febf883bab2bd,Jessica Smith,Antimalarial,2017-02-01,513434.0,2222.0,43,477.64065357253753
obs_b46f9e80805342c1,Jessica Smith,Antimalarial,2017-03-01,985392.0,3076.0,56,915.6762462223883
obs_13dafee7e70e41b9,Jessica Smith,Antimalarial,2017-04-01,1369537.0,3637.0,40,1436.6987615278158
obs_c7ace9c3db3422d3,Jessica Smith,Antimalarial,2017-05-01,1838218.0,4985.0,51,2013.9184074750358
obs_b45afd788e07ea13,Jessica Smith,Antimalarial,2017-06-01,5333855.0,13492.0,54,3140.6024444757604
obs_53a3f4b5b6ef655d,Jessica Smith,Antimalarial,2017-07-01,1940089.0,3917.0,48,1030.847506524021
obs_9362df50c664d001,Jessica Smith,Antimalarial,2017-08-01,1476508.0,3766.0,50,804.1638473626824
obs_1b1075c78359f83c,Jessica Smith,Antimalarial,2017-09-01,720668.0,3472.0,52,520.4815358610788
obs_08ef5f4baba26ce7,Jessica Smith,Antimalarial,2017-10-01,1507043.0,4696.0,51,993.2139939417805
obs_ea1abb7d972a552d,Jessica Smith,Antimalarial,2017-11-01,6026852.0,13040.0,52,3231.4700026546498
obs_433656d2edc018ad,Jessica Smith,Antimalarial,2017-12-01,3824974.0,8674.0,38,2482.070680893399
obs_8b314bfe391f9c8b,Jessica Smith,Antimalarial,2018-01-01,8212488.0,21063.0,70,2292.2671265724093
obs_e4133424a7d0041d,Jessica Smith,Antimalarial,2018-02-01,1674182.0,7099.0,79,452.2721917025333
obs_de1bdbbc146298ff,Jessica Smith,Antimalarial,2018-03-01,3919257.0,8250.0,83,996.1038722410555
obs_38c87787d6b8bdff,Jessica Smith,Antimalarial,2018-04-01,4001934.0,10089.0,91,993.5158275281476
obs_0ffeba0f27397a0d,Jessica Smith,Antimalarial,2018-05-01,1826580.0,5971.0,67,589.3587051276618
obs_1ea520309ab1fd1d,Jessica Smith,Antimalarial,2018-06-01,1325411.0,5046.0,86,496.24695371785486
obs_633d6005a490d842,Jessica Smith,Antimalarial,2018-07-01,1686329.0,5825.0,88,922.245106165302
obs_d61298e8afbdef33,Jessica Smith,Antimalarial,2018-08-01,1573156.0,4950.0,81,929.2873405768227
obs_ecef6fb95deac46c,Jessica Smith,Antimalarial,2018-09-01,1386778.0,4360.0,66,891.8879029322221
obs_814948edc63189b0,Jessica Smith,Antimalarial,2018-10-01,1676752.0,6044.0,97,1043.5101184392997
obs_a7e55e2a1ec76bc7,Jessica Smith,Antimalarial,2018-11-01,2052268.0,5179.0,101,1333.197410081625
obs_86266d57f1974de3,Jessica Smith,Antimalarial,2018-12-01,874545.0,2552.0,85,629.7846143320453
obs_6d466a58064bbf32,Jessica Smith,Antimalarial,2019-01-01,270233.0,1003.0,39,367.352835685747
obs_f1b3c08527ad249a,Jessica Smith,Antimalarial,2019-02-01,1509221.0,3259.0,62,1844.3220571784707
obs_774860ee00f8f643,Jessica Smith,Antimalarial,2019-03-01,1785485.0,4275.0,68,2227.6892305774313
obs_7ce0a356cf1fdf0d,Jessica Smith,Antimalarial,2019-04-01,2519785.0,4096.0,35,1776.20524419841
obs_a693b1e4720f37b7,Jessica Smith,Antipiretics,2017-01-01,1548814.0,2812.0,49,8768.514563106797
obs_73e9acd8c52fc5c4,Jessica Smith,Antipiretics,2017-02-01,1921631.0,3825.0,45,1255.7175724849337
obs_6a2f4fe0164aff97,Jessica Smith,Antipiretics,2017-03-01,4550458.0,8468.0,63,2523.0126506397637
obs_99dcb3232f8bd51a,Jessica Smith,Antipiretics,2017-04-01,2503764.0,4850.0,44,1331.234141044415
obs_ea0a55627efbc7de,Jessica Smith,Antipiretics,2017-05-01,1991045.0,3958.0,57,829.0442104542159
obs_ef3430d4df211b40,Jessica Smith,Antipiretics,2017-06-01,1136255.0,1947.0,53,580.450531931551
obs_05b0f6df06f16e76,Jessica Smith,Antipiretics,2017-07-01,2702965.0,4905.0,51,1397.5254602970235
obs_a162fa5c4cdedf4c,Jessica Smith,Antipiretics,2017-08-01,1815174.0,3567.0,47,913.8366489841761
obs_3361a16617e0093b,Jessica Smith,Antipiretics,2017-09-01,4041695.0,9861.0,40,2330.8814273880466
obs_d98fbee3187ea3db,Jessica Smith,Antipiretics,2017-10-01,5327039.0,18367.0,54,2141.763546823509
obs_7e547f00a67a0898,Jessica Smith,Antipiretics,2017-11-01,2452684.0,5426.0,52,691.8777150320127
obs_529ee7ef8986470d,Jessica Smith,Antipiretics,2017-12-01,1751642.0,3443.0,37,565.5773693285009
obs_265363b36e36ab69,Jessica Smith,Antipiretics,2018-01-01,3662774.0,5574.0,68,1562.346832152003
obs_ff8bebacc8bd4bf7,Jessica Smith,Antipiretics,2018-02-01,3689833.0,7514.0,94,1575.735671575675
obs_7dfc439258a33da7,Jessica Smith,Antipiretics,2018-03-01,4530995.0,9598.0,100,1251.2611588391273
obs_779a4547c5588516,Jessica Smith,Antipiretics,2018-04-01,1247199.0,2578.0,77,496.1234998035102
obs_6e932623d2a294a4,Jessica Smith,Antipiretics,2018-05-01,1720386.0,3388.0,79,589.5026963082569
obs_20ccb4d24d7c2ad4,Jessica Smith,Antipiretics,2018-06-01,9706883.0,16907.0,79,3988.96621235792
obs_8b66e74c01c18008,Jessica Smith,Antipiretics,2018-07-01,1908999.0,4595.0,94,1096.6433458673232
obs_7777ca5d48381645,Jessica Smith,Antipiretics,2018-08-01,3866830.0,7030.0,89,2208.2280317427785
obs_dfc83b5b25c1c2b5,Jessica Smith,Antipiretics,2018-09-01,4049966.0,8286.0,100,1021.0688811127974
obs_961e175161b790a9,Jessica Smith,Antipiretics,2018-10-01,3489393.0,7152.0,113,907.0809023492287
obs_6c771815a75e414e,Jessica Smith,Antipiretics,2018-11-01,2204390.0,4410.0,86,665.104452358796
obs_88135179e9776079,Jessica Smith,Antipiretics,2018-12-01,1113928.0,2627.0,69,482.45092236937006
obs_ac773a96bb138aa8,Jessica Smith,Antipiretics,2019-01-01,758931.0,2008.0,42,500.69051310982843
obs_d5ca598502762b8a,Jessica Smith,Antipiretics,2019-02-01,5158992.0,16519.0,52,3498.2288339494917
obs_1a58e4d3c759c7d0,Jessica Smith,Antipiretics,2019-03-01,10072979.0,17529.0,55,5639.687332635467
obs_9393cf3bd272aba4,Jessica Smith,Antipiretics,2019-04-01,1883157.0,3168.0,27,515.7943306061957
obs_f7a43f9660ca17e3,Jessica Smith,Antiseptics,2017-01-01,2931765.0,5143.0,61,15481.868932038837
obs_d2f819093ae640b0,Jessica Smith,Antiseptics,2017-02-01,2329924.0,6508.0,60,828.6775549683373
obs_6073c97338d52c0e,Jessica Smith,Antiseptics,2017-03-01,2674115.0,8751.0,77,990.131587596627
obs_69396bae196c921a,Jessica Smith,Antiseptics,2017-04-01,3551330.0,11869.0,65,1361.6982646050633
obs_3635e8c427192ea7,Jessica Smith,Antiseptics,2017-05-01,1946160.0,12899.0,73,779.9348741981944
obs_8dc7fed7a389fd89,Jessica Smith,Antiseptics,2017-06-01,1601018.0,3276.0,62,685.953504552064
obs_7168f625808ebdbb,Jessica Smith,Antiseptics,2017-07-01,6675853.0,14186.0,63,2915.179296566482
obs_7fd81698e140b320,Jessica Smith,Antiseptics,2017-08-01,3778213.0,9119.0,77,2106.0292840549137
obs_07faa0093b1b83a4,Jessica Smith,Antiseptics,2017-09-01,2467553.0,5271.0,75,725.5586551641962
obs_3a669adbb7df7796,Jessica Smith,Antiseptics,2017-10-01,4290996.0,8508.0,63,1128.302233747999
obs_ece23a8d928453f3,Jessica Smith,Antiseptics,2017-11-01,4488685.0,10168.0,87,1191.8015216260133
obs_c620dd787f8d23cf,Jessica Smith,Antiseptics,2017-12-01,5110754.0,11397.0,57,1195.4386252570037
obs_d2644044d6da3e96,Jessica Smith,Antiseptics,2018-01-01,5148505.0,12512.0,113,1141.9857774853108
obs_63f6d3343a634da0,Jessica Smith,Antiseptics,2018-02-01,3628639.0,7802.0,135,766.9908127211112
obs_e5e80f98d5036969,Jessica Smith,Antiseptics,2018-03-01,1606599.0,4221.0,123,478.9004011495562
obs_68e2ec0229a13cda,Jessica Smith,Antiseptics,2018-04-01,2184838.0,5651.0,115,688.4292447693693
obs_d819a4a94915350c,Jessica Smith,Antiseptics,2018-05-01,4176123.0,16219.0,124,2069.6733290492034
obs_00311e0c09a25f8c,Jessica Smith,Antiseptics,2018-06-01,4009571.0,10225.0,117,1977.1601937081698
obs_3f6d6e7383bf34c5,Jessica Smith,Antiseptics,2018-07-01,14119138.0,24390.0,127,2959.3974605854073
obs_0b259d033a6e191e,Jessica Smith,Antiseptics,2018-08-01,1954818.0,5405.0,94,590.8451247840505
obs_766fe3a476b2f940,Jessica Smith,Antiseptics,2018-09-01,3018166.0,6810.0,102,798.1119275155343
obs_92762d44fa55a27c,Jessica Smith,Antiseptics,2018-10-01,4172570.0,10626.0,152,1427.7733708779838
obs_83dc9887f0271c97,Jessica Smith,Antiseptics,2018-11-01,2190227.0,6077.0,103,778.4088037029419
obs_3696fd0ba387683b,Jessica Smith,Antiseptics,2018-12-01,2869896.0,6838.0,104,942.384082614203
obs_bdef240254c3c291,Jessica Smith,Antiseptics,2019-01-01,2113185.0,3867.0,65,786.1612203883252
obs_fce724102d01ef18,Jessica Smith,Antiseptics,2019-02-01,2567661.0,7419.0,56,1172.726250111035
obs_d66050ec3113da29,Jessica Smith,Antiseptics,2019-03-01,1569094.0,5355.0,63,694.9746967209774
obs_d24a62812072f37a,Jessica Smith,Antiseptics,2019-04-01,3132281.0,5448.0,53,1548.8542854524724
obs_e90cc232be59aba2,Jessica Smith,Mood Stabilizers,2017-01-01,1135206.0,3255.0,47,6760.708737864077
obs_588145622e0b71f2,Jessica Smith,Mood Stabilizers,2017-02-01,2996285.0,6728.0,61,2531.2716648373935
obs_c28019ea673bd80c,Jessica Smith,Mood Stabilizers,2017-03-01,2598756.0,8804.0,70,1276.7273229385605
obs_1398abdce4708efe,Jessica Smith,Mood Stabilizers,2017-04-01,1835584.0,4909.0,55,764.3192709366081
obs_1dd29706deab1968,Jessica Smith,Mood Stabilizers,2017-05-01,2558499.0,4651.0,62,966.875577675574
obs_e08f153bead0da34,Jessica Smith,Mood Stabilizers,2017-06-01,2600518.0,6369.0,69,990.114054358108
obs_5f57983318fffd6e,Jessica Smith,Mood Stabilizers,2017-07-01,3853157.0,8922.0,75,1577.697180169697
obs_330e1cc1cc2e3c2e,Jessica Smith,Mood Stabilizers,2017-08-01,1143139.0,3216.0,58,570.0834476017052
obs_266e5b7884c84062,Jessica Smith,Mood Stabilizers,2017-09-01,7154144.0,15021.0,66,2585.459103491383
obs_b93166c4530f273d,Jessica Smith,Mood Stabilizers,2017-10-01,2407671.0,8568.0,69,704.9927488409196
obs_c50e16976d711d4c,Jessica Smith,Mood Stabilizers,2017-11-01,13833967.0,23524.0,62,4039.2174475520324
obs_dc8750e2367c6e19,Jessica Smith,Mood Stabilizers,2017-12-01,1260548.0,4686.0,48,378.2997319150346
obs_81f83a6282e48455,Jessica Smith,Mood Stabilizers,2018-01-01,1171371.0,2613.0,78,604.2593853328339
obs_6be1d05f2c0fd4a0,Jessica Smith,Mood Stabilizers,2018-02-01,3048114.0,7009.0,95,2423.828359008354
obs_baa6dcd2ae6ba2fc,Jessica Smith,Mood Stabilizers,2018-03-01,2501300.0,6729.0,99,2158.1258725785806
obs_27c558fb9c2f290c,Jessica Smith,Mood Stabilizers,2018-04-01,4196583.0,8972.0,103,1786.1174325273187
obs_59227d080bd5a67c,Jessica Smith,Mood Stabilizers,2018-05-01,1993013.0,4924.0,92,726.1052435218719
obs_3dafc4b5eb647e2d,Jessica Smith,Mood Stabilizers,2018-06-01,4928785.0,11627.0,94,2141.370564976115
obs_d91968c24a57f672,Jessica Smith,Mood Stabilizers,2018-07-01,3295834.0,9108.0,117,821.8650450172419
obs_eeb54bf126948756,Jessica Smith,Mood Stabilizers,2018-08-01,6867225.0,11579.0,111,2261.460033767489
obs_5869cc04a6d3c608,Jessica Smith,Mood Stabilizers,2018-09-01,2077087.0,6228.0,93,556.8589906622549
obs_dda7a903327b9dd2,Jessica Smith,Mood Stabilizers,2018-10-01,7928566.0,14687.0,129,2417.7828575716926
obs_475498238e5d1e8d,Jessica Smith,Mood Stabilizers,2018-11-01,2213690.0,2764.0,111,484.72511737634306
obs_4b77c7a3ecd392cf,Jessica Smith,Mood Stabilizers,2018-12-01,1876191.0,4049.0,83,867.140835051715
obs_439ed5ddc4725821,Jessica Smith,Mood Stabilizers,2019-01-01,1406369.0,3025.0,54,712.6009500369873
obs_517f0b361f499a26,Jessica Smith,Mood Stabilizers,2019-02-01,5275851.0,17104.0,64,2615.0490373563257
obs_b3f7eae2e1c434f2,Jessica Smith,Mood Stabilizers,2019-03-01,6443232.0,13043.0,73,2917.0917429365372
obs_cf6d4a789a91eb96,Jessica Smith,Mood Stabilizers,2019-04-01,2275949.0,4614.0,43,564.1188819539688
obs_6251c1a84b617f8e,Jimmy Grey,Analgesics,2017-01-01,2125213.0,5665.0,62,11566.567961165048
obs_a2e9ab498e13ed91,Jimmy Grey,Analgesics,2017-02-01,2049485.0,5023.0,65,952.208882875242
obs_0a16da559a66f0b7,Jimmy Grey,Analgesics,2017-03-01,1228884.0,4664.0,48,678.686552465324
obs_903c9372d91c3625,Jimmy Grey,Analgesics,2017-04-01,906904.0,2649.0,52,572.2111849031644
obs_c3860532d86d8a86,Jimmy Grey,Analgesics,2017-05-01,1192666.0,2733.0,53,956.6949496493195
obs_a0852ea50e37e563,Jimmy Grey,Analgesics,2017-06-01,4418767.0,8306.0,81,3048.5190525024145
obs_c3c1670909474058,Jimmy Grey,Analgesics,2017-07-01,1546591.0,5115.0,77,1323.7271165965315
obs_4be340a44ff817bb,Jimmy Grey,Analgesics,2017-08-01,2748341.0,7231.0,66,1906.591685366161
obs_2f96440e690c74fd,Jimmy Grey,Analgesics,2017-09-01,2447896.0,5349.0,63,898.5543619548376
obs_59b1255bd35fc547,Jimmy Grey,Analgesics,2017-10-01,1448577.0,3720.0,55,680.8961972526215
obs_af6ca94b8e10f3c9,Jimmy Grey,Analgesics,2017-11-01,3074946.0,8779.0,68,1274.4645125954175
obs_a75d1c019358e93b,Jimmy Grey,Analgesics,2017-12-01,3127820.0,7299.0,48,1300.6778303704193
obs_d31a1c551b05c6ba,Jimmy Grey,Analgesics,2018-01-01,3628660.0,7614.0,103,1182.1271307636002
obs_a5825b9906cc66d5,Jimmy Grey,Analgesics,2018-02-01,2985876.0,7021.0,96,945.1108290752211
obs_77885cf8dbc70089,Jimmy Grey,Analgesics,2018-03-01,4131376.0,9893.0,130,1352.9713427379834
obs_19cbd92d5e85e00b,Jimmy Grey,Analgesics,2018-04-01,2749005.0,6209.0,76,801.6368769471134
obs_a505a7efe7559ca7,Jimmy Grey,Analgesics,2018-05-01,3467539.0,6678.0,94,1159.3614061864096
obs_7c842a62bfdcc660,Jimmy Grey,Analgesics,2018-06-01,19256398.0,35749.0,105,3945.7926124024775
obs_ef3b252342c829c8,Jimmy Grey,Analgesics,2018-07-01,3081744.0,5335.0,106,897.1414883912087
obs_8fd59f66e79f833b,Jimmy Grey,Analgesics,2018-08-01,2343967.0,5001.0,100,742.2142439864817
obs_6b82c69c3e6de82a,Jimmy Grey,Analgesics,2018-09-01,4158815.0,7937.0,92,1387.7432981208922
obs_22fca9b762c9104f,Jimmy Grey,Analgesics,2018-10-01,4813783.0,10694.0,131,1645.6700038011509
obs_8889a36d1477e3b6,Jimmy Grey,Analgesics,2018-11-01,1998639.0,4791.0,110,599.9361381052474
obs_6f7d485c264e0882,Jimmy Grey,Analgesics,2018-12-01,8636681.0,24575.0,82,2258.114953955155
obs_1fe6e1661f3a50b1,Jimmy Grey,Analgesics,2019-01-01,1193994.0,1865.0,44,430.6091190226307
obs_dc9158abb896ea55,Jimmy Grey,Analgesics,2019-02-01,2030154.0,3690.0,49,989.6370608840092
obs_649d97eead1025ee,Jimmy Grey,Analgesics,2019-03-01,2699485.0,5617.0,80,1363.707151834892
obs_6dc3d0265d5c6e00,Jimmy Grey,Analgesics,2019-04-01,8498375.0,15410.0,52,3282.0747870760315
obs_5a3021ba8bfa112d,Jimmy Grey,Antibiotics,2017-01-01,2515933.0,5109.0,47,13463.266990291264
obs_77d87a742b738a24,Jimmy Grey,Antibiotics,2017-02-01,1269319.0,3628.0,46,617.3632834288474
obs_194d717e9eb573dd,Jimmy Grey,Antibiotics,2017-03-01,1762429.0,5554.0,50,928.064280728808
obs_34ad6bb7659614b6,Jimmy Grey,Antibiotics,2017-04-01,2273099.0,4690.0,49,1315.234849893037
obs_83b812cb4bf863ee,Jimmy Grey,Antibiotics,2017-05-01,2494881.0,7047.0,45,1467.9518743072742
obs_80e7e3ff190fc716,Jimmy Grey,Antibiotics,2017-06-01,3204895.0,7496.0,49,1461.0718361196102
obs_d633a2cf7c82d92d,Jimmy Grey,Antibiotics,2017-07-01,2516331.0,5198.0,58,984.4157313991858
obs_8d301510829d7347,Jimmy Grey,Antibiotics,2017-08-01,896964.0,2321.0,49,509.55612604764326
obs_1d48e6ef47bbb986,Jimmy Grey,Antibiotics,2017-09-01,2237580.0,6227.0,58,897.492649116002
obs_28fef1b36e9a7ca4,Jimmy Grey,Antibiotics,2017-10-01,1785068.0,5790.0,49,830.8984689336269
obs_d174e690ff41fa5d,Jimmy Grey,Antibiotics,2017-11-01,2178533.0,5280.0,50,1231.092444744592
obs_7bcf3ba85d207e95,Jimmy Grey,Antibiotics,2017-12-01,1808404.0,4249.0,32,854.4430032164827
obs_9936346df25db8a9,Jimmy Grey,Antibiotics,2018-01-01,2476747.0,5007.0,70,1412.1069862321126
obs_d4c56e701930911b,Jimmy Grey,Antibiotics,2018-02-01,1403001.0,3440.0,73,718.9406448756629
obs_e8d76798f21d0ff8,Jimmy Grey,Antibiotics,2018-03-01,1533588.0,4035.0,80,867.5004541364297
obs_9c92f1a4118b82e1,Jimmy Grey,Antibiotics,2018-04-01,9993344.0,21413.0,88,4413.260187271725
obs_30221ccee23a2683,Jimmy Grey,Antibiotics,2018-05-01,1172242.0,2556.0,73,806.5864311957711
obs_43c2ece06fc95513,Jimmy Grey,Antibiotics,2018-06-01,2317532.0,6286.0,73,1583.959860765379
obs_b743ccdc0a262747,Jimmy Grey,Antibiotics,2018-07-01,4910498.0,11125.0,87,2278.5669812558717
obs_48e8349ce3511672,Jimmy Grey,Antibiotics,2018-08-01,1047450.0,2058.0,66,579.1028174280276
obs_5e5033af7fe74082,Jimmy Grey,Antibiotics,2018-09-01,6365061.0,12950.0,65,2583.243915032545
obs_e1eaedfe7e44a601,Jimmy Grey,Antibiotics,2018-10-01,6657518.0,14425.0,97,1395.3549387297032
obs_31c1d344ab799778,Jimmy Grey,Antibiotics,2018-11-01,2396269.0,6324.0,91,524.1302978810675
obs_2d0cae3b27e68c95,Jimmy Grey,Antibiotics,2018-12-01,1395515.0,3192.0,59,409.64524126777826
obs_873f9650d3b744ad,Jimmy Grey,Antibiotics,2019-01-01,291444.0,897.0,28,338.5612194851116
obs_9dab0a349f801ef0,Jimmy Grey,Antibiotics,2019-02-01,1241517.0,2627.0,44,897.8018745837263
obs_7ae2aed251841dc3,Jimmy Grey,Antibiotics,2019-03-01,5947902.0,11743.0,49,3575.647629441373
obs_1a8e037d17118727,Jimmy Grey,Antibiotics,2019-04-01,2716461.0,6214.0,33,2312.1444477598893
obs_da72f212534ddc49,Jimmy Grey,Antimalarial,2017-01-01,758860.0,2875.0,52,4933.78640776699
obs_a8a6e8f24bef5bd4,Jimmy Grey,Antimalarial,2017-02-01,2647311.0,10058.0,60,2943.4644429597893
obs_7775930664b81687,Jimmy Grey,Antimalarial,2017-03-01,2460021.0,5354.0,44,1502.9726949356193
obs_09c0c5c3ae15134a,Jimmy Grey,Antimalarial,2017-04-01,4709845.0,9920.0,40,2073.488828217163
obs_eaa48f3fce1e6d85,Jimmy Grey,Antimalarial,2017-05-01,1030177.0,4771.0,60,533.3550283646862
obs_db71f2609fe2d288,Jimmy Grey,Antimalarial,2017-06-01,2083210.0,7511.0,53,866.6209497548571
obs_12de259ce4ffe190,Jimmy Grey,Antimalarial,2017-07-01,1305367.0,3994.0,58,706.271787988878
obs_f6c20a71b17148b0,Jimmy Grey,Antimalarial,2017-08-01,1484850.0,4398.0,64,1130.4565514406795
obs_b2374cd3e207c6fe,Jimmy Grey,Antimalarial,2017-09-01,720171.0,2247.0,45,603.164534615147
obs_d38f74f35def6555,Jimmy Grey,Antimalarial,2017-10-01,1888417.0,5248.0,50,1505.6504828783745
obs_559d8fb95bdae153,Jimmy Grey,Antimalarial,2017-11-01,2115735.0,5704.0,60,1479.224880026128
obs_97dbb8eef8ecbb00,Jimmy Grey,Antimalarial,2017-12-01,1157028.0,3602.0,40,696.1388117692513
obs_ff442b772b9e8e85,Jimmy Grey,Antimalarial,2018-01-01,2544501.0,6309.0,68,1385.2249796975125
obs_aa953a10c3d0c25f,Jimmy Grey,Antimalarial,2018-02-01,2557440.0,5495.0,78,1216.9556066276489
obs_9ec58fc19ac85e9b,Jimmy Grey,Antimalarial,2018-03-01,7710391.0,18901.0,82,2720.979281370762
obs_26410fddfc967281,Jimmy Grey,Antimalarial,2018-04-01,8588715.0,16991.0,74,2880.2549135907752
obs_e663f1b564f750b2,Jimmy Grey,Antimalarial,2018-05-01,1802935.0,5932.0,77,420.2659109729734
obs_38bc8aabe35c9371,Jimmy Grey,Antimalarial,2018-06-01,11183053.0,24851.0,81,1510.1787331065211
obs_7d82079d3bf1ac48,Jimmy Grey,Antimalarial,2018-07-01,1298358.0,5615.0,85,360.075408332866
obs_444af7278196ca87,Jimmy Grey,Antimalarial,2018-08-01,1433524.0,4620.0,82,828.9605034789417
obs_9d2cfd0637048f0f,Jimmy Grey,Antimalarial,2018-09-01,3694139.0,10006.0,74,2500.953147085993
obs_144cbb989002bef5,Jimmy Grey,Antimalarial,2018-10-01,2949128.0,8376.0,102,2246.6717229369415
obs_faf4cc9fc17832da,Jimmy Grey,Antimalarial,2018-11-01,1846569.0,6543.0,81,705.9276768149443
obs_e1d4402110e3ea1b,Jimmy Grey,Antimalarial,2018-12-01,1123906.0,3950.0,79,527.4983504750576
obs_300d5f992010ea9b,Jimmy Grey,Antimalarial,2019-01-01,720413.0,3090.0,34,534.0795945429247
obs_84a8e8aef44fcfaa,Jimmy Grey,Antimalarial,2019-02-01,22031843.0,35286.0,57,10765.982135050199
obs_ec1f3b73133cdbbe,Jimmy Grey,Antimalarial,2019-03-01,810887.0,2389.0,58,775.3568350281306
obs_fead628ba2864762,Jimmy Grey,Antimalarial,2019-04-01,722259.0,1846.0,45,898.5697114059241
obs_b4a94c019834034d,Jimmy Grey,Antipiretics,2017-01-01,1550951.0,2749.0,42,8778.888349514564
obs_d372b0510d828553,Jimmy Grey,Antipiretics,2017-02-01,5334369.0,11462.0,46,2919.620455167898
obs_2bc5df5f8b01c585,Jimmy Grey,Antipiretics,2017-03-01,1449612.0,3043.0,41,556.6067280668442
obs_20174a2925a65bba,Jimmy Grey,Antipiretics,2017-04-01,797531.0,1785.0,45,624.4324974229874
obs_e5735a7678a8a76e,Jimmy Grey,Antipiretics,2017-05-01,3141867.0,6258.0,72,2302.128538767481
obs_bcb153d6b0aa7ee0,Jimmy Grey,Antipiretics,2017-06-01,5356430.0,10290.0,51,3043.7273821298922
obs_2b14db8ef4838450,Jimmy Grey,Antipiretics,2017-07-01,3677533.0,8817.0,53,1170.5010859584104
obs_690f54d86e679d04,Jimmy Grey,Antipiretics,2017-08-01,1751200.0,3694.0,50,596.7394122820817
obs_53cf40bef1326153,Jimmy Grey,Antipiretics,2017-09-01,2640997.0,5677.0,56,772.9201391153158
obs_fa72854f29e548d1,Jimmy Grey,Antipiretics,2017-10-01,1488867.0,3085.0,36,660.4989351789038
obs_bad46d4d73f0caea,Jimmy Grey,Antipiretics,2017-11-01,1957767.0,3893.0,63,1106.744418251895
obs_68b0fd3b78a4c411,Jimmy Grey,Antipiretics,2017-12-01,2187945.0,4297.0,43,1106.2763384265986
obs_9791a7744762bf14,Jimmy Grey,Antipiretics,2018-01-01,2637037.0,6265.0,74,1384.6621540557294
obs_000e0d96022360cf,Jimmy Grey,Antipiretics,2018-02-01,3652084.0,8277.0,80,1775.7094107479984
obs_9ba2f807644f3492,Jimmy Grey,Antipiretics,2018-03-01,4748676.0,7770.0,107,1935.3907664851163
obs_c12e93e8fa307c87,Jimmy Grey,Antipiretics,2018-04-01,4173019.0,7323.0,71,1136.699606745612
obs_6d7647a79470d97f,Jimmy Grey,Antipiretics,2018-05-01,3275833.0,6254.0,65,821.6042249656988
obs_930347be8cb19a44,Jimmy Grey,Antipiretics,2018-06-01,2528464.0,5238.0,82,691.1948670990465
obs_fa405646abcdad26,Jimmy Grey,Antipiretics,2018-07-01,5705701.0,10683.0,77,1863.781263414749
obs_0f7e286919c243d5,Jimmy Grey,Antipiretics,2018-08-01,7113114.0,13127.0,87,2304.073257447815
obs_ace1c0c4a7f1a4ac,Jimmy Grey,Antipiretics,2018-09-01,5724330.0,10838.0,63,980.5327524717261
obs_87bc85f6a35b423c,Jimmy Grey,Antipiretics,2018-10-01,3126093.0,7009.0,96,647.650259625076
obs_b2ce7582d0911ee6,Jimmy Grey,Antipiretics,2018-11-01,3978751.0,10036.0,94,756.1114202723754
obs_2102b14c60fdbb23,Jimmy Grey,Antipiretics,2018-12-01,1644188.0,3630.0,71,550.9045481470592
obs_5202c1ed7e2bbce2,Jimmy Grey,Antipiretics,2019-01-01,1094576.0,2080.0,42,504.95766095995896
obs_61544e16a880582b,Jimmy Grey,Antipiretics,2019-02-01,3302519.0,6836.0,41,2187.623561154193
obs_129946494823134d,Jimmy Grey,Antipiretics,2019-03-01,2012011.0,4018.0,45,1235.0862081039986
obs_b4ef81e9df72d62e,Jimmy Grey,Antipiretics,2019-04-01,587786.0,2996.0,41,462.72225378643896
obs_653fa09d1b900869,Jimmy Grey,Antiseptics,2017-01-01,1142480.0,3773.0,50,6796.019417475728
obs_9f918922618ca348,Jimmy Grey,Antiseptics,2017-02-01,5137276.0,11922.0,70,3432.8157175363012
obs_55ab1cafda85cb14,Jimmy Grey,Antiseptics,2017-03-01,2254530.0,4380.0,62,772.838167041021
obs_ebe4851d166bbf9c,Jimmy Grey,Antiseptics,2017-04-01,2975756.0,6596.0,53,1351.8213858019362
obs_b383baf0d6a67b15,Jimmy Grey,Antiseptics,2017-05-01,5241551.0,22687.0,72,1887.6435374823309
obs_e66673c8d46f928b,Jimmy Grey,Antiseptics,2017-06-01,5850165.0,15674.0,79,2135.8524710444144
obs_9d6e397f55cb95c6,Jimmy Grey,Antiseptics,2017-07-01,1837028.0,4673.0,69,505.19960553141914
obs_44c9dc8158f6542d,Jimmy Grey,Antiseptics,2017-08-01,2806570.0,7483.0,77,639.8882090508773
obs_82b968436e6b45bc,Jimmy Grey,Antiseptics,2017-09-01,2947111.0,9824.0,69,1024.363732035002
obs_c85040a116f3ef52,Jimmy Grey,Antiseptics,2017-10-01,1328027.0,3805.0,78,594.5522297524419
obs_06c7977ec95652d1,Jimmy Grey,Antiseptics,2017-11-01,2037831.0,5267.0,85,778.7085389895298
obs_17783d4374d5de8f,Jimmy Grey,Antiseptics,2017-12-01,8876215.0,15620.0,64,3364.4256972289204
obs_2deedff6988b7699,Jimmy Grey,Antiseptics,2018-01-01,3302863.0,7914.0,112,1716.9584393873415
obs_e932b61e11fcbcb7,Jimmy Grey,Antiseptics,2018-02-01,3392010.0,7251.0,106,997.8088537655836
obs_712963d3d146e24c,Jimmy Grey,Antiseptics,2018-03-01,3019221.0,7831.0,127,898.1295436050848
obs_c676e9e9ccea02a9,Jimmy Grey,Antiseptics,2018-04-01,1693924.0,4656.0,107,623.4456457398453
obs_087f6873f93d2c1f,Jimmy Grey,Antiseptics,2018-05-01,2645421.0,8612.0,105,888.0047791084078
obs_7ba2d42fc68fb60f,Jimmy Grey,Antiseptics,2018-06-01,6823068.0,12346.0,119,2502.0384967227656
obs_14d98f3ce289b097,Jimmy Grey,Antiseptics,2018-07-01,2698088.0,6490.0,123,992.651995454039
obs_b9ebdd2edc49933c,Jimmy Grey,Antiseptics,2018-08-01,3953009.0,9100.0,94,1528.0520944526181
obs_b56068573c533851,Jimmy Grey,Antiseptics,2018-09-01,9858650.0,21777.0,112,2460.6606453930326
obs_2164ec6c045ed458,Jimmy Grey,Antiseptics,2018-10-01,4893827.0,10071.0,152,1252.4277548807008
obs_e145ec19c526bbb6,Jimmy Grey,Antiseptics,2018-11-01,2701901.0,6539.0,129,652.0174069857187
obs_64bcb9c347f912f5,Jimmy Grey,Antiseptics,2018-12-01,1393170.0,5622.0,97,457.2905672303662
obs_52fb9768362acfa7,Jimmy Grey,Antiseptics,2019-01-01,993632.0,4029.0,53,517.7812571970408
obs_9f666e58c57f88a2,Jimmy Grey,Antiseptics,2019-02-01,2795237.0,7668.0,59,2184.934654508322
obs_60e7e0b3687019a9,Jimmy Grey,Antiseptics,2019-03-01,7028965.0,13244.0,74,3699.176290071445
obs_b380d2170ca43351,Jimmy Grey,Antiseptics,2019-04-01,752716.0,2420.0,42,446.08146813929613
obs_b672eacc3c0f8834,Jimmy Grey,Mood Stabilizers,2017-01-01,6440287.0,10976.0,56,32513.529126213594
obs_96beed11b0588d08,Jimmy Grey,Mood Stabilizers,2017-02-01,1742018.0,7472.0,78,446.95701585004895
obs_db91f6bbfb78f48b,Jimmy Grey,Mood Stabilizers,2017-03-01,2591181.0,6111.0,55,711.1860060345826
obs_0bb28d588c4391a3,Jimmy Grey,Mood Stabilizers,2017-04-01,1854397.0,4352.0,51,771.1095163440542
obs_47ec1b53fd683158,Jimmy Grey,Mood Stabilizers,2017-05-01,3450528.0,8684.0,65,2008.1647730138282
obs_9dd540b021d14318,Jimmy Grey,Mood Stabilizers,2017-06-01,2795554.0,7402.0,73,1059.3113222732115
obs_a4322d504e197fea,Jimmy Grey,Mood Stabilizers,2017-07-01,4302985.0,10068.0,76,1617.990807817442
obs_a3ace4dacdf6331f,Jimmy Grey,Mood Stabilizers,2017-08-01,3387185.0,9083.0,67,964.7882424545443
obs_71be97fea9fd8b83,Jimmy Grey,Mood Stabilizers,2017-09-01,4348127.0,13600.0,64,1307.8874951736634
obs_ec4b1def1b562289,Jimmy Grey,Mood Stabilizers,2017-10-01,4891062.0,13094.0,50,1129.4505103710405
obs_5c3b3186494602b7,Jimmy Grey,Mood Stabilizers,2017-11-01,4003666.0,10799.0,72,920.4704753791756
obs_4fb55720c69353ba,Jimmy Grey,Mood Stabilizers,2017-12-01,2411985.0,5334.0,53,653.9209888031221
obs_6e32ebcba355bee2,Jimmy Grey,Mood Stabilizers,2018-01-01,2119622.0,8565.0,110,635.5002084764071
obs_0055e9c8b873ca14,Jimmy Grey,Mood Stabilizers,2018-02-01,3810958.0,9719.0,109,1667.4866465281555
obs_c251b0079088f19e,Jimmy Grey,Mood Stabilizers,2018-03-01,5556548.0,10295.0,109,2368.312675268815
obs_44a4d8e4ebc8f5f8,Jimmy Grey,Mood Stabilizers,2018-04-01,2560191.0,6864.0,85,739.1727349324804
obs_7c8c5003fe32b868,Jimmy Grey,Mood Stabilizers,2018-05-01,2464244.0,5099.0,85,720.8402525518428
obs_e2920c314e63316c,Jimmy Grey,Mood Stabilizers,2018-06-01,7179450.0,20851.0,121,2611.2929281106844
obs_6d18cc6b86cd16d0,Jimmy Grey,Mood Stabilizers,2018-07-01,4383358.0,11289.0,117,1827.8173281997206
obs_b8e3f42f291f949f,Jimmy Grey,Mood Stabilizers,2018-08-01,1633799.0,4356.0,103,521.4036740826136
obs_2360cb2cc804e447,Jimmy Grey,Mood Stabilizers,2018-09-01,3264558.0,8560.0,88,792.3023489767036
obs_55c330ed875989ab,Jimmy Grey,Mood Stabilizers,2018-10-01,7090524.0,16622.0,128,2304.3546604923463
obs_10ea485da97a841e,Jimmy Grey,Mood Stabilizers,2018-11-01,3509598.0,9528.0,117,1054.6853123107041
obs_d4df2cd22a222e6f,Jimmy Grey,Mood Stabilizers,2018-12-01,1297031.0,4541.0,86,519.1020591371688
obs_37c6a7f423beddce,Jimmy Grey,Mood Stabilizers,2019-01-01,542255.0,1340.0,43,362.50458707419136
obs_dacbe183b6f4d5ae,Jimmy Grey,Mood Stabilizers,2019-02-01,8762653.0,19915.0,59,4529.5785517413915
obs_61acc28c63c70642,Jimmy Grey,Mood Stabilizers,2019-03-01,12960627.0,24938.0,64,6100.744897272593
obs_601b04da3fa5a22e,Jimmy Grey,Mood Stabilizers,2019-04-01,912601.0,2848.0,43,325.83494305459044
obs_cbd46fa107e1f4f6,Mary Gerrard,Analgesics,2017-01-01,1782918.0,3435.0,59,9904.941747572815
obs_89d34a302c50535d,Mary Gerrard,Analgesics,2017-02-01,3469235.0,6652.0,49,2111.4303352624383
obs_ac84a4c36df4ada5,Mary Gerrard,Analgesics,2017-03-01,3887305.0,6691.0,69,1546.4454406944374
obs_9100c93b8bdf31e5,Mary Gerrard,Analgesics,2017-04-01,4441259.0,8770.0,60,1303.6213105149886
obs_c610e64784f513b8,Mary Gerrard,Analgesics,2017-05-01,2534354.0,5408.0,64,724.7256513338295
obs_c13ce06e873b174b,Mary Gerrard,Analgesics,2017-06-01,4329834.0,26455.0,65,1101.7470104921942
obs_b43042ad34cc6d9b,Mary Gerrard,Analgesics,2017-07-01,2118942.0,5342.0,70,606.3459781688709
obs_a261d5a15218af0d,Mary Gerrard,Analgesics,2017-08-01,4764882.0,8906.0,64,2031.6953694739436
obs_9422da56757e90e0,Mary Gerrard,Analgesics,2017-09-01,6610644.0,15596.0,71,1602.8715450967018
obs_b1f2b62c881fbbdb,Mary Gerrard,Analgesics,2017-10-01,5058567.0,12241.0,67,1038.3923718067358
obs_da0518f21371255c,Mary Gerrard,Analgesics,2017-11-01,6596223.0,13548.0,69,1332.4886771293131
obs_56b8827f9a6baf0e,Mary Gerrard,Analgesics,2017-12-01,3457992.0,6636.0,55,631.7268366769628
obs_014376334ebd1804,Mary Gerrard,Analgesics,2018-01-01,19554969.0,35474.0,85,3126.5597842349925
obs_076f361542fe1a45,Mary Gerrard,Analgesics,2018-02-01,4982118.0,11143.0,92,799.9747090483021
obs_2529328866b74d13,Mary Gerrard,Analgesics,2018-03-01,3054689.0,6288.0,99,696.4543205913864
obs_b3bb063f5567f03b,Mary Gerrard,Analgesics,2018-04-01,4693448.0,14090.0,101,935.9651303523864
obs_1a09d512bfc26af6,Mary Gerrard,Analgesics,2018-05-01,5979504.0,15501.0,98,1296.1297561303513
obs_6dc8ac1d0c021358,Mary Gerrard,Analgesics,2018-06-01,5275672.0,8846.0,95,1114.1388086342483
obs_8729cfb19aabaa9a,Mary Gerrard,Analgesics,2018-07-01,159323.0,2172.0,93,271.9899745859643
obs_81ac4aaa9d548179,Mary Gerrard,Analgesics,2018-08-01,2882162.0,6213.0,108,647.799872790696
obs_9830d9d609b5684e,Mary Gerrard,Analgesics,2018-09-01,2714162.0,6991.0,93,935.7114740247281
obs_b693334e5ccb6aea,Mary Gerrard,Analgesics,2018-10-01,4310194.0,11112.0,137,1677.2313005506116
obs_72fdb01eba809279,Mary Gerrard,Analgesics,2018-11-01,7344797.0,13326.0,109,2487.069754196053
obs_ce617f4fc8762849,Mary Gerrard,Analgesics,2018-12-01,3543823.0,10215.0,90,848.6861938874907
obs_26b49ab82e74261f,Mary Gerrard,Analgesics,2019-01-01,594161.0,1359.0,46,350.3763414951552
obs_cb398e9509b390d5,Mary Gerrard,Analgesics,2019-02-01,3111602.0,6334.0,58,889.3461557336484
obs_ac723ce5c2f43a3a,Mary Gerrard,Analgesics,2019-03-01,5915721.0,20987.0,71,2057.2594304324352
obs_49643e3e73b66e9f,Mary Gerrard,Analgesics,2019-04-01,1600352.0,4851.0,50,624.5031833662956
obs_631cdf877fa29895,Mary Gerrard,Antibiotics,2017-01-01,2273499.0,4295.0,45,12286.402912621359
obs_52a496a7ba01ba76,Mary Gerrard,Antibiotics,2017-02-01,3467986.0,6368.0,48,1601.2085880778513
obs_ea425068714558ae,Mary Gerrard,Antibiotics,2017-03-01,3882945.0,8403.0,57,1391.4958475738886
obs_f7cdfded6e78e457,Mary Gerrard,Antibiotics,2017-04-01,3066058.0,6161.0,46,893.7645667699837
obs_2c7b955b8e09649f,Mary Gerrard,Antibiotics,2017-05-01,1752624.0,4164.0,55,617.989525987661
obs_995eb5c90e7c225d,Mary Gerrard,Antibiotics,2017-06-01,2540380.0,5374.0,55,853.3125472955574
obs_40e0e61cf7f50598,Mary Gerrard,Antibiotics,2017-07-01,1213548.0,2857.0,55,597.8422347486123
obs_119caf27a8b2f82d,Mary Gerrard,Antibiotics,2017-08-01,1810272.0,4374.0,66,1003.5101874874197
obs_26051653028b5abd,Mary Gerrard,Antibiotics,2017-09-01,8472993.0,19369.0,50,3522.0913752509305
obs_7c26608e3ee5546e,Mary Gerrard,Antibiotics,2017-10-01,1693012.0,3634.0,57,930.9892260142893
obs_91afe70dc6939f09,Mary Gerrard,Antibiotics,2017-11-01,2013528.0,4927.0,59,1099.8534704992244
obs_808754a4352cc44b,Mary Gerrard,Antibiotics,2017-12-01,1200967.0,2952.0,33,684.3076103141266
obs_2bbb13bb654b6577,Mary Gerrard,Antibiotics,2018-01-01,1172749.0,3469.0,62,754.393026512477
obs_9528b1b7591d286b,Mary Gerrard,Antibiotics,2018-02-01,2118387.0,4675.0,85,1890.6566622636076
obs_658998285580395d,Mary Gerrard,Antibiotics,2018-03-01,9385772.0,20502.0,90,5043.77618202665
obs_1aed0db99720d44c,Mary Gerrard,Antibiotics,2018-04-01,1599961.0,4871.0,64,799.9562382279858
obs_066c669e310f70ce,Mary Gerrard,Antibiotics,2018-05-01,940318.0,2576.0,70,573.2164721627984
obs_ad8d98ce7635d999,Mary Gerrard,Antibiotics,2018-06-01,3032162.0,6778.0,72,2049.9362187123215
obs_79ff0f0f028b602b,Mary Gerrard,Antibiotics,2018-07-01,1370045.0,3611.0,90,873.5186873456739
obs_26922596f0214a38,Mary Gerrard,Antibiotics,2018-08-01,1419407.0,5693.0,77,1007.3173221898634
obs_1b9b1154434e719c,Mary Gerrard,Antibiotics,2018-09-01,3633482.0,6729.0,71,2492.6500740043084
obs_7bfecb6bb5bca86d,Mary Gerrard,Antibiotics,2018-10-01,2338686.0,7047.0,98,1749.5752909831667
obs_49466129e0f7227a,Mary Gerrard,Antibiotics,2018-11-01,3239928.0,7558.0,87,1431.265230266346
obs_5915c3e57d080a01,Mary Gerrard,Antibiotics,2018-12-01,1204184.0,2163.0,55,520.6334862097979
obs_2366d4e13ed79fdb,Mary Gerrard,Antibiotics,2019-01-01,1104762.0,2154.0,38,593.9702249530562
obs_b6ee1a3db0d15b8b,Mary Gerrard,Antibiotics,2019-02-01,2974845.0,6743.0,49,2449.2349296811008
obs_1bdef114730fee3c,Mary Gerrard,Antibiotics,2019-03-01,1552618.0,4351.0,66,1314.7485314794649
obs_d60c7a5318db3cb4,Mary Gerrard,Antibiotics,2019-04-01,755911.0,1705.0,36,604.5113035324601
obs_83a3dbcc9d2b1e1f,Mary Gerrard,Antimalarial,2017-01-01,1093039.0,3228.0,42,6556.014563106796
obs_284866c1d356813f,Mary Gerrard,Antimalarial,2017-02-01,3129832.0,7806.0,51,2640.010715381699
obs_4c60fee6172513bd,Mary Gerrard,Antimalarial,2017-03-01,1799995.0,7248.0,64,870.7511292074925
obs_b4e21c7da57a318a,Mary Gerrard,Antimalarial,2017-04-01,1059184.0,4024.0,41,678.4736821140576
obs_4d046d4141612b3e,Mary Gerrard,Antimalarial,2017-05-01,699285.0,3951.0,55,532.8830673396963
obs_d4b46760f75a5536,Mary Gerrard,Antimalarial,2017-06-01,1693086.0,4840.0,48,1689.904699672083
obs_7af91d45ed60d5e7,Mary Gerrard,Antimalarial,2017-07-01,9690819.0,20346.0,69,5691.420062955223
obs_69709a51329859d7,Mary Gerrard,Antimalarial,2017-08-01,1165864.0,3896.0,54,751.4099089398758
obs_71096dd1ba3c00b2,Mary Gerrard,Antimalarial,2017-09-01,1733131.0,4602.0,50,995.377725781803
obs_077ec24744447e1d,Mary Gerrard,Antimalarial,2017-10-01,1890440.0,5144.0,53,1073.7448877037418
obs_f93a975377221a1e,Mary Gerrard,Antimalarial,2017-11-01,1515242.0,5229.0,63,886.611746831635
obs_d5e716c382707284,Mary Gerrard,Antimalarial,2017-12-01,620103.0,3025.0,38,510.52924486355136
obs_5958156a8fb4b18c,Mary Gerrard,Antimalarial,2018-01-01,2045530.0,5080.0,87,1388.3121114570145
obs_99813cbb5982238f,Mary Gerrard,Antimalarial,2018-02-01,1743603.0,8014.0,77,1146.4918199551144
obs_a36d92b0139c7f39,Mary Gerrard,Antimalarial,2018-03-01,2705582.0,7167.0,85,1633.1541933403844
obs_ad122f99baf2aaa7,Mary Gerrard,Antimalarial,2018-04-01,703829.0,1920.0,58,500.54477062677853
obs_ff653c25b99d8e76,Mary Gerrard,Antimalarial,2018-05-01,1478825.0,3682.0,57,867.5799883278186
obs_3485a99c96e2d20f,Mary Gerrard,Antimalarial,2018-06-01,5510624.0,20094.0,90,3058.9092314335758
obs_3717f0183f9d9999,Mary Gerrard,Antimalarial,2018-07-01,3125546.0,7297.0,89,2275.9870774471797
obs_ab2134c11b5ff949,Mary Gerrard,Antimalarial,2018-08-01,1280019.0,5015.0,71,548.2047520346565
obs_c871abafd365e3d3,Mary Gerrard,Antimalarial,2018-09-01,4672067.0,14652.0,70,1564.0779957488935
obs_01a72951313acd7d,Mary Gerrard,Antimalarial,2018-10-01,4747446.0,12479.0,94,1593.3462800525126
obs_c1303e3983fb074f,Mary Gerrard,Antimalarial,2018-11-01,1260745.0,2169.0,72,446.49080458039134
obs_a49df09ba3837ebc,Mary Gerrard,Antimalarial,2018-12-01,859113.0,2454.0,69,383.89527985078166
obs_00826b1cafdb233e,Mary Gerrard,Antimalarial,2019-01-01,436854.0,1136.0,40,502.3092082978984
obs_45712c66dd35cc62,Mary Gerrard,Antimalarial,2019-02-01,14761570.0,29301.0,47,9590.940807101802
obs_5cc9f52a7b53c7f7,Mary Gerrard,Antimalarial,2019-03-01,1083652.0,5491.0,59,1280.7784313419038
obs_f54cc5c841a39019,Mary Gerrard,Antimalarial,2019-04-01,578489.0,4730.0,35,638.7132163913618
obs_86de6fa51ea2cdb7,Mary Gerrard,Antipiretics,2017-01-01,2342924.0,5569.0,42,12623.417475728156
obs_f891ddf0e9ea98fb,Mary Gerrard,Antipiretics,2017-02-01,6651300.0,15249.0,46,2628.10121359762
obs_031b0a10125fdc81,Mary Gerrard,Antipiretics,2017-03-01,2414290.0,4356.0,57,640.9126913761111
obs_28cdb8fa4057829f,Mary Gerrard,Antipiretics,2017-04-01,1183461.0,2657.0,43,606.9345217856768
obs_e76e46472b64c2eb,Mary Gerrard,Antipiretics,2017-05-01,1041232.0,2118.0,49,564.0379327987521
obs_1e7f3be29afc0068,Mary Gerrard,Antipiretics,2017-06-01,3550611.0,6318.0,55,2706.404201587998
obs_5d90def18f4be306,Mary Gerrard,Antipiretics,2017-07-01,4474700.0,8781.0,61,3085.4508226459657
obs_24baad46a6effc15,Mary Gerrard,Antipiretics,2017-08-01,9796209.0,18455.0,47,2589.330403171714
obs_afb562c6cf829b8e,Mary Gerrard,Antipiretics,2017-09-01,2223745.0,4938.0,55,611.863766535523
obs_32287083ec91525a,Mary Gerrard,Antipiretics,2017-10-01,1439791.0,2533.0,41,484.2931380549241
obs_75b8efd714ff5dbf,Mary Gerrard,Antipiretics,2017-11-01,5668679.0,9190.0,53,2487.455698531125
obs_b92e5452a5769eea,Mary Gerrard,Antipiretics,2017-12-01,1811999.0,3796.0,41,843.3309563699145
obs_b81ec307ab3cc515,Mary Gerrard,Antipiretics,2018-01-01,1413050.0,3092.0,86,817.8369043871554
obs_a62aebddce9add5a,Mary Gerrard,Antipiretics,2018-02-01,3032063.0,6609.0,86,1780.734071484651
obs_f23b0bb1d31b70fd,Mary Gerrard,Antipiretics,2018-03-01,4297734.0,7908.0,92,2401.3685387114997
obs_5efa7953fb538f31,Mary Gerrard,Antipiretics,2018-04-01,1620897.0,3721.0,67,639.2613068479259
obs_192c9765c2546b02,Mary Gerrard,Antipiretics,2018-05-01,2450278.0,4914.0,85,838.4386339296834
obs_242ae224edbbae07,Mary Gerrard,Antipiretics,2018-06-01,2895299.0,6135.0,77,1184.005602074857
obs_58f4d3993b5b45bd,Mary Gerrard,Antipiretics,2018-07-01,2492223.0,5160.0,88,990.6202420447368
obs_4b3970619f911fd6,Mary Gerrard,Antipiretics,2018-08-01,2990552.0,6217.0,75,1206.2543879948346
obs_eec6f2c7fad38d76,Mary Gerrard,Antipiretics,2018-09-01,6173353.0,16744.0,81,2285.0479522048927
obs_0e905af3b93b5145,Mary Gerrard,Antipiretics,2018-10-01,8678718.0,16503.0,95,2658.7599556578925
obs_052a52cabcac1091,Mary Gerrard,Antipiretics,2018-11-01,7994281.0,21326.0,80,1321.5604356493282
obs_e722fff5f7b3ad81,Mary Gerrard,Antipiretics,2018-12-01,10520648.0,27537.0,63,1347.113824123661
obs_80915f1f5725ff14,Mary Gerrard,Antipiretics,2019-01-01,1509733.0,3116.0,45,376.6684947743512
obs_4d21f10b7b1d31e2,Mary Gerrard,Antipiretics,2019-02-01,1794124.0,3888.0,49,413.416944047099
obs_d9117c8cd8db883f,Mary Gerrard,Antipiretics,2019-03-01,1432715.0,3667.0,50,831.4754597061869
obs_a414c34d53169a46,Mary Gerrard,Antipiretics,2019-04-01,3195119.0,7490.0,47,2277.3529430546323
obs_7333e38741215bcb,Mary Gerrard,Antiseptics,2017-01-01,2068595.0,4803.0,57,11291.723300970874
obs_d2bb63224e190063,Mary Gerrard,Antiseptics,2017-02-01,2963585.0,6887.0,77,1488.6601716933849
obs_c166cfa6a58be327,Mary Gerrard,Antiseptics,2017-03-01,4308738.0,9095.0,73,1828.2448047859123
obs_272ed8093b4c5d13,Mary Gerrard,Antiseptics,2017-04-01,2117639.0,5087.0,55,770.3056924741716
obs_5de06f88b51a2ab3,Mary Gerrard,Antiseptics,2017-05-01,4267846.0,8477.0,88,1497.6889501335556
obs_0bfd9913cb478b4c,Mary Gerrard,Antiseptics,2017-06-01,4813847.0,11890.0,63,1118.8514838860374
obs_62e5c72221b343c4,Mary Gerrard,Antiseptics,2017-07-01,6301901.0,9548.0,59,1541.9901764956182
obs_4516c561e963f6c0,Mary Gerrard,Antiseptics,2017-08-01,1917731.0,4792.0,59,540.0811072643492
obs_4d20be4ada41bef6,Mary Gerrard,Antiseptics,2017-09-01,4547778.0,8371.0,62,937.9090330356274
obs_1130753106cf2c76,Mary Gerrard,Antiseptics,2017-10-01,4199674.0,6833.0,62,922.4195966785734
obs_361217757d53024d,Mary Gerrard,Antiseptics,2017-11-01,10239871.0,20289.0,75,2433.6183391969334
obs_b79dfaced0fc80bd,Mary Gerrard,Antiseptics,2017-12-01,2716647.0,9111.0,63,684.9686856784733
obs_00ab52f275e8561b,Mary Gerrard,Antiseptics,2018-01-01,1560927.0,6431.0,125,520.6394187018058
obs_7c809c13225d7e4a,Mary Gerrard,Antiseptics,2018-02-01,4128325.0,9013.0,108,1594.2231012493733
obs_0bc036bec65e6788,Mary Gerrard,Antiseptics,2018-03-01,4302423.0,12593.0,118,1671.996908660687
obs_4ec4edbed5d2f0ec,Mary Gerrard,Antiseptics,2018-04-01,2150735.0,6572.0,95,629.3473563145542
obs_362839ad7ca89b45,Mary Gerrard,Antiseptics,2018-05-01,2767652.0,8318.0,112,738.1593824430663
obs_5101c6b74efbdfcd,Mary Gerrard,Antiseptics,2018-06-01,4587244.0,12151.0,125,1761.4680925638008
obs_3b553f832b1c8c18,Mary Gerrard,Antiseptics,2018-07-01,3441324.0,8003.0,126,1258.9917654639755
obs_2deb4f556c2b4161,Mary Gerrard,Antiseptics,2018-08-01,3006175.0,9301.0,106,886.0814554632975
obs_99a75cbb4009c142,Mary Gerrard,Antiseptics,2018-09-01,7032037.0,16621.0,97,2229.8669016450917
obs_9e78d27f6225ce5a,Mary Gerrard,Antiseptics,2018-10-01,7523681.0,16468.0,133,2311.298596149937
obs_4676c55d8a7efb87,Mary Gerrard,Antiseptics,2018-11-01,4540234.0,14747.0,117,720.1334237956883
obs_28a00261025228a0,Mary Gerrard,Antiseptics,2018-12-01,2304354.0,5830.0,89,488.6118943775342
obs_b7354cf6fdcb20cb,Mary Gerrard,Antiseptics,2019-01-01,4091329.0,7185.0,57,906.1606864871782
obs_2a64fbe2d47aa63e,Mary Gerrard,Antiseptics,2019-02-01,5404075.0,10955.0,58,1352.9860826645672
obs_98eb32fd0eeef011,Mary Gerrard,Antiseptics,2019-03-01,2531838.0,6328.0,66,700.6045246479325
obs_6429b60561dd55f7,Mary Gerrard,Antiseptics,2019-04-01,1703099.0,3764.0,51,553.1094862006847
obs_278adef27dea2ab1,Mary Gerrard,Mood Stabilizers,2017-01-01,1514394.0,4083.0,69,8601.42718446602
obs_47f9f55ccb122c3a,Mary Gerrard,Mood Stabilizers,2017-02-01,1676018.0,6223.0,56,1093.1131047696078
obs_2fe2076e769a0e04,Mary Gerrard,Mood Stabilizers,2017-03-01,3400911.0,7027.0,59,2284.9307048136184
obs_f8fe87ad51c60d69,Mary Gerrard,Mood Stabilizers,2017-04-01,2479998.0,5615.0,56,1545.748202393776
obs_0e1b58afca253ca9,Mary Gerrard,Mood Stabilizers,2017-05-01,946484.0,2887.0,60,527.8983606602815
obs_cd6ce9e3328af4f0,Mary Gerrard,Mood Stabilizers,2017-06-01,2942812.0,7020.0,65,1190.0712365121938
obs_dd4c560e45d219cb,Mary Gerrard,Mood Stabilizers,2017-07-01,3781962.0,7710.0,65,1600.7110524838586
obs_0bf451f599dcc51c,Mary Gerrard,Mood Stabilizers,2017-08-01,2949951.0,6876.0,68,979.9217798539403
obs_561550360f8465a1,Mary Gerrard,Mood Stabilizers,2017-09-01,3997637.0,10503.0,62,1394.60399972482
obs_37425032394b7dd2,Mary Gerrard,Mood Stabilizers,2017-10-01,5747981.0,11503.0,57,1594.4672625180738
obs_f85b941c64ff71ed,Mary Gerrard,Mood Stabilizers,2017-11-01,5112015.0,11463.0,69,1301.8922050774308
obs_4cdace3f20c85067,Mary Gerrard,Mood Stabilizers,2017-12-01,649204.0,1844.0,47,342.47260800746886
obs_a9a546a4d53fc50c,Mary Gerrard,Mood Stabilizers,2018-01-01,2497797.0,5871.0,85,605.7861671573677
obs_e68fc7896a5e47df,Mary Gerrard,Mood Stabilizers,2018-02-01,2573469.0,8889.0,105,1000.3586121255097
obs_7c7df77b19c761b1,Mary Gerrard,Mood Stabilizers,2018-03-01,7394711.0,23923.0,128,2687.132614852441
obs_0f8d4e41db9e0aa4,Mary Gerrard,Mood Stabilizers,2018-04-01,2999548.0,7296.0,92,1164.5218595366043
obs_5ad5d19172c357a7,Mary Gerrard,Mood Stabilizers,2018-05-01,1480700.0,4291.0,85,609.4473606191618
obs_907d282003c9c3a0,Mary Gerrard,Mood Stabilizers,2018-06-01,10443858.0,18074.0,82,2940.199316891253
obs_bb8178536d0155f7,Mary Gerrard,Mood Stabilizers,2018-07-01,1775456.0,5932.0,114,681.0008597929725
obs_767b15ff7e3610f9,Mary Gerrard,Mood Stabilizers,2018-08-01,2758205.0,6488.0,103,1635.3388453718612
obs_26caa4d4b13383df,Mary Gerrard,Mood Stabilizers,2018-09-01,3750217.0,20115.0,100,1400.071051028104
obs_32b0ee52e4974c09,Mary Gerrard,Mood Stabilizers,2018-10-01,4116407.0,11511.0,117,1561.1922656607453
obs_1f0e4884ec36bce7,Mary Gerrard,Mood Stabilizers,2018-11-01,6168253.0,14487.0,117,1746.0828752146433
obs_86f4e52429bb32d5,Mary Gerrard,Mood Stabilizers,2018-12-01,1282165.0,4140.0,90,476.8034456413411
obs_a38e9669fc4913f4,Mary Gerrard,Mood Stabilizers,2019-01-01,2339063.0,4599.0,46,663.7591869784094
obs_ea6b56f3e9c18bb2,Mary Gerrard,Mood Stabilizers,2019-02-01,2116151.0,4673.0,57,908.7623550479132
obs_f9d1029a6941a846,Mary Gerrard,Mood Stabilizers,2019-03-01,1490041.0,3331.0,66,762.7145041538206
obs_cd66821449168102,Mary Gerrard,Mood Stabilizers,2019-04-01,2001251.0,10156.0,47,938.6189132730827
obs_77a99877de3c1484,Morris Garcia,Analgesics,2017-01-01,1228456.0,3316.0,40,7213.378640776699
obs_b99e185dbc13e970,Morris Garcia,Analgesics,2017-02-01,1468897.0,2822.0,49,1201.1240046784437
obs_1ac5b7bdda595109,Morris Garcia,Analgesics,2017-03-01,2562296.0,7071.0,63,2055.6548581308007
obs_4d3c5b907c744439,Morris Garcia,Analgesics,2017-04-01,1627753.0,4501.0,53,1094.8379280904328
obs_28af5876f0a448b4,Morris Garcia,Analgesics,2017-05-01,3139914.0,13396.0,72,2091.003360287738
obs_8d5f4d007c254c68,Morris Garcia,Analgesics,2017-06-01,9383442.0,18561.0,58,3027.729400521577
obs_2979534ddb1ec7be,Morris Garcia,Analgesics,2017-07-01,2458597.0,5482.0,65,820.1559131812471
obs_f30678984d366dd1,Morris Garcia,Analgesics,2017-08-01,3394134.0,6768.0,64,1061.8495156855174
obs_172f8a576131e5d5,Morris Garcia,Analgesics,2017-09-01,1163183.0,2616.0,49,499.5416835697586
obs_fb92fb95e352914b,Morris Garcia,Analgesics,2017-10-01,3834946.0,8557.0,55,1642.9741961011302
obs_d06901f1df737f79,Morris Garcia,Analgesics,2017-11-01,2602248.0,6920.0,59,808.2692895150955
obs_7fb926aba0f08d33,Morris Garcia,Analgesics,2017-12-01,13656391.0,37826.0,56,3797.534293202445
obs_a0eaec0824425112,Morris Garcia,Analgesics,2018-01-01,2543626.0,5387.0,95,732.9676491843516
obs_b6b752c377e35af7,Morris Garcia,Analgesics,2018-02-01,2613549.0,6578.0,100,981.3175608912659
obs_f61f16c90004c6bb,Morris Garcia,Analgesics,2018-03-01,2645858.0,5643.0,95,987.1568817221184
obs_8a6286557c28fd32,Morris Garcia,Analgesics,2018-04-01,2386621.0,6746.0,85,914.9314113654339
obs_4757f6d9472fda96,Morris Garcia,Analgesics,2018-05-01,1974208.0,3962.0,80,800.0299007546362
obs_49c82dc0de060b8e,Morris Garcia,Analgesics,2018-06-01,3652871.0,8858.0,75,1607.477946346072
obs_bd9ac0d063ee0847,Morris Garcia,Analgesics,2018-07-01,2620278.0,6125.0,113,1082.4063724932503
obs_44110b4bb25c937b,Morris Garcia,Analgesics,2018-08-01,6095311.0,13103.0,99,2379.2270648196322
obs_a6bf95db374f44b4,Morris Garcia,Analgesics,2018-09-01,5855769.0,10355.0,89,1695.4603725943316
obs_fa7053de17982c41,Morris Garcia,Analgesics,2018-10-01,5437195.0,11270.0,118,926.106344498141
obs_5c38a7c18c2ddbb2,Morris Garcia,Analgesics,2018-11-01,5665314.0,20267.0,110,954.4725706865654
obs_e5449791e7b4c89b,Morris Garcia,Analgesics,2018-12-01,10954408.0,21090.0,93,2096.5926983075287
obs_5be129f93c304a45,Morris Garcia,Analgesics,2019-01-01,1727949.0,4988.0,49,472.09100700546094
obs_8336a042f33369e2,Morris Garcia,Analgesics,2019-02-01,11342247.0,19665.0,58,2179.673423940433
obs_4ee1ce5944c5064a,Morris Garcia,Analgesics,2019-03-01,2515444.0,9770.0,53,417.2052000055616
obs_92fced08c02c0033,Morris Garcia,Analgesics,2019-04-01,934430.0,1957.0,43,520.4930796212348
obs_b233f5b5eb920fbf,Morris Garcia,Antibiotics,2017-01-01,1482307.0,4359.0,63,8445.665048543691
obs_9bfbbc88e3dfbf62,Morris Garcia,Antibiotics,2017-02-01,3269372.0,7232.0,49,2320.6781971668265
obs_99508b8a31a6044c,Morris Garcia,Antibiotics,2017-03-01,1876755.0,3899.0,50,825.19423124217
obs_7973615dff37ffd1,Morris Garcia,Antibiotics,2017-04-01,1851653.0,3931.0,42,968.4161062139041
obs_4ba076ed610ee970,Morris Garcia,Antibiotics,2017-05-01,2745225.0,6603.0,54,1525.1830888230363
obs_c4a21a6fff5101f5,Morris Garcia,Antibiotics,2017-06-01,2675668.0,5952.0,41,1480.204476829752
obs_8939e2a596e98823,Morris Garcia,Antibiotics,2017-07-01,1540745.0,4627.0,49,669.2977974207287
obs_724f40891fd547bd,Morris Garcia,Antibiotics,2017-08-01,1945649.0,3859.0,59,779.4882282622
obs_c07aa415e6eb4f30,Morris Garcia,Antibiotics,2017-09-01,3348695.0,7380.0,49,1838.7376102875937
obs_df52d35a45f8bf68,Morris Garcia,Antibiotics,2017-10-01,1537102.0,3103.0,51,825.257422652397
obs_4126a2b775dedf7f,Morris Garcia,Antibiotics,2017-11-01,2186565.0,4601.0,50,1113.8628041187667
obs_c151ba8ea4c9d3e9,Morris Garcia,Antibiotics,2017-12-01,1013294.0,3222.0,37,587.4404314041448
obs_93efa5e520a14da4,Morris Garcia,Antibiotics,2018-01-01,2156622.0,5694.0,75,1452.723507443139
obs_5a1c8547afd06027,Morris Garcia,Antibiotics,2018-02-01,1893033.0,5943.0,80,889.1579457960834
obs_5908dc161f3ca50d,Morris Garcia,Antibiotics,2018-03-01,2459883.0,6314.0,90,1326.9904185043902
obs_713f7c47e95bec5f,Morris Garcia,Antibiotics,2018-04-01,1689074.0,5171.0,60,820.293844923767
obs_222604120f61a2f5,Morris Garcia,Antibiotics,2018-05-01,1752739.0,4937.0,74,924.1912381537577
obs_3fa24be50b0003a7,Morris Garcia,Antibiotics,2018-06-01,1793918.0,4040.0,71,995.2626836475861
obs_68618141fb96333c,Morris Garcia,Antibiotics,2018-07-01,6270626.0,11840.0,95,2986.7064941691233
obs_63edf6dab59a7f17,Morris Garcia,Antibiotics,2018-08-01,970698.0,2305.0,84,644.0084953932314
obs_953f59ce7800444e,Morris Garcia,Antibiotics,2018-09-01,5512470.0,11880.0,80,2741.6826246682467
obs_d613301fbe34d91c,Morris Garcia,Antibiotics,2018-10-01,2936284.0,8104.0,82,637.8607727182928
obs_584bf1df6e76f200,Morris Garcia,Antibiotics,2018-11-01,1840643.0,4239.0,86,706.4524511682839
obs_2ba1e1a3bc6df4b8,Morris Garcia,Antibiotics,2018-12-01,2083053.0,4767.0,67,766.5665736177235
obs_fb399c34ea4c6dcd,Morris Garcia,Antibiotics,2019-01-01,4346691.0,6784.0,42,2262.957507445697
obs_c0d1c6de3bdde231,Morris Garcia,Antibiotics,2019-02-01,2219027.0,6673.0,54,1042.8110480332641
obs_b216b604baf6e880,Morris Garcia,Antibiotics,2019-03-01,16737690.0,35961.0,61,4911.556273542282
obs_b777ee20cf495f39,Morris Garcia,Antibiotics,2019-04-01,1009842.0,1800.0,33,419.16818901094973
obs_b244789d21a3e211,Morris Garcia,Antimalarial,2017-01-01,2428382.0,7376.0,45,13038.26213592233
obs_7bf68159f37a5ee0,Morris Garcia,Antimalarial,2017-02-01,2314566.0,8677.0,49,944.0273779961348
obs_5d3274ab7bdf9b15,Morris Garcia,Antimalarial,2017-03-01,1848234.0,5656.0,64,817.4957668988484
obs_28552404d75b3d69,Morris Garcia,Antimalarial,2017-04-01,1042143.0,4788.0,40,577.8549802819458
obs_6aa1c350bc61fdfe,Morris Garcia,Antimalarial,2017-05-01,1323132.0,6716.0,57,771.2790323454503
obs_e15e3c3869dcda4a,Morris Garcia,Antimalarial,2017-06-01,1623355.0,5222.0,58,1238.960299817007
obs_33643078426ff90d,Morris Garcia,Antimalarial,2017-07-01,707180.0,2689.0,54,639.1802882886088
obs_48eee27141148124,Morris Garcia,Antimalarial,2017-08-01,5918980.0,13838.0,62,3421.5832298938594
obs_6d0b7b4fd9f3baf4,Morris Garcia,Antimalarial,2017-09-01,2583661.0,10617.0,41,1681.5004557414102
obs_7cbd8cc9e41782e9,Morris Garcia,Antimalarial,2017-10-01,1330001.0,3484.0,47,624.8352938319258
obs_b6c55f9422a11484,Morris Garcia,Antimalarial,2017-11-01,1159028.0,6316.0,56,576.6498302929316
obs_05bc3e5d59c3fa68,Morris Garcia,Antimalarial,2017-12-01,2534145.0,5146.0,35,2062.3431405843967
obs_80395d20ba2cee99,Morris Garcia,Antimalarial,2018-01-01,1457583.0,4511.0,77,1080.0075772627165
obs_9e0903bc45ffae24,Morris Garcia,Antimalarial,2018-02-01,2773389.0,8695.0,78,2059.140096663149
obs_d726d5ba2e2d76ce,Morris Garcia,Antimalarial,2018-03-01,1006273.0,4769.0,81,539.1401471709105
obs_318521c6adc15704,Morris Garcia,Antimalarial,2018-04-01,3386886.0,9342.0,75,2377.9765320230326
obs_6589eb701a410167,Morris Garcia,Antimalarial,2018-05-01,1373413.0,4303.0,91,610.5906022230339
obs_a92839872466a678,Morris Garcia,Antimalarial,2018-06-01,2496836.0,6692.0,68,1956.2852009548683
obs_6754e1cd36efe08c,Morris Garcia,Antimalarial,2018-07-01,1673005.0,6811.0,69,737.900496577206
obs_a4443d30223db44c,Morris Garcia,Antimalarial,2018-08-01,1612735.0,4561.0,68,951.9235459199151
obs_8966e5e271ad1b1e,Morris Garcia,Antimalarial,2018-09-01,3621035.0,9663.0,75,2300.6746725697317
obs_d1ccc5d0742f68ae,Morris Garcia,Antimalarial,2018-10-01,5171908.0,12466.0,116,2750.673908001656
obs_542377b2933417c9,Morris Garcia,Antimalarial,2018-11-01,1664760.0,5192.0,94,584.7672374045392
obs_73e46e98c829288a,Morris Garcia,Antimalarial,2018-12-01,2580789.0,7660.0,70,768.9718661272635
obs_5a210aa8f1cba883,Morris Garcia,Antimalarial,2019-01-01,804528.0,2312.0,41,476.9931246697429
obs_58f27ea1af851e20,Morris Garcia,Antimalarial,2019-02-01,1870368.0,5204.0,41,1113.478265737946
obs_4d13e89d6197649d,Morris Garcia,Antimalarial,2019-03-01,2364829.0,4746.0,46,1284.4242987455498
obs_875a762049353ec8,Morris Garcia,Antimalarial,2019-04-01,774080.0,5395.0,37,551.358067202226
obs_17a7feac9427b114,Morris Garcia,Antipiretics,2017-01-01,1197920.0,2567.0,47,7065.1456310679605
obs_44ac73bb7b958d05,Morris Garcia,Antipiretics,2017-02-01,3000271.0,5680.0,47,2465.8092635649364
obs_27524602b896e1a8,Morris Garcia,Antipiretics,2017-03-01,2353562.0,6748.0,63,1110.7120605550324
obs_4793801fa7bdd012,Morris Garcia,Antipiretics,2017-04-01,996879.0,1961.0,34,558.4187996705807
obs_cd8ba18276cb08a1,Morris Garcia,Antipiretics,2017-05-01,13086108.0,26017.0,57,3949.091679611791
obs_25bf323de42ea0d6,Morris Garcia,Antipiretics,2017-06-01,2627650.0,5793.0,49,1104.9231467316183
obs_4a8e791302735fd2,Morris Garcia,Antipiretics,2017-07-01,1944784.0,5149.0,62,788.924458877298
obs_71e8208d4e32623d,Morris Garcia,Antipiretics,2017-08-01,3588396.0,13658.0,45,1407.317190098798
obs_a57fe324acbc57da,Morris Garcia,Antipiretics,2017-09-01,2031671.0,3801.0,55,813.0019551228819
obs_1c99d9744f6847f0,Morris Garcia,Antipiretics,2017-10-01,6640484.0,13608.0,54,2836.6426809902277
obs_5e6d3a86d859b772,Morris Garcia,Antipiretics,2017-11-01,1787040.0,4034.0,55,612.6251724855902
obs_adfd95ec7094e88d,Morris Garcia,Antipiretics,2017-12-01,5157083.0,9695.0,38,2482.206567655178
obs_7f121eebf008c4bf,Morris Garcia,Antipiretics,2018-01-01,2257288.0,5377.0,66,568.7182193266254
obs_9a3cb056d4ba571e,Morris Garcia,Antipiretics,2018-02-01,1673043.0,3452.0,82,789.6897490150824
obs_02028f589373a591,Morris Garcia,Antipiretics,2018-03-01,2773686.0,5179.0,73,1241.224773448389
obs_2fd84dda41c28895,Morris Garcia,Antipiretics,2018-04-01,1974154.0,4740.0,88,886.822052258741
obs_6aafa6965a8aabf0,Morris Garcia,Antipiretics,2018-05-01,5012980.0,11292.0,83,2482.672545755399
obs_51b2c6914adbe267,Morris Garcia,Antipiretics,2018-06-01,3418526.0,8296.0,74,1245.734052788148
obs_8ef8d500d512af95,Morris Garcia,Antipiretics,2018-07-01,2258436.0,4925.0,84,731.053013202096
obs_365429a5c5b577bf,Morris Garcia,Antipiretics,2018-08-01,1946389.0,4450.0,85,664.5861531225214
obs_8455d03f04957712,Morris Garcia,Antipiretics,2018-09-01,2704321.0,5052.0,76,1203.1928118242217
obs_4bb49cf16a76c278,Morris Garcia,Antipiretics,2018-10-01,5071273.0,11587.0,100,2340.038863048914
obs_bcb0558290f0833e,Morris Garcia,Antipiretics,2018-11-01,1458112.0,3233.0,86,642.605773809748
obs_778dcf4b0d025611,Morris Garcia,Antipiretics,2018-12-01,4574008.0,8614.0,71,1802.6337600174952
obs_8fdc05181cc4a0c0,Morris Garcia,Antipiretics,2019-01-01,1114934.0,2051.0,46,427.4909763234057
obs_655bf660d59bbffc,Morris Garcia,Antipiretics,2019-02-01,1566137.0,3581.0,46,1053.501856530312
obs_e59761ef2fa5cdb1,Morris Garcia,Antipiretics,2019-03-01,4884056.0,9348.0,59,2763.8528563425716
obs_ae4b69b411dcc307,Morris Garcia,Antipiretics,2019-04-01,1403986.0,2599.0,35,902.7653091093699
obs_247172c195d58c25,Morris Garcia,Antiseptics,2017-01-01,1335864.0,3140.0,51,7734.776699029126
obs_db323f875a093bc9,Morris Garcia,Antiseptics,2017-02-01,1075287.0,2670.0,63,836.1195233001163
obs_69201ab862b11414,Morris Garcia,Antiseptics,2017-03-01,2170520.0,4387.0,69,1934.9533385443158
obs_73882243e74ed5de,Morris Garcia,Antiseptics,2017-04-01,8953145.0,18242.0,56,4503.465093156103
obs_9ffac94ca00ad0a0,Morris Garcia,Antiseptics,2017-05-01,2651647.0,7796.0,65,1232.6024196429867
obs_15d3ba810bc0030d,Morris Garcia,Antiseptics,2017-06-01,5481112.0,11175.0,73,2253.426919413679
obs_97a3d472958afbb6,Morris Garcia,Antiseptics,2017-07-01,5774421.0,12570.0,84,1028.5348074858086
obs_ac8bf90f15106c25,Morris Garcia,Antiseptics,2017-08-01,2859078.0,5847.0,76,629.823092945621
obs_0213507f5e6126fa,Morris Garcia,Antiseptics,2017-09-01,6225273.0,11834.0,75,1128.3595301765497
obs_4d776ed3e396c974,Morris Garcia,Antiseptics,2017-10-01,3279657.0,6044.0,57,663.5652314373257
obs_49a2950a39c620d1,Morris Garcia,Antiseptics,2017-11-01,3886947.0,9072.0,90,1188.3115945723557
obs_751f6d35f922d3b3,Morris Garcia,Antiseptics,2017-12-01,3471741.0,12102.0,66,900.3733515205676
obs_40f8b14b2da153f0,Morris Garcia,Antiseptics,2018-01-01,3109061.0,7945.0,116,902.0876323815743
obs_45a1bbdd2f732ba5,Morris Garcia,Antiseptics,2018-02-01,5020360.0,10668.0,120,1504.9321515955887
obs_8672dbff7862e4e0,Morris Garcia,Antiseptics,2018-03-01,4335635.0,8967.0,110,1265.57761974901
obs_0bcfd7a76fd44d9a,Morris Garcia,Antiseptics,2018-04-01,4963643.0,13637.0,97,1139.3786244074995
obs_b8ed73a20b2bdd57,Morris Garcia,Antiseptics,2018-05-01,2007155.0,5503.0,120,544.4451547115618
obs_0c13bd63c129a0e3,Morris Garcia,Antiseptics,2018-06-01,5543254.0,11858.0,115,1301.6181597390005
obs_c70382dae6903d56,Morris Garcia,Antiseptics,2018-07-01,2621231.0,8510.0,109,634.5287321256914
obs_0a579a3ef4551465,Morris Garcia,Antiseptics,2018-08-01,4209429.0,12282.0,107,1698.9050525519594
obs_444bffabe4c932e2,Morris Garcia,Antiseptics,2018-09-01,3448148.0,8049.0,99,846.4674493003151
obs_e32a6b13f2b590dc,Morris Garcia,Antiseptics,2018-10-01,4119805.0,11087.0,116,1199.985136808096
obs_8ed139ed60ada8e2,Morris Garcia,Antiseptics,2018-11-01,5392466.0,10400.0,118,1338.4865556425439
obs_5587bf70f00382f6,Morris Garcia,Antiseptics,2018-12-01,2500231.0,8681.0,116,691.9035739308191
obs_829f61fac3d09df7,Morris Garcia,Antiseptics,2019-01-01,1376298.0,3341.0,57,493.25392533483443
obs_e1cdc5984added2c,Morris Garcia,Antiseptics,2019-02-01,2343397.0,4457.0,62,932.4797544046735
obs_23df2ae63ff8e1e8,Morris Garcia,Antiseptics,2019-03-01,5161025.0,15696.0,65,2319.111184211456
obs_9506fd6f5bcc4b52,Morris Garcia,Antiseptics,2019-04-01,1561993.0,5045.0,53,735.35247919551
obs_9a24f1d93ed16b84,Morris Garcia,Mood Stabilizers,2017-01-01,822572.0,2300.0,56,5243.0679611650485
obs_d4549f7568038f3f,Morris Garcia,Mood Stabilizers,2017-02-01,4907295.0,18013.0,50,4146.016444560417
obs_e9564f9b03b1f81d,Morris Garcia,Mood Stabilizers,2017-03-01,2180210.0,5646.0,63,804.125096934382
obs_4be8cf97d2c5206c,Morris Garcia,Mood Stabilizers,2017-04-01,1448519.0,3916.0,47,733.7822249508965
obs_4f12db2e0e6e094e,Morris Garcia,Mood Stabilizers,2017-05-01,2709101.0,7279.0,66,1257.9941528746472
obs_cc984462b5ffbbd0,Morris Garcia,Mood Stabilizers,2017-06-01,3298124.0,7640.0,74,1585.8679530425566
obs_1c29eae7a281f6b3,Morris Garcia,Mood Stabilizers,2017-07-01,6106349.0,11449.0,63,2344.1810908410725
obs_67fb95aabddf902e,Morris Garcia,Mood Stabilizers,2017-08-01,1848134.0,4423.0,74,658.0285158401258
obs_a5dfe380447e5cc9,Morris Garcia,Mood Stabilizers,2017-09-01,3734574.0,8231.0,67,1124.1902972720247
obs_2256f2ec45290909,Morris Garcia,Mood Stabilizers,2017-10-01,2594497.0,8195.0,58,755.8667587414774
obs_7bd86e0624a6cd91,Morris Garcia,Mood Stabilizers,2017-11-01,2962288.0,6263.0,70,1135.6287784252065
obs_4e63c465f7c026df,Morris Garcia,Mood Stabilizers,2017-12-01,1508086.0,3994.0,53,620.7002404176798
obs_52d6c32ef5eb1a9d,Morris Garcia,Mood Stabilizers,2018-01-01,2417883.0,7564.0,100,928.5879565386771
obs_d6afaf5b1e936788,Morris Garcia,Mood Stabilizers,2018-02-01,3615874.0,8950.0,119,1564.8920365219271
obs_0fd5045162b0ec4f,Morris Garcia,Mood Stabilizers,2018-03-01,3117039.0,7204.0,115,1314.5150407974036
obs_2ee9b800b6f3f7f7,Morris Garcia,Mood Stabilizers,2018-04-01,4715369.0,12019.0,98,1585.8882241045933
obs_0fef442039fc2632,Morris Garcia,Mood Stabilizers,2018-05-01,1441283.0,3764.0,87,540.2418371385063
obs_0afba209e524765f,Morris Garcia,Mood Stabilizers,2018-06-01,3376931.0,8433.0,123,1064.7789402088679
obs_66056234fb0552b0,Morris Garcia,Mood Stabilizers,2018-07-01,4332287.0,8559.0,107,1306.9254611269616
obs_febfa2b0137387b6,Morris Garcia,Mood Stabilizers,2018-08-01,24712845.0,49269.0,97,4802.493876549188
obs_ed59145c0ff7799f,Morris Garcia,Mood Stabilizers,2018-09-01,2147217.0,4926.0,97,610.8965713194543
obs_bee2572f3f0acf28,Morris Garcia,Mood Stabilizers,2018-10-01,4692006.0,13717.0,134,1064.3593761989803
obs_7b984662169c715e,Morris Garcia,Mood Stabilizers,2018-11-01,2849025.0,6377.0,90,692.1419680602053
obs_0b6fd5ed0688000e,Morris Garcia,Mood Stabilizers,2018-12-01,2497232.0,6713.0,81,888.2438959061366
obs_3fb95259921af67c,Morris Garcia,Mood Stabilizers,2019-01-01,1079653.0,4264.0,52,525.9382936574368
obs_b41e3317a598f9b8,Morris Garcia,Mood Stabilizers,2019-02-01,3070812.0,6060.0,60,1242.3377532536065
obs_513a75c19be2b19d,Morris Garcia,Mood Stabilizers,2019-03-01,3978471.0,19959.0,63,1683.4373037244313
obs_983f2fc32fe7e3de,Morris Garcia,Mood Stabilizers,2019-04-01,2182753.0,7962.0,45,767.577517746832
obs_be6753e66d2c7210,Sheila Stones,Analgesics,2017-01-01,1316120.0,2846.0,46,7638.9320388349515
obs_708d7474998c3d76,Sheila Stones,Analgesics,2017-02-01,1365048.0,4469.0,50,1008.7086667518438
obs_14251f0e4353be88,Sheila Stones,Analgesics,2017-03-01,2009523.0,6217.0,58,1569.1635174329763
obs_1ab8ffa792483b91,Sheila Stones,Analgesics,2017-04-01,1414521.0,7248.0,51,1007.5760698738259
obs_6d0f2fb4f735c0a7,Sheila Stones,Analgesics,2017-05-01,2041897.0,6167.0,74,1501.8512201698136
obs_8a3eaa37448ed6e4,Sheila Stones,Analgesics,2017-06-01,8324610.0,20017.0,60,3260.9612159373046
obs_ab3795304350519f,Sheila Stones,Analgesics,2017-07-01,8174489.0,18359.0,77,3193.388204052075
obs_bc91ca3dd15ba955,Sheila Stones,Analgesics,2017-08-01,2260721.0,5337.0,60,451.37724424868213
obs_713af2d33a020488,Sheila Stones,Analgesics,2017-09-01,1715746.0,3378.0,48,402.8327473008387
obs_11df24090b7d4535,Sheila Stones,Analgesics,2017-10-01,10602393.0,23324.0,62,3526.6156099963696
obs_ae38daf22ee9012c,Sheila Stones,Analgesics,2017-11-01,3930004.0,8968.0,60,1859.6908154951836
obs_b263258762fe77d8,Sheila Stones,Analgesics,2017-12-01,3054948.0,5867.0,47,816.0240292450404
obs_7c2af4dfbc89053c,Sheila Stones,Analgesics,2018-01-01,1967439.0,4553.0,89,614.5291998665225
obs_e16da9b66fad50d2,Sheila Stones,Analgesics,2018-02-01,4457892.0,9846.0,88,1520.9182306200028
obs_d76dcb24ce7b3c66,Sheila Stones,Analgesics,2018-03-01,7531619.0,16189.0,107,2446.7882033197748
obs_a7263c47a58a51a0,Sheila Stones,Analgesics,2018-04-01,2772395.0,8772.0,84,702.8450270443902
obs_2133b846cece10c4,Sheila Stones,Analgesics,2018-05-01,4954361.0,9063.0,88,1098.74824897647
obs_fbd97bc8466b2c1c,Sheila Stones,Analgesics,2018-06-01,5912464.0,11443.0,100,1198.283721825986
obs_74c0e46c4f12267e,Sheila Stones,Analgesics,2018-07-01,3522090.0,9589.0,117,767.6507405852539
obs_164431e9c2e6eef5,Sheila Stones,Analgesics,2018-08-01,3629405.0,7477.0,99,783.4231056372278
obs_13188499c4444596,Sheila Stones,Analgesics,2018-09-01,8397177.0,23886.0,87,2373.131619249741
obs_ca491fddea4b6c1e,Sheila Stones,Analgesics,2018-10-01,6231677.0,15447.0,127,1833.7340571871266
obs_5490d0977481f5cc,Sheila Stones,Analgesics,2018-11-01,2683281.0,8184.0,106,563.5344447970449
obs_a8dfe3531fbd879f,Sheila Stones,Analgesics,2018-12-01,2007365.0,6367.0,81,484.5554083899599
obs_994fec176aea5485,Sheila Stones,Analgesics,2019-01-01,3221740.0,7262.0,48,1207.1260485863013
obs_709a6e1aa5eed464,Sheila Stones,Analgesics,2019-02-01,5804174.0,11322.0,69,2300.042911709492
obs_8767d7a2091cd223,Sheila Stones,Analgesics,2019-03-01,5183807.0,12066.0,81,1702.6802015747267
obs_504529fd7ee68958,Sheila Stones,Analgesics,2019-04-01,2002655.0,4209.0,53,531.3075278533393
obs_18137fdb0ad2dbb6,Sheila Stones,Antibiotics,2017-01-01,1901894.0,9316.0,43,10482.495145631068
obs_2f974247aba7852d,Sheila Stones,Antibiotics,2017-02-01,4028062.0,12049.0,46,2278.117183666714
obs_b4b227a7b8c98e8b,Sheila Stones,Antibiotics,2017-03-01,2432252.0,4879.0,43,847.3256063125589
obs_f6cbae282b348a61,Sheila Stones,Antibiotics,2017-04-01,9552728.0,16799.0,42,3156.5650277774457
obs_0b14b76bbe8c7a8c,Sheila Stones,Antibiotics,2017-05-01,1561073.0,4317.0,63,532.1961630125602
obs_2eee857cbdcd6596,Sheila Stones,Antibiotics,2017-06-01,2507135.0,5868.0,52,1000.9557246152109
obs_605f864f1f85947e,Sheila Stones,Antibiotics,2017-07-01,1112186.0,2923.0,59,573.0157828586341
obs_d5da4e5f65795530,Sheila Stones,Antibiotics,2017-08-01,1272712.0,4148.0,53,843.6506741420494
obs_92b0e820465724ca,Sheila Stones,Antibiotics,2017-09-01,1663455.0,4731.0,51,1336.184516183681
obs_9d0c933c9454dc1e,Sheila Stones,Antibiotics,2017-10-01,1726821.0,5806.0,44,1396.6070512402318
obs_29fa7ad39eb92e58,Sheila Stones,Antibiotics,2017-11-01,1799514.0,4770.0,53,1062.8556008982705
obs_a4c84d6051f73841,Sheila Stones,Antibiotics,2017-12-01,4660339.0,10801.0,47,2560.095537080504
obs_29833edc90218b7d,Sheila Stones,Antibiotics,2018-01-01,2797206.0,6261.0,78,1636.4357130470532
obs_5a9f776c733f2470,Sheila Stones,Antibiotics,2018-02-01,6740263.0,16413.0,106,2419.7287686702684
obs_e14a4caeb5a51564,Sheila Stones,Antibiotics,2018-03-01,1461711.0,4633.0,83,478.3852462026717
obs_8c533dbbd0223c47,Sheila Stones,Antibiotics,2018-04-01,14689869.0,35789.0,77,3799.331142909045
obs_58df5a587eb0ebce,Sheila Stones,Antibiotics,2018-05-01,4781040.0,12754.0,81,766.4991048309603
obs_af1de9484f76d99b,Sheila Stones,Antibiotics,2018-06-01,3643125.0,14220.0,88,804.8501837110957
obs_83fd385d1a58f2e7,Sheila Stones,Antibiotics,2018-07-01,9252355.0,19041.0,83,2098.5656185784983
obs_0e6390af2cae1a61,Sheila Stones,Antibiotics,2018-08-01,4592217.0,10875.0,92,949.3974804848082
obs_65d8d8b0f7a771ad,Sheila Stones,Antibiotics,2018-09-01,3914505.0,8303.0,72,870.6953457222518
obs_5dcb1b75eef8ab59,Sheila Stones,Antibiotics,2018-10-01,6738071.0,16248.0,108,1530.6803622450684
obs_4ad7da690ee91842,Sheila Stones,Antibiotics,2018-11-01,1144466.0,3121.0,85,431.46987155141267
obs_85162be80c0fee03,Sheila Stones,Antibiotics,2018-12-01,2868763.0,7694.0,62,783.6319910403432
obs_2a5e6b8477a80d33,Sheila Stones,Antibiotics,2019-01-01,1213447.0,3283.0,42,557.999619564725
obs_d4a744b7c90aa0ad,Sheila Stones,Antibiotics,2019-02-01,3248986.0,7063.0,51,2549.7499436752596
obs_66248c0aba5c1747,Sheila Stones,Antibiotics,2019-03-01,2539025.0,8932.0,53,894.4605607540551
obs_f47c5f94a5509dbb,Sheila Stones,Antibiotics,2019-04-01,1138145.0,4023.0,35,576.4033868210439
obs_77dd3dce735539fe,Sheila Stones,Antimalarial,2017-01-01,673058.0,1827.0,37,4517.271844660194
obs_2e583d38c07650d3,Sheila Stones,Antimalarial,2017-02-01,1179439.0,4770.0,53,1876.648832208722
obs_87350adf27a08528,Sheila Stones,Antimalarial,2017-03-01,2233342.0,7751.0,59,2420.47056156285
obs_aa95024dad7cee59,Sheila Stones,Antimalarial,2017-04-01,1015915.0,2996.0,45,877.1998229996083
obs_69ca057897a09098,Sheila Stones,Antimalarial,2017-05-01,1900040.0,5242.0,47,1705.059809288795
obs_43c6e0c7c6471507,Sheila Stones,Antimalarial,2017-06-01,1959311.0,5177.0,50,1001.4497650841483
obs_73b8c10b22658dee,Sheila Stones,Antimalarial,2017-07-01,2436718.0,6538.0,64,1306.3788335166373
obs_ad48ad4b848c4869,Sheila Stones,Antimalarial,2017-08-01,2345113.0,4239.0,53,1202.5570071979878
obs_bf7317cb51cdadcb,Sheila Stones,Antimalarial,2017-09-01,1929225.0,6730.0,45,849.0225142399931
obs_626a7a2afd57e58b,Sheila Stones,Antimalarial,2017-10-01,1436267.0,5516.0,48,695.9595275097162
obs_bd141bb37e2f3bf8,Sheila Stones,Antimalarial,2017-11-01,938100.0,3271.0,54,604.0709478012386
obs_a2551526538ada8b,Sheila Stones,Antimalarial,2017-12-01,826039.0,2265.0,32,668.7833520772001
obs_90f6e5179ad5e577,Sheila Stones,Antimalarial,2018-01-01,2914873.0,7581.0,77,2758.35400618685
obs_e3c425ee6ea11f9f,Sheila Stones,Antimalarial,2018-02-01,1341694.0,3929.0,84,1485.7098576652043
obs_5fd2ae0ead16f43d,Sheila Stones,Antimalarial,2018-03-01,1879231.0,7053.0,68,1449.80647273601
obs_c5c3225cad924e3c,Sheila Stones,Antimalarial,2018-04-01,2288098.0,6745.0,73,1227.6352461006913
obs_ba4615ca68392dff,Sheila Stones,Antimalarial,2018-05-01,1315397.0,5582.0,75,759.6836682209707
obs_3d2619e0bcd8352e,Sheila Stones,Antimalarial,2018-06-01,2012506.0,5075.0,70,1049.6601537998451
obs_7216f335bda97895,Sheila Stones,Antimalarial,2018-07-01,3023782.0,6977.0,87,1573.417346092167
obs_73bc6665a6add3d8,Sheila Stones,Antimalarial,2018-08-01,4350068.0,10473.0,76,2299.28059600599
obs_7b1d41c62eee039c,Sheila Stones,Antimalarial,2018-09-01,3582203.0,7079.0,74,1187.7140077770412
obs_11c45d0687f2ab7e,Sheila Stones,Antimalarial,2018-10-01,2556504.0,10063.0,104,769.6612360703599
obs_5c20b3dd6cbeed3e,Sheila Stones,Antimalarial,2018-11-01,1843755.0,8013.0,85,624.780560605775
obs_83cbe38d645eaa7b,Sheila Stones,Antimalarial,2018-12-01,1631188.0,5008.0,84,714.6025401983272
obs_9c7437eb4c478fc9,Sheila Stones,Antimalarial,2019-01-01,690773.0,2388.0,34,522.807422105263
obs_6be2b26857aa2441,Sheila Stones,Antimalarial,2019-02-01,2097594.0,6148.0,54,1310.594969070252
obs_08605942ae2f08e9,Sheila Stones,Antimalarial,2019-03-01,1042270.0,4458.0,51,715.2648658642764
obs_94a7d64759033a11,Sheila Stones,Antimalarial,2019-04-01,1030190.0,8145.0,36,969.715956052235
obs_4bdf25bfc511bc04,Sheila Stones,Antipiretics,2017-01-01,1018601.0,2057.0,41,6194.6650485436885
obs_df4a590003964a49,Sheila Stones,Antipiretics,2017-02-01,1978205.0,3616.0,43,2106.893644617442
obs_737762458ee1173d,Sheila Stones,Antipiretics,2017-03-01,1998609.0,6625.0,53,1368.720971076073
obs_0ee2bb6350ce0d55,Sheila Stones,Antipiretics,2017-04-01,1799790.0,3437.0,48,912.4827553408904
obs_e42f647bfaae561b,Sheila Stones,Antipiretics,2017-05-01,2024242.0,4409.0,58,995.1010493650674
obs_fe45b3727f588964,Sheila Stones,Antipiretics,2017-06-01,4121729.0,11366.0,50,2251.1159363278907
obs_fd6311aea139b9cf,Sheila Stones,Antipiretics,2017-07-01,1641877.0,3439.0,56,840.6119450413383
obs_959cf626cf8b0281,Sheila Stones,Antipiretics,2017-08-01,2083306.0,3931.0,49,999.401696214936
obs_cb5961c34b34f824,Sheila Stones,Antipiretics,2017-09-01,3408671.0,7362.0,41,1735.6596440875398
obs_1535a94daa9bce14,Sheila Stones,Antipiretics,2017-10-01,3573809.0,7002.0,57,1831.8577994112213
obs_91c31b8ff6f47940,Sheila Stones,Antipiretics,2017-11-01,1475926.0,2894.0,47,565.2851648217891
obs_047509cc32370e7d,Sheila Stones,Antipiretics,2017-12-01,3629242.0,7156.0,47,1042.1223265350693
obs_d067341622c2be58,Sheila Stones,Antipiretics,2018-01-01,2707877.0,5632.0,77,801.7236923090682
obs_69def97dfb457caf,Sheila Stones,Antipiretics,2018-02-01,2363540.0,5095.0,78,885.5622031003107
obs_26a847b1d4497868,Sheila Stones,Antipiretics,2018-03-01,3911681.0,8478.0,94,1503.102404434046
obs_c64b17f78af3fc20,Sheila Stones,Antipiretics,2018-04-01,2999078.0,6305.0,72,1094.100107571463
obs_912a45deec5c9877,Sheila Stones,Antipiretics,2018-05-01,2607310.0,5676.0,79,883.0367863153697
obs_f86621dad8423568,Sheila Stones,Antipiretics,2018-06-01,2237012.0,6977.0,58,793.1309999305482
obs_21eccc1a36ef728f,Sheila Stones,Antipiretics,2018-07-01,4568860.0,8977.0,91,1876.6105717036858
obs_cf88aeb5ef9c08d1,Sheila Stones,Antipiretics,2018-08-01,2126395.0,4432.0,94,843.8480172232713
obs_abde4f835ce4cb5a,Sheila Stones,Antipiretics,2018-09-01,2174746.0,5912.0,100,957.887535972699
obs_3b182b15539aec0a,Sheila Stones,Antipiretics,2018-10-01,3543385.0,7586.0,115,1727.3456369447774
obs_944c60e265db1b64,Sheila Stones,Antipiretics,2018-11-01,4566868.0,8102.0,95,2269.395466685412
obs_9ca10903a999c6d7,Sheila Stones,Antipiretics,2018-12-01,1022239.0,2906.0,55,460.06714946520543
obs_5327c3840f4cea12,Sheila Stones,Antipiretics,2019-01-01,966933.0,1896.0,43,448.70192688191264
obs_c48289e0bca93184,Sheila Stones,Antipiretics,2019-02-01,1937606.0,4585.0,43,2050.307063448968
obs_51f13243c9343e52,Sheila Stones,Antipiretics,2019-03-01,2921038.0,6247.0,48,2637.1312008742434
obs_8e9ea3ff8597b66e,Sheila Stones,Antipiretics,2019-04-01,2229951.0,7594.0,42,1146.6984069992727
obs_4b5741ed50ba64eb,Sheila Stones,Antiseptics,2017-01-01,1812894.0,6243.0,57,10050.456310679612
obs_ff161deeacca9cba,Sheila Stones,Antiseptics,2017-02-01,1230649.0,2857.0,57,744.2945592939791
obs_96f4af0799efbbc0,Sheila Stones,Antiseptics,2017-03-01,2521318.0,7382.0,77,1760.717076609447
obs_9ea2069f2f280202,Sheila Stones,Antiseptics,2017-04-01,3121612.0,8264.0,59,1839.6776522344398
obs_684cebe21c44031c,Sheila Stones,Antiseptics,2017-05-01,3934840.0,7947.0,76,1643.9662756288267
obs_d6747d3fed5fe293,Sheila Stones,Antiseptics,2017-06-01,3373581.0,6066.0,67,1061.550474251485
obs_ae527233d11b8c58,Sheila Stones,Antiseptics,2017-07-01,2718827.0,6264.0,80,836.8329226594092
obs_e0aa7af3118372d2,Sheila Stones,Antiseptics,2017-08-01,3607628.0,7849.0,79,1047.7869274187724
obs_0229e81d5958fde5,Sheila Stones,Antiseptics,2017-09-01,4410007.0,10033.0,74,1336.4300405766
obs_cad1ebb4b0087903,Sheila Stones,Antiseptics,2017-10-01,3297180.0,6961.0,63,915.4952293587285
obs_29b4c5dcc875026b,Sheila Stones,Antiseptics,2017-11-01,2175853.0,4155.0,79,689.1691661619558
obs_8c7da68229dfd4dd,Sheila Stones,Antiseptics,2017-12-01,2722663.0,6691.0,69,851.2779411320424
obs_c55be8b0c5d1aa36,Sheila Stones,Antiseptics,2018-01-01,2064472.0,5345.0,101,802.1272043876203
obs_856d745d7b285dd5,Sheila Stones,Antiseptics,2018-02-01,3674849.0,6743.0,117,1799.6642943634038
obs_c680775d3c45bb03,Sheila Stones,Antiseptics,2018-03-01,2808664.0,8957.0,137,1001.9260795529893
obs_ee269b31b2258a76,Sheila Stones,Antiseptics,2018-04-01,3633520.0,15967.0,104,1320.00326507031
obs_bcb97222de1e5531,Sheila Stones,Antiseptics,2018-05-01,2830304.0,6782.0,108,817.1913105951767
obs_b89117199cbaf8fe,Sheila Stones,Antiseptics,2018-06-01,5332844.0,10769.0,109,2036.6441407892676
obs_e7efc862635bfca3,Sheila Stones,Antiseptics,2018-07-01,4520042.0,10532.0,119,1259.6897399980378
obs_157d22d466b324c7,Sheila Stones,Antiseptics,2018-08-01,6822177.0,30920.0,102,1581.6955947350657
obs_c4b4fb806e71be32,Sheila Stones,Antiseptics,2018-09-01,3383168.0,6773.0,114,711.9433541765321
obs_ee02843b8d5b905f,Sheila Stones,Antiseptics,2018-10-01,4820540.0,12072.0,140,1044.2733503167938
obs_936198b6db928724,Sheila Stones,Antiseptics,2018-11-01,5210693.0,11952.0,117,1061.8149737162344
obs_632a94bba6e0c262,Sheila Stones,Antiseptics,2018-12-01,1819645.0,4706.0,77,524.8621986957833
obs_f11ed02c849df06f,Sheila Stones,Antiseptics,2019-01-01,2005084.0,4520.0,45,552.8732509966152
obs_33372ad63a7d545f,Sheila Stones,Antiseptics,2019-02-01,6494510.0,14447.0,78,2822.3404891174405
obs_6658ec4b6b16eb6f,Sheila Stones,Antiseptics,2019-03-01,3612036.0,10080.0,70,1936.2120664029321
obs_8fc1c60a30ed360f,Sheila Stones,Antiseptics,2019-04-01,10792064.0,17128.0,66,2700.3914189718694
obs_7cd9291ab9e23889,Sheila Stones,Mood Stabilizers,2017-01-01,3195147.0,9295.0,60,16760.422330097088
obs_35014e9dd1664d42,Sheila Stones,Mood Stabilizers,2017-02-01,2276822.0,7305.0,71,768.8744358514267
obs_e67ea1210406939c,Sheila Stones,Mood Stabilizers,2017-03-01,943685.0,2083.0,52,501.15247248098814
obs_b1ccbb453e9c0135,Sheila Stones,Mood Stabilizers,2017-04-01,2013010.0,5346.0,45,893.7850567951838
obs_2f39d6c9fe4e897e,Sheila Stones,Mood Stabilizers,2017-05-01,2344439.0,7029.0,67,1163.4022986299367
obs_934fef4e832aff1c,Sheila Stones,Mood Stabilizers,2017-06-01,11760146.0,35817.0,82,4085.956472081151
obs_f98e680761efb923,Sheila Stones,Mood Stabilizers,2017-07-01,1661590.0,4662.0,52,766.0704249792642
obs_22e6af2dcecc25cf,Sheila Stones,Mood Stabilizers,2017-08-01,1213532.0,3163.0,51,626.9088493346352
obs_b930465323cdf45f,Sheila Stones,Mood Stabilizers,2017-09-01,1714108.0,4256.0,52,1001.950333921007
obs_aff0d3b25f8b847b,Sheila Stones,Mood Stabilizers,2017-10-01,3956883.0,9104.0,71,2406.0114049141257
obs_93c8a88af7e3824d,Sheila Stones,Mood Stabilizers,2017-11-01,3833745.0,7670.0,65,2335.719955881381
obs_1f1b3fd393d99e28,Sheila Stones,Mood Stabilizers,2017-12-01,1614462.0,4381.0,54,556.6398850767571
obs_5c2e84244ceccaea,Sheila Stones,Mood Stabilizers,2018-01-01,4447769.0,10056.0,92,1157.9647740320129
obs_20d3d2a2e4e17f46,Sheila Stones,Mood Stabilizers,2018-02-01,6383313.0,11325.0,111,1770.6714525013797
obs_2dd788baad324c83,Sheila Stones,Mood Stabilizers,2018-03-01,8468466.0,16285.0,131,2060.6560981711946
obs_1281ff9b7d79031c,Sheila Stones,Mood Stabilizers,2018-04-01,2130123.0,6425.0,95,492.9867432308589
obs_2a7bc1113ffef823,Sheila Stones,Mood Stabilizers,2018-05-01,2238270.0,6332.0,115,505.32325493473127
obs_043ebf753eede07f,Sheila Stones,Mood Stabilizers,2018-06-01,5178875.0,15597.0,105,2373.196482234611
obs_80c63ffe914d53d1,Sheila Stones,Mood Stabilizers,2018-07-01,8285066.0,17612.0,116,3046.8684292016274
obs_b561b25e5070268d,Sheila Stones,Mood Stabilizers,2018-08-01,3329496.0,8720.0,97,718.13068306575
obs_e73d82a12c2c46af,Sheila Stones,Mood Stabilizers,2018-09-01,3452370.0,8875.0,106,735.4068983100456
obs_2321a847c7af5a11,Sheila Stones,Mood Stabilizers,2018-10-01,3862400.0,8264.0,148,1107.7277756372284
obs_66a3a3e725623d23,Sheila Stones,Mood Stabilizers,2018-11-01,6968608.0,16500.0,110,2199.6356252919936
obs_a64442afd0c679c5,Sheila Stones,Mood Stabilizers,2018-12-01,1083483.0,3623.0,76,454.2626170357381
obs_08e3ffcfe50579d8,Sheila Stones,Mood Stabilizers,2019-01-01,1420644.0,4567.0,49,517.8255785426436
obs_d46736be5597657e,Sheila Stones,Mood Stabilizers,2019-02-01,5354817.0,11821.0,57,3079.751667662933
obs_c5a8d498671eed1d,Sheila Stones,Mood Stabilizers,2019-03-01,5896065.0,13048.0,73,3264.6971906601198
obs_902988302cf00c77,Sheila Stones,Mood Stabilizers,2019-04-01,2203988.0,6427.0,54,549.701302783636
obs_d3f01262ad4045cd,Stella Given,Analgesics,2017-01-01,1048558.0,3217.0,56,6340.087378640777
obs_7b8ed877916254b4,Stella Given,Analgesics,2017-02-01,640167.0,1811.0,59,694.5543493230473
obs_2a8b2584fb5642b5,Stella Given,Analgesics,2017-03-01,1746995.0,6324.0,65,2254.3740990898086
obs_2f7c264d425def13,Stella Given,Analgesics,2017-04-01,2179575.0,5281.0,53,2259.0487283534667
obs_b5c639f7cc222bb1,Stella Given,Analgesics,2017-05-01,2169877.0,5964.0,78,1257.3574187598747
obs_147d84ddc706e3e6,Stella Given,Analgesics,2017-06-01,4735244.0,10409.0,64,2309.3513530593345
obs_02d90b7c36a77e71,Stella Given,Analgesics,2017-07-01,5196458.0,10310.0,73,2407.359772976138
obs_748765f00024da5c,Stella Given,Analgesics,2017-08-01,1959690.0,4546.0,58,551.3485129518305
obs_c38319956cd44f75,Stella Given,Analgesics,2017-09-01,3431688.0,9029.0,59,777.7028895971512
obs_dd3c9633e41e6035,Stella Given,Analgesics,2017-10-01,2798983.0,5044.0,60,843.9043460465311
obs_bf974ba023a14a2a,Stella Given,Analgesics,2017-11-01,2340121.0,9574.0,72,858.7824048741087
obs_b737010e5a567cb0,Stella Given,Analgesics,2017-12-01,3509672.0,6614.0,48,1271.7351015035283
obs_4df3b3bce7e94fd9,Stella Given,Analgesics,2018-01-01,2648681.0,4732.0,87,939.0542792122113
obs_646b38202b90e7f4,Stella Given,Analgesics,2018-02-01,3413641.0,7915.0,108,1314.08725848205
obs_4fa92ce6ce27c5b3,Stella Given,Analgesics,2018-03-01,4332912.0,10073.0,93,1290.4046147543233
obs_148589c47958c750,Stella Given,Analgesics,2018-04-01,2260804.0,3696.0,83,732.2465235372931
obs_df5e49cf0f6ccd0f,Stella Given,Analgesics,2018-05-01,1614709.0,4196.0,84,594.4295930891749
obs_142930539284638f,Stella Given,Analgesics,2018-06-01,2014134.0,4880.0,85,898.7083476429032
obs_5d8aea770b79e5ec,Stella Given,Analgesics,2018-07-01,3840935.0,13887.0,109,2064.3092185004302
obs_280bd9281188dddf,Stella Given,Analgesics,2018-08-01,2362982.0,5457.0,108,1173.786402464656
obs_c6b0474c323eb704,Stella Given,Analgesics,2018-09-01,2562720.0,7660.0,87,1066.1746840977378
obs_bd593f383b0e6676,Stella Given,Analgesics,2018-10-01,7729752.0,15642.0,109,2714.18914127041
obs_03d9d98392f40653,Stella Given,Analgesics,2018-11-01,6484602.0,17962.0,121,2478.329684297812
obs_2f8eb50592cf1dcd,Stella Given,Analgesics,2018-12-01,3049791.0,5453.0,74,592.4607403726161
obs_b1b7fef11e1d4dc9,Stella Given,Analgesics,2019-01-01,741392.0,1644.0,48,333.25083693483737
obs_3f0ccaf0362e81e1,Stella Given,Analgesics,2019-02-01,1404887.0,4324.0,65,585.4249425202536
obs_544e87c9754de2a1,Stella Given,Analgesics,2019-03-01,3543617.0,8480.0,78,2474.4418427848404
obs_1e7998d0440ce97f,Stella Given,Analgesics,2019-04-01,1785221.0,3748.0,40,1292.1385063751213
obs_6e13fd082165ead9,Stella Given,Antibiotics,2017-01-01,1066629.0,2705.0,42,6427.810679611651
obs_9b97af6148b25f1a,Stella Given,Antibiotics,2017-02-01,2337139.0,4478.0,47,2313.6627122885566
obs_f6eb93cbbf7375ff,Stella Given,Antibiotics,2017-03-01,2296825.0,7711.0,61,1387.8372324920642
obs_2bb90c5f64009fad,Stella Given,Antibiotics,2017-04-01,589020.0,2573.0,36,436.7351923861971
obs_a4e1978d459c3f78,Stella Given,Antibiotics,2017-05-01,4679522.0,10819.0,58,2222.557357830073
obs_36d9ce091d0620ff,Stella Given,Antibiotics,2017-06-01,1912830.0,11263.0,50,856.4185902891063
obs_17f088e62032bc1a,Stella Given,Antibiotics,2017-07-01,1123475.0,2447.0,41,677.6722554478702
obs_907add980b3e9986,Stella Given,Antibiotics,2017-08-01,2768439.0,6924.0,47,1506.4321282921976
obs_83db82e8e13f2f6e,Stella Given,Antibiotics,2017-09-01,1073019.0,3807.0,45,658.4652136170525
obs_dff1b66938b8f8cb,Stella Given,Antibiotics,2017-10-01,1409983.0,3775.0,53,1273.081882085252
obs_c3301c211f9b71cc,Stella Given,Antibiotics,2017-11-01,1589722.0,3457.0,48,1118.2961226090388
obs_062bad93b51845e8,Stella Given,Antibiotics,2017-12-01,1715063.0,4567.0,49,1226.178887208094
obs_780058a1c73c5452,Stella Given,Antibiotics,2018-01-01,2058368.0,6608.0,89,1321.3561348938545
obs_d73fe1615c68fdfc,Stella Given,Antibiotics,2018-02-01,3568564.0,7302.0,88,2260.0577187888857
obs_ce537d6fe6c5d260,Stella Given,Antibiotics,2018-03-01,3545459.0,12086.0,97,1840.3655249471276
obs_6534540a6fb12523,Stella Given,Antibiotics,2018-04-01,4076620.0,9669.0,78,1145.405889317022
obs_14541eefb04e6a1c,Stella Given,Antibiotics,2018-05-01,537143.0,3171.0,78,359.6025022079807
obs_2e324c032723d014,Stella Given,Antibiotics,2018-06-01,2880656.0,6102.0,78,841.6201678100605
obs_ebe5b8bf5d5ad451,Stella Given,Antibiotics,2018-07-01,3651654.0,7705.0,87,1288.4061588884042
obs_052848da90300067,Stella Given,Antibiotics,2018-08-01,1196668.0,2650.0,83,552.4867232237231
obs_65a51d0317d5d6b6,Stella Given,Antibiotics,2018-09-01,1912641.0,4098.0,82,733.4661817591386
obs_b39eb0301781b477,Stella Given,Antibiotics,2018-10-01,1921812.0,4710.0,98,981.6468014138109
obs_87a8cb1c321eb328,Stella Given,Antibiotics,2018-11-01,1120814.0,2795.0,79,676.7014557510406
obs_b3e2742a6ccab663,Stella Given,Antibiotics,2018-12-01,729883.0,1517.0,57,527.8713851075529
obs_97d0242a52bba266,Stella Given,Antibiotics,2019-01-01,454250.0,1584.0,38,545.1110203002427
obs_ef32f788a96725c8,Stella Given,Antibiotics,2019-02-01,3116297.0,6328.0,45,3322.6137394357484
obs_e01f280f5f460ee7,Stella Given,Antibiotics,2019-03-01,1292094.0,3820.0,50,1898.3926091146752
obs_e6d005d98582fb46,Stella Given,Antibiotics,2019-04-01,1863404.0,4888.0,50,1500.19203042443
obs_5c4929a697dbbdfe,Stella Given,Antimalarial,2017-01-01,942506.0,3953.0,36,5825.271844660194
obs_16ad5f7ddf147b74,Stella Given,Antimalarial,2017-02-01,741676.0,2466.0,54,822.9993653152608
obs_384a5033d3110712,Stella Given,Antimalarial,2017-03-01,1929075.0,5221.0,39,2362.046292808356
obs_3e3926de8a10965d,Stella Given,Antimalarial,2017-04-01,1777401.0,3623.0,40,2038.6220868023006
obs_8d639df99c79a561,Stella Given,Antimalarial,2017-05-01,1171912.0,3310.0,43,730.1021157198202
obs_b372b06ae2e6a419,Stella Given,Antimalarial,2017-06-01,1196474.0,3822.0,55,740.164533517667
obs_98bbb26f2aeb5380,Stella Given,Antimalarial,2017-07-01,1588262.0,5212.0,48,1360.9856354458734
obs_4f0aafcd3b129198,Stella Given,Antimalarial,2017-08-01,1972586.0,4851.0,60,1750.8082486904766
obs_60af4f1c0a28dc54,Stella Given,Antimalarial,2017-09-01,1536675.0,4774.0,58,954.5047396437844
obs_e7e0599feffde74f,Stella Given,Antimalarial,2017-10-01,3564030.0,9114.0,54,2339.311241146257
obs_285b8a25ad929712,Stella Given,Antimalarial,2017-11-01,3822233.0,9891.0,62,2101.548820458727
obs_e409e0b87cd6c57a,Stella Given,Antimalarial,2017-12-01,1573252.0,4612.0,47,571.4259825703471
obs_4b01603ccbad5716,Stella Given,Antimalarial,2018-01-01,1091668.0,2655.0,84,473.0351269476255
obs_a3e184d42bede7e7,Stella Given,Antimalarial,2018-02-01,3232340.0,8478.0,105,2243.3975729550016
obs_985d7b9ca766f221,Stella Given,Antimalarial,2018-03-01,5970878.0,13830.0,102,3092.3523161066487
obs_343e1fbf672a0a53,Stella Given,Antimalarial,2018-04-01,1112485.0,3661.0,65,500.611598162286
obs_086e9144f8bbba1c,Stella Given,Antimalarial,2018-05-01,16290031.0,25920.0,96,3696.4573772669182
obs_0b0bab2652c11fe0,Stella Given,Antimalarial,2018-06-01,2216013.0,8734.0,82,520.2452970951888
obs_fb3c719b2d7a3038,Stella Given,Antimalarial,2018-07-01,2840766.0,7765.0,86,1305.7361592184066
obs_f3d3295a0ffa2297,Stella Given,Antimalarial,2018-08-01,3175569.0,7669.0,93,1106.6220779136358
obs_384517c9a0db6481,Stella Given,Antimalarial,2018-09-01,1258795.0,3389.0,72,572.6588536228869
obs_3bb7216504ef8629,Stella Given,Antimalarial,2018-10-01,1908042.0,5820.0,90,739.0761755363823
obs_ac208950ac875d7b,Stella Given,Antimalarial,2018-11-01,5965856.0,12528.0,92,2767.810720068923
obs_20c75b0c1c5d3c7d,Stella Given,Antimalarial,2018-12-01,1005549.0,4637.0,63,633.7420108081519
obs_17f53ec8367d9e62,Stella Given,Antimalarial,2019-01-01,3537625.0,8719.0,43,2000.073228629648
obs_9967bf55d0b81cf9,Stella Given,Antimalarial,2019-02-01,1175249.0,3900.0,41,491.90349032230847
obs_e24f5f74b36d7230,Stella Given,Antimalarial,2019-03-01,8585363.0,21360.0,55,4796.186333064375
obs_780a2f8eae014516,Stella Given,Antimalarial,2019-04-01,4996093.0,9927.0,46,1463.9237935604183
obs_59c7d31794f68754,Stella Given,Antipiretics,2017-01-01,2187883.0,4763.0,48,11870.791262135923
obs_c44addd8177a87e0,Stella Given,Antipiretics,2017-02-01,4369376.0,7875.0,51,2173.640010320035
obs_d19aa9c60179ccbe,Stella Given,Antipiretics,2017-03-01,4098407.0,8777.0,65,1267.034755806541
obs_df28f7f597eefdf1,Stella Given,Antipiretics,2017-04-01,1564557.0,4722.0,46,527.9715469890087
obs_7ebd3a3ed2f5e1bc,Stella Given,Antipiretics,2017-05-01,2940667.0,5707.0,57,772.4621123867827
obs_719970dc4eb17e4c,Stella Given,Antipiretics,2017-06-01,2144180.0,4808.0,49,780.9326477648963
obs_4d55ec17f95a25c0,Stella Given,Antipiretics,2017-07-01,3230492.0,5695.0,56,1578.4379109962783
obs_8cc839ab27e58c58,Stella Given,Antipiretics,2017-08-01,766017.0,2295.0,60,439.67784143258615
obs_766866195c1e9dad,Stella Given,Antipiretics,2017-09-01,2306766.0,5221.0,47,1055.614874204066
obs_cab3309d22318b0c,Stella Given,Antipiretics,2017-10-01,1166386.0,2947.0,42,618.1822058131415
obs_9c7361113cb93f10,Stella Given,Antipiretics,2017-11-01,2098281.0,3539.0,56,1933.203094234537
obs_1970b262e4e4648b,Stella Given,Antipiretics,2017-12-01,2070501.0,3724.0,49,968.514993570118
obs_49aadfdd1752bbba,Stella Given,Antipiretics,2018-01-01,4536809.0,8004.0,81,2313.672254212588
obs_2bd1432f147a9005,Stella Given,Antipiretics,2018-02-01,1992056.6,5397.4,78,941.2928489966009
obs_6189e656cd0d7f74,Stella Given,Antipiretics,2018-03-01,5401491.0,11704.0,83,2516.4002624044797
obs_bcd0a51d0c87394e,Stella Given,Antipiretics,2018-04-01,4125450.0,7021.0,72,912.13244741005
obs_d06a3a74960c6745,Stella Given,Antipiretics,2018-05-01,2143515.0,4265.0,80,628.3373676093235
obs_7a1242795f867518,Stella Given,Antipiretics,2018-06-01,3377959.0,6012.0,91,846.2207476748345
obs_3711f3e17bfef239,Stella Given,Antipiretics,2018-07-01,2570153.0,5359.0,78,804.0240811294516
obs_25d9ae24b9549e5f,Stella Given,Antipiretics,2018-08-01,1946931.0,4919.0,70,801.5890314247811
obs_faa6f16cc44cb549,Stella Given,Antipiretics,2018-09-01,1930997.0,5584.0,87,797.0747370678046
obs_bb4ae453f0c97385,Stella Given,Antipiretics,2018-10-01,2766225.0,5850.0,100,1474.28769933669
obs_5e6619ebd95ab77d,Stella Given,Antipiretics,2018-11-01,3616990.0,7172.0,80,2004.600173747188
obs_6eb49e7dd6fe56ba,Stella Given,Antipiretics,2018-12-01,2411269.0,5446.0,65,884.720023880289
obs_b17f7244f4cf1790,Stella Given,Antipiretics,2019-01-01,815168.0,2017.0,38,464.57724228464235
obs_5412c0f05e9b9ddb,Stella Given,Antipiretics,2019-02-01,2459417.0,4976.0,41,992.6950793790421
obs_2955b429d1e88562,Stella Given,Antipiretics,2019-03-01,3091557.0,8185.0,57,1305.9813372571853
obs_0602b94b7f772aca,Stella Given,Antipiretics,2019-04-01,1188539.0,2854.0,38,601.8886872041121
obs_3fef06f636736c87,Stella Given,Antiseptics,2017-01-01,1541108.0,5156.0,69,8731.106796116506
obs_4bb757d351a70f08,Stella Given,Antiseptics,2017-02-01,2457327.0,4696.0,64,1685.096671463031
obs_b2fae231c46d3473,Stella Given,Antiseptics,2017-03-01,1309974.0,2733.0,69,727.1189543442852
obs_f2747becabf0296c,Stella Given,Antiseptics,2017-04-01,2164533.0,5131.0,57,1454.527156366201
obs_ec8d78cd8367c133,Stella Given,Antiseptics,2017-05-01,1895215.0,4257.0,69,887.5559634942489
obs_4c066f9972a9ddd9,Stella Given,Antiseptics,2017-06-01,2978898.0,7230.0,77,1657.5236718410079
obs_4216aedacef4997c,Stella Given,Antiseptics,2017-07-01,3818945.0,9230.0,87,1891.1740963483862
obs_f2720fae36425a69,Stella Given,Antiseptics,2017-08-01,2569434.0,7238.0,70,878.0668513586705
obs_c960963b4bd53129,Stella Given,Antiseptics,2017-09-01,1595918.0,4928.0,67,640.1027203993667
obs_66814a3fd3e0c188,Stella Given,Antiseptics,2017-10-01,4027778.0,10063.0,75,1652.395662658538
obs_ec63b173f7d9d9e7,Stella Given,Antiseptics,2017-11-01,1358051.0,6026.0,68,634.8598903021602
obs_eb93599d4bf3b2b8,Stella Given,Antiseptics,2017-12-01,1759914.0,6208.0,55,1088.3005650447255
obs_ad216a42e18ac3b6,Stella Given,Antiseptics,2018-01-01,3560099.0,7944.0,102,2204.9543302375178
obs_28c8068ffafb61bb,Stella Given,Antiseptics,2018-02-01,4151130.0,10739.0,128,2395.0057505568093
obs_0a5fb9967db25ee0,Stella Given,Antiseptics,2018-03-01,5338636.0,12818.0,129,1569.8727576019712
obs_23835a06e3aeecbc,Stella Given,Antiseptics,2018-04-01,2699940.0,8281.0,102,723.6001349404474
obs_19405248072e8f53,Stella Given,Antiseptics,2018-05-01,4052814.0,8326.0,116,960.9095969867977
obs_61961bcfe011357d,Stella Given,Antiseptics,2018-06-01,2690476.0,7572.0,109,733.388693885142
obs_7f1719a3c16c32d7,Stella Given,Antiseptics,2018-07-01,3682931.0,8728.0,108,1405.4354749774734
obs_bcb8ad1c743f6e8e,Stella Given,Antiseptics,2018-08-01,2025857.0,5464.0,102,650.5338661606775
obs_710879126547cbf8,Stella Given,Antiseptics,2018-09-01,1394447.0,6496.0,100,627.3956835616499
obs_67b00a0e4ea8af25,Stella Given,Antiseptics,2018-10-01,4554972.0,11504.0,149,2341.4647264395658
obs_8d5350dc9c8cb67a,Stella Given,Antiseptics,2018-11-01,3142421.0,7133.0,119,1632.4713286508388
obs_6d703926f7a662fd,Stella Given,Antiseptics,2018-12-01,5204173.0,14268.0,98,1759.8337975843579
obs_4b557e3d4debf2cf,Stella Given,Antiseptics,2019-01-01,1025573.0,2701.0,65,413.9475404702114
obs_b1149f89397db108,Stella Given,Antiseptics,2019-02-01,3985357.0,6459.0,68,1289.131230656514
obs_3e8881e2a4c249ff,Stella Given,Antiseptics,2019-03-01,3781207.0,7274.0,81,940.8555665053758
obs_892b1b9eb570ead3,Stella Given,Antiseptics,2019-04-01,5441685.0,12173.0,64,1496.5287275955632
obs_4eb263de493ead37,Stella Given,Mood Stabilizers,2017-01-01,869261.0,2678.0,44,5469.71359223301
obs_cd5ea23d6f66dfce,Stella Given,Mood Stabilizers,2017-02-01,2375414.0,6954.0,68,2576.5447227392115
obs_1b5aa7b992dd2b62,Stella Given,Mood Stabilizers,2017-03-01,2492237.0,8566.0,63,1614.3219835696443
obs_6138503e8a811838,Stella Given,Mood Stabilizers,2017-04-01,2478448.0,8525.0,55,1016.2320095437876
obs_797df6c58cb547b3,Stella Given,Mood Stabilizers,2017-05-01,3157705.0,7961.0,77,1296.195950907956
obs_84f08c6be8e71260,Stella Given,Mood Stabilizers,2017-06-01,2099153.0,3868.0,55,863.3082311270628
obs_25f272a71c57029d,Stella Given,Mood Stabilizers,2017-07-01,1698076.0,4188.0,74,748.8860394876618
obs_e36e9e0cc0a3aa4a,Stella Given,Mood Stabilizers,2017-08-01,3295333.0,9901.0,57,1655.1448531767733
obs_12892cfcfded270f,Stella Given,Mood Stabilizers,2017-09-01,3668407.0,9073.0,57,1870.831708178702
obs_76f5eded394f2abb,Stella Given,Mood Stabilizers,2017-10-01,2733285.0,9082.0,64,853.9620481332736
obs_dd30e597b4ec3869,Stella Given,Mood Stabilizers,2017-11-01,3592828.0,12857.0,86,1073.152517618039
obs_a974ef93f9d4d140,Stella Given,Mood Stabilizers,2017-12-01,3926307.0,9564.0,62,1076.235399972292
obs_240d860aa9223d3c,Stella Given,Mood Stabilizers,2018-01-01,2034630.0,5638.0,94,662.3567003566901
obs_0098199d9fffa2c0,Stella Given,Mood Stabilizers,2018-02-01,2762411.0,8245.0,104,809.855445456434
obs_a9802de466942194,Stella Given,Mood Stabilizers,2018-03-01,3574496.0,10708.0,100,1320.360305734473
obs_dd262125eaa3bca7,Stella Given,Mood Stabilizers,2018-04-01,1872032.0,6030.0,88,743.4566569157806
obs_70a61ca794f27a9a,Stella Given,Mood Stabilizers,2018-05-01,3675064.0,8323.0,85,1364.5421974549015
obs_3c29f8a0188dbcce,Stella Given,Mood Stabilizers,2018-06-01,3644643.0,10466.0,98,992.4448823375162
obs_f5103d4cd447072a,Stella Given,Mood Stabilizers,2018-07-01,2239196.0,4543.0,101,697.3641243523289
obs_f7cc83ab7f3dd98c,Stella Given,Mood Stabilizers,2018-08-01,2883090.0,5854.0,105,826.0063135513619
obs_1e84307f72827ac8,Stella Given,Mood Stabilizers,2018-09-01,1597709.0,4901.0,102,653.5185650832354
obs_86645a58c711266e,Stella Given,Mood Stabilizers,2018-10-01,6608543.0,14375.0,123,2682.670736516264
obs_4c08eca9ff75fa34,Stella Given,Mood Stabilizers,2018-11-01,1243990.0,3111.0,85,564.1830331918353
obs_d5e35c98ca26b7c5,Stella Given,Mood Stabilizers,2018-12-01,6964723.0,13178.0,92,3366.1134444042254
obs_88c8b91535ce54d1,Stella Given,Mood Stabilizers,2019-01-01,558693.0,1267.0,41,311.55899889917276
obs_e8d8a4698ce154e2,Stella Given,Mood Stabilizers,2019-02-01,1873449.0,4240.0,65,1577.6699614464792
obs_3f73d0bb74545019,Stella Given,Mood Stabilizers,2019-03-01,3379778.0,6627.0,70,1939.369622603598
obs_048c6f5bbec93802,Stella Given,Mood Stabilizers,2019-04-01,4047576.0,8598.0,53,2298.7836703569737
obs_a64ac48dfaeba6c4,Steve Pepple,Analgesics,2017-01-01,1145820.0,3158.0,52,6812.233009708738
obs_621cc65a01845bb4,Steve Pepple,Analgesics,2017-02-01,3341071.0,7141.0,59,2665.4746174910474
obs_c63b51b4118d7be2,Steve Pepple,Analgesics,2017-03-01,4940471.0,12612.0,66,2319.0194583304487
obs_b540270ab6bda12b,Steve Pepple,Analgesics,2017-04-01,2613278.0,5325.0,54,819.5396266936822
obs_814d91f813e6e7a2,Steve Pepple,Analgesics,2017-05-01,2823413.0,5191.0,71,865.3365948904362
obs_9ed19992a9626c3c,Steve Pepple,Analgesics,2017-06-01,3582875.0,10132.0,71,1290.0330280567027
obs_0a814af6e1a18d20,Steve Pepple,Analgesics,2017-07-01,3725318.0,7181.0,69,1351.259535991108
obs_4dca7706e248943c,Steve Pepple,Analgesics,2017-08-01,2086108.0,4378.0,64,673.9641850780868
obs_5a15b81eda60f699,Steve Pepple,Analgesics,2017-09-01,1801809.0,4488.0,67,616.1854920029848
obs_cc17839a3b1ac428,Steve Pepple,Analgesics,2017-10-01,4012783.0,8214.0,69,2084.4344020316285
obs_2260e2672d022302,Steve Pepple,Analgesics,2017-11-01,3751837.0,11044.0,56,1932.6292036262967
obs_fca5540590761641,Steve Pepple,Analgesics,2017-12-01,2674552.0,5673.0,49,769.0762073054746
obs_d584fdb82d57a65b,Steve Pepple,Analgesics,2018-01-01,2263351.0,4595.0,84,689.2704471182662
obs_9609c1be78825052,Steve Pepple,Analgesics,2018-02-01,2602296.0,5786.0,94,958.483412607173
obs_c54ba8d0179f235b,Steve Pepple,Analgesics,2018-03-01,3363977.0,7631.0,88,1318.8055314319745
obs_91775617ba3c8b6d,Steve Pepple,Analgesics,2018-04-01,1649520.0,4239.0,85,711.5565624035487
obs_e09d82d6378f6e4e,Steve Pepple,Analgesics,2018-05-01,1814133.0,4951.0,97,757.6173621555586
obs_e89372b1e711d9d7,Steve Pepple,Analgesics,2018-06-01,2217004.0,8061.0,93,1233.0989982275037
obs_007a6e625825cdea,Steve Pepple,Analgesics,2018-07-01,5702738.0,12439.0,111,2775.973794355611
obs_f53f164b263b19ed,Steve Pepple,Analgesics,2018-08-01,6895791.0,13274.0,97,2759.907676857282
obs_04aa0c5b55d1fe2b,Steve Pepple,Analgesics,2018-09-01,13943461.0,32013.0,87,2436.9158969515192
obs_9a215af32e8a23d9,Steve Pepple,Analgesics,2018-10-01,4695734.0,10866.0,115,745.8421428966985
obs_4ad4358b27a13918,Steve Pepple,Analgesics,2018-11-01,4544726.0,8921.0,121,729.8965781959414
obs_e6e84951193c58f9,Steve Pepple,Analgesics,2018-12-01,1397834.0,4309.0,85,466.7585070325823
obs_a9212861cf9a8564,Steve Pepple,Analgesics,2019-01-01,1458278.0,3531.0,60,483.6450894116299
obs_75671c1d1f78294a,Steve Pepple,Analgesics,2019-02-01,3842423.0,6969.0,50,2529.0797663375197
obs_1c99701da118d567,Steve Pepple,Analgesics,2019-03-01,2518898.0,7134.0,57,1846.249856710236
obs_49cdf2b48b15da9f,Steve Pepple,Analgesics,2019-04-01,3095301.0,8756.0,47,1241.3002640151308
obs_6ba0fc6742eb4749,Steve Pepple,Antibiotics,2017-01-01,1653609.0,3800.0,57,9277.228155339806
obs_c19fb56b4d5a491d,Steve Pepple,Antibiotics,2017-02-01,2326960.0,6081.0,44,1457.7680289138918
obs_176f20e078cc7116,Steve Pepple,Antibiotics,2017-03-01,2215754.0,4762.0,62,1101.0741025517677
obs_0f42853a9aea6211,Steve Pepple,Antibiotics,2017-04-01,2476967.0,7168.0,50,1106.661395002044
obs_276aae9fb6681991,Steve Pepple,Antibiotics,2017-05-01,3246848.0,7161.0,61,1443.3464754714764
obs_0149b7c188d5dc5e,Steve Pepple,Antibiotics,2017-06-01,1965725.0,6169.0,61,827.8652502596142
obs_5a5773f5b5221947,Steve Pepple,Antibiotics,2017-07-01,2059029.0,5033.0,63,855.2938780230211
obs_9d49cf9098ac7d2a,Steve Pepple,Antibiotics,2017-08-01,2009853.0,4376.0,51,960.7647314218291
obs_f2aadf6de35c6ead,Steve Pepple,Antibiotics,2017-09-01,1449945.0,5022.0,56,775.3046835638015
obs_f90db3653cdc8663,Steve Pepple,Antibiotics,2017-10-01,1675932.0,4865.0,46,857.1781542985763
obs_3d79b4b383508178,Steve Pepple,Antibiotics,2017-11-01,4413551.0,7997.0,48,2528.393446414827
obs_8c4449523df0d9ea,Steve Pepple,Antibiotics,2017-12-01,729498.0,2077.0,34,566.9507259707852
obs_779ca905d5821aa2,Steve Pepple,Antibiotics,2018-01-01,780120.0,1985.0,65,588.9448639260545
obs_992bcf9dda39f7bc,Steve Pepple,Antibiotics,2018-02-01,1872004.0,4919.0,84,2414.871822059738
obs_f6281721df45a358,Steve Pepple,Antibiotics,2018-03-01,13834268.0,20211.0,75,9858.501355778473
obs_729cdfaf5fc8dc10,Steve Pepple,Antibiotics,2018-04-01,927510.0,1809.0,71,610.7745278446525
obs_b3e16ae890e5fa33,Steve Pepple,Antibiotics,2018-05-01,2231565.0,7556.0,80,1196.6902589184162
obs_cb7f65d07f06aab3,Steve Pepple,Antibiotics,2018-06-01,2343155.0,8713.0,91,1024.2782346639528
obs_56c0e047d64c1970,Steve Pepple,Antibiotics,2018-07-01,2705354.0,5235.0,78,1221.2529556350576
obs_f7c73bb6a1482607,Steve Pepple,Antibiotics,2018-08-01,1937859.0,6022.0,72,852.2061616242958
obs_2de0ae3481ab4e3a,Steve Pepple,Antibiotics,2018-09-01,2641327.0,6148.0,82,1118.0247068754884
obs_5ca7335930051c72,Steve Pepple,Antibiotics,2018-10-01,7429002.0,14745.0,116,2615.3408496885986
obs_7bb1065d6ddcf649,Steve Pepple,Antibiotics,2018-11-01,3194914.0,15771.0,95,1217.9450198835586
obs_fa9ba3c194926fe8,Steve Pepple,Antibiotics,2018-12-01,3993500.0,8083.0,70,1266.936162452032
obs_053492ba661cdc3d,Steve Pepple,Antibiotics,2019-01-01,170699.0,411.0,27,281.1244242768285
obs_36d0b37184997cfa,Steve Pepple,Antibiotics,2019-02-01,3089165.0,7137.0,48,954.0540027967145
obs_e43c1d5c2e90b7e1,Steve Pepple,Antibiotics,2019-03-01,5555970.0,9000.0,53,1932.6875672989142
obs_240dbaec0a530417,Steve Pepple,Antibiotics,2019-04-01,811520.0,2003.0,39,441.2855484764405
obs_4a7a18a2c9e2173c,Steve Pepple,Antimalarial,2017-01-01,300795.0,1618.0,35,2710.169902912621
obs_fcb4340788a3e905,Steve Pepple,Antimalarial,2017-02-01,3606009.0,8262.0,53,7069.544227215355
obs_b15a88eb5845a081,Steve Pepple,Antimalarial,2017-03-01,5195865.0,9769.0,53,2541.216330845774
obs_5d5eee0555ed1832,Steve Pepple,Antimalarial,2017-04-01,1412897.0,3513.0,40,535.3039177510736
obs_7f70e3433ecc4b44,Steve Pepple,Antimalarial,2017-05-01,2891804.0,9390.0,54,833.9371239150663
obs_53891aecf5fe8f8a,Steve Pepple,Antimalarial,2017-06-01,474460.0,1945.0,48,369.46887912329873
obs_f28c83fc0eea81d6,Steve Pepple,Antimalarial,2017-07-01,1275229.0,4438.0,56,907.2062972921894
obs_904ef408849db5df,Steve Pepple,Antimalarial,2017-08-01,2788970.0,7221.0,48,2311.667302138545
obs_93b697e2fbd87e48,Steve Pepple,Antimalarial,2017-09-01,3949409.0,10591.0,61,2753.4074938316617
obs_913da1832f821023,Steve Pepple,Antimalarial,2017-10-01,1761827.0,4316.0,52,709.9847749757357
obs_b6bf3dcf82459ebf,Steve Pepple,Antimalarial,2017-11-01,1979867.0,5158.0,73,766.911522230551
obs_1361d935c1ca8622,Steve Pepple,Antimalarial,2017-12-01,998966.0,3189.0,40,617.3996420893252
obs_b10b29c051380592,Steve Pepple,Antimalarial,2018-01-01,2228561.0,5248.0,70,1285.0907440902824
obs_2b2bd21b41f91189,Steve Pepple,Antimalarial,2018-02-01,1798516.0,6606.0,95,911.4580823490737
obs_d1204efe2d439ece,Steve Pepple,Antimalarial,2018-03-01,1173000.0,4690.0,80,724.9060967999357
obs_adabdf4d271d373b,Steve Pepple,Antimalarial,2018-04-01,1796334.0,11761.0,78,977.2719253955802
obs_ae237d32a62be1f4,Steve Pepple,Antimalarial,2018-05-01,1842247.0,4320.0,85,996.7664645279008
obs_15711fe65046fa35,Steve Pepple,Antimalarial,2018-06-01,2749748.0,14221.0,75,1607.7128838701383
obs_4e50e8b4a8259fb1,Steve Pepple,Antimalarial,2018-07-01,2355555.0,15982.0,93,1301.7372276503556
obs_f9f3303f72545037,Steve Pepple,Antimalarial,2018-08-01,4597541.0,14284.0,91,2118.673220766949
obs_16c8b6367b06dec1,Steve Pepple,Antimalarial,2018-09-01,1451111.0,3523.0,75,634.2658393790889
obs_b47d8202048cc8bb,Steve Pepple,Antimalarial,2018-10-01,2578922.0,8922.0,108,1078.671887830199
obs_319fdaf8fe9a02a4,Steve Pepple,Antimalarial,2018-11-01,1176311.0,4238.0,90,582.129911615136
obs_d954614e60baaa47,Steve Pepple,Antimalarial,2018-12-01,2051400.0,5629.0,76,1465.6255495245482
obs_4291c6491ce84f7b,Steve Pepple,Antimalarial,2019-01-01,1110205.0,2337.0,41,644.0731690694776
obs_019dc3ab4ec01427,Steve Pepple,Antimalarial,2019-02-01,2508785.0,6134.0,47,2285.3187176830825
obs_51b0a62afb27b490,Steve Pepple,Antimalarial,2019-03-01,1588767.0,5135.0,63,813.9412960696508
obs_4ccbaeb6d09341f9,Steve Pepple,Antimalarial,2019-04-01,1781975.0,3661.0,45,1111.1756912231158
obs_4cc1c26e005d95a1,Steve Pepple,Antipiretics,2017-01-01,678123.0,1429.0,35,4541.859223300971
obs_290bd7871d4cbc5d,Steve Pepple,Antipiretics,2017-02-01,3307783.0,9427.0,54,3617.888868114813
obs_3da2378dd6475b9b,Steve Pepple,Antipiretics,2017-03-01,3695566.0,7741.0,53,2000.3843262609587
obs_9d85dfa6ae050e95,Steve Pepple,Antipiretics,2017-04-01,925523.0,2460.0,29,453.73903444183213
obs_fa4b2575a990e285,Steve Pepple,Antipiretics,2017-05-01,2540641.0,4974.0,58,809.2813406077762
obs_3159819b1eafc1bf,Steve Pepple,Antipiretics,2017-06-01,3401320.0,6729.0,56,1374.7142095166469
obs_fc815ce024859e61,Steve Pepple,Antipiretics,2017-07-01,4775997.0,9550.0,69,2031.3584698025697
obs_929b890a84c71b1f,Steve Pepple,Antipiretics,2017-08-01,2807482.0,5474.0,57,851.0263690886884
obs_58134935bf305d70,Steve Pepple,Antipiretics,2017-09-01,2375039.0,4643.0,35,758.4488757591428
obs_6696d94774495cf9,Steve Pepple,Antipiretics,2017-10-01,2147720.0,5471.0,52,807.0378675296108
obs_c5baf5cb243f5f59,Steve Pepple,Antipiretics,2017-11-01,1794583.0,3695.0,59,800.1952574988273
obs_7f6b332aa413c775,Steve Pepple,Antipiretics,2017-12-01,1159689.0,2554.0,44,643.1768283873491
obs_3ba9cc864f86cb05,Steve Pepple,Antipiretics,2018-01-01,6095037.0,13959.0,77,2898.714952299625
obs_ecaad660a4f97527,Steve Pepple,Antipiretics,2018-02-01,3969184.0,9662.0,79,2323.6691195194444
obs_91484a9f563ab46e,Steve Pepple,Antipiretics,2018-03-01,6007162.0,11729.0,88,1586.711310342647
obs_cd2e0ba5f933c5ae,Steve Pepple,Antipiretics,2018-04-01,2148556.0,4768.0,78,510.4362133519696
obs_a79bc03e67cdde50,Steve Pepple,Antipiretics,2018-05-01,3472389.0,7766.0,89,887.0172287888417
obs_38d52cc19f5e370d,Steve Pepple,Antipiretics,2018-06-01,2924709.0,5078.0,76,863.3075746202845
obs_0ffd32d44a6c26b0,Steve Pepple,Antipiretics,2018-07-01,2420094.0,4592.0,78,852.5229754249189
obs_a8397cb0f17f2f0c,Steve Pepple,Antipiretics,2018-08-01,4932019.0,14591.0,80,1796.5146964899109
obs_e99ff49fbbe757b4,Steve Pepple,Antipiretics,2018-09-01,4022301.0,6642.0,63,1419.0321165036198
obs_ae76078112de1e19,Steve Pepple,Antipiretics,2018-10-01,8475419.0,16707.0,106,2272.8675248225245
obs_cab2f02823010593,Steve Pepple,Antipiretics,2018-11-01,2407113.0,4368.0,84,605.3822855236403
obs_ad162f0da1ddaea0,Steve Pepple,Antipiretics,2018-12-01,1860813.0,3596.0,69,586.8621399368415
obs_719dd21e1e34c0bc,Steve Pepple,Antipiretics,2019-01-01,618799.0,1345.0,36,437.1876376873478
obs_b3ea536c255a1fa0,Steve Pepple,Antipiretics,2019-02-01,1590708.0,4042.0,40,872.4604644700164
obs_40d2a5c507a80451,Steve Pepple,Antipiretics,2019-03-01,3580591.0,10863.0,70,2342.6901548705273
obs_029ecd95fba21f9c,Steve Pepple,Antipiretics,2019-04-01,1194061.0,3572.0,38,796.5879930219019
obs_283347040803c6fd,Steve Pepple,Antiseptics,2017-01-01,587598.0,2463.0,55,4102.417475728155
obs_222be41c80285855,Steve Pepple,Antiseptics,2017-02-01,1865196.0,5430.0,74,2790.9088381109373
obs_7df95534430eb52e,Steve Pepple,Antiseptics,2017-03-01,3172961.0,8017.0,78,2505.932891304437
obs_d7588b4ecd54fe15,Steve Pepple,Antiseptics,2017-04-01,4273200.0,8261.0,61,2362.145282339676
obs_7a3cb9bbbabd3d02,Steve Pepple,Antiseptics,2017-05-01,2733513.0,9080.0,70,877.3074542607492
obs_31045847f351a000,Steve Pepple,Antiseptics,2017-06-01,3125697.0,10591.0,55,967.3088358681523
obs_f5a2bc00a25b9fe0,Steve Pepple,Antiseptics,2017-07-01,1992904.0,6269.0,83,714.2624314898047
obs_46b36b716e668282,Steve Pepple,Antiseptics,2017-08-01,3138862.0,7987.0,79,1143.5542079694956
obs_3771f7c1c99a1778,Steve Pepple,Antiseptics,2017-09-01,3865043.0,10664.0,70,1250.6528672000336
obs_152b6d99c0c4df97,Steve Pepple,Antiseptics,2017-10-01,2091733.0,6212.0,81,735.241642798587
obs_f475e4fedd906f56,Steve Pepple,Antiseptics,2017-11-01,3646774.0,7677.0,81,1159.9685178710463
obs_ab519ebdd644e5c5,Steve Pepple,Antiseptics,2017-12-01,1692818.0,5090.0,60,588.0068153440321
obs_2c519e675a4e2e1f,Steve Pepple,Antiseptics,2018-01-01,946067.0,6032.0,94,579.3363626543529
obs_1da4f5589c48ff4d,Steve Pepple,Antiseptics,2018-02-01,2953852.0,6042.0,106,1867.6357084224023
obs_65f07f4f4eb1e0db,Steve Pepple,Antiseptics,2018-03-01,7410898.0,16452.0,113,3375.168388433295
obs_2dc57f17872057ae,Steve Pepple,Antiseptics,2018-04-01,2042160.0,7786.0,108,753.4137488059199
obs_82dcc2fae6ada85d,Steve Pepple,Antiseptics,2018-05-01,3414374.0,8310.0,117,1152.7980301620703
obs_764b11dc03c59828,Steve Pepple,Antiseptics,2018-06-01,2502025.0,7915.0,100,783.5862046974555
obs_814d909eb1b13241,Steve Pepple,Antiseptics,2018-07-01,10502237.0,25573.0,124,3287.618849120562
obs_715980a25487fbb7,Steve Pepple,Antiseptics,2018-08-01,2735699.0,5345.0,96,833.419928499765
obs_db498019c207f8e7,Steve Pepple,Antiseptics,2018-09-01,3898160.0,10322.0,112,1479.2752963791434
obs_869858b4a85fea8e,Steve Pepple,Antiseptics,2018-10-01,5987451.0,13544.0,145,1614.0394517224058
obs_0d5a0dc193224e6f,Steve Pepple,Antiseptics,2018-11-01,2234049.0,6927.0,109,667.3083477173498
obs_9750cd1cd2a5da29,Steve Pepple,Antiseptics,2018-12-01,3586035.0,8215.0,95,919.8520671241258
obs_d3b36dade48871aa,Steve Pepple,Antiseptics,2019-01-01,1853416.0,3236.0,52,626.3417694700563
obs_ecaec85bcc962090,Steve Pepple,Antiseptics,2019-02-01,3004047.0,5725.0,62,1381.874729155948
obs_83c232f4208bd0fe,Steve Pepple,Antiseptics,2019-03-01,4159949.0,12066.0,80,1430.5601896762948
obs_f2502bed51b9399e,Steve Pepple,Antiseptics,2019-04-01,3680730.0,8767.0,48,1236.9625341433823
obs_83055e50e6f6811e,Steve Pepple,Mood Stabilizers,2017-01-01,967046.0,2686.0,53,5944.398058252427
obs_b9bc7db691e69391,Steve Pepple,Mood Stabilizers,2017-02-01,1261268.0,3624.0,45,1332.8254793915585
obs_cbef484e3c7c0382,Steve Pepple,Mood Stabilizers,2017-03-01,3501873.0,9890.0,67,2775.7619433478076
obs_a52ce93450ef5679,Steve Pepple,Mood Stabilizers,2017-04-01,3702209.0,7831.0,55,2674.9063917830754
obs_fa54618d2a4094a5,Steve Pepple,Mood Stabilizers,2017-05-01,2245927.0,5947.0,64,717.0025834358007
obs_cd8dac85daf8eeee,Steve Pepple,Mood Stabilizers,2017-06-01,8102550.0,17637.0,74,2373.1922742569836
obs_d10cb88749985b04,Steve Pepple,Mood Stabilizers,2017-07-01,1705128.0,4582.0,65,585.366819715588
obs_11f4affb67725d32,Steve Pepple,Mood Stabilizers,2017-08-01,4208789.0,10688.0,79,2024.2295901766613
obs_c46a04bd3ca97237,Steve Pepple,Mood Stabilizers,2017-09-01,4439904.0,7746.0,68,1030.233580183929
obs_f1851f3b6216586c,Steve Pepple,Mood Stabilizers,2017-10-01,2279913.0,5153.0,60,644.4438234472477
obs_ac8617af5e0b678b,Steve Pepple,Mood Stabilizers,2017-11-01,3201876.0,6644.0,83,803.9510549937562
obs_3bbdff331f9137e3,Steve Pepple,Mood Stabilizers,2017-12-01,1704459.0,5178.0,49,637.6199210494401
obs_0f31c86e24af9cf8,Steve Pepple,Mood Stabilizers,2018-01-01,5146963.0,10418.0,95,2345.8864343311957
obs_22572d8972a11a7a,Steve Pepple,Mood Stabilizers,2018-02-01,2464553.0,8124.0,105,810.4768664321998
obs_2bab812330fccd0a,Steve Pepple,Mood Stabilizers,2018-03-01,3982802.0,8690.0,110,1711.2065850543827
obs_69b988b1c5807b4f,Steve Pepple,Mood Stabilizers,2018-04-01,2841318.0,6726.0,91,769.4636524201825
obs_bbe7ee5daf199a40,Steve Pepple,Mood Stabilizers,2018-05-01,9936548.0,19486.0,97,2947.651227455449
obs_e88018f46dc0d3cc,Steve Pepple,Mood Stabilizers,2018-06-01,4896750.0,13369.0,112,1242.0796381518062
obs_4747f4b35ab970e0,Steve Pepple,Mood Stabilizers,2018-07-01,4875596.0,11633.0,89,975.0097027897937
obs_4f173c57255b3b98,Steve Pepple,Mood Stabilizers,2018-08-01,2639947.0,5658.0,88,642.5647633337151
obs_3b41febb948ea3f7,Steve Pepple,Mood Stabilizers,2018-09-01,1904374.0,5026.0,78,534.41242816004
obs_dd82569e4f306d85,Steve Pepple,Mood Stabilizers,2018-10-01,3669879.0,8689.0,137,1437.0553274309814
obs_7d82e1e05976e84b,Steve Pepple,Mood Stabilizers,2018-11-01,3408293.0,6642.0,92,1316.8033913640534
obs_997531eee4ab4fe4,Steve Pepple,Mood Stabilizers,2018-12-01,2700968.0,7773.0,94,827.0408447409482
obs_26bade2dab6a60d7,Steve Pepple,Mood Stabilizers,2019-01-01,1893180.0,5190.0,55,654.46320965175
obs_c63e90bc4e49d113,Steve Pepple,Mood Stabilizers,2019-02-01,1919480.0,4603.0,61,767.4735915606868
obs_a902eaa844131036,Steve Pepple,Mood Stabilizers,2019-03-01,1399953.0,6324.0,57,781.0726094708903
obs_b15c31a8737cf97b,Steve Pepple,Mood Stabilizers,2019-04-01,1019802.0,2495.0,56,642.2364866756781
obs_2e8f6e2448deb5b1,Thompson Crawford,Analgesics,2017-01-01,1098171.0,3127.0,46,6580.92718446602
obs_295fa136ae45538b,Thompson Crawford,Analgesics,2017-02-01,1855698.0,4002.0,52,1800.7377080724682
obs_1a40591823016b5e,Thompson Crawford,Analgesics,2017-03-01,2017147.0,4282.0,55,1407.4830718889934
obs_cec78ecd285f9d4c,Thompson Crawford,Analgesics,2017-04-01,2962035.0,7004.0,43,1687.1162063562674
obs_8bf010896264ce28,Thompson Crawford,Analgesics,2017-05-01,1512825.0,4250.0,61,796.1037802112328
obs_80ff6c04046a9a5b,Thompson Crawford,Analgesics,2017-06-01,4265141.0,8787.0,68,2276.428314900453
obs_872d280f7c2861d3,Thompson Crawford,Analgesics,2017-07-01,5691656.0,14287.0,72,2081.9608021387685
obs_b3dee67a1a9c8025,Thompson Crawford,Analgesics,2017-08-01,2326576.0,4450.0,60,647.1987650265437
obs_25faf1088c7da548,Thompson Crawford,Analgesics,2017-09-01,1783145.0,4077.0,54,554.4228909192118
obs_cb9bf4bec2a9ea30,Thompson Crawford,Analgesics,2017-10-01,1588026.0,4312.0,54,747.0091721269735
obs_3746053215667910,Thompson Crawford,Analgesics,2017-11-01,2188662.0,4511.0,57,1239.5834067804328
obs_4acb0549f6bbaac9,Thompson Crawford,Analgesics,2017-12-01,2528391.0,7002.0,43,1470.7998674317848
obs_ea8244c706b522d3,Thompson Crawford,Analgesics,2018-01-01,5133972.0,10884.0,93,2388.6954301192823
obs_5911d2aecb8e93dd,Thompson Crawford,Analgesics,2018-02-01,6668719.0,14645.0,107,2530.3566509332254
obs_c709399fb6797db1,Thompson Crawford,Analgesics,2018-03-01,5223592.0,14038.0,108,990.8662158202246
obs_176094043ab442f9,Thompson Crawford,Analgesics,2018-04-01,10034826.0,17259.0,92,2081.3817184044783
obs_c57ea7aea4685d25,Thompson Crawford,Analgesics,2018-05-01,3602697.0,9212.0,93,643.377357518352
obs_429836da470579c8,Thompson Crawford,Analgesics,2018-06-01,2159390.0,6512.0,99,551.0134327534197
obs_9a1db00dd0321e4b,Thompson Crawford,Analgesics,2018-07-01,2071788.0,5201.0,122,668.7372668713554
obs_cf38fafc4c2ba121,Thompson Crawford,Analgesics,2018-08-01,4044470.0,8753.0,99,2023.020333816854
obs_ba930e8fb32ad5b2,Thompson Crawford,Analgesics,2018-09-01,4057368.0,9927.0,114,2030.2690997282266
obs_6fe7350a9a462d35,Thompson Crawford,Analgesics,2018-10-01,5320532.0,12174.0,141,1346.4900989943333
obs_654b1292d0f5301d,Thompson Crawford,Analgesics,2018-11-01,3346727.0,8336.0,91,850.6201892266934
obs_02698c74129539a0,Thompson Crawford,Analgesics,2018-12-01,1807680.0,4458.0,78,574.4151983897428
obs_d92fafc603dde4d2,Thompson Crawford,Analgesics,2019-01-01,1383208.0,3526.0,47,550.947848827268
obs_f313d14aab3a2339,Thompson Crawford,Analgesics,2019-02-01,650953.0,1950.0,36,512.2117315634522
obs_ede105cce39324b6,Thompson Crawford,Analgesics,2019-03-01,2440760.0,5481.0,66,1891.462006177507
obs_eb4e2baa04cbd2b4,Thompson Crawford,Analgesics,2019-04-01,1186981.0,2241.0,49,874.856531626522
obs_f07bc33e8836907a,Thompson Crawford,Antibiotics,2017-01-01,1584892.0,3939.0,49,8943.650485436894
obs_491a9a8c5417d328,Thompson Crawford,Antibiotics,2017-02-01,2680908.0,9163.0,57,1802.8396422050162
obs_a87dc342c7f5200e,Thompson Crawford,Antibiotics,2017-03-01,3686966.0,7123.0,48,1847.8354826625127
obs_b3c8277239037954,Thompson Crawford,Antibiotics,2017-04-01,8627721.0,15099.0,49,2812.2371516179974
obs_18d835e8cd38b706,Thompson Crawford,Antibiotics,2017-05-01,1300993.0,3012.0,57,506.938903152348
obs_289ab9e18df66978,Thompson Crawford,Antibiotics,2017-06-01,3810939.0,7315.0,64,1004.3988664050024
obs_ddd83c2b117e8f5b,Thompson Crawford,Antibiotics,2017-07-01,3636682.0,8033.0,58,944.860090249602
obs_bb5e472971df2c98,Thompson Crawford,Antibiotics,2017-08-01,5883499.0,13435.0,56,1713.3744961259708
obs_dab91bf277f11629,Thompson Crawford,Antibiotics,2017-09-01,2792577.0,4895.0,52,783.5771195416489
obs_4064bef7e4437eb3,Thompson Crawford,Antibiotics,2017-10-01,3179119.0,6476.0,40,886.5397017743525
obs_2042510e8fde8b3a,Thompson Crawford,Antibiotics,2017-11-01,2520597.0,4889.0,67,827.3254052611883
obs_6df61fd7f1db7619,Thompson Crawford,Antibiotics,2017-12-01,1854135.0,5692.0,46,733.4596506992909
obs_c6d22efbf62c3353,Thompson Crawford,Antibiotics,2018-01-01,1938323.0,5346.0,74,809.9468073311389
obs_7494375c4869af73,Thompson Crawford,Antibiotics,2018-02-01,3934877.0,6736.0,85,2213.6431415448014
obs_5db46ab0de240248,Thompson Crawford,Antibiotics,2018-03-01,2377797.0,6881.0,94,1238.7487642017284
obs_860fc0db31e1f57e,Thompson Crawford,Antibiotics,2018-04-01,975997.0,2976.0,64,548.8806139399057
obs_887c39404f0a7a28,Thompson Crawford,Antibiotics,2018-05-01,1079964.0,2517.0,82,580.7185404801412
obs_1f756071328bd279,Thompson Crawford,Antibiotics,2018-06-01,2481943.0,6354.0,82,2365.6174641276248
obs_738f85c10c7498b9,Thompson Crawford,Antibiotics,2018-07-01,3290567.0,8860.0,99,2729.0887671804094
obs_b7684022d1716823,Thompson Crawford,Antibiotics,2018-08-01,1603078.0,4826.0,87,720.3128983321707
obs_8a94740ac921ff3c,Thompson Crawford,Antibiotics,2018-09-01,2021420.0,3691.0,76,843.0465635150731
obs_d17d011c1bbf4d3c,Thompson Crawford,Antibiotics,2018-10-01,2825048.0,8199.0,119,1446.0633172124603
obs_38471472e3d98d0e,Thompson Crawford,Antibiotics,2018-11-01,1841011.0,4765.0,92,913.1684609290805
obs_c75b449bde71da7b,Thompson Crawford,Antibiotics,2018-12-01,2632368.0,4865.0,79,1330.3847588444266
obs_727bc88a4dbe8d76,Thompson Crawford,Antibiotics,2019-01-01,660277.0,1633.0,39,432.643241104956
obs_1aef421c3f93f3b6,Thompson Crawford,Antibiotics,2019-02-01,1476140.0,3435.0,37,833.84182566045
obs_7a0240e9b46b5764,Thompson Crawford,Antibiotics,2019-03-01,2439472.0,4888.0,57,1755.5850202857862
obs_f3da011b799a8d8a,Thompson Crawford,Antibiotics,2019-04-01,2562699.0,5248.0,37,1856.89474029682
obs_c4541c1b7fa5a7c1,Thompson Crawford,Antimalarial,2017-01-01,2355908.0,4620.0,53,12686.446601941749
obs_030786bf110b77d9,Thompson Crawford,Antimalarial,2017-02-01,1031928.0,4470.0,55,568.9444933737419
obs_5d8028d4f70396b1,Thompson Crawford,Antimalarial,2017-03-01,1892907.0,5873.0,48,1106.1561026033778
obs_bfa8bb793ba5f061,Thompson Crawford,Antimalarial,2017-04-01,2191850.0,6041.0,51,1155.2524164802237
obs_2f6c1e30a0ef34f9,Thompson Crawford,Antimalarial,2017-05-01,1161422.0,4307.0,59,696.7708297702746
obs_a12aa273014350eb,Thompson Crawford,Antimalarial,2017-06-01,2788612.0,8042.0,54,1537.8521575955237
obs_e131b38f94d8f48c,Thompson Crawford,Antimalarial,2017-07-01,1946316.0,4447.0,65,896.5863943013959
obs_cfca299b6151f0fd,Thompson Crawford,Antimalarial,2017-08-01,348804.0,2265.0,39,380.49448041614573
obs_96d486c242e7d757,Thompson Crawford,Antimalarial,2017-09-01,781580.0,2711.0,49,542.404548123448
obs_b2117b63c7fdf1f0,Thompson Crawford,Antimalarial,2017-10-01,1680676.0,6853.0,48,2293.8626064156324
obs_6cca7e84c908df29,Thompson Crawford,Antimalarial,2017-11-01,3103542.0,6568.0,58,3177.6002282655227
obs_be9e83caa3668d51,Thompson Crawford,Antimalarial,2017-12-01,1075663.0,4740.0,44,716.0325709902166
obs_4e83a66c3379bca1,Thompson Crawford,Antimalarial,2018-01-01,3549444.0,6639.0,77,2275.201209490208
obs_f56acbec9eb39062,Thompson Crawford,Antimalarial,2018-02-01,1671659.0,3130.0,77,642.2058819195829
obs_39296f2dd57f23c5,Thompson Crawford,Antimalarial,2018-03-01,2726296.0,8566.0,104,1729.238379648862
obs_b85f8754b648eccc,Thompson Crawford,Antimalarial,2018-04-01,1472108.0,4363.0,73,643.1793543220816
obs_444e608e30a54b6e,Thompson Crawford,Antimalarial,2018-05-01,1279423.0,3772.0,75,807.3018715661439
obs_bb6a0cdc81535dd8,Thompson Crawford,Antimalarial,2018-06-01,14310002.0,30056.0,71,5968.813370093335
obs_41a18ea035c0270e,Thompson Crawford,Antimalarial,2018-07-01,1448042.0,6083.0,77,966.2514669868697
obs_8779f3e45326b375,Thompson Crawford,Antimalarial,2018-08-01,3282344.0,8870.0,97,2350.362333265477
obs_d0c85db5106d817a,Thompson Crawford,Antimalarial,2018-09-01,1440450.0,6134.0,77,569.5494924429922
obs_6b0d0d776be185aa,Thompson Crawford,Antimalarial,2018-10-01,2514797.0,6062.0,104,1857.6309297631674
obs_8973eca36cf1bc3a,Thompson Crawford,Antimalarial,2018-11-01,3577625.0,19284.0,100,1476.4924018206477
obs_468e5da9ded335e0,Thompson Crawford,Antimalarial,2018-12-01,944023.0,2999.0,78,523.3403087205506
obs_1d1e8ec6f77ea57d,Thompson Crawford,Antimalarial,2019-01-01,669262.0,1893.0,39,443.78371257366945
obs_5603690afa021eb9,Thompson Crawford,Antimalarial,2019-02-01,1654072.0,5881.0,55,1876.3983314377242
obs_e3fe1d34540d0fcd,Thompson Crawford,Antimalarial,2019-03-01,1030493.0,3594.0,55,1074.7540589274558
obs_f1ab3b7b1b980f80,Thompson Crawford,Antimalarial,2019-04-01,1231280.0,4376.0,43,1200.0553081488124
obs_de80b7e66a395c1a,Thompson Crawford,Antipiretics,2017-01-01,2561084.0,4421.0,37,13682.446601941747
obs_a7f3e91e363adb24,Thompson Crawford,Antipiretics,2017-02-01,1676550.0,3806.0,49,726.668799208248
obs_032a9f23af907d2d,Thompson Crawford,Antipiretics,2017-03-01,1755185.0,3504.0,53,853.1891050983107
obs_8198ac5b23196a98,Thompson Crawford,Antipiretics,2017-04-01,1804273.0,4378.0,47,998.5199676486956
obs_b9bcbe879939acd8,Thompson Crawford,Antipiretics,2017-05-01,2658858.0,5563.0,67,1588.4212589987542
obs_21a3db0b42857c99,Thompson Crawford,Antipiretics,2017-06-01,3847026.0,7625.0,43,2285.036465941996
obs_d8f38bac5a7189ea,Thompson Crawford,Antipiretics,2017-07-01,2753338.0,5934.0,53,1006.7160832396784
obs_0da60e41fb8b477f,Thompson Crawford,Antipiretics,2017-08-01,1778304.0,4399.0,55,720.2951665934434
obs_1f1f01127f45b59a,Thompson Crawford,Antipiretics,2017-09-01,5246398.0,9618.0,49,2062.461406510087
obs_e60812d74c9fb245,Thompson Crawford,Antipiretics,2017-10-01,6349950.0,14755.0,59,2369.550160568735
obs_09e35c3d90ad95e2,Thompson Crawford,Antipiretics,2017-11-01,4042874.0,8326.0,65,811.1164633834749
obs_27595db232aba339,Thompson Crawford,Antipiretics,2017-12-01,1343684.0,2895.0,35,436.4918901714377
obs_f3eeb6ab8efe986e,Thompson Crawford,Antipiretics,2018-01-01,1803404.0,3969.0,84,574.8081074075483
obs_bb529e3286843150,Thompson Crawford,Antipiretics,2018-02-01,2820372.0,8002.0,71,1647.9560616467847
obs_d617c65cefa48a3b,Thompson Crawford,Antipiretics,2018-03-01,9183162.0,20225.0,97,3721.906256761081
obs_273a54b61e32c4fd,Thompson Crawford,Antipiretics,2018-04-01,4907653.0,12269.0,73,1861.739005743496
obs_711cce7f67b668cc,Thompson Crawford,Antipiretics,2018-05-01,1542668.0,3791.0,72,478.88780884621895
obs_d4281d2971f0021c,Thompson Crawford,Antipiretics,2018-06-01,2697017.0,5587.0,69,650.1601845316055
obs_d3e759104ab317d1,Thompson Crawford,Antipiretics,2018-07-01,3777805.0,8084.0,88,1449.9206181589664
obs_9cbb78a59c69d4a9,Thompson Crawford,Antipiretics,2018-08-01,2465515.0,5552.0,91,915.6531688978449
obs_52369d90c0aa2b23,Thompson Crawford,Antipiretics,2018-09-01,5506027.0,8004.0,80,2227.5785995941987
obs_1b2ee89cf7f0c53d,Thompson Crawford,Antipiretics,2018-10-01,2938022.0,6400.0,97,816.290850842484
obs_f35a4a916f36d9b2,Thompson Crawford,Antipiretics,2018-11-01,4731815.0,10075.0,94,1704.5442246650414
obs_625a8b4aed948ddc,Thompson Crawford,Antipiretics,2018-12-01,1255959.0,2684.0,62,443.2732476707531
obs_ac9bfa1d0f0d2a77,Thompson Crawford,Antipiretics,2019-01-01,1055078.0,2511.0,48,511.48908333962453
obs_32c4914e8957141c,Thompson Crawford,Antipiretics,2019-02-01,1707619.0,3398.0,45,1400.0165653017384
obs_270a4ee8731bbb8b,Thompson Crawford,Antipiretics,2019-03-01,3138796.0,5845.0,51,2463.1664955948218
obs_af7d3e7b7e77e818,Thompson Crawford,Antipiretics,2019-04-01,1302335.0,2459.0,41,805.3359294233782
obs_7c68c00e71ff9fe8,Thompson Crawford,Antiseptics,2017-01-01,2909836.0,6477.0,62,15375.417475728154
obs_d2cf2c89908bdb7d,Thompson Crawford,Antiseptics,2017-02-01,5922982.0,11656.0,71,2220.2715037742023
obs_580cfc40f7f72f88,Thompson Crawford,Antiseptics,2017-03-01,6185137.0,9052.0,68,1449.6238852200895
obs_7c97c97fa8a7c0b4,Thompson Crawford,Antiseptics,2017-04-01,1774919.0,7089.0,58,468.203727036958
obs_b489f41fa1a1d83a,Thompson Crawford,Antiseptics,2017-05-01,3127689.0,7794.0,81,634.5096011775727
obs_4049e33faa0cd4a6,Thompson Crawford,Antiseptics,2017-06-01,1313888.0,9804.0,58,555.8854518805406
obs_784cce7d1dff5f04,Thompson Crawford,Antiseptics,2017-07-01,9132972.0,14488.0,95,3747.85007281913
obs_24067fd1cb5c5458,Thompson Crawford,Antiseptics,2017-08-01,4689587.0,10764.0,78,1569.6330770812897
obs_04785f3723d6cf91,Thompson Crawford,Antiseptics,2017-09-01,6942010.0,14303.0,85,1546.4842996783568
obs_88b20e5920dd5e98,Thompson Crawford,Antiseptics,2017-10-01,4994665.0,8662.0,81,773.8961036200268
obs_1fb45de867904e30,Thompson Crawford,Antiseptics,2017-11-01,2184155.0,7262.0,81,568.4205800015801
obs_b5a779d3c73ff828,Thompson Crawford,Antiseptics,2017-12-01,1589015.0,3215.0,54,481.6571296136084
obs_ced085c0a2ae1390,Thompson Crawford,Antiseptics,2018-01-01,2879248.0,6194.0,102,1349.8099996148342
obs_be1abd6ef911b39d,Thompson Crawford,Antiseptics,2018-02-01,1267628.0,7066.0,115,672.6028359193274
obs_3ee56a81248f2d77,Thompson Crawford,Antiseptics,2018-03-01,12690382.0,24542.0,123,5126.854284981882
obs_95eda1f07670c051,Thompson Crawford,Antiseptics,2018-04-01,3496097.0,6355.0,102,1223.5917729381224
obs_137a195db407e4f6,Thompson Crawford,Antiseptics,2018-05-01,2865184.0,6293.0,99,846.7508993961591
obs_b1028deaf46c2615,Thompson Crawford,Antiseptics,2018-06-01,3897271.0,12124.0,110,1102.8508549774165
obs_e39ea366e4d6721a,Thompson Crawford,Antiseptics,2018-07-01,4512457.0,10345.0,107,1316.398977771581
obs_dda6ce1e09326005,Thompson Crawford,Antiseptics,2018-08-01,4127322.0,9995.0,117,1035.2290544665989
obs_024ec09aea430081,Thompson Crawford,Antiseptics,2018-09-01,10601268.0,31068.0,116,2496.8730576247135
obs_c156fa7d11107354,Thompson Crawford,Antiseptics,2018-10-01,5189995.0,12233.0,141,1145.8111116314733
obs_2ad467b788104948,Thompson Crawford,Antiseptics,2018-11-01,9698367.0,23916.0,122,2017.7984977013791
obs_b2bcdf9d58cc00f9,Thompson Crawford,Antiseptics,2018-12-01,3906465.0,9313.0,126,543.2981758181107
obs_36c0297ca3b151d8,Thompson Crawford,Antiseptics,2019-01-01,2109619.0,5215.0,59,545.9791560118699
obs_933ff6c411f73168,Thompson Crawford,Antiseptics,2019-02-01,7230741.0,19305.0,66,1996.3201683631758
obs_3e27772abe511521,Thompson Crawford,Antiseptics,2019-03-01,652158.0,2706.0,66,371.5606258080099
obs_b22cc8e4dd6ae929,Thompson Crawford,Antiseptics,2019-04-01,2639547.0,4843.0,49,1268.4418313752758
obs_0ecee085edee1190,Thompson Crawford,Mood Stabilizers,2017-01-01,2375483.0,7612.0,67,12781.47087378641
obs_70ea2d6d0e6b545a,Thompson Crawford,Mood Stabilizers,2017-02-01,4310934.0,9850.0,65,1952.3799031260064
obs_69f095f1b1b8c387,Thompson Crawford,Mood Stabilizers,2017-03-01,5658013.0,13081.0,57,1803.8714923307841
obs_7202190d3204b693,Thompson Crawford,Mood Stabilizers,2017-04-01,1421847.0,5267.0,45,490.16268526423585
obs_fe2223edc7dda8f0,Thompson Crawford,Mood Stabilizers,2017-05-01,3240217.0,8053.0,83,797.3016545091183
obs_03e86b2dcbe5f4d0,Thompson Crawford,Mood Stabilizers,2017-06-01,1286616.0,3858.0,58,539.1338174818575
obs_522da6976e00143e,Thompson Crawford,Mood Stabilizers,2017-07-01,2713071.0,9208.0,71,2065.693526240083
obs_30a9bc2058690733,Thompson Crawford,Mood Stabilizers,2017-08-01,1761738.0,5468.0,49,722.8291047447099
obs_75fa3743c534e3c6,Thompson Crawford,Mood Stabilizers,2017-09-01,2175070.0,6302.0,58,1248.3204416618291
obs_543f9b59451b6c6e,Thompson Crawford,Mood Stabilizers,2017-10-01,2295492.0,4488.0,48,1030.7823482168033
obs_a7ba022cd2dedf7b,Thompson Crawford,Mood Stabilizers,2017-11-01,2311154.0,6184.0,58,1039.5210469958758
obs_ca4ce1272b47d942,Thompson Crawford,Mood Stabilizers,2017-12-01,3631717.0,9460.0,56,1670.0343733235927
obs_5ca8d0b45db80818,Thompson Crawford,Mood Stabilizers,2018-01-01,8280684.0,15155.0,92,2989.2824167334184
obs_f4749e09a014ebfa,Thompson Crawford,Mood Stabilizers,2018-02-01,2749971.0,7383.0,108,801.3662182271264
obs_99cef9179d8c4097,Thompson Crawford,Mood Stabilizers,2018-03-01,3482798.0,8930.0,105,948.2972409923593
obs_57ee784686b85884,Thompson Crawford,Mood Stabilizers,2018-04-01,2280110.0,6191.0,83,726.7070245947828
obs_00de046a6740be34,Thompson Crawford,Mood Stabilizers,2018-05-01,1547010.0,5698.0,92,659.6274441559601
obs_2a224a4d37042a64,Thompson Crawford,Mood Stabilizers,2018-06-01,2410332.0,5677.0,89,1032.9031029971172
obs_bd9405ef2011ad51,Thompson Crawford,Mood Stabilizers,2018-07-01,2180675.0,6903.0,88,946.4006761213573
obs_1127362ece2a4aa6,Thompson Crawford,Mood Stabilizers,2018-08-01,3758094.0,7035.0,82,1841.4596119643634
obs_9ec8e2b9950d4c8e,Thompson Crawford,Mood Stabilizers,2018-09-01,2394152.0,5844.0,93,973.2674017964314
obs_4fa506f86bd818ad,Thompson Crawford,Mood Stabilizers,2018-10-01,6767449.0,13077.0,130,2622.1640971315637
obs_08a15578bc01a800,Thompson Crawford,Mood Stabilizers,2018-11-01,3773549.0,11375.0,104,981.1498473345616
obs_dfb4bf3294810d2e,Thompson Crawford,Mood Stabilizers,2018-12-01,2073943.0,5058.0,88,650.1942653727069
obs_14c84c5373ab6e9f,Thompson Crawford,Mood Stabilizers,2019-01-01,2279008.0,6345.0,36,689.764223191535
obs_7c4ed3e0d26e7366,Thompson Crawford,Mood Stabilizers,2019-02-01,3453894.0,8333.0,59,1589.229582361639
obs_8334eb12fadfda7a,Thompson Crawford,Mood Stabilizers,2019-03-01,6773824.0,20890.0,77,2692.848852513858
obs_26700eeab9c910eb,Thompson Crawford,Mood Stabilizers,2019-04-01,3446382.0,6796.0,46,976.5716482065401
