observation_id,rep_id,rep_name,manager_id,manager_name,team_id,team_name,territory_id,territory_name,period,split,anomaly_score,raw_score,threshold_flag,manager_review_flag,primary_reason,recommended_review_action,ground_truth_label,anomaly_type,anomaly_category,severity,injection_count,benchmark_mode_disclosure
RPER_adb7425d1ba527fb,REP_6daf09991b71,Jimmy Grey,MGR_4b97498897f6,Alisha Cordwell,TEAM_b9dd960c1753,Charlie,TERR_938541fb7311,Charlie / Germany,2019-01-01,test,0.9965187143318572,264.3821623057947,True,True,Unapproved discount rate was the largest PCA reconstruction deviation (observed 0.2016).,"Validate the underlying orders, discounts, returns, period timing, and customer context before action.",1,multi_signal_sales_discount_returns,multi_signal,medium,1,Controlled synthetic labels for evaluation only; not evidence of fraud or misconduct.
RPER_9937f96b8dc6afff,REP_bba68d031906,Steve Pepple,MGR_eb86f856200b,Tracy Banks,TEAM_f144a6907dc4,Bravo,TERR_07a5ea4d7ed4,Bravo / Germany,2017-01-01,train,0.9936170212765958,229.72564941191308,True,True,Incentive peer median was the largest PCA reconstruction deviation (observed 0).,"Validate the target, policy tier, adjustment approval, and payout reconciliation before action.",0,none,none,none,0,Controlled synthetic labels for evaluation only; not evidence of fraud or misconduct.
RPER_aab09bf2ab808a27,REP_d21d2dd167c5,Morris Garcia,MGR_eb86f856200b,Tracy Banks,TEAM_f144a6907dc4,Bravo,TERR_07a5ea4d7ed4,Bravo / Germany,2017-01-01,train,0.9893617021276596,229.40153213223823,True,True,Incentive peer median was the largest PCA reconstruction deviation (observed 0).,"Validate the target, policy tier, adjustment approval, and payout reconciliation before action.",0,none,none,none,0,Controlled synthetic labels for evaluation only; not evidence of fraud or misconduct.
RPER_e45c04d0d84e35a9,REP_bba68d031906,Steve Pepple,MGR_eb86f856200b,Tracy Banks,TEAM_f144a6907dc4,Bravo,TERR_07a5ea4d7ed4,Bravo / Germany,2019-01-01,test,0.9852600059663819,199.57548907725223,True,True,Incentive peer median was the largest PCA reconstruction deviation (observed 0).,"Validate the target, policy tier, adjustment approval, and payout reconciliation before action.",0,none,none,none,0,Controlled synthetic labels for evaluation only; not evidence of fraud or misconduct.
RPER_6378e24425a5676f,REP_db1cc40d477a,Erica Jones,MGR_5e1c70ff0ce6,James Goodwill,TEAM_a405eba78bf2,Alfa,TERR_b31415d90eb9,Alfa / Germany,2019-01-01,test,0.9852110195258285,199.21927749365184,True,True,Incentive peer median was the largest PCA reconstruction deviation (observed 0).,"Validate the target, policy tier, adjustment approval, and payout reconciliation before action.",0,none,none,none,0,Controlled synthetic labels for evaluation only; not evidence of fraud or misconduct.
RPER_4c8ca2c81587e694,REP_82f7cb811b80,Stella Given,MGR_4b97498897f6,Alisha Cordwell,TEAM_b9dd960c1753,Charlie,TERR_938541fb7311,Charlie / Germany,2019-01-01,test,0.9851701727917148,198.92225489557902,True,True,Incentive peer median was the largest PCA reconstruction deviation (observed 0).,"Validate the target, policy tier, adjustment approval, and payout reconciliation before action.",0,none,none,none,0,Controlled synthetic labels for evaluation only; not evidence of fraud or misconduct.
RPER_2830872bf4889d63,REP_a132178ac1b8,Alan Ray,MGR_5e1c70ff0ce6,James Goodwill,TEAM_a405eba78bf2,Alfa,TERR_b31415d90eb9,Alfa / Germany,2019-01-01,test,0.9851365860437462,198.67802427692726,True,True,Incentive peer median was the largest PCA reconstruction deviation (observed 0).,"Validate the target, policy tier, adjustment approval, and payout reconciliation before action.",0,none,none,none,0,Controlled synthetic labels for evaluation only; not evidence of fraud or misconduct.
RPER_8afd0f88595a10ae,REP_2234ec3bee93,Daniel Gates,MGR_4b97498897f6,Alisha Cordwell,TEAM_b9dd960c1753,Charlie,TERR_938541fb7311,Charlie / Germany,2019-01-01,test,0.9851360226155926,198.67392723226448,True,True,Incentive peer median was the largest PCA reconstruction deviation (observed 0).,"Validate the target, policy tier, adjustment approval, and payout reconciliation before action.",0,none,none,none,0,Controlled synthetic labels for evaluation only; not evidence of fraud or misconduct.
RPER_5b9ff9cb07f6a5cd,REP_c56e2fba156a,Thompson Crawford,MGR_5e1c70ff0ce6,James Goodwill,TEAM_a405eba78bf2,Alfa,TERR_b31415d90eb9,Alfa / Germany,2019-01-01,test,0.9851333906698906,198.65478868012895,True,True,Incentive peer median was the largest PCA reconstruction deviation (observed 0).,"Validate the target, policy tier, adjustment approval, and payout reconciliation before action.",0,none,none,none,0,Controlled synthetic labels for evaluation only; not evidence of fraud or misconduct.
RPER_bf09bdbf81b1ae76,REP_d21d2dd167c5,Morris Garcia,MGR_eb86f856200b,Tracy Banks,TEAM_f144a6907dc4,Bravo,TERR_07a5ea4d7ed4,Bravo / Germany,2019-01-01,test,0.9851180788927628,198.54344700441578,True,True,Incentive peer median was the largest PCA reconstruction deviation (observed 0).,"Validate the target, policy tier, adjustment approval, and payout reconciliation before action.",0,none,none,none,0,Controlled synthetic labels for evaluation only; not evidence of fraud or misconduct.
RPER_30d10d636bd623f0,REP_6003efb01f5e,Sheila Stones,MGR_31981a685b7e,Britanny Bold,TEAM_4f4a9410ffcd,Delta,TERR_49c0203db75f,Delta / Germany,2018-12-01,validation,0.9851114515353827,198.49525527134068,True,True,Incentive peer median was the largest PCA reconstruction deviation (observed 0).,"Validate the target, policy tier, adjustment approval, and payout reconciliation before action.",0,none,none,none,0,Controlled synthetic labels for evaluation only; not evidence of fraud or misconduct.
RPER_c507c4a06ca478dc,REP_0dfc420450a6,Abigail Thompson,MGR_eb86f856200b,Tracy Banks,TEAM_f144a6907dc4,Bravo,TERR_07a5ea4d7ed4,Bravo / Germany,2017-12-01,train,0.9851063829787234,198.45839857030745,True,True,Incentive peer median was the largest PCA reconstruction deviation (observed 0).,"Validate the target, policy tier, adjustment approval, and payout reconciliation before action.",0,none,none,none,0,Controlled synthetic labels for evaluation only; not evidence of fraud or misconduct.
RPER_a6ede9613fc560a2,REP_db1cc40d477a,Erica Jones,MGR_5e1c70ff0ce6,James Goodwill,TEAM_a405eba78bf2,Alfa,TERR_b31415d90eb9,Alfa / Germany,2019-04-01,test,0.9848922448158383,198.4414455126367,True,True,Incentive peer median was the largest PCA reconstruction deviation (observed 0).,"Validate the target, policy tier, adjustment approval, and payout reconciliation before action.",0,none,none,none,0,Controlled synthetic labels for evaluation only; not evidence of fraud or misconduct.
RPER_2ddbd68d4476b0b2,REP_a132178ac1b8,Alan Ray,MGR_5e1c70ff0ce6,James Goodwill,TEAM_a405eba78bf2,Alfa,TERR_b31415d90eb9,Alfa / Germany,2019-04-01,test,0.9845166015318404,198.4117062911386,True,True,Incentive peer median was the largest PCA reconstruction deviation (observed 0).,"Validate the target, policy tier, adjustment approval, and payout reconciliation before action.",0,none,none,none,0,Controlled synthetic labels for evaluation only; not evidence of fraud or misconduct.
RPER_c06918a37c89d042,REP_56269a9759c4,Anne Wu,MGR_31981a685b7e,Britanny Bold,TEAM_4f4a9410ffcd,Delta,TERR_49c0203db75f,Delta / Germany,2018-12-01,validation,0.9838485949762106,198.35882102533895,True,True,Incentive peer median was the largest PCA reconstruction deviation (observed 0).,"Validate the target, policy tier, adjustment approval, and payout reconciliation before action.",0,none,none,none,0,Controlled synthetic labels for evaluation only; not evidence of fraud or misconduct.
RPER_0b5ae6ab385c0626,REP_bba68d031906,Steve Pepple,MGR_eb86f856200b,Tracy Banks,TEAM_f144a6907dc4,Bravo,TERR_07a5ea4d7ed4,Bravo / Germany,2017-12-01,train,0.9808510638297873,198.1215101335741,True,True,Incentive peer median was the largest PCA reconstruction deviation (observed 0).,"Validate the target, policy tier, adjustment approval, and payout reconciliation before action.",0,none,none,none,0,Controlled synthetic labels for evaluation only; not evidence of fraud or misconduct.
RPER_3d9a8f77d161982f,REP_82f7cb811b80,Stella Given,MGR_4b97498897f6,Alisha Cordwell,TEAM_b9dd960c1753,Charlie,TERR_938541fb7311,Charlie / Germany,2017-01-01,train,0.9765957446808511,177.49159080032607,True,True,Calculated incentive was the largest PCA reconstruction deviation (observed 0).,"Validate the target, policy tier, adjustment approval, and payout reconciliation before action.",0,none,none,none,0,Controlled synthetic labels for evaluation only; not evidence of fraud or misconduct.
RPER_5f70f939a7c0dc2f,REP_c56e2fba156a,Thompson Crawford,MGR_5e1c70ff0ce6,James Goodwill,TEAM_a405eba78bf2,Alfa,TERR_6090deb666aa,Alfa / Poland,2018-12-01,validation,0.9755292403326362,169.89899354332226,True,True,Calculated incentive was the largest PCA reconstruction deviation (observed 0).,"Validate the target, policy tier, adjustment approval, and payout reconciliation before action.",0,none,none,none,0,Controlled synthetic labels for evaluation only; not evidence of fraud or misconduct.
RPER_3a2f83b69da09f3c,REP_0dfc420450a6,Abigail Thompson,MGR_eb86f856200b,Tracy Banks,TEAM_f144a6907dc4,Bravo,TERR_9efd649c43bb,Bravo / Poland,2018-12-01,validation,0.9755090086563628,169.75496134126422,True,True,Calculated incentive was the largest PCA reconstruction deviation (observed 0).,"Validate the target, policy tier, adjustment approval, and payout reconciliation before action.",0,none,none,none,0,Controlled synthetic labels for evaluation only; not evidence of fraud or misconduct.
RPER_bba98becd6326856,REP_0dfc420450a6,Abigail Thompson,MGR_eb86f856200b,Tracy Banks,TEAM_f144a6907dc4,Bravo,TERR_07a5ea4d7ed4,Bravo / Germany,2019-01-01,test,0.97436406106588,161.6039154036986,False,False,Incentive peer median was the largest PCA reconstruction deviation (observed 0).,"Validate the target, policy tier, adjustment approval, and payout reconciliation before action.",1,end_of_period_sales_spike|peer_incentive_outlier,incentive|order_timing,low,2,Controlled synthetic labels for evaluation only; not evidence of fraud or misconduct.
RPER_845bbdba12750844,REP_200ef690040c,Mary Gerrard,MGR_31981a685b7e,Britanny Bold,TEAM_4f4a9410ffcd,Delta,TERR_49c0203db75f,Delta / Germany,2019-01-01,test,0.9735506856249615,155.8133791044616,False,False,Calculated incentive was the largest PCA reconstruction deviation (observed 0).,"Validate the target, policy tier, adjustment approval, and payout reconciliation before action.",0,none,none,none,0,Controlled synthetic labels for evaluation only; not evidence of fraud or misconduct.
RPER_1febf733bd3d731d,REP_e7e9152643c7,Jessica Smith,MGR_31981a685b7e,Britanny Bold,TEAM_4f4a9410ffcd,Delta,TERR_49c0203db75f,Delta / Germany,2019-01-01,test,0.9735151479146464,155.56038105310816,False,False,Calculated incentive was the largest PCA reconstruction deviation (observed 0).,"Validate the target, policy tier, adjustment approval, and payout reconciliation before action.",0,none,none,none,0,Controlled synthetic labels for evaluation only; not evidence of fraud or misconduct.
RPER_4f33b8654c5e7ed3,REP_200ef690040c,Mary Gerrard,MGR_31981a685b7e,Britanny Bold,TEAM_4f4a9410ffcd,Delta,TERR_49c0203db75f,Delta / Germany,2017-12-01,train,0.9723404255319149,147.19736410357828,False,False,Calculated incentive was the largest PCA reconstruction deviation (observed 0).,"Validate the target, policy tier, adjustment approval, and payout reconciliation before action.",0,none,none,none,0,Controlled synthetic labels for evaluation only; not evidence of fraud or misconduct.
RPER_e2f00d0d9940d962,REP_d21d2dd167c5,Morris Garcia,MGR_eb86f856200b,Tracy Banks,TEAM_f144a6907dc4,Bravo,TERR_07a5ea4d7ed4,Bravo / Germany,2019-04-01,test,0.9700798959390835,146.75480184036837,False,False,Calculated incentive was the largest PCA reconstruction deviation (observed 0).,"Validate the target, policy tier, adjustment approval, and payout reconciliation before action.",0,none,none,none,0,Controlled synthetic labels for evaluation only; not evidence of fraud or misconduct.
RPER_61fa5ecd52929f18,REP_0dfc420450a6,Abigail Thompson,MGR_eb86f856200b,Tracy Banks,TEAM_f144a6907dc4,Bravo,TERR_07a5ea4d7ed4,Bravo / Germany,2018-04-01,train,0.9680851063829787,146.36426566540442,False,False,Calculated incentive was the largest PCA reconstruction deviation (observed 0).,"Validate the target, policy tier, adjustment approval, and payout reconciliation before action.",0,none,none,none,0,Controlled synthetic labels for evaluation only; not evidence of fraud or misconduct.
RPER_b6193ba7d58b6ac5,REP_e7e9152643c7,Jessica Smith,MGR_31981a685b7e,Britanny Bold,TEAM_4f4a9410ffcd,Delta,TERR_49c0203db75f,Delta / Germany,2018-09-01,validation,0.9646067291244421,146.31979263922793,False,False,Calculated incentive was the largest PCA reconstruction deviation (observed 0).,"Validate the target, policy tier, adjustment approval, and payout reconciliation before action.",0,none,none,none,0,Controlled synthetic labels for evaluation only; not evidence of fraud or misconduct.
RPER_0d1245f1ac61b5ba,REP_0dfc420450a6,Abigail Thompson,MGR_eb86f856200b,Tracy Banks,TEAM_f144a6907dc4,Bravo,TERR_07a5ea4d7ed4,Bravo / Germany,2018-05-01,train,0.9638297872340426,146.30985899647985,False,False,Calculated incentive was the largest PCA reconstruction deviation (observed 0).,"Validate the target, policy tier, adjustment approval, and payout reconciliation before action.",0,none,none,none,0,Controlled synthetic labels for evaluation only; not evidence of fraud or misconduct.
RPER_f821fa164bd1cebe,REP_e7e9152643c7,Jessica Smith,MGR_31981a685b7e,Britanny Bold,TEAM_4f4a9410ffcd,Delta,TERR_49c0203db75f,Delta / Germany,2018-11-01,validation,0.9616556259158654,146.26322621743216,False,False,Calculated incentive was the largest PCA reconstruction deviation (observed 0).,"Validate the target, policy tier, adjustment approval, and payout reconciliation before action.",0,none,none,none,0,Controlled synthetic labels for evaluation only; not evidence of fraud or misconduct.
RPER_710d0ff66c0f09e5,REP_6daf09991b71,Jimmy Grey,MGR_4b97498897f6,Alisha Cordwell,TEAM_b9dd960c1753,Charlie,TERR_938541fb7311,Charlie / Germany,2018-12-01,validation,0.9616393806367673,146.26287777847116,False,False,Calculated incentive was the largest PCA reconstruction deviation (observed 0).,"Validate the target, policy tier, adjustment approval, and payout reconciliation before action.",0,none,none,none,0,Controlled synthetic labels for evaluation only; not evidence of fraud or misconduct.
RPER_dac05c425c7d282a,REP_56269a9759c4,Anne Wu,MGR_31981a685b7e,Britanny Bold,TEAM_4f4a9410ffcd,Delta,TERR_49c0203db75f,Delta / Germany,2017-12-01,train,0.9595744680851064,146.21858823566248,False,False,Calculated incentive was the largest PCA reconstruction deviation (observed 0).,"Validate the target, policy tier, adjustment approval, and payout reconciliation before action.",0,none,none,none,0,Controlled synthetic labels for evaluation only; not evidence of fraud or misconduct.
RPER_d7edf4651f52b591,REP_a132178ac1b8,Alan Ray,MGR_5e1c70ff0ce6,James Goodwill,TEAM_a405eba78bf2,Alfa,TERR_b31415d90eb9,Alfa / Germany,2018-08-01,validation,0.9583402679118662,146.1599552122044,False,False,Calculated incentive was the largest PCA reconstruction deviation (observed 0).,"Validate the target, policy tier, adjustment approval, and payout reconciliation before action.",0,none,none,none,0,Controlled synthetic labels for evaluation only; not evidence of fraud or misconduct.
RPER_2da8f3927d9d185e,REP_c56e2fba156a,Thompson Crawford,MGR_5e1c70ff0ce6,James Goodwill,TEAM_a405eba78bf2,Alfa,TERR_b31415d90eb9,Alfa / Germany,2018-05-01,train,0.9553191489361702,146.01643121697876,False,False,Calculated incentive was the largest PCA reconstruction deviation (observed 0).,"Validate the target, policy tier, adjustment approval, and payout reconciliation before action.",0,none,none,none,0,Controlled synthetic labels for evaluation only; not evidence of fraud or misconduct.
RPER_e3a3c677f7819e38,REP_2234ec3bee93,Daniel Gates,MGR_4b97498897f6,Alisha Cordwell,TEAM_b9dd960c1753,Charlie,TERR_938541fb7311,Charlie / Germany,2018-09-01,validation,0.9524149642744475,145.995737673398,False,False,Calculated incentive was the largest PCA reconstruction deviation (observed 0).,"Validate the target, policy tier, adjustment approval, and payout reconciliation before action.",0,none,none,none,0,Controlled synthetic labels for evaluation only; not evidence of fraud or misconduct.
RPER_2981928e97076424,REP_200ef690040c,Mary Gerrard,MGR_31981a685b7e,Britanny Bold,TEAM_4f4a9410ffcd,Delta,TERR_49c0203db75f,Delta / Germany,2018-04-01,train,0.951063829787234,145.98611026892777,False,False,Calculated incentive was the largest PCA reconstruction deviation (observed 0).,"Validate the target, policy tier, adjustment approval, and payout reconciliation before action.",0,none,none,none,0,Controlled synthetic labels for evaluation only; not evidence of fraud or misconduct.
RPER_544224f61048f591,REP_c56e2fba156a,Thompson Crawford,MGR_5e1c70ff0ce6,James Goodwill,TEAM_a405eba78bf2,Alfa,TERR_b31415d90eb9,Alfa / Germany,2017-12-01,train,0.9468085106382979,145.97871504959082,False,False,Calculated incentive was the largest PCA reconstruction deviation (observed 0).,"Validate the target, policy tier, adjustment approval, and payout reconciliation before action.",0,none,none,none,0,Controlled synthetic labels for evaluation only; not evidence of fraud or misconduct.
RPER_21606fda070f2bf4,REP_6daf09991b71,Jimmy Grey,MGR_4b97498897f6,Alisha Cordwell,TEAM_b9dd960c1753,Charlie,TERR_938541fb7311,Charlie / Germany,2018-05-01,train,0.9425531914893617,145.96788212554273,False,False,Calculated incentive was the largest PCA reconstruction deviation (observed 0).,"Validate the target, policy tier, adjustment approval, and payout reconciliation before action.",0,none,none,none,0,Controlled synthetic labels for evaluation only; not evidence of fraud or misconduct.
RPER_f130fc721869b3ba,REP_200ef690040c,Mary Gerrard,MGR_31981a685b7e,Britanny Bold,TEAM_4f4a9410ffcd,Delta,TERR_49c0203db75f,Delta / Germany,2017-05-01,train,0.9382978723404255,145.94211589697994,False,False,Calculated incentive was the largest PCA reconstruction deviation (observed 0).,"Validate the target, policy tier, adjustment approval, and payout reconciliation before action.",0,none,none,none,0,Controlled synthetic labels for evaluation only; not evidence of fraud or misconduct.
RPER_c51059e959f60cba,REP_2234ec3bee93,Daniel Gates,MGR_4b97498897f6,Alisha Cordwell,TEAM_b9dd960c1753,Charlie,TERR_938541fb7311,Charlie / Germany,2017-11-01,train,0.9340425531914893,145.8139666410817,False,False,Calculated incentive was the largest PCA reconstruction deviation (observed 0).,"Validate the target, policy tier, adjustment approval, and payout reconciliation before action.",0,none,none,none,0,Controlled synthetic labels for evaluation only; not evidence of fraud or misconduct.
RPER_9ede02831ec4dc11,REP_56269a9759c4,Anne Wu,MGR_31981a685b7e,Britanny Bold,TEAM_4f4a9410ffcd,Delta,TERR_49c0203db75f,Delta / Germany,2019-01-01,test,0.9318984815175342,115.58910655574351,False,False,Calculated incentive was the largest PCA reconstruction deviation (observed 0).,"Validate the target, policy tier, adjustment approval, and payout reconciliation before action.",1,end_of_period_sales_spike|incorrect_accelerator_tier|unsupported_manual_override,incentive|order_timing,high|low,3,Controlled synthetic labels for evaluation only; not evidence of fraud or misconduct.
RPER_8a5c9e1ff8ccb1a8,REP_6003efb01f5e,Sheila Stones,MGR_31981a685b7e,Britanny Bold,TEAM_4f4a9410ffcd,Delta,TERR_49c0203db75f,Delta / Germany,2019-01-01,test,0.9315943583227153,111.30189865883979,False,False,Calculated incentive was the largest PCA reconstruction deviation (observed 0).,"Validate the target, policy tier, adjustment approval, and payout reconciliation before action.",1,duplicate_incentive_adjustment|territory_potential_explained_performance,incentive|territory,high|low,2,Controlled synthetic labels for evaluation only; not evidence of fraud or misconduct.
RPER_8ef84997ed6c0c60,REP_0dfc420450a6,Abigail Thompson,MGR_eb86f856200b,Tracy Banks,TEAM_f144a6907dc4,Bravo,TERR_07a5ea4d7ed4,Bravo / Germany,2017-01-01,train,0.9297872340425531,85.82696739221699,False,False,Incentive peer median was the largest PCA reconstruction deviation (observed 0).,"Validate the target, policy tier, adjustment approval, and payout reconciliation before action.",0,none,none,none,0,Controlled synthetic labels for evaluation only; not evidence of fraud or misconduct.
RPER_51a48596d3290b29,REP_a132178ac1b8,Alan Ray,MGR_5e1c70ff0ce6,James Goodwill,TEAM_a405eba78bf2,Alfa,TERR_b31415d90eb9,Alfa / Germany,2019-02-01,test,0.9277539679039085,70.7688245773363,False,False,Unapproved discount rate was the largest PCA reconstruction deviation (observed 0.2198).,"Validate the underlying orders, discounts, returns, period timing, and customer context before action.",1,threshold_crossing_discount,discount,medium,1,Controlled synthetic labels for evaluation only; not evidence of fraud or misconduct.
RPER_746fbd7406c0117d,REP_200ef690040c,Mary Gerrard,MGR_31981a685b7e,Britanny Bold,TEAM_4f4a9410ffcd,Delta,TERR_49c0203db75f,Delta / Germany,2018-12-01,validation,0.925641331176558,55.12287201275402,False,False,Incentive peer median was the largest PCA reconstruction deviation (observed 0).,"Validate the target, policy tier, adjustment approval, and payout reconciliation before action.",0,none,none,none,0,Controlled synthetic labels for evaluation only; not evidence of fraud or misconduct.
RPER_0edbb97dfcd71947,REP_d21d2dd167c5,Morris Garcia,MGR_eb86f856200b,Tracy Banks,TEAM_f144a6907dc4,Bravo,TERR_07a5ea4d7ed4,Bravo / Germany,2017-12-01,train,0.925531914893617,54.312547194234334,False,False,Incentive peer median was the largest PCA reconstruction deviation (observed 0).,"Validate the target, policy tier, adjustment approval, and payout reconciliation before action.",0,none,none,none,0,Controlled synthetic labels for evaluation only; not evidence of fraud or misconduct.
RPER_544e6d333b9b3ee6,REP_c56e2fba156a,Thompson Crawford,MGR_5e1c70ff0ce6,James Goodwill,TEAM_a405eba78bf2,Alfa,TERR_b31415d90eb9,Alfa / Germany,2019-04-01,test,0.9254564588394284,53.94050233613081,False,False,Incentive peer median was the largest PCA reconstruction deviation (observed 0).,"Validate the target, policy tier, adjustment approval, and payout reconciliation before action.",0,none,none,none,0,Controlled synthetic labels for evaluation only; not evidence of fraud or misconduct.
RPER_0d74e5c2d3b72cb3,REP_a132178ac1b8,Alan Ray,MGR_5e1c70ff0ce6,James Goodwill,TEAM_a405eba78bf2,Alfa,TERR_b31415d90eb9,Alfa / Germany,2017-01-01,train,0.9212765957446809,33.33120082015429,False,False,Rep historical mean was the largest PCA reconstruction deviation (observed 0).,"Validate the source record, peer context, and relevant commercial activity before action.",0,none,none,none,0,Controlled synthetic labels for evaluation only; not evidence of fraud or misconduct.
RPER_66e6b26b6761af61,REP_200ef690040c,Mary Gerrard,MGR_31981a685b7e,Britanny Bold,TEAM_4f4a9410ffcd,Delta,TERR_49c0203db75f,Delta / Germany,2017-01-01,train,0.9170212765957447,32.81033506948615,False,False,Rep historical mean was the largest PCA reconstruction deviation (observed 0).,"Validate the source record, peer context, and relevant commercial activity before action.",0,none,none,none,0,Controlled synthetic labels for evaluation only; not evidence of fraud or misconduct.
RPER_a5e34fb410006ef2,REP_56269a9759c4,Anne Wu,MGR_31981a685b7e,Britanny Bold,TEAM_4f4a9410ffcd,Delta,TERR_49c0203db75f,Delta / Germany,2017-01-01,train,0.9127659574468086,32.71540080025147,False,False,Rep historical mean was the largest PCA reconstruction deviation (observed 0).,"Validate the source record, peer context, and relevant commercial activity before action.",0,none,none,none,0,Controlled synthetic labels for evaluation only; not evidence of fraud or misconduct.
RPER_f02627e8b77f4fd8,REP_db1cc40d477a,Erica Jones,MGR_5e1c70ff0ce6,James Goodwill,TEAM_a405eba78bf2,Alfa,TERR_b31415d90eb9,Alfa / Germany,2017-01-01,train,0.9085106382978724,32.709416205869054,False,False,Rep historical mean was the largest PCA reconstruction deviation (observed 0).,"Validate the source record, peer context, and relevant commercial activity before action.",0,none,none,none,0,Controlled synthetic labels for evaluation only; not evidence of fraud or misconduct.
RPER_3fd216a65a2ecd7c,REP_c56e2fba156a,Thompson Crawford,MGR_5e1c70ff0ce6,James Goodwill,TEAM_a405eba78bf2,Alfa,TERR_b31415d90eb9,Alfa / Germany,2017-01-01,train,0.9042553191489362,32.65782982628333,False,False,Rep historical mean was the largest PCA reconstruction deviation (observed 0).,"Validate the source record, peer context, and relevant commercial activity before action.",0,none,none,none,0,Controlled synthetic labels for evaluation only; not evidence of fraud or misconduct.
RPER_6a8975b1e4d0c907,REP_e7e9152643c7,Jessica Smith,MGR_31981a685b7e,Britanny Bold,TEAM_4f4a9410ffcd,Delta,TERR_49c0203db75f,Delta / Germany,2017-01-01,train,0.9,32.558697209845135,False,False,Rep historical mean was the largest PCA reconstruction deviation (observed 0).,"Validate the source record, peer context, and relevant commercial activity before action.",0,none,none,none,0,Controlled synthetic labels for evaluation only; not evidence of fraud or misconduct.
RPER_ba4c149e74994fd0,REP_6003efb01f5e,Sheila Stones,MGR_31981a685b7e,Britanny Bold,TEAM_4f4a9410ffcd,Delta,TERR_49c0203db75f,Delta / Germany,2017-01-01,train,0.8957446808510638,32.54448279265288,False,False,Rep historical mean was the largest PCA reconstruction deviation (observed 0).,"Validate the source record, peer context, and relevant commercial activity before action.",0,none,none,none,0,Controlled synthetic labels for evaluation only; not evidence of fraud or misconduct.
RPER_37f9ae5e926e88b3,REP_6daf09991b71,Jimmy Grey,MGR_4b97498897f6,Alisha Cordwell,TEAM_b9dd960c1753,Charlie,TERR_938541fb7311,Charlie / Germany,2017-01-01,train,0.8914893617021277,32.50686333761602,False,False,Rep historical mean was the largest PCA reconstruction deviation (observed 0).,"Validate the source record, peer context, and relevant commercial activity before action.",0,none,none,none,0,Controlled synthetic labels for evaluation only; not evidence of fraud or misconduct.
RPER_8109e415d61c2f6f,REP_2234ec3bee93,Daniel Gates,MGR_4b97498897f6,Alisha Cordwell,TEAM_b9dd960c1753,Charlie,TERR_938541fb7311,Charlie / Germany,2017-01-01,train,0.8872340425531915,32.50284139498059,False,False,Rep historical mean was the largest PCA reconstruction deviation (observed 0).,"Validate the source record, peer context, and relevant commercial activity before action.",0,none,none,none,0,Controlled synthetic labels for evaluation only; not evidence of fraud or misconduct.
RPER_f91330edda38d500,REP_82f7cb811b80,Stella Given,MGR_4b97498897f6,Alisha Cordwell,TEAM_b9dd960c1753,Charlie,TERR_938541fb7311,Charlie / Germany,2019-03-01,test,0.884271188982744,13.179598712543179,False,False,Average interest score was the largest PCA reconstruction deviation (observed 0.05).,"Validate the source record, peer context, and relevant commercial activity before action.",1,high_activity_low_engagement,activity,medium,1,Controlled synthetic labels for evaluation only; not evidence of fraud or misconduct.
RPER_60f84efc12907586,REP_6daf09991b71,Jimmy Grey,MGR_4b97498897f6,Alisha Cordwell,TEAM_b9dd960c1753,Charlie,TERR_938541fb7311,Charlie / Germany,2019-02-01,test,0.8836722548325393,9.273448894461595,False,False,Unusual order timing score was the largest PCA reconstruction deviation (observed 0.7439).,"Validate the underlying orders, discounts, returns, period timing, and customer context before action.",1,post_payout_returns,returns,high,1,Controlled synthetic labels for evaluation only; not evidence of fraud or misconduct.
RPER_837f3a60d7712557,REP_200ef690040c,Mary Gerrard,MGR_31981a685b7e,Britanny Bold,TEAM_4f4a9410ffcd,Delta,TERR_49c0203db75f,Delta / Germany,2019-04-01,test,0.8832767733851496,6.694184073366355,False,False,Unusual order timing score was the largest PCA reconstruction deviation (observed 0.6857).,"Validate the underlying orders, discounts, returns, period timing, and customer context before action.",1,unusual_return_rate,returns,high,1,Controlled synthetic labels for evaluation only; not evidence of fraud or misconduct.
RPER_d7046171dcc33bcf,REP_56269a9759c4,Anne Wu,MGR_31981a685b7e,Britanny Bold,TEAM_4f4a9410ffcd,Delta,TERR_49c0203db75f,Delta / Germany,2019-03-01,test,0.8832703227683569,6.6521142137617195,False,False,"Estimated visit travel km was the largest PCA reconstruction deviation (observed 7,219).","Validate visit, CRM, route, and expense records with the representative and manager before action.",1,overlap_impossible_travel,activity,medium,1,Controlled synthetic labels for evaluation only; not evidence of fraud or misconduct.
RPER_95fef512da106b11,REP_6daf09991b71,Jimmy Grey,MGR_4b97498897f6,Alisha Cordwell,TEAM_b9dd960c1753,Charlie,TERR_938541fb7311,Charlie / Germany,2019-03-01,test,0.8831570052674185,5.91307614835035,False,False,Visit converted customer count was the largest PCA reconstruction deviation (observed 42).,"Validate visit, CRM, route, and expense records with the representative and manager before action.",1,sales_without_supporting_activity,activity,medium,1,Controlled synthetic labels for evaluation only; not evidence of fraud or misconduct.
RPER_8d8a24c00837b03e,REP_db1cc40d477a,Erica Jones,MGR_5e1c70ff0ce6,James Goodwill,TEAM_a405eba78bf2,Alfa,TERR_b31415d90eb9,Alfa / Germany,2019-02-01,test,0.8831099649226706,5.606286772561936,False,False,Unusual order timing score was the largest PCA reconstruction deviation (observed 0.6792).,"Validate the underlying orders, discounts, returns, period timing, and customer context before action.",1,incentivized_product_mix_shift,product,medium,1,Controlled synthetic labels for evaluation only; not evidence of fraud or misconduct.
RPER_36e046fde32c9a43,REP_d21d2dd167c5,Morris Garcia,MGR_eb86f856200b,Tracy Banks,TEAM_f144a6907dc4,Bravo,TERR_07a5ea4d7ed4,Bravo / Germany,2019-02-01,test,0.8831093103167397,5.602017540565758,False,False,Unusual order timing score was the largest PCA reconstruction deviation (observed 0.7075).,"Validate the underlying orders, discounts, returns, period timing, and customer context before action.",1,customer_sales_concentration,customer,medium,1,Controlled synthetic labels for evaluation only; not evidence of fraud or misconduct.
RPER_a10cfd06ab502acc,REP_200ef690040c,Mary Gerrard,MGR_31981a685b7e,Britanny Bold,TEAM_4f4a9410ffcd,Delta,TERR_49c0203db75f,Delta / Germany,2019-02-01,test,0.8831033291909768,5.563009624081649,False,False,Unusual order timing score was the largest PCA reconstruction deviation (observed 0.7018).,"Validate the underlying orders, discounts, returns, period timing, and customer context before action.",1,end_of_period_sales_spike,order_timing,low,1,Controlled synthetic labels for evaluation only; not evidence of fraud or misconduct.
RPER_12e81c8fcab5c4a9,REP_d21d2dd167c5,Morris Garcia,MGR_eb86f856200b,Tracy Banks,TEAM_f144a6907dc4,Bravo,TERR_07a5ea4d7ed4,Bravo / Germany,2018-09-01,validation,0.8830039711082059,4.915012583325849,False,False,Unusual order timing score was the largest PCA reconstruction deviation (observed 0.6911).,"Validate the underlying orders, discounts, returns, period timing, and customer context before action.",1,end_of_period_sales_spike,order_timing,medium,1,Controlled synthetic labels for evaluation only; not evidence of fraud or misconduct.
RPER_b673bb243b7019d0,REP_bba68d031906,Steve Pepple,MGR_eb86f856200b,Tracy Banks,TEAM_f144a6907dc4,Bravo,TERR_07a5ea4d7ed4,Bravo / Germany,2019-02-01,test,0.8829911794662452,4.831587602631342,False,False,Unusual order timing score was the largest PCA reconstruction deviation (observed 0.6635).,"Validate the underlying orders, discounts, returns, period timing, and customer context before action.",1,low_volume_customer_spike,customer,medium,1,Controlled synthetic labels for evaluation only; not evidence of fraud or misconduct.
RPER_8f537cbe419feb87,REP_bba68d031906,Steve Pepple,MGR_eb86f856200b,Tracy Banks,TEAM_f144a6907dc4,Bravo,TERR_07a5ea4d7ed4,Bravo / Germany,2017-02-01,train,0.8829787234042553,4.750351219200648,False,False,Rolling sales std was the largest PCA reconstruction deviation (observed 0).,"Validate the underlying orders, discounts, returns, period timing, and customer context before action.",0,none,none,none,0,Controlled synthetic labels for evaluation only; not evidence of fraud or misconduct.
RPER_f082b52ea632f338,REP_e7e9152643c7,Jessica Smith,MGR_31981a685b7e,Britanny Bold,TEAM_4f4a9410ffcd,Delta,TERR_49c0203db75f,Delta / Germany,2017-02-01,train,0.8787234042553191,4.192202055171451,False,False,Rolling sales std was the largest PCA reconstruction deviation (observed 0).,"Validate the underlying orders, discounts, returns, period timing, and customer context before action.",0,none,none,none,0,Controlled synthetic labels for evaluation only; not evidence of fraud or misconduct.
RPER_59ac72916515a02c,REP_0dfc420450a6,Abigail Thompson,MGR_eb86f856200b,Tracy Banks,TEAM_f144a6907dc4,Bravo,TERR_07a5ea4d7ed4,Bravo / Germany,2017-02-01,train,0.874468085106383,4.1801845226392995,False,False,Rolling sales std was the largest PCA reconstruction deviation (observed 0).,"Validate the underlying orders, discounts, returns, period timing, and customer context before action.",0,none,none,none,0,Controlled synthetic labels for evaluation only; not evidence of fraud or misconduct.
RPER_89eb918b3eecc2a7,REP_2234ec3bee93,Daniel Gates,MGR_4b97498897f6,Alisha Cordwell,TEAM_b9dd960c1753,Charlie,TERR_938541fb7311,Charlie / Germany,2019-04-01,test,0.8712138539450338,4.096438166158287,False,False,Calculated incentive was the largest PCA reconstruction deviation (observed 3e+04).,"Validate the target, policy tier, adjustment approval, and payout reconciliation before action.",0,none,none,none,0,Controlled synthetic labels for evaluation only; not evidence of fraud or misconduct.
RPER_105b0dc88cc902e5,REP_200ef690040c,Mary Gerrard,MGR_31981a685b7e,Britanny Bold,TEAM_4f4a9410ffcd,Delta,TERR_49c0203db75f,Delta / Germany,2017-02-01,train,0.8702127659574468,4.070675561315378,False,False,Rolling sales std was the largest PCA reconstruction deviation (observed 0).,"Validate the underlying orders, discounts, returns, period timing, and customer context before action.",0,none,none,none,0,Controlled synthetic labels for evaluation only; not evidence of fraud or misconduct.
RPER_6354996ed3833d56,REP_a132178ac1b8,Alan Ray,MGR_5e1c70ff0ce6,James Goodwill,TEAM_a405eba78bf2,Alfa,TERR_b31415d90eb9,Alfa / Germany,2017-02-01,train,0.8659574468085106,4.06952421891007,False,False,Rolling sales std was the largest PCA reconstruction deviation (observed 0).,"Validate the underlying orders, discounts, returns, period timing, and customer context before action.",0,none,none,none,0,Controlled synthetic labels for evaluation only; not evidence of fraud or misconduct.
RPER_4bc74fee8db21b05,REP_d21d2dd167c5,Morris Garcia,MGR_eb86f856200b,Tracy Banks,TEAM_f144a6907dc4,Bravo,TERR_07a5ea4d7ed4,Bravo / Germany,2017-02-01,train,0.8617021276595744,4.066517942704684,False,False,Rolling sales std was the largest PCA reconstruction deviation (observed 0).,"Validate the underlying orders, discounts, returns, period timing, and customer context before action.",0,none,none,none,0,Controlled synthetic labels for evaluation only; not evidence of fraud or misconduct.
RPER_896cb17281bd003c,REP_6daf09991b71,Jimmy Grey,MGR_4b97498897f6,Alisha Cordwell,TEAM_b9dd960c1753,Charlie,TERR_938541fb7311,Charlie / Germany,2017-02-01,train,0.8574468085106383,4.059718547225469,False,False,Rolling sales std was the largest PCA reconstruction deviation (observed 0).,"Validate the underlying orders, discounts, returns, period timing, and customer context before action.",0,none,none,none,0,Controlled synthetic labels for evaluation only; not evidence of fraud or misconduct.
RPER_17c9bd16d026b93f,REP_db1cc40d477a,Erica Jones,MGR_5e1c70ff0ce6,James Goodwill,TEAM_a405eba78bf2,Alfa,TERR_b31415d90eb9,Alfa / Germany,2017-02-01,train,0.8531914893617021,4.055094916381731,False,False,Rolling sales std was the largest PCA reconstruction deviation (observed 0).,"Validate the underlying orders, discounts, returns, period timing, and customer context before action.",0,none,none,none,0,Controlled synthetic labels for evaluation only; not evidence of fraud or misconduct.
RPER_b7d35006950dbfb2,REP_6003efb01f5e,Sheila Stones,MGR_31981a685b7e,Britanny Bold,TEAM_4f4a9410ffcd,Delta,TERR_49c0203db75f,Delta / Germany,2017-02-01,train,0.8489361702127659,4.039522882725304,False,False,Rolling sales std was the largest PCA reconstruction deviation (observed 0).,"Validate the underlying orders, discounts, returns, period timing, and customer context before action.",0,none,none,none,0,Controlled synthetic labels for evaluation only; not evidence of fraud or misconduct.
RPER_0d585541132e9d44,REP_56269a9759c4,Anne Wu,MGR_31981a685b7e,Britanny Bold,TEAM_4f4a9410ffcd,Delta,TERR_49c0203db75f,Delta / Germany,2017-02-01,train,0.8446808510638298,4.010194562059303,False,False,Rolling sales std was the largest PCA reconstruction deviation (observed 0).,"Validate the underlying orders, discounts, returns, period timing, and customer context before action.",0,none,none,none,0,Controlled synthetic labels for evaluation only; not evidence of fraud or misconduct.
RPER_4f6666113eec0939,REP_2234ec3bee93,Daniel Gates,MGR_4b97498897f6,Alisha Cordwell,TEAM_b9dd960c1753,Charlie,TERR_938541fb7311,Charlie / Germany,2017-02-01,train,0.8404255319148937,3.9794993238654244,False,False,Rolling sales std was the largest PCA reconstruction deviation (observed 0).,"Validate the underlying orders, discounts, returns, period timing, and customer context before action.",0,none,none,none,0,Controlled synthetic labels for evaluation only; not evidence of fraud or misconduct.
RPER_e5dbb7f88791eebc,REP_c56e2fba156a,Thompson Crawford,MGR_5e1c70ff0ce6,James Goodwill,TEAM_a405eba78bf2,Alfa,TERR_b31415d90eb9,Alfa / Germany,2017-02-01,train,0.8361702127659575,3.941685304536745,False,False,Rolling sales std was the largest PCA reconstruction deviation (observed 0).,"Validate the underlying orders, discounts, returns, period timing, and customer context before action.",0,none,none,none,0,Controlled synthetic labels for evaluation only; not evidence of fraud or misconduct.
RPER_529455324f4af9c9,REP_82f7cb811b80,Stella Given,MGR_4b97498897f6,Alisha Cordwell,TEAM_b9dd960c1753,Charlie,TERR_938541fb7311,Charlie / Germany,2017-02-01,train,0.8319148936170213,3.8931440394738046,False,False,Rolling sales std was the largest PCA reconstruction deviation (observed 0).,"Validate the underlying orders, discounts, returns, period timing, and customer context before action.",0,none,none,none,0,Controlled synthetic labels for evaluation only; not evidence of fraud or misconduct.
RPER_82c70827f116e513,REP_c56e2fba156a,Thompson Crawford,MGR_5e1c70ff0ce6,James Goodwill,TEAM_a405eba78bf2,Alfa,TERR_b31415d90eb9,Alfa / Germany,2019-03-01,test,0.8305377094927634,3.694270338500271,False,False,Distance claim ratio was the largest PCA reconstruction deviation (observed 1.31).,"Validate visit, CRM, route, and expense records with the representative and manager before action.",1,inflated_travel_distance,expense,low,1,Controlled synthetic labels for evaluation only; not evidence of fraud or misconduct.
RPER_80ccab8fe7db15a6,REP_6003efb01f5e,Sheila Stones,MGR_31981a685b7e,Britanny Bold,TEAM_4f4a9410ffcd,Delta,TERR_49c0203db75f,Delta / Germany,2017-12-01,train,0.8276595744680851,3.2786502669519146,False,False,Post incentive return rate was the largest PCA reconstruction deviation (observed 0.2257).,"Validate the target, policy tier, adjustment approval, and payout reconciliation before action.",0,none,none,none,0,Controlled synthetic labels for evaluation only; not evidence of fraud or misconduct.
RPER_c8632d5c5281bc04,REP_0dfc420450a6,Abigail Thompson,MGR_eb86f856200b,Tracy Banks,TEAM_f144a6907dc4,Bravo,TERR_07a5ea4d7ed4,Bravo / Germany,2019-04-01,test,0.8256802341535976,3.0890906407477083,False,False,Calculated incentive was the largest PCA reconstruction deviation (observed 3e+04).,"Validate the target, policy tier, adjustment approval, and payout reconciliation before action.",0,none,none,none,0,Controlled synthetic labels for evaluation only; not evidence of fraud or misconduct.
RPER_23f31700076ca69a,REP_2234ec3bee93,Daniel Gates,MGR_4b97498897f6,Alisha Cordwell,TEAM_b9dd960c1753,Charlie,TERR_938541fb7311,Charlie / Germany,2019-02-01,test,0.8249982594124614,3.0237785384961287,False,False,Return clawback ratio was the largest PCA reconstruction deviation (observed 0.4576).,"Validate the underlying orders, discounts, returns, period timing, and customer context before action.",0,none,none,none,0,Controlled synthetic labels for evaluation only; not evidence of fraud or misconduct.
RPER_569377d35a2daf74,REP_200ef690040c,Mary Gerrard,MGR_31981a685b7e,Britanny Bold,TEAM_4f4a9410ffcd,Delta,TERR_49c0203db75f,Delta / Germany,2019-03-01,test,0.823732669965329,2.9025741853232807,False,False,Average visit duration was the largest PCA reconstruction deviation (observed 29.43).,"Validate visit, CRM, route, and expense records with the representative and manager before action.",1,extremely_short_visits,activity,high,1,Controlled synthetic labels for evaluation only; not evidence of fraud or misconduct.
RPER_beaa0f09c6dd78f7,REP_200ef690040c,Mary Gerrard,MGR_31981a685b7e,Britanny Bold,TEAM_4f4a9410ffcd,Delta,TERR_49c0203db75f,Delta / Germany,2018-01-01,train,0.823404255319149,2.871122212605794,False,False,Calculated incentive was the largest PCA reconstruction deviation (observed 2.75e+04).,"Validate the target, policy tier, adjustment approval, and payout reconciliation before action.",0,none,none,none,0,Controlled synthetic labels for evaluation only; not evidence of fraud or misconduct.
RPER_a2290b0ab891618d,REP_e7e9152643c7,Jessica Smith,MGR_31981a685b7e,Britanny Bold,TEAM_4f4a9410ffcd,Delta,TERR_49c0203db75f,Delta / Germany,2018-01-01,train,0.8191489361702128,2.868774324518279,False,False,Return clawback ratio was the largest PCA reconstruction deviation (observed 0.5512).,"Validate the underlying orders, discounts, returns, period timing, and customer context before action.",0,none,none,none,0,Controlled synthetic labels for evaluation only; not evidence of fraud or misconduct.
RPER_e61044f932f88799,REP_db1cc40d477a,Erica Jones,MGR_5e1c70ff0ce6,James Goodwill,TEAM_a405eba78bf2,Alfa,TERR_b31415d90eb9,Alfa / Germany,2019-03-01,test,0.818054116181686,2.7669217124569925,False,False,Calculated incentive was the largest PCA reconstruction deviation (observed 3e+04).,"Validate the target, policy tier, adjustment approval, and payout reconciliation before action.",1,duplicate_expense_claim,expense,low,1,Controlled synthetic labels for evaluation only; not evidence of fraud or misconduct.
RPER_3d67ead7107e2861,REP_6003efb01f5e,Sheila Stones,MGR_31981a685b7e,Britanny Bold,TEAM_4f4a9410ffcd,Delta,TERR_49c0203db75f,Delta / Germany,2019-04-01,test,0.8153262950935156,2.5131487580191627,False,False,Calculated incentive was the largest PCA reconstruction deviation (observed 3e+04).,"Validate the target, policy tier, adjustment approval, and payout reconciliation before action.",0,none,none,none,0,Controlled synthetic labels for evaluation only; not evidence of fraud or misconduct.
RPER_ea74cbebc4be3252,REP_e7e9152643c7,Jessica Smith,MGR_31981a685b7e,Britanny Bold,TEAM_4f4a9410ffcd,Delta,TERR_49c0203db75f,Delta / Germany,2019-04-01,test,0.8149863543362226,2.481523600971224,False,False,Observed visit hours was the largest PCA reconstruction deviation (observed 50.6).,"Validate visit, CRM, route, and expense records with the representative and manager before action.",0,none,none,none,0,Controlled synthetic labels for evaluation only; not evidence of fraud or misconduct.
RPER_f8de8a85248958e5,REP_0dfc420450a6,Abigail Thompson,MGR_eb86f856200b,Tracy Banks,TEAM_f144a6907dc4,Bravo,TERR_07a5ea4d7ed4,Bravo / Germany,2018-03-01,train,0.8148936170212766,2.472896120781067,False,False,Calculated incentive was the largest PCA reconstruction deviation (observed 2.75e+04).,"Validate the target, policy tier, adjustment approval, and payout reconciliation before action.",0,none,none,none,0,Controlled synthetic labels for evaluation only; not evidence of fraud or misconduct.
RPER_29fc6f9d42016384,REP_6daf09991b71,Jimmy Grey,MGR_4b97498897f6,Alisha Cordwell,TEAM_b9dd960c1753,Charlie,TERR_938541fb7311,Charlie / Germany,2019-04-01,test,0.8132847608812795,2.421385759580096,False,False,Rolling anomaly score was the largest PCA reconstruction deviation (observed 1.171).,"Validate the source record, peer context, and relevant commercial activity before action.",1,late_repeated_target_revision,quota,low,1,Controlled synthetic labels for evaluation only; not evidence of fraud or misconduct.
RPER_7119f0f168bcb0bb,REP_0dfc420450a6,Abigail Thompson,MGR_eb86f856200b,Tracy Banks,TEAM_f144a6907dc4,Bravo,TERR_07a5ea4d7ed4,Bravo / Germany,2019-03-01,test,0.8114196713680404,2.3616716359175127,False,False,Calculated incentive was the largest PCA reconstruction deviation (observed 3e+04).,"Validate the target, policy tier, adjustment approval, and payout reconciliation before action.",0,none,none,none,0,Controlled synthetic labels for evaluation only; not evidence of fraud or misconduct.
RPER_017bd59b6981088c,REP_6daf09991b71,Jimmy Grey,MGR_4b97498897f6,Alisha Cordwell,TEAM_b9dd960c1753,Charlie,TERR_938541fb7311,Charlie / Germany,2018-06-01,train,0.8106382978723404,2.3366545880934355,False,False,Calculated incentive was the largest PCA reconstruction deviation (observed 2.75e+04).,"Validate the target, policy tier, adjustment approval, and payout reconciliation before action.",0,none,none,none,0,Controlled synthetic labels for evaluation only; not evidence of fraud or misconduct.
RPER_8375f8a8bc57399c,REP_200ef690040c,Mary Gerrard,MGR_31981a685b7e,Britanny Bold,TEAM_4f4a9410ffcd,Delta,TERR_49c0203db75f,Delta / Germany,2017-10-01,train,0.8063829787234043,2.3318588342536115,False,False,Post incentive return rate was the largest PCA reconstruction deviation (observed 0.1508).,"Validate the target, policy tier, adjustment approval, and payout reconciliation before action.",0,none,none,none,0,Controlled synthetic labels for evaluation only; not evidence of fraud or misconduct.
RPER_f4b9f8e4b80227d5,REP_0dfc420450a6,Abigail Thompson,MGR_eb86f856200b,Tracy Banks,TEAM_f144a6907dc4,Bravo,TERR_07a5ea4d7ed4,Bravo / Germany,2018-06-01,train,0.8021276595744681,2.2736589639277303,False,False,Calculated incentive was the largest PCA reconstruction deviation (observed 2.75e+04).,"Validate the target, policy tier, adjustment approval, and payout reconciliation before action.",0,none,none,none,0,Controlled synthetic labels for evaluation only; not evidence of fraud or misconduct.
RPER_4f3b300e349737b0,REP_56269a9759c4,Anne Wu,MGR_31981a685b7e,Britanny Bold,TEAM_4f4a9410ffcd,Delta,TERR_49c0203db75f,Delta / Germany,2019-02-01,test,0.8011771803700102,2.255420582278371,False,False,Calculated incentive was the largest PCA reconstruction deviation (observed 3e+04).,"Validate the target, policy tier, adjustment approval, and payout reconciliation before action.",0,none,none,none,0,Controlled synthetic labels for evaluation only; not evidence of fraud or misconduct.
RPER_0e5e60d5e1fb47c0,REP_db1cc40d477a,Erica Jones,MGR_5e1c70ff0ce6,James Goodwill,TEAM_a405eba78bf2,Alfa,TERR_b31415d90eb9,Alfa / Germany,2018-03-01,train,0.7978723404255319,2.19200527354279,False,False,Calculated incentive was the largest PCA reconstruction deviation (observed 2.75e+04).,"Validate the target, policy tier, adjustment approval, and payout reconciliation before action.",0,none,none,none,0,Controlled synthetic labels for evaluation only; not evidence of fraud or misconduct.
RPER_e3b8ccd03b2e0461,REP_e7e9152643c7,Jessica Smith,MGR_31981a685b7e,Britanny Bold,TEAM_4f4a9410ffcd,Delta,TERR_3170779e5944,Delta / Poland,2018-12-01,validation,0.7974291075999674,2.1898519118722253,False,False,Incentive peer median was the largest PCA reconstruction deviation (observed 1.375e+04).,"Validate the target, policy tier, adjustment approval, and payout reconciliation before action.",0,none,none,none,0,Controlled synthetic labels for evaluation only; not evidence of fraud or misconduct.
RPER_5c4d221e024786a1,REP_d21d2dd167c5,Morris Garcia,MGR_eb86f856200b,Tracy Banks,TEAM_f144a6907dc4,Bravo,TERR_07a5ea4d7ed4,Bravo / Germany,2018-08-01,validation,0.7947945620775058,2.1770524777594598,False,False,Calculated incentive was the largest PCA reconstruction deviation (observed 2.75e+04).,"Validate the target, policy tier, adjustment approval, and payout reconciliation before action.",0,none,none,none,0,Controlled synthetic labels for evaluation only; not evidence of fraud or misconduct.
RPER_4e75d8c53d39c001,REP_e7e9152643c7,Jessica Smith,MGR_31981a685b7e,Britanny Bold,TEAM_4f4a9410ffcd,Delta,TERR_49c0203db75f,Delta / Germany,2019-02-01,test,0.7936918908345065,2.1716953610186485,False,False,Calculated incentive was the largest PCA reconstruction deviation (observed 3e+04).,"Validate the target, policy tier, adjustment approval, and payout reconciliation before action.",0,none,none,none,0,Controlled synthetic labels for evaluation only; not evidence of fraud or misconduct.
RPER_c20ca7de64a001a6,REP_6003efb01f5e,Sheila Stones,MGR_31981a685b7e,Britanny Bold,TEAM_4f4a9410ffcd,Delta,TERR_49c0203db75f,Delta / Germany,2018-04-01,train,0.7936170212765957,2.1713316216315848,False,False,Calculated incentive was the largest PCA reconstruction deviation (observed 2.75e+04).,"Validate the target, policy tier, adjustment approval, and payout reconciliation before action.",0,none,none,none,0,Controlled synthetic labels for evaluation only; not evidence of fraud or misconduct.
RPER_eafda11e1ee17c06,REP_56269a9759c4,Anne Wu,MGR_31981a685b7e,Britanny Bold,TEAM_4f4a9410ffcd,Delta,TERR_49c0203db75f,Delta / Germany,2017-11-01,train,0.7893617021276595,2.1559906734262846,False,False,Calculated incentive was the largest PCA reconstruction deviation (observed 2.5e+04).,"Validate the target, policy tier, adjustment approval, and payout reconciliation before action.",0,none,none,none,0,Controlled synthetic labels for evaluation only; not evidence of fraud or misconduct.
RPER_c0ed53d80cae1279,REP_2234ec3bee93,Daniel Gates,MGR_4b97498897f6,Alisha Cordwell,TEAM_b9dd960c1753,Charlie,TERR_938541fb7311,Charlie / Germany,2019-03-01,test,0.7862929963785904,2.1494033982441016,False,False,Calculated incentive was the largest PCA reconstruction deviation (observed 3e+04).,"Validate the target, policy tier, adjustment approval, and payout reconciliation before action.",0,none,none,none,0,Controlled synthetic labels for evaluation only; not evidence of fraud or misconduct.
RPER_80494322eb1ea82e,REP_6daf09991b71,Jimmy Grey,MGR_4b97498897f6,Alisha Cordwell,TEAM_b9dd960c1753,Charlie,TERR_938541fb7311,Charlie / Germany,2017-04-01,train,0.7851063829787234,2.146856217237203,False,False,Calculated incentive was the largest PCA reconstruction deviation (observed 2.5e+04).,"Validate the target, policy tier, adjustment approval, and payout reconciliation before action.",0,none,none,none,0,Controlled synthetic labels for evaluation only; not evidence of fraud or misconduct.
RPER_9b8650068c0df95c,REP_0dfc420450a6,Abigail Thompson,MGR_eb86f856200b,Tracy Banks,TEAM_f144a6907dc4,Bravo,TERR_07a5ea4d7ed4,Bravo / Germany,2019-02-01,test,0.7848031721589681,2.1421225258654704,False,False,Calculated incentive was the largest PCA reconstruction deviation (observed 3e+04).,"Validate the target, policy tier, adjustment approval, and payout reconciliation before action.",0,none,none,none,0,Controlled synthetic labels for evaluation only; not evidence of fraud or misconduct.
RPER_8224185c3f6f90ec,REP_a132178ac1b8,Alan Ray,MGR_5e1c70ff0ce6,James Goodwill,TEAM_a405eba78bf2,Alfa,TERR_b31415d90eb9,Alfa / Germany,2019-03-01,test,0.7824503144109818,2.1053899896401833,False,False,Calculated incentive was the largest PCA reconstruction deviation (observed 3e+04).,"Validate the target, policy tier, adjustment approval, and payout reconciliation before action.",0,none,none,none,0,Controlled synthetic labels for evaluation only; not evidence of fraud or misconduct.
RPER_35f915e5145711bd,REP_200ef690040c,Mary Gerrard,MGR_31981a685b7e,Britanny Bold,TEAM_4f4a9410ffcd,Delta,TERR_49c0203db75f,Delta / Germany,2017-07-01,train,0.7808510638297872,2.080422679161122,False,False,Post incentive return rate was the largest PCA reconstruction deviation (observed 0.1296).,"Validate the target, policy tier, adjustment approval, and payout reconciliation before action.",0,none,none,none,0,Controlled synthetic labels for evaluation only; not evidence of fraud or misconduct.
RPER_6c3260f33a382a89,REP_82f7cb811b80,Stella Given,MGR_4b97498897f6,Alisha Cordwell,TEAM_b9dd960c1753,Charlie,TERR_938541fb7311,Charlie / Germany,2018-05-01,train,0.776595744680851,2.0638837744181906,False,False,Calculated incentive was the largest PCA reconstruction deviation (observed 2.75e+04).,"Validate the target, policy tier, adjustment approval, and payout reconciliation before action.",0,none,none,none,0,Controlled synthetic labels for evaluation only; not evidence of fraud or misconduct.
RPER_8a408e7e4ad4636e,REP_d21d2dd167c5,Morris Garcia,MGR_eb86f856200b,Tracy Banks,TEAM_f144a6907dc4,Bravo,TERR_07a5ea4d7ed4,Bravo / Germany,2019-03-01,test,0.7752045459800035,2.0328040702126766,False,False,Calculated incentive was the largest PCA reconstruction deviation (observed 3e+04).,"Validate the target, policy tier, adjustment approval, and payout reconciliation before action.",0,none,none,none,0,Controlled synthetic labels for evaluation only; not evidence of fraud or misconduct.
RPER_3b7ee9bc174a5780,REP_6003efb01f5e,Sheila Stones,MGR_31981a685b7e,Britanny Bold,TEAM_4f4a9410ffcd,Delta,TERR_49c0203db75f,Delta / Germany,2019-02-01,test,0.7749482068535846,2.027077394202594,False,False,Calculated incentive was the largest PCA reconstruction deviation (observed 3e+04).,"Validate the target, policy tier, adjustment approval, and payout reconciliation before action.",0,none,none,none,0,Controlled synthetic labels for evaluation only; not evidence of fraud or misconduct.
RPER_b748175e64b57d4a,REP_82f7cb811b80,Stella Given,MGR_4b97498897f6,Alisha Cordwell,TEAM_b9dd960c1753,Charlie,TERR_938541fb7311,Charlie / Germany,2019-04-01,test,0.7734798632093032,1.994274253926145,False,False,Calculated incentive was the largest PCA reconstruction deviation (observed 3e+04).,"Validate the target, policy tier, adjustment approval, and payout reconciliation before action.",0,none,none,none,0,Controlled synthetic labels for evaluation only; not evidence of fraud or misconduct.
RPER_2e651fac95659cce,REP_0dfc420450a6,Abigail Thompson,MGR_eb86f856200b,Tracy Banks,TEAM_f144a6907dc4,Bravo,TERR_07a5ea4d7ed4,Bravo / Germany,2018-07-01,validation,0.7727952783150032,1.9789804673481042,False,False,Calculated incentive was the largest PCA reconstruction deviation (observed 2.75e+04).,"Validate the target, policy tier, adjustment approval, and payout reconciliation before action.",0,none,none,none,0,Controlled synthetic labels for evaluation only; not evidence of fraud or misconduct.
RPER_7d6c66da7837cf61,REP_0dfc420450a6,Abigail Thompson,MGR_eb86f856200b,Tracy Banks,TEAM_f144a6907dc4,Bravo,TERR_07a5ea4d7ed4,Bravo / Germany,2018-01-01,train,0.7723404255319148,1.9688189498403406,False,False,Calculated incentive was the largest PCA reconstruction deviation (observed 2.75e+04).,"Validate the target, policy tier, adjustment approval, and payout reconciliation before action.",0,none,none,none,0,Controlled synthetic labels for evaluation only; not evidence of fraud or misconduct.
RPER_b68a4e83af6624f8,REP_e7e9152643c7,Jessica Smith,MGR_31981a685b7e,Britanny Bold,TEAM_4f4a9410ffcd,Delta,TERR_49c0203db75f,Delta / Germany,2018-02-01,train,0.7680851063829788,1.9628868935810255,False,False,Return rate was the largest PCA reconstruction deviation (observed 0.1858).,"Validate the underlying orders, discounts, returns, period timing, and customer context before action.",0,none,none,none,0,Controlled synthetic labels for evaluation only; not evidence of fraud or misconduct.
RPER_94da8111a3a4b5b8,REP_56269a9759c4,Anne Wu,MGR_31981a685b7e,Britanny Bold,TEAM_4f4a9410ffcd,Delta,TERR_49c0203db75f,Delta / Germany,2017-09-01,train,0.7638297872340426,1.9466380162251777,False,False,Calculated incentive was the largest PCA reconstruction deviation (observed 2.5e+04).,"Validate the target, policy tier, adjustment approval, and payout reconciliation before action.",0,none,none,none,0,Controlled synthetic labels for evaluation only; not evidence of fraud or misconduct.
RPER_39225b87367dc735,REP_56269a9759c4,Anne Wu,MGR_31981a685b7e,Britanny Bold,TEAM_4f4a9410ffcd,Delta,TERR_49c0203db75f,Delta / Germany,2018-03-01,train,0.7595744680851064,1.9461518325583478,False,False,Calculated incentive was the largest PCA reconstruction deviation (observed 2.75e+04).,"Validate the target, policy tier, adjustment approval, and payout reconciliation before action.",0,none,none,none,0,Controlled synthetic labels for evaluation only; not evidence of fraud or misconduct.
RPER_25b19f1337e01b96,REP_c56e2fba156a,Thompson Crawford,MGR_5e1c70ff0ce6,James Goodwill,TEAM_a405eba78bf2,Alfa,TERR_b31415d90eb9,Alfa / Germany,2018-07-01,validation,0.7582081389236509,1.939461703441156,False,False,Return clawback ratio was the largest PCA reconstruction deviation (observed 0.4381).,"Validate the underlying orders, discounts, returns, period timing, and customer context before action.",0,none,none,none,0,Controlled synthetic labels for evaluation only; not evidence of fraud or misconduct.
RPER_baa4f08266bbfdce,REP_e7e9152643c7,Jessica Smith,MGR_31981a685b7e,Britanny Bold,TEAM_4f4a9410ffcd,Delta,TERR_49c0203db75f,Delta / Germany,2019-03-01,test,0.7567888421993132,1.9325122225918185,False,False,Calculated incentive was the largest PCA reconstruction deviation (observed 3e+04).,"Validate the target, policy tier, adjustment approval, and payout reconciliation before action.",0,none,none,none,0,Controlled synthetic labels for evaluation only; not evidence of fraud or misconduct.
RPER_24722c74ad842ddc,REP_c56e2fba156a,Thompson Crawford,MGR_5e1c70ff0ce6,James Goodwill,TEAM_a405eba78bf2,Alfa,TERR_b31415d90eb9,Alfa / Germany,2019-02-01,test,0.756063020963967,1.9289582928965083,False,False,Calculated incentive was the largest PCA reconstruction deviation (observed 3e+04).,"Validate the target, policy tier, adjustment approval, and payout reconciliation before action.",0,none,none,none,0,Controlled synthetic labels for evaluation only; not evidence of fraud or misconduct.
RPER_fdbe2ba719284c0c,REP_bba68d031906,Steve Pepple,MGR_eb86f856200b,Tracy Banks,TEAM_f144a6907dc4,Bravo,TERR_07a5ea4d7ed4,Bravo / Germany,2018-03-01,train,0.7553191489361702,1.925315978838506,False,False,Calculated incentive was the largest PCA reconstruction deviation (observed 2.75e+04).,"Validate the target, policy tier, adjustment approval, and payout reconciliation before action.",0,none,none,none,0,Controlled synthetic labels for evaluation only; not evidence of fraud or misconduct.
RPER_c19d4889c15d29bd,REP_0dfc420450a6,Abigail Thompson,MGR_eb86f856200b,Tracy Banks,TEAM_f144a6907dc4,Bravo,TERR_07a5ea4d7ed4,Bravo / Germany,2018-10-01,validation,0.7534749706709764,1.9012374195876518,False,False,Calculated incentive was the largest PCA reconstruction deviation (observed 2.75e+04).,"Validate the target, policy tier, adjustment approval, and payout reconciliation before action.",0,none,none,none,0,Controlled synthetic labels for evaluation only; not evidence of fraud or misconduct.
RPER_3bdecb19388b7eaa,REP_6003efb01f5e,Sheila Stones,MGR_31981a685b7e,Britanny Bold,TEAM_4f4a9410ffcd,Delta,TERR_49c0203db75f,Delta / Germany,2019-03-01,test,0.7518130451041605,1.8795384472126162,False,False,Calculated incentive was the largest PCA reconstruction deviation (observed 3e+04).,"Validate the target, policy tier, adjustment approval, and payout reconciliation before action.",0,none,none,none,0,Controlled synthetic labels for evaluation only; not evidence of fraud or misconduct.
RPER_6769500bd74943a9,REP_6daf09991b71,Jimmy Grey,MGR_4b97498897f6,Alisha Cordwell,TEAM_b9dd960c1753,Charlie,TERR_938541fb7311,Charlie / Germany,2018-09-01,validation,0.7511871244914439,1.8713660992113001,False,False,Calculated incentive was the largest PCA reconstruction deviation (observed 2.75e+04).,"Validate the target, policy tier, adjustment approval, and payout reconciliation before action.",0,none,none,none,0,Controlled synthetic labels for evaluation only; not evidence of fraud or misconduct.
RPER_cf3055f082e65fce,REP_200ef690040c,Mary Gerrard,MGR_31981a685b7e,Britanny Bold,TEAM_4f4a9410ffcd,Delta,TERR_49c0203db75f,Delta / Germany,2018-07-01,validation,0.7511084386836865,1.8703387360110892,False,False,Calculated incentive was the largest PCA reconstruction deviation (observed 2.601e+04).,"Validate the target, policy tier, adjustment approval, and payout reconciliation before action.",0,none,none,none,0,Controlled synthetic labels for evaluation only; not evidence of fraud or misconduct.
RPER_0ae6354508d10a3e,REP_0dfc420450a6,Abigail Thompson,MGR_eb86f856200b,Tracy Banks,TEAM_f144a6907dc4,Bravo,TERR_07a5ea4d7ed4,Bravo / Germany,2018-02-01,train,0.7510638297872341,1.8697562988483616,False,False,Calculated incentive was the largest PCA reconstruction deviation (observed 2.75e+04).,"Validate the target, policy tier, adjustment approval, and payout reconciliation before action.",0,none,none,none,0,Controlled synthetic labels for evaluation only; not evidence of fraud or misconduct.
RPER_49baf93472a7fd1c,REP_0dfc420450a6,Abigail Thompson,MGR_eb86f856200b,Tracy Banks,TEAM_f144a6907dc4,Bravo,TERR_07a5ea4d7ed4,Bravo / Germany,2018-09-01,validation,0.7502612271030077,1.8684929368630043,False,False,Calculated incentive was the largest PCA reconstruction deviation (observed 2.75e+04).,"Validate the target, policy tier, adjustment approval, and payout reconciliation before action.",0,none,none,none,0,Controlled synthetic labels for evaluation only; not evidence of fraud or misconduct.
RPER_ae0a3c635c2f1be7,REP_2234ec3bee93,Daniel Gates,MGR_4b97498897f6,Alisha Cordwell,TEAM_b9dd960c1753,Charlie,TERR_938541fb7311,Charlie / Germany,2017-12-01,train,0.7468085106382979,1.8630580799737129,False,False,Calculated incentive was the largest PCA reconstruction deviation (observed 2.5e+04).,"Validate the target, policy tier, adjustment approval, and payout reconciliation before action.",0,none,none,none,0,Controlled synthetic labels for evaluation only; not evidence of fraud or misconduct.
RPER_1eda3cf7d86ad1f3,REP_200ef690040c,Mary Gerrard,MGR_31981a685b7e,Britanny Bold,TEAM_4f4a9410ffcd,Delta,TERR_49c0203db75f,Delta / Germany,2018-08-01,validation,0.7466477315241191,1.86186164479726,False,False,Calculated incentive was the largest PCA reconstruction deviation (observed 2.75e+04).,"Validate the target, policy tier, adjustment approval, and payout reconciliation before action.",0,none,none,none,0,Controlled synthetic labels for evaluation only; not evidence of fraud or misconduct.
RPER_506fccbbcebf23c1,REP_0dfc420450a6,Abigail Thompson,MGR_eb86f856200b,Tracy Banks,TEAM_f144a6907dc4,Bravo,TERR_07a5ea4d7ed4,Bravo / Germany,2018-11-01,validation,0.744549699517038,1.8462491735666695,False,False,Calculated incentive was the largest PCA reconstruction deviation (observed 2.75e+04).,"Validate the target, policy tier, adjustment approval, and payout reconciliation before action.",0,none,none,none,0,Controlled synthetic labels for evaluation only; not evidence of fraud or misconduct.
RPER_3d3d74b699790098,REP_2234ec3bee93,Daniel Gates,MGR_4b97498897f6,Alisha Cordwell,TEAM_b9dd960c1753,Charlie,TERR_938541fb7311,Charlie / Germany,2018-07-01,validation,0.743370230057491,1.837472170669485,False,False,Calculated incentive was the largest PCA reconstruction deviation (observed 2.75e+04).,"Validate the target, policy tier, adjustment approval, and payout reconciliation before action.",0,none,none,none,0,Controlled synthetic labels for evaluation only; not evidence of fraud or misconduct.
RPER_f5d8e975996b17dd,REP_c56e2fba156a,Thompson Crawford,MGR_5e1c70ff0ce6,James Goodwill,TEAM_a405eba78bf2,Alfa,TERR_b31415d90eb9,Alfa / Germany,2018-06-01,train,0.7425531914893617,1.8313921913859714,False,False,Calculated incentive was the largest PCA reconstruction deviation (observed 2.75e+04).,"Validate the target, policy tier, adjustment approval, and payout reconciliation before action.",0,none,none,none,0,Controlled synthetic labels for evaluation only; not evidence of fraud or misconduct.
RPER_89e1a97869e5d01d,REP_c56e2fba156a,Thompson Crawford,MGR_5e1c70ff0ce6,James Goodwill,TEAM_a405eba78bf2,Alfa,TERR_b31415d90eb9,Alfa / Germany,2018-04-01,train,0.7382978723404255,1.8308520542996425,False,False,Calculated incentive was the largest PCA reconstruction deviation (observed 2.75e+04).,"Validate the target, policy tier, adjustment approval, and payout reconciliation before action.",0,none,none,none,0,Controlled synthetic labels for evaluation only; not evidence of fraud or misconduct.
RPER_4b8488c5abdc17e2,REP_200ef690040c,Mary Gerrard,MGR_31981a685b7e,Britanny Bold,TEAM_4f4a9410ffcd,Delta,TERR_49c0203db75f,Delta / Germany,2018-10-01,validation,0.7350741917867637,1.8176318310018331,False,False,Calculated incentive was the largest PCA reconstruction deviation (observed 2.75e+04).,"Validate the target, policy tier, adjustment approval, and payout reconciliation before action.",0,none,none,none,0,Controlled synthetic labels for evaluation only; not evidence of fraud or misconduct.
RPER_c9d8f4a392ca311e,REP_e7e9152643c7,Jessica Smith,MGR_31981a685b7e,Britanny Bold,TEAM_4f4a9410ffcd,Delta,TERR_49c0203db75f,Delta / Germany,2018-03-01,train,0.7340425531914894,1.8134011101332057,False,False,Calculated incentive was the largest PCA reconstruction deviation (observed 2.75e+04).,"Validate the target, policy tier, adjustment approval, and payout reconciliation before action.",0,none,none,none,0,Controlled synthetic labels for evaluation only; not evidence of fraud or misconduct.
RPER_90e833bd97b14204,REP_bba68d031906,Steve Pepple,MGR_eb86f856200b,Tracy Banks,TEAM_f144a6907dc4,Bravo,TERR_07a5ea4d7ed4,Bravo / Germany,2019-03-01,test,0.7339044761081658,1.8130333271463346,False,False,Calculated incentive was the largest PCA reconstruction deviation (observed 3e+04).,"Validate the target, policy tier, adjustment approval, and payout reconciliation before action.",0,none,none,none,0,Controlled synthetic labels for evaluation only; not evidence of fraud or misconduct.
RPER_be523547dbbeb8ff,REP_200ef690040c,Mary Gerrard,MGR_31981a685b7e,Britanny Bold,TEAM_4f4a9410ffcd,Delta,TERR_49c0203db75f,Delta / Germany,2018-11-01,validation,0.7313917205305265,1.8063403355985959,False,False,Calculated incentive was the largest PCA reconstruction deviation (observed 2.75e+04).,"Validate the target, policy tier, adjustment approval, and payout reconciliation before action.",0,none,none,none,0,Controlled synthetic labels for evaluation only; not evidence of fraud or misconduct.
RPER_02636fc24f4f2b59,REP_2234ec3bee93,Daniel Gates,MGR_4b97498897f6,Alisha Cordwell,TEAM_b9dd960c1753,Charlie,TERR_938541fb7311,Charlie / Germany,2018-03-01,train,0.7297872340425532,1.8020666153060096,False,False,Calculated incentive was the largest PCA reconstruction deviation (observed 2.75e+04).,"Validate the target, policy tier, adjustment approval, and payout reconciliation before action.",0,none,none,none,0,Controlled synthetic labels for evaluation only; not evidence of fraud or misconduct.
RPER_9759df91c36464ff,REP_200ef690040c,Mary Gerrard,MGR_31981a685b7e,Britanny Bold,TEAM_4f4a9410ffcd,Delta,TERR_49c0203db75f,Delta / Germany,2018-03-01,train,0.725531914893617,1.8020415400241712,False,False,Calculated incentive was the largest PCA reconstruction deviation (observed 2.75e+04).,"Validate the target, policy tier, adjustment approval, and payout reconciliation before action.",0,none,none,none,0,Controlled synthetic labels for evaluation only; not evidence of fraud or misconduct.
RPER_d8d73f5469c8013a,REP_bba68d031906,Steve Pepple,MGR_eb86f856200b,Tracy Banks,TEAM_f144a6907dc4,Bravo,TERR_07a5ea4d7ed4,Bravo / Germany,2018-09-01,validation,0.7243888620749953,1.7981492009979043,False,False,Calculated incentive was the largest PCA reconstruction deviation (observed 2.75e+04).,"Validate the target, policy tier, adjustment approval, and payout reconciliation before action.",0,none,none,none,0,Controlled synthetic labels for evaluation only; not evidence of fraud or misconduct.
RPER_da0ca4a631054c69,REP_bba68d031906,Steve Pepple,MGR_eb86f856200b,Tracy Banks,TEAM_f144a6907dc4,Bravo,TERR_07a5ea4d7ed4,Bravo / Germany,2018-05-01,train,0.7212765957446808,1.787551269301077,False,False,Calculated incentive was the largest PCA reconstruction deviation (observed 2.75e+04).,"Validate the target, policy tier, adjustment approval, and payout reconciliation before action.",0,none,none,none,0,Controlled synthetic labels for evaluation only; not evidence of fraud or misconduct.
RPER_0cbd2285ea6c61ef,REP_56269a9759c4,Anne Wu,MGR_31981a685b7e,Britanny Bold,TEAM_4f4a9410ffcd,Delta,TERR_49c0203db75f,Delta / Germany,2018-05-01,train,0.7170212765957447,1.7840801306156642,False,False,Calculated incentive was the largest PCA reconstruction deviation (observed 2.75e+04).,"Validate the target, policy tier, adjustment approval, and payout reconciliation before action.",0,none,none,none,0,Controlled synthetic labels for evaluation only; not evidence of fraud or misconduct.
RPER_b5d74d68c7ba1311,REP_6003efb01f5e,Sheila Stones,MGR_31981a685b7e,Britanny Bold,TEAM_4f4a9410ffcd,Delta,TERR_49c0203db75f,Delta / Germany,2018-10-01,validation,0.7161750056190648,1.783092462499085,False,False,Calculated incentive was the largest PCA reconstruction deviation (observed 2.75e+04).,"Validate the target, policy tier, adjustment approval, and payout reconciliation before action.",0,none,none,none,0,Controlled synthetic labels for evaluation only; not evidence of fraud or misconduct.
RPER_4948c28097d0c4fc,REP_6003efb01f5e,Sheila Stones,MGR_31981a685b7e,Britanny Bold,TEAM_4f4a9410ffcd,Delta,TERR_49c0203db75f,Delta / Germany,2018-02-01,train,0.7127659574468085,1.7791138217558682,False,False,Calculated incentive was the largest PCA reconstruction deviation (observed 2.75e+04).,"Validate the target, policy tier, adjustment approval, and payout reconciliation before action.",0,none,none,none,0,Controlled synthetic labels for evaluation only; not evidence of fraud or misconduct.
RPER_44997030a105e732,REP_e7e9152643c7,Jessica Smith,MGR_31981a685b7e,Britanny Bold,TEAM_4f4a9410ffcd,Delta,TERR_49c0203db75f,Delta / Germany,2018-07-01,validation,0.7111473175998306,1.7771303124931563,False,False,Calculated incentive was the largest PCA reconstruction deviation (observed 2.75e+04).,"Validate the target, policy tier, adjustment approval, and payout reconciliation before action.",0,none,none,none,0,Controlled synthetic labels for evaluation only; not evidence of fraud or misconduct.
RPER_56e43938b658c59a,REP_2234ec3bee93,Daniel Gates,MGR_4b97498897f6,Alisha Cordwell,TEAM_b9dd960c1753,Charlie,TERR_938541fb7311,Charlie / Germany,2018-04-01,train,0.7085106382978723,1.773899280075414,False,False,Calculated incentive was the largest PCA reconstruction deviation (observed 2.75e+04).,"Validate the target, policy tier, adjustment approval, and payout reconciliation before action.",0,none,none,none,0,Controlled synthetic labels for evaluation only; not evidence of fraud or misconduct.
RPER_3d4af09f9017d599,REP_82f7cb811b80,Stella Given,MGR_4b97498897f6,Alisha Cordwell,TEAM_b9dd960c1753,Charlie,TERR_938541fb7311,Charlie / Germany,2017-03-01,train,0.7042553191489361,1.7704710781997888,False,False,Post incentive return rate was the largest PCA reconstruction deviation (observed 0.1191).,"Validate the target, policy tier, adjustment approval, and payout reconciliation before action.",0,none,none,none,0,Controlled synthetic labels for evaluation only; not evidence of fraud or misconduct.
RPER_1e8c58eddede9794,REP_e7e9152643c7,Jessica Smith,MGR_31981a685b7e,Britanny Bold,TEAM_4f4a9410ffcd,Delta,TERR_49c0203db75f,Delta / Germany,2018-08-01,validation,0.7040945861641882,1.769835491101453,False,False,Calculated incentive was the largest PCA reconstruction deviation (observed 2.75e+04).,"Validate the target, policy tier, adjustment approval, and payout reconciliation before action.",0,none,none,none,0,Controlled synthetic labels for evaluation only; not evidence of fraud or misconduct.
RPER_ed5da610541ba554,REP_c56e2fba156a,Thompson Crawford,MGR_5e1c70ff0ce6,James Goodwill,TEAM_a405eba78bf2,Alfa,TERR_b31415d90eb9,Alfa / Germany,2018-10-01,validation,0.7031822683439396,1.7662279090171602,False,False,Calculated incentive was the largest PCA reconstruction deviation (observed 2.75e+04).,"Validate the target, policy tier, adjustment approval, and payout reconciliation before action.",0,none,none,none,0,Controlled synthetic labels for evaluation only; not evidence of fraud or misconduct.
RPER_e6d04eb56e1750e2,REP_a132178ac1b8,Alan Ray,MGR_5e1c70ff0ce6,James Goodwill,TEAM_a405eba78bf2,Alfa,TERR_b31415d90eb9,Alfa / Germany,2018-10-01,validation,0.7018895678308765,1.7611161780964466,False,False,Calculated incentive was the largest PCA reconstruction deviation (observed 2.75e+04).,"Validate the target, policy tier, adjustment approval, and payout reconciliation before action.",0,none,none,none,0,Controlled synthetic labels for evaluation only; not evidence of fraud or misconduct.
RPER_d4a8068fb878906b,REP_6003efb01f5e,Sheila Stones,MGR_31981a685b7e,Britanny Bold,TEAM_4f4a9410ffcd,Delta,TERR_49c0203db75f,Delta / Germany,2018-05-01,train,0.7,1.7536442523021336,False,False,Calculated incentive was the largest PCA reconstruction deviation (observed 2.75e+04).,"Validate the target, policy tier, adjustment approval, and payout reconciliation before action.",0,none,none,none,0,Controlled synthetic labels for evaluation only; not evidence of fraud or misconduct.
RPER_1a7dd926b4d535ea,REP_6003efb01f5e,Sheila Stones,MGR_31981a685b7e,Britanny Bold,TEAM_4f4a9410ffcd,Delta,TERR_49c0203db75f,Delta / Germany,2018-09-01,validation,0.6988999206602581,1.7505881476006668,False,False,Calculated incentive was the largest PCA reconstruction deviation (observed 2.75e+04).,"Validate the target, policy tier, adjustment approval, and payout reconciliation before action.",0,none,none,none,0,Controlled synthetic labels for evaluation only; not evidence of fraud or misconduct.
RPER_93915df220402b4d,REP_bba68d031906,Steve Pepple,MGR_eb86f856200b,Tracy Banks,TEAM_f144a6907dc4,Bravo,TERR_07a5ea4d7ed4,Bravo / Germany,2018-10-01,validation,0.6984531168884428,1.7493468924853783,False,False,Calculated incentive was the largest PCA reconstruction deviation (observed 2.75e+04).,"Validate the target, policy tier, adjustment approval, and payout reconciliation before action.",0,none,none,none,0,Controlled synthetic labels for evaluation only; not evidence of fraud or misconduct.
RPER_34f5fade9ecc9d81,REP_6daf09991b71,Jimmy Grey,MGR_4b97498897f6,Alisha Cordwell,TEAM_b9dd960c1753,Charlie,TERR_938541fb7311,Charlie / Germany,2018-10-01,validation,0.6960645188918566,1.7427111842200143,False,False,Calculated incentive was the largest PCA reconstruction deviation (observed 2.75e+04).,"Validate the target, policy tier, adjustment approval, and payout reconciliation before action.",0,none,none,none,0,Controlled synthetic labels for evaluation only; not evidence of fraud or misconduct.
RPER_f56ceb33d18ac4dd,REP_c56e2fba156a,Thompson Crawford,MGR_5e1c70ff0ce6,James Goodwill,TEAM_a405eba78bf2,Alfa,TERR_b31415d90eb9,Alfa / Germany,2018-03-01,train,0.6957446808510638,1.741822649634496,False,False,Calculated incentive was the largest PCA reconstruction deviation (observed 2.75e+04).,"Validate the target, policy tier, adjustment approval, and payout reconciliation before action.",0,none,none,none,0,Controlled synthetic labels for evaluation only; not evidence of fraud or misconduct.
RPER_b2f414f12fe60c25,REP_2234ec3bee93,Daniel Gates,MGR_4b97498897f6,Alisha Cordwell,TEAM_b9dd960c1753,Charlie,TERR_938541fb7311,Charlie / Germany,2018-10-01,validation,0.694008169944715,1.7367487621474234,False,False,Calculated incentive was the largest PCA reconstruction deviation (observed 2.75e+04).,"Validate the target, policy tier, adjustment approval, and payout reconciliation before action.",0,none,none,none,0,Controlled synthetic labels for evaluation only; not evidence of fraud or misconduct.
RPER_142e61e4b1139796,REP_0dfc420450a6,Abigail Thompson,MGR_eb86f856200b,Tracy Banks,TEAM_f144a6907dc4,Bravo,TERR_07a5ea4d7ed4,Bravo / Germany,2017-06-01,train,0.6914893617021277,1.7293890907640337,False,False,Calculated incentive was the largest PCA reconstruction deviation (observed 2.5e+04).,"Validate the target, policy tier, adjustment approval, and payout reconciliation before action.",0,none,none,none,0,Controlled synthetic labels for evaluation only; not evidence of fraud or misconduct.
RPER_f240b44033dea271,REP_e7e9152643c7,Jessica Smith,MGR_31981a685b7e,Britanny Bold,TEAM_4f4a9410ffcd,Delta,TERR_49c0203db75f,Delta / Germany,2018-10-01,validation,0.6913579465977748,1.7291724585506993,False,False,Calculated incentive was the largest PCA reconstruction deviation (observed 2.75e+04).,"Validate the target, policy tier, adjustment approval, and payout reconciliation before action.",0,none,none,none,0,Controlled synthetic labels for evaluation only; not evidence of fraud or misconduct.
RPER_32683cbff4226162,REP_6daf09991b71,Jimmy Grey,MGR_4b97498897f6,Alisha Cordwell,TEAM_b9dd960c1753,Charlie,TERR_938541fb7311,Charlie / Germany,2018-07-01,validation,0.6912452114368933,1.7289866194301309,False,False,Calculated incentive was the largest PCA reconstruction deviation (observed 2.75e+04).,"Validate the target, policy tier, adjustment approval, and payout reconciliation before action.",0,none,none,none,0,Controlled synthetic labels for evaluation only; not evidence of fraud or misconduct.
RPER_d8a91f07d67c0891,REP_c56e2fba156a,Thompson Crawford,MGR_5e1c70ff0ce6,James Goodwill,TEAM_a405eba78bf2,Alfa,TERR_b31415d90eb9,Alfa / Germany,2018-09-01,validation,0.690195277528271,1.7272558480123434,False,False,Calculated incentive was the largest PCA reconstruction deviation (observed 2.75e+04).,"Validate the target, policy tier, adjustment approval, and payout reconciliation before action.",0,none,none,none,0,Controlled synthetic labels for evaluation only; not evidence of fraud or misconduct.
RPER_c8707affcd33d351,REP_e7e9152643c7,Jessica Smith,MGR_31981a685b7e,Britanny Bold,TEAM_4f4a9410ffcd,Delta,TERR_49c0203db75f,Delta / Germany,2017-12-01,train,0.6872340425531915,1.7223743780320608,False,False,Calculated incentive was the largest PCA reconstruction deviation (observed 2.5e+04).,"Validate the target, policy tier, adjustment approval, and payout reconciliation before action.",0,none,none,none,0,Controlled synthetic labels for evaluation only; not evidence of fraud or misconduct.
RPER_74a8ca3a054b3999,REP_db1cc40d477a,Erica Jones,MGR_5e1c70ff0ce6,James Goodwill,TEAM_a405eba78bf2,Alfa,TERR_b31415d90eb9,Alfa / Germany,2018-05-01,train,0.6829787234042554,1.7208073045867136,False,False,Calculated incentive was the largest PCA reconstruction deviation (observed 2.75e+04).,"Validate the target, policy tier, adjustment approval, and payout reconciliation before action.",0,none,none,none,0,Controlled synthetic labels for evaluation only; not evidence of fraud or misconduct.
RPER_0c0bfd5ed13ffea2,REP_0dfc420450a6,Abigail Thompson,MGR_eb86f856200b,Tracy Banks,TEAM_f144a6907dc4,Bravo,TERR_07a5ea4d7ed4,Bravo / Germany,2017-09-01,train,0.6787234042553192,1.7122842062672228,False,False,Calculated incentive was the largest PCA reconstruction deviation (observed 2.5e+04).,"Validate the target, policy tier, adjustment approval, and payout reconciliation before action.",0,none,none,none,0,Controlled synthetic labels for evaluation only; not evidence of fraud or misconduct.
RPER_16a69c26f3685274,REP_82f7cb811b80,Stella Given,MGR_4b97498897f6,Alisha Cordwell,TEAM_b9dd960c1753,Charlie,TERR_938541fb7311,Charlie / Germany,2019-02-01,test,0.6760026515674947,1.7101911533168768,False,False,Calculated incentive was the largest PCA reconstruction deviation (observed 2.691e+04).,"Validate the target, policy tier, adjustment approval, and payout reconciliation before action.",0,none,none,none,0,Controlled synthetic labels for evaluation only; not evidence of fraud or misconduct.
RPER_1270e8982716581c,REP_200ef690040c,Mary Gerrard,MGR_31981a685b7e,Britanny Bold,TEAM_4f4a9410ffcd,Delta,TERR_49c0203db75f,Delta / Germany,2018-05-01,train,0.674468085106383,1.7090106237989586,False,False,Calculated incentive was the largest PCA reconstruction deviation (observed 2.75e+04).,"Validate the target, policy tier, adjustment approval, and payout reconciliation before action.",0,none,none,none,0,Controlled synthetic labels for evaluation only; not evidence of fraud or misconduct.
RPER_24c166938dab3031,REP_200ef690040c,Mary Gerrard,MGR_31981a685b7e,Britanny Bold,TEAM_4f4a9410ffcd,Delta,TERR_49c0203db75f,Delta / Germany,2018-09-01,validation,0.6739508435127323,1.7069167419411304,False,False,Calculated incentive was the largest PCA reconstruction deviation (observed 2.75e+04).,"Validate the target, policy tier, adjustment approval, and payout reconciliation before action.",0,none,none,none,0,Controlled synthetic labels for evaluation only; not evidence of fraud or misconduct.
RPER_721d7a3ede865af0,REP_bba68d031906,Steve Pepple,MGR_eb86f856200b,Tracy Banks,TEAM_f144a6907dc4,Bravo,TERR_07a5ea4d7ed4,Bravo / Germany,2018-11-01,validation,0.6714043826005913,1.6966082354887262,False,False,Calculated incentive was the largest PCA reconstruction deviation (observed 2.564e+04).,"Validate the target, policy tier, adjustment approval, and payout reconciliation before action.",0,none,none,none,0,Controlled synthetic labels for evaluation only; not evidence of fraud or misconduct.
RPER_d985631757f58e88,REP_200ef690040c,Mary Gerrard,MGR_31981a685b7e,Britanny Bold,TEAM_4f4a9410ffcd,Delta,TERR_49c0203db75f,Delta / Germany,2017-09-01,train,0.6702127659574468,1.6917843688446,False,False,Calculated incentive was the largest PCA reconstruction deviation (observed 2.5e+04).,"Validate the target, policy tier, adjustment approval, and payout reconciliation before action.",0,none,none,none,0,Controlled synthetic labels for evaluation only; not evidence of fraud or misconduct.
RPER_6f5614106a574cf8,REP_6003efb01f5e,Sheila Stones,MGR_31981a685b7e,Britanny Bold,TEAM_4f4a9410ffcd,Delta,TERR_49c0203db75f,Delta / Germany,2018-07-01,validation,0.6688539563290449,1.6872866095182772,False,False,Calculated incentive was the largest PCA reconstruction deviation (observed 2.75e+04).,"Validate the target, policy tier, adjustment approval, and payout reconciliation before action.",0,none,none,none,0,Controlled synthetic labels for evaluation only; not evidence of fraud or misconduct.
RPER_ef5ededdaafb3658,REP_56269a9759c4,Anne Wu,MGR_31981a685b7e,Britanny Bold,TEAM_4f4a9410ffcd,Delta,TERR_49c0203db75f,Delta / Germany,2018-06-01,train,0.6659574468085107,1.6776989509990432,False,False,Calculated incentive was the largest PCA reconstruction deviation (observed 2.75e+04).,"Validate the target, policy tier, adjustment approval, and payout reconciliation before action.",0,none,none,none,0,Controlled synthetic labels for evaluation only; not evidence of fraud or misconduct.
RPER_180cae7b56ba6e16,REP_d21d2dd167c5,Morris Garcia,MGR_eb86f856200b,Tracy Banks,TEAM_f144a6907dc4,Bravo,TERR_07a5ea4d7ed4,Bravo / Germany,2018-10-01,validation,0.6645427141643545,1.6744852317707488,False,False,Calculated incentive was the largest PCA reconstruction deviation (observed 2.75e+04).,"Validate the target, policy tier, adjustment approval, and payout reconciliation before action.",0,none,none,none,0,Controlled synthetic labels for evaluation only; not evidence of fraud or misconduct.
RPER_3df1931a7fa7a373,REP_6003efb01f5e,Sheila Stones,MGR_31981a685b7e,Britanny Bold,TEAM_4f4a9410ffcd,Delta,TERR_49c0203db75f,Delta / Germany,2018-11-01,validation,0.6620033820218191,1.6687168623426438,False,False,Calculated incentive was the largest PCA reconstruction deviation (observed 2.75e+04).,"Validate the target, policy tier, adjustment approval, and payout reconciliation before action.",0,none,none,none,0,Controlled synthetic labels for evaluation only; not evidence of fraud or misconduct.
RPER_4b69123038971c1d,REP_200ef690040c,Mary Gerrard,MGR_31981a685b7e,Britanny Bold,TEAM_4f4a9410ffcd,Delta,TERR_49c0203db75f,Delta / Germany,2018-02-01,train,0.6617021276595745,1.668032530260146,False,False,Calculated incentive was the largest PCA reconstruction deviation (observed 2.75e+04).,"Validate the target, policy tier, adjustment approval, and payout reconciliation before action.",0,none,none,none,0,Controlled synthetic labels for evaluation only; not evidence of fraud or misconduct.
RPER_1be9525a312b9b50,REP_6003efb01f5e,Sheila Stones,MGR_31981a685b7e,Britanny Bold,TEAM_4f4a9410ffcd,Delta,TERR_49c0203db75f,Delta / Germany,2018-08-01,validation,0.6605840628704944,1.663174229335068,False,False,Calculated incentive was the largest PCA reconstruction deviation (observed 2.75e+04).,"Validate the target, policy tier, adjustment approval, and payout reconciliation before action.",0,none,none,none,0,Controlled synthetic labels for evaluation only; not evidence of fraud or misconduct.
RPER_f437f72807fa681b,REP_db1cc40d477a,Erica Jones,MGR_5e1c70ff0ce6,James Goodwill,TEAM_a405eba78bf2,Alfa,TERR_b31415d90eb9,Alfa / Germany,2018-08-01,validation,0.660118507287445,1.6611512614875024,False,False,Calculated incentive was the largest PCA reconstruction deviation (observed 2.75e+04).,"Validate the target, policy tier, adjustment approval, and payout reconciliation before action.",0,none,none,none,0,Controlled synthetic labels for evaluation only; not evidence of fraud or misconduct.
RPER_853b702056785bca,REP_2234ec3bee93,Daniel Gates,MGR_4b97498897f6,Alisha Cordwell,TEAM_b9dd960c1753,Charlie,TERR_938541fb7311,Charlie / Germany,2018-08-01,validation,0.6590722450377989,1.6566049624671095,False,False,Calculated incentive was the largest PCA reconstruction deviation (observed 2.75e+04).,"Validate the target, policy tier, adjustment approval, and payout reconciliation before action.",0,none,none,none,0,Controlled synthetic labels for evaluation only; not evidence of fraud or misconduct.
RPER_325ccd81d052284c,REP_56269a9759c4,Anne Wu,MGR_31981a685b7e,Britanny Bold,TEAM_4f4a9410ffcd,Delta,TERR_49c0203db75f,Delta / Germany,2018-10-01,validation,0.658455526847895,1.6539251512595783,False,False,Calculated incentive was the largest PCA reconstruction deviation (observed 2.75e+04).,"Validate the target, policy tier, adjustment approval, and payout reconciliation before action.",0,none,none,none,0,Controlled synthetic labels for evaluation only; not evidence of fraud or misconduct.
RPER_23a1a065c13b13af,REP_a132178ac1b8,Alan Ray,MGR_5e1c70ff0ce6,James Goodwill,TEAM_a405eba78bf2,Alfa,TERR_b31415d90eb9,Alfa / Germany,2018-09-01,validation,0.6580475854561199,1.6521525330174194,False,False,Calculated incentive was the largest PCA reconstruction deviation (observed 2.75e+04).,"Validate the target, policy tier, adjustment approval, and payout reconciliation before action.",0,none,none,none,0,Controlled synthetic labels for evaluation only; not evidence of fraud or misconduct.
RPER_74fe2bdbe062d4e6,REP_e7e9152643c7,Jessica Smith,MGR_31981a685b7e,Britanny Bold,TEAM_4f4a9410ffcd,Delta,TERR_49c0203db75f,Delta / Germany,2018-06-01,train,0.6574468085106383,1.6495419909285303,False,False,Calculated incentive was the largest PCA reconstruction deviation (observed 2.75e+04).,"Validate the target, policy tier, adjustment approval, and payout reconciliation before action.",0,none,none,none,0,Controlled synthetic labels for evaluation only; not evidence of fraud or misconduct.
RPER_630acd44d333b8b0,REP_82f7cb811b80,Stella Given,MGR_4b97498897f6,Alisha Cordwell,TEAM_b9dd960c1753,Charlie,TERR_938541fb7311,Charlie / Germany,2018-10-01,validation,0.6559866500695155,1.6440415342823949,False,False,Calculated incentive was the largest PCA reconstruction deviation (observed 2.75e+04).,"Validate the target, policy tier, adjustment approval, and payout reconciliation before action.",0,none,none,none,0,Controlled synthetic labels for evaluation only; not evidence of fraud or misconduct.
RPER_c19d72d0d7be063f,REP_a132178ac1b8,Alan Ray,MGR_5e1c70ff0ce6,James Goodwill,TEAM_a405eba78bf2,Alfa,TERR_b31415d90eb9,Alfa / Germany,2018-11-01,validation,0.6539475310560906,1.6363601173801108,False,False,Calculated incentive was the largest PCA reconstruction deviation (observed 2.75e+04).,"Validate the target, policy tier, adjustment approval, and payout reconciliation before action.",0,none,none,none,0,Controlled synthetic labels for evaluation only; not evidence of fraud or misconduct.
RPER_3a069d3763557edd,REP_bba68d031906,Steve Pepple,MGR_eb86f856200b,Tracy Banks,TEAM_f144a6907dc4,Bravo,TERR_07a5ea4d7ed4,Bravo / Germany,2018-02-01,train,0.6531914893617021,1.6335120877104972,False,False,Calculated incentive was the largest PCA reconstruction deviation (observed 2.75e+04).,"Validate the target, policy tier, adjustment approval, and payout reconciliation before action.",0,none,none,none,0,Controlled synthetic labels for evaluation only; not evidence of fraud or misconduct.
RPER_eb2ec057bf45b3a3,REP_db1cc40d477a,Erica Jones,MGR_5e1c70ff0ce6,James Goodwill,TEAM_a405eba78bf2,Alfa,TERR_b31415d90eb9,Alfa / Germany,2018-11-01,validation,0.6511723028325003,1.6324332835418596,False,False,Calculated incentive was the largest PCA reconstruction deviation (observed 2.75e+04).,"Validate the target, policy tier, adjustment approval, and payout reconciliation before action.",0,none,none,none,0,Controlled synthetic labels for evaluation only; not evidence of fraud or misconduct.
RPER_2e4c38460a1c38cf,REP_200ef690040c,Mary Gerrard,MGR_31981a685b7e,Britanny Bold,TEAM_4f4a9410ffcd,Delta,TERR_49c0203db75f,Delta / Germany,2018-06-01,train,0.648936170212766,1.6312385701476744,False,False,Calculated incentive was the largest PCA reconstruction deviation (observed 2.75e+04).,"Validate the target, policy tier, adjustment approval, and payout reconciliation before action.",0,none,none,none,0,Controlled synthetic labels for evaluation only; not evidence of fraud or misconduct.
RPER_bb5095e15412c25d,REP_a132178ac1b8,Alan Ray,MGR_5e1c70ff0ce6,James Goodwill,TEAM_a405eba78bf2,Alfa,TERR_b31415d90eb9,Alfa / Germany,2018-07-01,validation,0.6452768457550936,1.6248360604145669,False,False,Calculated incentive was the largest PCA reconstruction deviation (observed 2.75e+04).,"Validate the target, policy tier, adjustment approval, and payout reconciliation before action.",0,none,none,none,0,Controlled synthetic labels for evaluation only; not evidence of fraud or misconduct.
RPER_477a5a4ac07d7c11,REP_a132178ac1b8,Alan Ray,MGR_5e1c70ff0ce6,James Goodwill,TEAM_a405eba78bf2,Alfa,TERR_b31415d90eb9,Alfa / Germany,2018-03-01,train,0.6446808510638298,1.6237932827500456,False,False,Calculated incentive was the largest PCA reconstruction deviation (observed 2.75e+04).,"Validate the target, policy tier, adjustment approval, and payout reconciliation before action.",0,none,none,none,0,Controlled synthetic labels for evaluation only; not evidence of fraud or misconduct.
RPER_254c223f7af5d235,REP_2234ec3bee93,Daniel Gates,MGR_4b97498897f6,Alisha Cordwell,TEAM_b9dd960c1753,Charlie,TERR_938541fb7311,Charlie / Germany,2018-05-01,train,0.6404255319148936,1.614221942164158,False,False,Calculated incentive was the largest PCA reconstruction deviation (observed 2.75e+04).,"Validate the target, policy tier, adjustment approval, and payout reconciliation before action.",0,none,none,none,0,Controlled synthetic labels for evaluation only; not evidence of fraud or misconduct.
RPER_5af15b13a855159f,REP_db1cc40d477a,Erica Jones,MGR_5e1c70ff0ce6,James Goodwill,TEAM_a405eba78bf2,Alfa,TERR_b31415d90eb9,Alfa / Germany,2018-10-01,validation,0.638372972024847,1.6124524131828644,False,False,Calculated incentive was the largest PCA reconstruction deviation (observed 2.75e+04).,"Validate the target, policy tier, adjustment approval, and payout reconciliation before action.",0,none,none,none,0,Controlled synthetic labels for evaluation only; not evidence of fraud or misconduct.
RPER_6a5c0f29a02a7741,REP_e7e9152643c7,Jessica Smith,MGR_31981a685b7e,Britanny Bold,TEAM_4f4a9410ffcd,Delta,TERR_49c0203db75f,Delta / Germany,2017-11-01,train,0.6361702127659574,1.6105533960743652,False,False,Calculated incentive was the largest PCA reconstruction deviation (observed 2.5e+04).,"Validate the target, policy tier, adjustment approval, and payout reconciliation before action.",0,none,none,none,0,Controlled synthetic labels for evaluation only; not evidence of fraud or misconduct.
RPER_ea18e4d5a7139ac6,REP_0dfc420450a6,Abigail Thompson,MGR_eb86f856200b,Tracy Banks,TEAM_f144a6907dc4,Bravo,TERR_07a5ea4d7ed4,Bravo / Germany,2017-07-01,train,0.6319148936170212,1.6084597188445915,False,False,Calculated incentive was the largest PCA reconstruction deviation (observed 2.5e+04).,"Validate the target, policy tier, adjustment approval, and payout reconciliation before action.",0,none,none,none,0,Controlled synthetic labels for evaluation only; not evidence of fraud or misconduct.
RPER_8e1d8ef9c7acf6bb,REP_bba68d031906,Steve Pepple,MGR_eb86f856200b,Tracy Banks,TEAM_f144a6907dc4,Bravo,TERR_07a5ea4d7ed4,Bravo / Germany,2018-06-01,train,0.6276595744680851,1.6057019611926906,False,False,Calculated incentive was the largest PCA reconstruction deviation (observed 2.75e+04).,"Validate the target, policy tier, adjustment approval, and payout reconciliation before action.",0,none,none,none,0,Controlled synthetic labels for evaluation only; not evidence of fraud or misconduct.
RPER_a9625af479eb87b6,REP_a132178ac1b8,Alan Ray,MGR_5e1c70ff0ce6,James Goodwill,TEAM_a405eba78bf2,Alfa,TERR_b31415d90eb9,Alfa / Germany,2018-01-01,train,0.6234042553191489,1.605066064870107,False,False,Calculated incentive was the largest PCA reconstruction deviation (observed 2.75e+04).,"Validate the target, policy tier, adjustment approval, and payout reconciliation before action.",0,none,none,none,0,Controlled synthetic labels for evaluation only; not evidence of fraud or misconduct.
RPER_0875dceb17baa4cc,REP_56269a9759c4,Anne Wu,MGR_31981a685b7e,Britanny Bold,TEAM_4f4a9410ffcd,Delta,TERR_49c0203db75f,Delta / Germany,2018-08-01,validation,0.62023975273914,1.5975842419636566,False,False,Calculated incentive was the largest PCA reconstruction deviation (observed 2.75e+04).,"Validate the target, policy tier, adjustment approval, and payout reconciliation before action.",0,none,none,none,0,Controlled synthetic labels for evaluation only; not evidence of fraud or misconduct.
RPER_d01981e1cff44ab0,REP_db1cc40d477a,Erica Jones,MGR_5e1c70ff0ce6,James Goodwill,TEAM_a405eba78bf2,Alfa,TERR_b31415d90eb9,Alfa / Germany,2018-06-01,train,0.6191489361702127,1.5950052279841158,False,False,Calculated incentive was the largest PCA reconstruction deviation (observed 2.75e+04).,"Validate the target, policy tier, adjustment approval, and payout reconciliation before action.",0,none,none,none,0,Controlled synthetic labels for evaluation only; not evidence of fraud or misconduct.
RPER_7ddcdb78c30ecf31,REP_2234ec3bee93,Daniel Gates,MGR_4b97498897f6,Alisha Cordwell,TEAM_b9dd960c1753,Charlie,TERR_938541fb7311,Charlie / Germany,2018-11-01,validation,0.6158124059142719,1.591555501473874,False,False,Calculated incentive was the largest PCA reconstruction deviation (observed 2.75e+04).,"Validate the target, policy tier, adjustment approval, and payout reconciliation before action.",0,none,none,none,0,Controlled synthetic labels for evaluation only; not evidence of fraud or misconduct.
RPER_fb49707a7690067c,REP_db1cc40d477a,Erica Jones,MGR_5e1c70ff0ce6,James Goodwill,TEAM_a405eba78bf2,Alfa,TERR_b31415d90eb9,Alfa / Germany,2018-01-01,train,0.6148936170212767,1.590605541438044,False,False,Calculated incentive was the largest PCA reconstruction deviation (observed 2.75e+04).,"Validate the target, policy tier, adjustment approval, and payout reconciliation before action.",0,none,none,none,0,Controlled synthetic labels for evaluation only; not evidence of fraud or misconduct.
RPER_f35431d20830ccce,REP_bba68d031906,Steve Pepple,MGR_eb86f856200b,Tracy Banks,TEAM_f144a6907dc4,Bravo,TERR_07a5ea4d7ed4,Bravo / Germany,2018-07-01,validation,0.6136784929397213,1.5886866137090943,False,False,Calculated incentive was the largest PCA reconstruction deviation (observed 2.75e+04).,"Validate the target, policy tier, adjustment approval, and payout reconciliation before action.",0,none,none,none,0,Controlled synthetic labels for evaluation only; not evidence of fraud or misconduct.
RPER_a8f3a56a2873f099,REP_e7e9152643c7,Jessica Smith,MGR_31981a685b7e,Britanny Bold,TEAM_4f4a9410ffcd,Delta,TERR_49c0203db75f,Delta / Germany,2018-04-01,train,0.6106382978723405,1.583885528202875,False,False,Calculated incentive was the largest PCA reconstruction deviation (observed 2.75e+04).,"Validate the target, policy tier, adjustment approval, and payout reconciliation before action.",0,none,none,none,0,Controlled synthetic labels for evaluation only; not evidence of fraud or misconduct.
RPER_bba18f26a9e82cd0,REP_db1cc40d477a,Erica Jones,MGR_5e1c70ff0ce6,James Goodwill,TEAM_a405eba78bf2,Alfa,TERR_b31415d90eb9,Alfa / Germany,2018-09-01,validation,0.6081136006177932,1.571112854386025,False,False,Calculated incentive was the largest PCA reconstruction deviation (observed 2.75e+04).,"Validate the target, policy tier, adjustment approval, and payout reconciliation before action.",0,none,none,none,0,Controlled synthetic labels for evaluation only; not evidence of fraud or misconduct.
RPER_f9b7b5809cf86de6,REP_db1cc40d477a,Erica Jones,MGR_5e1c70ff0ce6,James Goodwill,TEAM_a405eba78bf2,Alfa,TERR_b31415d90eb9,Alfa / Germany,2018-07-01,validation,0.6079583328743904,1.5703273407022793,False,False,Calculated incentive was the largest PCA reconstruction deviation (observed 2.75e+04).,"Validate the target, policy tier, adjustment approval, and payout reconciliation before action.",0,none,none,none,0,Controlled synthetic labels for evaluation only; not evidence of fraud or misconduct.
RPER_d7a7c6afc3c376d8,REP_a132178ac1b8,Alan Ray,MGR_5e1c70ff0ce6,James Goodwill,TEAM_a405eba78bf2,Alfa,TERR_b31415d90eb9,Alfa / Germany,2018-02-01,train,0.6063829787234043,1.5623574802842335,False,False,Calculated incentive was the largest PCA reconstruction deviation (observed 2.75e+04).,"Validate the target, policy tier, adjustment approval, and payout reconciliation before action.",0,none,none,none,0,Controlled synthetic labels for evaluation only; not evidence of fraud or misconduct.
RPER_e856e5a68684dae0,REP_2234ec3bee93,Daniel Gates,MGR_4b97498897f6,Alisha Cordwell,TEAM_b9dd960c1753,Charlie,TERR_938541fb7311,Charlie / Germany,2018-02-01,train,0.6021276595744681,1.5611056183910115,False,False,Calculated incentive was the largest PCA reconstruction deviation (observed 2.75e+04).,"Validate the target, policy tier, adjustment approval, and payout reconciliation before action.",0,none,none,none,0,Controlled synthetic labels for evaluation only; not evidence of fraud or misconduct.
RPER_eb8c0452386b4fce,REP_c56e2fba156a,Thompson Crawford,MGR_5e1c70ff0ce6,James Goodwill,TEAM_a405eba78bf2,Alfa,TERR_b31415d90eb9,Alfa / Germany,2018-01-01,train,0.597872340425532,1.5590285290063477,False,False,Calculated incentive was the largest PCA reconstruction deviation (observed 2.75e+04).,"Validate the target, policy tier, adjustment approval, and payout reconciliation before action.",0,none,none,none,0,Controlled synthetic labels for evaluation only; not evidence of fraud or misconduct.
RPER_ba122de3a6f86d86,REP_82f7cb811b80,Stella Given,MGR_4b97498897f6,Alisha Cordwell,TEAM_b9dd960c1753,Charlie,TERR_938541fb7311,Charlie / Germany,2018-11-01,validation,0.5955998570316187,1.5471772348475648,False,False,Calculated incentive was the largest PCA reconstruction deviation (observed 2.75e+04).,"Validate the target, policy tier, adjustment approval, and payout reconciliation before action.",0,none,none,none,0,Controlled synthetic labels for evaluation only; not evidence of fraud or misconduct.
RPER_bfdd5bada4a3bc88,REP_d21d2dd167c5,Morris Garcia,MGR_eb86f856200b,Tracy Banks,TEAM_f144a6907dc4,Bravo,TERR_07a5ea4d7ed4,Bravo / Germany,2018-01-01,train,0.5936170212765958,1.5368364905040546,False,False,Calculated incentive was the largest PCA reconstruction deviation (observed 2.75e+04).,"Validate the target, policy tier, adjustment approval, and payout reconciliation before action.",0,none,none,none,0,Controlled synthetic labels for evaluation only; not evidence of fraud or misconduct.
RPER_03b33c1048ecc70c,REP_56269a9759c4,Anne Wu,MGR_31981a685b7e,Britanny Bold,TEAM_4f4a9410ffcd,Delta,TERR_49c0203db75f,Delta / Germany,2018-09-01,validation,0.5934944607590316,1.5360898755517736,False,False,Calculated incentive was the largest PCA reconstruction deviation (observed 2.75e+04).,"Validate the target, policy tier, adjustment approval, and payout reconciliation before action.",0,none,none,none,0,Controlled synthetic labels for evaluation only; not evidence of fraud or misconduct.
RPER_163599b12e05a00c,REP_82f7cb811b80,Stella Given,MGR_4b97498897f6,Alisha Cordwell,TEAM_b9dd960c1753,Charlie,TERR_938541fb7311,Charlie / Germany,2018-12-01,validation,0.5920863757679514,1.5275120943109886,False,False,Calculated incentive was the largest PCA reconstruction deviation (observed 2.75e+04).,"Validate the target, policy tier, adjustment approval, and payout reconciliation before action.",0,none,none,none,0,Controlled synthetic labels for evaluation only; not evidence of fraud or misconduct.
RPER_e344cfcc67b97ad9,REP_82f7cb811b80,Stella Given,MGR_4b97498897f6,Alisha Cordwell,TEAM_b9dd960c1753,Charlie,TERR_938541fb7311,Charlie / Germany,2018-07-01,validation,0.5911931900104613,1.522070979546135,False,False,Calculated incentive was the largest PCA reconstruction deviation (observed 2.75e+04).,"Validate the target, policy tier, adjustment approval, and payout reconciliation before action.",0,none,none,none,0,Controlled synthetic labels for evaluation only; not evidence of fraud or misconduct.
RPER_25e263995e1bbb81,REP_c56e2fba156a,Thompson Crawford,MGR_5e1c70ff0ce6,James Goodwill,TEAM_a405eba78bf2,Alfa,TERR_b31415d90eb9,Alfa / Germany,2018-11-01,validation,0.5897901957992787,1.5135242103512014,False,False,Calculated incentive was the largest PCA reconstruction deviation (observed 2.75e+04).,"Validate the target, policy tier, adjustment approval, and payout reconciliation before action.",0,none,none,none,0,Controlled synthetic labels for evaluation only; not evidence of fraud or misconduct.
RPER_d3a4bde8413da68d,REP_6daf09991b71,Jimmy Grey,MGR_4b97498897f6,Alisha Cordwell,TEAM_b9dd960c1753,Charlie,TERR_938541fb7311,Charlie / Germany,2018-01-01,train,0.5893617021276596,1.5109139098356126,False,False,Calculated incentive was the largest PCA reconstruction deviation (observed 2.75e+04).,"Validate the target, policy tier, adjustment approval, and payout reconciliation before action.",0,none,none,none,0,Controlled synthetic labels for evaluation only; not evidence of fraud or misconduct.
RPER_0db631a5e239afff,REP_2234ec3bee93,Daniel Gates,MGR_4b97498897f6,Alisha Cordwell,TEAM_b9dd960c1753,Charlie,TERR_938541fb7311,Charlie / Germany,2018-06-01,train,0.5851063829787234,1.5085671050784548,False,False,Calculated incentive was the largest PCA reconstruction deviation (observed 2.75e+04).,"Validate the target, policy tier, adjustment approval, and payout reconciliation before action.",0,none,none,none,0,Controlled synthetic labels for evaluation only; not evidence of fraud or misconduct.
RPER_a041724f9eec8b57,REP_6daf09991b71,Jimmy Grey,MGR_4b97498897f6,Alisha Cordwell,TEAM_b9dd960c1753,Charlie,TERR_938541fb7311,Charlie / Germany,2018-04-01,train,0.5808510638297872,1.5058284709109646,False,False,Calculated incentive was the largest PCA reconstruction deviation (observed 2.75e+04).,"Validate the target, policy tier, adjustment approval, and payout reconciliation before action.",0,none,none,none,0,Controlled synthetic labels for evaluation only; not evidence of fraud or misconduct.
RPER_b9c6f42b6dc33186,REP_d21d2dd167c5,Morris Garcia,MGR_eb86f856200b,Tracy Banks,TEAM_f144a6907dc4,Bravo,TERR_07a5ea4d7ed4,Bravo / Germany,2017-05-01,train,0.5765957446808511,1.5050384554435352,False,False,Calculated incentive was the largest PCA reconstruction deviation (observed 2.5e+04).,"Validate the target, policy tier, adjustment approval, and payout reconciliation before action.",0,none,none,none,0,Controlled synthetic labels for evaluation only; not evidence of fraud or misconduct.
RPER_9c22e0475f819b5c,REP_56269a9759c4,Anne Wu,MGR_31981a685b7e,Britanny Bold,TEAM_4f4a9410ffcd,Delta,TERR_49c0203db75f,Delta / Germany,2018-04-01,train,0.5723404255319149,1.504866358722298,False,False,Calculated incentive was the largest PCA reconstruction deviation (observed 2.634e+04).,"Validate the target, policy tier, adjustment approval, and payout reconciliation before action.",0,none,none,none,0,Controlled synthetic labels for evaluation only; not evidence of fraud or misconduct.
RPER_9cd6eaacf36b2e74,REP_6003efb01f5e,Sheila Stones,MGR_31981a685b7e,Britanny Bold,TEAM_4f4a9410ffcd,Delta,TERR_49c0203db75f,Delta / Germany,2018-01-01,train,0.5680851063829787,1.5041652094781501,False,False,Calculated incentive was the largest PCA reconstruction deviation (observed 2.75e+04).,"Validate the target, policy tier, adjustment approval, and payout reconciliation before action.",0,none,none,none,0,Controlled synthetic labels for evaluation only; not evidence of fraud or misconduct.
RPER_d81bd4369c3622dd,REP_d21d2dd167c5,Morris Garcia,MGR_eb86f856200b,Tracy Banks,TEAM_f144a6907dc4,Bravo,TERR_07a5ea4d7ed4,Bravo / Germany,2018-03-01,train,0.5638297872340425,1.5036192999684592,False,False,Calculated incentive was the largest PCA reconstruction deviation (observed 2.75e+04).,"Validate the target, policy tier, adjustment approval, and payout reconciliation before action.",0,none,none,none,0,Controlled synthetic labels for evaluation only; not evidence of fraud or misconduct.
RPER_0a661bedefb553cd,REP_c56e2fba156a,Thompson Crawford,MGR_5e1c70ff0ce6,James Goodwill,TEAM_a405eba78bf2,Alfa,TERR_b31415d90eb9,Alfa / Germany,2018-08-01,validation,0.5611187786328639,1.497660854207917,False,False,Calculated incentive was the largest PCA reconstruction deviation (observed 2.75e+04).,"Validate the target, policy tier, adjustment approval, and payout reconciliation before action.",0,none,none,none,0,Controlled synthetic labels for evaluation only; not evidence of fraud or misconduct.
RPER_006b58750be8107d,REP_db1cc40d477a,Erica Jones,MGR_5e1c70ff0ce6,James Goodwill,TEAM_a405eba78bf2,Alfa,TERR_b31415d90eb9,Alfa / Germany,2018-12-01,validation,0.5601405760745594,1.4955108916869766,False,False,Calculated incentive was the largest PCA reconstruction deviation (observed 2.75e+04).,"Validate the target, policy tier, adjustment approval, and payout reconciliation before action.",0,none,none,none,0,Controlled synthetic labels for evaluation only; not evidence of fraud or misconduct.
RPER_1aee5e4a99dbd301,REP_56269a9759c4,Anne Wu,MGR_31981a685b7e,Britanny Bold,TEAM_4f4a9410ffcd,Delta,TERR_49c0203db75f,Delta / Germany,2018-07-01,validation,0.5596320303490223,1.494393174051905,False,False,Calculated incentive was the largest PCA reconstruction deviation (observed 2.75e+04).,"Validate the target, policy tier, adjustment approval, and payout reconciliation before action.",0,none,none,none,0,Controlled synthetic labels for evaluation only; not evidence of fraud or misconduct.
RPER_a5df6e2c137eed74,REP_e7e9152643c7,Jessica Smith,MGR_31981a685b7e,Britanny Bold,TEAM_4f4a9410ffcd,Delta,TERR_49c0203db75f,Delta / Germany,2017-08-01,train,0.5595744680851064,1.494266659651601,False,False,Calculated incentive was the largest PCA reconstruction deviation (observed 2.5e+04).,"Validate the target, policy tier, adjustment approval, and payout reconciliation before action.",0,none,none,none,0,Controlled synthetic labels for evaluation only; not evidence of fraud or misconduct.
RPER_d3b5b8966efc9e7d,REP_bba68d031906,Steve Pepple,MGR_eb86f856200b,Tracy Banks,TEAM_f144a6907dc4,Bravo,TERR_07a5ea4d7ed4,Bravo / Germany,2017-04-01,train,0.5553191489361702,1.4939564636075227,False,False,Calculated incentive was the largest PCA reconstruction deviation (observed 2.5e+04).,"Validate the target, policy tier, adjustment approval, and payout reconciliation before action.",0,none,none,none,0,Controlled synthetic labels for evaluation only; not evidence of fraud or misconduct.
RPER_3c738aea125bc2a4,REP_56269a9759c4,Anne Wu,MGR_31981a685b7e,Britanny Bold,TEAM_4f4a9410ffcd,Delta,TERR_49c0203db75f,Delta / Germany,2018-02-01,train,0.551063829787234,1.4902565727785952,False,False,Calculated incentive was the largest PCA reconstruction deviation (observed 2.75e+04).,"Validate the target, policy tier, adjustment approval, and payout reconciliation before action.",0,none,none,none,0,Controlled synthetic labels for evaluation only; not evidence of fraud or misconduct.
RPER_7551f3af62fc7758,REP_6003efb01f5e,Sheila Stones,MGR_31981a685b7e,Britanny Bold,TEAM_4f4a9410ffcd,Delta,TERR_49c0203db75f,Delta / Germany,2018-06-01,train,0.5468085106382978,1.4872706761382053,False,False,Calculated incentive was the largest PCA reconstruction deviation (observed 2.75e+04).,"Validate the target, policy tier, adjustment approval, and payout reconciliation before action.",0,none,none,none,0,Controlled synthetic labels for evaluation only; not evidence of fraud or misconduct.
RPER_d6ba604d09f7f403,REP_56269a9759c4,Anne Wu,MGR_31981a685b7e,Britanny Bold,TEAM_4f4a9410ffcd,Delta,TERR_49c0203db75f,Delta / Germany,2018-11-01,validation,0.5431489190538021,1.4813530837128488,False,False,Calculated incentive was the largest PCA reconstruction deviation (observed 2.75e+04).,"Validate the target, policy tier, adjustment approval, and payout reconciliation before action.",0,none,none,none,0,Controlled synthetic labels for evaluation only; not evidence of fraud or misconduct.
RPER_10660a679152723a,REP_a132178ac1b8,Alan Ray,MGR_5e1c70ff0ce6,James Goodwill,TEAM_a405eba78bf2,Alfa,TERR_b31415d90eb9,Alfa / Germany,2018-06-01,train,0.5425531914893617,1.4803897868963831,False,False,Calculated incentive was the largest PCA reconstruction deviation (observed 2.75e+04).,"Validate the target, policy tier, adjustment approval, and payout reconciliation before action.",0,none,none,none,0,Controlled synthetic labels for evaluation only; not evidence of fraud or misconduct.
RPER_1fe2728164c12435,REP_db1cc40d477a,Erica Jones,MGR_5e1c70ff0ce6,James Goodwill,TEAM_a405eba78bf2,Alfa,TERR_b31415d90eb9,Alfa / Germany,2018-02-01,train,0.5382978723404256,1.4773290857348338,False,False,Calculated incentive was the largest PCA reconstruction deviation (observed 2.75e+04).,"Validate the target, policy tier, adjustment approval, and payout reconciliation before action.",0,none,none,none,0,Controlled synthetic labels for evaluation only; not evidence of fraud or misconduct.
RPER_0a6d15f6a7a65243,REP_d21d2dd167c5,Morris Garcia,MGR_eb86f856200b,Tracy Banks,TEAM_f144a6907dc4,Bravo,TERR_07a5ea4d7ed4,Bravo / Germany,2018-04-01,train,0.5340425531914894,1.4742302303991797,False,False,Calculated incentive was the largest PCA reconstruction deviation (observed 2.75e+04).,"Validate the target, policy tier, adjustment approval, and payout reconciliation before action.",0,none,none,none,0,Controlled synthetic labels for evaluation only; not evidence of fraud or misconduct.
RPER_9660b6032c98ab3d,REP_82f7cb811b80,Stella Given,MGR_4b97498897f6,Alisha Cordwell,TEAM_b9dd960c1753,Charlie,TERR_938541fb7311,Charlie / Germany,2018-04-01,train,0.5297872340425532,1.4734568299279744,False,False,Calculated incentive was the largest PCA reconstruction deviation (observed 2.75e+04).,"Validate the target, policy tier, adjustment approval, and payout reconciliation before action.",0,none,none,none,0,Controlled synthetic labels for evaluation only; not evidence of fraud or misconduct.
RPER_51d937f345076131,REP_d21d2dd167c5,Morris Garcia,MGR_eb86f856200b,Tracy Banks,TEAM_f144a6907dc4,Bravo,TERR_07a5ea4d7ed4,Bravo / Germany,2017-06-01,train,0.5255319148936171,1.4643662562380135,False,False,Calculated incentive was the largest PCA reconstruction deviation (observed 2.5e+04).,"Validate the target, policy tier, adjustment approval, and payout reconciliation before action.",0,none,none,none,0,Controlled synthetic labels for evaluation only; not evidence of fraud or misconduct.
RPER_4c915c316d41d4c2,REP_82f7cb811b80,Stella Given,MGR_4b97498897f6,Alisha Cordwell,TEAM_b9dd960c1753,Charlie,TERR_938541fb7311,Charlie / Germany,2018-03-01,train,0.5212765957446809,1.4588217914035313,False,False,Calculated incentive was the largest PCA reconstruction deviation (observed 2.75e+04).,"Validate the target, policy tier, adjustment approval, and payout reconciliation before action.",0,none,none,none,0,Controlled synthetic labels for evaluation only; not evidence of fraud or misconduct.
RPER_847a0cc4bb7fc340,REP_db1cc40d477a,Erica Jones,MGR_5e1c70ff0ce6,James Goodwill,TEAM_a405eba78bf2,Alfa,TERR_b31415d90eb9,Alfa / Germany,2017-03-01,train,0.5170212765957447,1.4581921564667082,False,False,Post incentive return rate was the largest PCA reconstruction deviation (observed 0.09955).,"Validate the target, policy tier, adjustment approval, and payout reconciliation before action.",0,none,none,none,0,Controlled synthetic labels for evaluation only; not evidence of fraud or misconduct.
RPER_e2efdf8139bd2e13,REP_200ef690040c,Mary Gerrard,MGR_31981a685b7e,Britanny Bold,TEAM_4f4a9410ffcd,Delta,TERR_49c0203db75f,Delta / Germany,2017-11-01,train,0.5127659574468085,1.4541742966223001,False,False,Calculated incentive was the largest PCA reconstruction deviation (observed 2.5e+04).,"Validate the target, policy tier, adjustment approval, and payout reconciliation before action.",0,none,none,none,0,Controlled synthetic labels for evaluation only; not evidence of fraud or misconduct.
RPER_d2ffe731564a47ad,REP_2234ec3bee93,Daniel Gates,MGR_4b97498897f6,Alisha Cordwell,TEAM_b9dd960c1753,Charlie,TERR_938541fb7311,Charlie / Germany,2018-01-01,train,0.5085106382978724,1.4536255669883609,False,False,Calculated incentive was the largest PCA reconstruction deviation (observed 2.75e+04).,"Validate the target, policy tier, adjustment approval, and payout reconciliation before action.",0,none,none,none,0,Controlled synthetic labels for evaluation only; not evidence of fraud or misconduct.
RPER_c8d6c0f332403889,REP_82f7cb811b80,Stella Given,MGR_4b97498897f6,Alisha Cordwell,TEAM_b9dd960c1753,Charlie,TERR_938541fb7311,Charlie / Germany,2018-01-01,train,0.5042553191489362,1.4533745782463905,False,False,Calculated incentive was the largest PCA reconstruction deviation (observed 2.75e+04).,"Validate the target, policy tier, adjustment approval, and payout reconciliation before action.",0,none,none,none,0,Controlled synthetic labels for evaluation only; not evidence of fraud or misconduct.
RPER_ed19a1d09912bed4,REP_6daf09991b71,Jimmy Grey,MGR_4b97498897f6,Alisha Cordwell,TEAM_b9dd960c1753,Charlie,TERR_938541fb7311,Charlie / Germany,2018-03-01,train,0.5,1.4530180481894432,False,False,Calculated incentive was the largest PCA reconstruction deviation (observed 2.75e+04).,"Validate the target, policy tier, adjustment approval, and payout reconciliation before action.",0,none,none,none,0,Controlled synthetic labels for evaluation only; not evidence of fraud or misconduct.
RPER_f3d45a9e0199d4c7,REP_56269a9759c4,Anne Wu,MGR_31981a685b7e,Britanny Bold,TEAM_4f4a9410ffcd,Delta,TERR_49c0203db75f,Delta / Germany,2019-04-01,test,0.4983352508917558,1.4417315670482265,False,False,Calculated incentive was the largest PCA reconstruction deviation (observed 2.342e+04).,"Validate the target, policy tier, adjustment approval, and payout reconciliation before action.",0,none,none,none,0,Controlled synthetic labels for evaluation only; not evidence of fraud or misconduct.
RPER_3929f88735783e48,REP_6003efb01f5e,Sheila Stones,MGR_31981a685b7e,Britanny Bold,TEAM_4f4a9410ffcd,Delta,TERR_49c0203db75f,Delta / Germany,2018-03-01,train,0.4957446808510638,1.4241683079574263,False,False,Calculated incentive was the largest PCA reconstruction deviation (observed 2.75e+04).,"Validate the target, policy tier, adjustment approval, and payout reconciliation before action.",0,none,none,none,0,Controlled synthetic labels for evaluation only; not evidence of fraud or misconduct.
RPER_3b142d7baac8e7a9,REP_d21d2dd167c5,Morris Garcia,MGR_eb86f856200b,Tracy Banks,TEAM_f144a6907dc4,Bravo,TERR_07a5ea4d7ed4,Bravo / Germany,2018-06-01,train,0.49148936170212765,1.4238862599205377,False,False,Calculated incentive was the largest PCA reconstruction deviation (observed 2.75e+04).,"Validate the target, policy tier, adjustment approval, and payout reconciliation before action.",0,none,none,none,0,Controlled synthetic labels for evaluation only; not evidence of fraud or misconduct.
RPER_a56116a46956ba51,REP_6003efb01f5e,Sheila Stones,MGR_31981a685b7e,Britanny Bold,TEAM_4f4a9410ffcd,Delta,TERR_49c0203db75f,Delta / Germany,2017-06-01,train,0.48723404255319147,1.4227713455384021,False,False,Calculated incentive was the largest PCA reconstruction deviation (observed 2.5e+04).,"Validate the target, policy tier, adjustment approval, and payout reconciliation before action.",0,none,none,none,0,Controlled synthetic labels for evaluation only; not evidence of fraud or misconduct.
RPER_9b6c0bba8fa3b424,REP_bba68d031906,Steve Pepple,MGR_eb86f856200b,Tracy Banks,TEAM_f144a6907dc4,Bravo,TERR_07a5ea4d7ed4,Bravo / Germany,2018-01-01,train,0.4829787234042553,1.4057804514356986,False,False,Calculated incentive was the largest PCA reconstruction deviation (observed 2.75e+04).,"Validate the target, policy tier, adjustment approval, and payout reconciliation before action.",0,none,none,none,0,Controlled synthetic labels for evaluation only; not evidence of fraud or misconduct.
RPER_5de388944f114449,REP_200ef690040c,Mary Gerrard,MGR_31981a685b7e,Britanny Bold,TEAM_4f4a9410ffcd,Delta,TERR_49c0203db75f,Delta / Germany,2017-08-01,train,0.4787234042553192,1.390257891042857,False,False,Calculated incentive was the largest PCA reconstruction deviation (observed 2.5e+04).,"Validate the target, policy tier, adjustment approval, and payout reconciliation before action.",0,none,none,none,0,Controlled synthetic labels for evaluation only; not evidence of fraud or misconduct.
RPER_b903e13d47deda6e,REP_d21d2dd167c5,Morris Garcia,MGR_eb86f856200b,Tracy Banks,TEAM_f144a6907dc4,Bravo,TERR_07a5ea4d7ed4,Bravo / Germany,2018-02-01,train,0.474468085106383,1.3796931250261317,False,False,Calculated incentive was the largest PCA reconstruction deviation (observed 2.75e+04).,"Validate the target, policy tier, adjustment approval, and payout reconciliation before action.",0,none,none,none,0,Controlled synthetic labels for evaluation only; not evidence of fraud or misconduct.
RPER_15f1a8d5c5af6249,REP_bba68d031906,Steve Pepple,MGR_eb86f856200b,Tracy Banks,TEAM_f144a6907dc4,Bravo,TERR_07a5ea4d7ed4,Bravo / Germany,2017-03-01,train,0.4702127659574468,1.3768299216143676,False,False,Calculated incentive was the largest PCA reconstruction deviation (observed 2.5e+04).,"Validate the target, policy tier, adjustment approval, and payout reconciliation before action.",0,none,none,none,0,Controlled synthetic labels for evaluation only; not evidence of fraud or misconduct.
RPER_ab93cdb634454bed,REP_a132178ac1b8,Alan Ray,MGR_5e1c70ff0ce6,James Goodwill,TEAM_a405eba78bf2,Alfa,TERR_b31415d90eb9,Alfa / Germany,2018-05-01,train,0.46595744680851064,1.375055155749633,False,False,Calculated incentive was the largest PCA reconstruction deviation (observed 2.75e+04).,"Validate the target, policy tier, adjustment approval, and payout reconciliation before action.",0,none,none,none,0,Controlled synthetic labels for evaluation only; not evidence of fraud or misconduct.
RPER_0de6c2fb39c0fa97,REP_82f7cb811b80,Stella Given,MGR_4b97498897f6,Alisha Cordwell,TEAM_b9dd960c1753,Charlie,TERR_938541fb7311,Charlie / Germany,2017-06-01,train,0.46170212765957447,1.3743117562671001,False,False,Calculated incentive was the largest PCA reconstruction deviation (observed 2.5e+04).,"Validate the target, policy tier, adjustment approval, and payout reconciliation before action.",0,none,none,none,0,Controlled synthetic labels for evaluation only; not evidence of fraud or misconduct.
RPER_edbf0874ceb5518d,REP_0dfc420450a6,Abigail Thompson,MGR_eb86f856200b,Tracy Banks,TEAM_f144a6907dc4,Bravo,TERR_07a5ea4d7ed4,Bravo / Germany,2017-05-01,train,0.4574468085106383,1.3637361450855578,False,False,Calculated incentive was the largest PCA reconstruction deviation (observed 2.5e+04).,"Validate the target, policy tier, adjustment approval, and payout reconciliation before action.",0,none,none,none,0,Controlled synthetic labels for evaluation only; not evidence of fraud or misconduct.
RPER_52d832db2d52d343,REP_200ef690040c,Mary Gerrard,MGR_31981a685b7e,Britanny Bold,TEAM_4f4a9410ffcd,Delta,TERR_49c0203db75f,Delta / Germany,2017-03-01,train,0.4531914893617021,1.3587291008543272,False,False,Calculated incentive was the largest PCA reconstruction deviation (observed 2.5e+04).,"Validate the target, policy tier, adjustment approval, and payout reconciliation before action.",0,none,none,none,0,Controlled synthetic labels for evaluation only; not evidence of fraud or misconduct.
RPER_f9cbda4151f69f23,REP_e7e9152643c7,Jessica Smith,MGR_31981a685b7e,Britanny Bold,TEAM_4f4a9410ffcd,Delta,TERR_49c0203db75f,Delta / Germany,2018-05-01,train,0.44893617021276594,1.3571679891904973,False,False,Calculated incentive was the largest PCA reconstruction deviation (observed 2.481e+04).,"Validate the target, policy tier, adjustment approval, and payout reconciliation before action.",0,none,none,none,0,Controlled synthetic labels for evaluation only; not evidence of fraud or misconduct.
RPER_fd5e56da6c9c40a1,REP_d21d2dd167c5,Morris Garcia,MGR_eb86f856200b,Tracy Banks,TEAM_f144a6907dc4,Bravo,TERR_07a5ea4d7ed4,Bravo / Germany,2018-11-01,validation,0.4447218603233518,1.3419323275423747,False,False,Calculated incentive was the largest PCA reconstruction deviation (observed 2.406e+04).,"Validate the target, policy tier, adjustment approval, and payout reconciliation before action.",0,none,none,none,0,Controlled synthetic labels for evaluation only; not evidence of fraud or misconduct.
RPER_c3d894ba3cf3b7f7,REP_c56e2fba156a,Thompson Crawford,MGR_5e1c70ff0ce6,James Goodwill,TEAM_a405eba78bf2,Alfa,TERR_b31415d90eb9,Alfa / Germany,2018-02-01,train,0.44468085106382976,1.3417840700058117,False,False,Calculated incentive was the largest PCA reconstruction deviation (observed 2.75e+04).,"Validate the target, policy tier, adjustment approval, and payout reconciliation before action.",0,none,none,none,0,Controlled synthetic labels for evaluation only; not evidence of fraud or misconduct.
RPER_14589cbbc8004e7f,REP_d21d2dd167c5,Morris Garcia,MGR_eb86f856200b,Tracy Banks,TEAM_f144a6907dc4,Bravo,TERR_07a5ea4d7ed4,Bravo / Germany,2018-05-01,train,0.44042553191489364,1.3408351169968606,False,False,Calculated incentive was the largest PCA reconstruction deviation (observed 2.65e+04).,"Validate the target, policy tier, adjustment approval, and payout reconciliation before action.",0,none,none,none,0,Controlled synthetic labels for evaluation only; not evidence of fraud or misconduct.
RPER_f997da66c0fe6ddf,REP_d21d2dd167c5,Morris Garcia,MGR_eb86f856200b,Tracy Banks,TEAM_f144a6907dc4,Bravo,TERR_07a5ea4d7ed4,Bravo / Germany,2018-07-01,validation,0.43671826239519335,1.3295133150169047,False,False,Calculated incentive was the largest PCA reconstruction deviation (observed 2.75e+04).,"Validate the target, policy tier, adjustment approval, and payout reconciliation before action.",0,none,none,none,0,Controlled synthetic labels for evaluation only; not evidence of fraud or misconduct.
RPER_2ec02c582d622c1e,REP_d21d2dd167c5,Morris Garcia,MGR_eb86f856200b,Tracy Banks,TEAM_f144a6907dc4,Bravo,TERR_07a5ea4d7ed4,Bravo / Germany,2017-04-01,train,0.43617021276595747,1.3278396008872941,False,False,Calculated incentive was the largest PCA reconstruction deviation (observed 2.5e+04).,"Validate the target, policy tier, adjustment approval, and payout reconciliation before action.",0,none,none,none,0,Controlled synthetic labels for evaluation only; not evidence of fraud or misconduct.
RPER_d46c923255197d22,REP_c56e2fba156a,Thompson Crawford,MGR_5e1c70ff0ce6,James Goodwill,TEAM_a405eba78bf2,Alfa,TERR_b31415d90eb9,Alfa / Germany,2017-10-01,train,0.4319148936170213,1.3267184127851734,False,False,Calculated incentive was the largest PCA reconstruction deviation (observed 2.5e+04).,"Validate the target, policy tier, adjustment approval, and payout reconciliation before action.",0,none,none,none,0,Controlled synthetic labels for evaluation only; not evidence of fraud or misconduct.
RPER_04536ca910beffa0,REP_82f7cb811b80,Stella Given,MGR_4b97498897f6,Alisha Cordwell,TEAM_b9dd960c1753,Charlie,TERR_938541fb7311,Charlie / Germany,2018-02-01,train,0.4276595744680851,1.322859966626763,False,False,Calculated incentive was the largest PCA reconstruction deviation (observed 2.75e+04).,"Validate the target, policy tier, adjustment approval, and payout reconciliation before action.",0,none,none,none,0,Controlled synthetic labels for evaluation only; not evidence of fraud or misconduct.
RPER_48afb0a0a8fb77a5,REP_6daf09991b71,Jimmy Grey,MGR_4b97498897f6,Alisha Cordwell,TEAM_b9dd960c1753,Charlie,TERR_938541fb7311,Charlie / Germany,2018-11-01,validation,0.4260827675206763,1.3203725631655474,False,False,Calculated incentive was the largest PCA reconstruction deviation (observed 2.17e+04).,"Validate the target, policy tier, adjustment approval, and payout reconciliation before action.",0,none,none,none,0,Controlled synthetic labels for evaluation only; not evidence of fraud or misconduct.
RPER_f3fcf8beb513231b,REP_c56e2fba156a,Thompson Crawford,MGR_5e1c70ff0ce6,James Goodwill,TEAM_a405eba78bf2,Alfa,TERR_b31415d90eb9,Alfa / Germany,2017-08-01,train,0.42340425531914894,1.3161472263023783,False,False,Calculated incentive was the largest PCA reconstruction deviation (observed 2.5e+04).,"Validate the target, policy tier, adjustment approval, and payout reconciliation before action.",0,none,none,none,0,Controlled synthetic labels for evaluation only; not evidence of fraud or misconduct.
RPER_c2f973ad7a1060f5,REP_d21d2dd167c5,Morris Garcia,MGR_eb86f856200b,Tracy Banks,TEAM_f144a6907dc4,Bravo,TERR_07a5ea4d7ed4,Bravo / Germany,2017-10-01,train,0.41914893617021276,1.3151625807020426,False,False,Calculated incentive was the largest PCA reconstruction deviation (observed 2.5e+04).,"Validate the target, policy tier, adjustment approval, and payout reconciliation before action.",0,none,none,none,0,Controlled synthetic labels for evaluation only; not evidence of fraud or misconduct.
RPER_354d47e4d0842666,REP_6daf09991b71,Jimmy Grey,MGR_4b97498897f6,Alisha Cordwell,TEAM_b9dd960c1753,Charlie,TERR_938541fb7311,Charlie / Germany,2018-02-01,train,0.4148936170212766,1.308472506707511,False,False,Calculated incentive was the largest PCA reconstruction deviation (observed 2.75e+04).,"Validate the target, policy tier, adjustment approval, and payout reconciliation before action.",0,none,none,none,0,Controlled synthetic labels for evaluation only; not evidence of fraud or misconduct.
RPER_959f885b3238aa31,REP_bba68d031906,Steve Pepple,MGR_eb86f856200b,Tracy Banks,TEAM_f144a6907dc4,Bravo,TERR_07a5ea4d7ed4,Bravo / Germany,2017-11-01,train,0.4106382978723404,1.3072783232947631,False,False,Calculated incentive was the largest PCA reconstruction deviation (observed 2.5e+04).,"Validate the target, policy tier, adjustment approval, and payout reconciliation before action.",0,none,none,none,0,Controlled synthetic labels for evaluation only; not evidence of fraud or misconduct.
RPER_a17e4f30bb9398e3,REP_db1cc40d477a,Erica Jones,MGR_5e1c70ff0ce6,James Goodwill,TEAM_a405eba78bf2,Alfa,TERR_b31415d90eb9,Alfa / Germany,2017-05-01,train,0.40638297872340423,1.3052003775454524,False,False,Calculated incentive was the largest PCA reconstruction deviation (observed 2.5e+04).,"Validate the target, policy tier, adjustment approval, and payout reconciliation before action.",0,none,none,none,0,Controlled synthetic labels for evaluation only; not evidence of fraud or misconduct.
RPER_fbd5ed7dae405a83,REP_c56e2fba156a,Thompson Crawford,MGR_5e1c70ff0ce6,James Goodwill,TEAM_a405eba78bf2,Alfa,TERR_b31415d90eb9,Alfa / Germany,2017-07-01,train,0.4021276595744681,1.2860282340381606,False,False,Calculated incentive was the largest PCA reconstruction deviation (observed 2.5e+04).,"Validate the target, policy tier, adjustment approval, and payout reconciliation before action.",0,none,none,none,0,Controlled synthetic labels for evaluation only; not evidence of fraud or misconduct.
RPER_6779b72f0b9d987c,REP_6003efb01f5e,Sheila Stones,MGR_31981a685b7e,Britanny Bold,TEAM_4f4a9410ffcd,Delta,TERR_49c0203db75f,Delta / Germany,2017-09-01,train,0.39787234042553193,1.2837443202361833,False,False,Calculated incentive was the largest PCA reconstruction deviation (observed 2.5e+04).,"Validate the target, policy tier, adjustment approval, and payout reconciliation before action.",0,none,none,none,0,Controlled synthetic labels for evaluation only; not evidence of fraud or misconduct.
RPER_69bbf1143c909c44,REP_db1cc40d477a,Erica Jones,MGR_5e1c70ff0ce6,James Goodwill,TEAM_a405eba78bf2,Alfa,TERR_b31415d90eb9,Alfa / Germany,2017-12-01,train,0.39361702127659576,1.2834152946923423,False,False,Calculated incentive was the largest PCA reconstruction deviation (observed 2.5e+04).,"Validate the target, policy tier, adjustment approval, and payout reconciliation before action.",0,none,none,none,0,Controlled synthetic labels for evaluation only; not evidence of fraud or misconduct.
RPER_9aaea9b5b779c497,REP_6003efb01f5e,Sheila Stones,MGR_31981a685b7e,Britanny Bold,TEAM_4f4a9410ffcd,Delta,TERR_49c0203db75f,Delta / Germany,2017-10-01,train,0.3893617021276596,1.2821285234873978,False,False,Calculated incentive was the largest PCA reconstruction deviation (observed 2.5e+04).,"Validate the target, policy tier, adjustment approval, and payout reconciliation before action.",0,none,none,none,0,Controlled synthetic labels for evaluation only; not evidence of fraud or misconduct.
RPER_c582a0a77b8ada6a,REP_56269a9759c4,Anne Wu,MGR_31981a685b7e,Britanny Bold,TEAM_4f4a9410ffcd,Delta,TERR_49c0203db75f,Delta / Germany,2017-08-01,train,0.3851063829787234,1.2738885756623133,False,False,Calculated incentive was the largest PCA reconstruction deviation (observed 2.5e+04).,"Validate the target, policy tier, adjustment approval, and payout reconciliation before action.",0,none,none,none,0,Controlled synthetic labels for evaluation only; not evidence of fraud or misconduct.
RPER_7f91e47ada8a55fb,REP_db1cc40d477a,Erica Jones,MGR_5e1c70ff0ce6,James Goodwill,TEAM_a405eba78bf2,Alfa,TERR_b31415d90eb9,Alfa / Germany,2017-09-01,train,0.38085106382978723,1.271697857440094,False,False,Calculated incentive was the largest PCA reconstruction deviation (observed 2.5e+04).,"Validate the target, policy tier, adjustment approval, and payout reconciliation before action.",0,none,none,none,0,Controlled synthetic labels for evaluation only; not evidence of fraud or misconduct.
RPER_9252962f47ad7a6a,REP_0dfc420450a6,Abigail Thompson,MGR_eb86f856200b,Tracy Banks,TEAM_f144a6907dc4,Bravo,TERR_07a5ea4d7ed4,Bravo / Germany,2017-11-01,train,0.37659574468085105,1.2641823062309698,False,False,Calculated incentive was the largest PCA reconstruction deviation (observed 2.5e+04).,"Validate the target, policy tier, adjustment approval, and payout reconciliation before action.",0,none,none,none,0,Controlled synthetic labels for evaluation only; not evidence of fraud or misconduct.
RPER_02ef603bb7b4ceb8,REP_6003efb01f5e,Sheila Stones,MGR_31981a685b7e,Britanny Bold,TEAM_4f4a9410ffcd,Delta,TERR_49c0203db75f,Delta / Germany,2017-11-01,train,0.3723404255319149,1.2635778382001994,False,False,Calculated incentive was the largest PCA reconstruction deviation (observed 2.5e+04).,"Validate the target, policy tier, adjustment approval, and payout reconciliation before action.",0,none,none,none,0,Controlled synthetic labels for evaluation only; not evidence of fraud or misconduct.
RPER_ed0735b86fee2299,REP_d21d2dd167c5,Morris Garcia,MGR_eb86f856200b,Tracy Banks,TEAM_f144a6907dc4,Bravo,TERR_07a5ea4d7ed4,Bravo / Germany,2017-08-01,train,0.3680851063829787,1.2619859221490315,False,False,Calculated incentive was the largest PCA reconstruction deviation (observed 2.5e+04).,"Validate the target, policy tier, adjustment approval, and payout reconciliation before action.",0,none,none,none,0,Controlled synthetic labels for evaluation only; not evidence of fraud or misconduct.
RPER_cd96586ec5f0d23b,REP_6daf09991b71,Jimmy Grey,MGR_4b97498897f6,Alisha Cordwell,TEAM_b9dd960c1753,Charlie,TERR_938541fb7311,Charlie / Germany,2017-07-01,train,0.3638297872340426,1.2553021961404836,False,False,Calculated incentive was the largest PCA reconstruction deviation (observed 2.5e+04).,"Validate the target, policy tier, adjustment approval, and payout reconciliation before action.",0,none,none,none,0,Controlled synthetic labels for evaluation only; not evidence of fraud or misconduct.
RPER_a83f07a1ccc6b434,REP_e7e9152643c7,Jessica Smith,MGR_31981a685b7e,Britanny Bold,TEAM_4f4a9410ffcd,Delta,TERR_49c0203db75f,Delta / Germany,2017-07-01,train,0.3595744680851064,1.2543999080466917,False,False,Calculated incentive was the largest PCA reconstruction deviation (observed 2.5e+04).,"Validate the target, policy tier, adjustment approval, and payout reconciliation before action.",0,none,none,none,0,Controlled synthetic labels for evaluation only; not evidence of fraud or misconduct.
RPER_a68317ca3980d67c,REP_bba68d031906,Steve Pepple,MGR_eb86f856200b,Tracy Banks,TEAM_f144a6907dc4,Bravo,TERR_07a5ea4d7ed4,Bravo / Germany,2017-05-01,train,0.3553191489361702,1.2538665087223835,False,False,Calculated incentive was the largest PCA reconstruction deviation (observed 2.5e+04).,"Validate the target, policy tier, adjustment approval, and payout reconciliation before action.",0,none,none,none,0,Controlled synthetic labels for evaluation only; not evidence of fraud or misconduct.
RPER_d4bfb1544d3bf939,REP_bba68d031906,Steve Pepple,MGR_eb86f856200b,Tracy Banks,TEAM_f144a6907dc4,Bravo,TERR_07a5ea4d7ed4,Bravo / Germany,2017-07-01,train,0.35106382978723405,1.251218148753012,False,False,Calculated incentive was the largest PCA reconstruction deviation (observed 2.5e+04).,"Validate the target, policy tier, adjustment approval, and payout reconciliation before action.",0,none,none,none,0,Controlled synthetic labels for evaluation only; not evidence of fraud or misconduct.
RPER_431462828df23ca8,REP_2234ec3bee93,Daniel Gates,MGR_4b97498897f6,Alisha Cordwell,TEAM_b9dd960c1753,Charlie,TERR_938541fb7311,Charlie / Germany,2017-03-01,train,0.3468085106382979,1.2494254657775226,False,False,Calculated incentive was the largest PCA reconstruction deviation (observed 2.5e+04).,"Validate the target, policy tier, adjustment approval, and payout reconciliation before action.",0,none,none,none,0,Controlled synthetic labels for evaluation only; not evidence of fraud or misconduct.
RPER_f47cf03776f59e89,REP_0dfc420450a6,Abigail Thompson,MGR_eb86f856200b,Tracy Banks,TEAM_f144a6907dc4,Bravo,TERR_07a5ea4d7ed4,Bravo / Germany,2017-04-01,train,0.3425531914893617,1.2465833467922427,False,False,Calculated incentive was the largest PCA reconstruction deviation (observed 2.5e+04).,"Validate the target, policy tier, adjustment approval, and payout reconciliation before action.",0,none,none,none,0,Controlled synthetic labels for evaluation only; not evidence of fraud or misconduct.
RPER_5a26750530b65d39,REP_6003efb01f5e,Sheila Stones,MGR_31981a685b7e,Britanny Bold,TEAM_4f4a9410ffcd,Delta,TERR_49c0203db75f,Delta / Germany,2017-07-01,train,0.3382978723404255,1.2392481311981007,False,False,Calculated incentive was the largest PCA reconstruction deviation (observed 2.5e+04).,"Validate the target, policy tier, adjustment approval, and payout reconciliation before action.",0,none,none,none,0,Controlled synthetic labels for evaluation only; not evidence of fraud or misconduct.
RPER_b5ad3375582d89cd,REP_6003efb01f5e,Sheila Stones,MGR_31981a685b7e,Britanny Bold,TEAM_4f4a9410ffcd,Delta,TERR_49c0203db75f,Delta / Germany,2017-05-01,train,0.33404255319148934,1.2392454793617413,False,False,Calculated incentive was the largest PCA reconstruction deviation (observed 2.5e+04).,"Validate the target, policy tier, adjustment approval, and payout reconciliation before action.",0,none,none,none,0,Controlled synthetic labels for evaluation only; not evidence of fraud or misconduct.
RPER_27acf2b76a797889,REP_82f7cb811b80,Stella Given,MGR_4b97498897f6,Alisha Cordwell,TEAM_b9dd960c1753,Charlie,TERR_938541fb7311,Charlie / Germany,2018-06-01,train,0.32978723404255317,1.2391961946239318,False,False,Calculated incentive was the largest PCA reconstruction deviation (observed 2.158e+04).,"Validate the target, policy tier, adjustment approval, and payout reconciliation before action.",0,none,none,none,0,Controlled synthetic labels for evaluation only; not evidence of fraud or misconduct.
RPER_3007fd91ad07b7ba,REP_e7e9152643c7,Jessica Smith,MGR_31981a685b7e,Britanny Bold,TEAM_4f4a9410ffcd,Delta,TERR_49c0203db75f,Delta / Germany,2017-06-01,train,0.32553191489361705,1.232347154984222,False,False,Calculated incentive was the largest PCA reconstruction deviation (observed 2.5e+04).,"Validate the target, policy tier, adjustment approval, and payout reconciliation before action.",0,none,none,none,0,Controlled synthetic labels for evaluation only; not evidence of fraud or misconduct.
RPER_458c25afdea4e64e,REP_db1cc40d477a,Erica Jones,MGR_5e1c70ff0ce6,James Goodwill,TEAM_a405eba78bf2,Alfa,TERR_b31415d90eb9,Alfa / Germany,2017-06-01,train,0.32127659574468087,1.2306038999074067,False,False,Calculated incentive was the largest PCA reconstruction deviation (observed 2.241e+04).,"Validate the target, policy tier, adjustment approval, and payout reconciliation before action.",0,none,none,none,0,Controlled synthetic labels for evaluation only; not evidence of fraud or misconduct.
RPER_4ce12639a3730a2f,REP_c56e2fba156a,Thompson Crawford,MGR_5e1c70ff0ce6,James Goodwill,TEAM_a405eba78bf2,Alfa,TERR_b31415d90eb9,Alfa / Germany,2017-03-01,train,0.3170212765957447,1.219262749362829,False,False,Calculated incentive was the largest PCA reconstruction deviation (observed 2.5e+04).,"Validate the target, policy tier, adjustment approval, and payout reconciliation before action.",0,none,none,none,0,Controlled synthetic labels for evaluation only; not evidence of fraud or misconduct.
RPER_f0e119c32f7152ef,REP_0dfc420450a6,Abigail Thompson,MGR_eb86f856200b,Tracy Banks,TEAM_f144a6907dc4,Bravo,TERR_07a5ea4d7ed4,Bravo / Germany,2017-03-01,train,0.3127659574468085,1.2187264350485931,False,False,Calculated incentive was the largest PCA reconstruction deviation (observed 2.5e+04).,"Validate the target, policy tier, adjustment approval, and payout reconciliation before action.",0,none,none,none,0,Controlled synthetic labels for evaluation only; not evidence of fraud or misconduct.
RPER_491bee071566c3c1,REP_d21d2dd167c5,Morris Garcia,MGR_eb86f856200b,Tracy Banks,TEAM_f144a6907dc4,Bravo,TERR_07a5ea4d7ed4,Bravo / Germany,2017-03-01,train,0.30851063829787234,1.2096243140120078,False,False,Calculated incentive was the largest PCA reconstruction deviation (observed 2.5e+04).,"Validate the target, policy tier, adjustment approval, and payout reconciliation before action.",0,none,none,none,0,Controlled synthetic labels for evaluation only; not evidence of fraud or misconduct.
RPER_bb6b9ffb6d58c7b3,REP_a132178ac1b8,Alan Ray,MGR_5e1c70ff0ce6,James Goodwill,TEAM_a405eba78bf2,Alfa,TERR_b31415d90eb9,Alfa / Germany,2017-05-01,train,0.30425531914893617,1.207151155504295,False,False,Calculated incentive was the largest PCA reconstruction deviation (observed 2.5e+04).,"Validate the target, policy tier, adjustment approval, and payout reconciliation before action.",0,none,none,none,0,Controlled synthetic labels for evaluation only; not evidence of fraud or misconduct.
RPER_095d83e86754ed66,REP_a132178ac1b8,Alan Ray,MGR_5e1c70ff0ce6,James Goodwill,TEAM_a405eba78bf2,Alfa,TERR_b31415d90eb9,Alfa / Germany,2017-12-01,train,0.3,1.2070970656308075,False,False,Calculated incentive was the largest PCA reconstruction deviation (observed 2.5e+04).,"Validate the target, policy tier, adjustment approval, and payout reconciliation before action.",0,none,none,none,0,Controlled synthetic labels for evaluation only; not evidence of fraud or misconduct.
RPER_03c81fd1681e3fbe,REP_2234ec3bee93,Daniel Gates,MGR_4b97498897f6,Alisha Cordwell,TEAM_b9dd960c1753,Charlie,TERR_938541fb7311,Charlie / Germany,2017-05-01,train,0.2957446808510638,1.2041667064802428,False,False,Calculated incentive was the largest PCA reconstruction deviation (observed 2.5e+04).,"Validate the target, policy tier, adjustment approval, and payout reconciliation before action.",0,none,none,none,0,Controlled synthetic labels for evaluation only; not evidence of fraud or misconduct.
RPER_5b0ef0d81d846918,REP_200ef690040c,Mary Gerrard,MGR_31981a685b7e,Britanny Bold,TEAM_4f4a9410ffcd,Delta,TERR_49c0203db75f,Delta / Germany,2017-06-01,train,0.29148936170212764,1.2015412157696561,False,False,Calculated incentive was the largest PCA reconstruction deviation (observed 2.5e+04).,"Validate the target, policy tier, adjustment approval, and payout reconciliation before action.",0,none,none,none,0,Controlled synthetic labels for evaluation only; not evidence of fraud or misconduct.
RPER_436932f89b416b53,REP_2234ec3bee93,Daniel Gates,MGR_4b97498897f6,Alisha Cordwell,TEAM_b9dd960c1753,Charlie,TERR_938541fb7311,Charlie / Germany,2017-08-01,train,0.2872340425531915,1.2006061280949458,False,False,Calculated incentive was the largest PCA reconstruction deviation (observed 2.5e+04).,"Validate the target, policy tier, adjustment approval, and payout reconciliation before action.",0,none,none,none,0,Controlled synthetic labels for evaluation only; not evidence of fraud or misconduct.
RPER_272a1ddba1761177,REP_bba68d031906,Steve Pepple,MGR_eb86f856200b,Tracy Banks,TEAM_f144a6907dc4,Bravo,TERR_07a5ea4d7ed4,Bravo / Germany,2017-08-01,train,0.28297872340425534,1.1971784098832403,False,False,Calculated incentive was the largest PCA reconstruction deviation (observed 2.5e+04).,"Validate the target, policy tier, adjustment approval, and payout reconciliation before action.",0,none,none,none,0,Controlled synthetic labels for evaluation only; not evidence of fraud or misconduct.
RPER_ad3340553bdb0a36,REP_a132178ac1b8,Alan Ray,MGR_5e1c70ff0ce6,James Goodwill,TEAM_a405eba78bf2,Alfa,TERR_b31415d90eb9,Alfa / Germany,2017-06-01,train,0.27872340425531916,1.1964602319778483,False,False,Calculated incentive was the largest PCA reconstruction deviation (observed 2.5e+04).,"Validate the target, policy tier, adjustment approval, and payout reconciliation before action.",0,none,none,none,0,Controlled synthetic labels for evaluation only; not evidence of fraud or misconduct.
RPER_9bd2a5884ba34be6,REP_e7e9152643c7,Jessica Smith,MGR_31981a685b7e,Britanny Bold,TEAM_4f4a9410ffcd,Delta,TERR_49c0203db75f,Delta / Germany,2017-05-01,train,0.274468085106383,1.1957388564340858,False,False,Calculated incentive was the largest PCA reconstruction deviation (observed 2.5e+04).,"Validate the target, policy tier, adjustment approval, and payout reconciliation before action.",0,none,none,none,0,Controlled synthetic labels for evaluation only; not evidence of fraud or misconduct.
RPER_9794171d9d04bedd,REP_bba68d031906,Steve Pepple,MGR_eb86f856200b,Tracy Banks,TEAM_f144a6907dc4,Bravo,TERR_07a5ea4d7ed4,Bravo / Germany,2017-09-01,train,0.2702127659574468,1.1938888678407333,False,False,Calculated incentive was the largest PCA reconstruction deviation (observed 2.5e+04).,"Validate the target, policy tier, adjustment approval, and payout reconciliation before action.",0,none,none,none,0,Controlled synthetic labels for evaluation only; not evidence of fraud or misconduct.
RPER_e585e0e5d159b7f9,REP_2234ec3bee93,Daniel Gates,MGR_4b97498897f6,Alisha Cordwell,TEAM_b9dd960c1753,Charlie,TERR_938541fb7311,Charlie / Germany,2017-09-01,train,0.26595744680851063,1.1902876426626683,False,False,Calculated incentive was the largest PCA reconstruction deviation (observed 2.5e+04).,"Validate the target, policy tier, adjustment approval, and payout reconciliation before action.",0,none,none,none,0,Controlled synthetic labels for evaluation only; not evidence of fraud or misconduct.
RPER_45d0109670e88243,REP_db1cc40d477a,Erica Jones,MGR_5e1c70ff0ce6,James Goodwill,TEAM_a405eba78bf2,Alfa,TERR_b31415d90eb9,Alfa / Germany,2017-08-01,train,0.26170212765957446,1.1884668208759377,False,False,Calculated incentive was the largest PCA reconstruction deviation (observed 2.5e+04).,"Validate the target, policy tier, adjustment approval, and payout reconciliation before action.",0,none,none,none,0,Controlled synthetic labels for evaluation only; not evidence of fraud or misconduct.
RPER_d1786afbb5d0b210,REP_e7e9152643c7,Jessica Smith,MGR_31981a685b7e,Britanny Bold,TEAM_4f4a9410ffcd,Delta,TERR_49c0203db75f,Delta / Germany,2017-04-01,train,0.2574468085106383,1.1737627680468483,False,False,Calculated incentive was the largest PCA reconstruction deviation (observed 2.5e+04).,"Validate the target, policy tier, adjustment approval, and payout reconciliation before action.",0,none,none,none,0,Controlled synthetic labels for evaluation only; not evidence of fraud or misconduct.
RPER_d2b60aec3f20815c,REP_56269a9759c4,Anne Wu,MGR_31981a685b7e,Britanny Bold,TEAM_4f4a9410ffcd,Delta,TERR_49c0203db75f,Delta / Germany,2017-06-01,train,0.2531914893617021,1.171078626036547,False,False,Calculated incentive was the largest PCA reconstruction deviation (observed 2.5e+04).,"Validate the target, policy tier, adjustment approval, and payout reconciliation before action.",0,none,none,none,0,Controlled synthetic labels for evaluation only; not evidence of fraud or misconduct.
RPER_f69ec74bcdaecc04,REP_bba68d031906,Steve Pepple,MGR_eb86f856200b,Tracy Banks,TEAM_f144a6907dc4,Bravo,TERR_07a5ea4d7ed4,Bravo / Germany,2019-04-01,test,0.2515665432110338,1.1693529692925775,False,False,Distributor count was the largest PCA reconstruction deviation (observed 4).,"Validate the source record, peer context, and relevant commercial activity before action.",0,none,none,none,0,Controlled synthetic labels for evaluation only; not evidence of fraud or misconduct.
RPER_9679d5aec2e7fbbd,REP_56269a9759c4,Anne Wu,MGR_31981a685b7e,Britanny Bold,TEAM_4f4a9410ffcd,Delta,TERR_49c0203db75f,Delta / Germany,2017-05-01,train,0.24893617021276596,1.1665595715533665,False,False,Calculated incentive was the largest PCA reconstruction deviation (observed 2.5e+04).,"Validate the target, policy tier, adjustment approval, and payout reconciliation before action.",0,none,none,none,0,Controlled synthetic labels for evaluation only; not evidence of fraud or misconduct.
RPER_db61b23d5c052dcb,REP_56269a9759c4,Anne Wu,MGR_31981a685b7e,Britanny Bold,TEAM_4f4a9410ffcd,Delta,TERR_49c0203db75f,Delta / Germany,2017-04-01,train,0.24468085106382978,1.165570333308448,False,False,Calculated incentive was the largest PCA reconstruction deviation (observed 2.5e+04).,"Validate the target, policy tier, adjustment approval, and payout reconciliation before action.",0,none,none,none,0,Controlled synthetic labels for evaluation only; not evidence of fraud or misconduct.
RPER_1630174adc4e7dda,REP_bba68d031906,Steve Pepple,MGR_eb86f856200b,Tracy Banks,TEAM_f144a6907dc4,Bravo,TERR_07a5ea4d7ed4,Bravo / Germany,2017-06-01,train,0.2404255319148936,1.1612255520489332,False,False,Calculated incentive was the largest PCA reconstruction deviation (observed 2.5e+04).,"Validate the target, policy tier, adjustment approval, and payout reconciliation before action.",0,none,none,none,0,Controlled synthetic labels for evaluation only; not evidence of fraud or misconduct.
RPER_14357e90579d004f,REP_bba68d031906,Steve Pepple,MGR_eb86f856200b,Tracy Banks,TEAM_f144a6907dc4,Bravo,TERR_07a5ea4d7ed4,Bravo / Germany,2018-12-01,validation,0.2382765350620043,1.159055990178327,False,False,Calculated incentive was the largest PCA reconstruction deviation (observed 2.296e+04).,"Validate the target, policy tier, adjustment approval, and payout reconciliation before action.",0,none,none,none,0,Controlled synthetic labels for evaluation only; not evidence of fraud or misconduct.
RPER_5d1089a6f2e5fbb4,REP_c56e2fba156a,Thompson Crawford,MGR_5e1c70ff0ce6,James Goodwill,TEAM_a405eba78bf2,Alfa,TERR_b31415d90eb9,Alfa / Germany,2017-06-01,train,0.23617021276595745,1.1569295112425544,False,False,Calculated incentive was the largest PCA reconstruction deviation (observed 2.5e+04).,"Validate the target, policy tier, adjustment approval, and payout reconciliation before action.",0,none,none,none,0,Controlled synthetic labels for evaluation only; not evidence of fraud or misconduct.
RPER_dccd623af214dea8,REP_a132178ac1b8,Alan Ray,MGR_5e1c70ff0ce6,James Goodwill,TEAM_a405eba78bf2,Alfa,TERR_b31415d90eb9,Alfa / Germany,2017-09-01,train,0.23191489361702128,1.149548159673282,False,False,Calculated incentive was the largest PCA reconstruction deviation (observed 2.5e+04).,"Validate the target, policy tier, adjustment approval, and payout reconciliation before action.",0,none,none,none,0,Controlled synthetic labels for evaluation only; not evidence of fraud or misconduct.
RPER_aea0255408594b4b,REP_a132178ac1b8,Alan Ray,MGR_5e1c70ff0ce6,James Goodwill,TEAM_a405eba78bf2,Alfa,TERR_b31415d90eb9,Alfa / Germany,2017-07-01,train,0.2276595744680851,1.1433907466943158,False,False,Calculated incentive was the largest PCA reconstruction deviation (observed 2.5e+04).,"Validate the target, policy tier, adjustment approval, and payout reconciliation before action.",0,none,none,none,0,Controlled synthetic labels for evaluation only; not evidence of fraud or misconduct.
RPER_2dab4ef1dbdefaa6,REP_a132178ac1b8,Alan Ray,MGR_5e1c70ff0ce6,James Goodwill,TEAM_a405eba78bf2,Alfa,TERR_b31415d90eb9,Alfa / Germany,2018-04-01,train,0.22340425531914893,1.1432892147940747,False,False,Calculated incentive was the largest PCA reconstruction deviation (observed 2.398e+04).,"Validate the target, policy tier, adjustment approval, and payout reconciliation before action.",0,none,none,none,0,Controlled synthetic labels for evaluation only; not evidence of fraud or misconduct.
RPER_bb17a8ebd8163a8f,REP_a132178ac1b8,Alan Ray,MGR_5e1c70ff0ce6,James Goodwill,TEAM_a405eba78bf2,Alfa,TERR_b31415d90eb9,Alfa / Germany,2017-04-01,train,0.21914893617021278,1.1413323762751464,False,False,Calculated incentive was the largest PCA reconstruction deviation (observed 2.5e+04).,"Validate the target, policy tier, adjustment approval, and payout reconciliation before action.",0,none,none,none,0,Controlled synthetic labels for evaluation only; not evidence of fraud or misconduct.
RPER_e2a7a82278d9907b,REP_56269a9759c4,Anne Wu,MGR_31981a685b7e,Britanny Bold,TEAM_4f4a9410ffcd,Delta,TERR_49c0203db75f,Delta / Germany,2017-07-01,train,0.2148936170212766,1.1382580273098895,False,False,Calculated incentive was the largest PCA reconstruction deviation (observed 2.5e+04).,"Validate the target, policy tier, adjustment approval, and payout reconciliation before action.",0,none,none,none,0,Controlled synthetic labels for evaluation only; not evidence of fraud or misconduct.
RPER_26cc27f8804d3943,REP_82f7cb811b80,Stella Given,MGR_4b97498897f6,Alisha Cordwell,TEAM_b9dd960c1753,Charlie,TERR_938541fb7311,Charlie / Germany,2017-10-01,train,0.21063829787234042,1.1367263736443902,False,False,Calculated incentive was the largest PCA reconstruction deviation (observed 2.5e+04).,"Validate the target, policy tier, adjustment approval, and payout reconciliation before action.",0,none,none,none,0,Controlled synthetic labels for evaluation only; not evidence of fraud or misconduct.
RPER_fce25816b9982f7e,REP_c56e2fba156a,Thompson Crawford,MGR_5e1c70ff0ce6,James Goodwill,TEAM_a405eba78bf2,Alfa,TERR_b31415d90eb9,Alfa / Germany,2017-04-01,train,0.20638297872340425,1.1364344582535217,False,False,Calculated incentive was the largest PCA reconstruction deviation (observed 2.352e+04).,"Validate the target, policy tier, adjustment approval, and payout reconciliation before action.",0,none,none,none,0,Controlled synthetic labels for evaluation only; not evidence of fraud or misconduct.
RPER_14fdd1b6fd05eb34,REP_56269a9759c4,Anne Wu,MGR_31981a685b7e,Britanny Bold,TEAM_4f4a9410ffcd,Delta,TERR_49c0203db75f,Delta / Germany,2017-10-01,train,0.20212765957446807,1.1350651873606776,False,False,Calculated incentive was the largest PCA reconstruction deviation (observed 2.5e+04).,"Validate the target, policy tier, adjustment approval, and payout reconciliation before action.",0,none,none,none,0,Controlled synthetic labels for evaluation only; not evidence of fraud or misconduct.
RPER_b49979d69513822c,REP_e7e9152643c7,Jessica Smith,MGR_31981a685b7e,Britanny Bold,TEAM_4f4a9410ffcd,Delta,TERR_49c0203db75f,Delta / Germany,2017-09-01,train,0.19787234042553192,1.1346270730264976,False,False,Calculated incentive was the largest PCA reconstruction deviation (observed 2.5e+04).,"Validate the target, policy tier, adjustment approval, and payout reconciliation before action.",0,none,none,none,0,Controlled synthetic labels for evaluation only; not evidence of fraud or misconduct.
RPER_b5d09f2efa61ebdb,REP_d21d2dd167c5,Morris Garcia,MGR_eb86f856200b,Tracy Banks,TEAM_f144a6907dc4,Bravo,TERR_07a5ea4d7ed4,Bravo / Germany,2017-09-01,train,0.19361702127659575,1.1326994853679295,False,False,Calculated incentive was the largest PCA reconstruction deviation (observed 2.5e+04).,"Validate the target, policy tier, adjustment approval, and payout reconciliation before action.",0,none,none,none,0,Controlled synthetic labels for evaluation only; not evidence of fraud or misconduct.
RPER_5b3eff9ff5d16a7e,REP_db1cc40d477a,Erica Jones,MGR_5e1c70ff0ce6,James Goodwill,TEAM_a405eba78bf2,Alfa,TERR_b31415d90eb9,Alfa / Germany,2017-11-01,train,0.18936170212765957,1.1235918913399794,False,False,Calculated incentive was the largest PCA reconstruction deviation (observed 2.294e+04).,"Validate the target, policy tier, adjustment approval, and payout reconciliation before action.",0,none,none,none,0,Controlled synthetic labels for evaluation only; not evidence of fraud or misconduct.
RPER_3b742bd79ea9b90f,REP_a132178ac1b8,Alan Ray,MGR_5e1c70ff0ce6,James Goodwill,TEAM_a405eba78bf2,Alfa,TERR_b31415d90eb9,Alfa / Germany,2017-03-01,train,0.1851063829787234,1.122273305956136,False,False,Calculated incentive was the largest PCA reconstruction deviation (observed 2.5e+04).,"Validate the target, policy tier, adjustment approval, and payout reconciliation before action.",0,none,none,none,0,Controlled synthetic labels for evaluation only; not evidence of fraud or misconduct.
RPER_8e761ace2dd69e2d,REP_6003efb01f5e,Sheila Stones,MGR_31981a685b7e,Britanny Bold,TEAM_4f4a9410ffcd,Delta,TERR_49c0203db75f,Delta / Germany,2017-04-01,train,0.18085106382978725,1.1218004846951364,False,False,Calculated incentive was the largest PCA reconstruction deviation (observed 2.5e+04).,"Validate the target, policy tier, adjustment approval, and payout reconciliation before action.",0,none,none,none,0,Controlled synthetic labels for evaluation only; not evidence of fraud or misconduct.
RPER_162dc7840d8154dd,REP_c56e2fba156a,Thompson Crawford,MGR_5e1c70ff0ce6,James Goodwill,TEAM_a405eba78bf2,Alfa,TERR_b31415d90eb9,Alfa / Germany,2017-09-01,train,0.17659574468085107,1.1158830546889102,False,False,Calculated incentive was the largest PCA reconstruction deviation (observed 2.5e+04).,"Validate the target, policy tier, adjustment approval, and payout reconciliation before action.",0,none,none,none,0,Controlled synthetic labels for evaluation only; not evidence of fraud or misconduct.
RPER_e2742b660831a9e2,REP_6daf09991b71,Jimmy Grey,MGR_4b97498897f6,Alisha Cordwell,TEAM_b9dd960c1753,Charlie,TERR_938541fb7311,Charlie / Germany,2017-12-01,train,0.1723404255319149,1.114455376325715,False,False,Calculated incentive was the largest PCA reconstruction deviation (observed 2.5e+04).,"Validate the target, policy tier, adjustment approval, and payout reconciliation before action.",0,none,none,none,0,Controlled synthetic labels for evaluation only; not evidence of fraud or misconduct.
RPER_866d6d166a64b7f1,REP_db1cc40d477a,Erica Jones,MGR_5e1c70ff0ce6,James Goodwill,TEAM_a405eba78bf2,Alfa,TERR_b31415d90eb9,Alfa / Germany,2017-07-01,train,0.16808510638297872,1.112067255099923,False,False,Calculated incentive was the largest PCA reconstruction deviation (observed 2.395e+04).,"Validate the target, policy tier, adjustment approval, and payout reconciliation before action.",0,none,none,none,0,Controlled synthetic labels for evaluation only; not evidence of fraud or misconduct.
RPER_b4174d44c292d14f,REP_c56e2fba156a,Thompson Crawford,MGR_5e1c70ff0ce6,James Goodwill,TEAM_a405eba78bf2,Alfa,TERR_b31415d90eb9,Alfa / Germany,2017-11-01,train,0.16382978723404254,1.1065426560742968,False,False,Calculated incentive was the largest PCA reconstruction deviation (observed 2.5e+04).,"Validate the target, policy tier, adjustment approval, and payout reconciliation before action.",0,none,none,none,0,Controlled synthetic labels for evaluation only; not evidence of fraud or misconduct.
RPER_459b9dc3973c303d,REP_82f7cb811b80,Stella Given,MGR_4b97498897f6,Alisha Cordwell,TEAM_b9dd960c1753,Charlie,TERR_938541fb7311,Charlie / Germany,2017-11-01,train,0.1595744680851064,1.1054315296529709,False,False,Calculated incentive was the largest PCA reconstruction deviation (observed 2.5e+04).,"Validate the target, policy tier, adjustment approval, and payout reconciliation before action.",0,none,none,none,0,Controlled synthetic labels for evaluation only; not evidence of fraud or misconduct.
RPER_6a3a6332d701293f,REP_bba68d031906,Steve Pepple,MGR_eb86f856200b,Tracy Banks,TEAM_f144a6907dc4,Bravo,TERR_07a5ea4d7ed4,Bravo / Germany,2017-10-01,train,0.15531914893617021,1.1052454783837118,False,False,Calculated incentive was the largest PCA reconstruction deviation (observed 2.378e+04).,"Validate the target, policy tier, adjustment approval, and payout reconciliation before action.",0,none,none,none,0,Controlled synthetic labels for evaluation only; not evidence of fraud or misconduct.
RPER_22be7c2fdf74636f,REP_6daf09991b71,Jimmy Grey,MGR_4b97498897f6,Alisha Cordwell,TEAM_b9dd960c1753,Charlie,TERR_938541fb7311,Charlie / Germany,2017-06-01,train,0.15106382978723404,1.098134443703287,False,False,Calculated incentive was the largest PCA reconstruction deviation (observed 2.5e+04).,"Validate the target, policy tier, adjustment approval, and payout reconciliation before action.",0,none,none,none,0,Controlled synthetic labels for evaluation only; not evidence of fraud or misconduct.
RPER_a14b03e7021661a5,REP_2234ec3bee93,Daniel Gates,MGR_4b97498897f6,Alisha Cordwell,TEAM_b9dd960c1753,Charlie,TERR_938541fb7311,Charlie / Germany,2017-07-01,train,0.14680851063829786,1.0958133295946442,False,False,Calculated incentive was the largest PCA reconstruction deviation (observed 2.5e+04).,"Validate the target, policy tier, adjustment approval, and payout reconciliation before action.",0,none,none,none,0,Controlled synthetic labels for evaluation only; not evidence of fraud or misconduct.
RPER_ce68b9b34b631eea,REP_db1cc40d477a,Erica Jones,MGR_5e1c70ff0ce6,James Goodwill,TEAM_a405eba78bf2,Alfa,TERR_b31415d90eb9,Alfa / Germany,2017-04-01,train,0.1425531914893617,1.0942095724406236,False,False,Calculated incentive was the largest PCA reconstruction deviation (observed 2.5e+04).,"Validate the target, policy tier, adjustment approval, and payout reconciliation before action.",0,none,none,none,0,Controlled synthetic labels for evaluation only; not evidence of fraud or misconduct.
RPER_696e51fa00d65def,REP_82f7cb811b80,Stella Given,MGR_4b97498897f6,Alisha Cordwell,TEAM_b9dd960c1753,Charlie,TERR_938541fb7311,Charlie / Germany,2017-09-01,train,0.13829787234042554,1.092918011893909,False,False,Calculated incentive was the largest PCA reconstruction deviation (observed 2.5e+04).,"Validate the target, policy tier, adjustment approval, and payout reconciliation before action.",0,none,none,none,0,Controlled synthetic labels for evaluation only; not evidence of fraud or misconduct.
RPER_0ab9d6c74312e8f1,REP_82f7cb811b80,Stella Given,MGR_4b97498897f6,Alisha Cordwell,TEAM_b9dd960c1753,Charlie,TERR_938541fb7311,Charlie / Germany,2017-12-01,train,0.13404255319148936,1.0917040642691251,False,False,Calculated incentive was the largest PCA reconstruction deviation (observed 2.5e+04).,"Validate the target, policy tier, adjustment approval, and payout reconciliation before action.",0,none,none,none,0,Controlled synthetic labels for evaluation only; not evidence of fraud or misconduct.
RPER_3f3d2fd87110dda7,REP_6daf09991b71,Jimmy Grey,MGR_4b97498897f6,Alisha Cordwell,TEAM_b9dd960c1753,Charlie,TERR_938541fb7311,Charlie / Germany,2017-05-01,train,0.12978723404255318,1.0915484357272212,False,False,Calculated incentive was the largest PCA reconstruction deviation (observed 2.5e+04).,"Validate the target, policy tier, adjustment approval, and payout reconciliation before action.",0,none,none,none,0,Controlled synthetic labels for evaluation only; not evidence of fraud or misconduct.
RPER_3c9a6656129888bf,REP_6003efb01f5e,Sheila Stones,MGR_31981a685b7e,Britanny Bold,TEAM_4f4a9410ffcd,Delta,TERR_49c0203db75f,Delta / Germany,2017-03-01,train,0.125531914893617,1.0902894270747372,False,False,Calculated incentive was the largest PCA reconstruction deviation (observed 2.5e+04).,"Validate the target, policy tier, adjustment approval, and payout reconciliation before action.",0,none,none,none,0,Controlled synthetic labels for evaluation only; not evidence of fraud or misconduct.
RPER_9ad4aa624d87f6ed,REP_6daf09991b71,Jimmy Grey,MGR_4b97498897f6,Alisha Cordwell,TEAM_b9dd960c1753,Charlie,TERR_938541fb7311,Charlie / Germany,2017-11-01,train,0.12127659574468085,1.0888633013575422,False,False,Calculated incentive was the largest PCA reconstruction deviation (observed 2.5e+04).,"Validate the target, policy tier, adjustment approval, and payout reconciliation before action.",0,none,none,none,0,Controlled synthetic labels for evaluation only; not evidence of fraud or misconduct.
RPER_d726fa6583a379fb,REP_e7e9152643c7,Jessica Smith,MGR_31981a685b7e,Britanny Bold,TEAM_4f4a9410ffcd,Delta,TERR_49c0203db75f,Delta / Germany,2017-10-01,train,0.11702127659574468,1.0873431001476626,False,False,Calculated incentive was the largest PCA reconstruction deviation (observed 2.5e+04).,"Validate the target, policy tier, adjustment approval, and payout reconciliation before action.",0,none,none,none,0,Controlled synthetic labels for evaluation only; not evidence of fraud or misconduct.
RPER_e54caf7b538d3e5d,REP_6daf09991b71,Jimmy Grey,MGR_4b97498897f6,Alisha Cordwell,TEAM_b9dd960c1753,Charlie,TERR_938541fb7311,Charlie / Germany,2017-09-01,train,0.1127659574468085,1.0813442432170914,False,False,Calculated incentive was the largest PCA reconstruction deviation (observed 2.5e+04).,"Validate the target, policy tier, adjustment approval, and payout reconciliation before action.",0,none,none,none,0,Controlled synthetic labels for evaluation only; not evidence of fraud or misconduct.
RPER_92f5efa416810af6,REP_0dfc420450a6,Abigail Thompson,MGR_eb86f856200b,Tracy Banks,TEAM_f144a6907dc4,Bravo,TERR_07a5ea4d7ed4,Bravo / Germany,2017-08-01,train,0.10851063829787234,1.0795923704462398,False,False,Rep historical mean was the largest PCA reconstruction deviation (observed 1.844e+07).,"Validate the source record, peer context, and relevant commercial activity before action.",0,none,none,none,0,Controlled synthetic labels for evaluation only; not evidence of fraud or misconduct.
RPER_e01b84386ada4b96,REP_2234ec3bee93,Daniel Gates,MGR_4b97498897f6,Alisha Cordwell,TEAM_b9dd960c1753,Charlie,TERR_938541fb7311,Charlie / Germany,2017-04-01,train,0.10425531914893617,1.0795174113434765,False,False,Calculated incentive was the largest PCA reconstruction deviation (observed 1.885e+04).,"Validate the target, policy tier, adjustment approval, and payout reconciliation before action.",0,none,none,none,0,Controlled synthetic labels for evaluation only; not evidence of fraud or misconduct.
RPER_4fd857211e3caf78,REP_d21d2dd167c5,Morris Garcia,MGR_eb86f856200b,Tracy Banks,TEAM_f144a6907dc4,Bravo,TERR_9efd649c43bb,Bravo / Poland,2018-12-01,validation,0.10280197057093157,1.075826752850525,False,False,Expense vs peer was the largest PCA reconstruction deviation (observed 1.094).,"Validate visit, CRM, route, and expense records with the representative and manager before action.",0,none,none,none,0,Controlled synthetic labels for evaluation only; not evidence of fraud or misconduct.
RPER_eac363f76ccbb598,REP_82f7cb811b80,Stella Given,MGR_4b97498897f6,Alisha Cordwell,TEAM_b9dd960c1753,Charlie,TERR_938541fb7311,Charlie / Germany,2017-05-01,train,0.1,1.068711380364451,False,False,Calculated incentive was the largest PCA reconstruction deviation (observed 2.5e+04).,"Validate the target, policy tier, adjustment approval, and payout reconciliation before action.",0,none,none,none,0,Controlled synthetic labels for evaluation only; not evidence of fraud or misconduct.
RPER_72cbd815a1a58c26,REP_2234ec3bee93,Daniel Gates,MGR_4b97498897f6,Alisha Cordwell,TEAM_b9dd960c1753,Charlie,TERR_938541fb7311,Charlie / Germany,2017-06-01,train,0.09574468085106383,1.0629346191707285,False,False,Calculated incentive was the largest PCA reconstruction deviation (observed 2.5e+04).,"Validate the target, policy tier, adjustment approval, and payout reconciliation before action.",0,none,none,none,0,Controlled synthetic labels for evaluation only; not evidence of fraud or misconduct.
RPER_64b03e68c79e1167,REP_a132178ac1b8,Alan Ray,MGR_5e1c70ff0ce6,James Goodwill,TEAM_a405eba78bf2,Alfa,TERR_b31415d90eb9,Alfa / Germany,2017-11-01,train,0.09148936170212765,1.0608669044716907,False,False,Calculated incentive was the largest PCA reconstruction deviation (observed 2.5e+04).,"Validate the target, policy tier, adjustment approval, and payout reconciliation before action.",0,none,none,none,0,Controlled synthetic labels for evaluation only; not evidence of fraud or misconduct.
RPER_b04f3179f7d6ea77,REP_db1cc40d477a,Erica Jones,MGR_5e1c70ff0ce6,James Goodwill,TEAM_a405eba78bf2,Alfa,TERR_b31415d90eb9,Alfa / Germany,2018-04-01,train,0.08723404255319149,1.0508225995066247,False,False,Calculated incentive was the largest PCA reconstruction deviation (observed 2.073e+04).,"Validate the target, policy tier, adjustment approval, and payout reconciliation before action.",0,none,none,none,0,Controlled synthetic labels for evaluation only; not evidence of fraud or misconduct.
RPER_8d20614d66c9cb49,REP_56269a9759c4,Anne Wu,MGR_31981a685b7e,Britanny Bold,TEAM_4f4a9410ffcd,Delta,TERR_49c0203db75f,Delta / Germany,2017-03-01,train,0.08297872340425531,1.0483237372404202,False,False,Calculated incentive was the largest PCA reconstruction deviation (observed 2.5e+04).,"Validate the target, policy tier, adjustment approval, and payout reconciliation before action.",0,none,none,none,0,Controlled synthetic labels for evaluation only; not evidence of fraud or misconduct.
RPER_7e9ef1f8d970db6b,REP_a132178ac1b8,Alan Ray,MGR_5e1c70ff0ce6,James Goodwill,TEAM_a405eba78bf2,Alfa,TERR_b31415d90eb9,Alfa / Germany,2018-12-01,validation,0.08278596262801097,1.0480893846408215,False,False,Calculated incentive was the largest PCA reconstruction deviation (observed 2.107e+04).,"Validate the target, policy tier, adjustment approval, and payout reconciliation before action.",0,none,none,none,0,Controlled synthetic labels for evaluation only; not evidence of fraud or misconduct.
RPER_5f4c8482f4cbc39d,REP_a132178ac1b8,Alan Ray,MGR_5e1c70ff0ce6,James Goodwill,TEAM_a405eba78bf2,Alfa,TERR_b31415d90eb9,Alfa / Germany,2017-08-01,train,0.07872340425531915,1.0431502516169178,False,False,Calculated incentive was the largest PCA reconstruction deviation (observed 2.5e+04).,"Validate the target, policy tier, adjustment approval, and payout reconciliation before action.",0,none,none,none,0,Controlled synthetic labels for evaluation only; not evidence of fraud or misconduct.
RPER_96af4ad940a6eb82,REP_e7e9152643c7,Jessica Smith,MGR_31981a685b7e,Britanny Bold,TEAM_4f4a9410ffcd,Delta,TERR_49c0203db75f,Delta / Germany,2017-03-01,train,0.07446808510638298,1.038576281923456,False,False,Calculated incentive was the largest PCA reconstruction deviation (observed 2.5e+04).,"Validate the target, policy tier, adjustment approval, and payout reconciliation before action.",0,none,none,none,0,Controlled synthetic labels for evaluation only; not evidence of fraud or misconduct.
RPER_6c8401b154a56e8f,REP_d21d2dd167c5,Morris Garcia,MGR_eb86f856200b,Tracy Banks,TEAM_f144a6907dc4,Bravo,TERR_07a5ea4d7ed4,Bravo / Germany,2017-11-01,train,0.07021276595744681,1.0366349703177447,False,False,Calculated incentive was the largest PCA reconstruction deviation (observed 2.073e+04).,"Validate the target, policy tier, adjustment approval, and payout reconciliation before action.",0,none,none,none,0,Controlled synthetic labels for evaluation only; not evidence of fraud or misconduct.
RPER_75372989c9a783cf,REP_82f7cb811b80,Stella Given,MGR_4b97498897f6,Alisha Cordwell,TEAM_b9dd960c1753,Charlie,TERR_938541fb7311,Charlie / Germany,2017-07-01,train,0.06595744680851064,1.012202391236971,False,False,Calculated incentive was the largest PCA reconstruction deviation (observed 2.5e+04).,"Validate the target, policy tier, adjustment approval, and payout reconciliation before action.",0,none,none,none,0,Controlled synthetic labels for evaluation only; not evidence of fraud or misconduct.
RPER_c3019d7b3eddfc91,REP_200ef690040c,Mary Gerrard,MGR_31981a685b7e,Britanny Bold,TEAM_4f4a9410ffcd,Delta,TERR_49c0203db75f,Delta / Germany,2017-04-01,train,0.06170212765957447,0.9962142099186505,False,False,Calculated incentive was the largest PCA reconstruction deviation (observed 2.092e+04).,"Validate the target, policy tier, adjustment approval, and payout reconciliation before action.",0,none,none,none,0,Controlled synthetic labels for evaluation only; not evidence of fraud or misconduct.
RPER_227925fd80c063e0,REP_82f7cb811b80,Stella Given,MGR_4b97498897f6,Alisha Cordwell,TEAM_b9dd960c1753,Charlie,TERR_938541fb7311,Charlie / Germany,2017-04-01,train,0.0574468085106383,0.9231956529908996,False,False,Calculated incentive was the largest PCA reconstruction deviation (observed 2.13e+04).,"Validate the target, policy tier, adjustment approval, and payout reconciliation before action.",0,none,none,none,0,Controlled synthetic labels for evaluation only; not evidence of fraud or misconduct.
RPER_a3da44f53c674985,REP_6003efb01f5e,Sheila Stones,MGR_31981a685b7e,Britanny Bold,TEAM_4f4a9410ffcd,Delta,TERR_49c0203db75f,Delta / Germany,2017-08-01,train,0.05319148936170213,0.9193913587245108,False,False,Calculated incentive was the largest PCA reconstruction deviation (observed 1.979e+04).,"Validate the target, policy tier, adjustment approval, and payout reconciliation before action.",0,none,none,none,0,Controlled synthetic labels for evaluation only; not evidence of fraud or misconduct.
RPER_b36d0c27d4cef29a,REP_82f7cb811b80,Stella Given,MGR_4b97498897f6,Alisha Cordwell,TEAM_b9dd960c1753,Charlie,TERR_938541fb7311,Charlie / Germany,2018-08-01,validation,0.05169913219143552,0.8999199296262795,False,False,Rep historical mean was the largest PCA reconstruction deviation (observed 1.887e+07).,"Validate the source record, peer context, and relevant commercial activity before action.",0,none,none,none,0,Controlled synthetic labels for evaluation only; not evidence of fraud or misconduct.
RPER_7444942dd8d9920e,REP_0dfc420450a6,Abigail Thompson,MGR_eb86f856200b,Tracy Banks,TEAM_f144a6907dc4,Bravo,TERR_07a5ea4d7ed4,Bravo / Germany,2017-10-01,train,0.04893617021276596,0.8638703703514296,False,False,Rep historical mean was the largest PCA reconstruction deviation (observed 2.089e+07).,"Validate the source record, peer context, and relevant commercial activity before action.",0,none,none,none,0,Controlled synthetic labels for evaluation only; not evidence of fraud or misconduct.
RPER_bb3058d667279048,REP_bba68d031906,Steve Pepple,MGR_eb86f856200b,Tracy Banks,TEAM_f144a6907dc4,Bravo,TERR_07a5ea4d7ed4,Bravo / Germany,2018-04-01,train,0.04468085106382979,0.8259496365930425,False,False,Rep historical mean was the largest PCA reconstruction deviation (observed 1.65e+07).,"Validate the source record, peer context, and relevant commercial activity before action.",0,none,none,none,0,Controlled synthetic labels for evaluation only; not evidence of fraud or misconduct.
RPER_28621abab10255fe,REP_2234ec3bee93,Daniel Gates,MGR_4b97498897f6,Alisha Cordwell,TEAM_b9dd960c1753,Charlie,TERR_938541fb7311,Charlie / Germany,2017-10-01,train,0.04042553191489362,0.8182768932126645,False,False,Expense vs peer was the largest PCA reconstruction deviation (observed 0.7318).,"Validate visit, CRM, route, and expense records with the representative and manager before action.",0,none,none,none,0,Controlled synthetic labels for evaluation only; not evidence of fraud or misconduct.
RPER_415c611bd1a0e5fb,REP_2234ec3bee93,Daniel Gates,MGR_4b97498897f6,Alisha Cordwell,TEAM_b9dd960c1753,Charlie,TERR_b74f6941cd2d,Charlie / Poland,2018-12-01,validation,0.03936453927476716,0.8016730134328238,False,False,Cancelled order rate was the largest PCA reconstruction deviation (observed 0.005964).,"Validate the underlying orders, discounts, returns, period timing, and customer context before action.",0,none,none,none,0,Controlled synthetic labels for evaluation only; not evidence of fraud or misconduct.
RPER_3fb60ff3ce69ee5f,REP_82f7cb811b80,Stella Given,MGR_4b97498897f6,Alisha Cordwell,TEAM_b9dd960c1753,Charlie,TERR_938541fb7311,Charlie / Germany,2018-09-01,validation,0.038673849521041984,0.7908641452066939,False,False,Rep historical mean was the largest PCA reconstruction deviation (observed 1.803e+07).,"Validate the source record, peer context, and relevant commercial activity before action.",0,none,none,none,0,Controlled synthetic labels for evaluation only; not evidence of fraud or misconduct.
RPER_da14cc21253060b5,REP_c56e2fba156a,Thompson Crawford,MGR_5e1c70ff0ce6,James Goodwill,TEAM_a405eba78bf2,Alfa,TERR_b31415d90eb9,Alfa / Germany,2017-05-01,train,0.036170212765957444,0.7516837756907854,False,False,Calculated incentive was the largest PCA reconstruction deviation (observed 1.905e+04).,"Validate the target, policy tier, adjustment approval, and payout reconciliation before action.",0,none,none,none,0,Controlled synthetic labels for evaluation only; not evidence of fraud or misconduct.
RPER_14f4b6f03c4f8636,REP_d21d2dd167c5,Morris Garcia,MGR_eb86f856200b,Tracy Banks,TEAM_f144a6907dc4,Bravo,TERR_07a5ea4d7ed4,Bravo / Germany,2017-07-01,train,0.031914893617021274,0.7450510765466106,False,False,Calculated incentive was the largest PCA reconstruction deviation (observed 1.871e+04).,"Validate the target, policy tier, adjustment approval, and payout reconciliation before action.",0,none,none,none,0,Controlled synthetic labels for evaluation only; not evidence of fraud or misconduct.
RPER_37721dcf710dbd5a,REP_6daf09991b71,Jimmy Grey,MGR_4b97498897f6,Alisha Cordwell,TEAM_b9dd960c1753,Charlie,TERR_938541fb7311,Charlie / Germany,2017-10-01,train,0.027659574468085105,0.7375594733305793,False,False,Calculated incentive was the largest PCA reconstruction deviation (observed 2.089e+04).,"Validate the target, policy tier, adjustment approval, and payout reconciliation before action.",0,none,none,none,0,Controlled synthetic labels for evaluation only; not evidence of fraud or misconduct.
RPER_46e04eb99fb9e01c,REP_db1cc40d477a,Erica Jones,MGR_5e1c70ff0ce6,James Goodwill,TEAM_a405eba78bf2,Alfa,TERR_b31415d90eb9,Alfa / Germany,2017-10-01,train,0.023404255319148935,0.713145666283681,False,False,Calculated incentive was the largest PCA reconstruction deviation (observed 2.054e+04).,"Validate the target, policy tier, adjustment approval, and payout reconciliation before action.",0,none,none,none,0,Controlled synthetic labels for evaluation only; not evidence of fraud or misconduct.
RPER_ec6aaa900fbf77bb,REP_6daf09991b71,Jimmy Grey,MGR_4b97498897f6,Alisha Cordwell,TEAM_b9dd960c1753,Charlie,TERR_938541fb7311,Charlie / Germany,2017-03-01,train,0.019148936170212766,0.697780963622332,False,False,Calculated incentive was the largest PCA reconstruction deviation (observed 1.966e+04).,"Validate the target, policy tier, adjustment approval, and payout reconciliation before action.",0,none,none,none,0,Controlled synthetic labels for evaluation only; not evidence of fraud or misconduct.
RPER_ce9e7871d30c3e06,REP_0dfc420450a6,Abigail Thompson,MGR_eb86f856200b,Tracy Banks,TEAM_f144a6907dc4,Bravo,TERR_9efd649c43bb,Bravo / Poland,2018-08-01,validation,0.01500129593545957,0.6771281763022637,False,False,Return clawback ratio was the largest PCA reconstruction deviation (observed 0.2).,"Validate the underlying orders, discounts, returns, period timing, and customer context before action.",0,none,none,none,0,Controlled synthetic labels for evaluation only; not evidence of fraud or misconduct.
RPER_fa23ca5d98d868a4,REP_a132178ac1b8,Alan Ray,MGR_5e1c70ff0ce6,James Goodwill,TEAM_a405eba78bf2,Alfa,TERR_b31415d90eb9,Alfa / Germany,2017-10-01,train,0.014893617021276596,0.6765919992021279,False,False,Rep historical mean was the largest PCA reconstruction deviation (observed 1.595e+07).,"Validate the source record, peer context, and relevant commercial activity before action.",0,none,none,none,0,Controlled synthetic labels for evaluation only; not evidence of fraud or misconduct.
RPER_8556c369d99f4917,REP_6daf09991b71,Jimmy Grey,MGR_4b97498897f6,Alisha Cordwell,TEAM_b9dd960c1753,Charlie,TERR_938541fb7311,Charlie / Germany,2017-08-01,train,0.010638297872340425,0.6443508274077514,False,False,Calculated incentive was the largest PCA reconstruction deviation (observed 1.85e+04).,"Validate the target, policy tier, adjustment approval, and payout reconciliation before action.",0,none,none,none,0,Controlled synthetic labels for evaluation only; not evidence of fraud or misconduct.
RPER_d65e5390e1352775,REP_bba68d031906,Steve Pepple,MGR_eb86f856200b,Tracy Banks,TEAM_f144a6907dc4,Bravo,TERR_9efd649c43bb,Bravo / Poland,2018-08-01,validation,0.01010575721196479,0.6181659949844946,False,False,Return count was the largest PCA reconstruction deviation (observed 29).,"Validate the underlying orders, discounts, returns, period timing, and customer context before action.",0,none,none,none,0,Controlled synthetic labels for evaluation only; not evidence of fraud or misconduct.
RPER_d59a15e7b75e4a3a,REP_6daf09991b71,Jimmy Grey,MGR_4b97498897f6,Alisha Cordwell,TEAM_b9dd960c1753,Charlie,TERR_b74f6941cd2d,Charlie / Poland,2018-08-01,validation,0.008075682251082872,0.5183479404910643,False,False,Return count was the largest PCA reconstruction deviation (observed 23).,"Validate the underlying orders, discounts, returns, period timing, and customer context before action.",0,none,none,none,0,Controlled synthetic labels for evaluation only; not evidence of fraud or misconduct.
RPER_de6480c0290ced39,REP_82f7cb811b80,Stella Given,MGR_4b97498897f6,Alisha Cordwell,TEAM_b9dd960c1753,Charlie,TERR_938541fb7311,Charlie / Germany,2017-08-01,train,0.006382978723404255,0.4351183178304092,False,False,Incentive peer percentile was 0.3333 versus a comparable-representative reference of 1.85e+04; it was the largest PCA reconstruction deviation.,"Validate the target, policy tier, adjustment approval, and payout reconciliation before action.",0,none,none,none,0,Controlled synthetic labels for evaluation only; not evidence of fraud or misconduct.
RPER_2e35b2010864107f,REP_56269a9759c4,Anne Wu,MGR_31981a685b7e,Britanny Bold,TEAM_4f4a9410ffcd,Delta,TERR_3170779e5944,Delta / Poland,2018-01-01,train,0.002127659574468085,0.0002449950073633728,False,False,Calculated incentive was the largest PCA reconstruction deviation (observed 2.75e+04).,"Validate the target, policy tier, adjustment approval, and payout reconciliation before action.",0,none,none,none,0,Controlled synthetic labels for evaluation only; not evidence of fraud or misconduct.
