observation_id,rep_id,rep_name,manager_id,manager_name,team_id,team_name,territory_id,territory_name,period,payout_date,split,anomaly_score,anomaly_percentile,raw_score,threshold_flag,manager_review_flag,review_priority,risk_band,primary_reason,gross_sales,net_sales,sales_growth,rolling_sales_mean,target_sales,attainment_pct,final_incentive_paid,expected_incentive,incentive_calculation_residual,average_discount_pct,return_rate,post_incentive_return_rate,end_of_period_sales_share,completed_visit_count,average_visit_duration,crm_interaction_count,claimed_expense_amount,distance_claim_ratio,available_field_hours,required_total_hours,capacity_utilization_pct,required_fte,available_fte,fte_gap,priority_customer_coverage_gap,capacity_risk_band,currency_code,data_lineage
RPER_adb7425d1ba527fb,REP_6daf09991b71,Jimmy Grey,MGR_4b97498897f6,Alisha Cordwell,TEAM_b9dd960c1753,Charlie,TERR_938541fb7311,Charlie / Germany,2019-01-01,2019-02-18,test,0.9965187143318572,99.65187143318572,264.3821623057947,True,True,High,high,Unapproved discount rate was the largest PCA reconstruction deviation (observed 0.2016).,5514446.46,4812488.879541885,-0.6566771196095256,18491650.10887788,16814281.52,32.62355343588948,0.0,0.0,0.0,0.11967615430280992,0.17321417219591978,0.12394400005157818,0.8982391520234325,71,49.906666666666666,140,892.796558635536,1.0173386619903415,106.60199254599053,97.01037951268592,91.00240736197631,0.577442735194559,0.6345356699166103,-0.057092934722051236,2.75,medium,UNK,synthetic_derived
RPER_9937f96b8dc6afff,REP_bba68d031906,Steve Pepple,MGR_eb86f856200b,Tracy Banks,TEAM_f144a6907dc4,Bravo,TERR_07a5ea4d7ed4,Bravo / Germany,2017-01-01,2017-02-15,train,0.9936170212765958,99.36170212765958,229.72564941191308,True,True,High,high,Incentive peer median was the largest PCA reconstruction deviation (observed 0).,5332991.0,4788106.44810735,0.0,0.0,15424666.85,33.25489854025555,0.0,0.0,0.0,0.09704287760993613,0.005520046771942791,0.005025478447665845,0.048377497434804476,78,46.926829268292686,169,1064.804248030625,1.0453943701853585,120.09564297208406,90.03578965742886,74.97007171055945,0.5359273193894575,0.7148550176909766,-0.1789276983015191,3.75,low,UNK,synthetic_derived
RPER_aab09bf2ab808a27,REP_d21d2dd167c5,Morris Garcia,MGR_eb86f856200b,Tracy Banks,TEAM_f144a6907dc4,Bravo,TERR_07a5ea4d7ed4,Bravo / Germany,2017-01-01,2017-02-15,train,0.9893617021276596,98.93617021276596,229.40153213223823,True,True,Medium,medium,Incentive peer median was the largest PCA reconstruction deviation (observed 0).,8495501.0,7617696.496084867,0.0,0.0,17210225.67,45.19283404581151,0.0,0.0,0.0,0.09608625876079623,0.006422957877682879,0.0067445462608152285,0.2673627369031113,73,45.44047619047619,161,978.0267412824893,1.0070850986610964,106.55042172605233,81.35512359855791,76.35363828753951,0.48425668808665423,0.6342287007503116,-0.14997201266365734,1.75,low,UNK,synthetic_derived
RPER_e45c04d0d84e35a9,REP_bba68d031906,Steve Pepple,MGR_eb86f856200b,Tracy Banks,TEAM_f144a6907dc4,Bravo,TERR_07a5ea4d7ed4,Bravo / Germany,2019-01-01,2019-02-18,test,0.9852600059663819,98.52600059663818,199.57548907725223,True,True,Medium,medium,Incentive peer median was the largest PCA reconstruction deviation (observed 0).,7104577.0,6358383.257678189,-0.5487045829484168,19664085.59332402,16465165.51,42.7347904865229,0.0,0.0,0.0,0.09846167095033462,0.027401137153224585,0.012302779535846636,0.06624368984531193,61,45.10144927536232,141,802.7484409867526,1.0199863836449932,136.02624859402164,97.3422788998996,71.56139341196078,0.5794183267851166,0.8096800511548907,-0.2302617243697741,5.375,low,UNK,synthetic_derived
RPER_6378e24425a5676f,REP_db1cc40d477a,Erica Jones,MGR_5e1c70ff0ce6,James Goodwill,TEAM_a405eba78bf2,Alfa,TERR_b31415d90eb9,Alfa / Germany,2019-01-01,2019-02-18,test,0.9852110195258285,98.52110195258284,199.21927749365184,True,True,Medium,medium,Incentive peer median was the largest PCA reconstruction deviation (observed 0).,4283482.0,3840468.447880908,-0.7614285097395412,20363549.58763551,22637523.02,16.435030266499044,0.0,0.0,0.0,0.09532843271432757,0.021623129602516358,0.0032214340153520903,0.1384271438713382,70,47.689189189189186,161,837.6473484427987,1.0019988404380549,108.69850556843045,86.69672788507322,79.75889588518201,0.5160519516968644,0.6470149140978003,-0.13096296240093597,0.875,low,UNK,synthetic_derived
RPER_4c8ca2c81587e694,REP_82f7cb811b80,Stella Given,MGR_4b97498897f6,Alisha Cordwell,TEAM_b9dd960c1753,Charlie,TERR_938541fb7311,Charlie / Germany,2019-01-01,2019-02-18,test,0.9851701727917148,98.51701727917148,198.92225489557902,True,True,Medium,medium,Incentive peer median was the largest PCA reconstruction deviation (observed 0).,7132701.0,6374038.213049353,-0.6307316831530208,19842008.20056319,22356044.99,32.36294340876409,0.0,0.0,0.0,0.09556675363496275,0.02462259924015874,0.002926892087898393,0.01994105886138904,78,47.535714285714285,161,1131.445324249857,1.0106203647244332,126.40820353185232,116.2976220875125,92.00164137939659,0.6922477505209077,0.7524297829276924,-0.06018203240678466,2.75,medium,UNK,synthetic_derived
RPER_2830872bf4889d63,REP_a132178ac1b8,Alan Ray,MGR_5e1c70ff0ce6,James Goodwill,TEAM_a405eba78bf2,Alfa,TERR_b31415d90eb9,Alfa / Germany,2019-01-01,2019-02-18,test,0.9851365860437462,98.51365860437463,198.67802427692726,True,True,Medium,medium,Incentive peer median was the largest PCA reconstruction deviation (observed 0).,6970687.0,6232979.654443469,-0.5465671709449788,22663233.480257254,29593943.0,21.915453729553647,0.0,0.0,0.0,0.09820362034621076,0.05664783379226696,0.004050646165514913,0.21687285278579946,78,46.80952380952381,173,883.5869166096488,0.9986765926732847,95.03302789021053,101.52508041468225,106.83136449358621,0.6043159548492991,0.565672785060777,0.038643169788522114,3.625,high,UNK,synthetic_derived
RPER_8afd0f88595a10ae,REP_2234ec3bee93,Daniel Gates,MGR_4b97498897f6,Alisha Cordwell,TEAM_b9dd960c1753,Charlie,TERR_938541fb7311,Charlie / Germany,2019-01-01,2019-02-18,test,0.9851360226155926,98.51360226155926,198.67392723226448,True,True,Medium,medium,Incentive peer median was the largest PCA reconstruction deviation (observed 0).,6138913.0,5485196.270856696,-0.6086185970586594,20647128.11984539,26851121.25,20.817456149174397,0.0,0.0,0.0,0.10015988615907725,0.025721965308053513,0.006487640259861287,0.04049168318286997,80,46.595238095238095,173,946.7070475558518,1.0062990037465507,109.20607998368878,113.1901726484725,103.64823338167507,0.6737510276694791,0.6500361903790999,0.023714837290379265,5.5,high,UNK,synthetic_derived
RPER_5b9ff9cb07f6a5cd,REP_c56e2fba156a,Thompson Crawford,MGR_5e1c70ff0ce6,James Goodwill,TEAM_a405eba78bf2,Alfa,TERR_b31415d90eb9,Alfa / Germany,2019-01-01,2019-02-18,test,0.9851333906698906,98.51333906698906,198.65478868012895,True,True,Medium,medium,Incentive peer median was the largest PCA reconstruction deviation (observed 0).,8156452.0,7322146.18921103,-0.3491282823384948,19429428.008469865,24614430.27,22.130805087013247,0.0,0.0,0.0,0.09807747829269488,0.04074095050210362,0.0008692919401754352,0.03404008236753021,71,50.01315789473684,142,910.866100965178,1.0197454974283342,117.02901626739268,89.97106601665973,76.87928078545082,0.5355420596229746,0.6966012873059088,-0.16105922768293413,2.75,low,UNK,synthetic_derived
RPER_bf09bdbf81b1ae76,REP_d21d2dd167c5,Morris Garcia,MGR_eb86f856200b,Tracy Banks,TEAM_f144a6907dc4,Bravo,TERR_07a5ea4d7ed4,Bravo / Germany,2019-01-01,2019-02-18,test,0.9851180788927628,98.51180788927628,198.54344700441578,True,True,Medium,medium,Incentive peer median was the largest PCA reconstruction deviation (observed 0).,10450053.0,9403723.185175885,-0.5811701539362413,21420820.26036033,24686004.65,44.42272036619697,0.0,0.0,0.0,0.09887360661706919,0.07897148966965253,0.004990427844791901,0.037337311063019386,71,46.333333333333336,151,1028.484355234036,1.0148506638670227,108.1288432848493,91.65926493649232,84.76856142355068,0.5455908627172162,0.643624067171722,-0.0980332044545058,1.75,low,UNK,synthetic_derived
RPER_30d10d636bd623f0,REP_6003efb01f5e,Sheila Stones,MGR_31981a685b7e,Britanny Bold,TEAM_4f4a9410ffcd,Delta,TERR_49c0203db75f,Delta / Germany,2018-12-01,2019-01-15,validation,0.9851114515353827,98.51114515353827,198.49525527134068,True,True,Medium,medium,Incentive peer median was the largest PCA reconstruction deviation (observed 0).,10432683.0,9367264.04391123,-0.5322632803115495,22418659.88264523,26904766.24,30.84555126123344,0.0,0.0,0.0,0.08894323438606469,0.172110886250632,0.0261191567525414,0.08611937219468888,75,45.04938271604938,193,988.6181208561617,1.0290047011394023,106.07115344232969,106.1403177463208,100.06520557356691,0.631787605632862,0.6313759133472006,0.0004116922856614025,2.75,high,UNK,synthetic_derived
RPER_c507c4a06ca478dc,REP_0dfc420450a6,Abigail Thompson,MGR_eb86f856200b,Tracy Banks,TEAM_f144a6907dc4,Bravo,TERR_07a5ea4d7ed4,Bravo / Germany,2017-12-01,2018-01-15,train,0.9851063829787234,98.51063829787235,198.45839857030745,True,True,Medium,medium,Incentive peer median was the largest PCA reconstruction deviation (observed 0).,11250031.0,10091012.661213355,-0.4030245390891308,17604642.270078924,21474359.36,49.393783934097364,0.0,0.0,0.0,0.10174976492541365,0.0229593442826121,0.00038001133506234503,0.08343252358903344,69,45.94871794871795,152,840.5736798425525,1.0029512869412445,98.13934039022092,103.00096323326609,104.95379612672595,0.6131009716265838,0.5841627404179817,0.028938231208602172,2.75,high,UNK,synthetic_derived
RPER_a6ede9613fc560a2,REP_db1cc40d477a,Erica Jones,MGR_5e1c70ff0ce6,James Goodwill,TEAM_a405eba78bf2,Alfa,TERR_b31415d90eb9,Alfa / Germany,2019-04-01,2019-05-18,test,0.9848922448158383,98.48922448158383,198.4414455126367,True,True,Medium,medium,Incentive peer median was the largest PCA reconstruction deviation (observed 0).,10331078.0,9291141.075220926,-0.6220378447156462,17652309.65043737,24267124.33,41.36623142769031,0.0,0.0,0.0,0.0997821855638525,0.07409241751939502,0.00419496873770974,0.04546091028044934,74,49.607142857142854,165,1012.6154047925451,0.9972068597594788,109.85454692118623,91.84027651772956,83.60170706781871,0.5466683126055332,0.6538961126261085,-0.1072278000205753,2.625,low,UNK,synthetic_derived
RPER_2ddbd68d4476b0b2,REP_a132178ac1b8,Alan Ray,MGR_5e1c70ff0ce6,James Goodwill,TEAM_a405eba78bf2,Alfa,TERR_b31415d90eb9,Alfa / Germany,2019-04-01,2019-05-18,test,0.9845166015318404,98.45166015318404,198.4117062911386,True,True,Medium,medium,Incentive peer median was the largest PCA reconstruction deviation (observed 0).,9895574.0,8808837.347196689,-0.5633891353160256,13860667.448696347,17814393.26,48.02807399554817,0.0,0.0,0.0,0.09855110671067382,0.06168529179549308,0.0013110773522018886,0.07289360668676473,77,48.84146341463415,153,998.3713421691809,1.0425615447901402,111.23439675398117,100.65305887815555,90.4873508693282,0.5991253504652116,0.6621095044879832,-0.06298415402277158,4.375,medium,UNK,synthetic_derived
RPER_c06918a37c89d042,REP_56269a9759c4,Anne Wu,MGR_31981a685b7e,Britanny Bold,TEAM_4f4a9410ffcd,Delta,TERR_49c0203db75f,Delta / Germany,2018-12-01,2019-01-15,validation,0.9838485949762106,98.38485949762105,198.35882102533895,True,True,Medium,medium,Incentive peer median was the largest PCA reconstruction deviation (observed 0).,9511704.0,8556884.412737157,-0.5745257129351518,22179190.606549483,22556729.36,37.82790186819586,0.0,0.0,0.0,0.08588321070271225,0.022600096986329088,0.005250034411802084,0.13481911704829744,77,45.43589743589744,190,1071.4435461531068,1.0201001246608035,130.90904717572403,111.32231070408781,85.03790464127034,0.6626328018100465,0.7792205189031192,-0.1165877170930727,3.5,medium,UNK,synthetic_derived
RPER_0b5ae6ab385c0626,REP_bba68d031906,Steve Pepple,MGR_eb86f856200b,Tracy Banks,TEAM_f144a6907dc4,Bravo,TERR_07a5ea4d7ed4,Bravo / Germany,2017-12-01,2018-01-15,train,0.9808510638297873,98.08510638297872,198.1215101335741,True,True,Medium,medium,Incentive peer median was the largest PCA reconstruction deviation (observed 0).,8959982.0,8029103.1039841855,-0.5231170699983383,15066333.817749694,16251476.42,43.36233905365654,0.0,0.0,0.0,0.09866563325097794,0.05369114454892508,0.008413301745144004,0.04397143126886213,79,45.5,166,888.0381207461479,1.031458512636356,122.00696642511508,83.53488586494366,68.46730831244408,0.4972314634818075,0.7262319430066374,-0.22900047952482988,1.875,low,UNK,synthetic_derived
RPER_3d9a8f77d161982f,REP_82f7cb811b80,Stella Given,MGR_4b97498897f6,Alisha Cordwell,TEAM_b9dd960c1753,Charlie,TERR_938541fb7311,Charlie / Germany,2017-01-01,2017-02-15,train,0.9765957446808511,97.65957446808511,177.49159080032607,True,True,Medium,medium,Calculated incentive was the largest PCA reconstruction deviation (observed 0).,7655945.0,6851876.34546907,0.0,0.0,16873775.36,42.14353085954416,0.0,0.0,0.0,0.09885940744378775,0.0017734155664006223,0.00139790248553799,0.05948896336144538,77,48.71951219512195,174,1007.4048790533582,1.0078613099970604,134.2443811845252,88.3493037393438,65.8122917024762,0.5258887127341892,0.7990736975269357,-0.27318498479274644,1.75,low,UNK,synthetic_derived
RPER_5f70f939a7c0dc2f,REP_c56e2fba156a,Thompson Crawford,MGR_5e1c70ff0ce6,James Goodwill,TEAM_a405eba78bf2,Alfa,TERR_6090deb666aa,Alfa / Poland,2018-12-01,2019-01-15,validation,0.9755292403326362,97.55292403326362,169.89899354332226,True,True,Medium,medium,Calculated incentive was the largest PCA reconstruction deviation (observed 0).,12620438.0,11249753.20101251,-0.529988008228332,23549436.353488777,25006556.41,43.6802341497464,0.0,0.0,0.0,0.08955423776382997,0.011297189000001972,0.0007932270567252224,0.0703246682802279,75,47.035714285714285,211,919.8916586743333,1.0126366069578365,122.92563713398164,85.5925601251432,69.62954361737607,0.5094795245544238,0.731700221035605,-0.22222069648118115,1.75,low,UNK,synthetic_derived
RPER_3a2f83b69da09f3c,REP_0dfc420450a6,Abigail Thompson,MGR_eb86f856200b,Tracy Banks,TEAM_f144a6907dc4,Bravo,TERR_9efd649c43bb,Bravo / Poland,2018-12-01,2019-01-15,validation,0.9755090086563628,97.55090086563628,169.75496134126422,True,True,Medium,medium,Calculated incentive was the largest PCA reconstruction deviation (observed 0).,13082721.0,11576227.384761315,-0.5239757258065098,21399398.554890733,25544333.93,49.77126931554465,0.0,0.0,0.0,0.08820711408280858,0.024958048157173347,0.004366244894512396,0.16676034520321908,79,48.19047619047619,198,924.8399897833984,1.0048017954825958,116.41447460274485,140.14765152330253,120.38679210772136,0.8342122114482293,0.6929433012068146,0.14126891024141475,11.875,critical,UNK,synthetic_derived
RPER_bba98becd6326856,REP_0dfc420450a6,Abigail Thompson,MGR_eb86f856200b,Tracy Banks,TEAM_f144a6907dc4,Bravo,TERR_07a5ea4d7ed4,Bravo / Germany,2019-01-01,2019-02-18,test,0.97436406106588,97.43640610658801,161.6039154036986,False,False,Context only,medium,Incentive peer median was the largest PCA reconstruction deviation (observed 0).,9785552.24,8751543.954014335,-0.24400725183278013,19771293.564181644,27393744.73,34.80784059032071,305.0,0.0,305.0,0.09443891625395669,0.012407788656816578,0.03198719290406972,0.5898177849201461,66,45.986301369863014,141,903.7675477308,1.0131295031477507,112.35146530743535,125.13692591692867,111.37987882446174,0.7448626542674326,0.6687587220680675,0.07610393219936507,9.125,high,UNK,synthetic_derived
RPER_845bbdba12750844,REP_200ef690040c,Mary Gerrard,MGR_31981a685b7e,Britanny Bold,TEAM_4f4a9410ffcd,Delta,TERR_49c0203db75f,Delta / Germany,2019-01-01,2019-02-18,test,0.9735506856249615,97.35506856249614,155.8133791044616,False,False,Context only,medium,Calculated incentive was the largest PCA reconstruction deviation (observed 0).,10075902.0,8951295.066732906,-0.49254044299328426,24429019.7703983,30610601.9,29.89436984670736,0.0,0.0,0.0,0.09410550583848251,0.008259503731085327,0.0003090603798578859,0.10105334498012052,76,46.63095238095238,152,1117.8968300786382,1.0073632862220034,116.71375525305005,119.78534684553212,102.63173058378806,0.7130080169376912,0.6947247336491075,0.01828328328858375,6.125,high,UNK,synthetic_derived
RPER_1febf733bd3d731d,REP_e7e9152643c7,Jessica Smith,MGR_31981a685b7e,Britanny Bold,TEAM_4f4a9410ffcd,Delta,TERR_49c0203db75f,Delta / Germany,2019-01-01,2019-02-18,test,0.9735151479146464,97.35151479146464,155.56038105310816,False,False,Context only,medium,Calculated incentive was the largest PCA reconstruction deviation (observed 0).,7080773.0,6361823.750682073,-0.715547497987274,18549924.19120567,22107823.07,27.331933468027113,0.0,0.0,0.0,0.0961313930111457,0.029024978133442972,0.004688655016646326,0.06968407523998245,76,46.25609756097561,156,930.073092090156,1.0064761384684933,113.67612228643787,89.93847617828015,79.11817747587813,0.5353480724897628,0.6766435850383207,-0.14129551254855788,3.625,low,UNK,synthetic_derived
RPER_4f33b8654c5e7ed3,REP_200ef690040c,Mary Gerrard,MGR_31981a685b7e,Britanny Bold,TEAM_4f4a9410ffcd,Delta,TERR_49c0203db75f,Delta / Germany,2017-12-01,2018-01-15,train,0.9723404255319149,97.23404255319149,147.19736410357828,False,False,Context only,medium,Calculated incentive was the largest PCA reconstruction deviation (observed 0).,10456912.0,9370128.127442477,-0.6605212319561102,23142339.821571473,30442122.56,30.636701706491554,0.0,0.0,0.0,0.09564814303885186,0.05288313789503744,0.007406676911302999,0.10634121156814882,61,46.65217391304348,156,777.9940379483907,1.0170153786766445,130.74654223630696,105.87047880343933,80.97382691168424,0.6301814214490437,0.7782532275970653,-0.14807180614802162,1.75,low,UNK,synthetic_derived
RPER_e2f00d0d9940d962,REP_d21d2dd167c5,Morris Garcia,MGR_eb86f856200b,Tracy Banks,TEAM_f144a6907dc4,Bravo,TERR_07a5ea4d7ed4,Bravo / Germany,2019-04-01,2019-05-18,test,0.9700798959390835,97.00798959390835,146.75480184036837,False,False,Context only,medium,Calculated incentive was the largest PCA reconstruction deviation (observed 0).,7867084.0,7075033.942360188,-0.7753776758390343,22051152.22339678,23174086.07,32.472207428153155,0.0,0.0,0.0,0.09597958216390291,0.10962270378017169,0.01278040694584491,0.14392321051957194,69,46.972972972972975,155,845.3483126706371,1.028289628213086,116.00855108307557,87.80476957115116,75.68818742359153,0.5226474379235188,0.6905270897802117,-0.16787965185669296,2.625,low,UNK,synthetic_derived
RPER_61fa5ecd52929f18,REP_0dfc420450a6,Abigail Thompson,MGR_eb86f856200b,Tracy Banks,TEAM_f144a6907dc4,Bravo,TERR_07a5ea4d7ed4,Bravo / Germany,2018-04-01,2018-05-15,train,0.9680851063829787,96.80851063829788,146.36426566540442,False,False,Context only,medium,Calculated incentive was the largest PCA reconstruction deviation (observed 0).,11890083.8,10649596.997932589,-0.6951328646377073,29693242.904031664,29634810.15,40.14405453930485,0.0,0.0,0.0,0.0901217133849588,0.09925082847914225,0.0064013627161194275,0.06519647898936125,77,47.29761904761905,212,1091.874208331631,1.0226211181109726,107.23114046708196,134.67556687604642,125.59370933613208,0.8016402790240859,0.638280598018345,0.16335968100574083,2.625,critical,UNK,synthetic_derived
RPER_b6193ba7d58b6ac5,REP_e7e9152643c7,Jessica Smith,MGR_31981a685b7e,Britanny Bold,TEAM_4f4a9410ffcd,Delta,TERR_49c0203db75f,Delta / Germany,2018-09-01,2018-10-15,validation,0.9646067291244421,96.46067291244421,146.31979263922793,False,False,Context only,medium,Calculated incentive was the largest PCA reconstruction deviation (observed 0).,17659401.0,15860820.055151792,-0.3792581003208588,27931651.630303606,36884132.4,47.44508443842679,0.0,0.0,0.0,0.0895461002798736,0.05290452937697962,0.005156933216642917,0.16040838452936929,79,45.44047619047619,218,1082.8466521269465,1.020851115233843,97.88590698911325,105.35404326684235,107.62942951385197,0.6271074003978712,0.5826542082685313,0.04445319212933985,6.375,high,UNK,synthetic_derived
RPER_0d1245f1ac61b5ba,REP_0dfc420450a6,Abigail Thompson,MGR_eb86f856200b,Tracy Banks,TEAM_f144a6907dc4,Bravo,TERR_07a5ea4d7ed4,Bravo / Germany,2018-05-01,2018-06-15,train,0.9638297872340426,96.38297872340425,146.30985899647985,False,False,Context only,medium,Calculated incentive was the largest PCA reconstruction deviation (observed 0).,15840683.0,14205891.018821865,0.3339369575749826,24766307.683245648,33760308.98,45.16932010058906,0.0,0.0,0.0,0.09030964431034588,0.018049418466200333,0.005158942950672437,0.15692378546699123,77,48.023809523809526,217,1052.9463769148479,1.0212470830428804,113.40772268966968,147.0788677469589,129.6903458236503,0.8754694508747554,0.6750459683908909,0.20042348248386443,6.125,critical,UNK,synthetic_derived
RPER_f821fa164bd1cebe,REP_e7e9152643c7,Jessica Smith,MGR_31981a685b7e,Britanny Bold,TEAM_4f4a9410ffcd,Delta,TERR_49c0203db75f,Delta / Germany,2018-11-01,2018-12-15,validation,0.9616556259158654,96.16556259158654,146.26322621743216,False,False,Context only,medium,Calculated incentive was the largest PCA reconstruction deviation (observed 0).,13870029.0,12483502.5221372,-0.3998638372391302,20737776.582470454,24809705.56,48.87675756955963,0.0,0.0,0.0,0.08985154234076778,0.11768684822137197,0.0039477289856539735,0.08962309008456364,77,48.726190476190474,226,1125.9043790370795,1.0200321872552989,115.34271663093485,100.7065065659475,87.31067683118718,0.5994434914639732,0.6865637894698503,-0.08712029800587706,5.5,medium,UNK,synthetic_derived
RPER_710d0ff66c0f09e5,REP_6daf09991b71,Jimmy Grey,MGR_4b97498897f6,Alisha Cordwell,TEAM_b9dd960c1753,Charlie,TERR_938541fb7311,Charlie / Germany,2018-12-01,2019-01-15,validation,0.9616393806367673,96.16393806367674,146.26287777847116,False,False,Context only,medium,Calculated incentive was the largest PCA reconstruction deviation (observed 0).,15490491.0,14017384.667367507,-0.05524553865844952,23689904.808230173,33023889.52,45.263971795919375,0.0,0.0,0.0,0.08942106128075179,0.05511811644455829,0.01493781951000638,0.07333569449744644,74,43.329268292682926,194,913.4401507704363,1.0151635557684926,115.43290905197127,101.14805760242905,87.62497491671915,0.60207177144303,0.6871006491188766,-0.08502887767584655,3.5,medium,UNK,synthetic_derived
RPER_dac05c425c7d282a,REP_56269a9759c4,Anne Wu,MGR_31981a685b7e,Britanny Bold,TEAM_4f4a9410ffcd,Delta,TERR_49c0203db75f,Delta / Germany,2017-12-01,2018-01-15,train,0.9595744680851064,95.95744680851064,146.21858823566248,False,False,Context only,medium,Calculated incentive was the largest PCA reconstruction deviation (observed 0).,14500971.0,12976966.538401548,-0.5497625442148941,24383060.44493432,29740486.0,44.08838801291556,0.0,0.0,0.0,0.09833127736661318,0.06558282239861682,0.003071699469491486,0.0752036042177052,74,47.3974358974359,160,914.419225781342,1.0203168253852815,134.81264068249533,102.77379289143809,76.23453733354746,0.6117487672109411,0.8024561945386627,-0.1907074273277216,8.125,low,UNK,synthetic_derived
RPER_d7edf4651f52b591,REP_a132178ac1b8,Alan Ray,MGR_5e1c70ff0ce6,James Goodwill,TEAM_a405eba78bf2,Alfa,TERR_b31415d90eb9,Alfa / Germany,2018-08-01,2018-09-15,validation,0.9583402679118662,95.83402679118662,146.1599552122044,False,False,Context only,medium,Calculated incentive was the largest PCA reconstruction deviation (observed 0).,11615409.0,10494868.22417289,-0.5042850930786655,19978530.2771765,23431861.21,45.64645734539345,0.0,0.0,0.0,0.08990994490675436,0.0383522792826295,0.005252581281230304,0.18246486647832402,81,45.48809523809524,233,1044.0683507154024,1.0230814357225133,95.35536985866852,79.2736110299438,83.1349206105955,0.471866732321094,0.5675914872539793,-0.09572475493288535,0.0,low,UNK,synthetic_derived
RPER_2da8f3927d9d185e,REP_c56e2fba156a,Thompson Crawford,MGR_5e1c70ff0ce6,James Goodwill,TEAM_a405eba78bf2,Alfa,TERR_b31415d90eb9,Alfa / Germany,2018-05-01,2018-06-15,train,0.9553191489361702,95.53191489361701,146.01643121697876,False,False,Context only,medium,Calculated incentive was the largest PCA reconstruction deviation (observed 0).,11916946.0,10738087.010527235,-0.4843176219690373,23206278.54091674,24866846.7,45.154447933417316,0.0,0.0,0.0,0.0920154276904748,0.01142196338411616,0.005564768973688645,0.08144156885821179,78,47.45238095238095,229,1133.179102255705,1.0092421940999499,117.95509684173686,92.11280751151368,78.09141781732721,0.5482905209018671,0.7021136716770051,-0.15382315077513797,4.5,low,UNK,synthetic_derived
RPER_e3a3c677f7819e38,REP_2234ec3bee93,Daniel Gates,MGR_4b97498897f6,Alisha Cordwell,TEAM_b9dd960c1753,Charlie,TERR_938541fb7311,Charlie / Germany,2018-09-01,2018-10-15,validation,0.9524149642744475,95.24149642744474,145.995737673398,False,False,Context only,medium,Calculated incentive was the largest PCA reconstruction deviation (observed 0).,14590219.0,13122603.313945178,-0.3463898901031193,25251183.647681516,25350871.87,45.55293690552695,0.0,0.0,0.0,0.09023187954929607,0.051947278703055016,0.0030037187621134876,0.12009607562138565,77,47.01190476190476,237,868.7820996125366,1.0249655258424846,109.2002475222031,115.59428162445512,105.85532931228197,0.6880612001455662,0.650001473346447,0.038059726799119176,5.25,high,UNK,synthetic_derived
RPER_2981928e97076424,REP_200ef690040c,Mary Gerrard,MGR_31981a685b7e,Britanny Bold,TEAM_4f4a9410ffcd,Delta,TERR_49c0203db75f,Delta / Germany,2018-04-01,2018-05-15,train,0.951063829787234,95.1063829787234,145.98611026892777,False,False,Context only,medium,Calculated incentive was the largest PCA reconstruction deviation (observed 0).,13768418.0,12431697.350441383,-0.5561379307869937,23562813.455842186,27684321.77,48.25993405917697,0.0,0.0,0.0,0.09059705193193221,0.020067852531615048,0.006746731418579812,0.07819309039266753,79,47.04761904761905,219,1074.0281354045253,1.0053583483978255,114.51747207344512,106.0470392652575,92.60337077406393,0.6312323765789136,0.6816516194847924,-0.050419242905878736,2.625,medium,UNK,synthetic_derived
RPER_544224f61048f591,REP_c56e2fba156a,Thompson Crawford,MGR_5e1c70ff0ce6,James Goodwill,TEAM_a405eba78bf2,Alfa,TERR_b31415d90eb9,Alfa / Germany,2017-12-01,2018-01-15,train,0.9468085106382979,94.68085106382979,145.97871504959082,False,False,Context only,low,Calculated incentive was the largest PCA reconstruction deviation (observed 0).,12022605.0,10752320.813612489,-0.26249719006939143,16662855.818534672,19723272.47,45.68744094791325,0.0,0.0,0.0,0.10094954727544223,0.013891719360910553,0.007657128302484594,0.06924288346999542,80,48.51190476190476,165,1120.0426945549343,1.0155827678904832,123.63258733754147,86.35246623632823,69.84603986372045,0.5140027752162395,0.7359082579615563,-0.22190548274531685,2.625,low,UNK,synthetic_derived
RPER_21606fda070f2bf4,REP_6daf09991b71,Jimmy Grey,MGR_4b97498897f6,Alisha Cordwell,TEAM_b9dd960c1753,Charlie,TERR_938541fb7311,Charlie / Germany,2018-05-01,2018-06-15,train,0.9425531914893617,94.25531914893617,145.96788212554273,False,False,Context only,low,Calculated incentive was the largest PCA reconstruction deviation (observed 0).,14828214.0,13364706.629396377,-0.4909850609513214,21949730.746351104,28286490.64,47.92240370430096,0.0,0.0,0.0,0.0907437107388174,0.005624601022997757,0.0028382553548752785,0.05163648960159899,78,46.857142857142854,224,907.2146351970291,1.021325677244977,113.60930190088806,96.91455717823955,85.30512515849021,0.5768723641561878,0.6762458446481432,-0.09937348049195538,0.0,medium,UNK,synthetic_derived
RPER_f130fc721869b3ba,REP_200ef690040c,Mary Gerrard,MGR_31981a685b7e,Britanny Bold,TEAM_4f4a9410ffcd,Delta,TERR_49c0203db75f,Delta / Germany,2017-05-01,2017-06-15,train,0.9382978723404255,93.82978723404256,145.94211589697994,False,False,Context only,low,Calculated incentive was the largest PCA reconstruction deviation (observed 0).,11241825.0,9966878.658257626,-0.22726857325168634,16457664.71909939,21671678.46,39.103371095672266,0.0,0.0,0.0,0.09733601120117777,0.1009712221349734,0.0033171070195822973,0.06742399350270785,79,47.73809523809524,200,1041.5764450740828,1.0372047441905567,112.687591497609,109.14871397168767,96.85956769606135,0.6496947260219504,0.6707594732000536,-0.021064747178103138,3.5,medium,UNK,synthetic_derived
RPER_c51059e959f60cba,REP_2234ec3bee93,Daniel Gates,MGR_4b97498897f6,Alisha Cordwell,TEAM_b9dd960c1753,Charlie,TERR_938541fb7311,Charlie / Germany,2017-11-01,2017-12-15,train,0.9340425531914893,93.40425531914893,145.8139666410817,False,False,Context only,low,Calculated incentive was the largest PCA reconstruction deviation (observed 0).,11526973.0,10287089.303653335,-0.033236240712322986,14903486.927873628,21303193.17,42.683826790203085,0.0,0.0,0.0,0.09627953004551318,0.017390237039035594,0.006936690026746927,0.09404948892050399,82,46.892857142857146,194,1093.381365139155,0.9993514919316117,128.94524084286934,97.19884591832674,75.3799405724262,0.5785645590376591,0.7675311954932699,-0.18896663645561074,3.625,low,UNK,synthetic_derived
RPER_9ede02831ec4dc11,REP_56269a9759c4,Anne Wu,MGR_31981a685b7e,Britanny Bold,TEAM_4f4a9410ffcd,Delta,TERR_49c0203db75f,Delta / Germany,2019-01-01,2019-02-18,test,0.9318984815175342,93.18984815175342,115.58910655574351,False,False,Context only,low,Calculated incentive was the largest PCA reconstruction deviation (observed 0).,7042844.86,6302245.258172458,-0.26348832656996124,17424997.742453385,21839623.76,28.162053832787613,591.8,0.0,512.5,0.09682675353290589,0.012914265865456276,0.0017335005465040029,0.503563660370317,66,47.41891891891892,163,765.2950733342766,1.0315868567536095,125.33859116552023,113.43361107186445,90.5017441292808,0.6752000659039551,0.7460630426519061,-0.07086297674795106,4.375,medium,UNK,synthetic_derived
RPER_8a5c9e1ff8ccb1a8,REP_6003efb01f5e,Sheila Stones,MGR_31981a685b7e,Britanny Bold,TEAM_4f4a9410ffcd,Delta,TERR_49c0203db75f,Delta / Germany,2019-01-01,2019-02-18,test,0.9315943583227153,93.15943583227153,111.30189865883979,False,False,Context only,low,Calculated incentive was the largest PCA reconstruction deviation (observed 0).,9014370.113678245,8038738.937392913,-0.1418263753739135,18142067.511272114,21144245.07,40.50212417658887,1025.0,0.0,0.0,0.09971788415085676,0.04776228151018714,0.005408152402238564,0.14040067350078905,74,45.18181818181818,141,917.7944244209241,1.0196051645327329,105.11715285566339,107.419479048742,102.19024786205914,0.6394016610044166,0.6256973384265678,0.013704322577848815,0.875,high,UNK,synthetic_derived
RPER_8ef84997ed6c0c60,REP_0dfc420450a6,Abigail Thompson,MGR_eb86f856200b,Tracy Banks,TEAM_f144a6907dc4,Bravo,TERR_07a5ea4d7ed4,Bravo / Germany,2017-01-01,2017-02-15,train,0.9297872340425531,92.97872340425532,85.82696739221699,False,False,Context only,low,Incentive peer median was the largest PCA reconstruction deviation (observed 0).,12314569.0,11024945.902075393,0.0,0.0,15765414.62,54.06574539628966,22893.56,22893.56,0.0,0.09638168647466977,0.0,0.016082921100199103,0.019674909939856933,82,48.357142857142854,174,1046.1959484937656,1.0183381681714714,98.18899566439097,105.7824692797121,107.73352814532856,0.6296575552363816,0.5844583075261367,0.04519924771024486,6.25,high,UNK,synthetic_derived
RPER_51a48596d3290b29,REP_a132178ac1b8,Alan Ray,MGR_5e1c70ff0ce6,James Goodwill,TEAM_a405eba78bf2,Alfa,TERR_b31415d90eb9,Alfa / Germany,2019-02-01,2019-03-18,test,0.9277539679039085,92.77539679039086,70.7688245773363,False,False,Context only,low,Unapproved discount rate was the largest PCA reconstruction deviation (observed 0.2198).,17539307.0,15173534.49445502,1.4343949981671869,15621864.977281563,15413684.68,102.39158240615134,30000.0,30000.0,0.0,0.11535413153535894,0.005586929511588593,0.011875483174274804,0.13456105906893787,78,49.82142857142857,189,1084.0744257166152,0.9859377837473874,105.82511573827021,94.06603959907684,88.88819912252565,0.5599169023754574,0.6299114032039894,-0.06999450082853198,3.5,medium,UNK,synthetic_derived
RPER_746fbd7406c0117d,REP_200ef690040c,Mary Gerrard,MGR_31981a685b7e,Britanny Bold,TEAM_4f4a9410ffcd,Delta,TERR_49c0203db75f,Delta / Germany,2018-12-01,2019-01-15,validation,0.925641331176558,92.5641331176558,55.12287201275402,False,False,Context only,low,Incentive peer median was the largest PCA reconstruction deviation (observed 0).,19714287.0,17639425.53281038,-0.359359477419844,26857155.26944269,31105214.22,59.44106062565283,27500.0,27500.0,0.0,0.08801237154009407,0.014866079279261788,0.006465725383565945,0.5117146670501542,80,47.51190476190476,197,1130.6061456760199,1.0258287094474885,123.0699742683595,118.34687782351686,96.16226746375706,0.7044457013304575,0.732559370644997,-0.028113669314539513,3.625,medium,UNK,synthetic_derived
RPER_0edbb97dfcd71947,REP_d21d2dd167c5,Morris Garcia,MGR_eb86f856200b,Tracy Banks,TEAM_f144a6907dc4,Bravo,TERR_07a5ea4d7ed4,Bravo / Germany,2017-12-01,2018-01-15,train,0.925531914893617,92.5531914893617,54.312547194234334,False,False,Context only,low,Incentive peer median was the largest PCA reconstruction deviation (observed 0).,27340740.0,24568129.54227403,0.8841416755420378,15772761.538482815,19990987.75,125.43103331677355,25000.0,25000.0,0.0,0.09931470415593341,0.01108722934379572,0.004415160674767274,0.10762305106012202,78,48.095238095238095,162,943.6763794580013,1.0246084292812303,97.29777381800534,90.22528304810669,92.73108675319983,0.5370552562387303,0.5791534155833651,-0.04209815934463479,2.625,medium,UNK,synthetic_derived
RPER_544e6d333b9b3ee6,REP_c56e2fba156a,Thompson Crawford,MGR_5e1c70ff0ce6,James Goodwill,TEAM_a405eba78bf2,Alfa,TERR_b31415d90eb9,Alfa / Germany,2019-04-01,2019-05-18,test,0.9254564588394284,92.54564588394284,53.94050233613081,False,False,Context only,low,Incentive peer median was the largest PCA reconstruction deviation (observed 0).,12369224.0,11036914.534819087,-0.24965275116769278,12194723.438045861,15194145.82,70.56532160125536,22656.06,22656.06,0.0,0.09661037439154294,0.02661257404830641,0.01648948342618628,0.05988224330445807,75,47.13095238095238,153,991.9854571650466,1.0137936105587957,125.12415469616809,97.80255712384448,78.16440987060643,0.5821580781181219,0.7447866350962387,-0.16262855697811673,0.875,low,UNK,synthetic_derived
RPER_0d74e5c2d3b72cb3,REP_a132178ac1b8,Alan Ray,MGR_5e1c70ff0ce6,James Goodwill,TEAM_a405eba78bf2,Alfa,TERR_b31415d90eb9,Alfa / Germany,2017-01-01,2017-02-15,train,0.9212765957446809,92.12765957446808,33.33120082015429,False,False,Context only,low,Rep historical mean was the largest PCA reconstruction deviation (observed 0).,17035260.0,15105394.171310656,0.0,0.0,16309769.76,95.99682032405909,25000.0,25000.0,0.0,0.09689182995190745,0.00038261349619124154,0.014717373205632153,0.15701214322948545,80,47.726190476190474,162,1176.5171129791847,1.0076835670566757,99.85152597417013,89.34188612684181,89.47473286482675,0.5317969412312012,0.5943543212748222,-0.06255738004362099,2.625,medium,UNK,synthetic_derived
RPER_66e6b26b6761af61,REP_200ef690040c,Mary Gerrard,MGR_31981a685b7e,Britanny Bold,TEAM_4f4a9410ffcd,Delta,TERR_49c0203db75f,Delta / Germany,2017-01-01,2017-02-15,train,0.9170212765957447,91.70212765957447,32.81033506948615,False,False,Context only,low,Rep historical mean was the largest PCA reconstruction deviation (observed 0).,11075369.0,9966857.82299178,0.0,0.0,16040170.5,61.87049398728536,25000.0,25000.0,0.0,0.09638860039856975,0.0036652523609401163,0.009340514922374088,0.20681940362388687,71,47.08108108108108,167,942.9932979568713,1.0173285861903134,121.89511953534736,110.49420286690858,90.64694574163593,0.6577035884935034,0.7255661877104009,-0.06786259921689752,1.75,medium,UNK,synthetic_derived
RPER_a5e34fb410006ef2,REP_56269a9759c4,Anne Wu,MGR_31981a685b7e,Britanny Bold,TEAM_4f4a9410ffcd,Delta,TERR_49c0203db75f,Delta / Germany,2017-01-01,2017-02-15,train,0.9127659574468086,91.27659574468086,32.71540080025147,False,False,Context only,low,Rep historical mean was the largest PCA reconstruction deviation (observed 0).,14817341.0,13220371.323102701,0.0,0.0,16639482.15,81.57532397237087,25000.0,25000.0,0.0,0.09796432452270742,0.0005935887998902167,0.0010300310771529145,0.05330996510575635,72,48.392857142857146,164,912.8870701527604,1.0215647606692095,126.47335400794981,99.94472564161258,79.02433395996623,0.5949090812000749,0.7528175833806536,-0.15790850218057872,0.875,low,UNK,synthetic_derived
RPER_f02627e8b77f4fd8,REP_db1cc40d477a,Erica Jones,MGR_5e1c70ff0ce6,James Goodwill,TEAM_a405eba78bf2,Alfa,TERR_b31415d90eb9,Alfa / Germany,2017-01-01,2017-02-15,train,0.9085106382978724,90.85106382978724,32.709416205869054,False,False,Context only,low,Rep historical mean was the largest PCA reconstruction deviation (observed 0).,10935589.0,9707944.176827459,0.0,0.0,18743142.22,51.86873257621918,23002.85,23002.85,0.0,0.09510862513883393,0.0019859386791135384,0.01414740781996733,0.05601006251073764,79,48.916666666666664,170,857.6885616587924,1.011152129569724,120.54048838376886,86.23543920266339,71.54064195269616,0.5133061857301392,0.7175029070462432,-0.204196721316104,1.75,low,UNK,synthetic_derived
RPER_3fd216a65a2ecd7c,REP_c56e2fba156a,Thompson Crawford,MGR_5e1c70ff0ce6,James Goodwill,TEAM_a405eba78bf2,Alfa,TERR_b31415d90eb9,Alfa / Germany,2017-01-01,2017-02-15,train,0.9042553191489362,90.42553191489363,32.65782982628333,False,False,Context only,low,Rep historical mean was the largest PCA reconstruction deviation (observed 0).,12885374.0,11420434.470834551,0.0,0.0,17210835.35,65.30855472648737,25000.0,25000.0,0.0,0.09841282960489534,0.0028447324791512985,0.0017803711697782973,0.08818192852357336,80,45.74698795180723,163,1175.2292633854897,1.019752304638955,126.65220580420711,78.79284747355257,62.2119819968704,0.46900504448543195,0.7538821774059947,-0.28487713292056277,0.0,low,UNK,synthetic_derived
RPER_6a8975b1e4d0c907,REP_e7e9152643c7,Jessica Smith,MGR_31981a685b7e,Britanny Bold,TEAM_4f4a9410ffcd,Delta,TERR_49c0203db75f,Delta / Germany,2017-01-01,2017-02-15,train,0.9,90.0,32.558697209845135,False,False,Context only,low,Rep historical mean was the largest PCA reconstruction deviation (observed 0).,12471231.0,11172727.632778175,0.0,0.0,16301393.23,59.56248080913377,25000.0,25000.0,0.0,0.09826858576000905,0.0001427519695324587,0.0060568681090929,0.10120703527207967,77,48.0,168,886.6855640366773,1.0070917284528063,106.6765599140687,82.53849236719313,77.37266034232867,0.491300549804721,0.634979523298028,-0.143678973493307,1.75,low,UNK,synthetic_derived
RPER_ba4c149e74994fd0,REP_6003efb01f5e,Sheila Stones,MGR_31981a685b7e,Britanny Bold,TEAM_4f4a9410ffcd,Delta,TERR_49c0203db75f,Delta / Germany,2017-01-01,2017-02-15,train,0.8957446808510638,89.57446808510639,32.54448279265288,False,False,Context only,low,Rep historical mean was the largest PCA reconstruction deviation (observed 0).,9917714.0,8907106.017732047,0.0,0.0,15881140.93,54.27338283776152,23461.0,23461.0,0.0,0.09673303613981943,0.004109588625622173,0.004819046773889612,0.18076762514062836,77,47.57142857142857,171,974.8139229970137,1.0263553660703018,97.92965761102258,87.5375580883588,89.38819988124406,0.521056893383088,0.5829146286370391,-0.06185773525395111,1.875,medium,UNK,synthetic_derived
RPER_37f9ae5e926e88b3,REP_6daf09991b71,Jimmy Grey,MGR_4b97498897f6,Alisha Cordwell,TEAM_b9dd960c1753,Charlie,TERR_938541fb7311,Charlie / Germany,2017-01-01,2017-02-15,train,0.8914893617021277,89.14893617021276,32.50686333761602,False,False,Context only,low,Rep historical mean was the largest PCA reconstruction deviation (observed 0).,14533724.0,12862616.97875245,0.0,0.0,16832256.24,50.796555307174366,23309.88,23309.88,0.0,0.098175808896982,0.0001998912038648105,0.008389620644670928,0.04682791979201343,76,45.626506024096386,169,895.9457906685401,1.0311019500878664,113.2225734171611,88.08468282999888,77.79781025242792,0.5243135882738029,0.6739438893878636,-0.14963030111406073,0.0,low,UNK,synthetic_derived
RPER_8109e415d61c2f6f,REP_2234ec3bee93,Daniel Gates,MGR_4b97498897f6,Alisha Cordwell,TEAM_b9dd960c1753,Charlie,TERR_938541fb7311,Charlie / Germany,2017-01-01,2017-02-15,train,0.8872340425531915,88.72340425531915,32.50284139498059,False,False,Context only,low,Rep historical mean was the largest PCA reconstruction deviation (observed 0).,14401576.0,12710498.446613837,0.0,0.0,21105899.84,63.55608933550112,25000.0,25000.0,0.0,0.09894829252109122,0.0005045000448876115,0.007758402304151906,0.09525203414823162,76,46.61904761904762,166,884.6564711166815,1.0169483138710904,109.94762191348464,99.9642232004936,90.91985934825698,0.5950251380981763,0.6544501304374085,-0.05942499233923226,3.75,medium,UNK,synthetic_derived
RPER_f91330edda38d500,REP_82f7cb811b80,Stella Given,MGR_4b97498897f6,Alisha Cordwell,TEAM_b9dd960c1753,Charlie,TERR_938541fb7311,Charlie / Germany,2019-03-01,2019-04-18,test,0.884271188982744,88.4271188982744,13.179598712543179,False,False,Context only,low,Average interest score was the largest PCA reconstruction deviation (observed 0.05).,23673616.0,21104668.138152573,0.6970645268597669,12023762.514092451,14319207.37,166.40432145690548,30000.0,30000.0,0.0,0.09717705055669493,0.001889800545267471,0.0017923047934757814,0.03356661179493232,114,47.02459016393443,185,961.7903056237739,1.0352238460729941,120.61984631557763,97.88476230543347,81.15145665941044,0.5826473946751992,0.717975275687962,-0.13532788101276283,0.875,low,UNK,synthetic_derived
RPER_60f84efc12907586,REP_6daf09991b71,Jimmy Grey,MGR_4b97498897f6,Alisha Cordwell,TEAM_b9dd960c1753,Charlie,TERR_938541fb7311,Charlie / Germany,2019-02-01,2019-03-18,test,0.8836722548325393,88.36722548325393,9.273448894461595,False,False,Context only,low,Unusual order timing score was the largest PCA reconstruction deviation (observed 0.7439).,46125422.129999995,40322572.19642893,7.378735661674372,11222313.31307731,15912522.35,285.7207665646566,30000.0,30000.0,0.0,0.09511267255382813,0.029560750383284075,0.21113247187199677,0.451425706193388,79,47.916666666666664,168,966.8488429368759,1.024679566496131,107.59569525754316,104.99434368630605,97.58229029050794,0.6249663314661075,0.6404505670091855,-0.015484235543077984,1.75,medium,UNK,synthetic_derived
RPER_837f3a60d7712557,REP_200ef690040c,Mary Gerrard,MGR_31981a685b7e,Britanny Bold,TEAM_4f4a9410ffcd,Delta,TERR_49c0203db75f,Delta / Germany,2019-04-01,2019-05-18,test,0.8832767733851496,88.32767733851496,6.694184073366355,False,False,Context only,low,Unusual order timing score was the largest PCA reconstruction deviation (observed 0.6857).,10369467.64,9263529.048893599,-0.2681098461775338,16333519.027588606,14956944.12,63.67886470925115,11231.67,11231.67,0.0,0.0932696850408529,0.07792086619734528,0.02708481585794552,0.7170767963018652,60,49.121212121212125,142,837.7614324763342,1.0083132954266434,116.69692975731778,112.6752616607554,96.553749867348,0.6706860813140202,0.6946245818887963,-0.02393850057477609,7.375,medium,UNK,synthetic_derived
RPER_d7046171dcc33bcf,REP_56269a9759c4,Anne Wu,MGR_31981a685b7e,Britanny Bold,TEAM_4f4a9410ffcd,Delta,TERR_49c0203db75f,Delta / Germany,2019-03-01,2019-04-18,test,0.8832703227683569,88.3270322768357,6.6521142137617195,False,False,Context only,low,"Estimated visit travel km was the largest PCA reconstruction deviation (observed 7,219).",15660989.0,14016041.928500308,-0.2187448757727824,10933181.889335683,9677966.5,138.1156184277238,30000.0,30000.0,0.0,0.0992347738314659,0.058987550406825136,0.006111593428870948,0.06611637301827715,79,42.166666666666664,189,1080.0742216337114,1.016962807714953,118.30651691769513,114.55979872136359,96.83304158219947,0.6819035638176404,0.7042054578434234,-0.022301894025782976,7.25,medium,UNK,synthetic_derived
RPER_95fef512da106b11,REP_6daf09991b71,Jimmy Grey,MGR_4b97498897f6,Alisha Cordwell,TEAM_b9dd960c1753,Charlie,TERR_938541fb7311,Charlie / Germany,2019-03-01,2019-04-18,test,0.8831570052674185,88.31570052674185,5.91307614835035,False,False,Context only,low,Visit converted customer count was the largest PCA reconstruction deviation (observed 42).,31459877.0,27840021.53009753,-0.30956732138821463,19717481.91444611,16410569.42,151.31450434729658,30000.0,30000.0,0.0,0.09793522485052829,0.3159954256964068,0.003874344165954352,0.02101855506210009,42,46.75,175,1022.3342707945852,1.0297626645168154,117.54124565363182,94.73461151446476,80.59690961045862,0.5638964971099093,0.6996502717478085,-0.13575377463789917,0.0,low,UNK,synthetic_derived
RPER_8d8a24c00837b03e,REP_db1cc40d477a,Erica Jones,MGR_5e1c70ff0ce6,James Goodwill,TEAM_a405eba78bf2,Alfa,TERR_b31415d90eb9,Alfa / Germany,2019-02-01,2019-03-18,test,0.8831099649226706,88.31099649226705,5.606286772561936,False,False,Context only,low,Unusual order timing score was the largest PCA reconstruction deviation (observed 0.6792).,27931505.78,24534261.081293605,5.388351164512525,13809778.393979445,19552394.84,128.42795613171413,30000.0,30000.0,0.0,0.09871859763115926,0.006703227646191883,0.0022396002775919147,0.6819734087765312,77,47.916666666666664,174,1026.695581517268,1.0091244896921203,112.7345369449857,96.26619845359579,85.39193140126487,0.5730130860333082,0.6710389103868197,-0.09802582435351148,2.625,medium,UNK,synthetic_derived
RPER_36e046fde32c9a43,REP_d21d2dd167c5,Morris Garcia,MGR_eb86f856200b,Tracy Banks,TEAM_f144a6907dc4,Bravo,TERR_07a5ea4d7ed4,Bravo / Germany,2019-02-01,2019-03-18,test,0.8831093103167397,88.31093103167397,5.602017540565758,False,False,Context only,low,Unusual order timing score was the largest PCA reconstruction deviation (observed 0.7075).,27836820.380000003,25252267.82220627,1.6853478483941526,16286270.651185662,19754734.8,129.20029224583425,30000.0,30000.0,0.0,0.09395425938453385,0.002924345872602038,0.02927268187428104,0.5120679200753775,78,48.03658536585366,173,998.7611568641337,1.0265567613809823,117.64209780429746,98.06009555774982,83.35459617600229,0.5836910449866061,0.7002505821684373,-0.11655953718183121,2.75,low,UNK,synthetic_derived
RPER_a10cfd06ab502acc,REP_200ef690040c,Mary Gerrard,MGR_31981a685b7e,Britanny Bold,TEAM_4f4a9410ffcd,Delta,TERR_49c0203db75f,Delta / Germany,2019-02-01,2019-03-18,test,0.8831033291909768,88.31033291909768,5.563009624081649,False,False,Context only,low,Unusual order timing score was the largest PCA reconstruction deviation (observed 0.7018).,31665042.98,27392268.339437228,2.0601458375826964,18041588.822092388,20288818.2,141.7764426204066,30000.0,30000.0,0.0,0.0978954415297384,0.005003941900902753,0.0035103002690443064,0.5765011213124803,80,46.083333333333336,162,1040.6700012967667,1.0026889716086953,113.08426323863512,113.99629829744251,100.80650926370079,0.678549394627634,0.6731206145156852,0.0054287801119488055,4.625,high,UNK,synthetic_derived
RPER_12e81c8fcab5c4a9,REP_d21d2dd167c5,Morris Garcia,MGR_eb86f856200b,Tracy Banks,TEAM_f144a6907dc4,Bravo,TERR_07a5ea4d7ed4,Bravo / Germany,2018-09-01,2018-10-15,validation,0.8830039711082059,88.3003971108206,4.915012583325849,False,False,Context only,low,Unusual order timing score was the largest PCA reconstruction deviation (observed 0.6911).,25060186.400000002,22714889.235936835,-0.35230084229329994,23673621.039455373,19541690.9,125.48159260484101,27500.0,27500.0,0.0,0.08960545312668887,0.016963251198077494,0.002444857912897455,0.6891786419804505,80,47.142857142857146,225,908.2508461806982,1.0057711875159077,98.75800282606565,101.59123144647445,102.86885977777288,0.6047097109909194,0.5878452549170574,0.016864456073862,3.5,high,UNK,synthetic_derived
RPER_b673bb243b7019d0,REP_bba68d031906,Steve Pepple,MGR_eb86f856200b,Tracy Banks,TEAM_f144a6907dc4,Bravo,TERR_07a5ea4d7ed4,Bravo / Germany,2019-02-01,2019-03-18,test,0.8829911794662452,88.29911794662452,4.831587602631342,False,False,Context only,low,Unusual order timing score was the largest PCA reconstruction deviation (observed 0.6635).,16828939.64,14934566.080748769,1.3487992899317987,11883180.39569925,14396845.83,112.1291255247757,30000.0,30000.0,0.0,0.09949516407770594,0.007895026681652133,0.0011119867638931214,0.7319898520704764,74,46.51190476190476,186,1018.4001558832592,1.0293821279799953,119.71158690399831,93.85092340744004,78.39752678469043,0.5586364488538097,0.7125689696666566,-0.15393252081284692,3.625,low,UNK,synthetic_derived
RPER_8f537cbe419feb87,REP_bba68d031906,Steve Pepple,MGR_eb86f856200b,Tracy Banks,TEAM_f144a6907dc4,Bravo,TERR_07a5ea4d7ed4,Bravo / Germany,2017-02-01,2017-03-15,train,0.8829787234042553,88.29787234042553,4.750351219200648,False,False,Context only,low,Rolling sales std was the largest PCA reconstruction deviation (observed 0).,15708287.0,14123129.815838842,1.9496273670819193,4788106.44810735,5056734.06,306.2501708669097,25000.0,25000.0,0.0,0.09548442899209171,0.006014464077638651,0.07036193399143194,0.08989156775340965,80,48.142857142857146,172,901.6855434496313,1.0370861219817036,131.61035084132158,89.14997690023824,67.73781570396659,0.53065462440618,0.783394945484057,-0.2527403210778769,4.5,low,UNK,synthetic_derived
RPER_f082b52ea632f338,REP_e7e9152643c7,Jessica Smith,MGR_31981a685b7e,Britanny Bold,TEAM_4f4a9410ffcd,Delta,TERR_49c0203db75f,Delta / Germany,2017-02-01,2017-03-15,train,0.8787234042553191,87.87234042553192,4.192202055171451,False,False,Context only,low,Rolling sales std was the largest PCA reconstruction deviation (observed 0).,17554306.0,15496137.185038894,0.3869609726792985,11172727.632778175,11966766.31,121.89073744383975,25000.0,25000.0,0.0,0.09869936875001124,0.022944936522290744,0.01081361758737376,0.04596903464436653,76,47.48809523809524,170,891.3682148337517,1.028457156787708,96.56492479689898,72.46480731206944,75.04257624026704,0.4313381387623181,0.5747912190291606,-0.14345308026684256,0.875,low,UNK,synthetic_derived
RPER_59ac72916515a02c,REP_0dfc420450a6,Abigail Thompson,MGR_eb86f856200b,Tracy Banks,TEAM_f144a6907dc4,Bravo,TERR_07a5ea4d7ed4,Bravo / Germany,2017-02-01,2017-03-15,train,0.874468085106383,87.44680851063829,4.1801845226392995,False,False,Context only,low,Rolling sales std was the largest PCA reconstruction deviation (observed 0).,11395787.0,10118544.233712303,-0.0822137066624939,11024945.902075393,11960580.21,80.35065878240115,25000.0,25000.0,0.0,0.09933773664706572,0.02529863478415141,0.006047073259189476,0.1448848408067265,78,49.19047619047619,172,1143.6653400898065,1.0210666823784758,104.06462134946787,103.67138319989914,99.62212119309197,0.6170915666660663,0.6194322699373087,-0.0023407032712423614,4.375,medium,UNK,synthetic_derived
RPER_89eb918b3eecc2a7,REP_2234ec3bee93,Daniel Gates,MGR_4b97498897f6,Alisha Cordwell,TEAM_b9dd960c1753,Charlie,TERR_938541fb7311,Charlie / Germany,2019-04-01,2019-05-18,test,0.8712138539450338,87.12138539450338,4.096438166158287,False,False,Context only,low,Calculated incentive was the largest PCA reconstruction deviation (observed 3e+04).,32989010.0,29041082.538517106,0.4133381736573146,16837523.91239911,23105957.0,140.23653666947376,30000.0,30000.0,0.0,0.09834749881737892,0.002744656198896093,0.000243087483192981,0.05639980195198705,74,47.24050632911393,159,915.2296803627255,1.0171342596411117,119.73314160326596,115.80349943551039,96.71799961553135,0.6893065442589904,0.7126972714480116,-0.023390727189021243,6.5,medium,UNK,synthetic_derived
RPER_105b0dc88cc902e5,REP_200ef690040c,Mary Gerrard,MGR_31981a685b7e,Britanny Bold,TEAM_4f4a9410ffcd,Delta,TERR_49c0203db75f,Delta / Germany,2017-02-01,2017-03-15,train,0.8702127659574468,87.02127659574468,4.070675561315378,False,False,Context only,low,Rolling sales std was the largest PCA reconstruction deviation (observed 0).,21357956.0,18932964.02918258,0.8995920645629737,9966857.82299178,10816382.28,170.26493228341707,25000.0,25000.0,0.0,0.09759412547789349,0.011909668237861559,0.007528805409064739,0.2962278469942381,76,49.773809523809526,183,1042.1554717507377,1.0280186863670986,124.52423675755549,111.93948536683044,89.89373336595739,0.6663064605168478,0.7412156949854494,-0.07490923446860154,1.75,medium,UNK,synthetic_derived
RPER_6354996ed3833d56,REP_a132178ac1b8,Alan Ray,MGR_5e1c70ff0ce6,James Goodwill,TEAM_a405eba78bf2,Alfa,TERR_b31415d90eb9,Alfa / Germany,2017-02-01,2017-03-15,train,0.8659574468085106,86.59574468085106,4.06952421891007,False,False,Context only,low,Rolling sales std was the largest PCA reconstruction deviation (observed 0).,22630217.0,20103998.93818216,0.3309152154642376,15105394.171310656,17866271.5,117.37603105529402,25000.0,25000.0,0.0,0.0964330197176354,0.004116474561575851,0.006405859934286742,0.07148352103965556,81,48.44047619047619,189,892.4439914394248,1.0172567262561147,104.70139717785884,88.62149865242935,84.64213567454675,0.5275089205501747,0.6232226022491597,-0.09571368169898498,5.5,low,UNK,synthetic_derived
RPER_4bc74fee8db21b05,REP_d21d2dd167c5,Morris Garcia,MGR_eb86f856200b,Tracy Banks,TEAM_f144a6907dc4,Bravo,TERR_07a5ea4d7ed4,Bravo / Germany,2017-02-01,2017-03-15,train,0.8617021276595744,86.17021276595744,4.066517942704684,False,False,Context only,low,Rolling sales std was the largest PCA reconstruction deviation (observed 0).,16035688.0,14242254.716633433,0.8696274817398243,7617696.496084867,8647389.71,157.99130592555392,25000.0,25000.0,0.0,0.09940028852597418,0.013850843304133368,0.001779229711356731,0.05044154631679099,76,47.04938271604938,163,1097.3673522910858,1.0308303735788447,97.83995438354191,74.62862436849262,76.27622563675912,0.44421800219340846,0.5823806808544161,-0.13816267866100762,0.0,low,UNK,synthetic_derived
RPER_896cb17281bd003c,REP_6daf09991b71,Jimmy Grey,MGR_4b97498897f6,Alisha Cordwell,TEAM_b9dd960c1753,Charlie,TERR_938541fb7311,Charlie / Germany,2017-02-01,2017-03-15,train,0.8574468085106383,85.74468085106382,4.059718547225469,False,False,Context only,low,Rolling sales std was the largest PCA reconstruction deviation (observed 0).,18179778.0,16300105.917463142,0.26724646659299783,12862616.97875245,14199109.9,117.05847102957986,25000.0,25000.0,0.0,0.09537696547574613,0.03461400228268643,0.00662466055951616,0.13578073465583038,79,45.845238095238095,177,1030.4140639815712,1.0413389287517107,124.03158351539946,96.54101877950282,77.83583506979618,0.5746489213065644,0.738283235210711,-0.16363431390414662,2.625,low,UNK,synthetic_derived
RPER_17c9bd16d026b93f,REP_db1cc40d477a,Erica Jones,MGR_5e1c70ff0ce6,James Goodwill,TEAM_a405eba78bf2,Alfa,TERR_b31415d90eb9,Alfa / Germany,2017-02-01,2017-03-15,train,0.8531914893617021,85.31914893617021,4.055094916381731,False,False,Context only,low,Rolling sales std was the largest PCA reconstruction deviation (observed 0).,16364825.0,14524846.234759076,0.4961814746967131,9707944.176827459,11102685.53,138.01293571430315,25000.0,25000.0,0.0,0.09726852531389375,0.027024549212126596,0.010911261818866059,0.032588820692814206,74,46.2375,176,907.0539128931732,1.009703954315402,109.50054345853644,77.43153671458751,70.71338120244836,0.4609020042534971,0.651788949157955,-0.19088694490445796,1.875,low,UNK,synthetic_derived
RPER_b7d35006950dbfb2,REP_6003efb01f5e,Sheila Stones,MGR_31981a685b7e,Britanny Bold,TEAM_4f4a9410ffcd,Delta,TERR_49c0203db75f,Delta / Germany,2017-02-01,2017-03-15,train,0.8489361702127659,84.8936170212766,4.039522882725304,False,False,Context only,low,Rolling sales std was the largest PCA reconstruction deviation (observed 0).,12058225.0,10787356.218293553,0.21109552270045412,8907106.017732047,10674813.59,86.35419869497358,25000.0,25000.0,0.0,0.09751264416239783,0.01054059115905382,0.0035866081839352466,0.0346891326761426,82,47.964285714285715,165,1016.8198968150385,1.032467037334711,99.6818499827834,97.91124149941443,98.22374034623677,0.5828050089250859,0.5933443451356155,-0.010539336210529604,5.375,medium,UNK,synthetic_derived
RPER_0d585541132e9d44,REP_56269a9759c4,Anne Wu,MGR_31981a685b7e,Britanny Bold,TEAM_4f4a9410ffcd,Delta,TERR_49c0203db75f,Delta / Germany,2017-02-01,2017-03-15,train,0.8446808510638298,84.46808510638299,4.010194562059303,False,False,Context only,low,Rolling sales std was the largest PCA reconstruction deviation (observed 0).,13810023.0,12369879.906933082,-0.06433188564706793,13220371.323102701,14164694.4,86.93445374426247,25000.0,25000.0,0.0,0.09479501418076397,0.004908602055460311,0.01422049863291713,0.13977711704257,77,47.404761904761905,176,933.1137425346891,1.0257762078886186,130.46888027632053,100.4841382512276,77.01770570760773,0.5981198705430215,0.7766004778352412,-0.1784806072922197,1.875,low,UNK,synthetic_derived
RPER_4f6666113eec0939,REP_2234ec3bee93,Daniel Gates,MGR_4b97498897f6,Alisha Cordwell,TEAM_b9dd960c1753,Charlie,TERR_938541fb7311,Charlie / Germany,2017-02-01,2017-03-15,train,0.8404255319148937,84.04255319148936,3.9794993238654244,False,False,Context only,low,Rolling sales std was the largest PCA reconstruction deviation (observed 0).,13500698.0,12046096.844481543,-0.05227187627006834,12710498.446613837,14359949.62,85.6078779866883,25000.0,25000.0,0.0,0.09903982020924605,0.02489002977255007,0.01974508827009314,0.040787199208982265,80,46.54761904761905,173,949.5872694212895,1.024217575693527,109.93164891794619,103.02462473897371,93.71698300993562,0.6132418139224626,0.654355053083013,-0.04111323916055043,1.75,medium,UNK,synthetic_derived
RPER_e5dbb7f88791eebc,REP_c56e2fba156a,Thompson Crawford,MGR_5e1c70ff0ce6,James Goodwill,TEAM_a405eba78bf2,Alfa,TERR_b31415d90eb9,Alfa / Germany,2017-02-01,2017-03-15,train,0.8361702127659575,83.61702127659575,3.941685304536745,False,False,Context only,low,Rolling sales std was the largest PCA reconstruction deviation (observed 0).,17479000.0,15574691.131986937,0.363756446548641,11420434.470834551,13728847.44,120.82094428529251,25000.0,25000.0,0.0,0.09726347363997688,0.048403138163445124,0.01594052281589919,0.11207016231629684,77,49.01190476190476,179,912.3746085691768,1.0263227381138669,117.44840958454199,83.47114443366013,71.07047658536042,0.4968520502003579,0.6990976760984642,-0.2022456258981063,2.75,low,UNK,synthetic_derived
RPER_529455324f4af9c9,REP_82f7cb811b80,Stella Given,MGR_4b97498897f6,Alisha Cordwell,TEAM_b9dd960c1753,Charlie,TERR_938541fb7311,Charlie / Germany,2017-02-01,2017-03-15,train,0.8319148936170213,83.19148936170212,3.8931440394738046,False,False,Context only,low,Rolling sales std was the largest PCA reconstruction deviation (observed 0).,12921099.0,11532175.504426152,0.6830682462697998,6851876.34546907,7634043.44,160.31347455426808,25000.0,25000.0,0.0,0.09823102071355823,0.011563171942512942,0.020751787823404397,0.09432867264806999,78,47.98809523809524,163,1041.8527305024274,1.0333090387909616,121.78203923085893,91.95240359070814,75.50571838955369,0.5473357356589771,0.7248930906598746,-0.17755735500089753,2.625,low,UNK,synthetic_derived
RPER_82c70827f116e513,REP_c56e2fba156a,Thompson Crawford,MGR_5e1c70ff0ce6,James Goodwill,TEAM_a405eba78bf2,Alfa,TERR_b31415d90eb9,Alfa / Germany,2019-03-01,2019-04-18,test,0.8305377094927634,83.05377094927634,3.694270338500271,False,False,Context only,low,Distance claim ratio was the largest PCA reconstruction deviation (observed 1.31).,16475503.0,14709075.767246123,0.0107282322267909,11041615.915967992,13608466.88,117.34337753320202,30000.0,30000.0,0.0,0.09732890348968626,0.01029258592283133,0.027277870101803495,0.016790266595148734,80,50.273809523809526,169,1354.7432336841725,1.3100365988177387,118.84586743768132,102.91884491214742,86.59858952698924,0.6126121720961156,0.7074158776052459,-0.09480370550913031,0.875,medium,UNK,synthetic_derived
RPER_80ccab8fe7db15a6,REP_6003efb01f5e,Sheila Stones,MGR_31981a685b7e,Britanny Bold,TEAM_4f4a9410ffcd,Delta,TERR_49c0203db75f,Delta / Germany,2017-12-01,2018-01-15,train,0.8276595744680851,82.76595744680851,3.2786502669519146,False,False,Context only,low,Post incentive return rate was the largest PCA reconstruction deviation (observed 0.2257).,16507693.0,14632965.302227814,0.152963833248498,15903689.141000226,14398485.14,76.94510973156622,21628.61,21628.61,0.0,0.09846990987040247,0.004744267296028504,0.22570311690067732,0.08610317754884338,76,46.876543209876544,168,948.4506162227456,1.0156286721204733,117.36198951933861,84.88552355264987,72.32795209104958,0.5052709735276778,0.6985832709484441,-0.19331229742076628,3.625,low,UNK,synthetic_derived
RPER_c8632d5c5281bc04,REP_0dfc420450a6,Abigail Thompson,MGR_eb86f856200b,Tracy Banks,TEAM_f144a6907dc4,Bravo,TERR_07a5ea4d7ed4,Bravo / Germany,2019-04-01,2019-05-18,test,0.8256802341535976,82.56802341535976,3.0890906407477083,False,False,Context only,low,Calculated incentive was the largest PCA reconstruction deviation (observed 3e+04).,29789793.0,26639474.037599057,0.20571658994172154,14589569.8877311,13351517.91,195.06006241983414,30000.0,30000.0,0.0,0.09735292958956912,0.00880057143881311,9.494509235921699e-05,0.039000521453465116,77,50.16867469879518,171,901.8476383374823,1.0265068257084875,112.44561559750503,129.78094484446478,115.41663421454416,0.7725056240741951,0.6693191404613394,0.10318648361285565,3.5,high,UNK,synthetic_derived
RPER_23f31700076ca69a,REP_2234ec3bee93,Daniel Gates,MGR_4b97498897f6,Alisha Cordwell,TEAM_b9dd960c1753,Charlie,TERR_938541fb7311,Charlie / Germany,2019-02-01,2019-03-18,test,0.8249982594124614,82.49982594124614,3.0237785384961287,False,False,Context only,low,Return clawback ratio was the largest PCA reconstruction deviation (observed 0.4576).,27993912.0,24479510.079412684,3.4628321158669118,14071288.097654028,15467115.39,171.33788695044515,30000.0,30000.0,0.0,0.09507167939874506,0.004525776689788337,0.0023074315302610802,0.049147152234195565,79,46.05952380952381,160,919.2571820769963,1.0075909571592698,118.81245635298002,105.55894039060632,88.84501139931085,0.6283270261345615,0.7072170021010715,-0.07888997596651004,0.0,medium,UNK,synthetic_derived
RPER_569377d35a2daf74,REP_200ef690040c,Mary Gerrard,MGR_31981a685b7e,Britanny Bold,TEAM_4f4a9410ffcd,Delta,TERR_49c0203db75f,Delta / Germany,2019-03-01,2019-04-18,test,0.823732669965329,82.3732669965329,2.9025741853232807,False,False,Context only,low,Average visit duration was the largest PCA reconstruction deviation (observed 29.43).,14006585.0,12656993.676595686,-0.537935540067226,17994329.646326836,20483767.83,68.32366961712152,28787.64,28787.64,0.0,0.09573586985161112,0.010642232964695903,0.013685359645642211,0.07112606761515318,81,29.428571428571427,189,1043.0190019484915,1.0168671438949723,121.15737191908892,121.44198895299681,100.23491515984514,0.7228689818630762,0.7211748328517198,0.0016941490113564495,4.5,high,UNK,synthetic_derived
RPER_beaa0f09c6dd78f7,REP_200ef690040c,Mary Gerrard,MGR_31981a685b7e,Britanny Bold,TEAM_4f4a9410ffcd,Delta,TERR_49c0203db75f,Delta / Germany,2018-01-01,2018-02-15,train,0.823404255319149,82.34042553191489,2.871122212605794,False,False,Context only,low,Calculated incentive was the largest PCA reconstruction deviation (observed 2.75e+04).,28245022.0,25878361.098252833,1.7617937285683822,18178077.87559585,18186575.09,147.52265302285286,27500.0,27500.0,0.0,0.0877749288291604,0.027648513643488894,0.0003770580440863264,0.018624100045314857,80,47.476190476190474,228,1034.8827526606478,1.0263268653998836,115.76397417813837,136.90581903930763,118.26288792455937,0.8149155895196882,0.6890712748698713,0.12584431464981694,7.125,high,UNK,synthetic_derived
RPER_a2290b0ab891618d,REP_e7e9152643c7,Jessica Smith,MGR_31981a685b7e,Britanny Bold,TEAM_4f4a9410ffcd,Delta,TERR_49c0203db75f,Delta / Germany,2018-01-01,2018-02-15,train,0.8191489361702128,81.91489361702128,2.868774324518279,False,False,Context only,low,Return clawback ratio was the largest PCA reconstruction deviation (observed 0.5512).,30751285.0,27173108.721311744,0.49162071307353816,20658118.764145896,19099350.11,156.65551837130488,27500.0,27500.0,0.0,0.08922489417439722,0.0016542326667495944,0.003942569105112192,0.0725215875625152,80,42.74074074074074,213,1019.7711702704995,1.0230238744374696,106.1201955183908,77.2271892380709,72.77331978217785,0.45968565022661256,0.6316678304666119,-0.17198218023999934,0.875,low,UNK,synthetic_derived
RPER_e61044f932f88799,REP_db1cc40d477a,Erica Jones,MGR_5e1c70ff0ce6,James Goodwill,TEAM_a405eba78bf2,Alfa,TERR_b31415d90eb9,Alfa / Germany,2019-03-01,2019-04-18,test,0.818054116181686,81.8054116181686,2.7669217124569925,False,False,Context only,low,Calculated incentive was the largest PCA reconstruction deviation (observed 3e+04).,27677617.0,24582199.4221376,0.0019539345686895473,14824165.767963678,19127138.02,139.97458233063756,30000.0,30000.0,0.0,0.09552252837372024,0.00824628689138595,0.012507680507660877,0.03706338565550418,77,49.226190476190474,189,1547.7307557939516,1.0195710062235974,111.69463706793458,85.0774934522558,76.16972102296212,0.5064136515015226,0.6648490301662773,-0.15843537866475466,0.875,low,UNK,synthetic_derived
RPER_3d67ead7107e2861,REP_6003efb01f5e,Sheila Stones,MGR_31981a685b7e,Britanny Bold,TEAM_4f4a9410ffcd,Delta,TERR_49c0203db75f,Delta / Germany,2019-04-01,2019-05-18,test,0.8153262950935156,81.53262950935157,2.5131487580191627,False,False,Context only,low,Calculated incentive was the largest PCA reconstruction deviation (observed 3e+04).,19396993.0,17086397.97467676,-0.08884288269914899,16327743.549153432,19836980.72,98.88680916386578,30000.0,30000.0,0.0,0.09469707432000206,0.021181007545041566,0.0022468707827168564,0.0775563198604217,73,47.921052631578945,158,884.9353427097028,1.0054091412207424,100.53550854708843,104.12643079729345,103.57179498278772,0.619800183317223,0.5984256461136216,0.021374537203601385,2.625,high,UNK,synthetic_derived
RPER_ea74cbebc4be3252,REP_e7e9152643c7,Jessica Smith,MGR_31981a685b7e,Britanny Bold,TEAM_4f4a9410ffcd,Delta,TERR_49c0203db75f,Delta / Germany,2019-04-01,2019-05-18,test,0.8149863543362226,81.49863543362225,2.481523600971224,False,False,Context only,low,Observed visit hours was the largest PCA reconstruction deviation (observed 50.6).,13538551.0,12120865.379239308,-0.4958623703109145,15568800.755940706,17998910.88,65.6971074732258,18881.57,18881.57,0.0,0.095773070048687,0.009346234094775654,0.0003922288932319033,0.09631750583351402,60,47.4375,136,812.3570613404665,1.0212964890241505,112.40864473524296,76.13699733652521,67.73233278975236,0.45319641271741196,0.6690990758050176,-0.21590266308760564,3.75,low,UNK,synthetic_derived
RPER_f8de8a85248958e5,REP_0dfc420450a6,Abigail Thompson,MGR_eb86f856200b,Tracy Banks,TEAM_f144a6907dc4,Bravo,TERR_07a5ea4d7ed4,Bravo / Germany,2018-03-01,2018-04-15,train,0.8148936170212766,81.48936170212767,2.472896120781067,False,False,Context only,low,Calculated incentive was the largest PCA reconstruction deviation (observed 2.75e+04).,39779125.0,34931928.57694224,0.21640300474721108,21412937.598788705,28656196.52,133.5277656739744,27500.0,27500.0,0.0,0.08905837915755686,0.010196294285570336,0.006845588624430007,0.4886476690503196,79,49.01190476190476,242,1040.7380784760876,1.0239643008226944,100.86546645900864,151.44572444271537,150.1462589322009,0.9014626454923534,0.6003896813036229,0.30107296418873053,3.5,critical,UNK,synthetic_derived
RPER_29fc6f9d42016384,REP_6daf09991b71,Jimmy Grey,MGR_4b97498897f6,Alisha Cordwell,TEAM_b9dd960c1753,Charlie,TERR_938541fb7311,Charlie / Germany,2019-04-01,2019-05-18,test,0.8132847608812795,81.32847608812796,2.421385759580096,False,False,Context only,low,Rolling anomaly score was the largest PCA reconstruction deviation (observed 1.171).,14190198.0,12547001.712548727,-0.5493178157572792,24325027.53535612,25588523.33,50.5928893892756,19164.79,19164.79,0.0,0.09713865515784241,0.013365870773517205,0.0005105168513084849,0.11797362997155708,68,46.708333333333336,155,871.2315726401167,1.0100240758453618,108.57578955435082,103.60847870915174,95.42502903677936,0.6167171351735222,0.6462844616330405,-0.029567326459518317,6.25,medium,UNK,synthetic_derived
RPER_7119f0f168bcb0bb,REP_0dfc420450a6,Abigail Thompson,MGR_eb86f856200b,Tracy Banks,TEAM_f144a6907dc4,Bravo,TERR_07a5ea4d7ed4,Bravo / Germany,2019-03-01,2019-04-18,test,0.8114196713680404,81.14196713680404,2.3616716359175127,False,False,Context only,low,Calculated incentive was the largest PCA reconstruction deviation (observed 3e+04).,24927753.0,22094308.28092585,0.7097076558796742,11083542.92234292,13629959.91,177.91159134690577,30000.0,30000.0,0.0,0.10001001421934033,0.03791515631765896,0.043916188490422045,0.12424294502749536,79,48.226190476190474,173,1093.3148373154568,1.0179733007575724,99.48358626810912,141.74856279606104,142.48437165709672,0.843741445214649,0.59216420397684,0.251577241237809,0.875,critical,UNK,synthetic_derived
RPER_017bd59b6981088c,REP_6daf09991b71,Jimmy Grey,MGR_4b97498897f6,Alisha Cordwell,TEAM_b9dd960c1753,Charlie,TERR_938541fb7311,Charlie / Germany,2018-06-01,2018-07-15,train,0.8106382978723404,81.06382978723404,2.3366545880934355,False,False,Context only,low,Calculated incentive was the largest PCA reconstruction deviation (observed 2.75e+04).,49287965.0,43883239.10736629,2.283516827136541,21068769.250075154,29685074.32,159.26336699666462,27500.0,27500.0,0.0,0.091726416899758,0.007344861758168697,0.00479329744614041,0.2158088470483731,79,47.32142857142857,235,973.4813913187143,1.0117490728081575,116.15155287321582,117.17755646640504,100.883331791792,0.6974854551571729,0.691378290911999,0.0061071642451738795,8.875,high,UNK,synthetic_derived
RPER_8375f8a8bc57399c,REP_200ef690040c,Mary Gerrard,MGR_31981a685b7e,Britanny Bold,TEAM_4f4a9410ffcd,Delta,TERR_49c0203db75f,Delta / Germany,2017-10-01,2017-11-15,train,0.8063829787234043,80.63829787234043,2.3318588342536115,False,False,Context only,low,Post incentive return rate was the largest PCA reconstruction deviation (observed 0.1508).,20029465.0,17562591.032228064,-0.27615491456239427,22973087.558078278,30733947.1,61.97292214278258,25000.0,25000.0,0.0,0.09704609616660949,0.00536469248977684,0.150778502846374,0.11489817343410343,79,46.345238095238095,167,1164.5078289294086,1.0254038031503059,112.01209537362101,107.4666413394544,95.94199713967937,0.6396823889253238,0.6667386629382203,-0.027056274012896453,2.625,medium,UNK,synthetic_derived
RPER_f4b9f8e4b80227d5,REP_0dfc420450a6,Abigail Thompson,MGR_eb86f856200b,Tracy Banks,TEAM_f144a6907dc4,Bravo,TERR_07a5ea4d7ed4,Bravo / Germany,2018-06-01,2018-07-15,train,0.8021276595744681,80.2127659574468,2.2736589639277303,False,False,Context only,low,Calculated incentive was the largest PCA reconstruction deviation (observed 2.75e+04).,42063431.0,37340128.09851143,1.6284960266862691,19929138.864565566,15463796.04,258.8256896523064,27500.0,27500.0,0.0,0.09375119341298338,0.0015798321483847012,0.004784586274936673,0.2573131403584021,77,49.29761904761905,225,948.3215993839958,1.0191344035615517,112.77834665333333,118.59392350416792,105.15664311759328,0.7059162113343328,0.6712996824603175,0.03461652887401534,1.75,high,UNK,synthetic_derived
RPER_4f3b300e349737b0,REP_56269a9759c4,Anne Wu,MGR_31981a685b7e,Britanny Bold,TEAM_4f4a9410ffcd,Delta,TERR_49c0203db75f,Delta / Germany,2019-02-01,2019-03-18,test,0.8011771803700102,80.11771803700101,2.255420582278371,False,False,Context only,low,Calculated incentive was the largest PCA reconstruction deviation (observed 3e+04).,20325738.0,17940415.99709742,1.8466705534560284,11656843.878483139,10557141.57,167.10948007034673,30000.0,30000.0,0.0,0.0978471511515775,0.00875501208382734,0.04815348772441734,0.06369092307764244,75,47.265060240963855,172,1100.9545158410838,1.0242137760149723,133.2987145950275,126.29461390059748,94.74556021360819,0.7517536541702231,0.7934447297323065,-0.0416910755620834,8.375,medium,UNK,synthetic_derived
RPER_0e5e60d5e1fb47c0,REP_db1cc40d477a,Erica Jones,MGR_5e1c70ff0ce6,James Goodwill,TEAM_a405eba78bf2,Alfa,TERR_b31415d90eb9,Alfa / Germany,2018-03-01,2018-04-15,train,0.7978723404255319,79.7872340425532,2.19200527354279,False,False,Context only,low,Calculated incentive was the largest PCA reconstruction deviation (observed 2.75e+04).,36161887.0,31985627.97103062,0.5718277279789277,21890155.424920004,25275109.81,137.5095369003035,27500.0,27500.0,0.0,0.09181153600901576,0.0036526956964504547,0.002201677753380233,0.03265214654939081,78,47.92857142857143,232,906.7271240975402,1.0240493172408496,100.61370955959467,81.28638157291485,80.79056216962957,0.48384750936258836,0.5988911283309206,-0.11504361896833226,0.0,low,UNK,synthetic_derived
RPER_e3b8ccd03b2e0461,REP_e7e9152643c7,Jessica Smith,MGR_31981a685b7e,Britanny Bold,TEAM_4f4a9410ffcd,Delta,TERR_3170779e5944,Delta / Poland,2018-12-01,2019-01-15,validation,0.7974291075999674,79.74291075999675,2.1898519118722253,False,False,Context only,low,Incentive peer median was the largest PCA reconstruction deviation (observed 1.375e+04).,25266417.0,22365153.077111814,0.7915767660118881,16381813.183885662,16887889.39,152.73765165217327,27500.0,27500.0,0.0,0.08783824283539962,0.022237303442531796,0.0005583170855250802,0.062438457664466644,82,43.88095238095238,196,1099.3263534381203,0.9938506146574854,97.8511796651546,82.40426093921909,84.21386560816676,0.4905015532096374,0.5824474980068727,-0.09194594479723528,0.875,low,UNK,synthetic_derived
RPER_5c4d221e024786a1,REP_d21d2dd167c5,Morris Garcia,MGR_eb86f856200b,Tracy Banks,TEAM_f144a6907dc4,Bravo,TERR_07a5ea4d7ed4,Bravo / Germany,2018-08-01,2018-09-15,validation,0.7947945620775058,79.47945620775057,2.1770524777594598,False,False,Context only,low,Calculated incentive was the largest PCA reconstruction deviation (observed 2.75e+04).,39547407.0,35070123.16700109,0.9742949868478206,16045945.935333297,19027760.9,109.0265070538958,27500.0,27500.0,0.0,0.08732934376591697,0.016793537188788885,0.002328265616478311,0.050617202548416604,79,47.79761904761905,219,1054.477295262966,1.0042130659298876,97.46645046959554,93.4953660360156,95.92569092806072,0.5565200359286643,0.5801574432714021,-0.023637407342737782,5.375,medium,UNK,synthetic_derived
RPER_4e75d8c53d39c001,REP_e7e9152643c7,Jessica Smith,MGR_31981a685b7e,Britanny Bold,TEAM_4f4a9410ffcd,Delta,TERR_49c0203db75f,Delta / Germany,2019-02-01,2019-03-18,test,0.7936918908345065,79.36918908345065,2.1716953610186485,False,False,Context only,low,Calculated incentive was the largest PCA reconstruction deviation (observed 3e+04).,18209497.0,16301807.921510125,1.56244255741325,13736826.449977027,12869068.37,134.85596576085078,30000.0,30000.0,0.0,0.09496756310232672,0.0006944648891409758,0.0008752684327260865,0.10193545746605381,74,48.476190476190474,173,968.6982360369212,1.0200025652563465,107.42104565609287,97.08226197965458,90.37545798098282,0.5778706070217534,0.6394109860481718,-0.0615403790264184,2.75,medium,UNK,synthetic_derived
RPER_c20ca7de64a001a6,REP_6003efb01f5e,Sheila Stones,MGR_31981a685b7e,Britanny Bold,TEAM_4f4a9410ffcd,Delta,TERR_49c0203db75f,Delta / Germany,2018-04-01,2018-05-15,train,0.7936170212765957,79.36170212765957,2.1713316216315848,False,False,Context only,low,Calculated incentive was the largest PCA reconstruction deviation (observed 2.75e+04).,28513083.0,25573668.208785836,0.09657500735765466,20227368.7098304,22989158.97,126.13595700681562,27500.0,27500.0,0.0,0.0941092507692478,0.03298673484454057,0.001715435027971763,0.03273772322384959,75,47.54761904761905,219,904.2634665391123,1.0239049664216724,97.64010503590266,101.86180556925696,104.323736165382,0.6063202712455771,0.5811911014041825,0.025129169841394572,1.875,high,UNK,synthetic_derived
RPER_eafda11e1ee17c06,REP_56269a9759c4,Anne Wu,MGR_31981a685b7e,Britanny Bold,TEAM_4f4a9410ffcd,Delta,TERR_49c0203db75f,Delta / Germany,2017-11-01,2017-12-15,train,0.7893617021276595,78.93617021276596,2.1559906734262846,False,False,Context only,low,Calculated incentive was the largest PCA reconstruction deviation (observed 2.5e+04).,32984448.0,28822494.378600374,0.5605884555455624,19602000.39844096,22943950.61,127.77702166087633,25000.0,25000.0,0.0,0.0990297185340399,0.003972907038339109,0.028738938274387955,0.5886630577963166,73,48.095238095238095,182,968.5184903102524,1.0220804348809798,115.57969713613006,97.87523025335288,84.68202692906797,0.5825906562699577,0.6879743877150599,-0.10538373144510227,4.5,low,UNK,synthetic_derived
RPER_c0ed53d80cae1279,REP_2234ec3bee93,Daniel Gates,MGR_4b97498897f6,Alisha Cordwell,TEAM_b9dd960c1753,Charlie,TERR_938541fb7311,Charlie / Germany,2019-03-01,2019-04-18,test,0.7862929963785904,78.62929963785903,2.1494033982441016,False,False,Context only,low,Calculated incentive was the largest PCA reconstruction deviation (observed 3e+04).,22983929.0,20547865.386927955,-0.16060961513242253,14659890.115363369,16426832.46,102.61803900283026,30000.0,30000.0,0.0,0.098707344174153,0.12726351787303283,0.00017798640455444245,0.0681644924060325,75,48.38095238095238,188,900.1234784207654,1.0202499170928854,126.80098415161775,104.91401821716346,82.73911982553406,0.624488203673592,0.7547677628072486,-0.13027955913365652,0.875,low,UNK,synthetic_derived
RPER_80494322eb1ea82e,REP_6daf09991b71,Jimmy Grey,MGR_4b97498897f6,Alisha Cordwell,TEAM_b9dd960c1753,Charlie,TERR_938541fb7311,Charlie / Germany,2017-04-01,2017-05-15,train,0.7851063829787234,78.51063829787233,2.146856217237203,False,False,Context only,low,Calculated incentive was the largest PCA reconstruction deviation (observed 2.5e+04).,13517532.0,11915650.23015921,0.12790796850184138,13242368.177588513,14394680.83,87.12027150222136,25000.0,25000.0,0.0,0.09637612080543952,0.015083688738388766,0.005648028644987187,0.054346255975091226,61,49.76119402985075,141,871.7035931124094,1.02361298287006,124.30670818195345,81.18278415360595,65.30844983423982,0.4832308580571783,0.7399208820354373,-0.25669002397825896,4.5,low,UNK,synthetic_derived
RPER_9b8650068c0df95c,REP_0dfc420450a6,Abigail Thompson,MGR_eb86f856200b,Tracy Banks,TEAM_f144a6907dc4,Bravo,TERR_07a5ea4d7ed4,Bravo / Germany,2019-02-01,2019-03-18,test,0.7848031721589681,78.4803172158968,2.1421225258654704,False,False,Context only,low,Calculated incentive was the largest PCA reconstruction deviation (observed 3e+04).,14298810.0,12922857.428253105,0.4766374363377776,14882112.204803655,14510726.05,90.7144300217287,30000.0,30000.0,0.0,0.09836401070378585,0.007521076729485864,0.02889532289396297,0.031394722199893255,79,46.95238095238095,165,873.1014734572378,1.0104382295646304,113.59471128999358,122.910202682148,108.20063829237004,0.7316083492984999,0.6761589957737714,0.05544935352472857,4.5,high,UNK,synthetic_derived
RPER_8224185c3f6f90ec,REP_a132178ac1b8,Alan Ray,MGR_5e1c70ff0ce6,James Goodwill,TEAM_a405eba78bf2,Alfa,TERR_b31415d90eb9,Alfa / Germany,2019-03-01,2019-04-18,test,0.7824503144109818,78.24503144109818,2.1053899896401833,False,False,Context only,low,Calculated incentive was the largest PCA reconstruction deviation (observed 3e+04).,22556248.0,20175488.197190557,0.32964987192426637,11717572.338408917,15836310.18,118.34484815178132,30000.0,30000.0,0.0,0.09518193941156898,0.01408235580913562,0.018025017149750022,0.09181309607333159,79,47.75,204,1015.6773558185248,1.0238511682888365,114.51732517134792,94.09012190726753,82.16234684706795,0.560060249448021,0.6816507450675472,-0.12159049561952617,0.0,low,UNK,synthetic_derived
RPER_35f915e5145711bd,REP_200ef690040c,Mary Gerrard,MGR_31981a685b7e,Britanny Bold,TEAM_4f4a9410ffcd,Delta,TERR_49c0203db75f,Delta / Germany,2017-07-01,2017-08-15,train,0.7808510638297872,78.08510638297872,2.080422679161122,False,False,Context only,low,Post incentive return rate was the largest PCA reconstruction deviation (observed 0.1296).,27581872.0,24334345.526359573,0.36244035290760773,13575324.965174587,15698148.26,169.61755896974518,25000.0,25000.0,0.0,0.09625513259069779,0.009851460850675483,0.12961121435584128,0.09108455991321086,82,48.20238095238095,198,1136.4967412144383,1.034621332270654,120.31091339865671,109.67119013621237,91.1564770294869,0.6528047031917403,0.7161363892777185,-0.06333168608597817,2.625,medium,UNK,synthetic_derived
RPER_6c3260f33a382a89,REP_82f7cb811b80,Stella Given,MGR_4b97498897f6,Alisha Cordwell,TEAM_b9dd960c1753,Charlie,TERR_938541fb7311,Charlie / Germany,2018-05-01,2018-06-15,train,0.776595744680851,77.6595744680851,2.0638837744181906,False,False,Context only,low,Calculated incentive was the largest PCA reconstruction deviation (observed 2.75e+04).,28313276.0,24269252.423379995,0.6648853704659256,18937007.0796581,20609906.22,120.15662528911986,27500.0,27500.0,0.0,0.09185185586680941,0.010888749938935896,0.03294249822925591,0.045196428967531614,79,47.36904761904762,226,881.5266309040019,1.031285654851902,126.60593637656203,90.0251602911765,71.10658699558613,0.5358640493522411,0.7536067641462025,-0.21774271479396146,0.0,low,UNK,synthetic_derived
RPER_8a408e7e4ad4636e,REP_d21d2dd167c5,Morris Garcia,MGR_eb86f856200b,Tracy Banks,TEAM_f144a6907dc4,Bravo,TERR_07a5ea4d7ed4,Bravo / Germany,2019-03-01,2019-04-18,test,0.7752045459800035,77.52045459800036,2.0328040702126766,False,False,Context only,low,Calculated incentive was the largest PCA reconstruction deviation (observed 3e+04).,35641515.0,31497465.6628082,0.24731235564950105,19036120.745116465,24607629.19,135.44856461753116,30000.0,30000.0,0.0,0.09673879311414091,0.006554232312854975,0.002086537947835599,0.043339426021647004,80,49.345238095238095,182,1122.2860834555086,1.0195748528816304,109.46365928680943,94.379386786416,86.21983533286547,0.5617820642048572,0.6515694005167229,-0.08978733631186564,0.875,medium,UNK,synthetic_derived
RPER_3b7ee9bc174a5780,REP_6003efb01f5e,Sheila Stones,MGR_31981a685b7e,Britanny Bold,TEAM_4f4a9410ffcd,Delta,TERR_49c0203db75f,Delta / Germany,2019-02-01,2019-03-18,test,0.7749482068535846,77.49482068535846,2.027077394202594,False,False,Context only,low,Calculated incentive was the largest PCA reconstruction deviation (observed 3e+04).,24937687.0,22192074.97507844,1.7606413329147959,12477596.935968583,10216009.49,191.1405123439134,30000.0,30000.0,0.0,0.09850374699021652,0.00710973108295044,0.004173578392043051,0.12799206162097504,80,47.11904761904762,174,1081.1415355822833,1.0093855401894307,100.65884269206364,111.85110318525548,111.1190037495576,0.6657803761027112,0.5991597779289503,0.06662059817376098,3.625,high,UNK,synthetic_derived
RPER_b748175e64b57d4a,REP_82f7cb811b80,Stella Given,MGR_4b97498897f6,Alisha Cordwell,TEAM_b9dd960c1753,Charlie,TERR_938541fb7311,Charlie / Germany,2019-04-01,2019-05-18,test,0.7734798632093032,77.34798632093032,1.994274253926145,False,False,Context only,low,Calculated incentive was the largest PCA reconstruction deviation (observed 3e+04).,19322518.0,17254391.76354572,-0.18243719111822485,13304896.947773492,13525657.43,133.38830708543836,30000.0,30000.0,0.0,0.09635758476226172,0.011159300101954057,0.002934528245563801,0.06199176928944387,79,47.964285714285715,154,881.2240723912752,1.0289922126658095,129.3757710309371,117.15375832066279,90.55308995426066,0.6973437995277547,0.7700938751841494,-0.07275007565639469,7.125,medium,UNK,synthetic_derived
RPER_2e651fac95659cce,REP_0dfc420450a6,Abigail Thompson,MGR_eb86f856200b,Tracy Banks,TEAM_f144a6907dc4,Bravo,TERR_07a5ea4d7ed4,Bravo / Germany,2018-07-01,2018-08-15,validation,0.7727952783150032,77.27952783150032,1.9789804673481042,False,False,Context only,low,Calculated incentive was the largest PCA reconstruction deviation (observed 2.75e+04).,24417367.0,22056504.901724122,-0.409308269014658,20731872.038421962,17095066.92,121.7231905546133,27500.0,27500.0,0.0,0.09208269502920557,0.026588476084498207,0.0038423563984221654,0.06411669983186112,71,48.67857142857143,238,903.6991942264063,1.0053465737791343,100.07901845791737,121.0269654062279,120.93140727306294,0.7203986036084994,0.5957084432018891,0.1246901604066103,5.5,critical,UNK,synthetic_derived
RPER_7d6c66da7837cf61,REP_0dfc420450a6,Abigail Thompson,MGR_eb86f856200b,Tracy Banks,TEAM_f144a6907dc4,Bravo,TERR_07a5ea4d7ed4,Bravo / Germany,2018-01-01,2018-02-15,train,0.7723404255319148,77.23404255319149,1.9688189498403406,False,False,Context only,low,Calculated incentive was the largest PCA reconstruction deviation (observed 2.75e+04).,28375060.0,25430402.660290647,1.5201041277093061,13827087.356055519,15786521.35,135.0607969771443,27500.0,27500.0,0.0,0.09085733129571685,0.005957738969599614,0.0037544938396031533,0.09324242760183428,73,46.25,215,906.536839498815,1.0275186632891682,108.92934246896888,126.74268618018694,116.35311781698546,0.7544207510725413,0.6483889432676719,0.10603180780486932,5.375,high,UNK,synthetic_derived
RPER_b68a4e83af6624f8,REP_e7e9152643c7,Jessica Smith,MGR_31981a685b7e,Britanny Bold,TEAM_4f4a9410ffcd,Delta,TERR_49c0203db75f,Delta / Germany,2018-02-01,2018-03-15,train,0.7680851063829788,76.80851063829788,1.9628868935810255,False,False,Context only,low,Return rate was the largest PCA reconstruction deviation (observed 0.1858).,18568696.0,16720280.994496144,-0.3846754463767885,24776595.24239443,30946941.22,52.52217425084692,26292.86,26292.86,0.0,0.08866449644915088,0.18581306069372636,0.0022989379385655578,0.15494297828061837,80,44.05952380952381,236,1008.4740045016841,0.9887838063784701,113.85939659075783,84.8627288390484,74.53291636883385,0.5051352907086214,0.6777345035164156,-0.17259921280779422,0.875,low,UNK,synthetic_derived
RPER_94da8111a3a4b5b8,REP_56269a9759c4,Anne Wu,MGR_31981a685b7e,Britanny Bold,TEAM_4f4a9410ffcd,Delta,TERR_49c0203db75f,Delta / Germany,2017-09-01,2017-10-15,train,0.7638297872340426,76.38297872340426,1.9466380162251777,False,False,Context only,low,Calculated incentive was the largest PCA reconstruction deviation (observed 2.5e+04).,29493623.0,25857695.80342337,0.7858370483845781,16936829.709666673,20953807.83,140.83073922538065,25000.0,25000.0,0.0,0.10146836697477907,0.006866627208586414,0.004510071277375821,0.1309663741819201,77,48.142857142857146,192,854.3766912015091,1.0273369132442267,116.29458385458648,90.87357893560593,78.14085224229642,0.5409141603309877,0.69222966580111,-0.1513155054701223,6.375,low,UNK,synthetic_derived
RPER_39225b87367dc735,REP_56269a9759c4,Anne Wu,MGR_31981a685b7e,Britanny Bold,TEAM_4f4a9410ffcd,Delta,TERR_49c0203db75f,Delta / Germany,2018-03-01,2018-04-15,train,0.7595744680851064,75.95744680851064,1.9461518325583478,False,False,Context only,low,Calculated incentive was the largest PCA reconstruction deviation (observed 2.75e+04).,43370483.0,38535890.45481845,1.1459881316406177,14686304.690777063,14076598.91,270.820407215037,27500.0,27500.0,0.0,0.08946242410359836,0.0069607025431673245,0.00651348519518774,0.3853304025725546,76,47.23809523809524,229,988.2849457304504,1.0157943536748588,117.07877909653877,103.49165275334994,88.39488552234953,0.616021742579464,0.6968974946222546,-0.08087575204279063,1.75,medium,UNK,synthetic_derived
RPER_25b19f1337e01b96,REP_c56e2fba156a,Thompson Crawford,MGR_5e1c70ff0ce6,James Goodwill,TEAM_a405eba78bf2,Alfa,TERR_b31415d90eb9,Alfa / Germany,2018-07-01,2018-08-15,validation,0.7582081389236509,75.8208138923651,1.939461703441156,False,False,Context only,low,Return clawback ratio was the largest PCA reconstruction deviation (observed 0.4381).,17281334.0,15521063.57992889,-0.3700989205880608,18733876.18136814,24672128.24,67.81907012275974,22816.21,22816.21,0.0,0.09071370162696522,0.14683578845225378,0.0021802355369880478,0.1961533517011977,77,48.45238095238095,234,999.8306439619306,1.0337727586887033,122.3234182848277,96.20175484720463,78.64541082656856,0.5726294931381227,0.7281155850287363,-0.15548609189061358,0.875,low,UNK,synthetic_derived
RPER_baa4f08266bbfdce,REP_e7e9152643c7,Jessica Smith,MGR_31981a685b7e,Britanny Bold,TEAM_4f4a9410ffcd,Delta,TERR_49c0203db75f,Delta / Germany,2019-03-01,2019-04-18,test,0.7567888421993132,75.67888421993132,1.9325122225918185,False,False,Context only,low,Calculated incentive was the largest PCA reconstruction deviation (observed 3e+04).,27223007.0,24042770.595629916,0.47485301700222116,15009594.91643467,21273090.68,115.13804158076381,30000.0,30000.0,0.0,0.09875213162263388,0.010322608137095696,0.020563371588609426,0.26414661586561405,80,50.44047619047619,175,1036.1871250876452,1.0240822004664871,114.16450099863975,88.93828852520558,77.90362831460652,0.5293945745547951,0.6795506011823795,-0.15015602662758443,0.875,low,UNK,synthetic_derived
RPER_24722c74ad842ddc,REP_c56e2fba156a,Thompson Crawford,MGR_5e1c70ff0ce6,James Goodwill,TEAM_a405eba78bf2,Alfa,TERR_b31415d90eb9,Alfa / Germany,2019-02-01,2019-03-18,test,0.756063020963967,75.6063020963967,1.9289582928965083,False,False,Context only,low,Calculated incentive was the largest PCA reconstruction deviation (observed 3e+04).,16173419.0,14552948.357680432,0.9875249662624574,14168977.93684393,13946177.91,105.83108503999992,30000.0,30000.0,0.0,0.09736818008257896,0.0019073224190900395,0.004961190295067936,0.09158192528474551,79,47.666666666666664,153,1070.427194161869,1.0187996024035966,132.90930039620406,85.05745443303249,63.996615872234145,0.5062943716251934,0.7911267880726432,-0.28483241644744983,1.875,low,UNK,synthetic_derived
RPER_fdbe2ba719284c0c,REP_bba68d031906,Steve Pepple,MGR_eb86f856200b,Tracy Banks,TEAM_f144a6907dc4,Bravo,TERR_07a5ea4d7ed4,Bravo / Germany,2018-03-01,2018-04-15,train,0.7553191489361702,75.53191489361703,1.925315978838506,False,False,Context only,low,Calculated incentive was the largest PCA reconstruction deviation (observed 2.75e+04).,35772107.0,31875491.695281476,1.2560108691258287,12625786.154466623,15180895.34,234.0533183604444,27500.0,27500.0,0.0,0.08857190132673028,0.02672053773564376,0.007637477017100928,0.34648967811158604,80,49.80952380952381,233,1039.151590974081,1.017523107398741,135.5412319193668,109.80976682204984,81.01576565821347,0.6536295644169633,0.8067930471390881,-0.15316348272212477,1.75,low,UNK,synthetic_derived
RPER_c19d4889c15d29bd,REP_0dfc420450a6,Abigail Thompson,MGR_eb86f856200b,Tracy Banks,TEAM_f144a6907dc4,Bravo,TERR_07a5ea4d7ed4,Bravo / Germany,2018-10-01,2018-11-15,validation,0.7534749706709764,75.34749706709763,1.9012374195876518,False,False,Context only,low,Calculated incentive was the largest PCA reconstruction deviation (observed 2.75e+04).,26103504.0,23419088.0321483,0.4227409719794349,20139559.718470637,23477615.5,112.47317494925197,27500.0,27500.0,0.0,0.09035659125726433,0.013198694002250745,0.003551238695427554,0.10031885536978831,79,45.23809523809524,261,939.6882139111927,1.0285185145421807,98.1903846625712,134.86336236050568,137.34884818300716,0.8027581092887243,0.5844665753724476,0.21829153391627665,1.75,critical,UNK,synthetic_derived
RPER_3bdecb19388b7eaa,REP_6003efb01f5e,Sheila Stones,MGR_31981a685b7e,Britanny Bold,TEAM_4f4a9410ffcd,Delta,TERR_49c0203db75f,Delta / Germany,2019-03-01,2019-04-18,test,0.7518130451041605,75.18130451041604,1.8795384472126162,False,False,Context only,low,Calculated incentive was the largest PCA reconstruction deviation (observed 3e+04).,21194241.0,18752416.734988943,-0.1549948909217463,13199359.318794196,10819424.74,193.90593111619947,30000.0,30000.0,0.0,0.09708526738055251,0.005158758661881948,0.003184367368657192,0.06857114957430345,75,47.79761904761905,183,1031.2034354411703,1.0155957641667877,115.37946100948747,112.4846038304425,97.49101169851458,0.6695512132764434,0.686782506008854,-0.01723129273241064,3.625,medium,UNK,synthetic_derived
RPER_6769500bd74943a9,REP_6daf09991b71,Jimmy Grey,MGR_4b97498897f6,Alisha Cordwell,TEAM_b9dd960c1753,Charlie,TERR_938541fb7311,Charlie / Germany,2018-09-01,2018-10-15,validation,0.7511871244914439,75.11871244914438,1.8713660992113001,False,False,Context only,low,Calculated incentive was the largest PCA reconstruction deviation (observed 2.75e+04).,33065553.0,29612148.765424386,0.8835905866085081,26381196.819461197,24702630.69,129.44729254004258,27500.0,27500.0,0.0,0.09072712105013955,0.0024934768994613293,0.009794906447361284,0.10137837739127067,79,46.36904761904762,205,814.8162242348466,1.029723355605509,125.60330541064788,89.27997853825313,71.08091482653332,0.5314284436800781,0.7476387226824278,-0.21621027900234968,2.625,low,UNK,synthetic_derived
RPER_cf3055f082e65fce,REP_200ef690040c,Mary Gerrard,MGR_31981a685b7e,Britanny Bold,TEAM_4f4a9410ffcd,Delta,TERR_49c0203db75f,Delta / Germany,2018-07-01,2018-08-15,validation,0.7511084386836865,75.11084386836865,1.8703387360110892,False,False,Context only,low,Calculated incentive was the largest PCA reconstruction deviation (observed 2.601e+04).,12363917.0,11165670.58694282,-0.6017734834859778,17974989.691093143,15233963.09,77.42958041605232,26008.7,26008.7,0.0,0.08767524212449632,0.04337910960468661,0.007015144231849811,0.10812211847245033,77,49.88095238095238,229,1055.6274622622216,1.003753295499577,129.82061584909633,137.282490594453,105.74783496176784,0.8171576821098393,0.7727417610065258,0.044415921103313494,4.5,high,UNK,synthetic_derived
RPER_0ae6354508d10a3e,REP_0dfc420450a6,Abigail Thompson,MGR_eb86f856200b,Tracy Banks,TEAM_f144a6907dc4,Bravo,TERR_07a5ea4d7ed4,Bravo / Germany,2018-02-01,2018-03-15,train,0.7510638297872341,75.1063829787234,1.8697562988483616,False,False,Context only,low,Calculated incentive was the largest PCA reconstruction deviation (observed 2.75e+04).,32199638.0,28717397.47486211,0.12925453279212432,17474992.968288466,20485683.71,145.47900592572654,27500.0,27500.0,0.0,0.09179867648078271,0.022213245527167597,0.026277086682626002,0.05664099737670107,79,46.07142857142857,216,953.1249076393768,1.0209121186378336,116.63046945553218,134.39248703274288,115.22931156852013,0.7999552799568028,0.6942289848543582,0.10572629510244458,3.625,high,UNK,synthetic_derived
RPER_49baf93472a7fd1c,REP_0dfc420450a6,Abigail Thompson,MGR_eb86f856200b,Tracy Banks,TEAM_f144a6907dc4,Bravo,TERR_07a5ea4d7ed4,Bravo / Germany,2018-09-01,2018-10-15,validation,0.7502612271030077,75.02612271030077,1.8684929368630043,False,False,Context only,low,Calculated incentive was the largest PCA reconstruction deviation (observed 2.75e+04).,18479278.0,16460542.35688857,-0.24843306496744771,27099421.63234492,27059959.23,65.27852709344035,27500.0,27500.0,0.0,0.0895924291464166,0.014285664642523888,0.015445025857002746,0.11901061837686314,78,45.51190476190476,209,1102.7480971386017,1.022216377872092,96.86524309495633,113.89884913608445,117.5848482870478,0.6779693400957407,0.5765788279461687,0.10139051214957207,4.5,high,UNK,synthetic_derived
RPER_ae0a3c635c2f1be7,REP_2234ec3bee93,Daniel Gates,MGR_4b97498897f6,Alisha Cordwell,TEAM_b9dd960c1753,Charlie,TERR_938541fb7311,Charlie / Germany,2017-12-01,2018-01-15,train,0.7468085106382979,74.68085106382979,1.8630580799737129,False,False,Context only,low,Calculated incentive was the largest PCA reconstruction deviation (observed 2.5e+04).,14035386.0,12472874.887222147,0.2124785271177296,12610272.140035376,11890667.2,112.30846556220146,25000.0,25000.0,0.0,0.10156007077967859,0.02524269536064507,0.0008663279023088173,0.1678488584858189,69,47.178082191780824,145,769.7013917374514,1.0121195708692596,129.16956175804629,92.29751500568693,71.4545390953434,0.549389970271946,0.7688664390359898,-0.2194764687640438,1.75,low,UNK,synthetic_derived
RPER_1eda3cf7d86ad1f3,REP_200ef690040c,Mary Gerrard,MGR_31981a685b7e,Britanny Bold,TEAM_4f4a9410ffcd,Delta,TERR_49c0203db75f,Delta / Germany,2018-08-01,2018-09-15,validation,0.7466477315241191,74.66477315241191,1.86186164479726,False,False,Context only,low,Calculated incentive was the largest PCA reconstruction deviation (observed 2.75e+04).,14336520.0,13011753.15785509,0.165335575372525,17552980.769926958,15604344.31,84.91447478056034,27500.0,27500.0,0.0,0.08753368642879722,0.01593976154519877,0.007280176112123189,0.09034295945962409,79,46.48809523809524,215,1093.9729233085918,1.0209835416995716,121.01623222676763,138.90707142885415,114.78383426163987,0.8268278061241319,0.7203347156355215,0.10649309048861033,12.5,high,UNK,synthetic_derived
RPER_506fccbbcebf23c1,REP_0dfc420450a6,Abigail Thompson,MGR_eb86f856200b,Tracy Banks,TEAM_f144a6907dc4,Bravo,TERR_07a5ea4d7ed4,Bravo / Germany,2018-11-01,2018-12-15,validation,0.744549699517038,74.4549699517038,1.8462491735666695,False,False,Context only,low,Calculated incentive was the largest PCA reconstruction deviation (observed 2.75e+04).,27482499.0,24318565.275635313,0.03840786807121883,20593754.0952787,25412253.87,103.02452577816777,27500.0,27500.0,0.0,0.08935532176594484,0.017412565528228927,0.001343358165313804,0.1449618772327814,80,44.714285714285715,228,988.8930192455249,1.0275458870466128,106.21058148067743,124.80073256696096,117.50310640156468,0.7428615033747676,0.6322058421468895,0.11065566122787818,2.75,high,UNK,synthetic_derived
RPER_3d3d74b699790098,REP_2234ec3bee93,Daniel Gates,MGR_4b97498897f6,Alisha Cordwell,TEAM_b9dd960c1753,Charlie,TERR_938541fb7311,Charlie / Germany,2018-07-01,2018-08-15,validation,0.743370230057491,74.3370230057491,1.837472170669485,False,False,Context only,low,Calculated incentive was the largest PCA reconstruction deviation (observed 2.75e+04).,36291528.0,32638729.35985063,0.41675235106249203,22295282.394370735,24900061.06,112.5248200758501,27500.0,27500.0,0.0,0.09384225006861666,0.008995168330505754,0.008996362212408305,0.42338952523396056,79,47.595238095238095,214,1112.6835146759845,1.0259580341681176,112.44641222933339,109.1739220378299,97.08973356586132,0.6498447740347018,0.6693238823174606,-0.019479108282758895,3.75,medium,UNK,synthetic_derived
RPER_f5d8e975996b17dd,REP_c56e2fba156a,Thompson Crawford,MGR_5e1c70ff0ce6,James Goodwill,TEAM_a405eba78bf2,Alfa,TERR_b31415d90eb9,Alfa / Germany,2018-06-01,2018-07-15,train,0.7425531914893617,74.25531914893617,1.8313921913859714,False,False,Context only,low,Calculated incentive was the largest PCA reconstruction deviation (observed 2.75e+04).,27955955.0,24640477.826167546,1.2946804027580432,21067475.221358377,22065352.11,115.36032890603312,27500.0,27500.0,0.0,0.09032359608579435,0.023716386558194875,0.004838940907765277,0.05171053466169161,75,48.583333333333336,232,1080.7894372828805,1.0118014840387752,126.50192289954344,92.36969823047386,73.01841435550797,0.5498196323242491,0.7529876363068062,-0.20316800398255708,0.875,low,UNK,synthetic_derived
RPER_89e1a97869e5d01d,REP_c56e2fba156a,Thompson Crawford,MGR_5e1c70ff0ce6,James Goodwill,TEAM_a405eba78bf2,Alfa,TERR_b31415d90eb9,Alfa / Germany,2018-04-01,2018-05-15,train,0.7382978723404255,73.82978723404256,1.8308520542996425,False,False,Context only,low,Calculated incentive was the largest PCA reconstruction deviation (observed 2.75e+04).,23166791.0,20823063.707409635,-0.34190187522923937,23308428.282236513,22983515.51,88.78312152141146,27500.0,27500.0,0.0,0.08919756938444645,0.018686042043655433,0.0010138860470526323,0.1001216870565833,73,45.892857142857146,197,898.4891144483607,0.9870658138876951,133.29836812774838,91.21059445399808,68.42588978027483,0.542920205083322,0.7934426674270737,-0.25052246234375175,1.75,low,UNK,synthetic_derived
RPER_4b8488c5abdc17e2,REP_200ef690040c,Mary Gerrard,MGR_31981a685b7e,Britanny Bold,TEAM_4f4a9410ffcd,Delta,TERR_49c0203db75f,Delta / Germany,2018-10-01,2018-11-15,validation,0.7350741917867637,73.50741917867637,1.8176318310018331,False,False,Context only,low,Calculated incentive was the largest PCA reconstruction deviation (observed 2.75e+04).,31715132.0,28113587.91165063,0.1279801548122661,16367085.25824715,15091041.7,184.22508917419535,27500.0,27500.0,0.0,0.09222722265104555,0.011077059137020213,0.001498768566122615,0.05540379841438007,79,49.13095238095238,248,1192.3927096309842,1.0099629408697322,120.10204795006241,120.44342622516044,100.28424017818578,0.7169251561021455,0.7148931425598953,0.002032013542250133,2.75,high,UNK,synthetic_derived
RPER_c9d8f4a392ca311e,REP_e7e9152643c7,Jessica Smith,MGR_31981a685b7e,Britanny Bold,TEAM_4f4a9410ffcd,Delta,TERR_49c0203db75f,Delta / Germany,2018-03-01,2018-04-15,train,0.7340425531914894,73.40425531914893,1.8134011101332057,False,False,Context only,low,Calculated incentive was the largest PCA reconstruction deviation (observed 2.75e+04).,21528855.0,19396798.724029526,0.16007612135312904,20703520.042866804,20491968.86,95.94126184832218,27500.0,27500.0,0.0,0.08887030906643248,0.01402787311395016,0.006358241528105856,0.11912435652814198,81,49.05952380952381,237,1275.4796802345065,1.0365634135538946,104.03763141696382,86.44241968980006,83.087646760579,0.5145382124392861,0.6192716155771656,-0.10473340313787949,0.875,low,UNK,synthetic_derived
RPER_90e833bd97b14204,REP_bba68d031906,Steve Pepple,MGR_eb86f856200b,Tracy Banks,TEAM_f144a6907dc4,Bravo,TERR_07a5ea4d7ed4,Bravo / Germany,2019-03-01,2019-04-18,test,0.7339044761081658,73.39044761081658,1.8130333271463346,False,False,Context only,low,Calculated incentive was the largest PCA reconstruction deviation (observed 3e+04).,18804128.0,16845714.041873306,0.12796809433841408,11794043.772881694,16357534.97,106.9449170099001,30000.0,30000.0,0.0,0.09682354612916054,0.0271023216757789,0.015785069337630228,0.05444638541299377,77,47.904761904761905,168,1125.228058423614,1.0107799538323907,130.24305057256728,104.19756809006805,80.00240138111053,0.6202236195837384,0.7752562534081386,-0.15503263382440025,0.875,low,UNK,synthetic_derived
RPER_be523547dbbeb8ff,REP_200ef690040c,Mary Gerrard,MGR_31981a685b7e,Britanny Bold,TEAM_4f4a9410ffcd,Delta,TERR_49c0203db75f,Delta / Germany,2018-11-01,2018-12-15,validation,0.7313917205305265,73.13917205305265,1.8063403355985959,False,False,Context only,low,Calculated incentive was the largest PCA reconstruction deviation (observed 2.75e+04).,30548238.0,27534045.866733883,-0.02061430389952395,22016391.033149753,28679806.6,106.30061793369141,27500.0,27500.0,0.0,0.08877532272716548,0.0025216540359243094,0.0020204183231069717,0.252126174809725,80,48.51190476190476,231,992.6757455700595,1.0156930218414209,114.73094664447589,132.76540261700987,115.71891150555787,0.7902702536726778,0.6829223014552136,0.10734795221746418,5.25,high,UNK,synthetic_derived
RPER_02636fc24f4f2b59,REP_2234ec3bee93,Daniel Gates,MGR_4b97498897f6,Alisha Cordwell,TEAM_b9dd960c1753,Charlie,TERR_938541fb7311,Charlie / Germany,2018-03-01,2018-04-15,train,0.7297872340425532,72.97872340425532,1.8020666153060096,False,False,Context only,low,Calculated incentive was the largest PCA reconstruction deviation (observed 2.75e+04).,23645590.0,21137724.292312708,-0.17265386857847276,16799558.65870495,14469865.84,156.95799001978315,27500.0,27500.0,0.0,0.08855996159616542,0.0074640263273502054,0.004828322493428435,0.0551778155312307,82,46.88095238095238,239,1113.3798994232584,1.030469325713334,119.61565076679517,122.1656063208812,102.13179089670922,0.7271762281004833,0.7119979212309236,0.015178306869559677,1.75,high,UNK,synthetic_derived
RPER_9759df91c36464ff,REP_200ef690040c,Mary Gerrard,MGR_31981a685b7e,Britanny Bold,TEAM_4f4a9410ffcd,Delta,TERR_49c0203db75f,Delta / Germany,2018-03-01,2018-04-15,train,0.725531914893617,72.5531914893617,1.8020415400241712,False,False,Context only,low,Calculated incentive was the largest PCA reconstruction deviation (observed 2.75e+04).,31140911.0,28008019.185968105,0.6669395923537159,17350183.10300031,21428951.31,134.06069721415616,27500.0,27500.0,0.0,0.09106857881850844,0.030310761794968312,0.011901801523189322,0.08600533157387631,79,46.916666666666664,222,916.657146134857,1.0170545146522454,128.76703513520414,120.67600970261442,93.71653977736288,0.718309581563181,0.766470447233358,-0.04816086567017697,0.0,medium,UNK,synthetic_derived
RPER_d8d73f5469c8013a,REP_bba68d031906,Steve Pepple,MGR_eb86f856200b,Tracy Banks,TEAM_f144a6907dc4,Bravo,TERR_07a5ea4d7ed4,Bravo / Germany,2018-09-01,2018-10-15,validation,0.7243888620749953,72.43888620749954,1.7981492009979043,False,False,Context only,low,Calculated incentive was the largest PCA reconstruction deviation (observed 2.75e+04).,27860734.0,24484089.68887127,0.14298210039176737,20933952.022830404,21990413.57,116.70378405436992,27500.0,27500.0,0.0,0.09144932654234311,0.005495562153417633,0.0034129350407632875,0.15356162630239298,73,43.40243902439025,204,883.6620578783018,1.052396422099318,119.78903119334062,80.3322716286637,67.06145865643296,0.47816828350395063,0.7130299475794084,-0.23486166407545778,2.625,low,UNK,synthetic_derived
RPER_da0ca4a631054c69,REP_bba68d031906,Steve Pepple,MGR_eb86f856200b,Tracy Banks,TEAM_f144a6907dc4,Bravo,TERR_07a5ea4d7ed4,Bravo / Germany,2018-05-01,2018-06-15,train,0.7212765957446808,72.12765957446808,1.787551269301077,False,False,Context only,low,Calculated incentive was the largest PCA reconstruction deviation (observed 2.75e+04).,22711256.0,20267102.636055026,0.9915351156173787,18727084.740796644,16739497.61,91.2091345779528,27500.0,27500.0,0.0,0.09325482123737884,0.00806478693300985,0.0014619000683612346,0.06255815438666773,78,49.5,228,890.2564170734205,1.0286661117981588,137.02534452668323,94.7721876994234,69.16398424451194,0.5641201648775203,0.8156270507540668,-0.25150688587654657,1.875,low,UNK,synthetic_derived
RPER_0cbd2285ea6c61ef,REP_56269a9759c4,Anne Wu,MGR_31981a685b7e,Britanny Bold,TEAM_4f4a9410ffcd,Delta,TERR_49c0203db75f,Delta / Germany,2018-05-01,2018-06-15,train,0.7170212765957447,71.70212765957447,1.7840801306156642,False,False,Context only,low,Calculated incentive was the largest PCA reconstruction deviation (observed 2.75e+04).,19384488.0,17449738.84198706,0.20238292597726926,23668566.17620033,20710378.19,89.34657300559297,27500.0,27500.0,0.0,0.08801590661686721,0.014964954340930758,0.011858504527843934,0.2845658341750944,78,47.54761904761905,215,1053.2386318433585,0.9969367526322394,130.77539001578262,120.8927332366852,92.44303016194046,0.7195996025993167,0.7784249405701347,-0.058825337970818015,2.625,medium,UNK,synthetic_derived
RPER_b5d74d68c7ba1311,REP_6003efb01f5e,Sheila Stones,MGR_31981a685b7e,Britanny Bold,TEAM_4f4a9410ffcd,Delta,TERR_49c0203db75f,Delta / Germany,2018-10-01,2018-11-15,validation,0.7161750056190648,71.61750056190648,1.783092462499085,False,False,Context only,low,Calculated incentive was the largest PCA reconstruction deviation (observed 2.75e+04).,27752577.0,25032150.6633035,0.12772465866457205,24585230.858749196,26225454.41,93.20028355175096,27500.0,27500.0,0.0,0.09088141569549966,0.003368146131384063,0.0025673005415824952,0.09624565799915537,77,48.88095238095238,245,1066.0021281088027,1.033985888713652,97.88135966155744,116.85731563814397,119.3866902157871,0.695579259750857,0.5826271408426038,0.11295211890825319,5.375,high,UNK,synthetic_derived
RPER_4948c28097d0c4fc,REP_6003efb01f5e,Sheila Stones,MGR_31981a685b7e,Britanny Bold,TEAM_4f4a9410ffcd,Delta,TERR_49c0203db75f,Delta / Germany,2018-02-01,2018-03-15,train,0.7127659574468085,71.27659574468085,1.7791138217558682,False,False,Context only,low,Calculated incentive was the largest PCA reconstruction deviation (observed 2.75e+04).,24961551.0,22299780.372508377,0.4806384352933191,14128498.606058508,16752794.45,134.18558917256547,27500.0,27500.0,0.0,0.08993369943333097,0.1724115992878612,0.0073321077078750555,0.09392026450182482,79,47.01190476190476,232,1075.0125137061627,1.0294032270397167,109.22068575413073,112.77945218969741,103.25832639760009,0.6713062630339132,0.6501231294888734,0.021183133545039756,4.5,high,UNK,synthetic_derived
RPER_44997030a105e732,REP_e7e9152643c7,Jessica Smith,MGR_31981a685b7e,Britanny Bold,TEAM_4f4a9410ffcd,Delta,TERR_49c0203db75f,Delta / Germany,2018-07-01,2018-08-15,validation,0.7111473175998306,71.11473175998306,1.7771303124931563,False,False,Context only,low,Calculated incentive was the largest PCA reconstruction deviation (observed 2.75e+04).,31577589.0,28275166.060909256,-0.056500522913086944,20807813.438275144,24763104.1,123.1064993503481,27500.0,27500.0,0.0,0.09090949892532105,0.0431943973712793,0.008897689767397802,0.19253743504366766,79,48.48809523809524,243,980.4380083506495,1.021849099841029,107.68793133306535,100.1192383738849,92.97164235073711,0.5959478474636006,0.6409995912682461,-0.045051743804645494,1.75,medium,UNK,synthetic_derived
RPER_56e43938b658c59a,REP_2234ec3bee93,Daniel Gates,MGR_4b97498897f6,Alisha Cordwell,TEAM_b9dd960c1753,Charlie,TERR_938541fb7311,Charlie / Germany,2018-04-01,2018-05-15,train,0.7085106382978723,70.85106382978724,1.773899280075414,False,False,Context only,low,Calculated incentive was the largest PCA reconstruction deviation (observed 2.75e+04).,27399814.0,24441649.479326922,0.15630467789835703,19687841.79373514,27023030.26,104.09436466629923,27500.0,27500.0,0.0,0.0885120023392531,0.06274115057234558,0.002275349595906816,0.22896868623658648,77,48.583333333333336,213,990.3206904698301,1.024685716583297,111.61805520331116,127.53200264136592,114.2575028825468,0.7591190633414638,0.664393185733995,0.09472587760746887,5.5,high,UNK,synthetic_derived
RPER_3d4af09f9017d599,REP_82f7cb811b80,Stella Given,MGR_4b97498897f6,Alisha Cordwell,TEAM_b9dd960c1753,Charlie,TERR_938541fb7311,Charlie / Germany,2017-03-01,2017-04-15,train,0.7042553191489361,70.42553191489361,1.7704710781997888,False,False,Context only,low,Post incentive return rate was the largest PCA reconstruction deviation (observed 0.1191).,13873513.0,12444722.537202701,0.07913051899238836,9192025.92494761,10997653.56,120.42827258840356,25000.0,25000.0,0.0,0.0964140046067364,0.006844563103150234,0.11906785174938292,0.052103274741123584,81,48.05952380952381,182,1061.8984459047097,1.0157250355555438,121.05258054079384,85.4374438817399,70.57878774665865,0.508556213581785,0.7205510746475824,-0.21199486106579735,1.75,low,UNK,synthetic_derived
RPER_1e8c58eddede9794,REP_e7e9152643c7,Jessica Smith,MGR_31981a685b7e,Britanny Bold,TEAM_4f4a9410ffcd,Delta,TERR_49c0203db75f,Delta / Germany,2018-08-01,2018-09-15,validation,0.7040945861641882,70.40945861641882,1.769835491101453,False,False,Context only,low,Calculated incentive was the largest PCA reconstruction deviation (observed 2.75e+04).,28686960.0,25551392.717891578,-0.09633094062649297,24082226.135304794,33240941.45,77.53816226235428,27500.0,27500.0,0.0,0.08958486356114519,0.014428291580856026,0.007352955687082141,0.03684153273385651,78,47.07142857142857,210,1025.4858579363056,1.0213020973003823,107.85803705310694,94.9272313289842,88.01127289405805,0.565043043624906,0.6420121253161127,-0.07696908169120675,0.0,medium,UNK,synthetic_derived
RPER_ed5da610541ba554,REP_c56e2fba156a,Thompson Crawford,MGR_5e1c70ff0ce6,James Goodwill,TEAM_a405eba78bf2,Alfa,TERR_b31415d90eb9,Alfa / Germany,2018-10-01,2018-11-15,validation,0.7031822683439396,70.31822683439395,1.7662279090171602,False,False,Context only,low,Calculated incentive was the largest PCA reconstruction deviation (observed 2.75e+04).,25555843.0,23103496.404088836,-0.021443735172698555,18750086.258914944,17784547.67,104.67980436286342,27500.0,27500.0,0.0,0.09001943772679395,0.0059459479449256265,0.00895451002563039,0.13235642761040606,83,48.666666666666664,270,1025.8664271334312,1.0402679353618778,132.82506398661636,93.40338238674062,70.32060033199161,0.5559725142067894,0.7906253808727164,-0.234652866665927,0.0,low,UNK,synthetic_derived
RPER_e6d04eb56e1750e2,REP_a132178ac1b8,Alan Ray,MGR_5e1c70ff0ce6,James Goodwill,TEAM_a405eba78bf2,Alfa,TERR_b31415d90eb9,Alfa / Germany,2018-10-01,2018-11-15,validation,0.7018895678308765,70.18895678308765,1.7611161780964466,False,False,Context only,low,Calculated incentive was the largest PCA reconstruction deviation (observed 2.75e+04).,30088268.0,27357085.163370542,0.3958655695546819,17088232.923111986,20181751.58,145.40370112679162,27500.0,27500.0,0.0,0.09236282955871182,0.013917351386242817,0.0024526043040797685,0.05021353169354467,79,49.88095238095238,268,949.8250297887083,1.0073071434545602,95.67365098303122,93.96078843363019,98.20968204745857,0.5592904073430368,0.5694860177561383,-0.010195610413101464,0.0,medium,UNK,synthetic_derived
RPER_d4a8068fb878906b,REP_6003efb01f5e,Sheila Stones,MGR_31981a685b7e,Britanny Bold,TEAM_4f4a9410ffcd,Delta,TERR_49c0203db75f,Delta / Germany,2018-05-01,2018-06-15,train,0.7,70.0,1.7536442523021336,False,False,Context only,low,Calculated incentive was the largest PCA reconstruction deviation (observed 2.75e+04).,18726682.0,16771240.417173691,-0.344198873612823,23731617.358663023,27199468.46,62.40430208483589,27500.0,27500.0,0.0,0.09101573121714815,0.006026300523049821,0.06964330760402444,0.14808008257640906,74,48.642857142857146,236,1049.2105080300328,1.015327490760763,98.5370575257998,111.74917753955961,113.40827536919346,0.665173675830712,0.5865301043202369,0.07864357151047507,6.25,high,UNK,synthetic_derived
RPER_1a7dd926b4d535ea,REP_6003efb01f5e,Sheila Stones,MGR_31981a685b7e,Britanny Bold,TEAM_4f4a9410ffcd,Delta,TERR_49c0203db75f,Delta / Germany,2018-09-01,2018-10-15,validation,0.6988999206602581,69.88999206602581,1.7505881476006668,False,False,Context only,low,Calculated incentive was the largest PCA reconstruction deviation (observed 2.75e+04).,24904169.0,22197041.158030584,0.0020334153302917655,24414293.418650955,26088380.37,97.55695673930695,27500.0,27500.0,0.0,0.09144497403818447,0.015593673928630493,0.002883038388262834,0.08689892146175017,80,46.523809523809526,228,1039.8461856338681,1.0073359912870608,109.05261360649313,120.93440543499536,110.89546727543518,0.7198476513987819,0.6491227000386496,0.07072495136013235,4.5,high,UNK,synthetic_derived
RPER_93915df220402b4d,REP_bba68d031906,Steve Pepple,MGR_eb86f856200b,Tracy Banks,TEAM_f144a6907dc4,Bravo,TERR_07a5ea4d7ed4,Bravo / Germany,2018-10-01,2018-11-15,validation,0.6984531168884428,69.84531168884428,1.7493468924853783,False,False,Context only,low,Calculated incentive was the largest PCA reconstruction deviation (observed 2.75e+04).,32836407.0,29701098.8505525,0.21307752209601297,23822661.50940089,25390074.61,112.00720152403294,27500.0,27500.0,0.0,0.08967379660890086,0.0028383519099358847,0.0025372824721273638,0.03591526640947411,78,50.54761904761905,239,912.9362922276479,1.0350994588260962,137.90447631832362,112.26660732528599,81.4089653378198,0.6682536150314642,0.8208599780852597,-0.1526063630537955,3.625,low,UNK,synthetic_derived
RPER_34f5fade9ecc9d81,REP_6daf09991b71,Jimmy Grey,MGR_4b97498897f6,Alisha Cordwell,TEAM_b9dd960c1753,Charlie,TERR_938541fb7311,Charlie / Germany,2018-10-01,2018-11-15,validation,0.6960645188918566,69.60645188918566,1.7427111842200143,False,False,Context only,low,Calculated incentive was the largest PCA reconstruction deviation (observed 2.75e+04).,29530873.0,26620499.266943578,-0.1010277748561734,21624166.70548056,23545699.7,111.2843718093735,27500.0,27500.0,0.0,0.08991698573983924,0.013292374013381085,0.018911163915748673,0.06557925889732463,74,47.79761904761905,234,944.6077846389917,0.9980150036702605,114.6390841066234,102.57967676158131,89.48054458126524,0.6105933140570317,0.6823755006346631,-0.07178218657763147,3.625,medium,UNK,synthetic_derived
RPER_f56ceb33d18ac4dd,REP_c56e2fba156a,Thompson Crawford,MGR_5e1c70ff0ce6,James Goodwill,TEAM_a405eba78bf2,Alfa,TERR_b31415d90eb9,Alfa / Germany,2018-03-01,2018-04-15,train,0.6957446808510638,69.57446808510637,1.741822649634496,False,False,Context only,low,Calculated incentive was the largest PCA reconstruction deviation (observed 2.75e+04).,35684027.0,31641274.946138255,0.8444886494161975,16345443.571394587,19539972.26,167.43013691453788,27500.0,27500.0,0.0,0.08943639649454456,0.01662788267586437,0.008482834137664841,0.27071720974865776,74,47.79761904761905,219,933.2375396515969,1.007426073599784,124.97290673017048,91.89847768471199,73.53472051596782,0.5470147481232857,0.7438863495843481,-0.19687160146106242,1.875,low,UNK,synthetic_derived
RPER_b2f414f12fe60c25,REP_2234ec3bee93,Daniel Gates,MGR_4b97498897f6,Alisha Cordwell,TEAM_b9dd960c1753,Charlie,TERR_938541fb7311,Charlie / Germany,2018-10-01,2018-11-15,validation,0.694008169944715,69.4008169944715,1.7367487621474234,False,False,Context only,low,Calculated incentive was the largest PCA reconstruction deviation (observed 2.75e+04).,27881320.0,25212716.337430798,0.921319705720103,21946148.19053813,21566127.58,114.58143458297907,27500.0,27500.0,0.0,0.09064737197693334,0.011123045164781437,0.002225695070904618,0.15725534580300696,76,48.44047619047619,249,1019.0785010663112,0.9993633855077564,118.54795154163568,122.4870751530647,103.32281035665599,0.7290897330539565,0.7056425687002124,0.023447164353744165,1.75,high,UNK,synthetic_derived
RPER_142e61e4b1139796,REP_0dfc420450a6,Abigail Thompson,MGR_eb86f856200b,Tracy Banks,TEAM_f144a6907dc4,Bravo,TERR_07a5ea4d7ed4,Bravo / Germany,2017-06-01,2017-07-15,train,0.6914893617021277,69.14893617021278,1.7293890907640337,False,False,Context only,low,Calculated incentive was the largest PCA reconstruction deviation (observed 2.5e+04).,26704180.0,23153937.36237149,0.15307472129148644,15022223.300466625,13960374.71,193.44369623355578,25000.0,25000.0,0.0,0.09854044269783896,0.040209293369381484,0.004269979875694247,0.08023593737069995,80,48.833333333333336,186,1069.5835627161837,1.0218970109003525,115.8855429398273,121.01239199497728,104.42406267864841,0.72031185711296,0.689794898451353,0.030516958661606974,4.5,high,UNK,synthetic_derived
RPER_f240b44033dea271,REP_e7e9152643c7,Jessica Smith,MGR_31981a685b7e,Britanny Bold,TEAM_4f4a9410ffcd,Delta,TERR_49c0203db75f,Delta / Germany,2018-10-01,2018-11-15,validation,0.6913579465977748,69.13579465977749,1.7291724585506993,False,False,Context only,low,Calculated incentive was the largest PCA reconstruction deviation (observed 2.75e+04).,23137707.0,20801116.97436799,0.31147802585475576,23229126.277984206,31535139.83,65.91477278202287,27500.0,27500.0,0.0,0.08932221314968507,0.0449856976390504,0.012427546109103363,0.12236972194613858,78,46.785714285714285,252,1054.2839389202013,1.0170784699551745,115.89737710243088,87.38198303078258,75.39599705828873,0.5201308513737058,0.6898653398954219,-0.16973448852171602,0.875,low,UNK,synthetic_derived
RPER_32683cbff4226162,REP_6daf09991b71,Jimmy Grey,MGR_4b97498897f6,Alisha Cordwell,TEAM_b9dd960c1753,Charlie,TERR_938541fb7311,Charlie / Germany,2018-07-01,2018-08-15,validation,0.6912452114368933,69.12452114368934,1.7289866194301309,False,False,Context only,low,Calculated incentive was the largest PCA reconstruction deviation (observed 2.75e+04).,22077747.0,19539233.940496348,-0.5547449473205257,27834655.382738408,31750127.25,66.49231324981831,27500.0,27500.0,0.0,0.09279327508215594,0.022569447564350507,0.02533967682516488,0.06036143829052645,77,48.95238095238095,226,1026.9659687261587,1.003145541202442,114.1764340256453,104.38581829372598,91.42501181135133,0.6213441565102736,0.6796216311050316,-0.05827747459475796,4.375,medium,UNK,synthetic_derived
RPER_d8a91f07d67c0891,REP_c56e2fba156a,Thompson Crawford,MGR_5e1c70ff0ce6,James Goodwill,TEAM_a405eba78bf2,Alfa,TERR_b31415d90eb9,Alfa / Germany,2018-09-01,2018-10-15,validation,0.690195277528271,69.0195277528271,1.7272558480123434,False,False,Context only,low,Calculated incentive was the largest PCA reconstruction deviation (observed 2.75e+04).,26020685.0,23609778.236069247,0.37912279899510487,19093652.788947705,20658446.94,125.86304763824572,27500.0,27500.0,0.0,0.0892609727501861,0.02022100435423676,0.005627980977726869,0.09511230948099972,84,47.94047619047619,207,1179.3386285000145,1.0163269993245603,114.38006697593357,98.07084983782786,85.74120686470896,0.5837550585584992,0.6808337319996046,-0.09707867344110543,1.75,medium,UNK,synthetic_derived
RPER_c8707affcd33d351,REP_e7e9152643c7,Jessica Smith,MGR_31981a685b7e,Britanny Bold,TEAM_4f4a9410ffcd,Delta,TERR_49c0203db75f,Delta / Germany,2017-12-01,2018-01-15,train,0.6872340425531915,68.72340425531915,1.7223743780320608,False,False,Context only,low,Calculated incentive was the largest PCA reconstruction deviation (observed 2.5e+04).,20146156.0,18217170.412792522,-0.37050860372480493,20647367.30244895,21990661.48,85.12184420877217,25000.0,25000.0,0.0,0.0977648624274909,0.002332882247853655,0.0017955000119245946,0.08113019340698416,81,46.63095238095238,159,1211.5339254211249,1.029583925837479,108.18611736757506,79.37106341291995,73.36529431336132,0.4724468060292854,0.643964984330804,-0.17151817830151855,0.875,low,UNK,synthetic_derived
RPER_74a8ca3a054b3999,REP_db1cc40d477a,Erica Jones,MGR_5e1c70ff0ce6,James Goodwill,TEAM_a405eba78bf2,Alfa,TERR_b31415d90eb9,Alfa / Germany,2018-05-01,2018-06-15,train,0.6829787234042554,68.29787234042554,1.7208073045867136,False,False,Context only,low,Calculated incentive was the largest PCA reconstruction deviation (observed 2.75e+04).,22218436.0,19488404.422469586,0.4641406683594363,21881807.437230185,24953407.18,63.01061212418503,27500.0,27500.0,0.0,0.09226205576766094,0.009451895522338855,0.06347622317601205,0.062432490754362274,72,49.773809523809526,221,968.4871377036247,1.0110844737436706,108.45703918380633,99.78038580163198,91.99991678966113,0.593930867866857,0.6455776141893234,-0.05164674632246635,1.75,medium,UNK,synthetic_derived
RPER_0c0bfd5ed13ffea2,REP_0dfc420450a6,Abigail Thompson,MGR_eb86f856200b,Tracy Banks,TEAM_f144a6907dc4,Bravo,TERR_07a5ea4d7ed4,Bravo / Germany,2017-09-01,2017-10-15,train,0.6787234042553192,67.87234042553192,1.7122842062672228,False,False,Context only,low,Calculated incentive was the largest PCA reconstruction deviation (observed 2.5e+04).,24368689.0,21423677.40328356,0.2704558817271467,24110750.274490952,24859910.91,95.39679701128416,25000.0,25000.0,0.0,0.10044302938569,0.005117627171632536,0.02456296158416458,0.1167777039506796,78,45.86904761904762,178,1012.8274713918615,1.007216859405151,100.7378748255117,120.28153229855604,119.40050602307818,0.7159615017771193,0.5996302072947125,0.11633129448240676,4.625,high,UNK,synthetic_derived
RPER_16a69c26f3685274,REP_82f7cb811b80,Stella Given,MGR_4b97498897f6,Alisha Cordwell,TEAM_b9dd960c1753,Charlie,TERR_938541fb7311,Charlie / Germany,2019-02-01,2019-03-18,test,0.6760026515674947,67.60026515674947,1.7101911533168768,False,False,Context only,low,Calculated incentive was the largest PCA reconstruction deviation (observed 2.691e+04).,14014656.0,12435984.492118554,0.9510370155388751,14336610.270308072,18831098.55,70.48099221306886,26913.29,26913.29,0.0,0.09894586798067062,0.06109942918743412,0.014983403273766027,0.04177706829820473,76,48.29761904761905,179,880.2984032153416,1.013471012480945,121.2752931966713,98.74175514199936,81.41951467548344,0.587748542511901,0.7218767452182815,-0.13412820270638048,0.875,low,UNK,synthetic_derived
RPER_1270e8982716581c,REP_200ef690040c,Mary Gerrard,MGR_31981a685b7e,Britanny Bold,TEAM_4f4a9410ffcd,Delta,TERR_49c0203db75f,Delta / Germany,2018-05-01,2018-06-15,train,0.674468085106383,67.4468085106383,1.7090106237989586,False,False,Context only,low,Calculated incentive was the largest PCA reconstruction deviation (observed 2.75e+04).,15097277.0,13454780.753717318,0.08229635700064808,19080592.206571702,18192658.61,77.47611161966262,27500.0,27500.0,0.0,0.0904803756635071,0.13332873153030686,0.003518902972784941,0.06279542995782512,75,47.773809523809526,213,1003.3518200830237,1.0305660194733395,114.66568082012449,119.76588949062301,104.4478946394599,0.7128921993489465,0.682533814405503,0.03035838494344356,1.75,high,UNK,synthetic_derived
RPER_24c166938dab3031,REP_200ef690040c,Mary Gerrard,MGR_31981a685b7e,Britanny Bold,TEAM_4f4a9410ffcd,Delta,TERR_49c0203db75f,Delta / Germany,2018-09-01,2018-10-15,validation,0.6739508435127323,67.39508435127323,1.7069167419411304,False,False,Context only,low,Calculated incentive was the largest PCA reconstruction deviation (observed 2.75e+04).,27975318.0,24923832.02994354,0.9154860784380332,17405304.904639546,15212732.3,175.3174647841329,27500.0,27500.0,0.0,0.0899859967440507,0.0025891838459142506,0.0013026058048288662,0.030891804212890013,74,47.0,220,1067.7486572342605,1.0295330560660492,124.32695718642603,121.29376469777108,97.56030988186517,0.7219866946295898,0.7400414118239644,-0.01805471719437468,9.0,medium,UNK,synthetic_derived
RPER_721d7a3ede865af0,REP_bba68d031906,Steve Pepple,MGR_eb86f856200b,Tracy Banks,TEAM_f144a6907dc4,Bravo,TERR_07a5ea4d7ed4,Bravo / Germany,2018-11-01,2018-12-15,validation,0.6714043826005913,67.14043826005913,1.6966082354887262,False,False,Context only,low,Calculated incentive was the largest PCA reconstruction deviation (observed 2.564e+04).,16965406.0,15201975.949201433,-0.48816789487508655,25202141.621805403,24290041.39,67.5860959507335,25638.15,25638.15,0.0,0.08902243585235668,0.12017157283374795,0.000853385961240363,0.06715636576575162,81,45.845238095238095,237,1030.5163634270784,1.0240344824897616,121.31318740047136,92.9757654225404,76.64110342399523,0.5534271751341691,0.7221023059551867,-0.1686751308210176,3.625,low,UNK,synthetic_derived
RPER_d985631757f58e88,REP_200ef690040c,Mary Gerrard,MGR_31981a685b7e,Britanny Bold,TEAM_4f4a9410ffcd,Delta,TERR_49c0203db75f,Delta / Germany,2017-09-01,2017-10-15,train,0.6702127659574468,67.02127659574468,1.6917843688446,False,False,Context only,low,Calculated incentive was the largest PCA reconstruction deviation (observed 2.5e+04).,27585928.0,24262913.965369362,0.19392334247127682,20839066.908887897,25112797.53,82.39850952574818,25000.0,25000.0,0.0,0.09742594277985933,0.1341312352422887,0.0004954706389712436,0.055672535233773544,81,47.63095238095238,188,1147.3492758292477,1.0128214677150154,130.42618709746904,118.66801326694136,90.98480597171744,0.7063572218270319,0.776346351770649,-0.06998912994361717,0.875,medium,UNK,synthetic_derived
RPER_6f5614106a574cf8,REP_6003efb01f5e,Sheila Stones,MGR_31981a685b7e,Britanny Bold,TEAM_4f4a9410ffcd,Delta,TERR_49c0203db75f,Delta / Germany,2018-07-01,2018-08-15,validation,0.6688539563290449,66.88539563290449,1.6872866095182772,False,False,Context only,low,Calculated incentive was the largest PCA reconstruction deviation (observed 2.75e+04).,33172195.0,29406654.47037673,0.3561309784372852,21343045.821231797,27052329.09,101.1508724376436,27500.0,27500.0,0.0,0.092820172566258,0.0588481089467555,0.002986154397037593,0.04272303810860806,78,47.666666666666664,249,965.8534689740815,1.0088465771600403,109.9685113761979,105.83692208166235,96.2429342337812,0.629981679057514,0.6545744724773684,-0.02459279341985443,4.5,medium,UNK,synthetic_derived
RPER_ef5ededdaafb3658,REP_56269a9759c4,Anne Wu,MGR_31981a685b7e,Britanny Bold,TEAM_4f4a9410ffcd,Delta,TERR_49c0203db75f,Delta / Germany,2018-06-01,2018-07-15,train,0.6659574468085107,66.59574468085107,1.6776989509990432,False,False,Context only,low,Calculated incentive was the largest PCA reconstruction deviation (observed 2.75e+04).,23270218.0,21166667.87195143,0.21300771682730318,23499419.85402668,19624256.56,109.06264596811586,27500.0,27500.0,0.0,0.09003093973324397,0.025300122421512323,0.008566452290613044,0.07868793095113877,75,45.19047619047619,243,1003.1456270853582,1.0217609856963634,132.5879233392324,117.13141557642008,88.34244675266079,0.6972108070025005,0.7892138294001928,-0.09200302239769231,8.125,medium,UNK,synthetic_derived
RPER_180cae7b56ba6e16,REP_d21d2dd167c5,Morris Garcia,MGR_eb86f856200b,Tracy Banks,TEAM_f144a6907dc4,Bravo,TERR_07a5ea4d7ed4,Bravo / Germany,2018-10-01,2018-11-15,validation,0.6645427141643545,66.45427141643545,1.6744852317707488,False,False,Context only,low,Calculated incentive was the largest PCA reconstruction deviation (observed 2.75e+04).,27428471.0,24807372.01269989,0.09211943562782487,25182792.585486025,22402829.69,114.1681775280993,27500.0,27500.0,0.0,0.09077583674618392,0.04022909880838243,0.003830220554716838,0.08688682517646538,77,48.535714285714285,251,885.72127627535,1.0096247218545302,98.3119150100317,86.06616124130136,87.5439779934296,0.51229857881727,0.5851899702978077,-0.07289139148053769,0.875,medium,UNK,synthetic_derived
RPER_3df1931a7fa7a373,REP_6003efb01f5e,Sheila Stones,MGR_31981a685b7e,Britanny Bold,TEAM_4f4a9410ffcd,Delta,TERR_49c0203db75f,Delta / Germany,2018-11-01,2018-12-15,validation,0.6620033820218191,66.20033820218191,1.6687168623426438,False,False,Context only,low,Calculated incentive was the largest PCA reconstruction deviation (observed 2.75e+04).,22417671.0,20026787.82660161,-0.19995736299396857,23127062.92305812,25013686.96,81.18647624814713,27500.0,27500.0,0.0,0.08929967062013101,0.012824404947338289,0.05329393154124495,0.18644700305422132,78,47.107142857142854,244,1014.3514001168899,1.0188419108162186,98.70408692017367,103.91051677813661,105.27478650623009,0.6185149808222418,0.5875243269057956,0.030990653916446176,6.375,high,UNK,synthetic_derived
RPER_4b69123038971c1d,REP_200ef690040c,Mary Gerrard,MGR_31981a685b7e,Britanny Bold,TEAM_4f4a9410ffcd,Delta,TERR_49c0203db75f,Delta / Germany,2018-02-01,2018-03-15,train,0.6617021276595745,66.17021276595744,1.668032530260146,False,False,Context only,low,Calculated incentive was the largest PCA reconstruction deviation (observed 2.75e+04).,18577965.0,16802060.083305616,-0.35072935957911183,20950001.230937436,29479116.47,58.84754356008066,27500.0,27500.0,0.0,0.08902241003434155,0.004419490340507278,0.007829088596867416,0.13883268433071058,80,47.845238095238095,215,1099.1925329337744,1.0239612438705252,128.0321233028543,128.5116032022341,100.37449968571217,0.7649500190609173,0.7620959720407994,0.0028540470201179335,4.375,high,UNK,synthetic_derived
RPER_1be9525a312b9b50,REP_6003efb01f5e,Sheila Stones,MGR_31981a685b7e,Britanny Bold,TEAM_4f4a9410ffcd,Delta,TERR_49c0203db75f,Delta / Germany,2018-08-01,2018-09-15,validation,0.6605840628704944,66.05840628704944,1.663174229335068,False,False,Context only,low,Calculated incentive was the largest PCA reconstruction deviation (observed 2.75e+04).,24849758.0,22151996.94784027,-0.24670121961151878,22620707.90842876,26506400.26,87.42572305122583,27500.0,27500.0,0.0,0.08951561840079329,0.02006969433922192,0.006822497914347206,0.039097514331482675,76,44.714285714285715,235,922.3941493871414,1.0250018204084637,98.26383444196352,99.80461158671345,101.56800022459936,0.5940750689685325,0.584903776440259,0.009171292528273423,0.0,high,UNK,synthetic_derived
RPER_f437f72807fa681b,REP_db1cc40d477a,Erica Jones,MGR_5e1c70ff0ce6,James Goodwill,TEAM_a405eba78bf2,Alfa,TERR_b31415d90eb9,Alfa / Germany,2018-08-01,2018-09-15,validation,0.660118507287445,66.0118507287445,1.6611512614875024,False,False,Context only,low,Calculated incentive was the largest PCA reconstruction deviation (observed 2.75e+04).,19182130.0,17103762.235629622,-0.014409094066961723,18799409.469800368,22455618.42,84.95474605341865,27500.0,27500.0,0.0,0.08833991526697088,0.08260329172692266,0.0038910145110688317,0.04802066998791282,79,49.63095238095238,205,1075.8075491273685,1.0145946615100758,101.62162906670196,105.6472463675602,103.96137843668687,0.6288526569497631,0.6048906492065592,0.023962007743203895,5.5,high,UNK,synthetic_derived
RPER_853b702056785bca,REP_2234ec3bee93,Daniel Gates,MGR_4b97498897f6,Alisha Cordwell,TEAM_b9dd960c1753,Charlie,TERR_938541fb7311,Charlie / Germany,2018-08-01,2018-09-15,validation,0.6590722450377989,65.90722450377989,1.6566049624671095,False,False,Context only,low,Calculated incentive was the largest PCA reconstruction deviation (observed 2.75e+04).,22274507.0,20077111.897818588,-0.3848684586810009,25027642.354545306,24443884.08,86.49643681558568,27500.0,27500.0,0.0,0.09003403241221895,0.008068628411521419,0.002790455602550274,0.0545734659132818,75,47.55952380952381,215,1084.3158710162413,1.0168156648242548,125.59737096088695,122.50730204229282,97.53970254715249,0.7292101312041239,0.747603398576708,-0.018393267372584066,6.25,medium,UNK,synthetic_derived
RPER_325ccd81d052284c,REP_56269a9759c4,Anne Wu,MGR_31981a685b7e,Britanny Bold,TEAM_4f4a9410ffcd,Delta,TERR_49c0203db75f,Delta / Germany,2018-10-01,2018-11-15,validation,0.658455526847895,65.8455526847895,1.6539251512595783,False,False,Context only,low,Calculated incentive was the largest PCA reconstruction deviation (observed 2.75e+04).,26324651.0,23606706.850083202,0.034498789252156714,19228925.822205003,19632718.49,123.9640988697329,27500.0,27500.0,0.0,0.0915769682035131,0.01198863788673736,0.0006118528661527746,0.20275778146120516,75,48.17857142857143,252,932.7242947678221,1.0263486254692147,132.68658858647564,112.24751555658194,84.59597669392716,0.668139973551083,0.7898011225385455,-0.1216611489874625,0.0,low,UNK,synthetic_derived
RPER_23a1a065c13b13af,REP_a132178ac1b8,Alan Ray,MGR_5e1c70ff0ce6,James Goodwill,TEAM_a405eba78bf2,Alfa,TERR_b31415d90eb9,Alfa / Germany,2018-09-01,2018-10-15,validation,0.6580475854561199,65.80475854561199,1.6521525330174194,False,False,Context only,low,Calculated incentive was the largest PCA reconstruction deviation (observed 2.75e+04).,21867650.0,19598653.165503737,0.8674510957995686,19202017.884048995,25621403.09,79.65071827620199,27500.0,27500.0,0.0,0.08768475271774473,0.006107786397514802,0.004478316728647517,0.03824860646899108,75,46.76190476190476,194,965.4653417753964,1.0118372097918296,104.85224940123021,99.84919158252977,95.22846877652036,0.5943404260864867,0.6241205321501798,-0.02978010606369308,2.625,medium,UNK,synthetic_derived
RPER_74fe2bdbe062d4e6,REP_e7e9152643c7,Jessica Smith,MGR_31981a685b7e,Britanny Bold,TEAM_4f4a9410ffcd,Delta,TERR_49c0203db75f,Delta / Germany,2018-06-01,2018-07-15,train,0.6574468085106383,65.74468085106383,1.6495419909285303,False,False,Context only,low,Calculated incentive was the largest PCA reconstruction deviation (observed 2.75e+04).,33576603.0,29968396.112109993,1.1401233563790862,17283947.64224832,21922990.79,132.90106773888954,27500.0,27500.0,0.0,0.08779909703339557,0.010241635010568052,0.001854003510463203,0.10604770356030829,76,48.23809523809524,230,996.8960527789154,1.0179882152427389,97.64451138396463,94.85871799826279,97.14700463321758,0.5646352261801356,0.5812173296664561,-0.0165821034863205,2.75,medium,UNK,synthetic_derived
RPER_630acd44d333b8b0,REP_82f7cb811b80,Stella Given,MGR_4b97498897f6,Alisha Cordwell,TEAM_b9dd960c1753,Charlie,TERR_938541fb7311,Charlie / Germany,2018-10-01,2018-11-15,validation,0.6559866500695155,65.59866500695155,1.6440415342823949,False,False,Context only,low,Calculated incentive was the largest PCA reconstruction deviation (observed 2.75e+04).,25489346.0,22890232.003814697,1.3755636100314979,12931378.930882255,13757842.69,178.02822940212872,27500.0,27500.0,0.0,0.09023980394528389,0.021236066397608735,0.008771289664358448,0.08551431414108228,76,47.45238095238095,259,1063.918285077246,1.0221065160978204,136.78879422777675,86.42932983367774,63.18451034063369,0.5144602966290341,0.8142190132605759,-0.29975871663154174,0.0,low,UNK,synthetic_derived
RPER_c19d72d0d7be063f,REP_a132178ac1b8,Alan Ray,MGR_5e1c70ff0ce6,James Goodwill,TEAM_a405eba78bf2,Alfa,TERR_b31415d90eb9,Alfa / Germany,2018-11-01,2018-12-15,validation,0.6539475310560906,65.39475310560906,1.6363601173801108,False,False,Context only,low,Calculated incentive was the largest PCA reconstruction deviation (observed 2.75e+04).,30141968.0,26886412.41107295,-0.017204784409115097,19150202.184349056,22014230.36,129.22166033925674,27500.0,27500.0,0.0,0.08984876932367085,0.010378081844922156,0.002440888204785502,0.11728958872508702,82,48.29761904761905,226,1070.1010542449044,1.0169939799057446,106.25943806160605,107.21179983739205,100.89626088106532,0.6381654752225717,0.6324966551286074,0.0056688200939643,2.625,high,UNK,synthetic_derived
RPER_3a069d3763557edd,REP_bba68d031906,Steve Pepple,MGR_eb86f856200b,Tracy Banks,TEAM_f144a6907dc4,Bravo,TERR_07a5ea4d7ed4,Bravo / Germany,2018-02-01,2018-03-15,train,0.6531914893617021,65.31914893617021,1.6335120877104972,False,False,Context only,low,Calculated incentive was the largest PCA reconstruction deviation (observed 2.75e+04).,15660405.0,14129139.239312602,-0.10114925474448716,13528284.233771497,16133686.01,86.71557335925868,27500.0,27500.0,0.0,0.08898712788279005,0.08419195084714343,0.034095011686324984,0.07313171109793236,72,47.666666666666664,222,1054.0947417642485,1.010721344136251,136.7827610183577,95.9892234839904,70.17640437241039,0.5713644254999428,0.8141831012997481,-0.24281867579980532,2.625,low,UNK,synthetic_derived
RPER_eb2ec057bf45b3a3,REP_db1cc40d477a,Erica Jones,MGR_5e1c70ff0ce6,James Goodwill,TEAM_a405eba78bf2,Alfa,TERR_b31415d90eb9,Alfa / Germany,2018-11-01,2018-12-15,validation,0.6511723028325003,65.11723028325002,1.6324332835418596,False,False,Context only,low,Calculated incentive was the largest PCA reconstruction deviation (observed 2.75e+04).,24095218.0,21491098.95934091,-0.08555449399709439,19790380.94448923,22271076.21,105.15842860410905,27500.0,27500.0,0.0,0.09232918467720722,0.0767341879957418,0.03171800759678769,0.04893655697070894,80,46.42857142857143,241,1054.9343147597376,1.023856554000972,116.19884981964981,90.55616210784932,77.93206408531577,0.539024774451484,0.6916598203550584,-0.15263504590357435,0.875,low,UNK,synthetic_derived
RPER_2e4c38460a1c38cf,REP_200ef690040c,Mary Gerrard,MGR_31981a685b7e,Britanny Bold,TEAM_4f4a9410ffcd,Delta,TERR_49c0203db75f,Delta / Germany,2018-06-01,2018-07-15,train,0.648936170212766,64.8936170212766,1.6312385701476744,False,False,Context only,low,Calculated incentive was the largest PCA reconstruction deviation (observed 2.75e+04).,31744859.0,28038490.96912073,1.0839054520731741,17964832.430042267,15251236.15,182.05159223024557,27500.0,27500.0,0.0,0.09096918562240067,0.0032113243129839922,0.01614539805798158,0.06060175147918738,79,49.20238095238095,221,1052.5591600837367,1.014794699713459,131.07086037860446,112.82200997263105,86.07711099686023,0.671559583170423,0.7801836927297885,-0.10862410955936552,1.75,medium,UNK,synthetic_derived
RPER_bb5095e15412c25d,REP_a132178ac1b8,Alan Ray,MGR_5e1c70ff0ce6,James Goodwill,TEAM_a405eba78bf2,Alfa,TERR_b31415d90eb9,Alfa / Germany,2018-07-01,2018-08-15,validation,0.6452768457550936,64.52768457550935,1.6248360604145669,False,False,Context only,low,Calculated incentive was the largest PCA reconstruction deviation (observed 2.75e+04).,23703035.0,21171177.37965934,-0.18384075516758488,16995851.938403632,14335229.96,155.0718883517148,27500.0,27500.0,0.0,0.09081401856811827,0.006906726920630624,0.004243521833826988,0.023861093943647944,74,45.42857142857143,220,1066.5662010510027,1.0162923648492261,97.84798569941523,109.0764391461223,111.47540582102567,0.6492645187269185,0.582428486306043,0.06683603242087544,0.0,high,UNK,synthetic_derived
RPER_477a5a4ac07d7c11,REP_a132178ac1b8,Alan Ray,MGR_5e1c70ff0ce6,James Goodwill,TEAM_a405eba78bf2,Alfa,TERR_b31415d90eb9,Alfa / Germany,2018-03-01,2018-04-15,train,0.6446808510638298,64.46808510638297,1.6237932827500456,False,False,Context only,low,Calculated incentive was the largest PCA reconstruction deviation (observed 2.75e+04).,19372632.0,17113317.62926725,-0.028373444222208128,15912616.832300024,21081745.09,90.44392470710024,27500.0,27500.0,0.0,0.0913742476511271,0.057999906163249036,0.001658156910451853,0.050910454373478076,74,48.17857142857143,218,934.3183519279615,1.0146448596251814,103.1699948330812,89.24491589942379,86.50278217403539,0.5312197374965701,0.6141071121016738,-0.08288737460510365,0.875,medium,UNK,synthetic_derived
RPER_254c223f7af5d235,REP_2234ec3bee93,Daniel Gates,MGR_4b97498897f6,Alisha Cordwell,TEAM_b9dd960c1753,Charlie,TERR_938541fb7311,Charlie / Germany,2018-05-01,2018-06-15,train,0.6404255319148936,64.04255319148936,1.614221942164158,False,False,Context only,low,Calculated incentive was the largest PCA reconstruction deviation (observed 2.75e+04).,21806735.0,19406488.01840997,-0.2060074327297656,23709400.70503257,27582005.76,69.36247786272276,27500.0,27500.0,0.0,0.09145953030718106,0.006690537707779742,0.016864223294518674,0.03474964231763264,81,46.892857142857146,210,1093.2948122647085,1.0229876766828714,120.84442133363007,114.13363236270816,94.44675319153161,0.6793668593018343,0.719312031747798,-0.03994517244596374,0.875,medium,UNK,synthetic_derived
RPER_5af15b13a855159f,REP_db1cc40d477a,Erica Jones,MGR_5e1c70ff0ce6,James Goodwill,TEAM_a405eba78bf2,Alfa,TERR_b31415d90eb9,Alfa / Germany,2018-10-01,2018-11-15,validation,0.638372972024847,63.8372972024847,1.6124524131828644,False,False,Context only,low,Calculated incentive was the largest PCA reconstruction deviation (observed 2.75e+04).,25989854.0,23501782.028849103,0.25238648489938925,17741058.597611353,18285086.76,133.9977082227936,27500.0,27500.0,0.0,0.09051566874239243,0.021581371836457273,0.0012012332143162673,0.08525406893844403,79,48.107142857142854,225,1051.4295211089773,0.997477491143422,100.91624838816962,82.72804086433216,81.97692857756923,0.4924288146686438,0.6006919546914858,-0.10826314002284204,0.0,low,UNK,synthetic_derived
RPER_6a5c0f29a02a7741,REP_e7e9152643c7,Jessica Smith,MGR_31981a685b7e,Britanny Bold,TEAM_4f4a9410ffcd,Delta,TERR_49c0203db75f,Delta / Germany,2017-11-01,2017-12-15,train,0.6361702127659574,63.61702127659574,1.6105533960743652,False,False,Context only,low,Calculated incentive was the largest PCA reconstruction deviation (observed 2.5e+04).,32338210.0,28939506.593079016,0.9530390713285218,17489520.246953603,19999645.36,82.89132462531697,25000.0,25000.0,0.0,0.09873808440201215,0.021073511063167967,0.002389355796432984,0.458691919296218,74,48.964285714285715,178,1063.762847887966,1.0118138569997654,107.46750176178364,74.6814942482054,69.4921655606614,0.44453270385836546,0.6396875104868074,-0.19515480662844192,1.75,low,UNK,synthetic_derived
RPER_ea18e4d5a7139ac6,REP_0dfc420450a6,Abigail Thompson,MGR_eb86f856200b,Tracy Banks,TEAM_f144a6907dc4,Bravo,TERR_07a5ea4d7ed4,Bravo / Germany,2017-07-01,2017-08-15,train,0.6319148936170212,63.191489361702125,1.6084597188445915,False,False,Context only,low,Calculated incentive was the largest PCA reconstruction deviation (observed 2.5e+04).,36596483.30669,32315329.306028847,0.39567317645706124,18242411.42493668,21902611.22,167.45425902463145,25000.0,25000.0,0.0,0.09723204806253243,0.006769590350039834,0.00479087939481806,0.28288564511639297,73,47.70238095238095,192,981.5054841365503,1.029405063535786,105.68764949107852,94.78388114628856,89.68302502960823,0.5641897687279082,0.6290931517326103,-0.06490338300470211,4.5,medium,UNK,synthetic_derived
RPER_8e1d8ef9c7acf6bb,REP_bba68d031906,Steve Pepple,MGR_eb86f856200b,Tracy Banks,TEAM_f144a6907dc4,Bravo,TERR_07a5ea4d7ed4,Bravo / Germany,2018-06-01,2018-07-15,train,0.6276595744680851,62.76595744680851,1.6057019611926906,False,False,Context only,low,Calculated incentive was the largest PCA reconstruction deviation (observed 2.75e+04).,17633391.0,15817961.229159813,-0.21952528127924034,20773072.539710786,22723557.88,68.35825101928654,27500.0,27500.0,0.0,0.09058689270899319,0.02940617934091794,0.0020784525270985477,0.052853270740821565,78,47.595238095238095,214,1043.1907895994566,1.017475696575197,138.2766467904113,102.54737410765422,74.16102175451748,0.6104010363550847,0.8230752785143529,-0.21267424215926822,1.75,low,UNK,synthetic_derived
RPER_a9625af479eb87b6,REP_a132178ac1b8,Alan Ray,MGR_5e1c70ff0ce6,James Goodwill,TEAM_a405eba78bf2,Alfa,TERR_b31415d90eb9,Alfa / Germany,2018-01-01,2018-02-15,train,0.6234042553191489,62.34042553191489,1.605066064870107,False,False,Context only,low,Calculated incentive was the largest PCA reconstruction deviation (observed 2.75e+04).,11543496.0,10340654.327684853,-0.47732594073602236,16047816.251796484,15759093.67,67.37674099400324,27500.0,27500.0,0.0,0.08762592148366458,0.013686434950048064,0.0042472282422709685,0.1784277423728029,80,45.75,212,1085.6680946606887,1.0286242496731424,107.56622179718232,86.38943712158785,80.31279306665283,0.5142228400094515,0.6402751297451329,-0.1260522897356814,0.0,low,UNK,synthetic_derived
RPER_0875dceb17baa4cc,REP_56269a9759c4,Anne Wu,MGR_31981a685b7e,Britanny Bold,TEAM_4f4a9410ffcd,Delta,TERR_49c0203db75f,Delta / Germany,2018-08-01,2018-09-15,validation,0.62023975273914,62.023975273914,1.5975842419636566,False,False,Context only,low,Calculated incentive was the largest PCA reconstruction deviation (observed 2.75e+04).,19028368.0,16957870.14642031,-0.0531325345445226,18841950.343035914,21822410.58,83.99211022041656,27500.0,27500.0,0.0,0.08795276195547841,0.023957942354980576,0.00018329104909347565,0.09688202589150709,78,46.73809523809524,212,943.7538536932211,1.0301600212395818,132.85074596517393,112.38490131231322,84.59485906219471,0.6689577459066263,0.790778249792702,-0.12182050388607568,5.375,low,UNK,synthetic_derived
RPER_d01981e1cff44ab0,REP_db1cc40d477a,Erica Jones,MGR_5e1c70ff0ce6,James Goodwill,TEAM_a405eba78bf2,Alfa,TERR_b31415d90eb9,Alfa / Germany,2018-06-01,2018-07-15,train,0.6191489361702127,61.91489361702127,1.5950052279841158,False,False,Context only,low,Calculated incentive was the largest PCA reconstruction deviation (observed 2.75e+04).,22075962.0,19556008.99871605,0.003468964148163745,21594835.037384614,24161247.44,82.62399702863434,27500.0,27500.0,0.0,0.08943596447846529,0.009075834690156706,0.00385251341982941,0.10808047864153365,77,47.023809523809526,232,986.5081647557986,1.0326198703417806,109.56861487482522,97.70195253032591,89.1696519500076,0.5815592412519399,0.6521941361596739,-0.070634894907734,3.5,medium,UNK,synthetic_derived
RPER_7ddcdb78c30ecf31,REP_2234ec3bee93,Daniel Gates,MGR_4b97498897f6,Alisha Cordwell,TEAM_b9dd960c1753,Charlie,TERR_938541fb7311,Charlie / Germany,2018-11-01,2018-12-15,validation,0.6158124059142719,61.58124059142719,1.591555501473874,False,False,Context only,low,Calculated incentive was the largest PCA reconstruction deviation (observed 2.75e+04).,25206359.0,22713704.02628465,-0.09911713905399848,19470810.516398188,23479571.34,91.47994724899343,27500.0,27500.0,0.0,0.08866056532494812,0.010985439538034405,0.002525924567835397,0.07666613088993514,80,48.226190476190474,229,1091.8190843353968,1.0238058598673498,111.58934660673421,106.123580923663,95.1018929232252,0.6316879816884702,0.6642223012305608,-0.03253431954209063,0.875,medium,UNK,synthetic_derived
RPER_fb49707a7690067c,REP_db1cc40d477a,Erica Jones,MGR_5e1c70ff0ce6,James Goodwill,TEAM_a405eba78bf2,Alfa,TERR_b31415d90eb9,Alfa / Germany,2018-01-01,2018-02-15,train,0.6148936170212767,61.48936170212767,1.590605541438044,False,False,Context only,low,Calculated incentive was the largest PCA reconstruction deviation (observed 2.75e+04).,22130141.0,19647533.189961325,-0.23471876099567826,16553753.824145054,13010965.5,166.52526649547875,27500.0,27500.0,0.0,0.09087763829915224,0.05081268856894105,0.002140255798717854,0.11073616336354956,80,45.17857142857143,217,1130.450624352759,1.0237725901915093,117.48351501865058,93.32053378797931,79.4328751341536,0.5554793677855911,0.6993066370157772,-0.14382726923018607,2.625,low,UNK,synthetic_derived
RPER_f35431d20830ccce,REP_bba68d031906,Steve Pepple,MGR_eb86f856200b,Tracy Banks,TEAM_f144a6907dc4,Bravo,TERR_07a5ea4d7ed4,Bravo / Germany,2018-07-01,2018-08-15,validation,0.6136784929397213,61.367849293972135,1.5886866137090943,False,False,Context only,low,Calculated incentive was the largest PCA reconstruction deviation (observed 2.75e+04).,28561574.0,25562658.513338957,0.6160526722125961,15420562.384336898,17854717.26,138.00579961624308,27500.0,27500.0,0.0,0.09096716140853914,0.008323809611358198,0.001442055651314081,0.1299424889508313,79,46.035714285714285,227,1140.485913028678,1.0185115146064203,128.99102105232663,100.83168903996953,78.16954096290628,0.6001886252379138,0.7678036967400395,-0.16761507150212562,0.875,low,UNK,synthetic_derived
RPER_a8f3a56a2873f099,REP_e7e9152643c7,Jessica Smith,MGR_31981a685b7e,Britanny Bold,TEAM_4f4a9410ffcd,Delta,TERR_49c0203db75f,Delta / Germany,2018-04-01,2018-05-15,train,0.6106382978723405,61.06382978723405,1.583885528202875,False,False,Context only,low,Calculated incentive was the largest PCA reconstruction deviation (observed 2.75e+04).,20445372.0,18451927.96982031,-0.04871271634317024,21096729.479945805,20289240.48,93.50315814952013,27500.0,27500.0,0.0,0.08963545702431773,0.011246061755439487,0.00268223896887503,0.09377628857476136,78,48.916666666666664,228,1074.4180384346764,1.047604521076989,108.49927192753594,101.43261645926557,93.48690978038081,0.603765574162295,0.6458289995686664,-0.04206342540637131,3.5,medium,UNK,synthetic_derived
RPER_bba18f26a9e82cd0,REP_db1cc40d477a,Erica Jones,MGR_5e1c70ff0ce6,James Goodwill,TEAM_a405eba78bf2,Alfa,TERR_b31415d90eb9,Alfa / Germany,2018-09-01,2018-10-15,validation,0.6081136006177932,60.81136006177932,1.571112854386025,False,False,Context only,low,Calculated incentive was the largest PCA reconstruction deviation (observed 2.75e+04).,20825344.0,18765598.568988968,0.0971620343211682,18004528.740853712,19305832.92,100.03482384283764,27500.0,27500.0,0.0,0.08902060515611243,0.005667798949718259,0.031184317620560648,0.22087263469451485,81,49.226190476190474,230,1175.9632713099386,1.0186939737123208,118.96047233266906,91.98537581563582,77.32431959281544,0.5475319989025942,0.7080980495992206,-0.16056605069662644,3.625,low,UNK,synthetic_derived
RPER_f9b7b5809cf86de6,REP_db1cc40d477a,Erica Jones,MGR_5e1c70ff0ce6,James Goodwill,TEAM_a405eba78bf2,Alfa,TERR_b31415d90eb9,Alfa / Germany,2018-07-01,2018-08-15,validation,0.6079583328743904,60.79583328743904,1.5703273407022793,False,False,Context only,low,Calculated incentive was the largest PCA reconstruction deviation (observed 2.75e+04).,19155384.0,17353814.98821547,-0.11260958259147688,17451628.713279758,23856670.57,71.43124075271898,27500.0,27500.0,0.0,0.08955759078343796,0.0332354188961746,0.0010834965175598632,0.06428000153817881,76,48.32142857142857,226,1078.0616648683717,1.0191856377450461,108.58964711823471,87.74781203306043,80.80679361405306,0.522308404958693,0.6463669471323494,-0.12405854217365642,0.0,low,UNK,synthetic_derived
RPER_d7a7c6afc3c376d8,REP_a132178ac1b8,Alan Ray,MGR_5e1c70ff0ce6,James Goodwill,TEAM_a405eba78bf2,Alfa,TERR_b31415d90eb9,Alfa / Germany,2018-02-01,2018-03-15,train,0.6063829787234043,60.63829787234043,1.5623574802842335,False,False,Context only,low,Calculated incentive was the largest PCA reconstruction deviation (observed 2.75e+04).,19591964.2,17613060.82826025,0.7032830099643801,15284065.562367529,18092622.04,97.5899078351155,27500.0,27500.0,0.0,0.09035997183903952,0.004381330566931179,0.02423363866474454,0.1578544777828376,80,45.82142857142857,214,1177.423901193126,1.0099665294995124,114.25870922230264,98.30621656709528,86.03826984937308,0.5851560509946148,0.6801113644184681,-0.09495531342385333,1.875,medium,UNK,synthetic_derived
RPER_e856e5a68684dae0,REP_2234ec3bee93,Daniel Gates,MGR_4b97498897f6,Alisha Cordwell,TEAM_b9dd960c1753,Charlie,TERR_938541fb7311,Charlie / Germany,2018-02-01,2018-03-15,train,0.6021276595744681,60.21276595744681,1.5611056183910115,False,False,Context only,low,Calculated incentive was the largest PCA reconstruction deviation (observed 2.75e+04).,29091586.0,25548828.34345808,1.064222719798911,11712312.31210337,13455331.02,169.15876792374257,27500.0,27500.0,0.0,0.08882883354802684,0.025717353948639388,0.010002662482605677,0.06304047523391598,78,47.833333333333336,237,1064.6589855008756,1.0271798882723866,118.51117985433916,111.65254975742931,94.21267250453525,0.6645985104608888,0.7054236896091617,-0.04082517914827288,2.625,medium,UNK,synthetic_derived
RPER_eb8c0452386b4fce,REP_c56e2fba156a,Thompson Crawford,MGR_5e1c70ff0ce6,James Goodwill,TEAM_a405eba78bf2,Alfa,TERR_b31415d90eb9,Alfa / Germany,2018-01-01,2018-02-15,train,0.597872340425532,59.787234042553195,1.5590285290063477,False,False,Context only,low,Calculated incentive was the largest PCA reconstruction deviation (observed 2.75e+04).,23585075.0,21129512.931368947,0.9651118393546149,14398497.343786726,15987062.47,143.14591233504404,27500.0,27500.0,0.0,0.08849274456245647,0.008027108214637391,0.011551596716667242,0.08512170206505286,77,46.45238095238095,234,1097.4645146491223,1.0157585422166597,126.97718189801054,94.62757395899439,74.52329036172837,0.563259368803538,0.7558165589167294,-0.1925571901131914,0.875,low,UNK,synthetic_derived
RPER_ba122de3a6f86d86,REP_82f7cb811b80,Stella Given,MGR_4b97498897f6,Alisha Cordwell,TEAM_b9dd960c1753,Charlie,TERR_938541fb7311,Charlie / Germany,2018-11-01,2018-12-15,validation,0.5955998570316187,59.559985703161864,1.5471772348475648,False,False,Context only,low,Calculated incentive was the largest PCA reconstruction deviation (observed 2.75e+04).,21574673.0,19374527.76076542,-0.1535897164547472,14894580.444828661,14967941.03,150.2563086502302,27500.0,27500.0,0.0,0.09021348376431813,0.062118271756269605,0.002067547645512159,0.08041117115821363,77,46.357142857142854,224,1004.853962265669,1.0213869732626157,130.8867468758119,91.14028873134076,69.63293909185212,0.5425017186389332,0.7790877790226899,-0.23658606038375674,1.875,low,UNK,synthetic_derived
RPER_bfdd5bada4a3bc88,REP_d21d2dd167c5,Morris Garcia,MGR_eb86f856200b,Tracy Banks,TEAM_f144a6907dc4,Bravo,TERR_07a5ea4d7ed4,Bravo / Germany,2018-01-01,2018-02-15,train,0.5936170212765958,59.361702127659576,1.5368364905040546,False,False,Context only,low,Calculated incentive was the largest PCA reconstruction deviation (observed 2.75e+04).,13942063.0,12564286.977800848,-0.48859407647693903,18273692.31123783,20060589.15,65.85880902159128,27500.0,27500.0,0.0,0.08929110360745514,0.012741833699848288,0.021277707169792288,0.1076974837188759,80,48.607142857142854,230,1109.0502472847602,1.021355922766261,99.73642998161372,103.21647953034334,103.4892461554631,0.6143838067282341,0.5936692260810341,0.020714580647199998,2.625,high,UNK,synthetic_derived
RPER_03b33c1048ecc70c,REP_56269a9759c4,Anne Wu,MGR_31981a685b7e,Britanny Bold,TEAM_4f4a9410ffcd,Delta,TERR_49c0203db75f,Delta / Germany,2018-09-01,2018-10-15,validation,0.5934944607590316,59.34944607590316,1.5360898755517736,False,False,Context only,low,Calculated incentive was the largest PCA reconstruction deviation (observed 2.75e+04).,25392151.0,22819463.005025443,0.34565619432122335,18677994.11118033,19063288.28,130.54556546606364,27500.0,27500.0,0.0,0.08991337980643699,0.00668303657086288,0.004893158880446035,0.134660020267627,76,47.023809523809526,196,1080.8575324083527,1.0265196599291244,122.40307253587095,96.71818291960034,79.01613980421651,0.5757034697595258,0.7285897174754223,-0.15288624771589654,1.75,low,UNK,synthetic_derived
RPER_163599b12e05a00c,REP_82f7cb811b80,Stella Given,MGR_4b97498897f6,Alisha Cordwell,TEAM_b9dd960c1753,Charlie,TERR_938541fb7311,Charlie / Germany,2018-12-01,2019-01-15,validation,0.5920863757679514,59.20863757679514,1.5275120943109886,False,False,Context only,low,Calculated incentive was the largest PCA reconstruction deviation (observed 2.75e+04).,19365388.0,17261264.837109443,-0.10907429330667144,17300155.18094811,21697627.34,68.84016788872552,27500.0,27500.0,0.0,0.08913015663365552,0.02399198339975111,0.004542959259850361,0.13561584682051223,77,45.13095238095238,193,988.1639568941096,1.0224866080346509,128.30337106477498,98.27537424102815,76.59609675525442,0.5849724657204056,0.763710542052232,-0.17873807633182637,4.375,low,UNK,synthetic_derived
RPER_e344cfcc67b97ad9,REP_82f7cb811b80,Stella Given,MGR_4b97498897f6,Alisha Cordwell,TEAM_b9dd960c1753,Charlie,TERR_938541fb7311,Charlie / Germany,2018-07-01,2018-08-15,validation,0.5911931900104613,59.11931900104614,1.522070979546135,False,False,Context only,low,Calculated incentive was the largest PCA reconstruction deviation (observed 2.75e+04).,18825635.0,17000627.461975478,0.12486933812621039,17986602.59245329,17423274.04,100.56050411228303,27500.0,27500.0,0.0,0.08983440748961129,0.028541703975555128,0.03164007227671049,0.16666808687367243,77,46.154761904761905,225,1049.075734815322,1.0047456045255934,128.14297975171706,90.09621947857497,70.30913410406137,0.5362870207058034,0.7627558318554587,-0.22646881114965534,2.75,low,UNK,synthetic_derived
RPER_25e263995e1bbb81,REP_c56e2fba156a,Thompson Crawford,MGR_5e1c70ff0ce6,James Goodwill,TEAM_a405eba78bf2,Alfa,TERR_b31415d90eb9,Alfa / Germany,2018-11-01,2018-12-15,validation,0.5897901957992787,58.97901957992787,1.5135242103512014,False,False,Context only,low,Calculated incentive was the largest PCA reconstruction deviation (observed 2.75e+04).,26969094.0,23935034.42030825,0.03599186900872069,21277563.86696826,27528956.61,80.188891695524,27500.0,27500.0,0.0,0.0894964253515094,0.02054873753439663,0.0050581177089898295,0.11629111738877237,76,46.98809523809524,226,979.4872070622533,1.016751934111429,117.52343997647904,95.18562491264109,80.99288527607037,0.5665811006704826,0.69954428557428,-0.13296318490379733,3.625,low,UNK,synthetic_derived
RPER_d3a4bde8413da68d,REP_6daf09991b71,Jimmy Grey,MGR_4b97498897f6,Alisha Cordwell,TEAM_b9dd960c1753,Charlie,TERR_938541fb7311,Charlie / Germany,2018-01-01,2018-02-15,train,0.5893617021276596,58.93617021276596,1.5109139098356126,False,False,Context only,low,Calculated incentive was the largest PCA reconstruction deviation (observed 2.75e+04).,16709430.0,15035106.203855855,-0.13443818451903716,14169096.032682067,13808844.26,105.33413263283529,27500.0,27500.0,0.0,0.0886431743386539,0.04767475953279006,0.0031800942487921224,0.09853972723363066,77,46.79761904761905,223,900.6374171952243,1.012305236275636,106.83035307513015,103.09712893830793,96.50546494571934,0.6136733865375472,0.6358949587805366,-0.022221572242989374,9.0,medium,UNK,synthetic_derived
RPER_0db631a5e239afff,REP_2234ec3bee93,Daniel Gates,MGR_4b97498897f6,Alisha Cordwell,TEAM_b9dd960c1753,Charlie,TERR_938541fb7311,Charlie / Germany,2018-06-01,2018-07-15,train,0.5851063829787234,58.51063829787234,1.5085671050784548,False,False,Context only,low,Calculated incentive was the largest PCA reconstruction deviation (observed 2.75e+04).,25588586.0,23037709.68537532,0.18711379738160716,21661953.930016533,26840248.69,93.08857679825783,27500.0,27500.0,0.0,0.09231082087838387,0.008186744081043588,0.007498437233111424,0.08490580643948312,79,47.714285714285715,228,1077.0301860417326,1.0312261072163569,118.12638731485288,106.92314261879477,90.51588307175001,0.636447277492826,0.7031332578265053,-0.06668598033367923,0.875,medium,UNK,synthetic_derived
RPER_a041724f9eec8b57,REP_6daf09991b71,Jimmy Grey,MGR_4b97498897f6,Alisha Cordwell,TEAM_b9dd960c1753,Charlie,TERR_938541fb7311,Charlie / Germany,2018-04-01,2018-05-15,train,0.5808510638297872,58.08510638297872,1.5058284709109646,False,False,Context only,low,Calculated incentive was the largest PCA reconstruction deviation (observed 2.75e+04).,29758198.0,26256020.411452543,0.11322340267900884,18209426.010485545,17417720.15,154.43321199742013,27500.0,27500.0,0.0,0.08911300341550113,0.016046568202191316,0.006998664109122983,0.03932025288309506,78,46.69047619047619,215,1106.1864106805315,1.0076964999181106,124.63030530474833,96.64780564842819,77.5475959977015,0.5752845574311202,0.7418470553854067,-0.16656249795428657,1.75,low,UNK,synthetic_derived
RPER_b9c6f42b6dc33186,REP_d21d2dd167c5,Morris Garcia,MGR_eb86f856200b,Tracy Banks,TEAM_f144a6907dc4,Bravo,TERR_07a5ea4d7ed4,Bravo / Germany,2017-05-01,2017-06-15,train,0.5765957446808511,57.659574468085104,1.5050384554435352,False,False,Context only,low,Calculated incentive was the largest PCA reconstruction deviation (observed 2.5e+04).,25655127.0,22915137.797773015,0.6120011565233596,13344099.559157014,17711424.55,139.27815561140798,25000.0,25000.0,0.0,0.09964223880706057,0.001970009020564174,0.0008648992685023555,0.06057158764802833,81,50.05952380952381,190,1061.0560164608055,1.0269818181027148,113.73661187812033,78.75846030316745,69.24635700205725,0.46880035894742533,0.6770036421316686,-0.2082032831842433,2.625,low,UNK,synthetic_derived
RPER_9c22e0475f819b5c,REP_56269a9759c4,Anne Wu,MGR_31981a685b7e,Britanny Bold,TEAM_4f4a9410ffcd,Delta,TERR_49c0203db75f,Delta / Germany,2018-04-01,2018-05-15,train,0.5723404255319149,57.234042553191486,1.504866358722298,False,False,Context only,low,Calculated incentive was the largest PCA reconstruction deviation (observed 2.634e+04).,16143838.0,14512630.265274527,-0.6233996387785585,23205945.996249363,20401955.82,68.84469798976033,26335.02,26335.02,0.0,0.09058000547240955,0.05659042136414744,0.012045995275261881,0.10685970321779587,80,45.892857142857146,220,922.6255712036897,1.0298864857471566,133.36693358723397,118.11362324141797,88.56289941176539,0.7030572811989165,0.793850795162107,-0.09079351396319046,2.75,medium,UNK,synthetic_derived
RPER_9cd6eaacf36b2e74,REP_6003efb01f5e,Sheila Stones,MGR_31981a685b7e,Britanny Bold,TEAM_4f4a9410ffcd,Delta,TERR_49c0203db75f,Delta / Germany,2018-01-01,2018-02-15,train,0.5680851063829787,56.80851063829787,1.5041652094781501,False,False,Context only,low,Calculated incentive was the largest PCA reconstruction deviation (observed 2.75e+04).,16899636.0,15060922.26228797,0.029246085890397216,16402898.272740208,15902036.33,90.74531201901604,27500.0,27500.0,0.0,0.09015503966027587,0.014100185626496637,0.030459180448745894,0.23400779750981615,81,46.54761904761905,219,996.3052952587923,1.0197030621755707,107.05933367918475,109.30159202020927,102.09440715159286,0.6506047144060075,0.6372579385665759,0.013346775839431668,1.75,high,UNK,synthetic_derived
RPER_d81bd4369c3622dd,REP_d21d2dd167c5,Morris Garcia,MGR_eb86f856200b,Tracy Banks,TEAM_f144a6907dc4,Bravo,TERR_07a5ea4d7ed4,Bravo / Germany,2018-03-01,2018-04-15,train,0.5638297872340425,56.38297872340425,1.5036192999684592,False,False,Context only,low,Calculated incentive was the largest PCA reconstruction deviation (observed 2.75e+04).,16338374.0,14698397.664124101,-0.06250278654994562,17603584.654280763,16968436.46,80.74662380349426,27500.0,27500.0,0.0,0.08739676573937652,0.012937324049791072,0.010376308179789323,0.10553796122166316,82,45.226190476190474,232,1025.429806770525,1.0269557877007243,107.6256816424793,89.82902697993455,83.46430481001433,0.5346965891662772,0.6406290573957101,-0.10593246822943292,2.625,low,UNK,synthetic_derived
RPER_0a661bedefb553cd,REP_c56e2fba156a,Thompson Crawford,MGR_5e1c70ff0ce6,James Goodwill,TEAM_a405eba78bf2,Alfa,TERR_b31415d90eb9,Alfa / Germany,2018-08-01,2018-09-15,validation,0.5611187786328639,56.11187786328639,1.497660854207917,False,False,Context only,low,Calculated incentive was the largest PCA reconstruction deviation (observed 2.75e+04).,19280823.0,17119416.96074669,0.10297962975196598,16966542.80554122,16928905.89,108.25152839490416,27500.0,27500.0,0.0,0.09038578241603502,0.02150991961113337,0.01640752199174106,0.04481733583880493,77,47.94047619047619,196,1080.9049068362333,1.0176839161676632,126.99038134800941,95.22999721292481,74.98992931752272,0.5668452215055049,0.7558951270714845,-0.18904990556597967,3.5,low,UNK,synthetic_derived
RPER_006b58750be8107d,REP_db1cc40d477a,Erica Jones,MGR_5e1c70ff0ce6,James Goodwill,TEAM_a405eba78bf2,Alfa,TERR_b31415d90eb9,Alfa / Germany,2018-12-01,2019-01-15,validation,0.5601405760745594,56.01405760745594,1.4955108916869766,False,False,Context only,low,Calculated incentive was the largest PCA reconstruction deviation (observed 2.75e+04).,18013990.0,16097767.774716519,-0.2509565097079519,21252826.51905966,23279606.51,77.31134002748331,27500.0,27500.0,0.0,0.08724196805456214,0.06573827974547901,0.00033547980001330426,0.08482515239022058,75,46.48192771084337,202,984.5757884077336,1.0216531044296142,101.78393372896451,89.1229326878173,87.56090418468048,0.5304936469512934,0.6058567483866936,-0.07536310143540015,2.625,medium,UNK,synthetic_derived
RPER_1aee5e4a99dbd301,REP_56269a9759c4,Anne Wu,MGR_31981a685b7e,Britanny Bold,TEAM_4f4a9410ffcd,Delta,TERR_49c0203db75f,Delta / Germany,2018-07-01,2018-08-15,validation,0.5596320303490223,55.96320303490223,1.494393174051905,False,False,Context only,low,Calculated incentive was the largest PCA reconstruction deviation (observed 2.75e+04).,19795733.0,17909444.315169245,-0.1538845687231871,17709678.99307101,20245980.13,91.55351020739363,27500.0,27500.0,0.0,0.09156403868800679,0.021430980670917314,0.0031860716758373465,0.05006677359165222,77,46.0,239,1080.1604267871176,1.031417587839738,132.34779556924946,101.60315543493039,76.7698132015865,0.6047806871126808,0.7877844974360086,-0.1830038103233278,2.75,low,UNK,synthetic_derived
RPER_a5df6e2c137eed74,REP_e7e9152643c7,Jessica Smith,MGR_31981a685b7e,Britanny Bold,TEAM_4f4a9410ffcd,Delta,TERR_49c0203db75f,Delta / Germany,2017-08-01,2017-09-15,train,0.5595744680851064,55.95744680851064,1.494266659651601,False,False,Context only,low,Calculated incentive was the largest PCA reconstruction deviation (observed 2.5e+04).,21810012.0,19465965.426592972,0.21182195875259646,14483971.447473332,16238734.62,127.80059822275555,25000.0,25000.0,0.0,0.09799934188544061,0.0015726203250420053,0.002258863142964041,0.04945454859316225,71,48.595238095238095,167,941.9346737634013,1.0131487302423163,100.1397893028409,84.28553000356357,84.16787232162915,0.501699583354545,0.596070174421672,-0.09437059106712697,1.75,low,UNK,synthetic_derived
RPER_d3b5b8966efc9e7d,REP_bba68d031906,Steve Pepple,MGR_eb86f856200b,Tracy Banks,TEAM_f144a6907dc4,Bravo,TERR_07a5ea4d7ed4,Bravo / Germany,2017-04-01,2017-05-15,train,0.5553191489361702,55.53191489361702,1.4939564636075227,False,False,Context only,low,Calculated incentive was the largest PCA reconstruction deviation (observed 2.5e+04).,15404074.0,13657919.87165363,-0.3255091831775093,13053488.848016517,13584111.08,103.77306237413259,25000.0,25000.0,0.0,0.09642816469595955,0.12286095408996604,0.018786467657832026,0.12148857279032689,78,48.36904761904762,171,963.052458720001,1.027803139475574,129.21289918450594,90.09142955962616,69.72324754588365,0.5362585092834891,0.7691243999077735,-0.23286589062428442,0.0,low,UNK,synthetic_derived
RPER_3c738aea125bc2a4,REP_56269a9759c4,Anne Wu,MGR_31981a685b7e,Britanny Bold,TEAM_4f4a9410ffcd,Delta,TERR_49c0203db75f,Delta / Germany,2018-02-01,2018-03-15,train,0.551063829787234,55.1063829787234,1.4902565727785952,False,False,Context only,low,Calculated incentive was the largest PCA reconstruction deviation (observed 2.75e+04).,20065106.0,17957177.808508,0.3681899327899346,18308076.880807854,14127892.46,130.86916324605744,27500.0,27500.0,0.0,0.08875758173975583,0.01878323328808911,0.009901425052985456,0.07745546227175751,79,47.023809523809526,232,1042.738666450446,1.0185091368411534,117.46337103905077,114.01971478774156,97.06831481095126,0.6786887784984617,0.6991867323753022,-0.020497953876840502,4.5,medium,UNK,synthetic_derived
RPER_7551f3af62fc7758,REP_6003efb01f5e,Sheila Stones,MGR_31981a685b7e,Britanny Bold,TEAM_4f4a9410ffcd,Delta,TERR_49c0203db75f,Delta / Germany,2018-06-01,2018-07-15,train,0.5468085106382978,54.680851063829785,1.4872706761382053,False,False,Context only,low,Calculated incentive was the largest PCA reconstruction deviation (observed 2.75e+04).,24316826.0,21684228.83773586,0.2929412672142776,21888770.70688479,28109024.2,77.38020822812865,27500.0,27500.0,0.0,0.09168956469043897,0.005459802267850623,0.022549829333160725,0.12497377125342021,82,48.01190476190476,235,1032.7966647068263,1.012324912983383,115.98463141653542,106.92249380487925,92.1867772471412,0.6364434155052336,0.6903847108127108,-0.053941295307477155,1.75,medium,UNK,synthetic_derived
RPER_d6ba604d09f7f403,REP_56269a9759c4,Anne Wu,MGR_31981a685b7e,Britanny Bold,TEAM_4f4a9410ffcd,Delta,TERR_49c0203db75f,Delta / Germany,2018-11-01,2018-12-15,validation,0.5431489190538021,54.314891905380215,1.4813530837128488,False,False,Context only,low,Calculated incentive was the largest PCA reconstruction deviation (observed 2.75e+04).,22264385.0,20111401.964539796,-0.14806406110520606,21128013.33384299,26297110.55,83.32930278177496,27500.0,27500.0,0.0,0.09029368217335773,0.0032753022844155518,0.00020918374957883145,0.26556365652753894,79,46.44047619047619,222,1033.487574217389,1.0143910540005094,117.04997427050992,109.58079033071701,93.61880770470641,0.6522666091114108,0.6967260373244638,-0.04445942821305304,3.625,medium,UNK,synthetic_derived
RPER_10660a679152723a,REP_a132178ac1b8,Alan Ray,MGR_5e1c70ff0ce6,James Goodwill,TEAM_a405eba78bf2,Alfa,TERR_b31415d90eb9,Alfa / Germany,2018-06-01,2018-07-15,train,0.5425531914893617,54.25531914893617,1.4803897868963831,False,False,Context only,low,Calculated incentive was the largest PCA reconstruction deviation (observed 2.75e+04).,29378437.0,25940008.048314754,1.0227064906356762,14053621.798721133,15006704.49,189.24814980716656,27500.0,27500.0,0.0,0.09117700306048655,0.021111691579362584,0.004319452599791822,0.024185679254572844,80,49.07142857142857,214,1041.2471820953235,1.0334761962833219,111.78298382531321,98.37057604455731,88.00138686428706,0.585539143122365,0.6653749037221024,-0.0798357605997374,2.75,medium,UNK,synthetic_derived
RPER_1fe2728164c12435,REP_db1cc40d477a,Erica Jones,MGR_5e1c70ff0ce6,James Goodwill,TEAM_a405eba78bf2,Alfa,TERR_b31415d90eb9,Alfa / Germany,2018-02-01,2018-03-15,train,0.5382978723404256,53.829787234042556,1.4773290857348338,False,False,Context only,low,Calculated incentive was the largest PCA reconstruction deviation (observed 2.75e+04).,22731712.0,20349321.622006293,0.03571890808173,19113698.826726157,20786201.54,91.90000307828464,27500.0,27500.0,0.0,0.08962442155363566,0.008328863827556982,0.015956861528459005,0.05714586641488827,80,46.345238095238095,231,1026.1403119154372,1.0038668126733525,111.57308193944186,94.7664555949085,84.93666567922232,0.5640860452077887,0.664125487734773,-0.10003944252698427,3.75,low,UNK,synthetic_derived
RPER_0a6d15f6a7a65243,REP_d21d2dd167c5,Morris Garcia,MGR_eb86f856200b,Tracy Banks,TEAM_f144a6907dc4,Bravo,TERR_07a5ea4d7ed4,Bravo / Germany,2018-04-01,2018-05-15,train,0.5340425531914894,53.404255319148945,1.4742302303991797,False,False,Context only,low,Calculated incentive was the largest PCA reconstruction deviation (observed 2.75e+04).,19115747.0,17108820.589094568,0.16399222419011258,14313674.028230786,17078266.98,96.53889453863427,27500.0,27500.0,0.0,0.0925576739527862,0.018044691985918102,0.01340564359533883,0.07208472941704798,79,46.357142857142854,213,980.0489955931778,1.0271299577687596,108.65028860412536,85.00685349868921,78.2389578442975,0.5059931755874357,0.6467279083578891,-0.14073473277045334,0.875,low,UNK,synthetic_derived
RPER_9660b6032c98ab3d,REP_82f7cb811b80,Stella Given,MGR_4b97498897f6,Alisha Cordwell,TEAM_b9dd960c1753,Charlie,TERR_938541fb7311,Charlie / Germany,2018-04-01,2018-05-15,train,0.5297872340425532,52.97872340425533,1.4734568299279744,False,False,Context only,low,Calculated incentive was the largest PCA reconstruction deviation (observed 2.75e+04).,16147331.0,14577131.167047337,-0.4188845907956609,18870838.141892407,18787519.22,83.95325243323354,27500.0,27500.0,0.0,0.08790040509487829,0.04541098155994001,0.007501563234644263,0.1365596083234966,79,45.964285714285715,225,949.9952109372417,1.0231502342303855,122.96835293099095,98.5521280831334,80.14430195583755,0.5866198100186512,0.731954481732089,-0.14533467171343784,2.625,low,UNK,synthetic_derived
RPER_51d937f345076131,REP_d21d2dd167c5,Morris Garcia,MGR_eb86f856200b,Tracy Banks,TEAM_f144a6907dc4,Bravo,TERR_07a5ea4d7ed4,Bravo / Germany,2017-06-01,2017-07-15,train,0.5255319148936171,52.55319148936171,1.4643662562380135,False,False,Context only,low,Calculated incentive was the largest PCA reconstruction deviation (observed 2.5e+04).,25089351.0,22186147.360815186,-0.03181261415013943,16235060.58620354,16508947.53,127.24232244983793,25000.0,25000.0,0.0,0.09917716723865791,0.03610826517360439,0.001138290205260485,0.06519210023523231,75,47.55952380952381,171,804.0348637633151,1.0176494446908642,97.9826600985044,75.33374649241809,76.88477371065778,0.4484151576929648,0.5832301196339548,-0.13481496194098996,0.875,low,UNK,synthetic_derived
RPER_4c915c316d41d4c2,REP_82f7cb811b80,Stella Given,MGR_4b97498897f6,Alisha Cordwell,TEAM_b9dd960c1753,Charlie,TERR_938541fb7311,Charlie / Germany,2018-03-01,2018-04-15,train,0.5212765957446809,52.12765957446809,1.4588217914035313,False,False,Context only,low,Calculated incentive was the largest PCA reconstruction deviation (observed 2.75e+04).,28163872.0,25084743.81535724,0.4627400944666533,14779064.799948452,15870118.02,174.28890198836083,27500.0,27500.0,0.0,0.09087053350417057,0.010912007134458848,0.005653135445992721,0.06589870973840463,73,48.273809523809526,229,1030.883483076851,1.0098995655510832,129.46557043375515,96.81419635854375,74.77987856862808,0.5762749783246652,0.7706283954390187,-0.1943534171143535,2.75,low,UNK,synthetic_derived
RPER_847a0cc4bb7fc340,REP_db1cc40d477a,Erica Jones,MGR_5e1c70ff0ce6,James Goodwill,TEAM_a405eba78bf2,Alfa,TERR_b31415d90eb9,Alfa / Germany,2017-03-01,2017-04-15,train,0.5170212765957447,51.70212765957447,1.4581921564667082,False,False,Context only,low,Post incentive return rate was the largest PCA reconstruction deviation (observed 0.09955).,16560457.0,14882975.614541927,0.024656328472918397,12116395.205793267,13798781.21,116.42981551107174,25000.0,25000.0,0.0,0.09760790237959967,0.008200996012954228,0.09954671619482762,0.14890736084806994,82,47.63095238095238,180,1053.186001310768,1.0031051029879303,100.19524961378792,84.55168452406886,84.3869193898726,0.5032838364527908,0.5964002953201663,-0.0931164588673754,0.875,low,UNK,synthetic_derived
RPER_e2efdf8139bd2e13,REP_200ef690040c,Mary Gerrard,MGR_31981a685b7e,Britanny Bold,TEAM_4f4a9410ffcd,Delta,TERR_49c0203db75f,Delta / Germany,2017-11-01,2017-12-15,train,0.5127659574468085,51.276595744680854,1.4541742966223001,False,False,Context only,low,Calculated incentive was the largest PCA reconstruction deviation (observed 2.5e+04).,31145558.0,27601514.467116997,0.5716083359492402,20715836.06003444,23382406.72,126.94386279102578,25000.0,25000.0,0.0,0.09912708108016247,0.03563342031379033,0.019114910521608165,0.08371985956855231,76,48.916666666666664,186,1109.6660327252048,1.0091021919928744,132.6895144384069,118.63611898854526,89.40881236219681,0.706167374931817,0.7898185383238505,-0.08365116339203349,4.5,medium,UNK,synthetic_derived
RPER_d2ffe731564a47ad,REP_2234ec3bee93,Daniel Gates,MGR_4b97498897f6,Alisha Cordwell,TEAM_b9dd960c1753,Charlie,TERR_938541fb7311,Charlie / Germany,2018-01-01,2018-02-15,train,0.5085106382978724,50.851063829787236,1.4536255669883609,False,False,Context only,low,Calculated incentive was the largest PCA reconstruction deviation (observed 2.75e+04).,13770923.0,12376972.745434636,-0.007688856230391394,11133570.649451844,10938295.52,127.9947757110901,27500.0,27500.0,0.0,0.08738809598873179,0.0022429236658343585,0.010155439739453589,0.04962823892124836,78,46.67857142857143,219,1049.3947701745776,1.0265291551337743,117.56185611853192,101.89410343189455,86.67275832150835,0.6065125204279438,0.6997729530864996,-0.09326043265855577,1.75,medium,UNK,synthetic_derived
RPER_c8d6c0f332403889,REP_82f7cb811b80,Stella Given,MGR_4b97498897f6,Alisha Cordwell,TEAM_b9dd960c1753,Charlie,TERR_938541fb7311,Charlie / Germany,2018-01-01,2018-02-15,train,0.5042553191489362,50.42553191489362,1.4533745782463905,False,False,Context only,low,Calculated incentive was the largest PCA reconstruction deviation (observed 2.75e+04).,15930255.0,14378624.35375026,0.12250360281686197,13288671.65739195,14066561.24,107.64660822419086,27500.0,27500.0,0.0,0.08747137921909141,0.029627939401222672,0.026729014780215603,0.11960026400215226,76,48.142857142857146,217,956.54454114633,1.028803637252983,138.57789512611657,115.24019077755985,83.15914357963251,0.6859535165330943,0.8248684233697415,-0.1389149068366472,2.75,low,UNK,synthetic_derived
RPER_ed19a1d09912bed4,REP_6daf09991b71,Jimmy Grey,MGR_4b97498897f6,Alisha Cordwell,TEAM_b9dd960c1753,Charlie,TERR_938541fb7311,Charlie / Germany,2018-03-01,2018-04-15,train,0.5,50.0,1.4530180481894432,False,False,Context only,low,Calculated incentive was the largest PCA reconstruction deviation (observed 2.75e+04).,26699800.0,23585580.70937654,0.4733997473564249,16137680.331202632,17948779.79,140.8719352636945,27500.0,27500.0,0.0,0.09017650999813313,0.005380700988942482,0.006588012948945743,0.05430622572555855,80,48.05952380952381,230,1001.3043814040648,1.027189877372161,124.90459248865037,109.43358610870605,87.61374095884416,0.6513903935042027,0.7434797171943475,-0.09208932369014478,5.25,medium,UNK,synthetic_derived
RPER_f3d45a9e0199d4c7,REP_56269a9759c4,Anne Wu,MGR_31981a685b7e,Britanny Bold,TEAM_4f4a9410ffcd,Delta,TERR_49c0203db75f,Delta / Germany,2019-04-01,2019-05-18,test,0.4983352508917558,49.83352508917558,1.4417315670482265,False,False,Context only,low,Calculated incentive was the largest PCA reconstruction deviation (observed 2.342e+04).,11720220.0,10493415.79888418,-0.25132816722338697,12752901.06125673,15821913.21,70.39494061162046,23419.85,23419.85,0.0,0.09649291156265945,0.03407194881836031,0.007537584958029607,0.161201596922936,73,48.42307692307692,157,1010.9670638177857,1.03091916284064,125.40086708718835,121.33470211831029,96.75746662417339,0.722230369751847,0.7464337326618354,-0.02420336290998848,7.375,medium,UNK,synthetic_derived
RPER_3929f88735783e48,REP_6003efb01f5e,Sheila Stones,MGR_31981a685b7e,Britanny Bold,TEAM_4f4a9410ffcd,Delta,TERR_49c0203db75f,Delta / Germany,2018-03-01,2018-04-15,train,0.4957446808510638,49.57446808510638,1.4241683079574263,False,False,Context only,low,Calculated incentive was the largest PCA reconstruction deviation (observed 2.75e+04).,26061372.0,23321403.494694848,0.0458131472651609,17331222.64567472,17190459.67,134.9603477590075,27500.0,27500.0,0.0,0.09033933424039262,0.026710438555947694,0.008792932513850176,0.22659356720694707,77,46.142857142857146,245,987.3008594667758,1.0294342711839823,117.0952453256796,98.53471433422607,84.14920184006556,0.5865161567513456,0.69699550789095,-0.11047935113960439,2.75,low,UNK,synthetic_derived
RPER_3b142d7baac8e7a9,REP_d21d2dd167c5,Morris Garcia,MGR_eb86f856200b,Tracy Banks,TEAM_f144a6907dc4,Bravo,TERR_07a5ea4d7ed4,Bravo / Germany,2018-06-01,2018-07-15,train,0.49148936170212765,49.148936170212764,1.4238862599205377,False,False,Context only,low,Calculated incentive was the largest PCA reconstruction deviation (observed 2.75e+04).,20282336.0,18187374.59784489,0.49234664518001536,14664772.035951175,16953241.01,117.86263557110661,27500.0,27500.0,0.0,0.09098702569595733,0.026132358869617674,0.00034828880026077755,0.15904949353304887,81,48.285714285714285,201,987.0111243858476,1.018339600139113,116.95879118628359,98.85985177635068,84.52537066571917,0.588451498668754,0.6961832808707357,-0.10773178220198165,1.75,low,UNK,synthetic_derived
RPER_a56116a46956ba51,REP_6003efb01f5e,Sheila Stones,MGR_31981a685b7e,Britanny Bold,TEAM_4f4a9410ffcd,Delta,TERR_49c0203db75f,Delta / Germany,2017-06-01,2017-07-15,train,0.48723404255319147,48.723404255319146,1.4227713455384021,False,False,Context only,low,Calculated incentive was the largest PCA reconstruction deviation (observed 2.5e+04).,32046512.0,28542649.486621108,1.3148840073720718,13355315.382745832,13444441.74,224.38551095687123,25000.0,25000.0,0.0,0.09975612294113845,0.0035624523225333826,0.0024364681734635597,0.0715539398331659,75,48.166666666666664,169,1084.5896213351612,1.0314431627264233,100.2055436533407,88.78691209110718,88.6047905675398,0.5284935243518285,0.5964615693651232,-0.06796804501329468,0.875,medium,UNK,synthetic_derived
RPER_9b6c0bba8fa3b424,REP_bba68d031906,Steve Pepple,MGR_eb86f856200b,Tracy Banks,TEAM_f144a6907dc4,Bravo,TERR_07a5ea4d7ed4,Bravo / Germany,2018-01-01,2018-02-15,train,0.4829787234042553,48.29787234042553,1.4057804514356986,False,False,Context only,low,Calculated incentive was the largest PCA reconstruction deviation (observed 2.75e+04).,17460099.0,15719116.120103084,0.9577673765707374,12424461.359196626,12284294.28,110.92909260131422,27500.0,27500.0,0.0,0.08760678353970477,0.012439963634320027,0.025237582079974643,0.07189246245910824,77,45.92857142857143,194,1020.5176209833671,1.0191709486840124,128.57937933878688,90.02485367455112,70.01500095699598,0.5358622242532805,0.76535344844516,-0.2294912241918795,3.625,low,UNK,synthetic_derived
RPER_5de388944f114449,REP_200ef690040c,Mary Gerrard,MGR_31981a685b7e,Britanny Bold,TEAM_4f4a9410ffcd,Delta,TERR_49c0203db75f,Delta / Germany,2017-08-01,2017-09-15,train,0.4787234042553192,47.87234042553192,1.390257891042857,False,False,Context only,low,Calculated incentive was the largest PCA reconstruction deviation (observed 2.5e+04).,22404909.0,20322003.182505894,-0.16488392258207268,17387358.734138478,21163267.03,102.73844780867556,25000.0,25000.0,0.0,0.10055441370975128,0.006988737608338819,0.009437713470061618,0.37634380285118446,79,48.154761904761905,187,1132.9029752528556,0.9982429019873058,122.2945495109506,94.87453150142755,77.57870802977382,0.564729354175164,0.7279437470889917,-0.16321439291382767,2.625,low,UNK,synthetic_derived
RPER_b903e13d47deda6e,REP_d21d2dd167c5,Morris Garcia,MGR_eb86f856200b,Tracy Banks,TEAM_f144a6907dc4,Bravo,TERR_07a5ea4d7ed4,Bravo / Germany,2018-02-01,2018-03-15,train,0.474468085106383,47.4468085106383,1.3796931250261317,False,False,Context only,low,Calculated incentive was the largest PCA reconstruction deviation (observed 2.75e+04).,17589248.0,15678337.442767413,0.24784935830171748,16723948.1419106,15440869.31,108.51442682008438,27500.0,27500.0,0.0,0.09056779981725152,0.030690608451077656,0.010066984043721217,0.14364269256360812,80,47.75,219,1083.8404121839149,1.0244913353830598,109.86855525543608,89.83651582664078,81.76726782087711,0.5347411656347665,0.6539794955680719,-0.11923832993330541,0.875,low,UNK,synthetic_derived
RPER_15f1a8d5c5af6249,REP_bba68d031906,Steve Pepple,MGR_eb86f856200b,Tracy Banks,TEAM_f144a6907dc4,Bravo,TERR_07a5ea4d7ed4,Bravo / Germany,2017-03-01,2017-04-15,train,0.4702127659574468,47.02127659574468,1.3768299216143676,False,False,Context only,low,Calculated incentive was the largest PCA reconstruction deviation (observed 2.5e+04).,22722490.0,20249230.280103363,0.43376365891604335,9455618.131973095,10394724.58,190.52059320043583,25000.0,25000.0,0.0,0.09916373666105475,0.005385603160697415,0.007426720017929962,0.07095582295745563,80,48.857142857142854,171,996.4908087325201,1.0087854867782653,131.05761912614116,81.41990034011448,62.125270459666254,0.48464226392925286,0.7801048757508402,-0.29546261182158734,2.625,low,UNK,synthetic_derived
RPER_ab93cdb634454bed,REP_a132178ac1b8,Alan Ray,MGR_5e1c70ff0ce6,James Goodwill,TEAM_a405eba78bf2,Alfa,TERR_b31415d90eb9,Alfa / Germany,2018-05-01,2018-06-15,train,0.46595744680851064,46.59574468085106,1.375055155749633,False,False,Context only,low,Calculated incentive was the largest PCA reconstruction deviation (observed 2.75e+04).,14298435.0,12824405.403555404,0.049190545470365485,15649840.27362275,17391841.56,77.96404204727435,27500.0,27500.0,0.0,0.0910880212375969,0.011593932525591403,0.0011237149425560357,0.08240047570399339,78,48.32142857142857,226,903.0797162344928,1.0235827555714667,114.75961585928567,92.24102304262142,80.37759829705618,0.5490537085870323,0.6830929515433671,-0.13403924295633485,4.5,low,UNK,synthetic_derived
RPER_0de6c2fb39c0fa97,REP_82f7cb811b80,Stella Given,MGR_4b97498897f6,Alisha Cordwell,TEAM_b9dd960c1753,Charlie,TERR_938541fb7311,Charlie / Germany,2017-06-01,2017-07-15,train,0.46170212765957447,46.170212765957444,1.3743117562671001,False,False,Context only,low,Calculated incentive was the largest PCA reconstruction deviation (observed 2.5e+04).,15066779.0,13416768.30775088,-0.058354359036678766,12116443.551636728,15283556.62,88.01806286448624,25000.0,25000.0,0.0,0.09866635267922075,0.017691980848484327,0.07008701424109122,0.1907051105184706,80,48.5,177,900.8560185532118,1.0032739985168624,129.45286961444353,87.82670941537265,67.8445442553353,0.522778032234361,0.7705527953240686,-0.24777476308970758,0.0,low,UNK,synthetic_derived
RPER_edbf0874ceb5518d,REP_0dfc420450a6,Abigail Thompson,MGR_eb86f856200b,Tracy Banks,TEAM_f144a6907dc4,Bravo,TERR_07a5ea4d7ed4,Bravo / Germany,2017-05-01,2017-06-15,train,0.4574468085106383,45.744680851063826,1.3637361450855578,False,False,Context only,low,Calculated incentive was the largest PCA reconstruction deviation (observed 2.5e+04).,22478781.0,20080170.8118605,0.7471461320563237,11701681.107750557,11971275.68,182.81186705519508,25000.0,25000.0,0.0,0.09860413202042002,0.002203346889609075,0.04747824694078642,0.08188626910825902,72,47.475,169,1011.7986260778581,1.0105080293073523,104.40883216863621,124.25374967857157,119.00693370258446,0.7396056528486403,0.6214811438609298,0.11812450898771054,0.875,high,UNK,synthetic_derived
RPER_52d832db2d52d343,REP_200ef690040c,Mary Gerrard,MGR_31981a685b7e,Britanny Bold,TEAM_4f4a9410ffcd,Delta,TERR_49c0203db75f,Delta / Germany,2017-03-01,2017-04-15,train,0.4531914893617021,45.31914893617021,1.3587291008543272,False,False,Context only,low,Calculated incentive was the largest PCA reconstruction deviation (observed 2.5e+04).,19694184.0,17541785.908647683,-0.07347915088153052,14449910.926087178,14496763.13,115.22507142416269,25000.0,25000.0,0.0,0.09878943886160002,0.028919419053731833,0.0036029070043357425,0.14358573640795091,82,51.04761904761905,179,1194.0110656045522,1.010300158897894,114.87608354362118,123.8450376102678,107.80750334619555,0.7371728429182607,0.6837862115691736,0.053386631349087055,2.625,high,UNK,synthetic_derived
RPER_f9cbda4151f69f23,REP_e7e9152643c7,Jessica Smith,MGR_31981a685b7e,Britanny Bold,TEAM_4f4a9410ffcd,Delta,TERR_49c0203db75f,Delta / Germany,2018-05-01,2018-06-15,train,0.44893617021276594,44.8936170212766,1.3571679891904973,False,False,Context only,low,Calculated incentive was the largest PCA reconstruction deviation (observed 2.481e+04).,15748304.0,14003116.23289513,-0.24110281289855387,18189669.22944866,20947177.28,64.15504104126526,24805.32,24805.32,0.0,0.09214450153881301,0.0039085964261138355,0.015339298801499335,0.07288421772876576,78,47.32142857142857,213,967.0205814527177,1.0252283475817323,115.89254057753399,87.82090428494233,75.77787478581395,0.5227434778865615,0.6898365510567499,-0.1670930731701884,0.0,low,UNK,synthetic_derived
RPER_fd5e56da6c9c40a1,REP_d21d2dd167c5,Morris Garcia,MGR_eb86f856200b,Tracy Banks,TEAM_f144a6907dc4,Bravo,TERR_07a5ea4d7ed4,Bravo / Germany,2018-11-01,2018-12-15,validation,0.4447218603233518,44.47218603233518,1.3419323275423747,False,False,Context only,low,Calculated incentive was the largest PCA reconstruction deviation (observed 2.406e+04).,18870320.0,17002717.540413857,-0.3146102887597492,27530794.805212606,27825055.75,55.282138092351474,24062.48,24062.48,0.0,0.08915456101940886,0.010743128209886722,0.01516150155768017,0.060930019458881934,77,47.273809523809526,223,1074.3126000957213,1.0227219575746471,98.81900246369287,81.40585745136428,82.37874844089187,0.48455867530573976,0.5882083479981718,-0.10364967269243203,0.875,low,UNK,synthetic_derived
RPER_c3d894ba3cf3b7f7,REP_c56e2fba156a,Thompson Crawford,MGR_5e1c70ff0ce6,James Goodwill,TEAM_a405eba78bf2,Alfa,TERR_b31415d90eb9,Alfa / Germany,2018-02-01,2018-03-15,train,0.44468085106382976,44.46808510638298,1.3417840700058117,False,False,Context only,low,Calculated incentive was the largest PCA reconstruction deviation (observed 2.75e+04).,19113226.0,17154496.96920233,-0.18812624669001698,15487065.41628897,16542002.46,112.09783324992321,27500.0,27500.0,0.0,0.0914036232652691,0.017383900972414625,0.0030950908662403173,0.0827535852971732,74,49.726190476190474,223,1004.6130491994651,1.0150550958534383,123.48819283552078,96.46845058278245,78.11957432341157,0.5742169677546575,0.7350487668780998,-0.16083179912344236,0.875,low,UNK,synthetic_derived
RPER_14589cbbc8004e7f,REP_d21d2dd167c5,Morris Garcia,MGR_eb86f856200b,Tracy Banks,TEAM_f144a6907dc4,Bravo,TERR_07a5ea4d7ed4,Bravo / Germany,2018-05-01,2018-06-15,train,0.44042553191489364,44.04255319148936,1.3408351169968606,False,False,Context only,low,Calculated incentive was the largest PCA reconstruction deviation (observed 2.65e+04).,13561778.0,12187097.854634857,-0.28767165502903774,15828518.565328695,16702979.17,74.48241715580515,26499.91,26499.91,0.0,0.09069717222392441,0.04322051645283386,0.029405091329995532,0.10841843517946581,78,46.26190476190476,233,1051.1123815288834,1.0223176327334376,107.70524953846613,84.59989574132791,78.54760664299253,0.5035708079840947,0.6411026758242032,-0.1375318678401085,0.875,low,UNK,synthetic_derived
RPER_f997da66c0fe6ddf,REP_d21d2dd167c5,Morris Garcia,MGR_eb86f856200b,Tracy Banks,TEAM_f144a6907dc4,Bravo,TERR_07a5ea4d7ed4,Bravo / Germany,2018-07-01,2018-08-15,validation,0.43671826239519335,43.67182623951933,1.3295133150169047,False,False,Context only,low,Calculated incentive was the largest PCA reconstruction deviation (observed 2.75e+04).,19775863.0,17763365.353520148,-0.02331338380059465,15827764.347191438,17719741.35,96.87597353815129,27500.0,27500.0,0.0,0.09065140643476495,0.01558111695518117,0.0007479652723350624,0.0825946394085862,75,47.5,225,1007.3202050204177,1.0214404121904312,115.40287653489438,86.69852747125212,75.12683398757143,0.5160626635193578,0.6869218841362761,-0.17085922061691827,2.75,low,UNK,synthetic_derived
RPER_2ec02c582d622c1e,REP_d21d2dd167c5,Morris Garcia,MGR_eb86f856200b,Tracy Banks,TEAM_f144a6907dc4,Bravo,TERR_07a5ea4d7ed4,Bravo / Germany,2017-04-01,2017-05-15,train,0.43617021276595747,43.61702127659575,1.3278396008872941,False,False,Context only,low,Calculated incentive was the largest PCA reconstruction deviation (observed 2.5e+04).,15920092.0,14215335.829655746,0.22813773518488314,11144886.447966723,13002830.01,115.39751392987894,25000.0,25000.0,0.0,0.09988704315739233,0.002306630795214111,0.0024361294344971453,0.08230346872618856,76,47.79761904761905,162,1028.366574281518,1.0460788766532352,100.31485266197254,95.19676989399512,94.89798107442411,0.566647439845209,0.597112218226027,-0.03046477838081796,3.75,medium,UNK,synthetic_derived
RPER_d46c923255197d22,REP_c56e2fba156a,Thompson Crawford,MGR_5e1c70ff0ce6,James Goodwill,TEAM_a405eba78bf2,Alfa,TERR_b31415d90eb9,Alfa / Germany,2017-10-01,2017-11-15,train,0.4319148936170213,43.19148936170213,1.3267184127851734,False,False,Context only,low,Calculated incentive was the largest PCA reconstruction deviation (observed 2.5e+04).,20087928.0,17863808.713862214,0.01814792163649585,18547066.490252312,23264023.6,83.35393037050775,25000.0,25000.0,0.0,0.09835493837290639,0.016922869258220626,0.0059184194935410096,0.08640713316324151,72,48.95,172,909.1266703118453,1.032819362385646,117.90690285931953,87.09879302637678,73.87081749598546,0.5184451965855761,0.7018268027340449,-0.18338160614846877,1.875,low,UNK,synthetic_derived
RPER_04536ca910beffa0,REP_82f7cb811b80,Stella Given,MGR_4b97498897f6,Alisha Cordwell,TEAM_b9dd960c1753,Charlie,TERR_938541fb7311,Charlie / Germany,2018-02-01,2018-03-15,train,0.4276595744680851,42.765957446808514,1.322859966626763,False,False,Context only,low,Calculated incentive was the largest PCA reconstruction deviation (observed 2.75e+04).,19120142.6,17149146.256569717,0.19268337739811972,13479975.349902034,15466148.89,115.22601617373493,27500.0,27500.0,0.0,0.09062513500336616,0.002650195300396407,0.0032337052075078337,0.1221349296043466,77,49.0,241,975.0269194377195,1.0078457704854593,130.80685831711986,92.8599826398856,70.9901482495373,0.5527379919040809,0.7786122518876182,-0.22587425998353727,5.375,low,UNK,synthetic_derived
RPER_48afb0a0a8fb77a5,REP_6daf09991b71,Jimmy Grey,MGR_4b97498897f6,Alisha Cordwell,TEAM_b9dd960c1753,Charlie,TERR_938541fb7311,Charlie / Germany,2018-11-01,2018-12-15,validation,0.4260827675206763,42.60827675206763,1.3203725631655474,False,False,Context only,low,Calculated incentive was the largest PCA reconstruction deviation (observed 2.17e+04).,16431727.0,14837066.392322544,-0.44264507425122923,23984588.480962973,27817066.97,51.93852492746556,21703.05,21703.05,0.0,0.09054658003844364,0.03283437767136449,0.012588005771772751,0.10891831251812566,83,48.023809523809526,228,1038.1001586184432,1.032360880869803,108.47861965729417,116.12609971380186,107.04975789760934,0.6912267840107253,0.6457060693886558,0.045520714622069525,5.5,high,UNK,synthetic_derived
RPER_f3fcf8beb513231b,REP_c56e2fba156a,Thompson Crawford,MGR_5e1c70ff0ce6,James Goodwill,TEAM_a405eba78bf2,Alfa,TERR_b31415d90eb9,Alfa / Germany,2017-08-01,2017-09-15,train,0.42340425531914894,42.340425531914896,1.3161472263023783,False,False,Context only,low,Calculated incentive was the largest PCA reconstruction deviation (observed 2.5e+04).,16788508.0,15086916.55000551,-0.3443004540840654,16678497.507281495,18338515.79,88.98343444253129,25000.0,25000.0,0.0,0.09338208170949579,0.011850927231991668,0.004711605865588698,0.07917008707455786,81,48.07142857142857,168,1061.0701391019852,1.0115866593332812,125.86506371341648,86.1668318447715,68.45968952986485,0.5128978085998304,0.7491968078179552,-0.2362989992181248,0.875,low,UNK,synthetic_derived
RPER_c2f973ad7a1060f5,REP_d21d2dd167c5,Morris Garcia,MGR_eb86f856200b,Tracy Banks,TEAM_f144a6907dc4,Bravo,TERR_07a5ea4d7ed4,Bravo / Germany,2017-10-01,2017-11-15,train,0.41914893617021276,41.91489361702128,1.3151625807020426,False,False,Context only,low,Calculated incentive was the largest PCA reconstruction deviation (observed 2.5e+04).,19216687.0,17213519.48578254,0.00868323079869063,17030540.771008756,21545507.64,77.61723079785666,25000.0,25000.0,0.0,0.09884354219529268,0.03649590240058801,0.03030692094538088,0.07388545134953024,81,49.083333333333336,176,953.4730242841804,1.0121879456965674,99.36385014541185,71.30327751644751,71.75977723498062,0.4244242709312352,0.5914514889607848,-0.16702721802954962,0.875,low,UNK,synthetic_derived
RPER_354d47e4d0842666,REP_6daf09991b71,Jimmy Grey,MGR_4b97498897f6,Alisha Cordwell,TEAM_b9dd960c1753,Charlie,TERR_938541fb7311,Charlie / Germany,2018-02-01,2018-03-15,train,0.4148936170212766,41.48936170212766,1.308472506707511,False,False,Context only,low,Calculated incentive was the largest PCA reconstruction deviation (observed 2.75e+04).,17801369.0,16007591.118224235,0.0646809474560931,15397813.857434189,15737433.2,106.83974992514018,27500.0,27500.0,0.0,0.0901111268150767,0.0370185718098011,0.0022669343177772324,0.21554748526666645,77,45.94047619047619,230,1015.564621465406,0.998566645653224,121.92217620959866,98.27399132971917,80.60386911137032,0.5849642341054713,0.7257272393428492,-0.14076300523737795,0.875,low,UNK,synthetic_derived
RPER_959f885b3238aa31,REP_bba68d031906,Steve Pepple,MGR_eb86f856200b,Tracy Banks,TEAM_f144a6907dc4,Bravo,TERR_07a5ea4d7ed4,Bravo / Germany,2017-11-01,2017-12-15,train,0.4106382978723404,41.06382978723404,1.3072783232947631,False,False,Context only,low,Calculated incentive was the largest PCA reconstruction deviation (observed 2.5e+04).,18788488.0,16836633.477227226,0.3569561419391944,14515188.222272778,18359051.68,89.39614693492305,25000.0,25000.0,0.0,0.09669137213434922,0.012106286480404693,0.012647903779674041,0.08724128481496796,79,49.63095238095238,184,951.8634489170353,1.0209188632789699,122.33224149439314,73.93433756313222,60.43732760878158,0.4400853426376918,0.7281681041332926,-0.2880827614956008,0.0,low,UNK,synthetic_derived
RPER_a17e4f30bb9398e3,REP_db1cc40d477a,Erica Jones,MGR_5e1c70ff0ce6,James Goodwill,TEAM_a405eba78bf2,Alfa,TERR_b31415d90eb9,Alfa / Germany,2017-05-01,2017-06-15,train,0.40638297872340423,40.638297872340424,1.3052003775454524,False,False,Context only,low,Calculated incentive was the largest PCA reconstruction deviation (observed 2.5e+04).,24034581.0,21282536.987754397,0.6178179018401097,14187636.641379282,15986578.31,152.54354957842605,25000.0,25000.0,0.0,0.09920938854024126,0.004297120194663604,0.006225774840691662,0.04865601267415349,81,47.23809523809524,180,1029.1200019571925,1.0216759675157718,108.96502601717242,71.52750060404755,65.64262242526802,0.42575893216694966,0.648601345340312,-0.22284241317336234,0.875,low,UNK,synthetic_derived
RPER_fbd5ed7dae405a83,REP_c56e2fba156a,Thompson Crawford,MGR_5e1c70ff0ce6,James Goodwill,TEAM_a405eba78bf2,Alfa,TERR_b31415d90eb9,Alfa / Germany,2017-07-01,2017-08-15,train,0.4021276595744681,40.21276595744681,1.2860282340381606,False,False,Context only,low,Calculated incentive was the largest PCA reconstruction deviation (observed 2.5e+04).,25874035.0,23008886.682895098,0.4847892790280152,14675939.48092618,19445643.02,113.08645261980415,25000.0,25000.0,0.0,0.09752847910295415,0.02317520213352174,0.009305465733914848,0.24531712434259004,80,50.083333333333336,186,1103.7976346449304,1.0201093830485144,125.6908276503354,88.01602674259661,70.02581523884312,0.5239049210868846,0.7481596883948536,-0.224254767307969,0.0,low,UNK,synthetic_derived
RPER_6779b72f0b9d987c,REP_6003efb01f5e,Sheila Stones,MGR_31981a685b7e,Britanny Bold,TEAM_4f4a9410ffcd,Delta,TERR_49c0203db75f,Delta / Germany,2017-09-01,2017-10-15,train,0.39787234042553193,39.787234042553195,1.2837443202361833,False,False,Context only,low,Calculated incentive was the largest PCA reconstruction deviation (observed 2.5e+04).,14841212.0,13135337.907007864,0.15552227261873408,18587602.408029713,17633346.98,77.51462030790138,25000.0,25000.0,0.0,0.10168619437113671,0.004266510122422559,0.007677028297898766,0.09383135308120165,81,47.13095238095238,169,1141.8283400931812,1.0289578288491894,116.96119912276009,89.3540826601685,76.39634625016478,0.5318695396438601,0.6961976138259529,-0.16432807418209283,0.0,low,UNK,synthetic_derived
RPER_69bbf1143c909c44,REP_db1cc40d477a,Erica Jones,MGR_5e1c70ff0ce6,James Goodwill,TEAM_a405eba78bf2,Alfa,TERR_b31415d90eb9,Alfa / Germany,2017-12-01,2018-01-15,train,0.39361702127659576,39.361702127659576,1.2834152946923423,False,False,Context only,low,Calculated incentive was the largest PCA reconstruction deviation (observed 2.5e+04).,29291544.0,25673611.4627924,1.1359163357223627,13080259.071029862,13592868.25,174.11051953838538,25000.0,25000.0,0.0,0.09844120674924195,0.0076852487497877,0.0009561831508326476,0.13978584964385463,76,48.333333333333336,164,949.8396224459227,1.037371406034504,117.64037608959686,88.94851206876997,75.61053018142795,0.5294554289807737,0.700240333866648,-0.17078490488587428,0.875,low,UNK,synthetic_derived
RPER_9aaea9b5b779c497,REP_6003efb01f5e,Sheila Stones,MGR_31981a685b7e,Britanny Bold,TEAM_4f4a9410ffcd,Delta,TERR_49c0203db75f,Delta / Germany,2017-10-01,2017-11-15,train,0.3893617021276596,38.93617021276596,1.2821285234873978,False,False,Context only,low,Calculated incentive was the largest PCA reconstruction deviation (observed 2.5e+04).,24593353.0,21884121.262333065,0.6660493561157356,13451831.881491965,15278292.32,155.91175714511346,25000.0,25000.0,0.0,0.09980898033653363,0.0032593183473847453,0.00013174852165082798,0.08776486623132992,77,47.55952380952381,177,1049.2087779508108,1.013804342829002,109.52800628505793,98.61682962185448,90.03800303384872,0.5870049382253243,0.6519524183634401,-0.0649474801381158,3.625,medium,UNK,synthetic_derived
RPER_c582a0a77b8ada6a,REP_56269a9759c4,Anne Wu,MGR_31981a685b7e,Britanny Bold,TEAM_4f4a9410ffcd,Delta,TERR_49c0203db75f,Delta / Germany,2017-08-01,2017-09-15,train,0.3851063829787234,38.51063829787234,1.2738885756623133,False,False,Context only,low,Calculated incentive was the largest PCA reconstruction deviation (observed 2.5e+04).,16337980.0,14479314.23912029,-0.2364832283347164,18789262.748640433,20359241.35,74.29669269788026,25000.0,25000.0,0.0,0.10033172202874102,0.02876429969287655,0.007564912406723111,0.12234470496086,81,51.226190476190474,177,1025.0929506066518,1.020034109769093,125.51177925312865,91.89933137733746,73.21968656981386,0.5470198296270087,0.7470939241257658,-0.20007409449875713,3.625,low,UNK,synthetic_derived
RPER_7f91e47ada8a55fb,REP_db1cc40d477a,Erica Jones,MGR_5e1c70ff0ce6,James Goodwill,TEAM_a405eba78bf2,Alfa,TERR_b31415d90eb9,Alfa / Germany,2017-09-01,2017-10-15,train,0.38085106382978723,38.08510638297872,1.271697857440094,False,False,Context only,low,Calculated incentive was the largest PCA reconstruction deviation (observed 2.5e+04).,17115076.0,15253127.203446828,-0.18254407248378698,14122272.157820197,14418457.74,113.27913928773555,25000.0,25000.0,0.0,0.09693945468683131,0.00746535189332986,0.012876456222807019,0.07989543587075351,83,47.61904761904762,165,1169.6638321944115,1.022977615412205,111.56787152594958,79.64209332182554,71.38443373754028,0.4740600792965806,0.6640944733687475,-0.19003439407216688,0.0,low,UNK,synthetic_derived
RPER_9252962f47ad7a6a,REP_0dfc420450a6,Abigail Thompson,MGR_eb86f856200b,Tracy Banks,TEAM_f144a6907dc4,Bravo,TERR_07a5ea4d7ed4,Bravo / Germany,2017-11-01,2017-12-15,train,0.37659574468085105,37.659574468085104,1.2641823062309698,False,False,Context only,low,Calculated incentive was the largest PCA reconstruction deviation (observed 2.5e+04).,18884531.0,16903563.5833614,0.1668344153521761,17591115.79398263,20181000.3,92.44417023761844,25000.0,25000.0,0.0,0.09927726162451155,0.007267998659341075,0.006720234246246799,0.03954920832436276,76,46.95238095238095,173,1010.5825586600356,1.0018924810758294,113.17708054634616,118.81061951431235,104.97763234461526,0.7072060685375735,0.6736730984901558,0.03353297004741773,4.5,high,UNK,synthetic_derived
RPER_02ef603bb7b4ceb8,REP_6003efb01f5e,Sheila Stones,MGR_31981a685b7e,Britanny Bold,TEAM_4f4a9410ffcd,Delta,TERR_49c0203db75f,Delta / Germany,2017-11-01,2017-12-15,train,0.3723404255319149,37.234042553191486,1.2635778382001994,False,False,Context only,low,Calculated incentive was the largest PCA reconstruction deviation (observed 2.5e+04).,14153142.0,12691608.253659744,-0.420054015351097,15462301.974433513,14397875.55,93.25517288344834,25000.0,25000.0,0.0,0.0997472851942568,0.03264777145165458,0.003209190754517267,0.16142161534973806,77,47.333333333333336,173,945.4470391579177,1.0279538420219623,107.03342427084715,98.64296501432564,92.16089804312948,0.5871605060376526,0.6371037158978997,-0.04994320986024714,3.5,medium,UNK,synthetic_derived
RPER_ed0735b86fee2299,REP_d21d2dd167c5,Morris Garcia,MGR_eb86f856200b,Tracy Banks,TEAM_f144a6907dc4,Bravo,TERR_07a5ea4d7ed4,Bravo / Germany,2017-08-01,2017-09-15,train,0.3680851063829787,36.80851063829787,1.2619859221490315,False,False,Context only,low,Calculated incentive was the largest PCA reconstruction deviation (observed 2.5e+04).,19554371.0,17454184.13923923,0.05322699832292482,20557795.369455416,26108420.54,68.00076778983339,25000.0,25000.0,0.0,0.09672795617647745,0.007814647233974424,0.0008146964691777313,0.07549429322503223,81,47.63095238095238,184,1197.8775262904198,1.0127125172235283,99.34824243603306,77.57536243636434,78.08428265483656,0.46175810974026393,0.5913585859287682,-0.1296004761885043,0.875,low,UNK,synthetic_derived
RPER_cd96586ec5f0d23b,REP_6daf09991b71,Jimmy Grey,MGR_4b97498897f6,Alisha Cordwell,TEAM_b9dd960c1753,Charlie,TERR_938541fb7311,Charlie / Germany,2017-07-01,2017-08-15,train,0.3638297872340426,36.38297872340426,1.2553021961404836,False,False,Context only,low,Calculated incentive was the largest PCA reconstruction deviation (observed 2.5e+04).,15185835.0,13596164.896667767,-0.35738584150849606,15928573.847644305,18244108.25,78.32849467758393,25000.0,25000.0,0.0,0.09991712358381678,0.0261666362087897,0.007855121670027942,0.19339063062776018,76,47.583333333333336,176,845.7954199056225,1.0181352385704254,116.15224437090407,82.72728665511471,71.22314949932878,0.49242432532806374,0.6913824069696671,-0.1989580816416034,1.75,low,UNK,synthetic_derived
RPER_a83f07a1ccc6b434,REP_e7e9152643c7,Jessica Smith,MGR_31981a685b7e,Britanny Bold,TEAM_4f4a9410ffcd,Delta,TERR_49c0203db75f,Delta / Germany,2017-07-01,2017-08-15,train,0.3595744680851064,35.95744680851064,1.2543999080466917,False,False,Context only,low,Calculated incentive was the largest PCA reconstruction deviation (observed 2.5e+04).,18182284.0,16063387.270709716,0.22728256794500168,13035424.777556883,14379274.47,108.01097038120989,25000.0,25000.0,0.0,0.1006086098807031,0.0059264141216647855,0.0062834795225180755,0.12153900106462061,81,48.607142857142854,166,1045.398916347048,1.02693984207764,113.14458492901633,84.72630268555181,74.88321490481111,0.5043232302711418,0.6734796721965258,-0.16915644192538404,0.0,low,UNK,synthetic_derived
RPER_a68317ca3980d67c,REP_bba68d031906,Steve Pepple,MGR_eb86f856200b,Tracy Banks,TEAM_f144a6907dc4,Bravo,TERR_07a5ea4d7ed4,Bravo / Germany,2017-05-01,2017-06-15,train,0.3553191489361702,35.53191489361702,1.2538665087223835,False,False,Context only,low,Calculated incentive was the largest PCA reconstruction deviation (observed 2.5e+04).,16482146.0,14634400.211970638,0.07149553881507593,16010093.322531946,12882909.12,121.6104447366658,25000.0,25000.0,0.0,0.09979352802679997,0.01433551409524916,0.007128068694161447,0.13603907048185998,76,47.285714285714285,198,979.3304060758784,1.0095798997224008,138.01921649448764,102.13951941872743,74.00383947463344,0.6079733298733776,0.8215429553243312,-0.2135696254509536,4.5,low,UNK,synthetic_derived
RPER_d4bfb1544d3bf939,REP_bba68d031906,Steve Pepple,MGR_eb86f856200b,Tracy Banks,TEAM_f144a6907dc4,Bravo,TERR_07a5ea4d7ed4,Bravo / Germany,2017-07-01,2017-08-15,train,0.35106382978723405,35.1063829787234,1.251218148753012,False,False,Context only,low,Calculated incentive was the largest PCA reconstruction deviation (observed 2.5e+04).,15533605.0,13961847.677808061,-0.2307692743220718,15480907.697475618,13560442.35,108.77673459106947,25000.0,25000.0,0.0,0.09691441488825238,0.005686124625007594,0.03292473291144523,0.11666689558787423,82,48.79761904761905,202,1091.3116267688238,1.0091338403003869,127.1675127720693,79.88657580771985,62.81995618716379,0.47551533218880865,0.7569494807861268,-0.28143414859731813,0.0,low,UNK,synthetic_derived
RPER_431462828df23ca8,REP_2234ec3bee93,Daniel Gates,MGR_4b97498897f6,Alisha Cordwell,TEAM_b9dd960c1753,Charlie,TERR_938541fb7311,Charlie / Germany,2017-03-01,2017-04-15,train,0.3468085106382979,34.680851063829785,1.2494254657775226,False,False,Context only,low,Calculated incentive was the largest PCA reconstruction deviation (observed 2.5e+04).,20399409.0,18131167.74611814,0.5051487614782243,12378297.64554769,14847410.63,132.1904121391627,25000.0,25000.0,0.0,0.09830182094897,0.01597309484203066,0.0008383700336654027,0.03993566718016588,71,48.285714285714285,173,884.0007580194724,1.0469039415223433,121.78192052795376,101.5901058652829,83.41969433957478,0.6047030111028744,0.7248923840949628,-0.12018937299208843,3.625,low,UNK,synthetic_derived
RPER_f47cf03776f59e89,REP_0dfc420450a6,Abigail Thompson,MGR_eb86f856200b,Tracy Banks,TEAM_f144a6907dc4,Bravo,TERR_07a5ea4d7ed4,Bravo / Germany,2017-04-01,2017-05-15,train,0.3425531914893617,34.25531914893617,1.2465833467922427,False,False,Context only,low,Calculated incentive was the largest PCA reconstruction deviation (observed 2.5e+04).,12852526.0,11493126.10057804,-0.14823920527652032,11545621.041583009,10813108.39,112.68295735283232,25000.0,25000.0,0.0,0.09609419768207042,0.04411466803816508,0.0016893995935821715,0.18458578390909053,76,47.392857142857146,165,1067.8815019913939,1.0260564296857966,100.34589294806739,119.54526924986811,119.13319592635155,0.7115789836301674,0.5972969818337345,0.11428200179643289,1.75,high,UNK,synthetic_derived
RPER_5a26750530b65d39,REP_6003efb01f5e,Sheila Stones,MGR_31981a685b7e,Britanny Bold,TEAM_4f4a9410ffcd,Delta,TERR_49c0203db75f,Delta / Germany,2017-07-01,2017-08-15,train,0.3382978723404255,33.829787234042556,1.2392481311981007,False,False,Context only,low,Calculated incentive was the largest PCA reconstruction deviation (observed 2.5e+04).,17745687.0,15852710.983508416,-0.444595674590787,19243981.98743244,20892371.07,79.8229289727812,25000.0,25000.0,0.0,0.09660154465657267,0.006660810111283223,0.007676725903754165,0.08669391717147391,73,48.86904761904762,175,957.7386157407595,1.0137762238219608,115.42368796294397,86.00145376176499,74.50936222846666,0.5119134152486011,0.6870457616841903,-0.17513234643558917,3.75,low,UNK,synthetic_derived
RPER_b5ad3375582d89cd,REP_6003efb01f5e,Sheila Stones,MGR_31981a685b7e,Britanny Bold,TEAM_4f4a9410ffcd,Delta,TERR_49c0203db75f,Delta / Germany,2017-05-01,2017-06-15,train,0.33404255319148934,33.40425531914894,1.2392454793617413,False,False,Context only,low,Calculated incentive was the largest PCA reconstruction deviation (observed 2.5e+04).,13806531.0,12330056.018238084,-0.2686470040352149,12841082.116097657,13562358.92,91.51502420039506,25000.0,25000.0,0.0,0.09663295036945856,0.0047963076477614015,0.00742835956398176,0.07716326107303786,80,47.54761904761905,182,877.6608778167091,1.006902919123579,99.27219989081992,100.88354960599504,101.62316309797436,0.6004973190833038,0.590905951731071,0.009591367352232871,6.375,high,UNK,synthetic_derived
RPER_27acf2b76a797889,REP_82f7cb811b80,Stella Given,MGR_4b97498897f6,Alisha Cordwell,TEAM_b9dd960c1753,Charlie,TERR_938541fb7311,Charlie / Germany,2018-06-01,2018-07-15,train,0.32978723404255317,32.97872340425532,1.2391961946239318,False,False,Context only,low,Calculated incentive was the largest PCA reconstruction deviation (observed 2.158e+04).,16823881.0,15113424.18693255,-0.3772604148130701,21310375.80192819,29959131.63,51.842127204615366,21581.91,21581.91,0.0,0.08932158017292997,0.11473118557561822,0.005560078687894941,0.09066630488584353,80,47.79761904761905,224,1129.793823172306,1.013975805268486,137.37738840456686,95.82716706689753,69.7546868373223,0.5703998039696282,0.8177225500271836,-0.24732274605755544,2.75,low,UNK,synthetic_derived
RPER_3007fd91ad07b7ba,REP_e7e9152643c7,Jessica Smith,MGR_31981a685b7e,Britanny Bold,TEAM_4f4a9410ffcd,Delta,TERR_49c0203db75f,Delta / Germany,2017-06-01,2017-07-15,train,0.32553191489361705,32.5531914893617,1.232347154984222,False,False,Context only,low,Calculated incentive was the largest PCA reconstruction deviation (observed 2.5e+04).,14678856.0,13088580.975778649,-0.08471116688318299,12890827.707992837,13346266.7,96.41048050404865,25000.0,25000.0,0.0,0.09864455014473739,0.08405478344203662,0.0019764122621409095,0.06938126464565658,78,48.63095238095238,177,1043.356993104607,1.0311229099370565,116.2213739953686,83.03076554684792,71.4419066755799,0.4942307473026662,0.6917938928295749,-0.19756314552690873,2.625,low,UNK,synthetic_derived
RPER_458c25afdea4e64e,REP_db1cc40d477a,Erica Jones,MGR_5e1c70ff0ce6,James Goodwill,TEAM_a405eba78bf2,Alfa,TERR_b31415d90eb9,Alfa / Germany,2017-06-01,2017-07-15,train,0.32127659574468087,32.12765957446809,1.2306038999074067,False,False,Context only,low,Calculated incentive was the largest PCA reconstruction deviation (observed 2.241e+04).,13682886.0,12298469.110792834,-0.42213331437557655,16440200.225711057,16293839.17,71.84664913595597,22407.73,22407.73,0.0,0.09929490275009104,0.0067609171647125136,0.0074830877062887395,0.09327162594464108,69,48.23376623376623,156,851.9683936206003,1.0134276966349498,109.41757402281162,82.45482050200444,75.35793151913063,0.49080250298812167,0.6512950834691168,-0.16049258048099513,1.75,low,UNK,synthetic_derived
RPER_4ce12639a3730a2f,REP_c56e2fba156a,Thompson Crawford,MGR_5e1c70ff0ce6,James Goodwill,TEAM_a405eba78bf2,Alfa,TERR_b31415d90eb9,Alfa / Germany,2017-03-01,2017-04-15,train,0.3170212765957447,31.70212765957447,1.219262749362829,False,False,Context only,low,Calculated incentive was the largest PCA reconstruction deviation (observed 2.5e+04).,21195355.0,18836582.3568912,0.2094353716077918,13497562.801410744,16480754.82,103.04191000014981,25000.0,25000.0,0.0,0.09682815930724915,0.010651407722141803,0.003096165862320975,0.04332421563979322,80,48.20238095238095,194,1073.094685264269,1.0079614494694238,133.28153510501343,77.66837489521596,58.2739198149395,0.4623117553286664,0.7933424708631752,-0.3310307155345088,1.75,low,UNK,synthetic_derived
RPER_f0e119c32f7152ef,REP_0dfc420450a6,Abigail Thompson,MGR_eb86f856200b,Tracy Banks,TEAM_f144a6907dc4,Bravo,TERR_07a5ea4d7ed4,Bravo / Germany,2017-03-01,2017-04-15,train,0.3127659574468085,31.27659574468085,1.2187264350485931,False,False,Context only,low,Calculated incentive was the largest PCA reconstruction deviation (observed 2.5e+04).,15080253.0,13493372.988961333,0.33352908059689035,10571745.067893848,12121221.19,112.24084374958481,25000.0,25000.0,0.0,0.09705275014467386,0.011144804770019485,0.008869706959735726,0.0471947055440578,76,45.95238095238095,180,916.1042017055048,1.0192135617214924,99.03883053636828,120.19427093354966,121.36075343641386,0.7154420888901766,0.5895168484307636,0.125925240459413,1.75,critical,UNK,synthetic_derived
RPER_491bee071566c3c1,REP_d21d2dd167c5,Morris Garcia,MGR_eb86f856200b,Tracy Banks,TEAM_f144a6907dc4,Bravo,TERR_07a5ea4d7ed4,Bravo / Germany,2017-03-01,2017-04-15,train,0.30851063829787234,30.851063829787233,1.2096243140120078,False,False,Context only,low,Calculated incentive was the largest PCA reconstruction deviation (observed 2.5e+04).,12991577.0,11574708.131181864,-0.18729805347015452,10929975.60635915,11786916.41,105.42188533336265,25000.0,25000.0,0.0,0.09865646147284152,0.0073600412629613865,0.0007578698622122924,0.06901917832605374,80,47.44047619047619,195,1044.617486986789,1.022647056804929,100.20948845618452,89.86087450963439,89.67301988466396,0.5348861577954428,0.5964850503344317,-0.06159889253898887,0.875,medium,UNK,synthetic_derived
RPER_bb6b9ffb6d58c7b3,REP_a132178ac1b8,Alan Ray,MGR_5e1c70ff0ce6,James Goodwill,TEAM_a405eba78bf2,Alfa,TERR_b31415d90eb9,Alfa / Germany,2017-05-01,2017-06-15,train,0.30425531914893617,30.425531914893618,1.207151155504295,False,False,Context only,low,Calculated incentive was the largest PCA reconstruction deviation (observed 2.5e+04).,14497870.0,12935938.662300985,0.08847069062146644,15469851.209424833,16315066.2,81.05843438982075,25000.0,25000.0,0.0,0.09966071861723387,0.03896045356089885,0.002945283534977158,0.053541524253284754,81,48.23809523809524,197,895.5673043381817,0.9943352644352527,96.21041720280093,84.44719366774324,87.77344088399272,0.5026618670699002,0.5726810547785769,-0.07001918770867666,2.625,medium,UNK,synthetic_derived
RPER_095d83e86754ed66,REP_a132178ac1b8,Alan Ray,MGR_5e1c70ff0ce6,James Goodwill,TEAM_a405eba78bf2,Alfa,TERR_b31415d90eb9,Alfa / Germany,2017-12-01,2018-01-15,train,0.3,30.0,1.2070970656308075,False,False,Context only,low,Calculated incentive was the largest PCA reconstruction deviation (observed 2.5e+04).,22123416.0,19784135.34095497,0.2579400607951406,15989475.596432285,17205521.17,103.68021046381219,25000.0,25000.0,0.0,0.09845865365573778,0.015149463545374725,0.0012222331221930856,0.05182285877517301,73,46.76543209876543,161,914.3309702994592,1.0237073971478035,106.21345652131096,89.45832483837076,84.22503867993562,0.532490028799826,0.6322229554839938,-0.09973292668416778,3.625,low,UNK,synthetic_derived
RPER_03c81fd1681e3fbe,REP_2234ec3bee93,Daniel Gates,MGR_4b97498897f6,Alisha Cordwell,TEAM_b9dd960c1753,Charlie,TERR_938541fb7311,Charlie / Germany,2017-05-01,2017-06-15,train,0.2957446808510638,29.574468085106382,1.2041667064802428,False,False,Context only,low,Calculated incentive was the largest PCA reconstruction deviation (observed 2.5e+04).,11044943.0,9920354.742860135,0.004937842902663721,13349624.95756351,12940927.69,84.96526780190788,25000.0,25000.0,0.0,0.09760211781804375,0.033370699405904466,0.01471740864582531,0.08533332315282875,74,48.083333333333336,178,928.6722299038893,1.0171461292355835,109.54758773915518,80.44660344310662,73.43530341777932,0.4788488300184918,0.6520689746378284,-0.1732201446193366,5.375,low,UNK,synthetic_derived
RPER_5b0ef0d81d846918,REP_200ef690040c,Mary Gerrard,MGR_31981a685b7e,Britanny Bold,TEAM_4f4a9410ffcd,Delta,TERR_49c0203db75f,Delta / Germany,2017-06-01,2017-07-15,train,0.29148936170212764,29.148936170212764,1.2015412157696561,False,False,Context only,low,Calculated incentive was the largest PCA reconstruction deviation (observed 2.5e+04).,19870570.0,17860852.017798226,0.7920206144980395,13468969.59545774,13688882.0,139.45608745978427,25000.0,25000.0,0.0,0.09789217714758922,0.0097549544328356,0.005778995043405092,0.20300229469091924,78,48.464285714285715,182,948.7436780079807,1.0070697394152517,114.44753119864231,103.97474926729693,90.84927230700313,0.6188973170672436,0.6812353047538233,-0.06233798768657972,3.5,medium,UNK,synthetic_derived
RPER_436932f89b416b53,REP_2234ec3bee93,Daniel Gates,MGR_4b97498897f6,Alisha Cordwell,TEAM_b9dd960c1753,Charlie,TERR_938541fb7311,Charlie / Germany,2017-08-01,2017-09-15,train,0.2872340425531915,28.723404255319153,1.2006061280949458,False,False,Context only,low,Calculated incentive was the largest PCA reconstruction deviation (observed 2.5e+04).,19154084.0,17166733.6671681,0.0014834026111877352,14255614.747746386,17861122.17,96.1140966882865,25000.0,25000.0,0.0,0.09562390053919083,0.009817499002772066,0.003935124768603806,0.0795230238003123,81,48.892857142857146,183,1044.8557867861603,0.9966617333499355,128.76157408564242,107.97074492869504,83.85323470562817,0.6426830055279467,0.7664379409859668,-0.12375493545802019,0.875,low,UNK,synthetic_derived
RPER_272a1ddba1761177,REP_bba68d031906,Steve Pepple,MGR_eb86f856200b,Tracy Banks,TEAM_f144a6907dc4,Bravo,TERR_07a5ea4d7ed4,Bravo / Germany,2017-08-01,2017-09-15,train,0.28297872340425534,28.297872340425535,1.1971784098832403,False,False,Context only,low,Calculated incentive was the largest PCA reconstruction deviation (observed 2.5e+04).,17040064.0,15183196.690796483,0.08747760620033979,15582216.96619376,14181927.28,116.517213813847,25000.0,25000.0,0.0,0.09855168919084273,0.02809836761832479,0.0008072352488700175,0.06967306094289458,80,45.904761904761905,189,1136.0204106474994,1.0393057870895441,119.00336664563443,83.80812976636855,70.42500739994233,0.49885791527600326,0.7083533728906811,-0.20949545761467786,1.875,low,UNK,synthetic_derived
RPER_ad3340553bdb0a36,REP_a132178ac1b8,Alan Ray,MGR_5e1c70ff0ce6,James Goodwill,TEAM_a405eba78bf2,Alfa,TERR_b31415d90eb9,Alfa / Germany,2017-06-01,2017-07-15,train,0.27872340425531916,27.872340425531917,1.1964602319778483,False,False,Context only,low,Calculated incentive was the largest PCA reconstruction deviation (observed 2.5e+04).,20836775.0,18654456.57477695,0.4420643960798421,13080497.784131108,15123942.87,131.15800539080746,25000.0,25000.0,0.0,0.09952931281369602,0.01306705653509149,0.05456019555956812,0.059106789197515844,78,48.226190476190474,180,1029.7405601619982,1.0168655264977902,96.43027705977634,82.85041154342017,85.91742559451723,0.49315721156797715,0.5739897444034306,-0.0808325328354535,0.0,medium,UNK,synthetic_derived
RPER_9bd2a5884ba34be6,REP_e7e9152643c7,Jessica Smith,MGR_31981a685b7e,Britanny Bold,TEAM_4f4a9410ffcd,Delta,TERR_49c0203db75f,Delta / Germany,2017-05-01,2017-06-15,train,0.274468085106383,27.4468085106383,1.1957388564340858,False,False,Context only,low,Calculated incentive was the largest PCA reconstruction deviation (observed 2.5e+04).,16075825.0,14299946.095931634,0.220366490031262,13289558.07102859,13814990.36,106.58989553417484,25000.0,25000.0,0.0,0.09821997471639367,0.0108605512263579,0.0004886974351809558,0.08789629985078741,79,49.29761904761905,179,935.0458709167316,1.0375364839047267,106.38716879497011,81.54578910395989,76.65002276836161,0.4853916018092851,0.6332569571129173,-0.1478653553036322,0.0,low,UNK,synthetic_derived
RPER_9794171d9d04bedd,REP_bba68d031906,Steve Pepple,MGR_eb86f856200b,Tracy Banks,TEAM_f144a6907dc4,Bravo,TERR_07a5ea4d7ed4,Bravo / Germany,2017-09-01,2017-10-15,train,0.2702127659574468,27.02127659574468,1.1938888678407333,False,False,Context only,low,Calculated incentive was the largest PCA reconstruction deviation (observed 2.5e+04).,17881149.0,15954720.479643386,0.05081431825977549,15765149.125802377,14918521.71,97.29691016799184,25000.0,25000.0,0.0,0.09710151025279935,0.00880763572028014,0.003942502130934881,0.22878458364167553,78,46.69047619047619,166,1076.5412691314834,1.0197771702975207,121.62161911613934,88.19528616247268,72.51612567191111,0.5249719414432897,0.7239382090246389,-0.19896626758134917,3.75,low,UNK,synthetic_derived
RPER_e585e0e5d159b7f9,REP_2234ec3bee93,Daniel Gates,MGR_4b97498897f6,Alisha Cordwell,TEAM_b9dd960c1753,Charlie,TERR_938541fb7311,Charlie / Germany,2017-09-01,2017-10-15,train,0.26595744680851063,26.595744680851062,1.1902876426626683,False,False,Context only,low,Calculated incentive was the largest PCA reconstruction deviation (observed 2.5e+04).,18924762.0,16902979.35897274,-0.015364268666892535,16671074.389182374,18067896.7,95.55852155214815,25000.0,25000.0,0.0,0.09860086463836022,0.019360271956619865,0.014388390542459033,0.059234839905061225,76,46.57831325301205,186,814.1221094503019,1.0146379062371422,113.20461140287819,100.0540843424702,88.38339984790262,0.5955600258480369,0.6738369726361797,-0.07827694678814279,8.25,medium,UNK,synthetic_derived
RPER_45d0109670e88243,REP_db1cc40d477a,Erica Jones,MGR_5e1c70ff0ce6,James Goodwill,TEAM_a405eba78bf2,Alfa,TERR_b31415d90eb9,Alfa / Germany,2017-08-01,2017-09-15,train,0.26170212765957446,26.170212765957444,1.1884668208759377,False,False,Context only,low,Calculated incentive was the largest PCA reconstruction deviation (observed 2.5e+04).,21209296.0,18659265.521252587,0.6354747718189835,14996695.979987467,14004446.15,145.77910998891568,25000.0,25000.0,0.0,0.09742913405479811,0.0031528221386026463,0.007355938150839827,0.08108966094951585,78,48.416666666666664,186,1153.6606842215776,1.023410749163388,110.26134559034591,77.04542015589038,69.87527654717485,0.45860369140410945,0.6563175332758685,-0.19771384187175906,0.875,low,UNK,synthetic_derived
RPER_d1786afbb5d0b210,REP_e7e9152643c7,Jessica Smith,MGR_31981a685b7e,Britanny Bold,TEAM_4f4a9410ffcd,Delta,TERR_49c0203db75f,Delta / Germany,2017-04-01,2017-05-15,train,0.2574468085106383,25.744680851063826,1.1737627680468483,False,False,Context only,low,Calculated incentive was the largest PCA reconstruction deviation (observed 2.5e+04).,13113348.0,11717747.260960365,-0.07404646962711865,13107884.861634525,13774183.8,90.11414049125216,25000.0,25000.0,0.0,0.09987721888978762,0.002429057731210049,0.0015630946205245867,0.20895881523975404,81,50.13095238095238,172,1152.3898963078611,1.0120761956457238,116.72160706667358,90.81582914363617,77.80549927809035,0.5405704115692629,0.6947714706349618,-0.15420105906569892,2.75,low,UNK,synthetic_derived
RPER_d2b60aec3f20815c,REP_56269a9759c4,Anne Wu,MGR_31981a685b7e,Britanny Bold,TEAM_4f4a9410ffcd,Delta,TERR_49c0203db75f,Delta / Germany,2017-06-01,2017-07-15,train,0.2531914893617021,25.319148936170212,1.171078626036547,False,False,Context only,low,Calculated incentive was the largest PCA reconstruction deviation (observed 2.5e+04).,19357770.0,17367198.2275991,-0.13322686229494787,16809631.414598048,17683367.96,105.06915126269796,25000.0,25000.0,0.0,0.09881374797207387,0.047341326718753525,0.0010523784222514808,0.05790773206341103,73,47.29761904761905,192,948.2010551300706,1.0125983463235482,130.70382176655175,109.96644909123705,84.13407320839215,0.6545621969716491,0.7779989390866175,-0.12343674211496847,6.25,low,UNK,synthetic_derived
RPER_f69ec74bcdaecc04,REP_bba68d031906,Steve Pepple,MGR_eb86f856200b,Tracy Banks,TEAM_f144a6907dc4,Bravo,TERR_07a5ea4d7ed4,Bravo / Germany,2019-04-01,2019-05-18,test,0.2515665432110338,25.156654321103378,1.1693529692925775,False,False,Context only,low,Distributor count was the largest PCA reconstruction deviation (observed 4).,11583389.0,10240830.596484488,-0.39208094290162426,12712887.79343342,16740330.97,61.447635418407906,18934.19,18934.19,0.0,0.09822260651471192,0.02044494339195895,0.024554425699529127,0.2509594288261411,72,47.08,141,984.5571017745652,1.0137319648934042,128.5265391607734,102.67988321925013,79.89002418466136,0.6111897810669651,0.7650389235760322,-0.15384914250906712,2.625,low,UNK,synthetic_derived
RPER_9679d5aec2e7fbbd,REP_56269a9759c4,Anne Wu,MGR_31981a685b7e,Britanny Bold,TEAM_4f4a9410ffcd,Delta,TERR_49c0203db75f,Delta / Germany,2017-05-01,2017-06-15,train,0.24893617021276596,24.893617021276597,1.1665595715533665,False,False,Context only,low,Calculated incentive was the largest PCA reconstruction deviation (observed 2.5e+04).,22748598.0,20036613.35604156,0.4072194093910103,14254053.598228553,16703143.16,126.54012689889369,25000.0,25000.0,0.0,0.09717857713377573,0.028459509662211425,0.005638172477647109,0.13190858715853537,78,46.916666666666664,197,1112.4983250491152,1.0210821398401249,123.0570307184348,89.03360437573002,72.35149739590797,0.5299619308079168,0.7324823257049691,-0.2025203948970523,1.875,low,UNK,synthetic_derived
RPER_db61b23d5c052dcb,REP_56269a9759c4,Anne Wu,MGR_31981a685b7e,Britanny Bold,TEAM_4f4a9410ffcd,Delta,TERR_49c0203db75f,Delta / Germany,2017-04-01,2017-05-15,train,0.24468085106382978,24.46808510638298,1.165570333308448,False,False,Context only,low,Calculated incentive was the largest PCA reconstruction deviation (observed 2.5e+04).,16028484.0,14238443.004927445,-0.11857212458063311,13914696.37095364,14154146.9,111.365194838811,25000.0,25000.0,0.0,0.09997213521296645,0.010047051276065398,0.032852804464990545,0.08249765037583176,77,47.15,163,1134.1141217195159,1.0131176032393434,124.79468376026293,91.24318974590379,73.11464478822407,0.5431142246779987,0.7428254985729936,-0.19971127389499488,3.625,low,UNK,synthetic_derived
RPER_1630174adc4e7dda,REP_bba68d031906,Steve Pepple,MGR_eb86f856200b,Tracy Banks,TEAM_f144a6907dc4,Bravo,TERR_07a5ea4d7ed4,Bravo / Germany,2017-06-01,2017-07-15,train,0.2404255319148936,24.04255319148936,1.1612255520489332,False,False,Context only,low,Calculated incentive was the largest PCA reconstruction deviation (observed 2.5e+04).,20652627.0,18150403.00880258,0.24025602319908712,16180516.78790921,16239091.67,103.25214271139332,25000.0,25000.0,0.0,0.09954587809525997,0.014893905625524438,0.004731101534489875,0.1231971587957799,79,49.38095238095238,173,1042.5236072237617,1.022493697810346,138.0943321198751,86.01543231084246,62.2874458280991,0.5119966208978718,0.8219900721421137,-0.30999345124424194,0.875,low,UNK,synthetic_derived
RPER_14357e90579d004f,REP_bba68d031906,Steve Pepple,MGR_eb86f856200b,Tracy Banks,TEAM_f144a6907dc4,Bravo,TERR_07a5ea4d7ed4,Bravo / Germany,2018-12-01,2019-01-15,validation,0.2382765350620043,23.82765350620043,1.159055990178327,False,False,Context only,low,Calculated incentive was the largest PCA reconstruction deviation (observed 2.296e+04).,15590550.0,14089181.980218127,-0.07320061370323121,23129054.82954173,24837549.65,58.87505565381995,22957.42,22957.42,0.0,0.08919779546755338,0.02665692395891015,0.004419947294682287,0.14324791667711767,80,46.916666666666664,225,1063.5105627848384,1.035725040069273,119.90160743210053,104.49372952187936,87.14956518081165,0.6219864852492819,0.7137000442386936,-0.09171355898941169,5.375,medium,UNK,synthetic_derived
RPER_5d1089a6f2e5fbb4,REP_c56e2fba156a,Thompson Crawford,MGR_5e1c70ff0ce6,James Goodwill,TEAM_a405eba78bf2,Alfa,TERR_b31415d90eb9,Alfa / Germany,2017-06-01,2017-07-15,train,0.23617021276595745,23.617021276595747,1.1569295112425544,False,False,Context only,low,Calculated incentive was the largest PCA reconstruction deviation (observed 2.5e+04).,17312222.0,15496398.719929714,0.34398268478348526,15789334.026580011,18776523.5,86.44830260261566,25000.0,25000.0,0.0,0.09692877329954709,0.013353807007936733,0.001721510619824064,0.056568883355749104,76,49.25,173,1026.189253099982,1.0151119761496439,131.14977993279626,89.32327000744102,68.1078306446355,0.5316861309966727,0.7806534519809302,-0.24896732098425745,0.0,low,UNK,synthetic_derived
RPER_dccd623af214dea8,REP_a132178ac1b8,Alan Ray,MGR_5e1c70ff0ce6,James Goodwill,TEAM_a405eba78bf2,Alfa,TERR_b31415d90eb9,Alfa / Germany,2017-09-01,2017-10-15,train,0.23191489361702128,23.19148936170213,1.149548159673282,False,False,Context only,low,Calculated incentive was the largest PCA reconstruction deviation (observed 2.5e+04).,21919261.0,19609113.374862377,0.028874080948065095,17093014.867910963,18506090.74,100.28544407035271,25000.0,25000.0,0.0,0.09870843849182244,0.017338633824463122,0.004298619740149922,0.039316718483654256,78,47.95238095238095,175,1110.2734410467378,1.0199140176434593,111.19358402272607,81.46266174824858,73.2620163872036,0.4848967961205273,0.6618665715638457,-0.17696977544331838,0.875,low,UNK,synthetic_derived
RPER_aea0255408594b4b,REP_a132178ac1b8,Alan Ray,MGR_5e1c70ff0ce6,James Goodwill,TEAM_a405eba78bf2,Alfa,TERR_b31415d90eb9,Alfa / Germany,2017-07-01,2017-08-15,train,0.2276595744680851,22.76595744680851,1.1433907466943158,False,False,Context only,low,Calculated incentive was the largest PCA reconstruction deviation (observed 2.5e+04).,15222947.0,13565780.213724175,-0.27278609487521993,14491634.422111416,13554304.97,101.94385384229906,25000.0,25000.0,0.0,0.09630056913833518,0.056799454162738267,0.006992636316496378,0.13195883107049927,78,49.285714285714285,176,1050.3459797947946,1.015017815423146,112.04706822187886,81.02248849222265,72.3111186914588,0.482276717215611,0.6669468346540408,-0.18467011743842981,0.0,low,UNK,synthetic_derived
RPER_2dab4ef1dbdefaa6,REP_a132178ac1b8,Alan Ray,MGR_5e1c70ff0ce6,James Goodwill,TEAM_a405eba78bf2,Alfa,TERR_b31415d90eb9,Alfa / Germany,2018-04-01,2018-05-15,train,0.22340425531914893,22.340425531914892,1.1432892147940747,False,False,Context only,low,Calculated incentive was the largest PCA reconstruction deviation (observed 2.398e+04).,13629342.0,12223142.363340741,-0.28575261511907635,15022344.261737451,19611589.63,66.10443614265404,23978.78,23978.78,0.0,0.09303759259866791,0.03383340170980226,0.001072399761358963,0.09793718858232314,76,45.607142857142854,227,1018.9765641813162,1.0336293704195993,103.19800353742684,88.32074309583483,85.5837710695668,0.5257187089037787,0.6142738305799217,-0.08855512167614299,0.0,medium,UNK,synthetic_derived
RPER_bb17a8ebd8163a8f,REP_a132178ac1b8,Alan Ray,MGR_5e1c70ff0ce6,James Goodwill,TEAM_a405eba78bf2,Alfa,TERR_b31415d90eb9,Alfa / Germany,2017-04-01,2017-05-15,train,0.21914893617021278,21.914893617021278,1.1413323762751464,False,False,Context only,low,Calculated incentive was the largest PCA reconstruction deviation (observed 2.5e+04).,13287526.0,11884508.029256316,-0.17589143778782124,16543479.923442945,17830248.64,72.77419472835945,25000.0,25000.0,0.0,0.09636564153032043,0.02337555112554173,0.0005169387600890017,0.13331608932506603,81,48.23809523809524,178,1057.9545845350754,1.0095068871667858,99.23513366883188,93.6963587596573,94.41853433920026,0.5577164211884363,0.5906853194573326,-0.03296889826889626,3.75,medium,UNK,synthetic_derived
RPER_e2a7a82278d9907b,REP_56269a9759c4,Anne Wu,MGR_31981a685b7e,Britanny Bold,TEAM_4f4a9410ffcd,Delta,TERR_49c0203db75f,Delta / Germany,2017-07-01,2017-08-15,train,0.2148936170212766,21.48936170212766,1.1382580273098895,False,False,Context only,low,Calculated incentive was the largest PCA reconstruction deviation (observed 2.5e+04).,21421404.5089,18963976.662280634,0.09194220125523833,17214084.862856034,19760686.81,103.92017323518239,25000.0,25000.0,0.0,0.09696485887712797,0.011990357262654931,0.009266123934825671,0.17885878188581208,75,47.57142857142857,189,1084.0605999279085,1.0082780606237924,130.0721821517177,112.62447810273436,86.58613720446995,0.6703837982305616,0.7742391794745102,-0.10385538124394855,2.75,medium,UNK,synthetic_derived
RPER_26cc27f8804d3943,REP_82f7cb811b80,Stella Given,MGR_4b97498897f6,Alisha Cordwell,TEAM_b9dd960c1753,Charlie,TERR_938541fb7311,Charlie / Germany,2017-10-01,2017-11-15,train,0.21063829787234042,21.06382978723404,1.1367263736443902,False,False,Context only,low,Calculated incentive was the largest PCA reconstruction deviation (observed 2.5e+04).,15700445.0,13804713.276220014,0.1383958403064222,12948541.047712186,14379476.07,100.61082353130118,25000.0,25000.0,0.0,0.09611010145785163,0.008680582132292352,0.00830628424954065,0.11454873204523344,79,48.23809523809524,179,1131.6204885265638,1.0313666301832471,130.73292422111243,98.62134615444104,75.43726780534631,0.5870318223478633,0.7781721679828121,-0.19114034563494875,2.75,low,UNK,synthetic_derived
RPER_fce25816b9982f7e,REP_c56e2fba156a,Thompson Crawford,MGR_5e1c70ff0ce6,James Goodwill,TEAM_a405eba78bf2,Alfa,TERR_b31415d90eb9,Alfa / Germany,2017-04-01,2017-05-15,train,0.20638297872340425,20.638297872340424,1.1364344582535217,False,False,Context only,low,Calculated incentive was the largest PCA reconstruction deviation (observed 2.352e+04).,18782645.0,17001212.603829157,-0.097436452021276,15277235.986570895,17374313.5,69.70015398412393,23521.27,23521.27,0.0,0.09797489707979876,0.010027053116100547,0.0007978901925822947,0.08961123312404912,79,47.67857142857143,176,1005.8321385273268,1.0304967390720974,114.27586931398466,83.58470658508065,73.14291904918537,0.49752801538738484,0.6802135078213373,-0.18268549243395243,4.5,low,UNK,synthetic_derived
RPER_14fdd1b6fd05eb34,REP_56269a9759c4,Anne Wu,MGR_31981a685b7e,Britanny Bold,TEAM_4f4a9410ffcd,Delta,TERR_49c0203db75f,Delta / Germany,2017-10-01,2017-11-15,train,0.20212765957446807,20.212765957446805,1.1350651873606776,False,False,Context only,low,Calculated incentive was the largest PCA reconstruction deviation (observed 2.5e+04).,20610668.0,18468991.152779218,-0.2857448980301618,19766995.568274766,23568349.43,74.83267119477445,25000.0,25000.0,0.0,0.09565748676183258,0.019071923661278908,0.020068885896081228,0.15104047588098732,79,48.73809523809524,188,1022.6037241930879,1.028170548985986,114.3366297045637,103.85612713497638,90.83364395411333,0.618191232946288,0.6805751768128792,-0.062383943866591185,1.75,medium,UNK,synthetic_derived
RPER_b49979d69513822c,REP_e7e9152643c7,Jessica Smith,MGR_31981a685b7e,Britanny Bold,TEAM_4f4a9410ffcd,Delta,TERR_49c0203db75f,Delta / Germany,2017-09-01,2017-10-15,train,0.19787234042553192,19.78723404255319,1.1346270730264976,False,False,Context only,low,Calculated incentive was the largest PCA reconstruction deviation (observed 2.5e+04).,20359718.0,18184916.02770169,-0.0658097027718546,16205977.891027113,17166681.92,115.93700390413808,25000.0,25000.0,0.0,0.09853102587371125,0.009766589098914535,0.0049538737218280775,0.16377156115339767,76,48.666666666666664,177,1109.4534871675428,1.0120456035851337,96.42935751926483,80.4073781466827,83.38474943236947,0.47861534611120654,0.573984270948005,-0.09536892483679843,0.875,low,UNK,synthetic_derived
RPER_b5d09f2efa61ebdb,REP_d21d2dd167c5,Morris Garcia,MGR_eb86f856200b,Tracy Banks,TEAM_f144a6907dc4,Bravo,TERR_07a5ea4d7ed4,Bravo / Germany,2017-09-01,2017-10-15,train,0.19361702127659575,19.361702127659576,1.1326994853679295,False,False,Context only,low,Calculated incentive was the largest PCA reconstruction deviation (observed 2.5e+04).,19087057.0,17065337.224008985,-0.022278149017350344,18737477.48327749,19713220.13,79.68164898961857,25000.0,25000.0,0.0,0.09900938240867017,0.003801070294783348,0.03825135556061246,0.08981792428135615,74,46.535714285714285,182,1004.833073006042,1.0275385049037773,100.06517753752881,83.98723805877484,83.93253290064465,0.49992403606413593,0.5956260567710048,-0.09570202070686884,0.875,low,UNK,synthetic_derived
RPER_5b3eff9ff5d16a7e,REP_db1cc40d477a,Erica Jones,MGR_5e1c70ff0ce6,James Goodwill,TEAM_a405eba78bf2,Alfa,TERR_b31415d90eb9,Alfa / Germany,2017-11-01,2017-12-15,train,0.18936170212765957,18.93617021276596,1.1235918913399794,False,False,Context only,low,Calculated incentive was the largest PCA reconstruction deviation (observed 2.294e+04).,13437353.0,12019951.827424755,0.004366223513589761,15293363.63563914,17325474.63,71.92190958034398,22939.53,22939.53,0.0,0.09659455088800258,0.019630728187281444,0.04382261553977105,0.060142920685794535,79,49.88095238095238,177,915.0301858434501,1.0144096675877723,111.53833353037305,85.58883497096022,76.73490562565513,0.5094573510176204,0.6639186519665062,-0.15446130094888588,0.875,low,UNK,synthetic_derived
RPER_3b742bd79ea9b90f,REP_a132178ac1b8,Alan Ray,MGR_5e1c70ff0ce6,James Goodwill,TEAM_a405eba78bf2,Alfa,TERR_b31415d90eb9,Alfa / Germany,2017-03-01,2017-04-15,train,0.1851063829787234,18.51063829787234,1.122273305956136,False,False,Context only,low,Calculated incentive was the largest PCA reconstruction deviation (observed 2.5e+04).,16146873.0,14421046.660836022,-0.2826777048099069,17604696.554746408,20956629.0,70.17380035270668,25000.0,25000.0,0.0,0.09895248685780983,0.007548659037063705,0.02310263088977549,0.11755139987771501,79,47.714285714285715,172,1049.63498120165,1.022761004713499,103.7275947863998,83.59067188209315,80.58672531087466,0.4975635231076973,0.617426159442856,-0.11986263633515865,0.875,low,UNK,synthetic_derived
RPER_8e761ace2dd69e2d,REP_6003efb01f5e,Sheila Stones,MGR_31981a685b7e,Britanny Bold,TEAM_4f4a9410ffcd,Delta,TERR_49c0203db75f,Delta / Germany,2017-04-01,2017-05-15,train,0.18085106382978725,18.085106382978726,1.1218004846951364,False,False,Context only,low,Calculated incentive was the largest PCA reconstruction deviation (observed 2.5e+04).,18917576.0,16859240.457438122,0.5500398528022111,10190370.63619563,12949432.29,137.12932949361667,25000.0,25000.0,0.0,0.09886005440902466,0.014474574369872355,0.0008944704974148799,0.15784702166751444,77,47.42857142857143,166,1111.2741250326346,1.0152772188206372,117.0126319090771,84.62720624004517,72.32313713429116,0.5037333704764594,0.6965037613635542,-0.1927703908870948,1.75,low,UNK,synthetic_derived
RPER_162dc7840d8154dd,REP_c56e2fba156a,Thompson Crawford,MGR_5e1c70ff0ce6,James Goodwill,TEAM_a405eba78bf2,Alfa,TERR_b31415d90eb9,Alfa / Germany,2017-09-01,2017-10-15,train,0.17659574468085107,17.659574468085108,1.1158830546889102,False,False,Context only,low,Calculated incentive was the largest PCA reconstruction deviation (observed 2.5e+04).,19720780.0,17545396.23785633,0.16295441680890851,17864067.317610107,17380032.0,104.37086662133375,25000.0,25000.0,0.0,0.09988806993465583,0.006758292893801459,0.00027700540293854476,0.09249929321032362,77,47.607142857142854,171,1045.5827674028212,1.0263404649054202,114.58907232453771,78.43419473620408,68.44823258020953,0.4668702067631195,0.6820778114555817,-0.21520760469246214,0.875,low,UNK,synthetic_derived
RPER_e2742b660831a9e2,REP_6daf09991b71,Jimmy Grey,MGR_4b97498897f6,Alisha Cordwell,TEAM_b9dd960c1753,Charlie,TERR_938541fb7311,Charlie / Germany,2017-12-01,2018-01-15,train,0.1723404255319149,17.23404255319149,1.114455376325715,False,False,Context only,low,Calculated incentive was the largest PCA reconstruction deviation (observed 2.5e+04).,19569397.0,17370343.6715278,0.25981680678045466,12945903.254515974,16735640.8,92.525855765827,25000.0,25000.0,0.0,0.09853949813791903,0.017083932396173583,0.0020160926061504386,0.12186835703788808,80,47.86904761904762,164,961.6683159753263,1.0159659651231079,106.39571646330496,88.30962815884924,83.0011123514606,0.5256525485645788,0.633307836091101,-0.1076552875265222,2.625,low,UNK,synthetic_derived
RPER_866d6d166a64b7f1,REP_db1cc40d477a,Erica Jones,MGR_5e1c70ff0ce6,James Goodwill,TEAM_a405eba78bf2,Alfa,TERR_b31415d90eb9,Alfa / Germany,2017-07-01,2017-08-15,train,0.16808510638297872,16.80851063829787,1.112067255099923,False,False,Context only,low,Calculated incentive was the largest PCA reconstruction deviation (observed 2.395e+04).,12775455.0,11409081.841415172,-0.07231690882543726,15578698.057794696,14892999.59,79.31384789743389,23946.14,23946.14,0.0,0.09785274834062925,0.021870467516116723,0.0008170880611810436,0.09096171852219687,80,49.69047619047619,186,1038.7876352221397,0.986145264704972,120.49841972686572,82.61159586161453,68.55824005731411,0.49173568965246744,0.7172524983742007,-0.22551680872173324,0.875,low,UNK,synthetic_derived
RPER_b4174d44c292d14f,REP_c56e2fba156a,Thompson Crawford,MGR_5e1c70ff0ce6,James Goodwill,TEAM_a405eba78bf2,Alfa,TERR_b31415d90eb9,Alfa / Germany,2017-11-01,2017-12-15,train,0.16382978723404254,16.382978723404253,1.1065426560742968,False,False,Context only,low,Calculated incentive was the largest PCA reconstruction deviation (observed 2.5e+04).,16350984.0,14579362.503885472,-0.1838603548988985,16832040.500574682,20757071.83,77.26559121263747,25000.0,25000.0,0.0,0.09839626827170406,0.011283412798376195,0.0081888654786023,0.11097500233726645,81,47.416666666666664,196,1092.532309604132,1.0322746209413776,116.7599019128908,79.75666574736701,68.30826717109593,0.4747420580200417,0.6949994161481595,-0.2202573581281178,1.875,low,UNK,synthetic_derived
RPER_459b9dc3973c303d,REP_82f7cb811b80,Stella Given,MGR_4b97498897f6,Alisha Cordwell,TEAM_b9dd960c1753,Charlie,TERR_938541fb7311,Charlie / Germany,2017-11-01,2017-12-15,train,0.1595744680851064,15.957446808510639,1.1054315296529709,False,False,Context only,low,Calculated incentive was the largest PCA reconstruction deviation (observed 2.5e+04).,14801236.0,13251877.906430459,-0.04004685636911194,12615987.03521494,14298069.86,99.14926608579879,25000.0,25000.0,0.0,0.09563339471401638,0.08067096060269133,0.001903216303900688,0.1898370970793006,81,48.142857142857146,186,1081.4199134231433,1.0291822249380753,129.85141685210277,94.38358713462307,72.68583541304243,0.5618070662775183,0.7729251003101355,-0.2111180340326172,0.875,low,UNK,synthetic_derived
RPER_6a3a6332d701293f,REP_bba68d031906,Steve Pepple,MGR_eb86f856200b,Tracy Banks,TEAM_f144a6907dc4,Bravo,TERR_07a5ea4d7ed4,Bravo / Germany,2017-10-01,2017-11-15,train,0.15531914893617021,15.53191489361702,1.1052454783837118,False,False,Context only,low,Calculated incentive was the largest PCA reconstruction deviation (observed 2.378e+04).,13969908.0,12407647.496378465,-0.2223212238528797,15033254.949415976,17152648.68,74.19625737396888,23779.04,23779.04,0.0,0.09755179232338165,0.017782439850322226,0.01923748205687734,0.08279624703909692,77,48.57142857142857,174,1119.9890264171165,1.0076436681445802,130.7051326628095,77.0553547058995,58.95357981440972,0.4586628256303542,0.7780067420405327,-0.31934391641017845,1.75,low,UNK,synthetic_derived
RPER_22be7c2fdf74636f,REP_6daf09991b71,Jimmy Grey,MGR_4b97498897f6,Alisha Cordwell,TEAM_b9dd960c1753,Charlie,TERR_938541fb7311,Charlie / Germany,2017-06-01,2017-07-15,train,0.15106382978723404,15.106382978723405,1.098134443703287,False,False,Context only,low,Calculated incentive was the largest PCA reconstruction deviation (observed 2.5e+04).,23709021.0,21157586.892551363,0.43807030058568563,12397505.428977167,13740786.21,160.12058220276998,25000.0,25000.0,0.0,0.09958288887088715,0.007954567881428827,0.01161316177400897,0.15004455680488799,77,47.964285714285715,190,971.2125628945257,1.0320466591891972,109.66679166607486,80.70532720524226,73.59139989339931,0.4803888524121563,0.6527785218218741,-0.17238966940971784,0.875,low,UNK,synthetic_derived
RPER_a14b03e7021661a5,REP_2234ec3bee93,Daniel Gates,MGR_4b97498897f6,Alisha Cordwell,TEAM_b9dd960c1753,Charlie,TERR_938541fb7311,Charlie / Germany,2017-07-01,2017-08-15,train,0.14680851063829786,14.680851063829786,1.0958133295946442,False,False,Context only,low,Calculated incentive was the largest PCA reconstruction deviation (observed 2.5e+04).,19181384.0,17141306.20877883,0.09144260786480173,11832382.772183726,11890397.81,152.5667416564371,25000.0,25000.0,0.0,0.09655635420572527,0.01492377626603725,0.0007067935785679505,0.053682119521246935,77,47.416666666666664,188,1003.8091280878227,1.0244316257788826,125.72559733095642,113.71057756667828,90.44345780068147,0.6768486759921326,0.7483666507795025,-0.07151797478736988,4.375,medium,UNK,synthetic_derived
RPER_ce68b9b34b631eea,REP_db1cc40d477a,Erica Jones,MGR_5e1c70ff0ce6,James Goodwill,TEAM_a405eba78bf2,Alfa,TERR_b31415d90eb9,Alfa / Germany,2017-04-01,2017-05-15,train,0.1425531914893617,14.255319148936172,1.0942095724406236,False,False,Context only,low,Calculated incentive was the largest PCA reconstruction deviation (observed 2.5e+04).,14778098.0,13155088.074836848,-0.11609825779844635,13038588.675376154,15474357.15,84.53062192652789,25000.0,25000.0,0.0,0.09892775294787635,0.018513397508924254,0.0077897624999027975,0.0980375421011277,81,46.55952380952381,172,1117.200736926866,1.025657792934659,117.49523745680182,82.57368093106176,70.27832167360887,0.4915100055420343,0.6993764134333441,-0.20786640789130983,3.625,low,UNK,synthetic_derived
RPER_696e51fa00d65def,REP_82f7cb811b80,Stella Given,MGR_4b97498897f6,Alisha Cordwell,TEAM_b9dd960c1753,Charlie,TERR_938541fb7311,Charlie / Germany,2017-09-01,2017-10-15,train,0.13829787234042554,13.829787234042554,1.092918011893909,False,False,Context only,low,Calculated incentive was the largest PCA reconstruction deviation (observed 2.5e+04).,13612473.0,12126461.453429237,0.017594934642449264,13378643.332486069,16087410.02,77.5388300126386,25000.0,25000.0,0.0,0.0971096386413467,0.006579498430162566,0.002078447198795113,0.10379894784315381,77,48.714285714285715,176,866.4671691045643,1.0373550775598657,128.2451813928605,90.65354831766187,70.68768380463192,0.5396044542717968,0.763364174957503,-0.22375972068570615,0.875,low,UNK,synthetic_derived
RPER_0ab9d6c74312e8f1,REP_82f7cb811b80,Stella Given,MGR_4b97498897f6,Alisha Cordwell,TEAM_b9dd960c1753,Charlie,TERR_938541fb7311,Charlie / Germany,2017-12-01,2018-01-15,train,0.13404255319148936,13.404255319148936,1.0917040642691251,False,False,Context only,low,Calculated incentive was the largest PCA reconstruction deviation (observed 2.5e+04).,14554709.0,12809423.78952538,-0.03338803149479501,13061017.545359902,15201402.66,90.23962691033182,25000.0,25000.0,0.0,0.09670500738892039,0.021635616448441003,0.002527485824912244,0.08290721759872047,78,49.0,168,973.3374958062388,1.022590527367642,118.45590420967044,93.81699032648899,79.19992756159301,0.5584344662291011,0.705094667914705,-0.1466602016856039,4.625,low,UNK,synthetic_derived
RPER_3f3d2fd87110dda7,REP_6daf09991b71,Jimmy Grey,MGR_4b97498897f6,Alisha Cordwell,TEAM_b9dd960c1753,Charlie,TERR_938541fb7311,Charlie / Germany,2017-05-01,2017-06-15,train,0.12978723404255318,12.978723404255318,1.0915484357272212,False,False,Context only,low,Calculated incentive was the largest PCA reconstruction deviation (observed 2.5e+04).,16551670.0,14712484.420222344,0.23471939307048326,12926712.594724098,14034270.26,96.45593908381255,25000.0,25000.0,0.0,0.09964535225280272,0.010934906457031001,0.0019604907232271254,0.11424355943736512,76,49.79761904761905,184,950.9146871701995,1.0166273792264602,116.78677660908204,87.7899850033999,75.17116881927267,0.5225594345440471,0.6951593845778693,-0.17259995003382222,1.75,low,UNK,synthetic_derived
RPER_3c9a6656129888bf,REP_6003efb01f5e,Sheila Stones,MGR_31981a685b7e,Britanny Bold,TEAM_4f4a9410ffcd,Delta,TERR_49c0203db75f,Delta / Germany,2017-03-01,2017-04-15,train,0.125531914893617,12.553191489361701,1.0902894270747372,False,False,Context only,low,Calculated incentive was the largest PCA reconstruction deviation (observed 2.5e+04).,12138729.0,10876649.672561292,0.008277603192180825,9847231.1180128,11789274.42,88.58059050503932,25000.0,25000.0,0.0,0.09702817720766933,0.012702106000191936,0.022326869022583018,0.14859839688201892,81,48.10843373493976,172,1065.7245939149452,1.0137029555652868,108.06727706860352,79.20549901526294,73.29276832336723,0.47146130366227945,0.6432576015988305,-0.17179629793655105,2.75,low,UNK,synthetic_derived
RPER_9ad4aa624d87f6ed,REP_6daf09991b71,Jimmy Grey,MGR_4b97498897f6,Alisha Cordwell,TEAM_b9dd960c1753,Charlie,TERR_938541fb7311,Charlie / Germany,2017-11-01,2017-12-15,train,0.12127659574468085,12.127659574468085,1.0888633013575422,False,False,Context only,low,Calculated incentive was the largest PCA reconstruction deviation (observed 2.5e+04).,15368478.0,13787991.696918907,0.21491313123175604,12242658.753732251,14904513.49,97.10774141074788,25000.0,25000.0,0.0,0.09598588257222096,0.009083383758758638,0.013567993346025915,0.10211644433218366,80,50.07142857142857,192,1140.9068237911483,1.0176231575099792,121.45363152829847,88.93415832968645,73.22478316258905,0.5293699900576575,0.7229382829065385,-0.193568292848881,3.625,low,UNK,synthetic_derived
RPER_d726fa6583a379fb,REP_e7e9152643c7,Jessica Smith,MGR_31981a685b7e,Britanny Bold,TEAM_4f4a9410ffcd,Delta,TERR_49c0203db75f,Delta / Germany,2017-10-01,2017-11-15,train,0.11702127659574468,11.702127659574469,1.0873431001476626,False,False,Context only,low,Calculated incentive was the largest PCA reconstruction deviation (observed 2.5e+04).,16640285.0,14817679.286566144,-0.18516647181686857,17904756.241668127,20536489.93,68.7399284271233,25000.0,25000.0,0.0,0.09798807044026576,0.021575387503280054,0.0025490511845334533,0.19881359893863887,76,47.88095238095238,186,1119.5627119789026,1.0246396165018559,108.4863476913318,81.02142552806293,74.68352216869465,0.48227039004799366,0.6457520695912607,-0.1634816795432671,2.625,low,UNK,synthetic_derived
RPER_e54caf7b538d3e5d,REP_6daf09991b71,Jimmy Grey,MGR_4b97498897f6,Alisha Cordwell,TEAM_b9dd960c1753,Charlie,TERR_938541fb7311,Charlie / Germany,2017-09-01,2017-10-15,train,0.1127659574468085,11.27659574468085,1.0813442432170914,False,False,Context only,low,Calculated incentive was the largest PCA reconstruction deviation (observed 2.5e+04).,15341882.0,13700765.33702952,0.17318568477982188,15477336.661262289,14899649.21,90.42383013779872,25000.0,25000.0,0.0,0.09768176403615964,0.015623644638799967,0.008526578864696818,0.1805938157947943,77,48.38095238095238,178,997.7201474939421,1.0257583842917586,123.88715534933124,88.15873328218623,71.16051138118422,0.5247543647749181,0.7374235437460193,-0.21266917897110116,2.625,low,UNK,synthetic_derived
RPER_92f5efa416810af6,REP_0dfc420450a6,Abigail Thompson,MGR_eb86f856200b,Tracy Banks,TEAM_f144a6907dc4,Bravo,TERR_07a5ea4d7ed4,Bravo / Germany,2017-08-01,2017-09-15,train,0.10851063829787234,10.851063829787234,1.0795923704462398,False,False,Context only,low,Rep historical mean was the largest PCA reconstruction deviation (observed 1.844e+07).,18883791.0,16862984.155072518,-0.4781738414181499,25183145.826753613,26955646.21,50.9042585178025,18617.25,18617.25,0.0,0.09806175268243537,0.03180266147101545,0.0008675138532991198,0.06673893039716836,82,47.273809523809526,197,973.1839946975462,1.0364530414197939,100.86688944671556,126.11225150522836,125.0283935560926,0.7506681637215974,0.600398151468545,0.15027001225305237,11.0,critical,UNK,synthetic_derived
RPER_e01b84386ada4b96,REP_2234ec3bee93,Daniel Gates,MGR_4b97498897f6,Alisha Cordwell,TEAM_b9dd960c1753,Charlie,TERR_938541fb7311,Charlie / Germany,2017-04-01,2017-05-15,train,0.10425531914893617,10.425531914893616,1.0795174113434765,False,False,Context only,low,Calculated incentive was the largest PCA reconstruction deviation (observed 1.885e+04).,11096800.0,9871610.28209085,-0.45554470510018036,14295921.012404507,14178816.46,68.14915720336536,18847.08,18847.08,0.0,0.09984783390927807,0.020130832103307204,0.028848505837183815,0.0974187509978058,67,47.44,146,826.0779004848797,1.0097189798965487,110.88035816934828,84.80292564317357,76.48146799242252,0.5047793193046045,0.6600021319604065,-0.15522281265580196,1.75,low,UNK,synthetic_derived
RPER_4fd857211e3caf78,REP_d21d2dd167c5,Morris Garcia,MGR_eb86f856200b,Tracy Banks,TEAM_f144a6907dc4,Bravo,TERR_9efd649c43bb,Bravo / Poland,2018-12-01,2019-01-15,validation,0.10280197057093157,10.280197057093158,1.075826752850525,False,False,Context only,low,Expense vs peer was the largest PCA reconstruction deviation (observed 1.094).,25189721.0,22452371.22796724,0.32051662768613726,21508326.26301686,24084483.39,98.07746463656227,27500.0,27500.0,0.0,0.0883413132074979,0.027544467028700743,0.021514266739669878,0.05933674530593667,79,44.904761904761905,201,1163.3743117582155,1.0008387378871475,116.28721394621692,88.82770384468361,76.38647520248152,0.528736332408831,0.6921857972989103,-0.16344946489007928,2.625,low,UNK,synthetic_derived
RPER_eac363f76ccbb598,REP_82f7cb811b80,Stella Given,MGR_4b97498897f6,Alisha Cordwell,TEAM_b9dd960c1753,Charlie,TERR_938541fb7311,Charlie / Germany,2017-05-01,2017-06-15,train,0.1,10.0,1.068711380364451,False,False,Context only,low,Calculated incentive was the largest PCA reconstruction deviation (observed 2.5e+04).,16014898.0,14248213.684741613,0.4755210947162408,11211097.491531573,12381777.29,99.46960912529875,25000.0,25000.0,0.0,0.09638384586879735,0.009802792812623917,0.0023997464874998616,0.2711116610580617,72,47.17857142857143,193,996.1320043815058,1.0100187496872644,128.70393538707134,91.66481170429782,71.22145210915268,0.545623879192249,0.7660948534944723,-0.2204709743022233,1.75,low,UNK,synthetic_derived
RPER_72cbd815a1a58c26,REP_2234ec3bee93,Daniel Gates,MGR_4b97498897f6,Alisha Cordwell,TEAM_b9dd960c1753,Charlie,TERR_938541fb7311,Charlie / Germany,2017-06-01,2017-07-15,train,0.09574468085106383,9.574468085106384,1.0629346191707285,False,False,Context only,low,Calculated incentive was the largest PCA reconstruction deviation (observed 2.5e+04).,17660842.0,15705183.291600196,0.5831271863441688,12641044.257023042,9870019.96,170.42811233225066,25000.0,25000.0,0.0,0.09862002062043715,0.005355496748408673,0.007805893363390657,0.1486968873884543,78,45.82142857142857,190,1008.3365161257308,1.008565913932813,120.25013397491057,104.22475481024236,86.67329620771,0.6203854452990617,0.7157746069935152,-0.09538916169445355,3.5,medium,UNK,synthetic_derived
RPER_64b03e68c79e1167,REP_a132178ac1b8,Alan Ray,MGR_5e1c70ff0ce6,James Goodwill,TEAM_a405eba78bf2,Alfa,TERR_b31415d90eb9,Alfa / Germany,2017-11-01,2017-12-15,train,0.09148936170212765,9.148936170212766,1.0608669044716907,False,False,Context only,low,Calculated incentive was the largest PCA reconstruction deviation (observed 2.5e+04).,17703993.0,15727407.018462764,0.2450541134058905,17099942.52868862,21075339.78,82.59004567218372,25000.0,25000.0,0.0,0.09940268373581852,0.013544505119374207,0.004354084601055649,0.08529550133925123,80,48.535714285714285,191,1070.317588927087,1.0232086972230343,105.87238639534164,89.62734532085265,84.65601690149136,0.5334961031003134,0.6301927761627478,-0.09669667306243446,4.625,low,UNK,synthetic_derived
RPER_b04f3179f7d6ea77,REP_db1cc40d477a,Erica Jones,MGR_5e1c70ff0ce6,James Goodwill,TEAM_a405eba78bf2,Alfa,TERR_b31415d90eb9,Alfa / Germany,2018-04-01,2018-05-15,train,0.08723404255319149,8.72340425531915,1.0508225995066247,False,False,Context only,low,Calculated incentive was the largest PCA reconstruction deviation (observed 2.073e+04).,15026990.0,13310472.718653642,-0.5838608286600177,23994160.92766608,23373922.7,56.19636980911148,20728.3,20728.3,0.0,0.09106536056536886,0.03294758821239185,0.007961011992862243,0.12513966075293892,78,46.48809523809524,228,1130.3521724821112,1.0272026509208372,110.29955582379846,97.4594098072117,88.35884159216502,0.5801155345667363,0.6565449751416574,-0.07642944057492118,4.5,medium,UNK,synthetic_derived
RPER_8d20614d66c9cb49,REP_56269a9759c4,Anne Wu,MGR_31981a685b7e,Britanny Bold,TEAM_4f4a9410ffcd,Delta,TERR_49c0203db75f,Delta / Germany,2017-03-01,2017-04-15,train,0.08297872340425531,8.297872340425531,1.0483237372404202,False,False,Context only,low,Calculated incentive was the largest PCA reconstruction deviation (observed 2.5e+04).,18057321.0,16153837.882825138,0.30590094684518476,12795125.61501789,15607246.96,107.04494604813677,25000.0,25000.0,0.0,0.09751129415777876,0.011073235852871408,0.001319918121179259,0.08665948476083862,82,48.29761904761905,181,1064.9468661139206,1.0119222722395642,134.57236405689224,95.7391988858544,71.14328380630914,0.5698761838443714,0.8010259765291204,-0.231149792684749,1.75,low,UNK,synthetic_derived
RPER_7e9ef1f8d970db6b,REP_a132178ac1b8,Alan Ray,MGR_5e1c70ff0ce6,James Goodwill,TEAM_a405eba78bf2,Alfa,TERR_b31415d90eb9,Alfa / Germany,2018-12-01,2019-01-15,validation,0.08278596262801097,8.278596262801097,1.0480893846408215,False,False,Context only,low,Calculated incentive was the largest PCA reconstruction deviation (observed 2.107e+04).,15142248.0,13746202.86632827,-0.4887304912176752,24614050.246649075,29212054.33,50.329272284939265,21073.73,21073.73,0.0,0.08852562751463135,0.019249176316062155,0.016937022876264713,0.13614875667841958,78,45.666666666666664,200,1033.164919291391,1.0365189937218804,106.56195825169095,96.20196091397347,90.27795893798424,0.5726307197260325,0.6342973705457795,-0.06166665081974698,1.75,medium,UNK,synthetic_derived
RPER_5f4c8482f4cbc39d,REP_a132178ac1b8,Alan Ray,MGR_5e1c70ff0ce6,James Goodwill,TEAM_a405eba78bf2,Alfa,TERR_b31415d90eb9,Alfa / Germany,2017-08-01,2017-09-15,train,0.07872340425531915,7.872340425531915,1.0431502516169178,False,False,Context only,low,Calculated incentive was the largest PCA reconstruction deviation (observed 2.5e+04).,21462039.0,19058807.81523176,0.40491792694314915,15052058.483600706,14208088.13,138.8959730136696,25000.0,25000.0,0.0,0.09707165530570294,0.006816032561268743,0.008647419329443577,0.07868104953133359,78,48.583333333333336,192,1084.781972208665,1.01844032825659,103.57202132763001,93.0103068910596,89.80254097468999,0.55363277911345,0.6165001269501786,-0.06286734783672865,0.875,medium,UNK,synthetic_derived
RPER_96af4ad940a6eb82,REP_e7e9152643c7,Jessica Smith,MGR_31981a685b7e,Britanny Bold,TEAM_4f4a9410ffcd,Delta,TERR_49c0203db75f,Delta / Germany,2017-03-01,2017-04-15,train,0.07446808510638298,7.446808510638298,1.038576281923456,False,False,Context only,low,Calculated incentive was the largest PCA reconstruction deviation (observed 2.5e+04).,14161138.0,12654789.767086508,-0.18335843210626915,13334432.408908535,15170281.83,85.6506761897137,25000.0,25000.0,0.0,0.09802988324169791,0.017832746701360275,0.0037654275121162127,0.07589206477592313,79,47.70238095238095,180,1114.0086169434587,1.0198129397486835,116.00982646221631,85.04299099431282,73.30671339467162,0.5062082797280525,0.6905346813227161,-0.18432640159466362,3.625,low,UNK,synthetic_derived
RPER_6c8401b154a56e8f,REP_d21d2dd167c5,Morris Garcia,MGR_eb86f856200b,Tracy Banks,TEAM_f144a6907dc4,Bravo,TERR_07a5ea4d7ed4,Bravo / Germany,2017-11-01,2017-12-15,train,0.07021276595744681,7.021276595744681,1.0366349703177447,False,False,Context only,low,Calculated incentive was the largest PCA reconstruction deviation (observed 2.073e+04).,14584116.0,13039427.905656919,-0.2424891425355054,17244346.94967692,20177528.26,63.46816527733328,20733.37,20733.37,0.0,0.09818833765962176,0.03039151893158027,0.01315803177930137,0.11510099215827241,79,48.05952380952381,182,1128.832464404594,1.011745163310875,100.71961157336057,74.51032238685353,73.97796836476367,0.443513823731271,0.5995214974604796,-0.15600767372920854,0.0,low,UNK,synthetic_derived
RPER_75372989c9a783cf,REP_82f7cb811b80,Stella Given,MGR_4b97498897f6,Alisha Cordwell,TEAM_b9dd960c1753,Charlie,TERR_938541fb7311,Charlie / Germany,2017-07-01,2017-08-15,train,0.06595744680851064,6.595744680851063,1.012202391236971,False,False,Context only,low,Calculated incentive was the largest PCA reconstruction deviation (observed 2.5e+04).,16655708.0,14802375.313711759,0.10327427396658638,12440458.80848612,16130134.24,95.8053145488582,25000.0,25000.0,0.0,0.09608373755545277,0.010258238644523158,0.00044925098039968895,0.059492297556668336,77,49.404761904761905,187,947.8194577640904,1.024490281295652,137.49817790597027,91.36828612113746,66.450543209104,0.5438588459591516,0.818441535154585,-0.2745826891954334,2.75,low,UNK,synthetic_derived
RPER_c3019d7b3eddfc91,REP_200ef690040c,Mary Gerrard,MGR_31981a685b7e,Britanny Bold,TEAM_4f4a9410ffcd,Delta,TERR_49c0203db75f,Delta / Germany,2017-04-01,2017-05-15,train,0.06170212765957447,6.170212765957447,0.9962142099186505,False,False,Context only,low,Calculated incentive was the largest PCA reconstruction deviation (observed 2.092e+04).,14347599.0,12898244.219467908,-0.2647131662284522,15480535.920274014,21434184.91,61.06963421212782,20918.92,20918.92,0.0,0.09700257511959764,0.04089700919531064,0.019334133183084454,0.09886560025604718,79,49.05952380952381,158,1053.4354405504178,1.0260574593188125,122.47151515773993,109.88925511112734,89.72637839059395,0.6541027089948056,0.7289971140341662,-0.07489440503936062,4.5,medium,UNK,synthetic_derived
RPER_227925fd80c063e0,REP_82f7cb811b80,Stella Given,MGR_4b97498897f6,Alisha Cordwell,TEAM_b9dd960c1753,Charlie,TERR_938541fb7311,Charlie / Germany,2017-04-01,2017-05-15,train,0.0574468085106383,5.74468085106383,0.9231956529908996,False,False,Context only,low,Calculated incentive was the largest PCA reconstruction deviation (observed 2.13e+04).,10753534.0,9656394.43296587,-0.22405707285970447,10276258.12903264,13604196.0,74.317707276622,21295.5,21295.5,0.0,0.09828881644611065,0.03584660523788369,0.0060141100333750185,0.11669826635149447,84,46.345238095238095,156,940.5021679511356,1.0260261555405923,138.38383104115556,92.56709303171986,66.89155252840939,0.5509946013792849,0.8237132800068784,-0.27271867862759347,2.625,low,UNK,synthetic_derived
RPER_a3da44f53c674985,REP_6003efb01f5e,Sheila Stones,MGR_31981a685b7e,Britanny Bold,TEAM_4f4a9410ffcd,Delta,TERR_49c0203db75f,Delta / Germany,2017-08-01,2017-09-15,train,0.05319148936170213,5.319148936170213,0.9193913587245108,False,False,Context only,low,Calculated incentive was the largest PCA reconstruction deviation (observed 1.979e+04).,12783012.0,11367446.753959613,-0.2829335773682385,18908472.162789203,19725486.45,63.300731968587264,19793.62,19793.62,0.0,0.09804272295151827,0.026040662124480602,0.002952941451662107,0.19038794482741273,78,47.964285714285715,163,963.9411749485896,1.0283609792335282,101.19841004100672,82.65923028417012,81.68036459335248,0.492019227881965,0.6023714883393257,-0.11035226045736074,1.75,low,UNK,synthetic_derived
RPER_b36d0c27d4cef29a,REP_82f7cb811b80,Stella Given,MGR_4b97498897f6,Alisha Cordwell,TEAM_b9dd960c1753,Charlie,TERR_938541fb7311,Charlie / Germany,2018-08-01,2018-09-15,validation,0.05169913219143552,5.169913219143552,0.8999199296262795,False,False,Context only,low,Rep historical mean was the largest PCA reconstruction deviation (observed 1.887e+07).,13591097.0,12157803.552407078,-0.2848614805777093,18794434.690762673,20181710.19,53.58657229140279,14931.04,14931.04,0.0,0.09067930265327215,0.08840377069836468,0.003965973252628833,0.054853022252783865,81,45.88095238095238,224,1006.8536014992953,1.0246817536907473,137.67889539159464,96.68444364231257,70.22459278694592,0.575502640728051,0.8195172344737776,-0.24401459374572654,4.5,low,UNK,synthetic_derived
RPER_7444942dd8d9920e,REP_0dfc420450a6,Abigail Thompson,MGR_eb86f856200b,Tracy Banks,TEAM_f144a6907dc4,Bravo,TERR_07a5ea4d7ed4,Bravo / Germany,2017-10-01,2017-11-15,train,0.04893617021276596,4.8936170212765955,0.8638703703514296,False,False,Context only,low,Rep historical mean was the largest PCA reconstruction deviation (observed 2.089e+07).,16305899.0,14486685.823591802,-0.32380022575529166,23533996.954794973,25073528.67,52.05671797270712,17381.05,17381.05,0.0,0.09721302738825148,0.013485389074623747,0.005593655225843171,0.13243365873211393,77,46.82142857142857,172,946.8436557169871,0.994886802124748,97.30581548806887,114.2628540026905,117.42654170212552,0.6801360357303006,0.5792012826670766,0.10093475306322397,1.75,high,UNK,synthetic_derived
RPER_bb3058d667279048,REP_bba68d031906,Steve Pepple,MGR_eb86f856200b,Tracy Banks,TEAM_f144a6907dc4,Bravo,TERR_07a5ea4d7ed4,Bravo / Germany,2018-04-01,2018-05-15,train,0.04468085106382979,4.468085106382979,0.8259496365930425,False,False,Context only,low,Rep historical mean was the largest PCA reconstruction deviation (observed 1.65e+07).,11405398.0,10176623.287795855,-0.6807383118955213,20574582.351565722,17414128.2,55.5563631533737,15267.76,15267.76,0.0,0.09278697420188779,0.039926280772086264,0.011628316328377164,0.06891036259073934,82,46.476190476190474,227,1227.0727677659686,1.0300559447014452,129.63432246546296,96.79447405634262,74.66731974638161,0.5761575836687061,0.7716328718182319,-0.19547528814952586,2.625,low,UNK,synthetic_derived
RPER_28621abab10255fe,REP_2234ec3bee93,Daniel Gates,MGR_4b97498897f6,Alisha Cordwell,TEAM_b9dd960c1753,Charlie,TERR_938541fb7311,Charlie / Germany,2017-10-01,2017-11-15,train,0.04042553191489362,4.042553191489362,0.8182768932126645,False,False,Context only,low,Expense vs peer was the largest PCA reconstruction deviation (observed 0.7318).,11880066.0,10640747.757480053,-0.3704809352540833,17070339.744973224,20080428.02,52.37484357397022,13069.88,13069.88,0.0,0.09856849282158005,0.04359101738036406,0.009125042483869172,0.06380662093537612,73,46.56410256410256,178,809.5102014037599,1.0203110575436287,128.32805824610236,88.42123484035261,68.90249571982297,0.5263168740497179,0.7638574895601331,-0.23754061551041517,1.75,low,UNK,synthetic_derived
RPER_415c611bd1a0e5fb,REP_2234ec3bee93,Daniel Gates,MGR_4b97498897f6,Alisha Cordwell,TEAM_b9dd960c1753,Charlie,TERR_b74f6941cd2d,Charlie / Poland,2018-12-01,2019-01-15,validation,0.03936453927476716,3.9364539274767156,0.8016730134328238,False,False,Context only,low,Cancelled order rate was the largest PCA reconstruction deviation (observed 0.005964).,15461529.0,14014963.995820733,-0.38297320509229144,20349674.559220206,27821918.2,53.434647183027536,22408.79,22408.79,0.0,0.08657469050187591,0.01103848290271533,0.0007838370407092253,0.06354026462954533,77,46.53012048192771,208,937.38292442245,1.028218520235871,110.30870421733363,119.10308330299212,107.97251599323617,0.7089469244225721,0.6565994298650811,0.05234749455749099,11.75,high,UNK,synthetic_derived
RPER_3fb60ff3ce69ee5f,REP_82f7cb811b80,Stella Given,MGR_4b97498897f6,Alisha Cordwell,TEAM_b9dd960c1753,Charlie,TERR_938541fb7311,Charlie / Germany,2018-09-01,2018-10-15,validation,0.038673849521041984,3.8673849521041985,0.7908641452066939,False,False,Context only,low,Rep historical mean was the largest PCA reconstruction deviation (observed 1.803e+07).,10657309.0,9635705.778264213,-0.20744682732133177,14757285.067105034,18089829.49,56.2999660332263,16284.87,16284.87,0.0,0.0899989196877464,0.015078827462169628,0.0024561806807584475,0.09450649042098673,80,48.95238095238095,209,997.7359687283986,1.0177158749045625,137.42404278888256,114.71103837164453,83.47232117735697,0.6828037998312174,0.8180002546957296,-0.13519645486451215,2.75,low,UNK,synthetic_derived
RPER_da14cc21253060b5,REP_c56e2fba156a,Thompson Crawford,MGR_5e1c70ff0ce6,James Goodwill,TEAM_a405eba78bf2,Alfa,TERR_b31415d90eb9,Alfa / Germany,2017-05-01,2017-06-15,train,0.036170212765957444,3.6170212765957444,0.7516837756907854,False,False,Context only,low,Calculated incentive was the largest PCA reconstruction deviation (observed 1.905e+04).,13002004.0,11530207.119019672,-0.3218008981063656,17137495.364235763,19772060.47,61.17971917489447,19047.74,19047.74,0.0,0.10051652074868565,0.030359917886753147,0.0032398809459472508,0.06824830792324967,80,48.61904761904762,180,1024.9492896640097,1.0069646346818564,115.19168754105681,85.59739010653892,74.30865189472128,0.5095082744436841,0.6856648067920048,-0.17615653234832074,0.875,low,UNK,synthetic_derived
RPER_14f4b6f03c4f8636,REP_d21d2dd167c5,Morris Garcia,MGR_eb86f856200b,Tracy Banks,TEAM_f144a6907dc4,Bravo,TERR_07a5ea4d7ed4,Bravo / Germany,2017-07-01,2017-08-15,train,0.031914893617021274,3.1914893617021276,0.7450510765466106,False,False,Context only,low,Calculated incentive was the largest PCA reconstruction deviation (observed 1.871e+04).,18532076.0,16572100.949778052,-0.25304287038823925,19772206.996081315,26859435.34,51.50574152666568,18708.1,18708.1,0.0,0.09738880222942733,0.008367228434980402,0.003377548314505607,0.16511460251145804,81,47.76190476190476,190,1087.9661607645821,1.0057367407984374,98.29952224719071,90.63587904084179,92.20378387284794,0.5394992800050107,0.5851162038523257,-0.04561692384731497,0.875,medium,UNK,synthetic_derived
RPER_37721dcf710dbd5a,REP_6daf09991b71,Jimmy Grey,MGR_4b97498897f6,Alisha Cordwell,TEAM_b9dd960c1753,Charlie,TERR_938541fb7311,Charlie / Germany,2017-10-01,2017-11-15,train,0.027659574468085105,2.7659574468085104,0.7375594733305793,False,False,Context only,low,Calculated incentive was the largest PCA reconstruction deviation (observed 2.089e+04).,12830018.0,11348952.729599494,-0.17165556445768052,12991729.476088343,15763978.89,72.49695038119766,20887.57,20887.57,0.0,0.09940261394436736,0.02011361572905544,0.004689727011054526,0.03761705179006244,78,48.08433734939759,167,1106.1300397267116,1.0280207137592259,124.87909364226167,90.47946175180506,72.45365025710352,0.5385682247131254,0.7433279383467957,-0.2047597136336703,0.875,low,UNK,synthetic_derived
RPER_46e04eb99fb9e01c,REP_db1cc40d477a,Erica Jones,MGR_5e1c70ff0ce6,James Goodwill,TEAM_a405eba78bf2,Alfa,TERR_b31415d90eb9,Alfa / Germany,2017-10-01,2017-11-15,train,0.023404255319148935,2.3404255319148937,0.713145666283681,False,False,Context only,low,Calculated incentive was the largest PCA reconstruction deviation (observed 2.054e+04).,13352940.0,11967698.18221801,-0.2153937994096314,15107158.188704863,18291693.11,66.70827169641309,20542.81,20542.81,0.0,0.0975841472109124,0.02599010558977269,0.021069371101709155,0.1295251924636509,75,45.61904761904762,168,988.2156138439268,1.0103735816284312,117.55158272318002,95.64020588731657,81.36020262061282,0.5692869398054557,0.6997118019236905,-0.13042486211823479,2.625,low,UNK,synthetic_derived
RPER_ec6aaa900fbf77bb,REP_6daf09991b71,Jimmy Grey,MGR_4b97498897f6,Alisha Cordwell,TEAM_b9dd960c1753,Charlie,TERR_938541fb7311,Charlie / Germany,2017-03-01,2017-04-15,train,0.019148936170212766,1.9148936170212765,0.697780963622332,False,False,Context only,low,Calculated incentive was the largest PCA reconstruction deviation (observed 1.966e+04).,11746657.0,10564381.636549948,-0.35188263867464925,14581361.448107796,18375114.39,60.013797271649906,19664.91,19664.91,0.0,0.09798312847380898,0.01945161542079146,0.004784789800560847,0.14854771755871005,77,47.214285714285715,159,1056.0368834729657,1.0089993328476772,109.1031681169253,84.44226225570195,77.39670965851846,0.5026325134267973,0.649423619743603,-0.1467911063168057,0.875,low,UNK,synthetic_derived
RPER_ce9e7871d30c3e06,REP_0dfc420450a6,Abigail Thompson,MGR_eb86f856200b,Tracy Banks,TEAM_f144a6907dc4,Bravo,TERR_9efd649c43bb,Bravo / Poland,2018-08-01,2018-09-15,validation,0.01500129593545957,1.500129593545957,0.6771281763022637,False,False,Context only,low,Return clawback ratio was the largest PCA reconstruction deviation (observed 0.2).,24513025.0,21901631.896799214,-0.007021647609853277,24534174.67301914,25512590.72,88.86966895707272,27500.0,27500.0,0.0,0.08982945960483511,0.05442058882680164,0.00411260005296639,0.06370460558490888,78,45.535714285714285,239,1000.6762965835177,1.0212823525346393,107.09375439641056,121.36398475350227,113.32498840620532,0.7224046711517992,0.6374628237881581,0.08494184736364108,8.25,high,UNK,synthetic_derived
RPER_fa23ca5d98d868a4,REP_a132178ac1b8,Alan Ray,MGR_5e1c70ff0ce6,James Goodwill,TEAM_a405eba78bf2,Alfa,TERR_b31415d90eb9,Alfa / Germany,2017-10-01,2017-11-15,train,0.014893617021276596,1.4893617021276597,0.6765919992021279,False,False,Context only,low,Rep historical mean was the largest PCA reconstruction deviation (observed 1.595e+07).,14121163.0,12631906.395971717,-0.3558145055061485,17411233.80127277,21271380.56,58.86921478223376,18316.94,18316.94,0.0,0.09700157237863052,0.05213791157165172,0.0003528456163416516,0.11732937950131048,78,49.04761904761905,170,991.377428750083,1.0142862200436786,97.66098064472922,78.53033358815095,80.41116633246632,0.4674424618342319,0.581315360980531,-0.11387289914629917,0.875,low,UNK,synthetic_derived
RPER_8556c369d99f4917,REP_6daf09991b71,Jimmy Grey,MGR_4b97498897f6,Alisha Cordwell,TEAM_b9dd960c1753,Charlie,TERR_938541fb7311,Charlie / Germany,2017-08-01,2017-09-15,train,0.010638297872340425,1.0638297872340425,0.6443508274077514,False,False,Context only,low,Calculated incentive was the largest PCA reconstruction deviation (observed 1.85e+04).,13075110.0,11678258.19456774,-0.14106233019945794,16488745.403147155,18072701.24,63.69002237794764,18503.38,18503.38,0.0,0.0985321713834272,0.03299751371796234,0.0008579784620823753,0.11280452745969448,83,49.36904761904762,185,1100.7309585698238,1.0063836547934955,109.85470762992492,84.70319514153502,77.10474768808314,0.5041856853662798,0.6538970692257435,-0.1497113838594637,1.75,low,UNK,synthetic_derived
RPER_d65e5390e1352775,REP_bba68d031906,Steve Pepple,MGR_eb86f856200b,Tracy Banks,TEAM_f144a6907dc4,Bravo,TERR_9efd649c43bb,Bravo / Poland,2018-08-01,2018-09-15,validation,0.01010575721196479,1.010575721196479,0.6181659949844946,False,False,Context only,low,Return count was the largest PCA reconstruction deviation (observed 29).,23738856.0,21421236.325992443,-0.16201062128125138,20549240.792851266,21775796.07,104.0102240113802,27500.0,27500.0,0.0,0.09014811030900838,0.016775656988422986,0.009681957192110433,0.1643964864754386,78,49.857142857142854,210,1001.6852697825832,1.0140447952303626,135.74984339445854,96.97632710118657,71.43752410777753,0.5772400422689676,0.8080347821098722,-0.2307947398409046,1.75,low,UNK,synthetic_derived
RPER_d59a15e7b75e4a3a,REP_6daf09991b71,Jimmy Grey,MGR_4b97498897f6,Alisha Cordwell,TEAM_b9dd960c1753,Charlie,TERR_b74f6941cd2d,Charlie / Poland,2018-08-01,2018-09-15,validation,0.008075682251082872,0.8075682251082872,0.5183479404910643,False,False,Context only,low,Return count was the largest PCA reconstruction deviation (observed 23).,17524863.0,15721117.41052095,-0.1954076880190323,25595726.55908634,23834954.84,77.16384710561486,27500.0,27500.0,0.0,0.08988849145772523,0.026636733927860673,0.00010679472833521528,0.2009018551990031,78,45.42857142857143,211,1016.1385308569955,1.0268865023156966,116.21270981691731,92.53317205813218,79.62396901673654,0.5507926908222154,0.6917423203387936,-0.1409496295165782,3.625,low,UNK,synthetic_derived
RPER_de6480c0290ced39,REP_82f7cb811b80,Stella Given,MGR_4b97498897f6,Alisha Cordwell,TEAM_b9dd960c1753,Charlie,TERR_938541fb7311,Charlie / Germany,2017-08-01,2017-09-15,train,0.006382978723404255,0.6382978723404255,0.4351183178304092,False,False,Context only,low,Incentive peer percentile was 0.3333 versus a comparable-representative reference of 1.85e+04; it was the largest PCA reconstruction deviation.,13331499.0,11916786.375995565,-0.19494093863727469,14155785.768734751,16635333.08,62.501627783042814,16506.81,16506.81,0.0,0.09841663353951556,0.020419229325275942,0.004156209800139667,0.1754662881852001,81,47.166666666666664,167,1001.2191521816185,1.0130170727435768,119.95562745208423,101.50338349227654,84.61744200606314,0.604186806501646,0.7140215919766918,-0.10983478547504577,2.75,low,UNK,synthetic_derived
RPER_2e35b2010864107f,REP_56269a9759c4,Anne Wu,MGR_31981a685b7e,Britanny Bold,TEAM_4f4a9410ffcd,Delta,TERR_3170779e5944,Delta / Poland,2018-01-01,2018-02-15,train,0.002127659574468085,0.2127659574468085,0.0002449950073633728,False,False,Context only,low,Calculated incentive was the largest PCA reconstruction deviation (observed 2.75e+04).,14587767.0,13124769.72542164,0.01138965617139498,20089484.02326038,21134010.81,66.04315730527036,27500.0,27500.0,0.0,0.08893803247199032,0.01857143342043473,0.006907671508458368,0.08761491695177902,79,45.845238095238095,203,907.5431376552624,1.0264803852112845,123.30391957455956,111.5687540206883,90.48273112942267,0.6640997263136208,0.7339519022295212,-0.06985217591590043,2.625,medium,UNK,synthetic_derived
