rep_id,period,manager_id,team_id,territory_id,observation_id,population,anomaly_score,primary_reason_code,primary_reason,secondary_reason,recommended_review_action,driver_rank,feature,name,value,peer_value,percentile,contribution
REP_0dfc420450a6,2017-01-01,MGR_eb86f856200b,TEAM_f144a6907dc4,TERR_07a5ea4d7ed4,RPER_8ef84997ed6c0c60,injected,0.9297872340425531,PCA_RECONSTRUCTION_INCENTIVE_PEER_MEDIAN,Incentive peer median was the largest PCA reconstruction deviation (observed 0).,Rep historical mean was the next-largest reconstruction deviation (observed 0).,"Validate the target, policy tier, adjustment approval, and payout reconciliation before action.",1,incentive_peer_median,Incentive peer median,0.0,,0.15384615384615385,10704.03565091797
REP_0dfc420450a6,2017-01-01,MGR_eb86f856200b,TEAM_f144a6907dc4,TERR_07a5ea4d7ed4,RPER_8ef84997ed6c0c60,injected,0.9297872340425531,PCA_RECONSTRUCTION_INCENTIVE_PEER_MEDIAN,Incentive peer median was the largest PCA reconstruction deviation (observed 0).,Rep historical mean was the next-largest reconstruction deviation (observed 0).,"Validate the target, policy tier, adjustment approval, and payout reconciliation before action.",2,rep_historical_mean,Rep historical mean,0.0,,0.5384615384615384,3413.2355873402216
REP_0dfc420450a6,2017-01-01,MGR_eb86f856200b,TEAM_f144a6907dc4,TERR_07a5ea4d7ed4,RPER_8ef84997ed6c0c60,injected,0.9297872340425531,PCA_RECONSTRUCTION_INCENTIVE_PEER_MEDIAN,Incentive peer median was the largest PCA reconstruction deviation (observed 0).,Rep historical mean was the next-largest reconstruction deviation (observed 0).,"Validate the target, policy tier, adjustment approval, and payout reconciliation before action.",3,rolling_sales_mean,Rolling sales mean,0.0,,0.5384615384615384,2192.797999337374
REP_0dfc420450a6,2017-02-01,MGR_eb86f856200b,TEAM_f144a6907dc4,TERR_07a5ea4d7ed4,RPER_59ac72916515a02c,injected,0.874468085106383,PCA_RECONSTRUCTION_ROLLING_SALES_STD,Rolling sales std was the largest PCA reconstruction deviation (observed 0).,Rep historical std was the next-largest reconstruction deviation (observed 0).,"Validate the underlying orders, discounts, returns, period timing, and customer context before action.",1,rolling_sales_std,Rolling sales std,0.0,,0.5384615384615384,293.0650422518613
REP_0dfc420450a6,2017-02-01,MGR_eb86f856200b,TEAM_f144a6907dc4,TERR_07a5ea4d7ed4,RPER_59ac72916515a02c,injected,0.874468085106383,PCA_RECONSTRUCTION_ROLLING_SALES_STD,Rolling sales std was the largest PCA reconstruction deviation (observed 0).,Rep historical std was the next-largest reconstruction deviation (observed 0).,"Validate the underlying orders, discounts, returns, period timing, and customer context before action.",2,rep_historical_std,Rep historical std,0.0,,0.5384615384615384,293.0650422518613
REP_0dfc420450a6,2017-02-01,MGR_eb86f856200b,TEAM_f144a6907dc4,TERR_07a5ea4d7ed4,RPER_59ac72916515a02c,injected,0.874468085106383,PCA_RECONSTRUCTION_ROLLING_SALES_STD,Rolling sales std was the largest PCA reconstruction deviation (observed 0).,Rep historical std was the next-largest reconstruction deviation (observed 0).,"Validate the underlying orders, discounts, returns, period timing, and customer context before action.",3,calculated_incentive,Calculated incentive,25000.0,,0.5384615384615384,46.78618185674484
REP_0dfc420450a6,2017-03-01,MGR_eb86f856200b,TEAM_f144a6907dc4,TERR_07a5ea4d7ed4,RPER_f0e119c32f7152ef,injected,0.3127659574468085,PCA_RECONSTRUCTION_CALCULATED_INCENTIVE,Calculated incentive was the largest PCA reconstruction deviation (observed 2.5e+04).,Final incentive paid was the next-largest reconstruction deviation (observed 2.5e+04).,"Validate the target, policy tier, adjustment approval, and payout reconciliation before action.",1,calculated_incentive,Calculated incentive,25000.0,,0.5769230769230769,46.786157282477774
REP_0dfc420450a6,2017-03-01,MGR_eb86f856200b,TEAM_f144a6907dc4,TERR_07a5ea4d7ed4,RPER_f0e119c32f7152ef,injected,0.3127659574468085,PCA_RECONSTRUCTION_CALCULATED_INCENTIVE,Calculated incentive was the largest PCA reconstruction deviation (observed 2.5e+04).,Final incentive paid was the next-largest reconstruction deviation (observed 2.5e+04).,"Validate the target, policy tier, adjustment approval, and payout reconciliation before action.",2,final_incentive_paid,Final incentive paid,25000.0,25000.0,0.6666666666666666,46.786157282477774
REP_0dfc420450a6,2017-03-01,MGR_eb86f856200b,TEAM_f144a6907dc4,TERR_07a5ea4d7ed4,RPER_f0e119c32f7152ef,injected,0.3127659574468085,PCA_RECONSTRUCTION_CALCULATED_INCENTIVE,Calculated incentive was the largest PCA reconstruction deviation (observed 2.5e+04).,Final incentive paid was the next-largest reconstruction deviation (observed 2.5e+04).,"Validate the target, policy tier, adjustment approval, and payout reconciliation before action.",3,expected_incentive,Expected incentive,25000.0,,0.5769230769230769,46.786157282477774
REP_0dfc420450a6,2017-04-01,MGR_eb86f856200b,TEAM_f144a6907dc4,TERR_07a5ea4d7ed4,RPER_f47cf03776f59e89,injected,0.3425531914893617,PCA_RECONSTRUCTION_CALCULATED_INCENTIVE,Calculated incentive was the largest PCA reconstruction deviation (observed 2.5e+04).,Final incentive paid was the next-largest reconstruction deviation (observed 2.5e+04).,"Validate the target, policy tier, adjustment approval, and payout reconciliation before action.",1,calculated_incentive,Calculated incentive,25000.0,,0.6923076923076923,46.78615852226355
REP_0dfc420450a6,2017-04-01,MGR_eb86f856200b,TEAM_f144a6907dc4,TERR_07a5ea4d7ed4,RPER_f47cf03776f59e89,injected,0.3425531914893617,PCA_RECONSTRUCTION_CALCULATED_INCENTIVE,Calculated incentive was the largest PCA reconstruction deviation (observed 2.5e+04).,Final incentive paid was the next-largest reconstruction deviation (observed 2.5e+04).,"Validate the target, policy tier, adjustment approval, and payout reconciliation before action.",2,final_incentive_paid,Final incentive paid,25000.0,25000.0,0.6666666666666666,46.78615852226355
REP_0dfc420450a6,2017-04-01,MGR_eb86f856200b,TEAM_f144a6907dc4,TERR_07a5ea4d7ed4,RPER_f47cf03776f59e89,injected,0.3425531914893617,PCA_RECONSTRUCTION_CALCULATED_INCENTIVE,Calculated incentive was the largest PCA reconstruction deviation (observed 2.5e+04).,Final incentive paid was the next-largest reconstruction deviation (observed 2.5e+04).,"Validate the target, policy tier, adjustment approval, and payout reconciliation before action.",3,expected_incentive,Expected incentive,25000.0,,0.6923076923076923,46.78615852226355
REP_0dfc420450a6,2017-05-01,MGR_eb86f856200b,TEAM_f144a6907dc4,TERR_07a5ea4d7ed4,RPER_edbf0874ceb5518d,injected,0.4574468085106383,PCA_RECONSTRUCTION_CALCULATED_INCENTIVE,Calculated incentive was the largest PCA reconstruction deviation (observed 2.5e+04).,Final incentive paid was the next-largest reconstruction deviation (observed 2.5e+04).,"Validate the target, policy tier, adjustment approval, and payout reconciliation before action.",1,calculated_incentive,Calculated incentive,25000.0,,0.6153846153846154,46.7861595522599
REP_0dfc420450a6,2017-05-01,MGR_eb86f856200b,TEAM_f144a6907dc4,TERR_07a5ea4d7ed4,RPER_edbf0874ceb5518d,injected,0.4574468085106383,PCA_RECONSTRUCTION_CALCULATED_INCENTIVE,Calculated incentive was the largest PCA reconstruction deviation (observed 2.5e+04).,Final incentive paid was the next-largest reconstruction deviation (observed 2.5e+04).,"Validate the target, policy tier, adjustment approval, and payout reconciliation before action.",2,final_incentive_paid,Final incentive paid,25000.0,25000.0,0.6666666666666666,46.7861595522599
REP_0dfc420450a6,2017-05-01,MGR_eb86f856200b,TEAM_f144a6907dc4,TERR_07a5ea4d7ed4,RPER_edbf0874ceb5518d,injected,0.4574468085106383,PCA_RECONSTRUCTION_CALCULATED_INCENTIVE,Calculated incentive was the largest PCA reconstruction deviation (observed 2.5e+04).,Final incentive paid was the next-largest reconstruction deviation (observed 2.5e+04).,"Validate the target, policy tier, adjustment approval, and payout reconciliation before action.",3,expected_incentive,Expected incentive,25000.0,,0.6153846153846154,46.7861595522599
REP_0dfc420450a6,2017-06-01,MGR_eb86f856200b,TEAM_f144a6907dc4,TERR_07a5ea4d7ed4,RPER_142e61e4b1139796,injected,0.6914893617021277,PCA_RECONSTRUCTION_CALCULATED_INCENTIVE,Calculated incentive was the largest PCA reconstruction deviation (observed 2.5e+04).,Final incentive paid was the next-largest reconstruction deviation (observed 2.5e+04).,"Validate the target, policy tier, adjustment approval, and payout reconciliation before action.",1,calculated_incentive,Calculated incentive,25000.0,,0.5769230769230769,46.78616355737805
REP_0dfc420450a6,2017-06-01,MGR_eb86f856200b,TEAM_f144a6907dc4,TERR_07a5ea4d7ed4,RPER_142e61e4b1139796,injected,0.6914893617021277,PCA_RECONSTRUCTION_CALCULATED_INCENTIVE,Calculated incentive was the largest PCA reconstruction deviation (observed 2.5e+04).,Final incentive paid was the next-largest reconstruction deviation (observed 2.5e+04).,"Validate the target, policy tier, adjustment approval, and payout reconciliation before action.",2,final_incentive_paid,Final incentive paid,25000.0,25000.0,0.6666666666666666,46.78616355737805
REP_0dfc420450a6,2017-06-01,MGR_eb86f856200b,TEAM_f144a6907dc4,TERR_07a5ea4d7ed4,RPER_142e61e4b1139796,injected,0.6914893617021277,PCA_RECONSTRUCTION_CALCULATED_INCENTIVE,Calculated incentive was the largest PCA reconstruction deviation (observed 2.5e+04).,Final incentive paid was the next-largest reconstruction deviation (observed 2.5e+04).,"Validate the target, policy tier, adjustment approval, and payout reconciliation before action.",3,expected_incentive,Expected incentive,25000.0,,0.5769230769230769,46.78616355737805
REP_0dfc420450a6,2017-07-01,MGR_eb86f856200b,TEAM_f144a6907dc4,TERR_07a5ea4d7ed4,RPER_ea18e4d5a7139ac6,injected,0.6319148936170212,PCA_RECONSTRUCTION_CALCULATED_INCENTIVE,Calculated incentive was the largest PCA reconstruction deviation (observed 2.5e+04).,Final incentive paid was the next-largest reconstruction deviation (observed 2.5e+04).,"Validate the target, policy tier, adjustment approval, and payout reconciliation before action.",1,calculated_incentive,Calculated incentive,25000.0,,0.6153846153846154,46.78616085207395
REP_0dfc420450a6,2017-07-01,MGR_eb86f856200b,TEAM_f144a6907dc4,TERR_07a5ea4d7ed4,RPER_ea18e4d5a7139ac6,injected,0.6319148936170212,PCA_RECONSTRUCTION_CALCULATED_INCENTIVE,Calculated incentive was the largest PCA reconstruction deviation (observed 2.5e+04).,Final incentive paid was the next-largest reconstruction deviation (observed 2.5e+04).,"Validate the target, policy tier, adjustment approval, and payout reconciliation before action.",2,final_incentive_paid,Final incentive paid,25000.0,25000.0,0.8333333333333334,46.78616085207395
REP_0dfc420450a6,2017-07-01,MGR_eb86f856200b,TEAM_f144a6907dc4,TERR_07a5ea4d7ed4,RPER_ea18e4d5a7139ac6,injected,0.6319148936170212,PCA_RECONSTRUCTION_CALCULATED_INCENTIVE,Calculated incentive was the largest PCA reconstruction deviation (observed 2.5e+04).,Final incentive paid was the next-largest reconstruction deviation (observed 2.5e+04).,"Validate the target, policy tier, adjustment approval, and payout reconciliation before action.",3,expected_incentive,Expected incentive,25000.0,,0.6153846153846154,46.78616085207395
REP_0dfc420450a6,2017-08-01,MGR_eb86f856200b,TEAM_f144a6907dc4,TERR_07a5ea4d7ed4,RPER_92f5efa416810af6,injected,0.10851063829787234,PCA_RECONSTRUCTION_REP_HISTORICAL_MEAN,Rep historical mean was the largest PCA reconstruction deviation (observed 1.844e+07).,Rolling sales mean was the next-largest reconstruction deviation (observed 2.518e+07).,"Validate the source record, peer context, and relevant commercial activity before action.",1,rep_historical_mean,Rep historical mean,18442413.467252087,,1.0,17.5130254279938
REP_0dfc420450a6,2017-08-01,MGR_eb86f856200b,TEAM_f144a6907dc4,TERR_07a5ea4d7ed4,RPER_92f5efa416810af6,injected,0.10851063829787234,PCA_RECONSTRUCTION_REP_HISTORICAL_MEAN,Rep historical mean was the largest PCA reconstruction deviation (observed 1.844e+07).,Rolling sales mean was the next-largest reconstruction deviation (observed 2.518e+07).,"Validate the source record, peer context, and relevant commercial activity before action.",2,rolling_sales_mean,Rolling sales mean,25183145.826753613,,1.0,17.47951997875066
REP_0dfc420450a6,2017-08-01,MGR_eb86f856200b,TEAM_f144a6907dc4,TERR_07a5ea4d7ed4,RPER_92f5efa416810af6,injected,0.10851063829787234,PCA_RECONSTRUCTION_REP_HISTORICAL_MEAN,Rep historical mean was the largest PCA reconstruction deviation (observed 1.844e+07).,Rolling sales mean was the next-largest reconstruction deviation (observed 2.518e+07).,"Validate the source record, peer context, and relevant commercial activity before action.",3,calculated_incentive,Calculated incentive,18617.25,,0.23076923076923078,14.041072058091132
REP_0dfc420450a6,2017-09-01,MGR_eb86f856200b,TEAM_f144a6907dc4,TERR_07a5ea4d7ed4,RPER_0c0bfd5ed13ffea2,injected,0.6787234042553192,PCA_RECONSTRUCTION_CALCULATED_INCENTIVE,Calculated incentive was the largest PCA reconstruction deviation (observed 2.5e+04).,Final incentive paid was the next-largest reconstruction deviation (observed 2.5e+04).,"Validate the target, policy tier, adjustment approval, and payout reconciliation before action.",1,calculated_incentive,Calculated incentive,25000.0,,0.5384615384615384,46.786156858340405
REP_0dfc420450a6,2017-09-01,MGR_eb86f856200b,TEAM_f144a6907dc4,TERR_07a5ea4d7ed4,RPER_0c0bfd5ed13ffea2,injected,0.6787234042553192,PCA_RECONSTRUCTION_CALCULATED_INCENTIVE,Calculated incentive was the largest PCA reconstruction deviation (observed 2.5e+04).,Final incentive paid was the next-largest reconstruction deviation (observed 2.5e+04).,"Validate the target, policy tier, adjustment approval, and payout reconciliation before action.",2,final_incentive_paid,Final incentive paid,25000.0,25000.0,0.6666666666666666,46.786156858340405
REP_0dfc420450a6,2017-09-01,MGR_eb86f856200b,TEAM_f144a6907dc4,TERR_07a5ea4d7ed4,RPER_0c0bfd5ed13ffea2,injected,0.6787234042553192,PCA_RECONSTRUCTION_CALCULATED_INCENTIVE,Calculated incentive was the largest PCA reconstruction deviation (observed 2.5e+04).,Final incentive paid was the next-largest reconstruction deviation (observed 2.5e+04).,"Validate the target, policy tier, adjustment approval, and payout reconciliation before action.",3,expected_incentive,Expected incentive,25000.0,,0.5384615384615384,46.786156858340405
REP_0dfc420450a6,2017-10-01,MGR_eb86f856200b,TEAM_f144a6907dc4,TERR_07a5ea4d7ed4,RPER_7444942dd8d9920e,injected,0.04893617021276596,PCA_RECONSTRUCTION_REP_HISTORICAL_MEAN,Rep historical mean was the largest PCA reconstruction deviation (observed 2.089e+07).,Rolling sales mean was the next-largest reconstruction deviation (observed 2.353e+07).,"Validate the source record, peer context, and relevant commercial activity before action.",1,rep_historical_mean,Rep historical mean,20888204.189865824,,1.0,21.630684136483897
REP_0dfc420450a6,2017-10-01,MGR_eb86f856200b,TEAM_f144a6907dc4,TERR_07a5ea4d7ed4,RPER_7444942dd8d9920e,injected,0.04893617021276596,PCA_RECONSTRUCTION_REP_HISTORICAL_MEAN,Rep historical mean was the largest PCA reconstruction deviation (observed 2.089e+07).,Rolling sales mean was the next-largest reconstruction deviation (observed 2.353e+07).,"Validate the source record, peer context, and relevant commercial activity before action.",2,rolling_sales_mean,Rolling sales mean,23533996.954794973,,1.0,15.825515593877299
REP_0dfc420450a6,2017-10-01,MGR_eb86f856200b,TEAM_f144a6907dc4,TERR_07a5ea4d7ed4,RPER_7444942dd8d9920e,injected,0.04893617021276596,PCA_RECONSTRUCTION_REP_HISTORICAL_MEAN,Rep historical mean was the largest PCA reconstruction deviation (observed 2.089e+07).,Rolling sales mean was the next-largest reconstruction deviation (observed 2.353e+07).,"Validate the source record, peer context, and relevant commercial activity before action.",3,calculated_incentive,Calculated incentive,17381.05,,0.15384615384615385,9.158287393642084
REP_0dfc420450a6,2017-11-01,MGR_eb86f856200b,TEAM_f144a6907dc4,TERR_07a5ea4d7ed4,RPER_9252962f47ad7a6a,injected,0.37659574468085105,PCA_RECONSTRUCTION_CALCULATED_INCENTIVE,Calculated incentive was the largest PCA reconstruction deviation (observed 2.5e+04).,Final incentive paid was the next-largest reconstruction deviation (observed 2.5e+04).,"Validate the target, policy tier, adjustment approval, and payout reconciliation before action.",1,calculated_incentive,Calculated incentive,25000.0,,0.6538461538461539,46.78615246040118
REP_0dfc420450a6,2017-11-01,MGR_eb86f856200b,TEAM_f144a6907dc4,TERR_07a5ea4d7ed4,RPER_9252962f47ad7a6a,injected,0.37659574468085105,PCA_RECONSTRUCTION_CALCULATED_INCENTIVE,Calculated incentive was the largest PCA reconstruction deviation (observed 2.5e+04).,Final incentive paid was the next-largest reconstruction deviation (observed 2.5e+04).,"Validate the target, policy tier, adjustment approval, and payout reconciliation before action.",2,final_incentive_paid,Final incentive paid,25000.0,25000.0,0.8333333333333334,46.78615246040118
REP_0dfc420450a6,2017-11-01,MGR_eb86f856200b,TEAM_f144a6907dc4,TERR_07a5ea4d7ed4,RPER_9252962f47ad7a6a,injected,0.37659574468085105,PCA_RECONSTRUCTION_CALCULATED_INCENTIVE,Calculated incentive was the largest PCA reconstruction deviation (observed 2.5e+04).,Final incentive paid was the next-largest reconstruction deviation (observed 2.5e+04).,"Validate the target, policy tier, adjustment approval, and payout reconciliation before action.",3,expected_incentive,Expected incentive,25000.0,,0.6538461538461539,46.78615246040118
REP_0dfc420450a6,2017-12-01,MGR_eb86f856200b,TEAM_f144a6907dc4,TERR_07a5ea4d7ed4,RPER_c507c4a06ca478dc,injected,0.9851063829787234,PCA_RECONSTRUCTION_INCENTIVE_PEER_MEDIAN,Incentive peer median was the largest PCA reconstruction deviation (observed 0).,Calculated incentive was the next-largest reconstruction deviation (observed 0).,"Validate the target, policy tier, adjustment approval, and payout reconciliation before action.",1,incentive_peer_median,Incentive peer median,0.0,,0.15384615384615385,10704.032761344613
REP_0dfc420450a6,2017-12-01,MGR_eb86f856200b,TEAM_f144a6907dc4,TERR_07a5ea4d7ed4,RPER_c507c4a06ca478dc,injected,0.9851063829787234,PCA_RECONSTRUCTION_INCENTIVE_PEER_MEDIAN,Incentive peer median was the largest PCA reconstruction deviation (observed 0).,Calculated incentive was the next-largest reconstruction deviation (observed 0).,"Validate the target, policy tier, adjustment approval, and payout reconciliation before action.",2,calculated_incentive,Calculated incentive,0.0,,0.23076923076923078,9883.063246206457
REP_0dfc420450a6,2017-12-01,MGR_eb86f856200b,TEAM_f144a6907dc4,TERR_07a5ea4d7ed4,RPER_c507c4a06ca478dc,injected,0.9851063829787234,PCA_RECONSTRUCTION_INCENTIVE_PEER_MEDIAN,Incentive peer median was the largest PCA reconstruction deviation (observed 0).,Calculated incentive was the next-largest reconstruction deviation (observed 0).,"Validate the target, policy tier, adjustment approval, and payout reconciliation before action.",3,final_incentive_paid,Final incentive paid,0.0,0.0,0.5,9883.063246206457
REP_0dfc420450a6,2018-01-01,MGR_eb86f856200b,TEAM_f144a6907dc4,TERR_07a5ea4d7ed4,RPER_7d6c66da7837cf61,injected,0.7723404255319148,PCA_RECONSTRUCTION_CALCULATED_INCENTIVE,Calculated incentive was the largest PCA reconstruction deviation (observed 2.75e+04).,Final incentive paid was the next-largest reconstruction deviation (observed 2.75e+04).,"Validate the target, policy tier, adjustment approval, and payout reconciliation before action.",1,calculated_incentive,Calculated incentive,27500.0,,0.5384615384615384,61.466223242745016
REP_0dfc420450a6,2018-01-01,MGR_eb86f856200b,TEAM_f144a6907dc4,TERR_07a5ea4d7ed4,RPER_7d6c66da7837cf61,injected,0.7723404255319148,PCA_RECONSTRUCTION_CALCULATED_INCENTIVE,Calculated incentive was the largest PCA reconstruction deviation (observed 2.75e+04).,Final incentive paid was the next-largest reconstruction deviation (observed 2.75e+04).,"Validate the target, policy tier, adjustment approval, and payout reconciliation before action.",2,final_incentive_paid,Final incentive paid,27500.0,27500.0,0.6666666666666666,61.466223242745016
REP_0dfc420450a6,2018-01-01,MGR_eb86f856200b,TEAM_f144a6907dc4,TERR_07a5ea4d7ed4,RPER_7d6c66da7837cf61,injected,0.7723404255319148,PCA_RECONSTRUCTION_CALCULATED_INCENTIVE,Calculated incentive was the largest PCA reconstruction deviation (observed 2.75e+04).,Final incentive paid was the next-largest reconstruction deviation (observed 2.75e+04).,"Validate the target, policy tier, adjustment approval, and payout reconciliation before action.",3,expected_incentive,Expected incentive,27500.0,,0.5384615384615384,61.466223242745016
REP_0dfc420450a6,2018-02-01,MGR_eb86f856200b,TEAM_f144a6907dc4,TERR_07a5ea4d7ed4,RPER_0ae6354508d10a3e,injected,0.7510638297872341,PCA_RECONSTRUCTION_CALCULATED_INCENTIVE,Calculated incentive was the largest PCA reconstruction deviation (observed 2.75e+04).,Final incentive paid was the next-largest reconstruction deviation (observed 2.75e+04).,"Validate the target, policy tier, adjustment approval, and payout reconciliation before action.",1,calculated_incentive,Calculated incentive,27500.0,,0.5769230769230769,61.46622393702709
REP_0dfc420450a6,2018-02-01,MGR_eb86f856200b,TEAM_f144a6907dc4,TERR_07a5ea4d7ed4,RPER_0ae6354508d10a3e,injected,0.7510638297872341,PCA_RECONSTRUCTION_CALCULATED_INCENTIVE,Calculated incentive was the largest PCA reconstruction deviation (observed 2.75e+04).,Final incentive paid was the next-largest reconstruction deviation (observed 2.75e+04).,"Validate the target, policy tier, adjustment approval, and payout reconciliation before action.",2,final_incentive_paid,Final incentive paid,27500.0,27500.0,0.6666666666666666,61.46622393702709
REP_0dfc420450a6,2018-02-01,MGR_eb86f856200b,TEAM_f144a6907dc4,TERR_07a5ea4d7ed4,RPER_0ae6354508d10a3e,injected,0.7510638297872341,PCA_RECONSTRUCTION_CALCULATED_INCENTIVE,Calculated incentive was the largest PCA reconstruction deviation (observed 2.75e+04).,Final incentive paid was the next-largest reconstruction deviation (observed 2.75e+04).,"Validate the target, policy tier, adjustment approval, and payout reconciliation before action.",3,expected_incentive,Expected incentive,27500.0,,0.5769230769230769,61.46622393702709
REP_0dfc420450a6,2018-03-01,MGR_eb86f856200b,TEAM_f144a6907dc4,TERR_07a5ea4d7ed4,RPER_f8de8a85248958e5,injected,0.8148936170212766,PCA_RECONSTRUCTION_CALCULATED_INCENTIVE,Calculated incentive was the largest PCA reconstruction deviation (observed 2.75e+04).,Final incentive paid was the next-largest reconstruction deviation (observed 2.75e+04).,"Validate the target, policy tier, adjustment approval, and payout reconciliation before action.",1,calculated_incentive,Calculated incentive,27500.0,,0.5384615384615384,61.46622772212073
REP_0dfc420450a6,2018-03-01,MGR_eb86f856200b,TEAM_f144a6907dc4,TERR_07a5ea4d7ed4,RPER_f8de8a85248958e5,injected,0.8148936170212766,PCA_RECONSTRUCTION_CALCULATED_INCENTIVE,Calculated incentive was the largest PCA reconstruction deviation (observed 2.75e+04).,Final incentive paid was the next-largest reconstruction deviation (observed 2.75e+04).,"Validate the target, policy tier, adjustment approval, and payout reconciliation before action.",2,final_incentive_paid,Final incentive paid,27500.0,27500.0,0.6666666666666666,61.46622772212073
REP_0dfc420450a6,2018-03-01,MGR_eb86f856200b,TEAM_f144a6907dc4,TERR_07a5ea4d7ed4,RPER_f8de8a85248958e5,injected,0.8148936170212766,PCA_RECONSTRUCTION_CALCULATED_INCENTIVE,Calculated incentive was the largest PCA reconstruction deviation (observed 2.75e+04).,Final incentive paid was the next-largest reconstruction deviation (observed 2.75e+04).,"Validate the target, policy tier, adjustment approval, and payout reconciliation before action.",3,expected_incentive,Expected incentive,27500.0,,0.5384615384615384,61.46622772212073
REP_0dfc420450a6,2018-04-01,MGR_eb86f856200b,TEAM_f144a6907dc4,TERR_07a5ea4d7ed4,RPER_61fa5ecd52929f18,injected,0.9680851063829787,PCA_RECONSTRUCTION_CALCULATED_INCENTIVE,Calculated incentive was the largest PCA reconstruction deviation (observed 0).,Final incentive paid was the next-largest reconstruction deviation (observed 0).,"Validate the target, policy tier, adjustment approval, and payout reconciliation before action.",1,calculated_incentive,Calculated incentive,0.0,,0.11538461538461539,9883.064523871315
REP_0dfc420450a6,2018-04-01,MGR_eb86f856200b,TEAM_f144a6907dc4,TERR_07a5ea4d7ed4,RPER_61fa5ecd52929f18,injected,0.9680851063829787,PCA_RECONSTRUCTION_CALCULATED_INCENTIVE,Calculated incentive was the largest PCA reconstruction deviation (observed 0).,Final incentive paid was the next-largest reconstruction deviation (observed 0).,"Validate the target, policy tier, adjustment approval, and payout reconciliation before action.",2,final_incentive_paid,Final incentive paid,0.0,15267.76,0.3333333333333333,9883.064523871315
REP_0dfc420450a6,2018-04-01,MGR_eb86f856200b,TEAM_f144a6907dc4,TERR_07a5ea4d7ed4,RPER_61fa5ecd52929f18,injected,0.9680851063829787,PCA_RECONSTRUCTION_CALCULATED_INCENTIVE,Calculated incentive was the largest PCA reconstruction deviation (observed 0).,Final incentive paid was the next-largest reconstruction deviation (observed 0).,"Validate the target, policy tier, adjustment approval, and payout reconciliation before action.",3,expected_incentive,Expected incentive,0.0,,0.11538461538461539,9883.064523871315
REP_0dfc420450a6,2018-05-01,MGR_eb86f856200b,TEAM_f144a6907dc4,TERR_07a5ea4d7ed4,RPER_0d1245f1ac61b5ba,injected,0.9638297872340426,PCA_RECONSTRUCTION_CALCULATED_INCENTIVE,Calculated incentive was the largest PCA reconstruction deviation (observed 0).,Final incentive paid was the next-largest reconstruction deviation (observed 0).,"Validate the target, policy tier, adjustment approval, and payout reconciliation before action.",1,calculated_incentive,Calculated incentive,0.0,,0.15384615384615385,9883.06457938926
REP_0dfc420450a6,2018-05-01,MGR_eb86f856200b,TEAM_f144a6907dc4,TERR_07a5ea4d7ed4,RPER_0d1245f1ac61b5ba,injected,0.9638297872340426,PCA_RECONSTRUCTION_CALCULATED_INCENTIVE,Calculated incentive was the largest PCA reconstruction deviation (observed 0).,Final incentive paid was the next-largest reconstruction deviation (observed 0).,"Validate the target, policy tier, adjustment approval, and payout reconciliation before action.",2,final_incentive_paid,Final incentive paid,0.0,26499.91,0.3333333333333333,9883.06457938926
REP_0dfc420450a6,2018-05-01,MGR_eb86f856200b,TEAM_f144a6907dc4,TERR_07a5ea4d7ed4,RPER_0d1245f1ac61b5ba,injected,0.9638297872340426,PCA_RECONSTRUCTION_CALCULATED_INCENTIVE,Calculated incentive was the largest PCA reconstruction deviation (observed 0).,Final incentive paid was the next-largest reconstruction deviation (observed 0).,"Validate the target, policy tier, adjustment approval, and payout reconciliation before action.",3,expected_incentive,Expected incentive,0.0,,0.15384615384615385,9883.06457938926
REP_0dfc420450a6,2018-06-01,MGR_eb86f856200b,TEAM_f144a6907dc4,TERR_07a5ea4d7ed4,RPER_f4b9f8e4b80227d5,injected,0.8021276595744681,PCA_RECONSTRUCTION_CALCULATED_INCENTIVE,Calculated incentive was the largest PCA reconstruction deviation (observed 2.75e+04).,Final incentive paid was the next-largest reconstruction deviation (observed 2.75e+04).,"Validate the target, policy tier, adjustment approval, and payout reconciliation before action.",1,calculated_incentive,Calculated incentive,27500.0,,0.5769230769230769,61.466228301048886
REP_0dfc420450a6,2018-06-01,MGR_eb86f856200b,TEAM_f144a6907dc4,TERR_07a5ea4d7ed4,RPER_f4b9f8e4b80227d5,injected,0.8021276595744681,PCA_RECONSTRUCTION_CALCULATED_INCENTIVE,Calculated incentive was the largest PCA reconstruction deviation (observed 2.75e+04).,Final incentive paid was the next-largest reconstruction deviation (observed 2.75e+04).,"Validate the target, policy tier, adjustment approval, and payout reconciliation before action.",2,final_incentive_paid,Final incentive paid,27500.0,27500.0,0.6666666666666666,61.466228301048886
REP_0dfc420450a6,2018-06-01,MGR_eb86f856200b,TEAM_f144a6907dc4,TERR_07a5ea4d7ed4,RPER_f4b9f8e4b80227d5,injected,0.8021276595744681,PCA_RECONSTRUCTION_CALCULATED_INCENTIVE,Calculated incentive was the largest PCA reconstruction deviation (observed 2.75e+04).,Final incentive paid was the next-largest reconstruction deviation (observed 2.75e+04).,"Validate the target, policy tier, adjustment approval, and payout reconciliation before action.",3,expected_incentive,Expected incentive,27500.0,,0.5769230769230769,61.466228301048886
REP_0dfc420450a6,2018-07-01,MGR_eb86f856200b,TEAM_f144a6907dc4,TERR_07a5ea4d7ed4,RPER_2e651fac95659cce,injected,0.7727952783150032,PCA_RECONSTRUCTION_CALCULATED_INCENTIVE,Calculated incentive was the largest PCA reconstruction deviation (observed 2.75e+04).,Final incentive paid was the next-largest reconstruction deviation (observed 2.75e+04).,"Validate the target, policy tier, adjustment approval, and payout reconciliation before action.",1,calculated_incentive,Calculated incentive,27500.0,,0.6153846153846154,61.46621920051317
REP_0dfc420450a6,2018-07-01,MGR_eb86f856200b,TEAM_f144a6907dc4,TERR_07a5ea4d7ed4,RPER_2e651fac95659cce,injected,0.7727952783150032,PCA_RECONSTRUCTION_CALCULATED_INCENTIVE,Calculated incentive was the largest PCA reconstruction deviation (observed 2.75e+04).,Final incentive paid was the next-largest reconstruction deviation (observed 2.75e+04).,"Validate the target, policy tier, adjustment approval, and payout reconciliation before action.",2,final_incentive_paid,Final incentive paid,27500.0,27500.0,0.6666666666666666,61.46621920051317
REP_0dfc420450a6,2018-07-01,MGR_eb86f856200b,TEAM_f144a6907dc4,TERR_07a5ea4d7ed4,RPER_2e651fac95659cce,injected,0.7727952783150032,PCA_RECONSTRUCTION_CALCULATED_INCENTIVE,Calculated incentive was the largest PCA reconstruction deviation (observed 2.75e+04).,Final incentive paid was the next-largest reconstruction deviation (observed 2.75e+04).,"Validate the target, policy tier, adjustment approval, and payout reconciliation before action.",3,expected_incentive,Expected incentive,27500.0,,0.6153846153846154,61.46621920051317
REP_0dfc420450a6,2018-08-01,MGR_eb86f856200b,TEAM_f144a6907dc4,TERR_9efd649c43bb,RPER_ce9e7871d30c3e06,injected,0.01500129593545957,PCA_RECONSTRUCTION_RETURN_CLAWBACK_RATIO,Return clawback ratio was the largest PCA reconstruction deviation (observed 0.2).,Average interest score was the next-largest reconstruction deviation (observed 0.6357).,"Validate the underlying orders, discounts, returns, period timing, and customer context before action.",1,return_clawback_ratio,Return clawback ratio,0.1999632727272727,,1.0,25.283775851545144
REP_0dfc420450a6,2018-08-01,MGR_eb86f856200b,TEAM_f144a6907dc4,TERR_9efd649c43bb,RPER_ce9e7871d30c3e06,injected,0.01500129593545957,PCA_RECONSTRUCTION_RETURN_CLAWBACK_RATIO,Return clawback ratio was the largest PCA reconstruction deviation (observed 0.2).,Average interest score was the next-largest reconstruction deviation (observed 0.6357).,"Validate the underlying orders, discounts, returns, period timing, and customer context before action.",2,average_interest_score,Average interest score,0.6357024754205975,,0.8461538461538461,7.064536126714845
REP_0dfc420450a6,2018-08-01,MGR_eb86f856200b,TEAM_f144a6907dc4,TERR_9efd649c43bb,RPER_ce9e7871d30c3e06,injected,0.01500129593545957,PCA_RECONSTRUCTION_RETURN_CLAWBACK_RATIO,Return clawback ratio was the largest PCA reconstruction deviation (observed 0.2).,Average interest score was the next-largest reconstruction deviation (observed 0.6357).,"Validate the underlying orders, discounts, returns, period timing, and customer context before action.",3,new_customer_bonus,New customer bonus,0.0,,0.5384615384615384,5.966592958580184
REP_0dfc420450a6,2018-09-01,MGR_eb86f856200b,TEAM_f144a6907dc4,TERR_07a5ea4d7ed4,RPER_49baf93472a7fd1c,injected,0.7502612271030077,PCA_RECONSTRUCTION_CALCULATED_INCENTIVE,Calculated incentive was the largest PCA reconstruction deviation (observed 2.75e+04).,Final incentive paid was the next-largest reconstruction deviation (observed 2.75e+04).,"Validate the target, policy tier, adjustment approval, and payout reconciliation before action.",1,calculated_incentive,Calculated incentive,27500.0,,0.6538461538461539,61.46622225066844
REP_0dfc420450a6,2018-09-01,MGR_eb86f856200b,TEAM_f144a6907dc4,TERR_07a5ea4d7ed4,RPER_49baf93472a7fd1c,injected,0.7502612271030077,PCA_RECONSTRUCTION_CALCULATED_INCENTIVE,Calculated incentive was the largest PCA reconstruction deviation (observed 2.75e+04).,Final incentive paid was the next-largest reconstruction deviation (observed 2.75e+04).,"Validate the target, policy tier, adjustment approval, and payout reconciliation before action.",2,final_incentive_paid,Final incentive paid,27500.0,27500.0,0.6666666666666666,61.46622225066844
REP_0dfc420450a6,2018-09-01,MGR_eb86f856200b,TEAM_f144a6907dc4,TERR_07a5ea4d7ed4,RPER_49baf93472a7fd1c,injected,0.7502612271030077,PCA_RECONSTRUCTION_CALCULATED_INCENTIVE,Calculated incentive was the largest PCA reconstruction deviation (observed 2.75e+04).,Final incentive paid was the next-largest reconstruction deviation (observed 2.75e+04).,"Validate the target, policy tier, adjustment approval, and payout reconciliation before action.",3,expected_incentive,Expected incentive,27500.0,,0.6538461538461539,61.46622225066844
REP_0dfc420450a6,2018-10-01,MGR_eb86f856200b,TEAM_f144a6907dc4,TERR_07a5ea4d7ed4,RPER_c19d4889c15d29bd,injected,0.7534749706709764,PCA_RECONSTRUCTION_CALCULATED_INCENTIVE,Calculated incentive was the largest PCA reconstruction deviation (observed 2.75e+04).,Final incentive paid was the next-largest reconstruction deviation (observed 2.75e+04).,"Validate the target, policy tier, adjustment approval, and payout reconciliation before action.",1,calculated_incentive,Calculated incentive,27500.0,,0.5384615384615384,61.46622190992172
REP_0dfc420450a6,2018-10-01,MGR_eb86f856200b,TEAM_f144a6907dc4,TERR_07a5ea4d7ed4,RPER_c19d4889c15d29bd,injected,0.7534749706709764,PCA_RECONSTRUCTION_CALCULATED_INCENTIVE,Calculated incentive was the largest PCA reconstruction deviation (observed 2.75e+04).,Final incentive paid was the next-largest reconstruction deviation (observed 2.75e+04).,"Validate the target, policy tier, adjustment approval, and payout reconciliation before action.",2,final_incentive_paid,Final incentive paid,27500.0,27500.0,0.6666666666666666,61.46622190992172
REP_0dfc420450a6,2018-10-01,MGR_eb86f856200b,TEAM_f144a6907dc4,TERR_07a5ea4d7ed4,RPER_c19d4889c15d29bd,injected,0.7534749706709764,PCA_RECONSTRUCTION_CALCULATED_INCENTIVE,Calculated incentive was the largest PCA reconstruction deviation (observed 2.75e+04).,Final incentive paid was the next-largest reconstruction deviation (observed 2.75e+04).,"Validate the target, policy tier, adjustment approval, and payout reconciliation before action.",3,expected_incentive,Expected incentive,27500.0,,0.5384615384615384,61.46622190992172
REP_0dfc420450a6,2018-11-01,MGR_eb86f856200b,TEAM_f144a6907dc4,TERR_07a5ea4d7ed4,RPER_506fccbbcebf23c1,injected,0.744549699517038,PCA_RECONSTRUCTION_CALCULATED_INCENTIVE,Calculated incentive was the largest PCA reconstruction deviation (observed 2.75e+04).,Final incentive paid was the next-largest reconstruction deviation (observed 2.75e+04).,"Validate the target, policy tier, adjustment approval, and payout reconciliation before action.",1,calculated_incentive,Calculated incentive,27500.0,,0.6923076923076923,61.46622310363922
REP_0dfc420450a6,2018-11-01,MGR_eb86f856200b,TEAM_f144a6907dc4,TERR_07a5ea4d7ed4,RPER_506fccbbcebf23c1,injected,0.744549699517038,PCA_RECONSTRUCTION_CALCULATED_INCENTIVE,Calculated incentive was the largest PCA reconstruction deviation (observed 2.75e+04).,Final incentive paid was the next-largest reconstruction deviation (observed 2.75e+04).,"Validate the target, policy tier, adjustment approval, and payout reconciliation before action.",2,final_incentive_paid,Final incentive paid,27500.0,25638.15,1.0,61.46622310363922
REP_0dfc420450a6,2018-11-01,MGR_eb86f856200b,TEAM_f144a6907dc4,TERR_07a5ea4d7ed4,RPER_506fccbbcebf23c1,injected,0.744549699517038,PCA_RECONSTRUCTION_CALCULATED_INCENTIVE,Calculated incentive was the largest PCA reconstruction deviation (observed 2.75e+04).,Final incentive paid was the next-largest reconstruction deviation (observed 2.75e+04).,"Validate the target, policy tier, adjustment approval, and payout reconciliation before action.",3,expected_incentive,Expected incentive,27500.0,,0.6923076923076923,61.46622310363922
REP_0dfc420450a6,2018-12-01,MGR_eb86f856200b,TEAM_f144a6907dc4,TERR_9efd649c43bb,RPER_3a2f83b69da09f3c,injected,0.9755090086563628,PCA_RECONSTRUCTION_CALCULATED_INCENTIVE,Calculated incentive was the largest PCA reconstruction deviation (observed 0).,Final incentive paid was the next-largest reconstruction deviation (observed 0).,"Validate the target, policy tier, adjustment approval, and payout reconciliation before action.",1,calculated_incentive,Calculated incentive,0.0,,0.23076923076923078,11520.214658535899
REP_0dfc420450a6,2018-12-01,MGR_eb86f856200b,TEAM_f144a6907dc4,TERR_9efd649c43bb,RPER_3a2f83b69da09f3c,injected,0.9755090086563628,PCA_RECONSTRUCTION_CALCULATED_INCENTIVE,Calculated incentive was the largest PCA reconstruction deviation (observed 0).,Final incentive paid was the next-largest reconstruction deviation (observed 0).,"Validate the target, policy tier, adjustment approval, and payout reconciliation before action.",2,final_incentive_paid,Final incentive paid,0.0,22957.42,0.3333333333333333,11520.214658535899
REP_0dfc420450a6,2018-12-01,MGR_eb86f856200b,TEAM_f144a6907dc4,TERR_9efd649c43bb,RPER_3a2f83b69da09f3c,injected,0.9755090086563628,PCA_RECONSTRUCTION_CALCULATED_INCENTIVE,Calculated incentive was the largest PCA reconstruction deviation (observed 0).,Final incentive paid was the next-largest reconstruction deviation (observed 0).,"Validate the target, policy tier, adjustment approval, and payout reconciliation before action.",3,expected_incentive,Expected incentive,0.0,,0.23076923076923078,11520.214658535899
REP_0dfc420450a6,2019-01-01,MGR_eb86f856200b,TEAM_f144a6907dc4,TERR_07a5ea4d7ed4,RPER_bba98becd6326856,injected,0.97436406106588,PCA_RECONSTRUCTION_INCENTIVE_PEER_MEDIAN,Incentive peer median was the largest PCA reconstruction deviation (observed 0).,Calculated incentive was the next-largest reconstruction deviation (observed 0).,"Validate the target, policy tier, adjustment approval, and payout reconciliation before action.",1,incentive_peer_median,Incentive peer median,0.0,,0.38461538461538464,10704.033491280527
REP_0dfc420450a6,2019-01-01,MGR_eb86f856200b,TEAM_f144a6907dc4,TERR_07a5ea4d7ed4,RPER_bba98becd6326856,injected,0.97436406106588,PCA_RECONSTRUCTION_INCENTIVE_PEER_MEDIAN,Incentive peer median was the largest PCA reconstruction deviation (observed 0).,Calculated incentive was the next-largest reconstruction deviation (observed 0).,"Validate the target, policy tier, adjustment approval, and payout reconciliation before action.",2,calculated_incentive,Calculated incentive,0.0,,0.5384615384615384,9883.064692764787
REP_0dfc420450a6,2019-01-01,MGR_eb86f856200b,TEAM_f144a6907dc4,TERR_07a5ea4d7ed4,RPER_bba98becd6326856,injected,0.97436406106588,PCA_RECONSTRUCTION_INCENTIVE_PEER_MEDIAN,Incentive peer median was the largest PCA reconstruction deviation (observed 0).,Calculated incentive was the next-largest reconstruction deviation (observed 0).,"Validate the target, policy tier, adjustment approval, and payout reconciliation before action.",3,expected_incentive,Expected incentive,0.0,,0.5384615384615384,9883.064692764787
REP_0dfc420450a6,2019-02-01,MGR_eb86f856200b,TEAM_f144a6907dc4,TERR_07a5ea4d7ed4,RPER_9b8650068c0df95c,injected,0.7848031721589681,PCA_RECONSTRUCTION_CALCULATED_INCENTIVE,Calculated incentive was the largest PCA reconstruction deviation (observed 3e+04).,Final incentive paid was the next-largest reconstruction deviation (observed 3e+04).,"Validate the target, policy tier, adjustment approval, and payout reconciliation before action.",1,calculated_incentive,Calculated incentive,30000.0,,0.5769230769230769,76.61449904593825
REP_0dfc420450a6,2019-02-01,MGR_eb86f856200b,TEAM_f144a6907dc4,TERR_07a5ea4d7ed4,RPER_9b8650068c0df95c,injected,0.7848031721589681,PCA_RECONSTRUCTION_CALCULATED_INCENTIVE,Calculated incentive was the largest PCA reconstruction deviation (observed 3e+04).,Final incentive paid was the next-largest reconstruction deviation (observed 3e+04).,"Validate the target, policy tier, adjustment approval, and payout reconciliation before action.",2,final_incentive_paid,Final incentive paid,30000.0,30000.0,0.6666666666666666,76.61449904593825
REP_0dfc420450a6,2019-02-01,MGR_eb86f856200b,TEAM_f144a6907dc4,TERR_07a5ea4d7ed4,RPER_9b8650068c0df95c,injected,0.7848031721589681,PCA_RECONSTRUCTION_CALCULATED_INCENTIVE,Calculated incentive was the largest PCA reconstruction deviation (observed 3e+04).,Final incentive paid was the next-largest reconstruction deviation (observed 3e+04).,"Validate the target, policy tier, adjustment approval, and payout reconciliation before action.",3,expected_incentive,Expected incentive,30000.0,,0.5769230769230769,76.61449904593825
REP_0dfc420450a6,2019-03-01,MGR_eb86f856200b,TEAM_f144a6907dc4,TERR_07a5ea4d7ed4,RPER_7119f0f168bcb0bb,injected,0.8114196713680404,PCA_RECONSTRUCTION_CALCULATED_INCENTIVE,Calculated incentive was the largest PCA reconstruction deviation (observed 3e+04).,Final incentive paid was the next-largest reconstruction deviation (observed 3e+04).,"Validate the target, policy tier, adjustment approval, and payout reconciliation before action.",1,calculated_incentive,Calculated incentive,30000.0,,0.5769230769230769,76.61450655040089
REP_0dfc420450a6,2019-03-01,MGR_eb86f856200b,TEAM_f144a6907dc4,TERR_07a5ea4d7ed4,RPER_7119f0f168bcb0bb,injected,0.8114196713680404,PCA_RECONSTRUCTION_CALCULATED_INCENTIVE,Calculated incentive was the largest PCA reconstruction deviation (observed 3e+04).,Final incentive paid was the next-largest reconstruction deviation (observed 3e+04).,"Validate the target, policy tier, adjustment approval, and payout reconciliation before action.",2,final_incentive_paid,Final incentive paid,30000.0,30000.0,0.6666666666666666,76.61450655040089
REP_0dfc420450a6,2019-03-01,MGR_eb86f856200b,TEAM_f144a6907dc4,TERR_07a5ea4d7ed4,RPER_7119f0f168bcb0bb,injected,0.8114196713680404,PCA_RECONSTRUCTION_CALCULATED_INCENTIVE,Calculated incentive was the largest PCA reconstruction deviation (observed 3e+04).,Final incentive paid was the next-largest reconstruction deviation (observed 3e+04).,"Validate the target, policy tier, adjustment approval, and payout reconciliation before action.",3,expected_incentive,Expected incentive,30000.0,,0.5769230769230769,76.61450655040089
REP_0dfc420450a6,2019-04-01,MGR_eb86f856200b,TEAM_f144a6907dc4,TERR_07a5ea4d7ed4,RPER_c8632d5c5281bc04,injected,0.8256802341535976,PCA_RECONSTRUCTION_CALCULATED_INCENTIVE,Calculated incentive was the largest PCA reconstruction deviation (observed 3e+04).,Final incentive paid was the next-largest reconstruction deviation (observed 3e+04).,"Validate the target, policy tier, adjustment approval, and payout reconciliation before action.",1,calculated_incentive,Calculated incentive,30000.0,,0.8846153846153846,76.61451981230998
REP_0dfc420450a6,2019-04-01,MGR_eb86f856200b,TEAM_f144a6907dc4,TERR_07a5ea4d7ed4,RPER_c8632d5c5281bc04,injected,0.8256802341535976,PCA_RECONSTRUCTION_CALCULATED_INCENTIVE,Calculated incentive was the largest PCA reconstruction deviation (observed 3e+04).,Final incentive paid was the next-largest reconstruction deviation (observed 3e+04).,"Validate the target, policy tier, adjustment approval, and payout reconciliation before action.",2,final_incentive_paid,Final incentive paid,30000.0,18934.19,1.0,76.61451981230998
REP_0dfc420450a6,2019-04-01,MGR_eb86f856200b,TEAM_f144a6907dc4,TERR_07a5ea4d7ed4,RPER_c8632d5c5281bc04,injected,0.8256802341535976,PCA_RECONSTRUCTION_CALCULATED_INCENTIVE,Calculated incentive was the largest PCA reconstruction deviation (observed 3e+04).,Final incentive paid was the next-largest reconstruction deviation (observed 3e+04).,"Validate the target, policy tier, adjustment approval, and payout reconciliation before action.",3,expected_incentive,Expected incentive,30000.0,,0.8846153846153846,76.61451981230998
REP_200ef690040c,2017-01-01,MGR_31981a685b7e,TEAM_4f4a9410ffcd,TERR_49c0203db75f,RPER_66e6b26b6761af61,injected,0.9170212765957447,PCA_RECONSTRUCTION_REP_HISTORICAL_MEAN,Rep historical mean was the largest PCA reconstruction deviation (observed 0).,Rolling sales mean was the next-largest reconstruction deviation (observed 0).,"Validate the source record, peer context, and relevant commercial activity before action.",1,rep_historical_mean,Rep historical mean,0.0,,0.5384615384615384,3413.258753700554
REP_200ef690040c,2017-01-01,MGR_31981a685b7e,TEAM_4f4a9410ffcd,TERR_49c0203db75f,RPER_66e6b26b6761af61,injected,0.9170212765957447,PCA_RECONSTRUCTION_REP_HISTORICAL_MEAN,Rep historical mean was the largest PCA reconstruction deviation (observed 0).,Rolling sales mean was the next-largest reconstruction deviation (observed 0).,"Validate the source record, peer context, and relevant commercial activity before action.",2,rolling_sales_mean,Rolling sales mean,0.0,,0.5384615384615384,2192.8125356826718
REP_200ef690040c,2017-01-01,MGR_31981a685b7e,TEAM_4f4a9410ffcd,TERR_49c0203db75f,RPER_66e6b26b6761af61,injected,0.9170212765957447,PCA_RECONSTRUCTION_REP_HISTORICAL_MEAN,Rep historical mean was the largest PCA reconstruction deviation (observed 0).,Rolling sales mean was the next-largest reconstruction deviation (observed 0).,"Validate the source record, peer context, and relevant commercial activity before action.",3,rolling_sales_std,Rolling sales std,0.0,,0.5384615384615384,293.06909895175255
REP_200ef690040c,2017-02-01,MGR_31981a685b7e,TEAM_4f4a9410ffcd,TERR_49c0203db75f,RPER_105b0dc88cc902e5,injected,0.8702127659574468,PCA_RECONSTRUCTION_ROLLING_SALES_STD,Rolling sales std was the largest PCA reconstruction deviation (observed 0).,Rep historical std was the next-largest reconstruction deviation (observed 0).,"Validate the underlying orders, discounts, returns, period timing, and customer context before action.",1,rolling_sales_std,Rolling sales std,0.0,,0.5384615384615384,293.069171731203
REP_200ef690040c,2017-02-01,MGR_31981a685b7e,TEAM_4f4a9410ffcd,TERR_49c0203db75f,RPER_105b0dc88cc902e5,injected,0.8702127659574468,PCA_RECONSTRUCTION_ROLLING_SALES_STD,Rolling sales std was the largest PCA reconstruction deviation (observed 0).,Rep historical std was the next-largest reconstruction deviation (observed 0).,"Validate the underlying orders, discounts, returns, period timing, and customer context before action.",2,rep_historical_std,Rep historical std,0.0,,0.5384615384615384,293.069171731203
REP_200ef690040c,2017-02-01,MGR_31981a685b7e,TEAM_4f4a9410ffcd,TERR_49c0203db75f,RPER_105b0dc88cc902e5,injected,0.8702127659574468,PCA_RECONSTRUCTION_ROLLING_SALES_STD,Rolling sales std was the largest PCA reconstruction deviation (observed 0).,Rep historical std was the next-largest reconstruction deviation (observed 0).,"Validate the underlying orders, discounts, returns, period timing, and customer context before action.",3,calculated_incentive,Calculated incentive,25000.0,,0.5384615384615384,46.78147864526972
REP_200ef690040c,2017-03-01,MGR_31981a685b7e,TEAM_4f4a9410ffcd,TERR_49c0203db75f,RPER_52d832db2d52d343,injected,0.4531914893617021,PCA_RECONSTRUCTION_CALCULATED_INCENTIVE,Calculated incentive was the largest PCA reconstruction deviation (observed 2.5e+04).,Final incentive paid was the next-largest reconstruction deviation (observed 2.5e+04).,"Validate the target, policy tier, adjustment approval, and payout reconciliation before action.",1,calculated_incentive,Calculated incentive,25000.0,,0.5769230769230769,46.78144930482206
REP_200ef690040c,2017-03-01,MGR_31981a685b7e,TEAM_4f4a9410ffcd,TERR_49c0203db75f,RPER_52d832db2d52d343,injected,0.4531914893617021,PCA_RECONSTRUCTION_CALCULATED_INCENTIVE,Calculated incentive was the largest PCA reconstruction deviation (observed 2.5e+04).,Final incentive paid was the next-largest reconstruction deviation (observed 2.5e+04).,"Validate the target, policy tier, adjustment approval, and payout reconciliation before action.",2,final_incentive_paid,Final incentive paid,25000.0,25000.0,0.625,46.78144930482206
REP_200ef690040c,2017-03-01,MGR_31981a685b7e,TEAM_4f4a9410ffcd,TERR_49c0203db75f,RPER_52d832db2d52d343,injected,0.4531914893617021,PCA_RECONSTRUCTION_CALCULATED_INCENTIVE,Calculated incentive was the largest PCA reconstruction deviation (observed 2.5e+04).,Final incentive paid was the next-largest reconstruction deviation (observed 2.5e+04).,"Validate the target, policy tier, adjustment approval, and payout reconciliation before action.",3,expected_incentive,Expected incentive,25000.0,,0.5769230769230769,46.78144930482206
REP_200ef690040c,2017-04-01,MGR_31981a685b7e,TEAM_4f4a9410ffcd,TERR_49c0203db75f,RPER_c3019d7b3eddfc91,injected,0.06170212765957447,PCA_RECONSTRUCTION_CALCULATED_INCENTIVE,Calculated incentive was the largest PCA reconstruction deviation (observed 2.092e+04).,Final incentive paid was the next-largest reconstruction deviation (observed 2.092e+04).,"Validate the target, policy tier, adjustment approval, and payout reconciliation before action.",1,calculated_incentive,Calculated incentive,20918.92,,0.15384615384615385,24.6988504673611
REP_200ef690040c,2017-04-01,MGR_31981a685b7e,TEAM_4f4a9410ffcd,TERR_49c0203db75f,RPER_c3019d7b3eddfc91,injected,0.06170212765957447,PCA_RECONSTRUCTION_CALCULATED_INCENTIVE,Calculated incentive was the largest PCA reconstruction deviation (observed 2.092e+04).,Final incentive paid was the next-largest reconstruction deviation (observed 2.092e+04).,"Validate the target, policy tier, adjustment approval, and payout reconciliation before action.",2,final_incentive_paid,Final incentive paid,20918.92,25000.0,0.25,24.6988504673611
REP_200ef690040c,2017-04-01,MGR_31981a685b7e,TEAM_4f4a9410ffcd,TERR_49c0203db75f,RPER_c3019d7b3eddfc91,injected,0.06170212765957447,PCA_RECONSTRUCTION_CALCULATED_INCENTIVE,Calculated incentive was the largest PCA reconstruction deviation (observed 2.092e+04).,Final incentive paid was the next-largest reconstruction deviation (observed 2.092e+04).,"Validate the target, policy tier, adjustment approval, and payout reconciliation before action.",3,expected_incentive,Expected incentive,20918.92,,0.15384615384615385,24.6988504673611
REP_200ef690040c,2017-05-01,MGR_31981a685b7e,TEAM_4f4a9410ffcd,TERR_49c0203db75f,RPER_f130fc721869b3ba,injected,0.9382978723404255,PCA_RECONSTRUCTION_CALCULATED_INCENTIVE,Calculated incentive was the largest PCA reconstruction deviation (observed 0).,Final incentive paid was the next-largest reconstruction deviation (observed 0).,"Validate the target, policy tier, adjustment approval, and payout reconciliation before action.",1,calculated_incentive,Calculated incentive,0.0,,0.07692307692307693,9883.132867935277
REP_200ef690040c,2017-05-01,MGR_31981a685b7e,TEAM_4f4a9410ffcd,TERR_49c0203db75f,RPER_f130fc721869b3ba,injected,0.9382978723404255,PCA_RECONSTRUCTION_CALCULATED_INCENTIVE,Calculated incentive was the largest PCA reconstruction deviation (observed 0).,Final incentive paid was the next-largest reconstruction deviation (observed 0).,"Validate the target, policy tier, adjustment approval, and payout reconciliation before action.",2,final_incentive_paid,Final incentive paid,0.0,25000.0,0.3333333333333333,9883.132867935277
REP_200ef690040c,2017-05-01,MGR_31981a685b7e,TEAM_4f4a9410ffcd,TERR_49c0203db75f,RPER_f130fc721869b3ba,injected,0.9382978723404255,PCA_RECONSTRUCTION_CALCULATED_INCENTIVE,Calculated incentive was the largest PCA reconstruction deviation (observed 0).,Final incentive paid was the next-largest reconstruction deviation (observed 0).,"Validate the target, policy tier, adjustment approval, and payout reconciliation before action.",3,expected_incentive,Expected incentive,0.0,,0.07692307692307693,9883.132867935277
REP_200ef690040c,2017-06-01,MGR_31981a685b7e,TEAM_4f4a9410ffcd,TERR_49c0203db75f,RPER_5b0ef0d81d846918,injected,0.29148936170212764,PCA_RECONSTRUCTION_CALCULATED_INCENTIVE,Calculated incentive was the largest PCA reconstruction deviation (observed 2.5e+04).,Final incentive paid was the next-largest reconstruction deviation (observed 2.5e+04).,"Validate the target, policy tier, adjustment approval, and payout reconciliation before action.",1,calculated_incentive,Calculated incentive,25000.0,,0.5769230769230769,46.781448060305465
REP_200ef690040c,2017-06-01,MGR_31981a685b7e,TEAM_4f4a9410ffcd,TERR_49c0203db75f,RPER_5b0ef0d81d846918,injected,0.29148936170212764,PCA_RECONSTRUCTION_CALCULATED_INCENTIVE,Calculated incentive was the largest PCA reconstruction deviation (observed 2.5e+04).,Final incentive paid was the next-largest reconstruction deviation (observed 2.5e+04).,"Validate the target, policy tier, adjustment approval, and payout reconciliation before action.",2,final_incentive_paid,Final incentive paid,25000.0,25000.0,0.6666666666666666,46.781448060305465
REP_200ef690040c,2017-06-01,MGR_31981a685b7e,TEAM_4f4a9410ffcd,TERR_49c0203db75f,RPER_5b0ef0d81d846918,injected,0.29148936170212764,PCA_RECONSTRUCTION_CALCULATED_INCENTIVE,Calculated incentive was the largest PCA reconstruction deviation (observed 2.5e+04).,Final incentive paid was the next-largest reconstruction deviation (observed 2.5e+04).,"Validate the target, policy tier, adjustment approval, and payout reconciliation before action.",3,expected_incentive,Expected incentive,25000.0,,0.5769230769230769,46.781448060305465
REP_200ef690040c,2017-07-01,MGR_31981a685b7e,TEAM_4f4a9410ffcd,TERR_49c0203db75f,RPER_35f915e5145711bd,injected,0.7808510638297872,PCA_RECONSTRUCTION_POST_INCENTIVE_RETURN_RATE,Post incentive return rate was the largest PCA reconstruction deviation (observed 0.1296).,Calculated incentive was the next-largest reconstruction deviation (observed 2.5e+04).,"Validate the target, policy tier, adjustment approval, and payout reconciliation before action.",1,post_incentive_return_rate,Post incentive return rate,0.12961121435584128,,1.0,147.5623224380673
REP_200ef690040c,2017-07-01,MGR_31981a685b7e,TEAM_4f4a9410ffcd,TERR_49c0203db75f,RPER_35f915e5145711bd,injected,0.7808510638297872,PCA_RECONSTRUCTION_POST_INCENTIVE_RETURN_RATE,Post incentive return rate was the largest PCA reconstruction deviation (observed 0.1296).,Calculated incentive was the next-largest reconstruction deviation (observed 2.5e+04).,"Validate the target, policy tier, adjustment approval, and payout reconciliation before action.",2,calculated_incentive,Calculated incentive,25000.0,,0.6153846153846154,46.78145441861308
REP_200ef690040c,2017-07-01,MGR_31981a685b7e,TEAM_4f4a9410ffcd,TERR_49c0203db75f,RPER_35f915e5145711bd,injected,0.7808510638297872,PCA_RECONSTRUCTION_POST_INCENTIVE_RETURN_RATE,Post incentive return rate was the largest PCA reconstruction deviation (observed 0.1296).,Calculated incentive was the next-largest reconstruction deviation (observed 2.5e+04).,"Validate the target, policy tier, adjustment approval, and payout reconciliation before action.",3,final_incentive_paid,Final incentive paid,25000.0,25000.0,0.6666666666666666,46.78145441861308
REP_200ef690040c,2017-08-01,MGR_31981a685b7e,TEAM_4f4a9410ffcd,TERR_49c0203db75f,RPER_5de388944f114449,injected,0.4787234042553192,PCA_RECONSTRUCTION_CALCULATED_INCENTIVE,Calculated incentive was the largest PCA reconstruction deviation (observed 2.5e+04).,Final incentive paid was the next-largest reconstruction deviation (observed 2.5e+04).,"Validate the target, policy tier, adjustment approval, and payout reconciliation before action.",1,calculated_incentive,Calculated incentive,25000.0,,0.6923076923076923,46.781453904767304
REP_200ef690040c,2017-08-01,MGR_31981a685b7e,TEAM_4f4a9410ffcd,TERR_49c0203db75f,RPER_5de388944f114449,injected,0.4787234042553192,PCA_RECONSTRUCTION_CALCULATED_INCENTIVE,Calculated incentive was the largest PCA reconstruction deviation (observed 2.5e+04).,Final incentive paid was the next-largest reconstruction deviation (observed 2.5e+04).,"Validate the target, policy tier, adjustment approval, and payout reconciliation before action.",2,final_incentive_paid,Final incentive paid,25000.0,25000.0,0.8333333333333334,46.781453904767304
REP_200ef690040c,2017-08-01,MGR_31981a685b7e,TEAM_4f4a9410ffcd,TERR_49c0203db75f,RPER_5de388944f114449,injected,0.4787234042553192,PCA_RECONSTRUCTION_CALCULATED_INCENTIVE,Calculated incentive was the largest PCA reconstruction deviation (observed 2.5e+04).,Final incentive paid was the next-largest reconstruction deviation (observed 2.5e+04).,"Validate the target, policy tier, adjustment approval, and payout reconciliation before action.",3,expected_incentive,Expected incentive,25000.0,,0.6923076923076923,46.781453904767304
REP_200ef690040c,2017-09-01,MGR_31981a685b7e,TEAM_4f4a9410ffcd,TERR_49c0203db75f,RPER_d985631757f58e88,injected,0.6702127659574468,PCA_RECONSTRUCTION_CALCULATED_INCENTIVE,Calculated incentive was the largest PCA reconstruction deviation (observed 2.5e+04).,Final incentive paid was the next-largest reconstruction deviation (observed 2.5e+04).,"Validate the target, policy tier, adjustment approval, and payout reconciliation before action.",1,calculated_incentive,Calculated incentive,25000.0,,0.5384615384615384,46.78144656416351
REP_200ef690040c,2017-09-01,MGR_31981a685b7e,TEAM_4f4a9410ffcd,TERR_49c0203db75f,RPER_d985631757f58e88,injected,0.6702127659574468,PCA_RECONSTRUCTION_CALCULATED_INCENTIVE,Calculated incentive was the largest PCA reconstruction deviation (observed 2.5e+04).,Final incentive paid was the next-largest reconstruction deviation (observed 2.5e+04).,"Validate the target, policy tier, adjustment approval, and payout reconciliation before action.",2,final_incentive_paid,Final incentive paid,25000.0,25000.0,0.6666666666666666,46.78144656416351
REP_200ef690040c,2017-09-01,MGR_31981a685b7e,TEAM_4f4a9410ffcd,TERR_49c0203db75f,RPER_d985631757f58e88,injected,0.6702127659574468,PCA_RECONSTRUCTION_CALCULATED_INCENTIVE,Calculated incentive was the largest PCA reconstruction deviation (observed 2.5e+04).,Final incentive paid was the next-largest reconstruction deviation (observed 2.5e+04).,"Validate the target, policy tier, adjustment approval, and payout reconciliation before action.",3,expected_incentive,Expected incentive,25000.0,,0.5384615384615384,46.78144656416351
REP_200ef690040c,2017-10-01,MGR_31981a685b7e,TEAM_4f4a9410ffcd,TERR_49c0203db75f,RPER_8375f8a8bc57399c,injected,0.8063829787234043,PCA_RECONSTRUCTION_POST_INCENTIVE_RETURN_RATE,Post incentive return rate was the largest PCA reconstruction deviation (observed 0.1508).,Calculated incentive was the next-largest reconstruction deviation (observed 2.5e+04).,"Validate the target, policy tier, adjustment approval, and payout reconciliation before action.",1,post_incentive_return_rate,Post incentive return rate,0.150778502846374,,1.0,201.75261616223523
REP_200ef690040c,2017-10-01,MGR_31981a685b7e,TEAM_4f4a9410ffcd,TERR_49c0203db75f,RPER_8375f8a8bc57399c,injected,0.8063829787234043,PCA_RECONSTRUCTION_POST_INCENTIVE_RETURN_RATE,Post incentive return rate was the largest PCA reconstruction deviation (observed 0.1508).,Calculated incentive was the next-largest reconstruction deviation (observed 2.5e+04).,"Validate the target, policy tier, adjustment approval, and payout reconciliation before action.",2,calculated_incentive,Calculated incentive,25000.0,,0.7692307692307693,46.78144757621077
REP_200ef690040c,2017-10-01,MGR_31981a685b7e,TEAM_4f4a9410ffcd,TERR_49c0203db75f,RPER_8375f8a8bc57399c,injected,0.8063829787234043,PCA_RECONSTRUCTION_POST_INCENTIVE_RETURN_RATE,Post incentive return rate was the largest PCA reconstruction deviation (observed 0.1508).,Calculated incentive was the next-largest reconstruction deviation (observed 2.5e+04).,"Validate the target, policy tier, adjustment approval, and payout reconciliation before action.",3,final_incentive_paid,Final incentive paid,25000.0,25000.0,0.6666666666666666,46.78144757621077
REP_200ef690040c,2017-11-01,MGR_31981a685b7e,TEAM_4f4a9410ffcd,TERR_49c0203db75f,RPER_e2efdf8139bd2e13,injected,0.5127659574468085,PCA_RECONSTRUCTION_CALCULATED_INCENTIVE,Calculated incentive was the largest PCA reconstruction deviation (observed 2.5e+04).,Final incentive paid was the next-largest reconstruction deviation (observed 2.5e+04).,"Validate the target, policy tier, adjustment approval, and payout reconciliation before action.",1,calculated_incentive,Calculated incentive,25000.0,,0.6538461538461539,46.78144969870774
REP_200ef690040c,2017-11-01,MGR_31981a685b7e,TEAM_4f4a9410ffcd,TERR_49c0203db75f,RPER_e2efdf8139bd2e13,injected,0.5127659574468085,PCA_RECONSTRUCTION_CALCULATED_INCENTIVE,Calculated incentive was the largest PCA reconstruction deviation (observed 2.5e+04).,Final incentive paid was the next-largest reconstruction deviation (observed 2.5e+04).,"Validate the target, policy tier, adjustment approval, and payout reconciliation before action.",2,final_incentive_paid,Final incentive paid,25000.0,25000.0,0.6666666666666666,46.78144969870774
REP_200ef690040c,2017-11-01,MGR_31981a685b7e,TEAM_4f4a9410ffcd,TERR_49c0203db75f,RPER_e2efdf8139bd2e13,injected,0.5127659574468085,PCA_RECONSTRUCTION_CALCULATED_INCENTIVE,Calculated incentive was the largest PCA reconstruction deviation (observed 2.5e+04).,Final incentive paid was the next-largest reconstruction deviation (observed 2.5e+04).,"Validate the target, policy tier, adjustment approval, and payout reconciliation before action.",3,expected_incentive,Expected incentive,25000.0,,0.6538461538461539,46.78144969870774
REP_200ef690040c,2017-12-01,MGR_31981a685b7e,TEAM_4f4a9410ffcd,TERR_49c0203db75f,RPER_4f33b8654c5e7ed3,injected,0.9723404255319149,PCA_RECONSTRUCTION_CALCULATED_INCENTIVE,Calculated incentive was the largest PCA reconstruction deviation (observed 0).,Final incentive paid was the next-largest reconstruction deviation (observed 0).,"Validate the target, policy tier, adjustment approval, and payout reconciliation before action.",1,calculated_incentive,Calculated incentive,0.0,,0.23076923076923078,9883.132849595582
REP_200ef690040c,2017-12-01,MGR_31981a685b7e,TEAM_4f4a9410ffcd,TERR_49c0203db75f,RPER_4f33b8654c5e7ed3,injected,0.9723404255319149,PCA_RECONSTRUCTION_CALCULATED_INCENTIVE,Calculated incentive was the largest PCA reconstruction deviation (observed 0).,Final incentive paid was the next-largest reconstruction deviation (observed 0).,"Validate the target, policy tier, adjustment approval, and payout reconciliation before action.",2,final_incentive_paid,Final incentive paid,0.0,10814.305,0.375,9883.132849595582
REP_200ef690040c,2017-12-01,MGR_31981a685b7e,TEAM_4f4a9410ffcd,TERR_49c0203db75f,RPER_4f33b8654c5e7ed3,injected,0.9723404255319149,PCA_RECONSTRUCTION_CALCULATED_INCENTIVE,Calculated incentive was the largest PCA reconstruction deviation (observed 0).,Final incentive paid was the next-largest reconstruction deviation (observed 0).,"Validate the target, policy tier, adjustment approval, and payout reconciliation before action.",3,expected_incentive,Expected incentive,0.0,,0.23076923076923078,9883.132849595582
REP_200ef690040c,2018-01-01,MGR_31981a685b7e,TEAM_4f4a9410ffcd,TERR_49c0203db75f,RPER_beaa0f09c6dd78f7,injected,0.823404255319149,PCA_RECONSTRUCTION_CALCULATED_INCENTIVE,Calculated incentive was the largest PCA reconstruction deviation (observed 2.75e+04).,Final incentive paid was the next-largest reconstruction deviation (observed 2.75e+04).,"Validate the target, policy tier, adjustment approval, and payout reconciliation before action.",1,calculated_incentive,Calculated incentive,27500.0,,0.5384615384615384,61.46083398057439
REP_200ef690040c,2018-01-01,MGR_31981a685b7e,TEAM_4f4a9410ffcd,TERR_49c0203db75f,RPER_beaa0f09c6dd78f7,injected,0.823404255319149,PCA_RECONSTRUCTION_CALCULATED_INCENTIVE,Calculated incentive was the largest PCA reconstruction deviation (observed 2.75e+04).,Final incentive paid was the next-largest reconstruction deviation (observed 2.75e+04).,"Validate the target, policy tier, adjustment approval, and payout reconciliation before action.",2,final_incentive_paid,Final incentive paid,27500.0,27500.0,0.6666666666666666,61.46083398057439
REP_200ef690040c,2018-01-01,MGR_31981a685b7e,TEAM_4f4a9410ffcd,TERR_49c0203db75f,RPER_beaa0f09c6dd78f7,injected,0.823404255319149,PCA_RECONSTRUCTION_CALCULATED_INCENTIVE,Calculated incentive was the largest PCA reconstruction deviation (observed 2.75e+04).,Final incentive paid was the next-largest reconstruction deviation (observed 2.75e+04).,"Validate the target, policy tier, adjustment approval, and payout reconciliation before action.",3,expected_incentive,Expected incentive,27500.0,,0.5384615384615384,61.46083398057439
REP_200ef690040c,2018-02-01,MGR_31981a685b7e,TEAM_4f4a9410ffcd,TERR_49c0203db75f,RPER_4b69123038971c1d,injected,0.6617021276595745,PCA_RECONSTRUCTION_CALCULATED_INCENTIVE,Calculated incentive was the largest PCA reconstruction deviation (observed 2.75e+04).,Final incentive paid was the next-largest reconstruction deviation (observed 2.75e+04).,"Validate the target, policy tier, adjustment approval, and payout reconciliation before action.",1,calculated_incentive,Calculated incentive,27500.0,,0.5769230769230769,61.46082246295893
REP_200ef690040c,2018-02-01,MGR_31981a685b7e,TEAM_4f4a9410ffcd,TERR_49c0203db75f,RPER_4b69123038971c1d,injected,0.6617021276595745,PCA_RECONSTRUCTION_CALCULATED_INCENTIVE,Calculated incentive was the largest PCA reconstruction deviation (observed 2.75e+04).,Final incentive paid was the next-largest reconstruction deviation (observed 2.75e+04).,"Validate the target, policy tier, adjustment approval, and payout reconciliation before action.",2,final_incentive_paid,Final incentive paid,27500.0,27500.0,0.75,61.46082246295893
REP_200ef690040c,2018-02-01,MGR_31981a685b7e,TEAM_4f4a9410ffcd,TERR_49c0203db75f,RPER_4b69123038971c1d,injected,0.6617021276595745,PCA_RECONSTRUCTION_CALCULATED_INCENTIVE,Calculated incentive was the largest PCA reconstruction deviation (observed 2.75e+04).,Final incentive paid was the next-largest reconstruction deviation (observed 2.75e+04).,"Validate the target, policy tier, adjustment approval, and payout reconciliation before action.",3,expected_incentive,Expected incentive,27500.0,,0.5769230769230769,61.46082246295893
REP_200ef690040c,2018-03-01,MGR_31981a685b7e,TEAM_4f4a9410ffcd,TERR_49c0203db75f,RPER_9759df91c36464ff,injected,0.725531914893617,PCA_RECONSTRUCTION_CALCULATED_INCENTIVE,Calculated incentive was the largest PCA reconstruction deviation (observed 2.75e+04).,Final incentive paid was the next-largest reconstruction deviation (observed 2.75e+04).,"Validate the target, policy tier, adjustment approval, and payout reconciliation before action.",1,calculated_incentive,Calculated incentive,27500.0,,0.5384615384615384,61.46082826623401
REP_200ef690040c,2018-03-01,MGR_31981a685b7e,TEAM_4f4a9410ffcd,TERR_49c0203db75f,RPER_9759df91c36464ff,injected,0.725531914893617,PCA_RECONSTRUCTION_CALCULATED_INCENTIVE,Calculated incentive was the largest PCA reconstruction deviation (observed 2.75e+04).,Final incentive paid was the next-largest reconstruction deviation (observed 2.75e+04).,"Validate the target, policy tier, adjustment approval, and payout reconciliation before action.",2,final_incentive_paid,Final incentive paid,27500.0,27500.0,0.625,61.46082826623401
REP_200ef690040c,2018-03-01,MGR_31981a685b7e,TEAM_4f4a9410ffcd,TERR_49c0203db75f,RPER_9759df91c36464ff,injected,0.725531914893617,PCA_RECONSTRUCTION_CALCULATED_INCENTIVE,Calculated incentive was the largest PCA reconstruction deviation (observed 2.75e+04).,Final incentive paid was the next-largest reconstruction deviation (observed 2.75e+04).,"Validate the target, policy tier, adjustment approval, and payout reconciliation before action.",3,expected_incentive,Expected incentive,27500.0,,0.5384615384615384,61.46082826623401
REP_200ef690040c,2018-04-01,MGR_31981a685b7e,TEAM_4f4a9410ffcd,TERR_49c0203db75f,RPER_2981928e97076424,injected,0.951063829787234,PCA_RECONSTRUCTION_CALCULATED_INCENTIVE,Calculated incentive was the largest PCA reconstruction deviation (observed 0).,Final incentive paid was the next-largest reconstruction deviation (observed 0).,"Validate the target, policy tier, adjustment approval, and payout reconciliation before action.",1,calculated_incentive,Calculated incentive,0.0,,0.11538461538461539,9883.132978950447
REP_200ef690040c,2018-04-01,MGR_31981a685b7e,TEAM_4f4a9410ffcd,TERR_49c0203db75f,RPER_2981928e97076424,injected,0.951063829787234,PCA_RECONSTRUCTION_CALCULATED_INCENTIVE,Calculated incentive was the largest PCA reconstruction deviation (observed 0).,Final incentive paid was the next-largest reconstruction deviation (observed 0).,"Validate the target, policy tier, adjustment approval, and payout reconciliation before action.",2,final_incentive_paid,Final incentive paid,0.0,26917.510000000002,0.25,9883.132978950447
REP_200ef690040c,2018-04-01,MGR_31981a685b7e,TEAM_4f4a9410ffcd,TERR_49c0203db75f,RPER_2981928e97076424,injected,0.951063829787234,PCA_RECONSTRUCTION_CALCULATED_INCENTIVE,Calculated incentive was the largest PCA reconstruction deviation (observed 0).,Final incentive paid was the next-largest reconstruction deviation (observed 0).,"Validate the target, policy tier, adjustment approval, and payout reconciliation before action.",3,expected_incentive,Expected incentive,0.0,,0.11538461538461539,9883.132978950447
REP_200ef690040c,2018-05-01,MGR_31981a685b7e,TEAM_4f4a9410ffcd,TERR_49c0203db75f,RPER_1270e8982716581c,injected,0.674468085106383,PCA_RECONSTRUCTION_CALCULATED_INCENTIVE,Calculated incentive was the largest PCA reconstruction deviation (observed 2.75e+04).,Final incentive paid was the next-largest reconstruction deviation (observed 2.75e+04).,"Validate the target, policy tier, adjustment approval, and payout reconciliation before action.",1,calculated_incentive,Calculated incentive,27500.0,,0.7307692307692307,61.46082717482918
REP_200ef690040c,2018-05-01,MGR_31981a685b7e,TEAM_4f4a9410ffcd,TERR_49c0203db75f,RPER_1270e8982716581c,injected,0.674468085106383,PCA_RECONSTRUCTION_CALCULATED_INCENTIVE,Calculated incentive was the largest PCA reconstruction deviation (observed 2.75e+04).,Final incentive paid was the next-largest reconstruction deviation (observed 2.75e+04).,"Validate the target, policy tier, adjustment approval, and payout reconciliation before action.",2,final_incentive_paid,Final incentive paid,27500.0,27500.0,0.75,61.46082717482918
REP_200ef690040c,2018-05-01,MGR_31981a685b7e,TEAM_4f4a9410ffcd,TERR_49c0203db75f,RPER_1270e8982716581c,injected,0.674468085106383,PCA_RECONSTRUCTION_CALCULATED_INCENTIVE,Calculated incentive was the largest PCA reconstruction deviation (observed 2.75e+04).,Final incentive paid was the next-largest reconstruction deviation (observed 2.75e+04).,"Validate the target, policy tier, adjustment approval, and payout reconciliation before action.",3,expected_incentive,Expected incentive,27500.0,,0.7307692307692307,61.46082717482918
REP_200ef690040c,2018-06-01,MGR_31981a685b7e,TEAM_4f4a9410ffcd,TERR_49c0203db75f,RPER_2e4c38460a1c38cf,injected,0.648936170212766,PCA_RECONSTRUCTION_CALCULATED_INCENTIVE,Calculated incentive was the largest PCA reconstruction deviation (observed 2.75e+04).,Final incentive paid was the next-largest reconstruction deviation (observed 2.75e+04).,"Validate the target, policy tier, adjustment approval, and payout reconciliation before action.",1,calculated_incentive,Calculated incentive,27500.0,,0.5769230769230769,61.46083144960054
REP_200ef690040c,2018-06-01,MGR_31981a685b7e,TEAM_4f4a9410ffcd,TERR_49c0203db75f,RPER_2e4c38460a1c38cf,injected,0.648936170212766,PCA_RECONSTRUCTION_CALCULATED_INCENTIVE,Calculated incentive was the largest PCA reconstruction deviation (observed 2.75e+04).,Final incentive paid was the next-largest reconstruction deviation (observed 2.75e+04).,"Validate the target, policy tier, adjustment approval, and payout reconciliation before action.",2,final_incentive_paid,Final incentive paid,27500.0,27500.0,0.625,61.46083144960054
REP_200ef690040c,2018-06-01,MGR_31981a685b7e,TEAM_4f4a9410ffcd,TERR_49c0203db75f,RPER_2e4c38460a1c38cf,injected,0.648936170212766,PCA_RECONSTRUCTION_CALCULATED_INCENTIVE,Calculated incentive was the largest PCA reconstruction deviation (observed 2.75e+04).,Final incentive paid was the next-largest reconstruction deviation (observed 2.75e+04).,"Validate the target, policy tier, adjustment approval, and payout reconciliation before action.",3,expected_incentive,Expected incentive,27500.0,,0.5769230769230769,61.46083144960054
REP_200ef690040c,2018-07-01,MGR_31981a685b7e,TEAM_4f4a9410ffcd,TERR_49c0203db75f,RPER_cf3055f082e65fce,injected,0.7511084386836865,PCA_RECONSTRUCTION_CALCULATED_INCENTIVE,Calculated incentive was the largest PCA reconstruction deviation (observed 2.601e+04).,Final incentive paid was the next-largest reconstruction deviation (observed 2.601e+04).,"Validate the target, policy tier, adjustment approval, and payout reconciliation before action.",1,calculated_incentive,Calculated incentive,26008.7,,0.15384615384615385,52.63083498308455
REP_200ef690040c,2018-07-01,MGR_31981a685b7e,TEAM_4f4a9410ffcd,TERR_49c0203db75f,RPER_cf3055f082e65fce,injected,0.7511084386836865,PCA_RECONSTRUCTION_CALCULATED_INCENTIVE,Calculated incentive was the largest PCA reconstruction deviation (observed 2.601e+04).,Final incentive paid was the next-largest reconstruction deviation (observed 2.601e+04).,"Validate the target, policy tier, adjustment approval, and payout reconciliation before action.",2,final_incentive_paid,Final incentive paid,26008.7,27500.0,0.25,52.63083498308455
REP_200ef690040c,2018-07-01,MGR_31981a685b7e,TEAM_4f4a9410ffcd,TERR_49c0203db75f,RPER_cf3055f082e65fce,injected,0.7511084386836865,PCA_RECONSTRUCTION_CALCULATED_INCENTIVE,Calculated incentive was the largest PCA reconstruction deviation (observed 2.601e+04).,Final incentive paid was the next-largest reconstruction deviation (observed 2.601e+04).,"Validate the target, policy tier, adjustment approval, and payout reconciliation before action.",3,expected_incentive,Expected incentive,26008.7,,0.15384615384615385,52.63083498308455
REP_200ef690040c,2018-08-01,MGR_31981a685b7e,TEAM_4f4a9410ffcd,TERR_49c0203db75f,RPER_1eda3cf7d86ad1f3,injected,0.7466477315241191,PCA_RECONSTRUCTION_CALCULATED_INCENTIVE,Calculated incentive was the largest PCA reconstruction deviation (observed 2.75e+04).,Final incentive paid was the next-largest reconstruction deviation (observed 2.75e+04).,"Validate the target, policy tier, adjustment approval, and payout reconciliation before action.",1,calculated_incentive,Calculated incentive,27500.0,,0.6153846153846154,61.460820778720915
REP_200ef690040c,2018-08-01,MGR_31981a685b7e,TEAM_4f4a9410ffcd,TERR_49c0203db75f,RPER_1eda3cf7d86ad1f3,injected,0.7466477315241191,PCA_RECONSTRUCTION_CALCULATED_INCENTIVE,Calculated incentive was the largest PCA reconstruction deviation (observed 2.75e+04).,Final incentive paid was the next-largest reconstruction deviation (observed 2.75e+04).,"Validate the target, policy tier, adjustment approval, and payout reconciliation before action.",2,final_incentive_paid,Final incentive paid,27500.0,27500.0,0.625,61.460820778720915
REP_200ef690040c,2018-08-01,MGR_31981a685b7e,TEAM_4f4a9410ffcd,TERR_49c0203db75f,RPER_1eda3cf7d86ad1f3,injected,0.7466477315241191,PCA_RECONSTRUCTION_CALCULATED_INCENTIVE,Calculated incentive was the largest PCA reconstruction deviation (observed 2.75e+04).,Final incentive paid was the next-largest reconstruction deviation (observed 2.75e+04).,"Validate the target, policy tier, adjustment approval, and payout reconciliation before action.",3,expected_incentive,Expected incentive,27500.0,,0.6153846153846154,61.460820778720915
REP_200ef690040c,2018-09-01,MGR_31981a685b7e,TEAM_4f4a9410ffcd,TERR_49c0203db75f,RPER_24c166938dab3031,injected,0.6739508435127323,PCA_RECONSTRUCTION_CALCULATED_INCENTIVE,Calculated incentive was the largest PCA reconstruction deviation (observed 2.75e+04).,Final incentive paid was the next-largest reconstruction deviation (observed 2.75e+04).,"Validate the target, policy tier, adjustment approval, and payout reconciliation before action.",1,calculated_incentive,Calculated incentive,27500.0,,0.6538461538461539,61.460827593263716
REP_200ef690040c,2018-09-01,MGR_31981a685b7e,TEAM_4f4a9410ffcd,TERR_49c0203db75f,RPER_24c166938dab3031,injected,0.6739508435127323,PCA_RECONSTRUCTION_CALCULATED_INCENTIVE,Calculated incentive was the largest PCA reconstruction deviation (observed 2.75e+04).,Final incentive paid was the next-largest reconstruction deviation (observed 2.75e+04).,"Validate the target, policy tier, adjustment approval, and payout reconciliation before action.",2,final_incentive_paid,Final incentive paid,27500.0,27500.0,0.75,61.460827593263716
REP_200ef690040c,2018-09-01,MGR_31981a685b7e,TEAM_4f4a9410ffcd,TERR_49c0203db75f,RPER_24c166938dab3031,injected,0.6739508435127323,PCA_RECONSTRUCTION_CALCULATED_INCENTIVE,Calculated incentive was the largest PCA reconstruction deviation (observed 2.75e+04).,Final incentive paid was the next-largest reconstruction deviation (observed 2.75e+04).,"Validate the target, policy tier, adjustment approval, and payout reconciliation before action.",3,expected_incentive,Expected incentive,27500.0,,0.6538461538461539,61.460827593263716
REP_200ef690040c,2018-10-01,MGR_31981a685b7e,TEAM_4f4a9410ffcd,TERR_49c0203db75f,RPER_4b8488c5abdc17e2,injected,0.7350741917867637,PCA_RECONSTRUCTION_CALCULATED_INCENTIVE,Calculated incentive was the largest PCA reconstruction deviation (observed 2.75e+04).,Final incentive paid was the next-largest reconstruction deviation (observed 2.75e+04).,"Validate the target, policy tier, adjustment approval, and payout reconciliation before action.",1,calculated_incentive,Calculated incentive,27500.0,,0.5384615384615384,61.46083418985039
REP_200ef690040c,2018-10-01,MGR_31981a685b7e,TEAM_4f4a9410ffcd,TERR_49c0203db75f,RPER_4b8488c5abdc17e2,injected,0.7350741917867637,PCA_RECONSTRUCTION_CALCULATED_INCENTIVE,Calculated incentive was the largest PCA reconstruction deviation (observed 2.75e+04).,Final incentive paid was the next-largest reconstruction deviation (observed 2.75e+04).,"Validate the target, policy tier, adjustment approval, and payout reconciliation before action.",2,final_incentive_paid,Final incentive paid,27500.0,27500.0,0.625,61.46083418985039
REP_200ef690040c,2018-10-01,MGR_31981a685b7e,TEAM_4f4a9410ffcd,TERR_49c0203db75f,RPER_4b8488c5abdc17e2,injected,0.7350741917867637,PCA_RECONSTRUCTION_CALCULATED_INCENTIVE,Calculated incentive was the largest PCA reconstruction deviation (observed 2.75e+04).,Final incentive paid was the next-largest reconstruction deviation (observed 2.75e+04).,"Validate the target, policy tier, adjustment approval, and payout reconciliation before action.",3,expected_incentive,Expected incentive,27500.0,,0.5384615384615384,61.46083418985039
REP_200ef690040c,2018-11-01,MGR_31981a685b7e,TEAM_4f4a9410ffcd,TERR_49c0203db75f,RPER_be523547dbbeb8ff,injected,0.7313917205305265,PCA_RECONSTRUCTION_CALCULATED_INCENTIVE,Calculated incentive was the largest PCA reconstruction deviation (observed 2.75e+04).,Final incentive paid was the next-largest reconstruction deviation (observed 2.75e+04).,"Validate the target, policy tier, adjustment approval, and payout reconciliation before action.",1,calculated_incentive,Calculated incentive,27500.0,,0.6923076923076923,61.46082694683652
REP_200ef690040c,2018-11-01,MGR_31981a685b7e,TEAM_4f4a9410ffcd,TERR_49c0203db75f,RPER_be523547dbbeb8ff,injected,0.7313917205305265,PCA_RECONSTRUCTION_CALCULATED_INCENTIVE,Calculated incentive was the largest PCA reconstruction deviation (observed 2.75e+04).,Final incentive paid was the next-largest reconstruction deviation (observed 2.75e+04).,"Validate the target, policy tier, adjustment approval, and payout reconciliation before action.",2,final_incentive_paid,Final incentive paid,27500.0,27500.0,0.75,61.46082694683652
REP_200ef690040c,2018-11-01,MGR_31981a685b7e,TEAM_4f4a9410ffcd,TERR_49c0203db75f,RPER_be523547dbbeb8ff,injected,0.7313917205305265,PCA_RECONSTRUCTION_CALCULATED_INCENTIVE,Calculated incentive was the largest PCA reconstruction deviation (observed 2.75e+04).,Final incentive paid was the next-largest reconstruction deviation (observed 2.75e+04).,"Validate the target, policy tier, adjustment approval, and payout reconciliation before action.",3,expected_incentive,Expected incentive,27500.0,,0.6923076923076923,61.46082694683652
REP_200ef690040c,2018-12-01,MGR_31981a685b7e,TEAM_4f4a9410ffcd,TERR_49c0203db75f,RPER_746fbd7406c0117d,injected,0.925641331176558,PCA_RECONSTRUCTION_INCENTIVE_PEER_MEDIAN,Incentive peer median was the largest PCA reconstruction deviation (observed 0).,Incentive peer z was the next-largest reconstruction deviation (observed 2.75e+04).,"Validate the target, policy tier, adjustment approval, and payout reconciliation before action.",1,incentive_peer_median,Incentive peer median,0.0,,0.15384615384615385,10704.07109780831
REP_200ef690040c,2018-12-01,MGR_31981a685b7e,TEAM_4f4a9410ffcd,TERR_49c0203db75f,RPER_746fbd7406c0117d,injected,0.925641331176558,PCA_RECONSTRUCTION_INCENTIVE_PEER_MEDIAN,Incentive peer median was the largest PCA reconstruction deviation (observed 0).,Incentive peer z was the next-largest reconstruction deviation (observed 2.75e+04).,"Validate the target, policy tier, adjustment approval, and payout reconciliation before action.",2,incentive_peer_z,Incentive peer z,27500.0,0.0,1.0,105.47891544139345
REP_200ef690040c,2018-12-01,MGR_31981a685b7e,TEAM_4f4a9410ffcd,TERR_49c0203db75f,RPER_746fbd7406c0117d,injected,0.925641331176558,PCA_RECONSTRUCTION_INCENTIVE_PEER_MEDIAN,Incentive peer median was the largest PCA reconstruction deviation (observed 0).,Incentive peer z was the next-largest reconstruction deviation (observed 2.75e+04).,"Validate the target, policy tier, adjustment approval, and payout reconciliation before action.",3,calculated_incentive,Calculated incentive,27500.0,,0.8461538461538461,61.460931502694166
REP_200ef690040c,2019-01-01,MGR_31981a685b7e,TEAM_4f4a9410ffcd,TERR_49c0203db75f,RPER_845bbdba12750844,injected,0.9735506856249615,PCA_RECONSTRUCTION_CALCULATED_INCENTIVE,Calculated incentive was the largest PCA reconstruction deviation (observed 0).,Final incentive paid was the next-largest reconstruction deviation (observed 0).,"Validate the target, policy tier, adjustment approval, and payout reconciliation before action.",1,calculated_incentive,Calculated incentive,0.0,,0.5384615384615384,9883.132340668642
REP_200ef690040c,2019-01-01,MGR_31981a685b7e,TEAM_4f4a9410ffcd,TERR_49c0203db75f,RPER_845bbdba12750844,injected,0.9735506856249615,PCA_RECONSTRUCTION_CALCULATED_INCENTIVE,Calculated incentive was the largest PCA reconstruction deviation (observed 0).,Final incentive paid was the next-largest reconstruction deviation (observed 0).,"Validate the target, policy tier, adjustment approval, and payout reconciliation before action.",2,final_incentive_paid,Final incentive paid,0.0,295.9,0.375,9883.132340668642
REP_200ef690040c,2019-01-01,MGR_31981a685b7e,TEAM_4f4a9410ffcd,TERR_49c0203db75f,RPER_845bbdba12750844,injected,0.9735506856249615,PCA_RECONSTRUCTION_CALCULATED_INCENTIVE,Calculated incentive was the largest PCA reconstruction deviation (observed 0).,Final incentive paid was the next-largest reconstruction deviation (observed 0).,"Validate the target, policy tier, adjustment approval, and payout reconciliation before action.",3,expected_incentive,Expected incentive,0.0,,0.5384615384615384,9883.132340668642
REP_200ef690040c,2019-02-01,MGR_31981a685b7e,TEAM_4f4a9410ffcd,TERR_49c0203db75f,RPER_a10cfd06ab502acc,injected,0.8831033291909768,PCA_RECONSTRUCTION_UNUSUAL_ORDER_TIMING_SCORE,Unusual order timing score was the largest PCA reconstruction deviation (observed 0.7018).,Calculated incentive was the next-largest reconstruction deviation (observed 3e+04).,"Validate the underlying orders, discounts, returns, period timing, and customer context before action.",1,unusual_order_timing_score,Unusual order timing score,0.7017543859649122,,0.8461538461538461,598.7380799113871
REP_200ef690040c,2019-02-01,MGR_31981a685b7e,TEAM_4f4a9410ffcd,TERR_49c0203db75f,RPER_a10cfd06ab502acc,injected,0.8831033291909768,PCA_RECONSTRUCTION_UNUSUAL_ORDER_TIMING_SCORE,Unusual order timing score was the largest PCA reconstruction deviation (observed 0.7018).,Calculated incentive was the next-largest reconstruction deviation (observed 3e+04).,"Validate the underlying orders, discounts, returns, period timing, and customer context before action.",2,calculated_incentive,Calculated incentive,30000.0,,0.5769230769230769,76.60848657919774
REP_200ef690040c,2019-02-01,MGR_31981a685b7e,TEAM_4f4a9410ffcd,TERR_49c0203db75f,RPER_a10cfd06ab502acc,injected,0.8831033291909768,PCA_RECONSTRUCTION_UNUSUAL_ORDER_TIMING_SCORE,Unusual order timing score was the largest PCA reconstruction deviation (observed 0.7018).,Calculated incentive was the next-largest reconstruction deviation (observed 3e+04).,"Validate the underlying orders, discounts, returns, period timing, and customer context before action.",3,final_incentive_paid,Final incentive paid,30000.0,30000.0,0.625,76.60848657919774
REP_200ef690040c,2019-03-01,MGR_31981a685b7e,TEAM_4f4a9410ffcd,TERR_49c0203db75f,RPER_569377d35a2daf74,injected,0.823732669965329,PCA_RECONSTRUCTION_AVERAGE_VISIT_DURATION,Average visit duration was the largest PCA reconstruction deviation (observed 29.43).,Calculated incentive was the next-largest reconstruction deviation (observed 2.879e+04).,"Validate visit, CRM, route, and expense records with the representative and manager before action.",1,average_visit_duration,Average visit duration,29.428571428571427,,0.07692307692307693,202.56029622911595
REP_200ef690040c,2019-03-01,MGR_31981a685b7e,TEAM_4f4a9410ffcd,TERR_49c0203db75f,RPER_569377d35a2daf74,injected,0.823732669965329,PCA_RECONSTRUCTION_AVERAGE_VISIT_DURATION,Average visit duration was the largest PCA reconstruction deviation (observed 29.43).,Calculated incentive was the next-largest reconstruction deviation (observed 2.879e+04).,"Validate visit, CRM, route, and expense records with the representative and manager before action.",2,calculated_incentive,Calculated incentive,28787.64,,0.07692307692307693,69.21930883630006
REP_200ef690040c,2019-03-01,MGR_31981a685b7e,TEAM_4f4a9410ffcd,TERR_49c0203db75f,RPER_569377d35a2daf74,injected,0.823732669965329,PCA_RECONSTRUCTION_AVERAGE_VISIT_DURATION,Average visit duration was the largest PCA reconstruction deviation (observed 29.43).,Calculated incentive was the next-largest reconstruction deviation (observed 2.879e+04).,"Validate visit, CRM, route, and expense records with the representative and manager before action.",3,final_incentive_paid,Final incentive paid,28787.64,30000.0,0.25,69.21930883630006
REP_200ef690040c,2019-04-01,MGR_31981a685b7e,TEAM_4f4a9410ffcd,TERR_49c0203db75f,RPER_837f3a60d7712557,injected,0.8832767733851496,PCA_RECONSTRUCTION_UNUSUAL_ORDER_TIMING_SCORE,Unusual order timing score was the largest PCA reconstruction deviation (observed 0.6857).,Return clawback ratio was the next-largest reconstruction deviation (observed 0.608).,"Validate the underlying orders, discounts, returns, period timing, and customer context before action.",1,unusual_order_timing_score,Unusual order timing score,0.6857142857142857,,1.0,572.4104397184461
REP_200ef690040c,2019-04-01,MGR_31981a685b7e,TEAM_4f4a9410ffcd,TERR_49c0203db75f,RPER_837f3a60d7712557,injected,0.8832767733851496,PCA_RECONSTRUCTION_UNUSUAL_ORDER_TIMING_SCORE,Unusual order timing score was the largest PCA reconstruction deviation (observed 0.6857).,Return clawback ratio was the next-largest reconstruction deviation (observed 0.608).,"Validate the underlying orders, discounts, returns, period timing, and customer context before action.",2,return_clawback_ratio,Return clawback ratio,0.6079941807407091,,1.0,200.93136814038093
REP_200ef690040c,2019-04-01,MGR_31981a685b7e,TEAM_4f4a9410ffcd,TERR_49c0203db75f,RPER_837f3a60d7712557,injected,0.8832767733851496,PCA_RECONSTRUCTION_UNUSUAL_ORDER_TIMING_SCORE,Unusual order timing score was the largest PCA reconstruction deviation (observed 0.6857).,Return clawback ratio was the next-largest reconstruction deviation (observed 0.608).,"Validate the underlying orders, discounts, returns, period timing, and customer context before action.",3,cancelled_order_rate,Cancelled order rate,0.02142857142857143,,1.0,105.70654729584498
REP_2234ec3bee93,2017-01-01,MGR_4b97498897f6,TEAM_b9dd960c1753,TERR_938541fb7311,RPER_8109e415d61c2f6f,injected,0.8872340425531915,PCA_RECONSTRUCTION_REP_HISTORICAL_MEAN,Rep historical mean was the largest PCA reconstruction deviation (observed 0).,Rolling sales mean was the next-largest reconstruction deviation (observed 0).,"Validate the source record, peer context, and relevant commercial activity before action.",1,rep_historical_mean,Rep historical mean,0.0,,0.5384615384615384,3413.0018917975294
REP_2234ec3bee93,2017-01-01,MGR_4b97498897f6,TEAM_b9dd960c1753,TERR_938541fb7311,RPER_8109e415d61c2f6f,injected,0.8872340425531915,PCA_RECONSTRUCTION_REP_HISTORICAL_MEAN,Rep historical mean was the largest PCA reconstruction deviation (observed 0).,Rolling sales mean was the next-largest reconstruction deviation (observed 0).,"Validate the source record, peer context, and relevant commercial activity before action.",2,rolling_sales_mean,Rolling sales mean,0.0,,0.5384615384615384,2192.651360826057
REP_2234ec3bee93,2017-01-01,MGR_4b97498897f6,TEAM_b9dd960c1753,TERR_938541fb7311,RPER_8109e415d61c2f6f,injected,0.8872340425531915,PCA_RECONSTRUCTION_REP_HISTORICAL_MEAN,Rep historical mean was the largest PCA reconstruction deviation (observed 0).,Rolling sales mean was the next-largest reconstruction deviation (observed 0).,"Validate the source record, peer context, and relevant commercial activity before action.",3,rolling_sales_std,Rolling sales std,0.0,,0.5384615384615384,293.02238467157974
REP_2234ec3bee93,2017-02-01,MGR_4b97498897f6,TEAM_b9dd960c1753,TERR_938541fb7311,RPER_4f6666113eec0939,injected,0.8404255319148937,PCA_RECONSTRUCTION_ROLLING_SALES_STD,Rolling sales std was the largest PCA reconstruction deviation (observed 0).,Rep historical std was the next-largest reconstruction deviation (observed 0).,"Validate the underlying orders, discounts, returns, period timing, and customer context before action.",1,rolling_sales_std,Rolling sales std,0.0,,0.5384615384615384,293.0224699334067
REP_2234ec3bee93,2017-02-01,MGR_4b97498897f6,TEAM_b9dd960c1753,TERR_938541fb7311,RPER_4f6666113eec0939,injected,0.8404255319148937,PCA_RECONSTRUCTION_ROLLING_SALES_STD,Rolling sales std was the largest PCA reconstruction deviation (observed 0).,Rep historical std was the next-largest reconstruction deviation (observed 0).,"Validate the underlying orders, discounts, returns, period timing, and customer context before action.",2,rep_historical_std,Rep historical std,0.0,,0.5384615384615384,293.0224699334067
REP_2234ec3bee93,2017-02-01,MGR_4b97498897f6,TEAM_b9dd960c1753,TERR_938541fb7311,RPER_4f6666113eec0939,injected,0.8404255319148937,PCA_RECONSTRUCTION_ROLLING_SALES_STD,Rolling sales std was the largest PCA reconstruction deviation (observed 0).,Rep historical std was the next-largest reconstruction deviation (observed 0).,"Validate the underlying orders, discounts, returns, period timing, and customer context before action.",3,calculated_incentive,Calculated incentive,25000.0,,0.5384615384615384,46.83468470496929
REP_2234ec3bee93,2017-03-01,MGR_4b97498897f6,TEAM_b9dd960c1753,TERR_938541fb7311,RPER_431462828df23ca8,injected,0.3468085106382979,PCA_RECONSTRUCTION_CALCULATED_INCENTIVE,Calculated incentive was the largest PCA reconstruction deviation (observed 2.5e+04).,Final incentive paid was the next-largest reconstruction deviation (observed 2.5e+04).,"Validate the target, policy tier, adjustment approval, and payout reconciliation before action.",1,calculated_incentive,Calculated incentive,25000.0,,0.5769230769230769,46.83466993336426
REP_2234ec3bee93,2017-03-01,MGR_4b97498897f6,TEAM_b9dd960c1753,TERR_938541fb7311,RPER_431462828df23ca8,injected,0.3468085106382979,PCA_RECONSTRUCTION_CALCULATED_INCENTIVE,Calculated incentive was the largest PCA reconstruction deviation (observed 2.5e+04).,Final incentive paid was the next-largest reconstruction deviation (observed 2.5e+04).,"Validate the target, policy tier, adjustment approval, and payout reconciliation before action.",2,final_incentive_paid,Final incentive paid,25000.0,25000.0,0.8333333333333334,46.83466993336426
REP_2234ec3bee93,2017-03-01,MGR_4b97498897f6,TEAM_b9dd960c1753,TERR_938541fb7311,RPER_431462828df23ca8,injected,0.3468085106382979,PCA_RECONSTRUCTION_CALCULATED_INCENTIVE,Calculated incentive was the largest PCA reconstruction deviation (observed 2.5e+04).,Final incentive paid was the next-largest reconstruction deviation (observed 2.5e+04).,"Validate the target, policy tier, adjustment approval, and payout reconciliation before action.",3,expected_incentive,Expected incentive,25000.0,,0.5769230769230769,46.83466993336426
REP_2234ec3bee93,2017-04-01,MGR_4b97498897f6,TEAM_b9dd960c1753,TERR_938541fb7311,RPER_e01b84386ada4b96,injected,0.10425531914893617,PCA_RECONSTRUCTION_CALCULATED_INCENTIVE,Calculated incentive was the largest PCA reconstruction deviation (observed 1.885e+04).,Final incentive paid was the next-largest reconstruction deviation (observed 1.885e+04).,"Validate the target, policy tier, adjustment approval, and payout reconciliation before action.",1,calculated_incentive,Calculated incentive,18847.08,,0.07692307692307693,15.049876354963242
REP_2234ec3bee93,2017-04-01,MGR_4b97498897f6,TEAM_b9dd960c1753,TERR_938541fb7311,RPER_e01b84386ada4b96,injected,0.10425531914893617,PCA_RECONSTRUCTION_CALCULATED_INCENTIVE,Calculated incentive was the largest PCA reconstruction deviation (observed 1.885e+04).,Final incentive paid was the next-largest reconstruction deviation (observed 1.885e+04).,"Validate the target, policy tier, adjustment approval, and payout reconciliation before action.",2,final_incentive_paid,Final incentive paid,18847.08,21295.5,0.3333333333333333,15.049876354963242
REP_2234ec3bee93,2017-04-01,MGR_4b97498897f6,TEAM_b9dd960c1753,TERR_938541fb7311,RPER_e01b84386ada4b96,injected,0.10425531914893617,PCA_RECONSTRUCTION_CALCULATED_INCENTIVE,Calculated incentive was the largest PCA reconstruction deviation (observed 1.885e+04).,Final incentive paid was the next-largest reconstruction deviation (observed 1.885e+04).,"Validate the target, policy tier, adjustment approval, and payout reconciliation before action.",3,expected_incentive,Expected incentive,18847.08,,0.07692307692307693,15.049876354963242
REP_2234ec3bee93,2017-05-01,MGR_4b97498897f6,TEAM_b9dd960c1753,TERR_938541fb7311,RPER_03c81fd1681e3fbe,injected,0.2957446808510638,PCA_RECONSTRUCTION_CALCULATED_INCENTIVE,Calculated incentive was the largest PCA reconstruction deviation (observed 2.5e+04).,Final incentive paid was the next-largest reconstruction deviation (observed 2.5e+04).,"Validate the target, policy tier, adjustment approval, and payout reconciliation before action.",1,calculated_incentive,Calculated incentive,25000.0,,0.6153846153846154,46.834663738129784
REP_2234ec3bee93,2017-05-01,MGR_4b97498897f6,TEAM_b9dd960c1753,TERR_938541fb7311,RPER_03c81fd1681e3fbe,injected,0.2957446808510638,PCA_RECONSTRUCTION_CALCULATED_INCENTIVE,Calculated incentive was the largest PCA reconstruction deviation (observed 2.5e+04).,Final incentive paid was the next-largest reconstruction deviation (observed 2.5e+04).,"Validate the target, policy tier, adjustment approval, and payout reconciliation before action.",2,final_incentive_paid,Final incentive paid,25000.0,25000.0,0.6666666666666666,46.834663738129784
REP_2234ec3bee93,2017-05-01,MGR_4b97498897f6,TEAM_b9dd960c1753,TERR_938541fb7311,RPER_03c81fd1681e3fbe,injected,0.2957446808510638,PCA_RECONSTRUCTION_CALCULATED_INCENTIVE,Calculated incentive was the largest PCA reconstruction deviation (observed 2.5e+04).,Final incentive paid was the next-largest reconstruction deviation (observed 2.5e+04).,"Validate the target, policy tier, adjustment approval, and payout reconciliation before action.",3,expected_incentive,Expected incentive,25000.0,,0.6153846153846154,46.834663738129784
REP_2234ec3bee93,2017-06-01,MGR_4b97498897f6,TEAM_b9dd960c1753,TERR_938541fb7311,RPER_72cbd815a1a58c26,injected,0.09574468085106383,PCA_RECONSTRUCTION_CALCULATED_INCENTIVE,Calculated incentive was the largest PCA reconstruction deviation (observed 2.5e+04).,Final incentive paid was the next-largest reconstruction deviation (observed 2.5e+04).,"Validate the target, policy tier, adjustment approval, and payout reconciliation before action.",1,calculated_incentive,Calculated incentive,25000.0,,0.5769230769230769,46.834664983439176
REP_2234ec3bee93,2017-06-01,MGR_4b97498897f6,TEAM_b9dd960c1753,TERR_938541fb7311,RPER_72cbd815a1a58c26,injected,0.09574468085106383,PCA_RECONSTRUCTION_CALCULATED_INCENTIVE,Calculated incentive was the largest PCA reconstruction deviation (observed 2.5e+04).,Final incentive paid was the next-largest reconstruction deviation (observed 2.5e+04).,"Validate the target, policy tier, adjustment approval, and payout reconciliation before action.",2,final_incentive_paid,Final incentive paid,25000.0,25000.0,0.6666666666666666,46.834664983439176
REP_2234ec3bee93,2017-06-01,MGR_4b97498897f6,TEAM_b9dd960c1753,TERR_938541fb7311,RPER_72cbd815a1a58c26,injected,0.09574468085106383,PCA_RECONSTRUCTION_CALCULATED_INCENTIVE,Calculated incentive was the largest PCA reconstruction deviation (observed 2.5e+04).,Final incentive paid was the next-largest reconstruction deviation (observed 2.5e+04).,"Validate the target, policy tier, adjustment approval, and payout reconciliation before action.",3,expected_incentive,Expected incentive,25000.0,,0.5769230769230769,46.834664983439176
REP_2234ec3bee93,2017-07-01,MGR_4b97498897f6,TEAM_b9dd960c1753,TERR_938541fb7311,RPER_a14b03e7021661a5,injected,0.14680851063829786,PCA_RECONSTRUCTION_CALCULATED_INCENTIVE,Calculated incentive was the largest PCA reconstruction deviation (observed 2.5e+04).,Final incentive paid was the next-largest reconstruction deviation (observed 2.5e+04).,"Validate the target, policy tier, adjustment approval, and payout reconciliation before action.",1,calculated_incentive,Calculated incentive,25000.0,,0.6153846153846154,46.83466555559966
REP_2234ec3bee93,2017-07-01,MGR_4b97498897f6,TEAM_b9dd960c1753,TERR_938541fb7311,RPER_a14b03e7021661a5,injected,0.14680851063829786,PCA_RECONSTRUCTION_CALCULATED_INCENTIVE,Calculated incentive was the largest PCA reconstruction deviation (observed 2.5e+04).,Final incentive paid was the next-largest reconstruction deviation (observed 2.5e+04).,"Validate the target, policy tier, adjustment approval, and payout reconciliation before action.",2,final_incentive_paid,Final incentive paid,25000.0,25000.0,0.6666666666666666,46.83466555559966
REP_2234ec3bee93,2017-07-01,MGR_4b97498897f6,TEAM_b9dd960c1753,TERR_938541fb7311,RPER_a14b03e7021661a5,injected,0.14680851063829786,PCA_RECONSTRUCTION_CALCULATED_INCENTIVE,Calculated incentive was the largest PCA reconstruction deviation (observed 2.5e+04).,Final incentive paid was the next-largest reconstruction deviation (observed 2.5e+04).,"Validate the target, policy tier, adjustment approval, and payout reconciliation before action.",3,expected_incentive,Expected incentive,25000.0,,0.6153846153846154,46.83466555559966
REP_2234ec3bee93,2017-08-01,MGR_4b97498897f6,TEAM_b9dd960c1753,TERR_938541fb7311,RPER_436932f89b416b53,injected,0.2872340425531915,PCA_RECONSTRUCTION_CALCULATED_INCENTIVE,Calculated incentive was the largest PCA reconstruction deviation (observed 2.5e+04).,Final incentive paid was the next-largest reconstruction deviation (observed 2.5e+04).,"Validate the target, policy tier, adjustment approval, and payout reconciliation before action.",1,calculated_incentive,Calculated incentive,25000.0,,0.6923076923076923,46.83466890095037
REP_2234ec3bee93,2017-08-01,MGR_4b97498897f6,TEAM_b9dd960c1753,TERR_938541fb7311,RPER_436932f89b416b53,injected,0.2872340425531915,PCA_RECONSTRUCTION_CALCULATED_INCENTIVE,Calculated incentive was the largest PCA reconstruction deviation (observed 2.5e+04).,Final incentive paid was the next-largest reconstruction deviation (observed 2.5e+04).,"Validate the target, policy tier, adjustment approval, and payout reconciliation before action.",2,final_incentive_paid,Final incentive paid,25000.0,18503.38,1.0,46.83466890095037
REP_2234ec3bee93,2017-08-01,MGR_4b97498897f6,TEAM_b9dd960c1753,TERR_938541fb7311,RPER_436932f89b416b53,injected,0.2872340425531915,PCA_RECONSTRUCTION_CALCULATED_INCENTIVE,Calculated incentive was the largest PCA reconstruction deviation (observed 2.5e+04).,Final incentive paid was the next-largest reconstruction deviation (observed 2.5e+04).,"Validate the target, policy tier, adjustment approval, and payout reconciliation before action.",3,expected_incentive,Expected incentive,25000.0,,0.6923076923076923,46.83466890095037
REP_2234ec3bee93,2017-09-01,MGR_4b97498897f6,TEAM_b9dd960c1753,TERR_938541fb7311,RPER_e585e0e5d159b7f9,injected,0.26595744680851063,PCA_RECONSTRUCTION_CALCULATED_INCENTIVE,Calculated incentive was the largest PCA reconstruction deviation (observed 2.5e+04).,Final incentive paid was the next-largest reconstruction deviation (observed 2.5e+04).,"Validate the target, policy tier, adjustment approval, and payout reconciliation before action.",1,calculated_incentive,Calculated incentive,25000.0,,0.5384615384615384,46.83466254141927
REP_2234ec3bee93,2017-09-01,MGR_4b97498897f6,TEAM_b9dd960c1753,TERR_938541fb7311,RPER_e585e0e5d159b7f9,injected,0.26595744680851063,PCA_RECONSTRUCTION_CALCULATED_INCENTIVE,Calculated incentive was the largest PCA reconstruction deviation (observed 2.5e+04).,Final incentive paid was the next-largest reconstruction deviation (observed 2.5e+04).,"Validate the target, policy tier, adjustment approval, and payout reconciliation before action.",2,final_incentive_paid,Final incentive paid,25000.0,25000.0,0.6666666666666666,46.83466254141927
REP_2234ec3bee93,2017-09-01,MGR_4b97498897f6,TEAM_b9dd960c1753,TERR_938541fb7311,RPER_e585e0e5d159b7f9,injected,0.26595744680851063,PCA_RECONSTRUCTION_CALCULATED_INCENTIVE,Calculated incentive was the largest PCA reconstruction deviation (observed 2.5e+04).,Final incentive paid was the next-largest reconstruction deviation (observed 2.5e+04).,"Validate the target, policy tier, adjustment approval, and payout reconciliation before action.",3,expected_incentive,Expected incentive,25000.0,,0.5384615384615384,46.83466254141927
REP_2234ec3bee93,2017-10-01,MGR_4b97498897f6,TEAM_b9dd960c1753,TERR_938541fb7311,RPER_28621abab10255fe,injected,0.04042553191489362,PCA_RECONSTRUCTION_EXPENSE_VS_PEER,Expense vs peer was the largest PCA reconstruction deviation (observed 0.7318).,Rep historical mean was the next-largest reconstruction deviation (observed 1.445e+07).,"Validate visit, CRM, route, and expense records with the representative and manager before action.",1,expense_vs_peer,Expense vs peer,0.7318399937893046,,0.07692307692307693,27.821428851133504
REP_2234ec3bee93,2017-10-01,MGR_4b97498897f6,TEAM_b9dd960c1753,TERR_938541fb7311,RPER_28621abab10255fe,injected,0.04042553191489362,PCA_RECONSTRUCTION_EXPENSE_VS_PEER,Expense vs peer was the largest PCA reconstruction deviation (observed 0.7318).,Rep historical mean was the next-largest reconstruction deviation (observed 1.445e+07).,"Validate visit, CRM, route, and expense records with the representative and manager before action.",2,rep_historical_mean,Rep historical mean,14451361.258578474,,0.15384615384615385,10.720840584899063
REP_2234ec3bee93,2017-10-01,MGR_4b97498897f6,TEAM_b9dd960c1753,TERR_938541fb7311,RPER_28621abab10255fe,injected,0.04042553191489362,PCA_RECONSTRUCTION_EXPENSE_VS_PEER,Expense vs peer was the largest PCA reconstruction deviation (observed 0.7318).,Rep historical mean was the next-largest reconstruction deviation (observed 1.445e+07).,"Validate visit, CRM, route, and expense records with the representative and manager before action.",3,rolling_sales_mean,Rolling sales mean,17070339.744973224,,0.5384615384615384,9.111886308980129
REP_2234ec3bee93,2017-11-01,MGR_4b97498897f6,TEAM_b9dd960c1753,TERR_938541fb7311,RPER_c51059e959f60cba,injected,0.9340425531914893,PCA_RECONSTRUCTION_CALCULATED_INCENTIVE,Calculated incentive was the largest PCA reconstruction deviation (observed 0).,Final incentive paid was the next-largest reconstruction deviation (observed 0).,"Validate the target, policy tier, adjustment approval, and payout reconciliation before action.",1,calculated_incentive,Calculated incentive,0.0,,0.07692307692307693,9882.359627642143
REP_2234ec3bee93,2017-11-01,MGR_4b97498897f6,TEAM_b9dd960c1753,TERR_938541fb7311,RPER_c51059e959f60cba,injected,0.9340425531914893,PCA_RECONSTRUCTION_CALCULATED_INCENTIVE,Calculated incentive was the largest PCA reconstruction deviation (observed 0).,Final incentive paid was the next-largest reconstruction deviation (observed 0).,"Validate the target, policy tier, adjustment approval, and payout reconciliation before action.",2,final_incentive_paid,Final incentive paid,0.0,25000.0,0.3333333333333333,9882.359627642143
REP_2234ec3bee93,2017-11-01,MGR_4b97498897f6,TEAM_b9dd960c1753,TERR_938541fb7311,RPER_c51059e959f60cba,injected,0.9340425531914893,PCA_RECONSTRUCTION_CALCULATED_INCENTIVE,Calculated incentive was the largest PCA reconstruction deviation (observed 0).,Final incentive paid was the next-largest reconstruction deviation (observed 0).,"Validate the target, policy tier, adjustment approval, and payout reconciliation before action.",3,expected_incentive,Expected incentive,0.0,,0.07692307692307693,9882.359627642143
REP_2234ec3bee93,2017-12-01,MGR_4b97498897f6,TEAM_b9dd960c1753,TERR_938541fb7311,RPER_ae0a3c635c2f1be7,injected,0.7468085106382979,PCA_RECONSTRUCTION_CALCULATED_INCENTIVE,Calculated incentive was the largest PCA reconstruction deviation (observed 2.5e+04).,Final incentive paid was the next-largest reconstruction deviation (observed 2.5e+04).,"Validate the target, policy tier, adjustment approval, and payout reconciliation before action.",1,calculated_incentive,Calculated incentive,25000.0,,0.7692307692307693,46.834662461721905
REP_2234ec3bee93,2017-12-01,MGR_4b97498897f6,TEAM_b9dd960c1753,TERR_938541fb7311,RPER_ae0a3c635c2f1be7,injected,0.7468085106382979,PCA_RECONSTRUCTION_CALCULATED_INCENTIVE,Calculated incentive was the largest PCA reconstruction deviation (observed 2.5e+04).,Final incentive paid was the next-largest reconstruction deviation (observed 2.5e+04).,"Validate the target, policy tier, adjustment approval, and payout reconciliation before action.",2,final_incentive_paid,Final incentive paid,25000.0,25000.0,0.6666666666666666,46.834662461721905
REP_2234ec3bee93,2017-12-01,MGR_4b97498897f6,TEAM_b9dd960c1753,TERR_938541fb7311,RPER_ae0a3c635c2f1be7,injected,0.7468085106382979,PCA_RECONSTRUCTION_CALCULATED_INCENTIVE,Calculated incentive was the largest PCA reconstruction deviation (observed 2.5e+04).,Final incentive paid was the next-largest reconstruction deviation (observed 2.5e+04).,"Validate the target, policy tier, adjustment approval, and payout reconciliation before action.",3,expected_incentive,Expected incentive,25000.0,,0.7692307692307693,46.834662461721905
REP_2234ec3bee93,2018-01-01,MGR_4b97498897f6,TEAM_b9dd960c1753,TERR_938541fb7311,RPER_d2ffe731564a47ad,injected,0.5085106382978724,PCA_RECONSTRUCTION_CALCULATED_INCENTIVE,Calculated incentive was the largest PCA reconstruction deviation (observed 2.75e+04).,Final incentive paid was the next-largest reconstruction deviation (observed 2.75e+04).,"Validate the target, policy tier, adjustment approval, and payout reconciliation before action.",1,calculated_incentive,Calculated incentive,27500.0,,0.5384615384615384,61.521822453731694
REP_2234ec3bee93,2018-01-01,MGR_4b97498897f6,TEAM_b9dd960c1753,TERR_938541fb7311,RPER_d2ffe731564a47ad,injected,0.5085106382978724,PCA_RECONSTRUCTION_CALCULATED_INCENTIVE,Calculated incentive was the largest PCA reconstruction deviation (observed 2.75e+04).,Final incentive paid was the next-largest reconstruction deviation (observed 2.75e+04).,"Validate the target, policy tier, adjustment approval, and payout reconciliation before action.",2,final_incentive_paid,Final incentive paid,27500.0,27500.0,0.6666666666666666,61.521822453731694
REP_2234ec3bee93,2018-01-01,MGR_4b97498897f6,TEAM_b9dd960c1753,TERR_938541fb7311,RPER_d2ffe731564a47ad,injected,0.5085106382978724,PCA_RECONSTRUCTION_CALCULATED_INCENTIVE,Calculated incentive was the largest PCA reconstruction deviation (observed 2.75e+04).,Final incentive paid was the next-largest reconstruction deviation (observed 2.75e+04).,"Validate the target, policy tier, adjustment approval, and payout reconciliation before action.",3,expected_incentive,Expected incentive,27500.0,,0.5384615384615384,61.521822453731694
REP_2234ec3bee93,2018-02-01,MGR_4b97498897f6,TEAM_b9dd960c1753,TERR_938541fb7311,RPER_e856e5a68684dae0,injected,0.6021276595744681,PCA_RECONSTRUCTION_CALCULATED_INCENTIVE,Calculated incentive was the largest PCA reconstruction deviation (observed 2.75e+04).,Final incentive paid was the next-largest reconstruction deviation (observed 2.75e+04).,"Validate the target, policy tier, adjustment approval, and payout reconciliation before action.",1,calculated_incentive,Calculated incentive,27500.0,,0.5769230769230769,61.52183151586016
REP_2234ec3bee93,2018-02-01,MGR_4b97498897f6,TEAM_b9dd960c1753,TERR_938541fb7311,RPER_e856e5a68684dae0,injected,0.6021276595744681,PCA_RECONSTRUCTION_CALCULATED_INCENTIVE,Calculated incentive was the largest PCA reconstruction deviation (observed 2.75e+04).,Final incentive paid was the next-largest reconstruction deviation (observed 2.75e+04).,"Validate the target, policy tier, adjustment approval, and payout reconciliation before action.",2,final_incentive_paid,Final incentive paid,27500.0,27500.0,0.6666666666666666,61.52183151586016
REP_2234ec3bee93,2018-02-01,MGR_4b97498897f6,TEAM_b9dd960c1753,TERR_938541fb7311,RPER_e856e5a68684dae0,injected,0.6021276595744681,PCA_RECONSTRUCTION_CALCULATED_INCENTIVE,Calculated incentive was the largest PCA reconstruction deviation (observed 2.75e+04).,Final incentive paid was the next-largest reconstruction deviation (observed 2.75e+04).,"Validate the target, policy tier, adjustment approval, and payout reconciliation before action.",3,expected_incentive,Expected incentive,27500.0,,0.5769230769230769,61.52183151586016
REP_2234ec3bee93,2018-03-01,MGR_4b97498897f6,TEAM_b9dd960c1753,TERR_938541fb7311,RPER_02636fc24f4f2b59,injected,0.7297872340425532,PCA_RECONSTRUCTION_CALCULATED_INCENTIVE,Calculated incentive was the largest PCA reconstruction deviation (observed 2.75e+04).,Final incentive paid was the next-largest reconstruction deviation (observed 2.75e+04).,"Validate the target, policy tier, adjustment approval, and payout reconciliation before action.",1,calculated_incentive,Calculated incentive,27500.0,,0.5384615384615384,61.52182181942172
REP_2234ec3bee93,2018-03-01,MGR_4b97498897f6,TEAM_b9dd960c1753,TERR_938541fb7311,RPER_02636fc24f4f2b59,injected,0.7297872340425532,PCA_RECONSTRUCTION_CALCULATED_INCENTIVE,Calculated incentive was the largest PCA reconstruction deviation (observed 2.75e+04).,Final incentive paid was the next-largest reconstruction deviation (observed 2.75e+04).,"Validate the target, policy tier, adjustment approval, and payout reconciliation before action.",2,final_incentive_paid,Final incentive paid,27500.0,27500.0,0.6666666666666666,61.52182181942172
REP_2234ec3bee93,2018-03-01,MGR_4b97498897f6,TEAM_b9dd960c1753,TERR_938541fb7311,RPER_02636fc24f4f2b59,injected,0.7297872340425532,PCA_RECONSTRUCTION_CALCULATED_INCENTIVE,Calculated incentive was the largest PCA reconstruction deviation (observed 2.75e+04).,Final incentive paid was the next-largest reconstruction deviation (observed 2.75e+04).,"Validate the target, policy tier, adjustment approval, and payout reconciliation before action.",3,expected_incentive,Expected incentive,27500.0,,0.5384615384615384,61.52182181942172
REP_2234ec3bee93,2018-04-01,MGR_4b97498897f6,TEAM_b9dd960c1753,TERR_938541fb7311,RPER_56e43938b658c59a,injected,0.7085106382978723,PCA_RECONSTRUCTION_CALCULATED_INCENTIVE,Calculated incentive was the largest PCA reconstruction deviation (observed 2.75e+04).,Final incentive paid was the next-largest reconstruction deviation (observed 2.75e+04).,"Validate the target, policy tier, adjustment approval, and payout reconciliation before action.",1,calculated_incentive,Calculated incentive,27500.0,,0.7692307692307693,61.52182574942555
REP_2234ec3bee93,2018-04-01,MGR_4b97498897f6,TEAM_b9dd960c1753,TERR_938541fb7311,RPER_56e43938b658c59a,injected,0.7085106382978723,PCA_RECONSTRUCTION_CALCULATED_INCENTIVE,Calculated incentive was the largest PCA reconstruction deviation (observed 2.75e+04).,Final incentive paid was the next-largest reconstruction deviation (observed 2.75e+04).,"Validate the target, policy tier, adjustment approval, and payout reconciliation before action.",2,final_incentive_paid,Final incentive paid,27500.0,27500.0,0.6666666666666666,61.52182574942555
REP_2234ec3bee93,2018-04-01,MGR_4b97498897f6,TEAM_b9dd960c1753,TERR_938541fb7311,RPER_56e43938b658c59a,injected,0.7085106382978723,PCA_RECONSTRUCTION_CALCULATED_INCENTIVE,Calculated incentive was the largest PCA reconstruction deviation (observed 2.75e+04).,Final incentive paid was the next-largest reconstruction deviation (observed 2.75e+04).,"Validate the target, policy tier, adjustment approval, and payout reconciliation before action.",3,expected_incentive,Expected incentive,27500.0,,0.7692307692307693,61.52182574942555
REP_2234ec3bee93,2018-05-01,MGR_4b97498897f6,TEAM_b9dd960c1753,TERR_938541fb7311,RPER_254c223f7af5d235,injected,0.6404255319148936,PCA_RECONSTRUCTION_CALCULATED_INCENTIVE,Calculated incentive was the largest PCA reconstruction deviation (observed 2.75e+04).,Final incentive paid was the next-largest reconstruction deviation (observed 2.75e+04).,"Validate the target, policy tier, adjustment approval, and payout reconciliation before action.",1,calculated_incentive,Calculated incentive,27500.0,,0.7307692307692307,61.52182471798358
REP_2234ec3bee93,2018-05-01,MGR_4b97498897f6,TEAM_b9dd960c1753,TERR_938541fb7311,RPER_254c223f7af5d235,injected,0.6404255319148936,PCA_RECONSTRUCTION_CALCULATED_INCENTIVE,Calculated incentive was the largest PCA reconstruction deviation (observed 2.75e+04).,Final incentive paid was the next-largest reconstruction deviation (observed 2.75e+04).,"Validate the target, policy tier, adjustment approval, and payout reconciliation before action.",2,final_incentive_paid,Final incentive paid,27500.0,27500.0,0.8333333333333334,61.52182471798358
REP_2234ec3bee93,2018-05-01,MGR_4b97498897f6,TEAM_b9dd960c1753,TERR_938541fb7311,RPER_254c223f7af5d235,injected,0.6404255319148936,PCA_RECONSTRUCTION_CALCULATED_INCENTIVE,Calculated incentive was the largest PCA reconstruction deviation (observed 2.75e+04).,Final incentive paid was the next-largest reconstruction deviation (observed 2.75e+04).,"Validate the target, policy tier, adjustment approval, and payout reconciliation before action.",3,expected_incentive,Expected incentive,27500.0,,0.7307692307692307,61.52182471798358
REP_2234ec3bee93,2018-06-01,MGR_4b97498897f6,TEAM_b9dd960c1753,TERR_938541fb7311,RPER_0db631a5e239afff,injected,0.5851063829787234,PCA_RECONSTRUCTION_CALCULATED_INCENTIVE,Calculated incentive was the largest PCA reconstruction deviation (observed 2.75e+04).,Final incentive paid was the next-largest reconstruction deviation (observed 2.75e+04).,"Validate the target, policy tier, adjustment approval, and payout reconciliation before action.",1,calculated_incentive,Calculated incentive,27500.0,,0.5769230769230769,61.52182534987163
REP_2234ec3bee93,2018-06-01,MGR_4b97498897f6,TEAM_b9dd960c1753,TERR_938541fb7311,RPER_0db631a5e239afff,injected,0.5851063829787234,PCA_RECONSTRUCTION_CALCULATED_INCENTIVE,Calculated incentive was the largest PCA reconstruction deviation (observed 2.75e+04).,Final incentive paid was the next-largest reconstruction deviation (observed 2.75e+04).,"Validate the target, policy tier, adjustment approval, and payout reconciliation before action.",2,final_incentive_paid,Final incentive paid,27500.0,27500.0,0.8333333333333334,61.52182534987163
REP_2234ec3bee93,2018-06-01,MGR_4b97498897f6,TEAM_b9dd960c1753,TERR_938541fb7311,RPER_0db631a5e239afff,injected,0.5851063829787234,PCA_RECONSTRUCTION_CALCULATED_INCENTIVE,Calculated incentive was the largest PCA reconstruction deviation (observed 2.75e+04).,Final incentive paid was the next-largest reconstruction deviation (observed 2.75e+04).,"Validate the target, policy tier, adjustment approval, and payout reconciliation before action.",3,expected_incentive,Expected incentive,27500.0,,0.5769230769230769,61.52182534987163
REP_2234ec3bee93,2018-07-01,MGR_4b97498897f6,TEAM_b9dd960c1753,TERR_938541fb7311,RPER_3d3d74b699790098,injected,0.743370230057491,PCA_RECONSTRUCTION_CALCULATED_INCENTIVE,Calculated incentive was the largest PCA reconstruction deviation (observed 2.75e+04).,Final incentive paid was the next-largest reconstruction deviation (observed 2.75e+04).,"Validate the target, policy tier, adjustment approval, and payout reconciliation before action.",1,calculated_incentive,Calculated incentive,27500.0,,0.6153846153846154,61.521831686609914
REP_2234ec3bee93,2018-07-01,MGR_4b97498897f6,TEAM_b9dd960c1753,TERR_938541fb7311,RPER_3d3d74b699790098,injected,0.743370230057491,PCA_RECONSTRUCTION_CALCULATED_INCENTIVE,Calculated incentive was the largest PCA reconstruction deviation (observed 2.75e+04).,Final incentive paid was the next-largest reconstruction deviation (observed 2.75e+04).,"Validate the target, policy tier, adjustment approval, and payout reconciliation before action.",2,final_incentive_paid,Final incentive paid,27500.0,27500.0,0.6666666666666666,61.521831686609914
REP_2234ec3bee93,2018-07-01,MGR_4b97498897f6,TEAM_b9dd960c1753,TERR_938541fb7311,RPER_3d3d74b699790098,injected,0.743370230057491,PCA_RECONSTRUCTION_CALCULATED_INCENTIVE,Calculated incentive was the largest PCA reconstruction deviation (observed 2.75e+04).,Final incentive paid was the next-largest reconstruction deviation (observed 2.75e+04).,"Validate the target, policy tier, adjustment approval, and payout reconciliation before action.",3,expected_incentive,Expected incentive,27500.0,,0.6153846153846154,61.521831686609914
REP_2234ec3bee93,2018-08-01,MGR_4b97498897f6,TEAM_b9dd960c1753,TERR_938541fb7311,RPER_853b702056785bca,injected,0.6590722450377989,PCA_RECONSTRUCTION_CALCULATED_INCENTIVE,Calculated incentive was the largest PCA reconstruction deviation (observed 2.75e+04).,Final incentive paid was the next-largest reconstruction deviation (observed 2.75e+04).,"Validate the target, policy tier, adjustment approval, and payout reconciliation before action.",1,calculated_incentive,Calculated incentive,27500.0,,0.6153846153846154,61.52182260114284
REP_2234ec3bee93,2018-08-01,MGR_4b97498897f6,TEAM_b9dd960c1753,TERR_938541fb7311,RPER_853b702056785bca,injected,0.6590722450377989,PCA_RECONSTRUCTION_CALCULATED_INCENTIVE,Calculated incentive was the largest PCA reconstruction deviation (observed 2.75e+04).,Final incentive paid was the next-largest reconstruction deviation (observed 2.75e+04).,"Validate the target, policy tier, adjustment approval, and payout reconciliation before action.",2,final_incentive_paid,Final incentive paid,27500.0,27500.0,0.8333333333333334,61.52182260114284
REP_2234ec3bee93,2018-08-01,MGR_4b97498897f6,TEAM_b9dd960c1753,TERR_938541fb7311,RPER_853b702056785bca,injected,0.6590722450377989,PCA_RECONSTRUCTION_CALCULATED_INCENTIVE,Calculated incentive was the largest PCA reconstruction deviation (observed 2.75e+04).,Final incentive paid was the next-largest reconstruction deviation (observed 2.75e+04).,"Validate the target, policy tier, adjustment approval, and payout reconciliation before action.",3,expected_incentive,Expected incentive,27500.0,,0.6153846153846154,61.52182260114284
REP_2234ec3bee93,2018-09-01,MGR_4b97498897f6,TEAM_b9dd960c1753,TERR_938541fb7311,RPER_e3a3c677f7819e38,injected,0.9524149642744475,PCA_RECONSTRUCTION_CALCULATED_INCENTIVE,Calculated incentive was the largest PCA reconstruction deviation (observed 0).,Final incentive paid was the next-largest reconstruction deviation (observed 0).,"Validate the target, policy tier, adjustment approval, and payout reconciliation before action.",1,calculated_incentive,Calculated incentive,0.0,,0.11538461538461539,9882.359673168536
REP_2234ec3bee93,2018-09-01,MGR_4b97498897f6,TEAM_b9dd960c1753,TERR_938541fb7311,RPER_e3a3c677f7819e38,injected,0.9524149642744475,PCA_RECONSTRUCTION_CALCULATED_INCENTIVE,Calculated incentive was the largest PCA reconstruction deviation (observed 0).,Final incentive paid was the next-largest reconstruction deviation (observed 0).,"Validate the target, policy tier, adjustment approval, and payout reconciliation before action.",2,final_incentive_paid,Final incentive paid,0.0,16284.87,0.3333333333333333,9882.359673168536
REP_2234ec3bee93,2018-09-01,MGR_4b97498897f6,TEAM_b9dd960c1753,TERR_938541fb7311,RPER_e3a3c677f7819e38,injected,0.9524149642744475,PCA_RECONSTRUCTION_CALCULATED_INCENTIVE,Calculated incentive was the largest PCA reconstruction deviation (observed 0).,Final incentive paid was the next-largest reconstruction deviation (observed 0).,"Validate the target, policy tier, adjustment approval, and payout reconciliation before action.",3,expected_incentive,Expected incentive,0.0,,0.11538461538461539,9882.359673168536
REP_2234ec3bee93,2018-10-01,MGR_4b97498897f6,TEAM_b9dd960c1753,TERR_938541fb7311,RPER_b2f414f12fe60c25,injected,0.694008169944715,PCA_RECONSTRUCTION_CALCULATED_INCENTIVE,Calculated incentive was the largest PCA reconstruction deviation (observed 2.75e+04).,Final incentive paid was the next-largest reconstruction deviation (observed 2.75e+04).,"Validate the target, policy tier, adjustment approval, and payout reconciliation before action.",1,calculated_incentive,Calculated incentive,27500.0,,0.5384615384615384,61.521822548096836
REP_2234ec3bee93,2018-10-01,MGR_4b97498897f6,TEAM_b9dd960c1753,TERR_938541fb7311,RPER_b2f414f12fe60c25,injected,0.694008169944715,PCA_RECONSTRUCTION_CALCULATED_INCENTIVE,Calculated incentive was the largest PCA reconstruction deviation (observed 2.75e+04).,Final incentive paid was the next-largest reconstruction deviation (observed 2.75e+04).,"Validate the target, policy tier, adjustment approval, and payout reconciliation before action.",2,final_incentive_paid,Final incentive paid,27500.0,27500.0,0.6666666666666666,61.521822548096836
REP_2234ec3bee93,2018-10-01,MGR_4b97498897f6,TEAM_b9dd960c1753,TERR_938541fb7311,RPER_b2f414f12fe60c25,injected,0.694008169944715,PCA_RECONSTRUCTION_CALCULATED_INCENTIVE,Calculated incentive was the largest PCA reconstruction deviation (observed 2.75e+04).,Final incentive paid was the next-largest reconstruction deviation (observed 2.75e+04).,"Validate the target, policy tier, adjustment approval, and payout reconciliation before action.",3,expected_incentive,Expected incentive,27500.0,,0.5384615384615384,61.521822548096836
REP_2234ec3bee93,2018-11-01,MGR_4b97498897f6,TEAM_b9dd960c1753,TERR_938541fb7311,RPER_7ddcdb78c30ecf31,injected,0.6158124059142719,PCA_RECONSTRUCTION_CALCULATED_INCENTIVE,Calculated incentive was the largest PCA reconstruction deviation (observed 2.75e+04).,Final incentive paid was the next-largest reconstruction deviation (observed 2.75e+04).,"Validate the target, policy tier, adjustment approval, and payout reconciliation before action.",1,calculated_incentive,Calculated incentive,27500.0,,0.6923076923076923,61.52182324287824
REP_2234ec3bee93,2018-11-01,MGR_4b97498897f6,TEAM_b9dd960c1753,TERR_938541fb7311,RPER_7ddcdb78c30ecf31,injected,0.6158124059142719,PCA_RECONSTRUCTION_CALCULATED_INCENTIVE,Calculated incentive was the largest PCA reconstruction deviation (observed 2.75e+04).,Final incentive paid was the next-largest reconstruction deviation (observed 2.75e+04).,"Validate the target, policy tier, adjustment approval, and payout reconciliation before action.",2,final_incentive_paid,Final incentive paid,27500.0,27500.0,0.8333333333333334,61.52182324287824
REP_2234ec3bee93,2018-11-01,MGR_4b97498897f6,TEAM_b9dd960c1753,TERR_938541fb7311,RPER_7ddcdb78c30ecf31,injected,0.6158124059142719,PCA_RECONSTRUCTION_CALCULATED_INCENTIVE,Calculated incentive was the largest PCA reconstruction deviation (observed 2.75e+04).,Final incentive paid was the next-largest reconstruction deviation (observed 2.75e+04).,"Validate the target, policy tier, adjustment approval, and payout reconciliation before action.",3,expected_incentive,Expected incentive,27500.0,,0.6923076923076923,61.52182324287824
REP_2234ec3bee93,2018-12-01,MGR_4b97498897f6,TEAM_b9dd960c1753,TERR_b74f6941cd2d,RPER_415c611bd1a0e5fb,injected,0.03936453927476716,PCA_RECONSTRUCTION_CANCELLED_ORDER_RATE,Cancelled order rate was the largest PCA reconstruction deviation (observed 0.005964).,Return count was the next-largest reconstruction deviation (observed 25).,"Validate the underlying orders, discounts, returns, period timing, and customer context before action.",1,cancelled_order_rate,Cancelled order rate,0.005964214711729622,,1.0,9.192317469757652
REP_2234ec3bee93,2018-12-01,MGR_4b97498897f6,TEAM_b9dd960c1753,TERR_b74f6941cd2d,RPER_415c611bd1a0e5fb,injected,0.03936453927476716,PCA_RECONSTRUCTION_CANCELLED_ORDER_RATE,Cancelled order rate was the largest PCA reconstruction deviation (observed 0.005964).,Return count was the next-largest reconstruction deviation (observed 25).,"Validate the underlying orders, discounts, returns, period timing, and customer context before action.",2,return_count,Return count,25.0,,0.5769230769230769,7.4245908456378364
REP_2234ec3bee93,2018-12-01,MGR_4b97498897f6,TEAM_b9dd960c1753,TERR_b74f6941cd2d,RPER_415c611bd1a0e5fb,injected,0.03936453927476716,PCA_RECONSTRUCTION_CANCELLED_ORDER_RATE,Cancelled order rate was the largest PCA reconstruction deviation (observed 0.005964).,Return count was the next-largest reconstruction deviation (observed 25).,"Validate the underlying orders, discounts, returns, period timing, and customer context before action.",3,discount_peer_z,Discount peer z,-0.0025554661317796074,0.08913015663365552,0.07692307692307693,6.40341753121919
REP_2234ec3bee93,2019-01-01,MGR_4b97498897f6,TEAM_b9dd960c1753,TERR_938541fb7311,RPER_8afd0f88595a10ae,injected,0.9851360226155926,PCA_RECONSTRUCTION_INCENTIVE_PEER_MEDIAN,Incentive peer median was the largest PCA reconstruction deviation (observed 0).,Calculated incentive was the next-largest reconstruction deviation (observed 0).,"Validate the target, policy tier, adjustment approval, and payout reconciliation before action.",1,incentive_peer_median,Incentive peer median,0.0,,0.38461538461538464,10703.677126059836
REP_2234ec3bee93,2019-01-01,MGR_4b97498897f6,TEAM_b9dd960c1753,TERR_938541fb7311,RPER_8afd0f88595a10ae,injected,0.9851360226155926,PCA_RECONSTRUCTION_INCENTIVE_PEER_MEDIAN,Incentive peer median was the largest PCA reconstruction deviation (observed 0).,Calculated incentive was the next-largest reconstruction deviation (observed 0).,"Validate the target, policy tier, adjustment approval, and payout reconciliation before action.",2,calculated_incentive,Calculated incentive,0.0,,0.5384615384615384,9882.358468888595
REP_2234ec3bee93,2019-01-01,MGR_4b97498897f6,TEAM_b9dd960c1753,TERR_938541fb7311,RPER_8afd0f88595a10ae,injected,0.9851360226155926,PCA_RECONSTRUCTION_INCENTIVE_PEER_MEDIAN,Incentive peer median was the largest PCA reconstruction deviation (observed 0).,Calculated incentive was the next-largest reconstruction deviation (observed 0).,"Validate the target, policy tier, adjustment approval, and payout reconciliation before action.",3,final_incentive_paid,Final incentive paid,0.0,0.0,0.6666666666666666,9882.358468888595
REP_2234ec3bee93,2019-02-01,MGR_4b97498897f6,TEAM_b9dd960c1753,TERR_938541fb7311,RPER_23f31700076ca69a,injected,0.8249982594124614,PCA_RECONSTRUCTION_RETURN_CLAWBACK_RATIO,Return clawback ratio was the largest PCA reconstruction deviation (observed 0.4576).,Calculated incentive was the next-largest reconstruction deviation (observed 3e+04).,"Validate the underlying orders, discounts, returns, period timing, and customer context before action.",1,return_clawback_ratio,Return clawback ratio,0.45762,,1.0,121.40665815146198
REP_2234ec3bee93,2019-02-01,MGR_4b97498897f6,TEAM_b9dd960c1753,TERR_938541fb7311,RPER_23f31700076ca69a,injected,0.8249982594124614,PCA_RECONSTRUCTION_RETURN_CLAWBACK_RATIO,Return clawback ratio was the largest PCA reconstruction deviation (observed 0.4576).,Calculated incentive was the next-largest reconstruction deviation (observed 3e+04).,"Validate the underlying orders, discounts, returns, period timing, and customer context before action.",2,calculated_incentive,Calculated incentive,30000.0,,0.5769230769230769,76.67658408774524
REP_2234ec3bee93,2019-02-01,MGR_4b97498897f6,TEAM_b9dd960c1753,TERR_938541fb7311,RPER_23f31700076ca69a,injected,0.8249982594124614,PCA_RECONSTRUCTION_RETURN_CLAWBACK_RATIO,Return clawback ratio was the largest PCA reconstruction deviation (observed 0.4576).,Calculated incentive was the next-largest reconstruction deviation (observed 3e+04).,"Validate the underlying orders, discounts, returns, period timing, and customer context before action.",3,final_incentive_paid,Final incentive paid,30000.0,30000.0,0.8333333333333334,76.67658408774524
REP_2234ec3bee93,2019-03-01,MGR_4b97498897f6,TEAM_b9dd960c1753,TERR_938541fb7311,RPER_c0ed53d80cae1279,injected,0.7862929963785904,PCA_RECONSTRUCTION_CALCULATED_INCENTIVE,Calculated incentive was the largest PCA reconstruction deviation (observed 3e+04).,Final incentive paid was the next-largest reconstruction deviation (observed 3e+04).,"Validate the target, policy tier, adjustment approval, and payout reconciliation before action.",1,calculated_incentive,Calculated incentive,30000.0,,0.5769230769230769,76.67657431029356
REP_2234ec3bee93,2019-03-01,MGR_4b97498897f6,TEAM_b9dd960c1753,TERR_938541fb7311,RPER_c0ed53d80cae1279,injected,0.7862929963785904,PCA_RECONSTRUCTION_CALCULATED_INCENTIVE,Calculated incentive was the largest PCA reconstruction deviation (observed 3e+04).,Final incentive paid was the next-largest reconstruction deviation (observed 3e+04).,"Validate the target, policy tier, adjustment approval, and payout reconciliation before action.",2,final_incentive_paid,Final incentive paid,30000.0,30000.0,0.6666666666666666,76.67657431029356
REP_2234ec3bee93,2019-03-01,MGR_4b97498897f6,TEAM_b9dd960c1753,TERR_938541fb7311,RPER_c0ed53d80cae1279,injected,0.7862929963785904,PCA_RECONSTRUCTION_CALCULATED_INCENTIVE,Calculated incentive was the largest PCA reconstruction deviation (observed 3e+04).,Final incentive paid was the next-largest reconstruction deviation (observed 3e+04).,"Validate the target, policy tier, adjustment approval, and payout reconciliation before action.",3,expected_incentive,Expected incentive,30000.0,,0.5769230769230769,76.67657431029356
REP_2234ec3bee93,2019-04-01,MGR_4b97498897f6,TEAM_b9dd960c1753,TERR_938541fb7311,RPER_89eb918b3eecc2a7,injected,0.8712138539450338,PCA_RECONSTRUCTION_CALCULATED_INCENTIVE,Calculated incentive was the largest PCA reconstruction deviation (observed 3e+04).,Final incentive paid was the next-largest reconstruction deviation (observed 3e+04).,"Validate the target, policy tier, adjustment approval, and payout reconciliation before action.",1,calculated_incentive,Calculated incentive,30000.0,,0.8846153846153846,76.67658755402512
REP_2234ec3bee93,2019-04-01,MGR_4b97498897f6,TEAM_b9dd960c1753,TERR_938541fb7311,RPER_89eb918b3eecc2a7,injected,0.8712138539450338,PCA_RECONSTRUCTION_CALCULATED_INCENTIVE,Calculated incentive was the largest PCA reconstruction deviation (observed 3e+04).,Final incentive paid was the next-largest reconstruction deviation (observed 3e+04).,"Validate the target, policy tier, adjustment approval, and payout reconciliation before action.",2,final_incentive_paid,Final incentive paid,30000.0,30000.0,0.8333333333333334,76.67658755402512
REP_2234ec3bee93,2019-04-01,MGR_4b97498897f6,TEAM_b9dd960c1753,TERR_938541fb7311,RPER_89eb918b3eecc2a7,injected,0.8712138539450338,PCA_RECONSTRUCTION_CALCULATED_INCENTIVE,Calculated incentive was the largest PCA reconstruction deviation (observed 3e+04).,Final incentive paid was the next-largest reconstruction deviation (observed 3e+04).,"Validate the target, policy tier, adjustment approval, and payout reconciliation before action.",3,expected_incentive,Expected incentive,30000.0,,0.8846153846153846,76.67658755402512
REP_56269a9759c4,2017-01-01,MGR_31981a685b7e,TEAM_4f4a9410ffcd,TERR_49c0203db75f,RPER_a5e34fb410006ef2,injected,0.9127659574468086,PCA_RECONSTRUCTION_REP_HISTORICAL_MEAN,Rep historical mean was the largest PCA reconstruction deviation (observed 0).,Rolling sales mean was the next-largest reconstruction deviation (observed 0).,"Validate the source record, peer context, and relevant commercial activity before action.",1,rep_historical_mean,Rep historical mean,0.0,,0.5384615384615384,3413.2587200689973
REP_56269a9759c4,2017-01-01,MGR_31981a685b7e,TEAM_4f4a9410ffcd,TERR_49c0203db75f,RPER_a5e34fb410006ef2,injected,0.9127659574468086,PCA_RECONSTRUCTION_REP_HISTORICAL_MEAN,Rep historical mean was the largest PCA reconstruction deviation (observed 0).,Rolling sales mean was the next-largest reconstruction deviation (observed 0).,"Validate the source record, peer context, and relevant commercial activity before action.",2,rolling_sales_mean,Rolling sales mean,0.0,,0.5384615384615384,2192.812514579663
REP_56269a9759c4,2017-01-01,MGR_31981a685b7e,TEAM_4f4a9410ffcd,TERR_49c0203db75f,RPER_a5e34fb410006ef2,injected,0.9127659574468086,PCA_RECONSTRUCTION_REP_HISTORICAL_MEAN,Rep historical mean was the largest PCA reconstruction deviation (observed 0).,Rolling sales mean was the next-largest reconstruction deviation (observed 0).,"Validate the source record, peer context, and relevant commercial activity before action.",3,rolling_sales_std,Rolling sales std,0.0,,0.5384615384615384,293.0690928352092
REP_56269a9759c4,2017-02-01,MGR_31981a685b7e,TEAM_4f4a9410ffcd,TERR_49c0203db75f,RPER_0d585541132e9d44,injected,0.8446808510638298,PCA_RECONSTRUCTION_ROLLING_SALES_STD,Rolling sales std was the largest PCA reconstruction deviation (observed 0).,Rep historical std was the next-largest reconstruction deviation (observed 0).,"Validate the underlying orders, discounts, returns, period timing, and customer context before action.",1,rolling_sales_std,Rolling sales std,0.0,,0.5384615384615384,293.0691791183333
REP_56269a9759c4,2017-02-01,MGR_31981a685b7e,TEAM_4f4a9410ffcd,TERR_49c0203db75f,RPER_0d585541132e9d44,injected,0.8446808510638298,PCA_RECONSTRUCTION_ROLLING_SALES_STD,Rolling sales std was the largest PCA reconstruction deviation (observed 0).,Rep historical std was the next-largest reconstruction deviation (observed 0).,"Validate the underlying orders, discounts, returns, period timing, and customer context before action.",2,rep_historical_std,Rep historical std,0.0,,0.5384615384615384,293.0691791183333
REP_56269a9759c4,2017-02-01,MGR_31981a685b7e,TEAM_4f4a9410ffcd,TERR_49c0203db75f,RPER_0d585541132e9d44,injected,0.8446808510638298,PCA_RECONSTRUCTION_ROLLING_SALES_STD,Rolling sales std was the largest PCA reconstruction deviation (observed 0).,Rep historical std was the next-largest reconstruction deviation (observed 0).,"Validate the underlying orders, discounts, returns, period timing, and customer context before action.",3,calculated_incentive,Calculated incentive,25000.0,,0.5384615384615384,46.781470232044704
REP_56269a9759c4,2017-03-01,MGR_31981a685b7e,TEAM_4f4a9410ffcd,TERR_49c0203db75f,RPER_8d20614d66c9cb49,injected,0.08297872340425531,PCA_RECONSTRUCTION_CALCULATED_INCENTIVE,Calculated incentive was the largest PCA reconstruction deviation (observed 2.5e+04).,Final incentive paid was the next-largest reconstruction deviation (observed 2.5e+04).,"Validate the target, policy tier, adjustment approval, and payout reconciliation before action.",1,calculated_incentive,Calculated incentive,25000.0,,0.5769230769230769,46.781452898874626
REP_56269a9759c4,2017-03-01,MGR_31981a685b7e,TEAM_4f4a9410ffcd,TERR_49c0203db75f,RPER_8d20614d66c9cb49,injected,0.08297872340425531,PCA_RECONSTRUCTION_CALCULATED_INCENTIVE,Calculated incentive was the largest PCA reconstruction deviation (observed 2.5e+04).,Final incentive paid was the next-largest reconstruction deviation (observed 2.5e+04).,"Validate the target, policy tier, adjustment approval, and payout reconciliation before action.",2,final_incentive_paid,Final incentive paid,25000.0,25000.0,0.625,46.781452898874626
REP_56269a9759c4,2017-03-01,MGR_31981a685b7e,TEAM_4f4a9410ffcd,TERR_49c0203db75f,RPER_8d20614d66c9cb49,injected,0.08297872340425531,PCA_RECONSTRUCTION_CALCULATED_INCENTIVE,Calculated incentive was the largest PCA reconstruction deviation (observed 2.5e+04).,Final incentive paid was the next-largest reconstruction deviation (observed 2.5e+04).,"Validate the target, policy tier, adjustment approval, and payout reconciliation before action.",3,expected_incentive,Expected incentive,25000.0,,0.5769230769230769,46.781452898874626
REP_56269a9759c4,2017-04-01,MGR_31981a685b7e,TEAM_4f4a9410ffcd,TERR_49c0203db75f,RPER_db61b23d5c052dcb,injected,0.24468085106382978,PCA_RECONSTRUCTION_CALCULATED_INCENTIVE,Calculated incentive was the largest PCA reconstruction deviation (observed 2.5e+04).,Final incentive paid was the next-largest reconstruction deviation (observed 2.5e+04).,"Validate the target, policy tier, adjustment approval, and payout reconciliation before action.",1,calculated_incentive,Calculated incentive,25000.0,,0.6923076923076923,46.78145072391801
REP_56269a9759c4,2017-04-01,MGR_31981a685b7e,TEAM_4f4a9410ffcd,TERR_49c0203db75f,RPER_db61b23d5c052dcb,injected,0.24468085106382978,PCA_RECONSTRUCTION_CALCULATED_INCENTIVE,Calculated incentive was the largest PCA reconstruction deviation (observed 2.5e+04).,Final incentive paid was the next-largest reconstruction deviation (observed 2.5e+04).,"Validate the target, policy tier, adjustment approval, and payout reconciliation before action.",2,final_incentive_paid,Final incentive paid,25000.0,25000.0,0.75,46.78145072391801
REP_56269a9759c4,2017-04-01,MGR_31981a685b7e,TEAM_4f4a9410ffcd,TERR_49c0203db75f,RPER_db61b23d5c052dcb,injected,0.24468085106382978,PCA_RECONSTRUCTION_CALCULATED_INCENTIVE,Calculated incentive was the largest PCA reconstruction deviation (observed 2.5e+04).,Final incentive paid was the next-largest reconstruction deviation (observed 2.5e+04).,"Validate the target, policy tier, adjustment approval, and payout reconciliation before action.",3,expected_incentive,Expected incentive,25000.0,,0.6923076923076923,46.78145072391801
REP_56269a9759c4,2017-05-01,MGR_31981a685b7e,TEAM_4f4a9410ffcd,TERR_49c0203db75f,RPER_9679d5aec2e7fbbd,injected,0.24893617021276596,PCA_RECONSTRUCTION_CALCULATED_INCENTIVE,Calculated incentive was the largest PCA reconstruction deviation (observed 2.5e+04).,Final incentive paid was the next-largest reconstruction deviation (observed 2.5e+04).,"Validate the target, policy tier, adjustment approval, and payout reconciliation before action.",1,calculated_incentive,Calculated incentive,25000.0,,0.6153846153846154,46.78145727985984
REP_56269a9759c4,2017-05-01,MGR_31981a685b7e,TEAM_4f4a9410ffcd,TERR_49c0203db75f,RPER_9679d5aec2e7fbbd,injected,0.24893617021276596,PCA_RECONSTRUCTION_CALCULATED_INCENTIVE,Calculated incentive was the largest PCA reconstruction deviation (observed 2.5e+04).,Final incentive paid was the next-largest reconstruction deviation (observed 2.5e+04).,"Validate the target, policy tier, adjustment approval, and payout reconciliation before action.",2,final_incentive_paid,Final incentive paid,25000.0,25000.0,0.8333333333333334,46.78145727985984
REP_56269a9759c4,2017-05-01,MGR_31981a685b7e,TEAM_4f4a9410ffcd,TERR_49c0203db75f,RPER_9679d5aec2e7fbbd,injected,0.24893617021276596,PCA_RECONSTRUCTION_CALCULATED_INCENTIVE,Calculated incentive was the largest PCA reconstruction deviation (observed 2.5e+04).,Final incentive paid was the next-largest reconstruction deviation (observed 2.5e+04).,"Validate the target, policy tier, adjustment approval, and payout reconciliation before action.",3,expected_incentive,Expected incentive,25000.0,,0.6153846153846154,46.78145727985984
REP_56269a9759c4,2017-06-01,MGR_31981a685b7e,TEAM_4f4a9410ffcd,TERR_49c0203db75f,RPER_d2b60aec3f20815c,injected,0.2531914893617021,PCA_RECONSTRUCTION_CALCULATED_INCENTIVE,Calculated incentive was the largest PCA reconstruction deviation (observed 2.5e+04).,Final incentive paid was the next-largest reconstruction deviation (observed 2.5e+04).,"Validate the target, policy tier, adjustment approval, and payout reconciliation before action.",1,calculated_incentive,Calculated incentive,25000.0,,0.5769230769230769,46.78144515270631
REP_56269a9759c4,2017-06-01,MGR_31981a685b7e,TEAM_4f4a9410ffcd,TERR_49c0203db75f,RPER_d2b60aec3f20815c,injected,0.2531914893617021,PCA_RECONSTRUCTION_CALCULATED_INCENTIVE,Calculated incentive was the largest PCA reconstruction deviation (observed 2.5e+04).,Final incentive paid was the next-largest reconstruction deviation (observed 2.5e+04).,"Validate the target, policy tier, adjustment approval, and payout reconciliation before action.",2,final_incentive_paid,Final incentive paid,25000.0,25000.0,0.6666666666666666,46.78144515270631
REP_56269a9759c4,2017-06-01,MGR_31981a685b7e,TEAM_4f4a9410ffcd,TERR_49c0203db75f,RPER_d2b60aec3f20815c,injected,0.2531914893617021,PCA_RECONSTRUCTION_CALCULATED_INCENTIVE,Calculated incentive was the largest PCA reconstruction deviation (observed 2.5e+04).,Final incentive paid was the next-largest reconstruction deviation (observed 2.5e+04).,"Validate the target, policy tier, adjustment approval, and payout reconciliation before action.",3,expected_incentive,Expected incentive,25000.0,,0.5769230769230769,46.78144515270631
REP_56269a9759c4,2017-07-01,MGR_31981a685b7e,TEAM_4f4a9410ffcd,TERR_49c0203db75f,RPER_e2a7a82278d9907b,injected,0.2148936170212766,PCA_RECONSTRUCTION_CALCULATED_INCENTIVE,Calculated incentive was the largest PCA reconstruction deviation (observed 2.5e+04).,Final incentive paid was the next-largest reconstruction deviation (observed 2.5e+04).,"Validate the target, policy tier, adjustment approval, and payout reconciliation before action.",1,calculated_incentive,Calculated incentive,25000.0,,0.6153846153846154,46.781448597907975
REP_56269a9759c4,2017-07-01,MGR_31981a685b7e,TEAM_4f4a9410ffcd,TERR_49c0203db75f,RPER_e2a7a82278d9907b,injected,0.2148936170212766,PCA_RECONSTRUCTION_CALCULATED_INCENTIVE,Calculated incentive was the largest PCA reconstruction deviation (observed 2.5e+04).,Final incentive paid was the next-largest reconstruction deviation (observed 2.5e+04).,"Validate the target, policy tier, adjustment approval, and payout reconciliation before action.",2,final_incentive_paid,Final incentive paid,25000.0,25000.0,0.6666666666666666,46.781448597907975
REP_56269a9759c4,2017-07-01,MGR_31981a685b7e,TEAM_4f4a9410ffcd,TERR_49c0203db75f,RPER_e2a7a82278d9907b,injected,0.2148936170212766,PCA_RECONSTRUCTION_CALCULATED_INCENTIVE,Calculated incentive was the largest PCA reconstruction deviation (observed 2.5e+04).,Final incentive paid was the next-largest reconstruction deviation (observed 2.5e+04).,"Validate the target, policy tier, adjustment approval, and payout reconciliation before action.",3,expected_incentive,Expected incentive,25000.0,,0.6153846153846154,46.781448597907975
REP_56269a9759c4,2017-08-01,MGR_31981a685b7e,TEAM_4f4a9410ffcd,TERR_49c0203db75f,RPER_c582a0a77b8ada6a,injected,0.3851063829787234,PCA_RECONSTRUCTION_CALCULATED_INCENTIVE,Calculated incentive was the largest PCA reconstruction deviation (observed 2.5e+04).,Final incentive paid was the next-largest reconstruction deviation (observed 2.5e+04).,"Validate the target, policy tier, adjustment approval, and payout reconciliation before action.",1,calculated_incentive,Calculated incentive,25000.0,,0.6923076923076923,46.78144917840372
REP_56269a9759c4,2017-08-01,MGR_31981a685b7e,TEAM_4f4a9410ffcd,TERR_49c0203db75f,RPER_c582a0a77b8ada6a,injected,0.3851063829787234,PCA_RECONSTRUCTION_CALCULATED_INCENTIVE,Calculated incentive was the largest PCA reconstruction deviation (observed 2.5e+04).,Final incentive paid was the next-largest reconstruction deviation (observed 2.5e+04).,"Validate the target, policy tier, adjustment approval, and payout reconciliation before action.",2,final_incentive_paid,Final incentive paid,25000.0,25000.0,0.8333333333333334,46.78144917840372
REP_56269a9759c4,2017-08-01,MGR_31981a685b7e,TEAM_4f4a9410ffcd,TERR_49c0203db75f,RPER_c582a0a77b8ada6a,injected,0.3851063829787234,PCA_RECONSTRUCTION_CALCULATED_INCENTIVE,Calculated incentive was the largest PCA reconstruction deviation (observed 2.5e+04).,Final incentive paid was the next-largest reconstruction deviation (observed 2.5e+04).,"Validate the target, policy tier, adjustment approval, and payout reconciliation before action.",3,expected_incentive,Expected incentive,25000.0,,0.6923076923076923,46.78144917840372
REP_56269a9759c4,2017-09-01,MGR_31981a685b7e,TEAM_4f4a9410ffcd,TERR_49c0203db75f,RPER_94da8111a3a4b5b8,injected,0.7638297872340426,PCA_RECONSTRUCTION_CALCULATED_INCENTIVE,Calculated incentive was the largest PCA reconstruction deviation (observed 2.5e+04).,Final incentive paid was the next-largest reconstruction deviation (observed 2.5e+04).,"Validate the target, policy tier, adjustment approval, and payout reconciliation before action.",1,calculated_incentive,Calculated incentive,25000.0,,0.5384615384615384,46.78145416265006
REP_56269a9759c4,2017-09-01,MGR_31981a685b7e,TEAM_4f4a9410ffcd,TERR_49c0203db75f,RPER_94da8111a3a4b5b8,injected,0.7638297872340426,PCA_RECONSTRUCTION_CALCULATED_INCENTIVE,Calculated incentive was the largest PCA reconstruction deviation (observed 2.5e+04).,Final incentive paid was the next-largest reconstruction deviation (observed 2.5e+04).,"Validate the target, policy tier, adjustment approval, and payout reconciliation before action.",2,final_incentive_paid,Final incentive paid,25000.0,25000.0,0.6666666666666666,46.78145416265006
REP_56269a9759c4,2017-09-01,MGR_31981a685b7e,TEAM_4f4a9410ffcd,TERR_49c0203db75f,RPER_94da8111a3a4b5b8,injected,0.7638297872340426,PCA_RECONSTRUCTION_CALCULATED_INCENTIVE,Calculated incentive was the largest PCA reconstruction deviation (observed 2.5e+04).,Final incentive paid was the next-largest reconstruction deviation (observed 2.5e+04).,"Validate the target, policy tier, adjustment approval, and payout reconciliation before action.",3,expected_incentive,Expected incentive,25000.0,,0.5384615384615384,46.78145416265006
REP_56269a9759c4,2017-10-01,MGR_31981a685b7e,TEAM_4f4a9410ffcd,TERR_49c0203db75f,RPER_14fdd1b6fd05eb34,injected,0.20212765957446807,PCA_RECONSTRUCTION_CALCULATED_INCENTIVE,Calculated incentive was the largest PCA reconstruction deviation (observed 2.5e+04).,Final incentive paid was the next-largest reconstruction deviation (observed 2.5e+04).,"Validate the target, policy tier, adjustment approval, and payout reconciliation before action.",1,calculated_incentive,Calculated incentive,25000.0,,0.7692307692307693,46.78144548605528
REP_56269a9759c4,2017-10-01,MGR_31981a685b7e,TEAM_4f4a9410ffcd,TERR_49c0203db75f,RPER_14fdd1b6fd05eb34,injected,0.20212765957446807,PCA_RECONSTRUCTION_CALCULATED_INCENTIVE,Calculated incentive was the largest PCA reconstruction deviation (observed 2.5e+04).,Final incentive paid was the next-largest reconstruction deviation (observed 2.5e+04).,"Validate the target, policy tier, adjustment approval, and payout reconciliation before action.",2,final_incentive_paid,Final incentive paid,25000.0,25000.0,0.6666666666666666,46.78144548605528
REP_56269a9759c4,2017-10-01,MGR_31981a685b7e,TEAM_4f4a9410ffcd,TERR_49c0203db75f,RPER_14fdd1b6fd05eb34,injected,0.20212765957446807,PCA_RECONSTRUCTION_CALCULATED_INCENTIVE,Calculated incentive was the largest PCA reconstruction deviation (observed 2.5e+04).,Final incentive paid was the next-largest reconstruction deviation (observed 2.5e+04).,"Validate the target, policy tier, adjustment approval, and payout reconciliation before action.",3,expected_incentive,Expected incentive,25000.0,,0.7692307692307693,46.78144548605528
REP_56269a9759c4,2017-11-01,MGR_31981a685b7e,TEAM_4f4a9410ffcd,TERR_49c0203db75f,RPER_eafda11e1ee17c06,injected,0.7893617021276595,PCA_RECONSTRUCTION_CALCULATED_INCENTIVE,Calculated incentive was the largest PCA reconstruction deviation (observed 2.5e+04).,Final incentive paid was the next-largest reconstruction deviation (observed 2.5e+04).,"Validate the target, policy tier, adjustment approval, and payout reconciliation before action.",1,calculated_incentive,Calculated incentive,25000.0,,0.6538461538461539,46.78145643012804
REP_56269a9759c4,2017-11-01,MGR_31981a685b7e,TEAM_4f4a9410ffcd,TERR_49c0203db75f,RPER_eafda11e1ee17c06,injected,0.7893617021276595,PCA_RECONSTRUCTION_CALCULATED_INCENTIVE,Calculated incentive was the largest PCA reconstruction deviation (observed 2.5e+04).,Final incentive paid was the next-largest reconstruction deviation (observed 2.5e+04).,"Validate the target, policy tier, adjustment approval, and payout reconciliation before action.",2,final_incentive_paid,Final incentive paid,25000.0,25000.0,0.6666666666666666,46.78145643012804
REP_56269a9759c4,2017-11-01,MGR_31981a685b7e,TEAM_4f4a9410ffcd,TERR_49c0203db75f,RPER_eafda11e1ee17c06,injected,0.7893617021276595,PCA_RECONSTRUCTION_CALCULATED_INCENTIVE,Calculated incentive was the largest PCA reconstruction deviation (observed 2.5e+04).,Final incentive paid was the next-largest reconstruction deviation (observed 2.5e+04).,"Validate the target, policy tier, adjustment approval, and payout reconciliation before action.",3,expected_incentive,Expected incentive,25000.0,,0.6538461538461539,46.78145643012804
REP_56269a9759c4,2017-12-01,MGR_31981a685b7e,TEAM_4f4a9410ffcd,TERR_49c0203db75f,RPER_dac05c425c7d282a,injected,0.9595744680851064,PCA_RECONSTRUCTION_CALCULATED_INCENTIVE,Calculated incentive was the largest PCA reconstruction deviation (observed 0).,Final incentive paid was the next-largest reconstruction deviation (observed 0).,"Validate the target, policy tier, adjustment approval, and payout reconciliation before action.",1,calculated_incentive,Calculated incentive,0.0,,0.23076923076923078,9883.132854209609
REP_56269a9759c4,2017-12-01,MGR_31981a685b7e,TEAM_4f4a9410ffcd,TERR_49c0203db75f,RPER_dac05c425c7d282a,injected,0.9595744680851064,PCA_RECONSTRUCTION_CALCULATED_INCENTIVE,Calculated incentive was the largest PCA reconstruction deviation (observed 0).,Final incentive paid was the next-largest reconstruction deviation (observed 0).,"Validate the target, policy tier, adjustment approval, and payout reconciliation before action.",2,final_incentive_paid,Final incentive paid,0.0,10814.305,0.375,9883.132854209609
REP_56269a9759c4,2017-12-01,MGR_31981a685b7e,TEAM_4f4a9410ffcd,TERR_49c0203db75f,RPER_dac05c425c7d282a,injected,0.9595744680851064,PCA_RECONSTRUCTION_CALCULATED_INCENTIVE,Calculated incentive was the largest PCA reconstruction deviation (observed 0).,Final incentive paid was the next-largest reconstruction deviation (observed 0).,"Validate the target, policy tier, adjustment approval, and payout reconciliation before action.",3,expected_incentive,Expected incentive,0.0,,0.23076923076923078,9883.132854209609
REP_56269a9759c4,2018-01-01,MGR_31981a685b7e,TEAM_4f4a9410ffcd,TERR_3170779e5944,RPER_2e35b2010864107f,injected,0.002127659574468085,PCA_RECONSTRUCTION_CALCULATED_INCENTIVE,Calculated incentive was the largest PCA reconstruction deviation (observed 2.75e+04).,Final incentive paid was the next-largest reconstruction deviation (observed 2.75e+04).,"Validate the target, policy tier, adjustment approval, and payout reconciliation before action.",1,calculated_incentive,Calculated incentive,27500.0,,0.5384615384615384,0.01106489787434642
REP_56269a9759c4,2018-01-01,MGR_31981a685b7e,TEAM_4f4a9410ffcd,TERR_3170779e5944,RPER_2e35b2010864107f,injected,0.002127659574468085,PCA_RECONSTRUCTION_CALCULATED_INCENTIVE,Calculated incentive was the largest PCA reconstruction deviation (observed 2.75e+04).,Final incentive paid was the next-largest reconstruction deviation (observed 2.75e+04).,"Validate the target, policy tier, adjustment approval, and payout reconciliation before action.",2,final_incentive_paid,Final incentive paid,27500.0,27500.0,0.625,0.01106489787434642
REP_56269a9759c4,2018-01-01,MGR_31981a685b7e,TEAM_4f4a9410ffcd,TERR_3170779e5944,RPER_2e35b2010864107f,injected,0.002127659574468085,PCA_RECONSTRUCTION_CALCULATED_INCENTIVE,Calculated incentive was the largest PCA reconstruction deviation (observed 2.75e+04).,Final incentive paid was the next-largest reconstruction deviation (observed 2.75e+04).,"Validate the target, policy tier, adjustment approval, and payout reconciliation before action.",3,expected_incentive,Expected incentive,27500.0,,0.5384615384615384,0.01106489787434642
REP_56269a9759c4,2018-02-01,MGR_31981a685b7e,TEAM_4f4a9410ffcd,TERR_49c0203db75f,RPER_3c738aea125bc2a4,injected,0.551063829787234,PCA_RECONSTRUCTION_CALCULATED_INCENTIVE,Calculated incentive was the largest PCA reconstruction deviation (observed 2.75e+04).,Final incentive paid was the next-largest reconstruction deviation (observed 2.75e+04).,"Validate the target, policy tier, adjustment approval, and payout reconciliation before action.",1,calculated_incentive,Calculated incentive,27500.0,,0.5769230769230769,61.46082596285072
REP_56269a9759c4,2018-02-01,MGR_31981a685b7e,TEAM_4f4a9410ffcd,TERR_49c0203db75f,RPER_3c738aea125bc2a4,injected,0.551063829787234,PCA_RECONSTRUCTION_CALCULATED_INCENTIVE,Calculated incentive was the largest PCA reconstruction deviation (observed 2.75e+04).,Final incentive paid was the next-largest reconstruction deviation (observed 2.75e+04).,"Validate the target, policy tier, adjustment approval, and payout reconciliation before action.",2,final_incentive_paid,Final incentive paid,27500.0,27500.0,0.75,61.46082596285072
REP_56269a9759c4,2018-02-01,MGR_31981a685b7e,TEAM_4f4a9410ffcd,TERR_49c0203db75f,RPER_3c738aea125bc2a4,injected,0.551063829787234,PCA_RECONSTRUCTION_CALCULATED_INCENTIVE,Calculated incentive was the largest PCA reconstruction deviation (observed 2.75e+04).,Final incentive paid was the next-largest reconstruction deviation (observed 2.75e+04).,"Validate the target, policy tier, adjustment approval, and payout reconciliation before action.",3,expected_incentive,Expected incentive,27500.0,,0.5769230769230769,61.46082596285072
REP_56269a9759c4,2018-03-01,MGR_31981a685b7e,TEAM_4f4a9410ffcd,TERR_49c0203db75f,RPER_39225b87367dc735,injected,0.7595744680851064,PCA_RECONSTRUCTION_CALCULATED_INCENTIVE,Calculated incentive was the largest PCA reconstruction deviation (observed 2.75e+04).,Final incentive paid was the next-largest reconstruction deviation (observed 2.75e+04).,"Validate the target, policy tier, adjustment approval, and payout reconciliation before action.",1,calculated_incentive,Calculated incentive,27500.0,,0.5384615384615384,61.46083549517779
REP_56269a9759c4,2018-03-01,MGR_31981a685b7e,TEAM_4f4a9410ffcd,TERR_49c0203db75f,RPER_39225b87367dc735,injected,0.7595744680851064,PCA_RECONSTRUCTION_CALCULATED_INCENTIVE,Calculated incentive was the largest PCA reconstruction deviation (observed 2.75e+04).,Final incentive paid was the next-largest reconstruction deviation (observed 2.75e+04).,"Validate the target, policy tier, adjustment approval, and payout reconciliation before action.",2,final_incentive_paid,Final incentive paid,27500.0,27500.0,0.625,61.46083549517779
REP_56269a9759c4,2018-03-01,MGR_31981a685b7e,TEAM_4f4a9410ffcd,TERR_49c0203db75f,RPER_39225b87367dc735,injected,0.7595744680851064,PCA_RECONSTRUCTION_CALCULATED_INCENTIVE,Calculated incentive was the largest PCA reconstruction deviation (observed 2.75e+04).,Final incentive paid was the next-largest reconstruction deviation (observed 2.75e+04).,"Validate the target, policy tier, adjustment approval, and payout reconciliation before action.",3,expected_incentive,Expected incentive,27500.0,,0.5384615384615384,61.46083549517779
REP_56269a9759c4,2018-04-01,MGR_31981a685b7e,TEAM_4f4a9410ffcd,TERR_49c0203db75f,RPER_9c22e0475f819b5c,injected,0.5723404255319149,PCA_RECONSTRUCTION_CALCULATED_INCENTIVE,Calculated incentive was the largest PCA reconstruction deviation (observed 2.634e+04).,Final incentive paid was the next-largest reconstruction deviation (observed 2.634e+04).,"Validate the target, policy tier, adjustment approval, and payout reconciliation before action.",1,calculated_incentive,Calculated incentive,26335.02,,0.46153846153846156,54.546076281596875
REP_56269a9759c4,2018-04-01,MGR_31981a685b7e,TEAM_4f4a9410ffcd,TERR_49c0203db75f,RPER_9c22e0475f819b5c,injected,0.5723404255319149,PCA_RECONSTRUCTION_CALCULATED_INCENTIVE,Calculated incentive was the largest PCA reconstruction deviation (observed 2.634e+04).,Final incentive paid was the next-largest reconstruction deviation (observed 2.634e+04).,"Validate the target, policy tier, adjustment approval, and payout reconciliation before action.",2,final_incentive_paid,Final incentive paid,26335.02,26917.510000000002,0.5,54.546076281596875
REP_56269a9759c4,2018-04-01,MGR_31981a685b7e,TEAM_4f4a9410ffcd,TERR_49c0203db75f,RPER_9c22e0475f819b5c,injected,0.5723404255319149,PCA_RECONSTRUCTION_CALCULATED_INCENTIVE,Calculated incentive was the largest PCA reconstruction deviation (observed 2.634e+04).,Final incentive paid was the next-largest reconstruction deviation (observed 2.634e+04).,"Validate the target, policy tier, adjustment approval, and payout reconciliation before action.",3,expected_incentive,Expected incentive,26335.02,,0.46153846153846156,54.546076281596875
REP_56269a9759c4,2018-05-01,MGR_31981a685b7e,TEAM_4f4a9410ffcd,TERR_49c0203db75f,RPER_0cbd2285ea6c61ef,injected,0.7170212765957447,PCA_RECONSTRUCTION_CALCULATED_INCENTIVE,Calculated incentive was the largest PCA reconstruction deviation (observed 2.75e+04).,Final incentive paid was the next-largest reconstruction deviation (observed 2.75e+04).,"Validate the target, policy tier, adjustment approval, and payout reconciliation before action.",1,calculated_incentive,Calculated incentive,27500.0,,0.7307692307692307,61.460827170904246
REP_56269a9759c4,2018-05-01,MGR_31981a685b7e,TEAM_4f4a9410ffcd,TERR_49c0203db75f,RPER_0cbd2285ea6c61ef,injected,0.7170212765957447,PCA_RECONSTRUCTION_CALCULATED_INCENTIVE,Calculated incentive was the largest PCA reconstruction deviation (observed 2.75e+04).,Final incentive paid was the next-largest reconstruction deviation (observed 2.75e+04).,"Validate the target, policy tier, adjustment approval, and payout reconciliation before action.",2,final_incentive_paid,Final incentive paid,27500.0,27500.0,0.75,61.460827170904246
REP_56269a9759c4,2018-05-01,MGR_31981a685b7e,TEAM_4f4a9410ffcd,TERR_49c0203db75f,RPER_0cbd2285ea6c61ef,injected,0.7170212765957447,PCA_RECONSTRUCTION_CALCULATED_INCENTIVE,Calculated incentive was the largest PCA reconstruction deviation (observed 2.75e+04).,Final incentive paid was the next-largest reconstruction deviation (observed 2.75e+04).,"Validate the target, policy tier, adjustment approval, and payout reconciliation before action.",3,expected_incentive,Expected incentive,27500.0,,0.7307692307692307,61.460827170904246
REP_56269a9759c4,2018-06-01,MGR_31981a685b7e,TEAM_4f4a9410ffcd,TERR_49c0203db75f,RPER_ef5ededdaafb3658,injected,0.6659574468085107,PCA_RECONSTRUCTION_CALCULATED_INCENTIVE,Calculated incentive was the largest PCA reconstruction deviation (observed 2.75e+04).,Final incentive paid was the next-largest reconstruction deviation (observed 2.75e+04).,"Validate the target, policy tier, adjustment approval, and payout reconciliation before action.",1,calculated_incentive,Calculated incentive,27500.0,,0.5769230769230769,61.460822835311
REP_56269a9759c4,2018-06-01,MGR_31981a685b7e,TEAM_4f4a9410ffcd,TERR_49c0203db75f,RPER_ef5ededdaafb3658,injected,0.6659574468085107,PCA_RECONSTRUCTION_CALCULATED_INCENTIVE,Calculated incentive was the largest PCA reconstruction deviation (observed 2.75e+04).,Final incentive paid was the next-largest reconstruction deviation (observed 2.75e+04).,"Validate the target, policy tier, adjustment approval, and payout reconciliation before action.",2,final_incentive_paid,Final incentive paid,27500.0,27500.0,0.625,61.460822835311
REP_56269a9759c4,2018-06-01,MGR_31981a685b7e,TEAM_4f4a9410ffcd,TERR_49c0203db75f,RPER_ef5ededdaafb3658,injected,0.6659574468085107,PCA_RECONSTRUCTION_CALCULATED_INCENTIVE,Calculated incentive was the largest PCA reconstruction deviation (observed 2.75e+04).,Final incentive paid was the next-largest reconstruction deviation (observed 2.75e+04).,"Validate the target, policy tier, adjustment approval, and payout reconciliation before action.",3,expected_incentive,Expected incentive,27500.0,,0.5769230769230769,61.460822835311
REP_56269a9759c4,2018-07-01,MGR_31981a685b7e,TEAM_4f4a9410ffcd,TERR_49c0203db75f,RPER_1aee5e4a99dbd301,injected,0.5596320303490223,PCA_RECONSTRUCTION_CALCULATED_INCENTIVE,Calculated incentive was the largest PCA reconstruction deviation (observed 2.75e+04).,Final incentive paid was the next-largest reconstruction deviation (observed 2.75e+04).,"Validate the target, policy tier, adjustment approval, and payout reconciliation before action.",1,calculated_incentive,Calculated incentive,27500.0,,0.6153846153846154,61.46082796943831
REP_56269a9759c4,2018-07-01,MGR_31981a685b7e,TEAM_4f4a9410ffcd,TERR_49c0203db75f,RPER_1aee5e4a99dbd301,injected,0.5596320303490223,PCA_RECONSTRUCTION_CALCULATED_INCENTIVE,Calculated incentive was the largest PCA reconstruction deviation (observed 2.75e+04).,Final incentive paid was the next-largest reconstruction deviation (observed 2.75e+04).,"Validate the target, policy tier, adjustment approval, and payout reconciliation before action.",2,final_incentive_paid,Final incentive paid,27500.0,27500.0,0.75,61.46082796943831
REP_56269a9759c4,2018-07-01,MGR_31981a685b7e,TEAM_4f4a9410ffcd,TERR_49c0203db75f,RPER_1aee5e4a99dbd301,injected,0.5596320303490223,PCA_RECONSTRUCTION_CALCULATED_INCENTIVE,Calculated incentive was the largest PCA reconstruction deviation (observed 2.75e+04).,Final incentive paid was the next-largest reconstruction deviation (observed 2.75e+04).,"Validate the target, policy tier, adjustment approval, and payout reconciliation before action.",3,expected_incentive,Expected incentive,27500.0,,0.6153846153846154,61.46082796943831
REP_56269a9759c4,2018-08-01,MGR_31981a685b7e,TEAM_4f4a9410ffcd,TERR_49c0203db75f,RPER_0875dceb17baa4cc,injected,0.62023975273914,PCA_RECONSTRUCTION_CALCULATED_INCENTIVE,Calculated incentive was the largest PCA reconstruction deviation (observed 2.75e+04).,Final incentive paid was the next-largest reconstruction deviation (observed 2.75e+04).,"Validate the target, policy tier, adjustment approval, and payout reconciliation before action.",1,calculated_incentive,Calculated incentive,27500.0,,0.6153846153846154,61.4608225190832
REP_56269a9759c4,2018-08-01,MGR_31981a685b7e,TEAM_4f4a9410ffcd,TERR_49c0203db75f,RPER_0875dceb17baa4cc,injected,0.62023975273914,PCA_RECONSTRUCTION_CALCULATED_INCENTIVE,Calculated incentive was the largest PCA reconstruction deviation (observed 2.75e+04).,Final incentive paid was the next-largest reconstruction deviation (observed 2.75e+04).,"Validate the target, policy tier, adjustment approval, and payout reconciliation before action.",2,final_incentive_paid,Final incentive paid,27500.0,27500.0,0.625,61.4608225190832
REP_56269a9759c4,2018-08-01,MGR_31981a685b7e,TEAM_4f4a9410ffcd,TERR_49c0203db75f,RPER_0875dceb17baa4cc,injected,0.62023975273914,PCA_RECONSTRUCTION_CALCULATED_INCENTIVE,Calculated incentive was the largest PCA reconstruction deviation (observed 2.75e+04).,Final incentive paid was the next-largest reconstruction deviation (observed 2.75e+04).,"Validate the target, policy tier, adjustment approval, and payout reconciliation before action.",3,expected_incentive,Expected incentive,27500.0,,0.6153846153846154,61.4608225190832
REP_56269a9759c4,2018-09-01,MGR_31981a685b7e,TEAM_4f4a9410ffcd,TERR_49c0203db75f,RPER_03b33c1048ecc70c,injected,0.5934944607590316,PCA_RECONSTRUCTION_CALCULATED_INCENTIVE,Calculated incentive was the largest PCA reconstruction deviation (observed 2.75e+04).,Final incentive paid was the next-largest reconstruction deviation (observed 2.75e+04).,"Validate the target, policy tier, adjustment approval, and payout reconciliation before action.",1,calculated_incentive,Calculated incentive,27500.0,,0.6538461538461539,61.460832792032136
REP_56269a9759c4,2018-09-01,MGR_31981a685b7e,TEAM_4f4a9410ffcd,TERR_49c0203db75f,RPER_03b33c1048ecc70c,injected,0.5934944607590316,PCA_RECONSTRUCTION_CALCULATED_INCENTIVE,Calculated incentive was the largest PCA reconstruction deviation (observed 2.75e+04).,Final incentive paid was the next-largest reconstruction deviation (observed 2.75e+04).,"Validate the target, policy tier, adjustment approval, and payout reconciliation before action.",2,final_incentive_paid,Final incentive paid,27500.0,27500.0,0.75,61.460832792032136
REP_56269a9759c4,2018-09-01,MGR_31981a685b7e,TEAM_4f4a9410ffcd,TERR_49c0203db75f,RPER_03b33c1048ecc70c,injected,0.5934944607590316,PCA_RECONSTRUCTION_CALCULATED_INCENTIVE,Calculated incentive was the largest PCA reconstruction deviation (observed 2.75e+04).,Final incentive paid was the next-largest reconstruction deviation (observed 2.75e+04).,"Validate the target, policy tier, adjustment approval, and payout reconciliation before action.",3,expected_incentive,Expected incentive,27500.0,,0.6538461538461539,61.460832792032136
REP_56269a9759c4,2018-10-01,MGR_31981a685b7e,TEAM_4f4a9410ffcd,TERR_49c0203db75f,RPER_325ccd81d052284c,injected,0.658455526847895,PCA_RECONSTRUCTION_CALCULATED_INCENTIVE,Calculated incentive was the largest PCA reconstruction deviation (observed 2.75e+04).,Final incentive paid was the next-largest reconstruction deviation (observed 2.75e+04).,"Validate the target, policy tier, adjustment approval, and payout reconciliation before action.",1,calculated_incentive,Calculated incentive,27500.0,,0.5384615384615384,61.46082952723005
REP_56269a9759c4,2018-10-01,MGR_31981a685b7e,TEAM_4f4a9410ffcd,TERR_49c0203db75f,RPER_325ccd81d052284c,injected,0.658455526847895,PCA_RECONSTRUCTION_CALCULATED_INCENTIVE,Calculated incentive was the largest PCA reconstruction deviation (observed 2.75e+04).,Final incentive paid was the next-largest reconstruction deviation (observed 2.75e+04).,"Validate the target, policy tier, adjustment approval, and payout reconciliation before action.",2,final_incentive_paid,Final incentive paid,27500.0,27500.0,0.625,61.46082952723005
REP_56269a9759c4,2018-10-01,MGR_31981a685b7e,TEAM_4f4a9410ffcd,TERR_49c0203db75f,RPER_325ccd81d052284c,injected,0.658455526847895,PCA_RECONSTRUCTION_CALCULATED_INCENTIVE,Calculated incentive was the largest PCA reconstruction deviation (observed 2.75e+04).,Final incentive paid was the next-largest reconstruction deviation (observed 2.75e+04).,"Validate the target, policy tier, adjustment approval, and payout reconciliation before action.",3,expected_incentive,Expected incentive,27500.0,,0.5384615384615384,61.46082952723005
REP_56269a9759c4,2018-11-01,MGR_31981a685b7e,TEAM_4f4a9410ffcd,TERR_49c0203db75f,RPER_d6ba604d09f7f403,injected,0.5431489190538021,PCA_RECONSTRUCTION_CALCULATED_INCENTIVE,Calculated incentive was the largest PCA reconstruction deviation (observed 2.75e+04).,Final incentive paid was the next-largest reconstruction deviation (observed 2.75e+04).,"Validate the target, policy tier, adjustment approval, and payout reconciliation before action.",1,calculated_incentive,Calculated incentive,27500.0,,0.6923076923076923,61.4608310281956
REP_56269a9759c4,2018-11-01,MGR_31981a685b7e,TEAM_4f4a9410ffcd,TERR_49c0203db75f,RPER_d6ba604d09f7f403,injected,0.5431489190538021,PCA_RECONSTRUCTION_CALCULATED_INCENTIVE,Calculated incentive was the largest PCA reconstruction deviation (observed 2.75e+04).,Final incentive paid was the next-largest reconstruction deviation (observed 2.75e+04).,"Validate the target, policy tier, adjustment approval, and payout reconciliation before action.",2,final_incentive_paid,Final incentive paid,27500.0,27500.0,0.75,61.4608310281956
REP_56269a9759c4,2018-11-01,MGR_31981a685b7e,TEAM_4f4a9410ffcd,TERR_49c0203db75f,RPER_d6ba604d09f7f403,injected,0.5431489190538021,PCA_RECONSTRUCTION_CALCULATED_INCENTIVE,Calculated incentive was the largest PCA reconstruction deviation (observed 2.75e+04).,Final incentive paid was the next-largest reconstruction deviation (observed 2.75e+04).,"Validate the target, policy tier, adjustment approval, and payout reconciliation before action.",3,expected_incentive,Expected incentive,27500.0,,0.6923076923076923,61.4608310281956
REP_56269a9759c4,2018-12-01,MGR_31981a685b7e,TEAM_4f4a9410ffcd,TERR_49c0203db75f,RPER_c06918a37c89d042,injected,0.9838485949762106,PCA_RECONSTRUCTION_INCENTIVE_PEER_MEDIAN,Incentive peer median was the largest PCA reconstruction deviation (observed 0).,Calculated incentive was the next-largest reconstruction deviation (observed 0).,"Validate the target, policy tier, adjustment approval, and payout reconciliation before action.",1,incentive_peer_median,Incentive peer median,0.0,,0.15384615384615385,10704.067329831465
REP_56269a9759c4,2018-12-01,MGR_31981a685b7e,TEAM_4f4a9410ffcd,TERR_49c0203db75f,RPER_c06918a37c89d042,injected,0.9838485949762106,PCA_RECONSTRUCTION_INCENTIVE_PEER_MEDIAN,Incentive peer median was the largest PCA reconstruction deviation (observed 0).,Calculated incentive was the next-largest reconstruction deviation (observed 0).,"Validate the target, policy tier, adjustment approval, and payout reconciliation before action.",2,calculated_incentive,Calculated incentive,0.0,,0.23076923076923078,9883.131752738373
REP_56269a9759c4,2018-12-01,MGR_31981a685b7e,TEAM_4f4a9410ffcd,TERR_49c0203db75f,RPER_c06918a37c89d042,injected,0.9838485949762106,PCA_RECONSTRUCTION_INCENTIVE_PEER_MEDIAN,Incentive peer median was the largest PCA reconstruction deviation (observed 0).,Calculated incentive was the next-largest reconstruction deviation (observed 0).,"Validate the target, policy tier, adjustment approval, and payout reconciliation before action.",3,final_incentive_paid,Final incentive paid,0.0,0.0,0.5,9883.131752738373
REP_56269a9759c4,2019-01-01,MGR_31981a685b7e,TEAM_4f4a9410ffcd,TERR_49c0203db75f,RPER_9ede02831ec4dc11,injected,0.9318984815175342,PCA_RECONSTRUCTION_CALCULATED_INCENTIVE,Calculated incentive was the largest PCA reconstruction deviation (observed 0).,Expected incentive was the next-largest reconstruction deviation (observed 0).,"Validate the target, policy tier, adjustment approval, and payout reconciliation before action.",1,calculated_incentive,Calculated incentive,0.0,,0.5384615384615384,9883.134008160694
REP_56269a9759c4,2019-01-01,MGR_31981a685b7e,TEAM_4f4a9410ffcd,TERR_49c0203db75f,RPER_9ede02831ec4dc11,injected,0.9318984815175342,PCA_RECONSTRUCTION_CALCULATED_INCENTIVE,Calculated incentive was the largest PCA reconstruction deviation (observed 0).,Expected incentive was the next-largest reconstruction deviation (observed 0).,"Validate the target, policy tier, adjustment approval, and payout reconciliation before action.",2,expected_incentive,Expected incentive,0.0,,0.5384615384615384,9883.134008160694
REP_56269a9759c4,2019-01-01,MGR_31981a685b7e,TEAM_4f4a9410ffcd,TERR_49c0203db75f,RPER_9ede02831ec4dc11,injected,0.9318984815175342,PCA_RECONSTRUCTION_CALCULATED_INCENTIVE,Calculated incentive was the largest PCA reconstruction deviation (observed 0).,Expected incentive was the next-largest reconstruction deviation (observed 0).,"Validate the target, policy tier, adjustment approval, and payout reconciliation before action.",3,incentive_peer_median,Incentive peer median,295.9,,0.8846153846153846,1911.6789185403632
REP_56269a9759c4,2019-02-01,MGR_31981a685b7e,TEAM_4f4a9410ffcd,TERR_49c0203db75f,RPER_4f3b300e349737b0,injected,0.8011771803700102,PCA_RECONSTRUCTION_CALCULATED_INCENTIVE,Calculated incentive was the largest PCA reconstruction deviation (observed 3e+04).,Final incentive paid was the next-largest reconstruction deviation (observed 3e+04).,"Validate the target, policy tier, adjustment approval, and payout reconciliation before action.",1,calculated_incentive,Calculated incentive,30000.0,,0.5769230769230769,76.60848052826512
REP_56269a9759c4,2019-02-01,MGR_31981a685b7e,TEAM_4f4a9410ffcd,TERR_49c0203db75f,RPER_4f3b300e349737b0,injected,0.8011771803700102,PCA_RECONSTRUCTION_CALCULATED_INCENTIVE,Calculated incentive was the largest PCA reconstruction deviation (observed 3e+04).,Final incentive paid was the next-largest reconstruction deviation (observed 3e+04).,"Validate the target, policy tier, adjustment approval, and payout reconciliation before action.",2,final_incentive_paid,Final incentive paid,30000.0,30000.0,0.625,76.60848052826512
REP_56269a9759c4,2019-02-01,MGR_31981a685b7e,TEAM_4f4a9410ffcd,TERR_49c0203db75f,RPER_4f3b300e349737b0,injected,0.8011771803700102,PCA_RECONSTRUCTION_CALCULATED_INCENTIVE,Calculated incentive was the largest PCA reconstruction deviation (observed 3e+04).,Final incentive paid was the next-largest reconstruction deviation (observed 3e+04).,"Validate the target, policy tier, adjustment approval, and payout reconciliation before action.",3,expected_incentive,Expected incentive,30000.0,,0.5769230769230769,76.60848052826512
REP_56269a9759c4,2019-03-01,MGR_31981a685b7e,TEAM_4f4a9410ffcd,TERR_49c0203db75f,RPER_d7046171dcc33bcf,injected,0.8832703227683569,PCA_RECONSTRUCTION_ESTIMATED_VISIT_TRAVEL_KM,"Estimated visit travel km was the largest PCA reconstruction deviation (observed 7,219).",Calculated incentive was the next-largest reconstruction deviation (observed 3e+04).,"Validate visit, CRM, route, and expense records with the representative and manager before action.",1,estimated_visit_travel_km,Estimated visit travel km,7219.451337389632,,1.0,932.0516941019596
REP_56269a9759c4,2019-03-01,MGR_31981a685b7e,TEAM_4f4a9410ffcd,TERR_49c0203db75f,RPER_d7046171dcc33bcf,injected,0.8832703227683569,PCA_RECONSTRUCTION_ESTIMATED_VISIT_TRAVEL_KM,"Estimated visit travel km was the largest PCA reconstruction deviation (observed 7,219).",Calculated incentive was the next-largest reconstruction deviation (observed 3e+04).,"Validate visit, CRM, route, and expense records with the representative and manager before action.",2,calculated_incentive,Calculated incentive,30000.0,,0.5769230769230769,76.60847301625549
REP_56269a9759c4,2019-03-01,MGR_31981a685b7e,TEAM_4f4a9410ffcd,TERR_49c0203db75f,RPER_d7046171dcc33bcf,injected,0.8832703227683569,PCA_RECONSTRUCTION_ESTIMATED_VISIT_TRAVEL_KM,"Estimated visit travel km was the largest PCA reconstruction deviation (observed 7,219).",Calculated incentive was the next-largest reconstruction deviation (observed 3e+04).,"Validate visit, CRM, route, and expense records with the representative and manager before action.",3,final_incentive_paid,Final incentive paid,30000.0,30000.0,0.75,76.60847301625549
REP_56269a9759c4,2019-04-01,MGR_31981a685b7e,TEAM_4f4a9410ffcd,TERR_49c0203db75f,RPER_f3d45a9e0199d4c7,injected,0.4983352508917558,PCA_RECONSTRUCTION_CALCULATED_INCENTIVE,Calculated incentive was the largest PCA reconstruction deviation (observed 2.342e+04).,Final incentive paid was the next-largest reconstruction deviation (observed 2.342e+04).,"Validate the target, policy tier, adjustment approval, and payout reconciliation before action.",1,calculated_incentive,Calculated incentive,23419.85,,0.6923076923076923,37.87974956221491
REP_56269a9759c4,2019-04-01,MGR_31981a685b7e,TEAM_4f4a9410ffcd,TERR_49c0203db75f,RPER_f3d45a9e0199d4c7,injected,0.4983352508917558,PCA_RECONSTRUCTION_CALCULATED_INCENTIVE,Calculated incentive was the largest PCA reconstruction deviation (observed 2.342e+04).,Final incentive paid was the next-largest reconstruction deviation (observed 2.342e+04).,"Validate the target, policy tier, adjustment approval, and payout reconciliation before action.",2,final_incentive_paid,Final incentive paid,23419.85,21150.71,0.75,37.87974956221491
REP_56269a9759c4,2019-04-01,MGR_31981a685b7e,TEAM_4f4a9410ffcd,TERR_49c0203db75f,RPER_f3d45a9e0199d4c7,injected,0.4983352508917558,PCA_RECONSTRUCTION_CALCULATED_INCENTIVE,Calculated incentive was the largest PCA reconstruction deviation (observed 2.342e+04).,Final incentive paid was the next-largest reconstruction deviation (observed 2.342e+04).,"Validate the target, policy tier, adjustment approval, and payout reconciliation before action.",3,expected_incentive,Expected incentive,23419.85,,0.6923076923076923,37.87974956221491
REP_6003efb01f5e,2017-01-01,MGR_31981a685b7e,TEAM_4f4a9410ffcd,TERR_49c0203db75f,RPER_ba4c149e74994fd0,injected,0.8957446808510638,PCA_RECONSTRUCTION_REP_HISTORICAL_MEAN,Rep historical mean was the largest PCA reconstruction deviation (observed 0).,Rolling sales mean was the next-largest reconstruction deviation (observed 0).,"Validate the source record, peer context, and relevant commercial activity before action.",1,rep_historical_mean,Rep historical mean,0.0,,0.5384615384615384,3413.258718149764
REP_6003efb01f5e,2017-01-01,MGR_31981a685b7e,TEAM_4f4a9410ffcd,TERR_49c0203db75f,RPER_ba4c149e74994fd0,injected,0.8957446808510638,PCA_RECONSTRUCTION_REP_HISTORICAL_MEAN,Rep historical mean was the largest PCA reconstruction deviation (observed 0).,Rolling sales mean was the next-largest reconstruction deviation (observed 0).,"Validate the source record, peer context, and relevant commercial activity before action.",2,rolling_sales_mean,Rolling sales mean,0.0,,0.5384615384615384,2192.812513375389
REP_6003efb01f5e,2017-01-01,MGR_31981a685b7e,TEAM_4f4a9410ffcd,TERR_49c0203db75f,RPER_ba4c149e74994fd0,injected,0.8957446808510638,PCA_RECONSTRUCTION_REP_HISTORICAL_MEAN,Rep historical mean was the largest PCA reconstruction deviation (observed 0).,Rolling sales mean was the next-largest reconstruction deviation (observed 0).,"Validate the source record, peer context, and relevant commercial activity before action.",3,rolling_sales_std,Rolling sales std,0.0,,0.5384615384615384,293.0690924861595
REP_6003efb01f5e,2017-02-01,MGR_31981a685b7e,TEAM_4f4a9410ffcd,TERR_49c0203db75f,RPER_b7d35006950dbfb2,injected,0.8489361702127659,PCA_RECONSTRUCTION_ROLLING_SALES_STD,Rolling sales std was the largest PCA reconstruction deviation (observed 0).,Rep historical std was the next-largest reconstruction deviation (observed 0).,"Validate the underlying orders, discounts, returns, period timing, and customer context before action.",1,rolling_sales_std,Rolling sales std,0.0,,0.5384615384615384,293.06917727303465
REP_6003efb01f5e,2017-02-01,MGR_31981a685b7e,TEAM_4f4a9410ffcd,TERR_49c0203db75f,RPER_b7d35006950dbfb2,injected,0.8489361702127659,PCA_RECONSTRUCTION_ROLLING_SALES_STD,Rolling sales std was the largest PCA reconstruction deviation (observed 0).,Rep historical std was the next-largest reconstruction deviation (observed 0).,"Validate the underlying orders, discounts, returns, period timing, and customer context before action.",2,rep_historical_std,Rep historical std,0.0,,0.5384615384615384,293.06917727303465
REP_6003efb01f5e,2017-02-01,MGR_31981a685b7e,TEAM_4f4a9410ffcd,TERR_49c0203db75f,RPER_b7d35006950dbfb2,injected,0.8489361702127659,PCA_RECONSTRUCTION_ROLLING_SALES_STD,Rolling sales std was the largest PCA reconstruction deviation (observed 0).,Rep historical std was the next-largest reconstruction deviation (observed 0).,"Validate the underlying orders, discounts, returns, period timing, and customer context before action.",3,calculated_incentive,Calculated incentive,25000.0,,0.5384615384615384,46.78147233366085
REP_6003efb01f5e,2017-03-01,MGR_31981a685b7e,TEAM_4f4a9410ffcd,TERR_49c0203db75f,RPER_3c9a6656129888bf,injected,0.125531914893617,PCA_RECONSTRUCTION_CALCULATED_INCENTIVE,Calculated incentive was the largest PCA reconstruction deviation (observed 2.5e+04).,Final incentive paid was the next-largest reconstruction deviation (observed 2.5e+04).,"Validate the target, policy tier, adjustment approval, and payout reconciliation before action.",1,calculated_incentive,Calculated incentive,25000.0,,0.5769230769230769,46.78145353114455
REP_6003efb01f5e,2017-03-01,MGR_31981a685b7e,TEAM_4f4a9410ffcd,TERR_49c0203db75f,RPER_3c9a6656129888bf,injected,0.125531914893617,PCA_RECONSTRUCTION_CALCULATED_INCENTIVE,Calculated incentive was the largest PCA reconstruction deviation (observed 2.5e+04).,Final incentive paid was the next-largest reconstruction deviation (observed 2.5e+04).,"Validate the target, policy tier, adjustment approval, and payout reconciliation before action.",2,final_incentive_paid,Final incentive paid,25000.0,25000.0,0.625,46.78145353114455
REP_6003efb01f5e,2017-03-01,MGR_31981a685b7e,TEAM_4f4a9410ffcd,TERR_49c0203db75f,RPER_3c9a6656129888bf,injected,0.125531914893617,PCA_RECONSTRUCTION_CALCULATED_INCENTIVE,Calculated incentive was the largest PCA reconstruction deviation (observed 2.5e+04).,Final incentive paid was the next-largest reconstruction deviation (observed 2.5e+04).,"Validate the target, policy tier, adjustment approval, and payout reconciliation before action.",3,expected_incentive,Expected incentive,25000.0,,0.5769230769230769,46.78145353114455
REP_6003efb01f5e,2017-04-01,MGR_31981a685b7e,TEAM_4f4a9410ffcd,TERR_49c0203db75f,RPER_8e761ace2dd69e2d,injected,0.18085106382978725,PCA_RECONSTRUCTION_CALCULATED_INCENTIVE,Calculated incentive was the largest PCA reconstruction deviation (observed 2.5e+04).,Final incentive paid was the next-largest reconstruction deviation (observed 2.5e+04).,"Validate the target, policy tier, adjustment approval, and payout reconciliation before action.",1,calculated_incentive,Calculated incentive,25000.0,,0.6923076923076923,46.781459136921185
REP_6003efb01f5e,2017-04-01,MGR_31981a685b7e,TEAM_4f4a9410ffcd,TERR_49c0203db75f,RPER_8e761ace2dd69e2d,injected,0.18085106382978725,PCA_RECONSTRUCTION_CALCULATED_INCENTIVE,Calculated incentive was the largest PCA reconstruction deviation (observed 2.5e+04).,Final incentive paid was the next-largest reconstruction deviation (observed 2.5e+04).,"Validate the target, policy tier, adjustment approval, and payout reconciliation before action.",2,final_incentive_paid,Final incentive paid,25000.0,25000.0,0.75,46.781459136921185
REP_6003efb01f5e,2017-04-01,MGR_31981a685b7e,TEAM_4f4a9410ffcd,TERR_49c0203db75f,RPER_8e761ace2dd69e2d,injected,0.18085106382978725,PCA_RECONSTRUCTION_CALCULATED_INCENTIVE,Calculated incentive was the largest PCA reconstruction deviation (observed 2.5e+04).,Final incentive paid was the next-largest reconstruction deviation (observed 2.5e+04).,"Validate the target, policy tier, adjustment approval, and payout reconciliation before action.",3,expected_incentive,Expected incentive,25000.0,,0.6923076923076923,46.781459136921185
REP_6003efb01f5e,2017-05-01,MGR_31981a685b7e,TEAM_4f4a9410ffcd,TERR_49c0203db75f,RPER_b5ad3375582d89cd,injected,0.33404255319148934,PCA_RECONSTRUCTION_CALCULATED_INCENTIVE,Calculated incentive was the largest PCA reconstruction deviation (observed 2.5e+04).,Final incentive paid was the next-largest reconstruction deviation (observed 2.5e+04).,"Validate the target, policy tier, adjustment approval, and payout reconciliation before action.",1,calculated_incentive,Calculated incentive,25000.0,,0.6153846153846154,46.78144649889815
REP_6003efb01f5e,2017-05-01,MGR_31981a685b7e,TEAM_4f4a9410ffcd,TERR_49c0203db75f,RPER_b5ad3375582d89cd,injected,0.33404255319148934,PCA_RECONSTRUCTION_CALCULATED_INCENTIVE,Calculated incentive was the largest PCA reconstruction deviation (observed 2.5e+04).,Final incentive paid was the next-largest reconstruction deviation (observed 2.5e+04).,"Validate the target, policy tier, adjustment approval, and payout reconciliation before action.",2,final_incentive_paid,Final incentive paid,25000.0,25000.0,0.8333333333333334,46.78144649889815
REP_6003efb01f5e,2017-05-01,MGR_31981a685b7e,TEAM_4f4a9410ffcd,TERR_49c0203db75f,RPER_b5ad3375582d89cd,injected,0.33404255319148934,PCA_RECONSTRUCTION_CALCULATED_INCENTIVE,Calculated incentive was the largest PCA reconstruction deviation (observed 2.5e+04).,Final incentive paid was the next-largest reconstruction deviation (observed 2.5e+04).,"Validate the target, policy tier, adjustment approval, and payout reconciliation before action.",3,expected_incentive,Expected incentive,25000.0,,0.6153846153846154,46.78144649889815
REP_6003efb01f5e,2017-06-01,MGR_31981a685b7e,TEAM_4f4a9410ffcd,TERR_49c0203db75f,RPER_a56116a46956ba51,injected,0.48723404255319147,PCA_RECONSTRUCTION_CALCULATED_INCENTIVE,Calculated incentive was the largest PCA reconstruction deviation (observed 2.5e+04).,Final incentive paid was the next-largest reconstruction deviation (observed 2.5e+04).,"Validate the target, policy tier, adjustment approval, and payout reconciliation before action.",1,calculated_incentive,Calculated incentive,25000.0,,0.5769230769230769,46.78145833331053
REP_6003efb01f5e,2017-06-01,MGR_31981a685b7e,TEAM_4f4a9410ffcd,TERR_49c0203db75f,RPER_a56116a46956ba51,injected,0.48723404255319147,PCA_RECONSTRUCTION_CALCULATED_INCENTIVE,Calculated incentive was the largest PCA reconstruction deviation (observed 2.5e+04).,Final incentive paid was the next-largest reconstruction deviation (observed 2.5e+04).,"Validate the target, policy tier, adjustment approval, and payout reconciliation before action.",2,final_incentive_paid,Final incentive paid,25000.0,25000.0,0.6666666666666666,46.78145833331053
REP_6003efb01f5e,2017-06-01,MGR_31981a685b7e,TEAM_4f4a9410ffcd,TERR_49c0203db75f,RPER_a56116a46956ba51,injected,0.48723404255319147,PCA_RECONSTRUCTION_CALCULATED_INCENTIVE,Calculated incentive was the largest PCA reconstruction deviation (observed 2.5e+04).,Final incentive paid was the next-largest reconstruction deviation (observed 2.5e+04).,"Validate the target, policy tier, adjustment approval, and payout reconciliation before action.",3,expected_incentive,Expected incentive,25000.0,,0.5769230769230769,46.78145833331053
REP_6003efb01f5e,2017-07-01,MGR_31981a685b7e,TEAM_4f4a9410ffcd,TERR_49c0203db75f,RPER_5a26750530b65d39,injected,0.3382978723404255,PCA_RECONSTRUCTION_CALCULATED_INCENTIVE,Calculated incentive was the largest PCA reconstruction deviation (observed 2.5e+04).,Final incentive paid was the next-largest reconstruction deviation (observed 2.5e+04).,"Validate the target, policy tier, adjustment approval, and payout reconciliation before action.",1,calculated_incentive,Calculated incentive,25000.0,,0.6153846153846154,46.78144804512629
REP_6003efb01f5e,2017-07-01,MGR_31981a685b7e,TEAM_4f4a9410ffcd,TERR_49c0203db75f,RPER_5a26750530b65d39,injected,0.3382978723404255,PCA_RECONSTRUCTION_CALCULATED_INCENTIVE,Calculated incentive was the largest PCA reconstruction deviation (observed 2.5e+04).,Final incentive paid was the next-largest reconstruction deviation (observed 2.5e+04).,"Validate the target, policy tier, adjustment approval, and payout reconciliation before action.",2,final_incentive_paid,Final incentive paid,25000.0,25000.0,0.6666666666666666,46.78144804512629
REP_6003efb01f5e,2017-07-01,MGR_31981a685b7e,TEAM_4f4a9410ffcd,TERR_49c0203db75f,RPER_5a26750530b65d39,injected,0.3382978723404255,PCA_RECONSTRUCTION_CALCULATED_INCENTIVE,Calculated incentive was the largest PCA reconstruction deviation (observed 2.5e+04).,Final incentive paid was the next-largest reconstruction deviation (observed 2.5e+04).,"Validate the target, policy tier, adjustment approval, and payout reconciliation before action.",3,expected_incentive,Expected incentive,25000.0,,0.6153846153846154,46.78144804512629
REP_6003efb01f5e,2017-08-01,MGR_31981a685b7e,TEAM_4f4a9410ffcd,TERR_49c0203db75f,RPER_a3da44f53c674985,injected,0.05319148936170213,PCA_RECONSTRUCTION_CALCULATED_INCENTIVE,Calculated incentive was the largest PCA reconstruction deviation (observed 1.979e+04).,Final incentive paid was the next-largest reconstruction deviation (observed 1.979e+04).,"Validate the target, policy tier, adjustment approval, and payout reconciliation before action.",1,calculated_incentive,Calculated incentive,19793.62,,0.3076923076923077,19.269016881627106
REP_6003efb01f5e,2017-08-01,MGR_31981a685b7e,TEAM_4f4a9410ffcd,TERR_49c0203db75f,RPER_a3da44f53c674985,injected,0.05319148936170213,PCA_RECONSTRUCTION_CALCULATED_INCENTIVE,Calculated incentive was the largest PCA reconstruction deviation (observed 1.979e+04).,Final incentive paid was the next-largest reconstruction deviation (observed 1.979e+04).,"Validate the target, policy tier, adjustment approval, and payout reconciliation before action.",2,final_incentive_paid,Final incentive paid,19793.62,25000.0,0.3333333333333333,19.269016881627106
REP_6003efb01f5e,2017-08-01,MGR_31981a685b7e,TEAM_4f4a9410ffcd,TERR_49c0203db75f,RPER_a3da44f53c674985,injected,0.05319148936170213,PCA_RECONSTRUCTION_CALCULATED_INCENTIVE,Calculated incentive was the largest PCA reconstruction deviation (observed 1.979e+04).,Final incentive paid was the next-largest reconstruction deviation (observed 1.979e+04).,"Validate the target, policy tier, adjustment approval, and payout reconciliation before action.",3,expected_incentive,Expected incentive,19793.62,,0.3076923076923077,19.269016881627106
REP_6003efb01f5e,2017-09-01,MGR_31981a685b7e,TEAM_4f4a9410ffcd,TERR_49c0203db75f,RPER_6779b72f0b9d987c,injected,0.39787234042553193,PCA_RECONSTRUCTION_CALCULATED_INCENTIVE,Calculated incentive was the largest PCA reconstruction deviation (observed 2.5e+04).,Final incentive paid was the next-largest reconstruction deviation (observed 2.5e+04).,"Validate the target, policy tier, adjustment approval, and payout reconciliation before action.",1,calculated_incentive,Calculated incentive,25000.0,,0.5384615384615384,46.78144678370271
REP_6003efb01f5e,2017-09-01,MGR_31981a685b7e,TEAM_4f4a9410ffcd,TERR_49c0203db75f,RPER_6779b72f0b9d987c,injected,0.39787234042553193,PCA_RECONSTRUCTION_CALCULATED_INCENTIVE,Calculated incentive was the largest PCA reconstruction deviation (observed 2.5e+04).,Final incentive paid was the next-largest reconstruction deviation (observed 2.5e+04).,"Validate the target, policy tier, adjustment approval, and payout reconciliation before action.",2,final_incentive_paid,Final incentive paid,25000.0,25000.0,0.6666666666666666,46.78144678370271
REP_6003efb01f5e,2017-09-01,MGR_31981a685b7e,TEAM_4f4a9410ffcd,TERR_49c0203db75f,RPER_6779b72f0b9d987c,injected,0.39787234042553193,PCA_RECONSTRUCTION_CALCULATED_INCENTIVE,Calculated incentive was the largest PCA reconstruction deviation (observed 2.5e+04).,Final incentive paid was the next-largest reconstruction deviation (observed 2.5e+04).,"Validate the target, policy tier, adjustment approval, and payout reconciliation before action.",3,expected_incentive,Expected incentive,25000.0,,0.5384615384615384,46.78144678370271
REP_6003efb01f5e,2017-10-01,MGR_31981a685b7e,TEAM_4f4a9410ffcd,TERR_49c0203db75f,RPER_9aaea9b5b779c497,injected,0.3893617021276596,PCA_RECONSTRUCTION_CALCULATED_INCENTIVE,Calculated incentive was the largest PCA reconstruction deviation (observed 2.5e+04).,Final incentive paid was the next-largest reconstruction deviation (observed 2.5e+04).,"Validate the target, policy tier, adjustment approval, and payout reconciliation before action.",1,calculated_incentive,Calculated incentive,25000.0,,0.7692307692307693,46.7814508314125
REP_6003efb01f5e,2017-10-01,MGR_31981a685b7e,TEAM_4f4a9410ffcd,TERR_49c0203db75f,RPER_9aaea9b5b779c497,injected,0.3893617021276596,PCA_RECONSTRUCTION_CALCULATED_INCENTIVE,Calculated incentive was the largest PCA reconstruction deviation (observed 2.5e+04).,Final incentive paid was the next-largest reconstruction deviation (observed 2.5e+04).,"Validate the target, policy tier, adjustment approval, and payout reconciliation before action.",2,final_incentive_paid,Final incentive paid,25000.0,25000.0,0.6666666666666666,46.7814508314125
REP_6003efb01f5e,2017-10-01,MGR_31981a685b7e,TEAM_4f4a9410ffcd,TERR_49c0203db75f,RPER_9aaea9b5b779c497,injected,0.3893617021276596,PCA_RECONSTRUCTION_CALCULATED_INCENTIVE,Calculated incentive was the largest PCA reconstruction deviation (observed 2.5e+04).,Final incentive paid was the next-largest reconstruction deviation (observed 2.5e+04).,"Validate the target, policy tier, adjustment approval, and payout reconciliation before action.",3,expected_incentive,Expected incentive,25000.0,,0.7692307692307693,46.7814508314125
REP_6003efb01f5e,2017-11-01,MGR_31981a685b7e,TEAM_4f4a9410ffcd,TERR_49c0203db75f,RPER_02ef603bb7b4ceb8,injected,0.3723404255319149,PCA_RECONSTRUCTION_CALCULATED_INCENTIVE,Calculated incentive was the largest PCA reconstruction deviation (observed 2.5e+04).,Final incentive paid was the next-largest reconstruction deviation (observed 2.5e+04).,"Validate the target, policy tier, adjustment approval, and payout reconciliation before action.",1,calculated_incentive,Calculated incentive,25000.0,,0.6538461538461539,46.781444536703624
REP_6003efb01f5e,2017-11-01,MGR_31981a685b7e,TEAM_4f4a9410ffcd,TERR_49c0203db75f,RPER_02ef603bb7b4ceb8,injected,0.3723404255319149,PCA_RECONSTRUCTION_CALCULATED_INCENTIVE,Calculated incentive was the largest PCA reconstruction deviation (observed 2.5e+04).,Final incentive paid was the next-largest reconstruction deviation (observed 2.5e+04).,"Validate the target, policy tier, adjustment approval, and payout reconciliation before action.",2,final_incentive_paid,Final incentive paid,25000.0,25000.0,0.6666666666666666,46.781444536703624
REP_6003efb01f5e,2017-11-01,MGR_31981a685b7e,TEAM_4f4a9410ffcd,TERR_49c0203db75f,RPER_02ef603bb7b4ceb8,injected,0.3723404255319149,PCA_RECONSTRUCTION_CALCULATED_INCENTIVE,Calculated incentive was the largest PCA reconstruction deviation (observed 2.5e+04).,Final incentive paid was the next-largest reconstruction deviation (observed 2.5e+04).,"Validate the target, policy tier, adjustment approval, and payout reconciliation before action.",3,expected_incentive,Expected incentive,25000.0,,0.6538461538461539,46.781444536703624
REP_6003efb01f5e,2017-12-01,MGR_31981a685b7e,TEAM_4f4a9410ffcd,TERR_49c0203db75f,RPER_80ccab8fe7db15a6,injected,0.8276595744680851,PCA_RECONSTRUCTION_POST_INCENTIVE_RETURN_RATE,Post incentive return rate was the largest PCA reconstruction deviation (observed 0.2257).,Incentive peer median was the next-largest reconstruction deviation (observed 1.081e+04).,"Validate the target, policy tier, adjustment approval, and payout reconciliation before action.",1,post_incentive_return_rate,Post incentive return rate,0.22570311690067732,,1.0,449.0508417902297
REP_6003efb01f5e,2017-12-01,MGR_31981a685b7e,TEAM_4f4a9410ffcd,TERR_49c0203db75f,RPER_80ccab8fe7db15a6,injected,0.8276595744680851,PCA_RECONSTRUCTION_POST_INCENTIVE_RETURN_RATE,Post incentive return rate was the largest PCA reconstruction deviation (observed 0.2257).,Incentive peer median was the next-largest reconstruction deviation (observed 1.081e+04).,"Validate the target, policy tier, adjustment approval, and payout reconciliation before action.",2,incentive_peer_median,Incentive peer median,10814.305,,0.4230769230769231,35.9879418904338
REP_6003efb01f5e,2017-12-01,MGR_31981a685b7e,TEAM_4f4a9410ffcd,TERR_49c0203db75f,RPER_80ccab8fe7db15a6,injected,0.8276595744680851,PCA_RECONSTRUCTION_POST_INCENTIVE_RETURN_RATE,Post incentive return rate was the largest PCA reconstruction deviation (observed 0.2257).,Incentive peer median was the next-largest reconstruction deviation (observed 1.081e+04).,"Validate the target, policy tier, adjustment approval, and payout reconciliation before action.",3,calculated_incentive,Calculated incentive,21628.61,,0.46153846153846156,28.300674783912136
REP_6003efb01f5e,2018-01-01,MGR_31981a685b7e,TEAM_4f4a9410ffcd,TERR_49c0203db75f,RPER_9cd6eaacf36b2e74,injected,0.5680851063829787,PCA_RECONSTRUCTION_CALCULATED_INCENTIVE,Calculated incentive was the largest PCA reconstruction deviation (observed 2.75e+04).,Final incentive paid was the next-largest reconstruction deviation (observed 2.75e+04).,"Validate the target, policy tier, adjustment approval, and payout reconciliation before action.",1,calculated_incentive,Calculated incentive,27500.0,,0.5384615384615384,61.46082590267483
REP_6003efb01f5e,2018-01-01,MGR_31981a685b7e,TEAM_4f4a9410ffcd,TERR_49c0203db75f,RPER_9cd6eaacf36b2e74,injected,0.5680851063829787,PCA_RECONSTRUCTION_CALCULATED_INCENTIVE,Calculated incentive was the largest PCA reconstruction deviation (observed 2.75e+04).,Final incentive paid was the next-largest reconstruction deviation (observed 2.75e+04).,"Validate the target, policy tier, adjustment approval, and payout reconciliation before action.",2,final_incentive_paid,Final incentive paid,27500.0,27500.0,0.6666666666666666,61.46082590267483
REP_6003efb01f5e,2018-01-01,MGR_31981a685b7e,TEAM_4f4a9410ffcd,TERR_49c0203db75f,RPER_9cd6eaacf36b2e74,injected,0.5680851063829787,PCA_RECONSTRUCTION_CALCULATED_INCENTIVE,Calculated incentive was the largest PCA reconstruction deviation (observed 2.75e+04).,Final incentive paid was the next-largest reconstruction deviation (observed 2.75e+04).,"Validate the target, policy tier, adjustment approval, and payout reconciliation before action.",3,expected_incentive,Expected incentive,27500.0,,0.5384615384615384,61.46082590267483
REP_6003efb01f5e,2018-02-01,MGR_31981a685b7e,TEAM_4f4a9410ffcd,TERR_49c0203db75f,RPER_4948c28097d0c4fc,injected,0.7127659574468085,PCA_RECONSTRUCTION_CALCULATED_INCENTIVE,Calculated incentive was the largest PCA reconstruction deviation (observed 2.75e+04).,Final incentive paid was the next-largest reconstruction deviation (observed 2.75e+04).,"Validate the target, policy tier, adjustment approval, and payout reconciliation before action.",1,calculated_incentive,Calculated incentive,27500.0,,0.5769230769230769,61.460832674820715
REP_6003efb01f5e,2018-02-01,MGR_31981a685b7e,TEAM_4f4a9410ffcd,TERR_49c0203db75f,RPER_4948c28097d0c4fc,injected,0.7127659574468085,PCA_RECONSTRUCTION_CALCULATED_INCENTIVE,Calculated incentive was the largest PCA reconstruction deviation (observed 2.75e+04).,Final incentive paid was the next-largest reconstruction deviation (observed 2.75e+04).,"Validate the target, policy tier, adjustment approval, and payout reconciliation before action.",2,final_incentive_paid,Final incentive paid,27500.0,27500.0,0.75,61.460832674820715
REP_6003efb01f5e,2018-02-01,MGR_31981a685b7e,TEAM_4f4a9410ffcd,TERR_49c0203db75f,RPER_4948c28097d0c4fc,injected,0.7127659574468085,PCA_RECONSTRUCTION_CALCULATED_INCENTIVE,Calculated incentive was the largest PCA reconstruction deviation (observed 2.75e+04).,Final incentive paid was the next-largest reconstruction deviation (observed 2.75e+04).,"Validate the target, policy tier, adjustment approval, and payout reconciliation before action.",3,expected_incentive,Expected incentive,27500.0,,0.5769230769230769,61.460832674820715
REP_6003efb01f5e,2018-03-01,MGR_31981a685b7e,TEAM_4f4a9410ffcd,TERR_49c0203db75f,RPER_3929f88735783e48,injected,0.4957446808510638,PCA_RECONSTRUCTION_CALCULATED_INCENTIVE,Calculated incentive was the largest PCA reconstruction deviation (observed 2.75e+04).,Final incentive paid was the next-largest reconstruction deviation (observed 2.75e+04).,"Validate the target, policy tier, adjustment approval, and payout reconciliation before action.",1,calculated_incentive,Calculated incentive,27500.0,,0.5384615384615384,61.46083014965632
REP_6003efb01f5e,2018-03-01,MGR_31981a685b7e,TEAM_4f4a9410ffcd,TERR_49c0203db75f,RPER_3929f88735783e48,injected,0.4957446808510638,PCA_RECONSTRUCTION_CALCULATED_INCENTIVE,Calculated incentive was the largest PCA reconstruction deviation (observed 2.75e+04).,Final incentive paid was the next-largest reconstruction deviation (observed 2.75e+04).,"Validate the target, policy tier, adjustment approval, and payout reconciliation before action.",2,final_incentive_paid,Final incentive paid,27500.0,27500.0,0.625,61.46083014965632
REP_6003efb01f5e,2018-03-01,MGR_31981a685b7e,TEAM_4f4a9410ffcd,TERR_49c0203db75f,RPER_3929f88735783e48,injected,0.4957446808510638,PCA_RECONSTRUCTION_CALCULATED_INCENTIVE,Calculated incentive was the largest PCA reconstruction deviation (observed 2.75e+04).,Final incentive paid was the next-largest reconstruction deviation (observed 2.75e+04).,"Validate the target, policy tier, adjustment approval, and payout reconciliation before action.",3,expected_incentive,Expected incentive,27500.0,,0.5384615384615384,61.46083014965632
REP_6003efb01f5e,2018-04-01,MGR_31981a685b7e,TEAM_4f4a9410ffcd,TERR_49c0203db75f,RPER_c20ca7de64a001a6,injected,0.7936170212765957,PCA_RECONSTRUCTION_CALCULATED_INCENTIVE,Calculated incentive was the largest PCA reconstruction deviation (observed 2.75e+04).,Final incentive paid was the next-largest reconstruction deviation (observed 2.75e+04).,"Validate the target, policy tier, adjustment approval, and payout reconciliation before action.",1,calculated_incentive,Calculated incentive,27500.0,,0.7692307692307693,61.460837202997595
REP_6003efb01f5e,2018-04-01,MGR_31981a685b7e,TEAM_4f4a9410ffcd,TERR_49c0203db75f,RPER_c20ca7de64a001a6,injected,0.7936170212765957,PCA_RECONSTRUCTION_CALCULATED_INCENTIVE,Calculated incentive was the largest PCA reconstruction deviation (observed 2.75e+04).,Final incentive paid was the next-largest reconstruction deviation (observed 2.75e+04).,"Validate the target, policy tier, adjustment approval, and payout reconciliation before action.",2,final_incentive_paid,Final incentive paid,27500.0,26917.510000000002,0.875,61.460837202997595
REP_6003efb01f5e,2018-04-01,MGR_31981a685b7e,TEAM_4f4a9410ffcd,TERR_49c0203db75f,RPER_c20ca7de64a001a6,injected,0.7936170212765957,PCA_RECONSTRUCTION_CALCULATED_INCENTIVE,Calculated incentive was the largest PCA reconstruction deviation (observed 2.75e+04).,Final incentive paid was the next-largest reconstruction deviation (observed 2.75e+04).,"Validate the target, policy tier, adjustment approval, and payout reconciliation before action.",3,expected_incentive,Expected incentive,27500.0,,0.7692307692307693,61.460837202997595
REP_6003efb01f5e,2018-05-01,MGR_31981a685b7e,TEAM_4f4a9410ffcd,TERR_49c0203db75f,RPER_d4a8068fb878906b,injected,0.7,PCA_RECONSTRUCTION_CALCULATED_INCENTIVE,Calculated incentive was the largest PCA reconstruction deviation (observed 2.75e+04).,Final incentive paid was the next-largest reconstruction deviation (observed 2.75e+04).,"Validate the target, policy tier, adjustment approval, and payout reconciliation before action.",1,calculated_incentive,Calculated incentive,27500.0,,0.7307692307692307,61.460831000542
REP_6003efb01f5e,2018-05-01,MGR_31981a685b7e,TEAM_4f4a9410ffcd,TERR_49c0203db75f,RPER_d4a8068fb878906b,injected,0.7,PCA_RECONSTRUCTION_CALCULATED_INCENTIVE,Calculated incentive was the largest PCA reconstruction deviation (observed 2.75e+04).,Final incentive paid was the next-largest reconstruction deviation (observed 2.75e+04).,"Validate the target, policy tier, adjustment approval, and payout reconciliation before action.",2,final_incentive_paid,Final incentive paid,27500.0,27500.0,0.75,61.460831000542
REP_6003efb01f5e,2018-05-01,MGR_31981a685b7e,TEAM_4f4a9410ffcd,TERR_49c0203db75f,RPER_d4a8068fb878906b,injected,0.7,PCA_RECONSTRUCTION_CALCULATED_INCENTIVE,Calculated incentive was the largest PCA reconstruction deviation (observed 2.75e+04).,Final incentive paid was the next-largest reconstruction deviation (observed 2.75e+04).,"Validate the target, policy tier, adjustment approval, and payout reconciliation before action.",3,expected_incentive,Expected incentive,27500.0,,0.7307692307692307,61.460831000542
REP_6003efb01f5e,2018-06-01,MGR_31981a685b7e,TEAM_4f4a9410ffcd,TERR_49c0203db75f,RPER_7551f3af62fc7758,injected,0.5468085106382978,PCA_RECONSTRUCTION_CALCULATED_INCENTIVE,Calculated incentive was the largest PCA reconstruction deviation (observed 2.75e+04).,Final incentive paid was the next-largest reconstruction deviation (observed 2.75e+04).,"Validate the target, policy tier, adjustment approval, and payout reconciliation before action.",1,calculated_incentive,Calculated incentive,27500.0,,0.5769230769230769,61.460829787139886
REP_6003efb01f5e,2018-06-01,MGR_31981a685b7e,TEAM_4f4a9410ffcd,TERR_49c0203db75f,RPER_7551f3af62fc7758,injected,0.5468085106382978,PCA_RECONSTRUCTION_CALCULATED_INCENTIVE,Calculated incentive was the largest PCA reconstruction deviation (observed 2.75e+04).,Final incentive paid was the next-largest reconstruction deviation (observed 2.75e+04).,"Validate the target, policy tier, adjustment approval, and payout reconciliation before action.",2,final_incentive_paid,Final incentive paid,27500.0,27500.0,0.625,61.460829787139886
REP_6003efb01f5e,2018-06-01,MGR_31981a685b7e,TEAM_4f4a9410ffcd,TERR_49c0203db75f,RPER_7551f3af62fc7758,injected,0.5468085106382978,PCA_RECONSTRUCTION_CALCULATED_INCENTIVE,Calculated incentive was the largest PCA reconstruction deviation (observed 2.75e+04).,Final incentive paid was the next-largest reconstruction deviation (observed 2.75e+04).,"Validate the target, policy tier, adjustment approval, and payout reconciliation before action.",3,expected_incentive,Expected incentive,27500.0,,0.5769230769230769,61.460829787139886
REP_6003efb01f5e,2018-07-01,MGR_31981a685b7e,TEAM_4f4a9410ffcd,TERR_49c0203db75f,RPER_6f5614106a574cf8,injected,0.6688539563290449,PCA_RECONSTRUCTION_CALCULATED_INCENTIVE,Calculated incentive was the largest PCA reconstruction deviation (observed 2.75e+04).,Final incentive paid was the next-largest reconstruction deviation (observed 2.75e+04).,"Validate the target, policy tier, adjustment approval, and payout reconciliation before action.",1,calculated_incentive,Calculated incentive,27500.0,,0.6153846153846154,61.46083200834544
REP_6003efb01f5e,2018-07-01,MGR_31981a685b7e,TEAM_4f4a9410ffcd,TERR_49c0203db75f,RPER_6f5614106a574cf8,injected,0.6688539563290449,PCA_RECONSTRUCTION_CALCULATED_INCENTIVE,Calculated incentive was the largest PCA reconstruction deviation (observed 2.75e+04).,Final incentive paid was the next-largest reconstruction deviation (observed 2.75e+04).,"Validate the target, policy tier, adjustment approval, and payout reconciliation before action.",2,final_incentive_paid,Final incentive paid,27500.0,27500.0,0.75,61.46083200834544
REP_6003efb01f5e,2018-07-01,MGR_31981a685b7e,TEAM_4f4a9410ffcd,TERR_49c0203db75f,RPER_6f5614106a574cf8,injected,0.6688539563290449,PCA_RECONSTRUCTION_CALCULATED_INCENTIVE,Calculated incentive was the largest PCA reconstruction deviation (observed 2.75e+04).,Final incentive paid was the next-largest reconstruction deviation (observed 2.75e+04).,"Validate the target, policy tier, adjustment approval, and payout reconciliation before action.",3,expected_incentive,Expected incentive,27500.0,,0.6153846153846154,61.46083200834544
REP_6003efb01f5e,2018-08-01,MGR_31981a685b7e,TEAM_4f4a9410ffcd,TERR_49c0203db75f,RPER_1be9525a312b9b50,injected,0.6605840628704944,PCA_RECONSTRUCTION_CALCULATED_INCENTIVE,Calculated incentive was the largest PCA reconstruction deviation (observed 2.75e+04).,Final incentive paid was the next-largest reconstruction deviation (observed 2.75e+04).,"Validate the target, policy tier, adjustment approval, and payout reconciliation before action.",1,calculated_incentive,Calculated incentive,27500.0,,0.6153846153846154,61.46082727004608
REP_6003efb01f5e,2018-08-01,MGR_31981a685b7e,TEAM_4f4a9410ffcd,TERR_49c0203db75f,RPER_1be9525a312b9b50,injected,0.6605840628704944,PCA_RECONSTRUCTION_CALCULATED_INCENTIVE,Calculated incentive was the largest PCA reconstruction deviation (observed 2.75e+04).,Final incentive paid was the next-largest reconstruction deviation (observed 2.75e+04).,"Validate the target, policy tier, adjustment approval, and payout reconciliation before action.",2,final_incentive_paid,Final incentive paid,27500.0,27500.0,0.625,61.46082727004608
REP_6003efb01f5e,2018-08-01,MGR_31981a685b7e,TEAM_4f4a9410ffcd,TERR_49c0203db75f,RPER_1be9525a312b9b50,injected,0.6605840628704944,PCA_RECONSTRUCTION_CALCULATED_INCENTIVE,Calculated incentive was the largest PCA reconstruction deviation (observed 2.75e+04).,Final incentive paid was the next-largest reconstruction deviation (observed 2.75e+04).,"Validate the target, policy tier, adjustment approval, and payout reconciliation before action.",3,expected_incentive,Expected incentive,27500.0,,0.6153846153846154,61.46082727004608
REP_6003efb01f5e,2018-09-01,MGR_31981a685b7e,TEAM_4f4a9410ffcd,TERR_49c0203db75f,RPER_1a7dd926b4d535ea,injected,0.6988999206602581,PCA_RECONSTRUCTION_CALCULATED_INCENTIVE,Calculated incentive was the largest PCA reconstruction deviation (observed 2.75e+04).,Final incentive paid was the next-largest reconstruction deviation (observed 2.75e+04).,"Validate the target, policy tier, adjustment approval, and payout reconciliation before action.",1,calculated_incentive,Calculated incentive,27500.0,,0.6538461538461539,61.46082644009184
REP_6003efb01f5e,2018-09-01,MGR_31981a685b7e,TEAM_4f4a9410ffcd,TERR_49c0203db75f,RPER_1a7dd926b4d535ea,injected,0.6988999206602581,PCA_RECONSTRUCTION_CALCULATED_INCENTIVE,Calculated incentive was the largest PCA reconstruction deviation (observed 2.75e+04).,Final incentive paid was the next-largest reconstruction deviation (observed 2.75e+04).,"Validate the target, policy tier, adjustment approval, and payout reconciliation before action.",2,final_incentive_paid,Final incentive paid,27500.0,27500.0,0.75,61.46082644009184
REP_6003efb01f5e,2018-09-01,MGR_31981a685b7e,TEAM_4f4a9410ffcd,TERR_49c0203db75f,RPER_1a7dd926b4d535ea,injected,0.6988999206602581,PCA_RECONSTRUCTION_CALCULATED_INCENTIVE,Calculated incentive was the largest PCA reconstruction deviation (observed 2.75e+04).,Final incentive paid was the next-largest reconstruction deviation (observed 2.75e+04).,"Validate the target, policy tier, adjustment approval, and payout reconciliation before action.",3,expected_incentive,Expected incentive,27500.0,,0.6538461538461539,61.46082644009184
REP_6003efb01f5e,2018-10-01,MGR_31981a685b7e,TEAM_4f4a9410ffcd,TERR_49c0203db75f,RPER_b5d74d68c7ba1311,injected,0.7161750056190648,PCA_RECONSTRUCTION_CALCULATED_INCENTIVE,Calculated incentive was the largest PCA reconstruction deviation (observed 2.75e+04).,Final incentive paid was the next-largest reconstruction deviation (observed 2.75e+04).,"Validate the target, policy tier, adjustment approval, and payout reconciliation before action.",1,calculated_incentive,Calculated incentive,27500.0,,0.5384615384615384,61.46082917367355
REP_6003efb01f5e,2018-10-01,MGR_31981a685b7e,TEAM_4f4a9410ffcd,TERR_49c0203db75f,RPER_b5d74d68c7ba1311,injected,0.7161750056190648,PCA_RECONSTRUCTION_CALCULATED_INCENTIVE,Calculated incentive was the largest PCA reconstruction deviation (observed 2.75e+04).,Final incentive paid was the next-largest reconstruction deviation (observed 2.75e+04).,"Validate the target, policy tier, adjustment approval, and payout reconciliation before action.",2,final_incentive_paid,Final incentive paid,27500.0,27500.0,0.625,61.46082917367355
REP_6003efb01f5e,2018-10-01,MGR_31981a685b7e,TEAM_4f4a9410ffcd,TERR_49c0203db75f,RPER_b5d74d68c7ba1311,injected,0.7161750056190648,PCA_RECONSTRUCTION_CALCULATED_INCENTIVE,Calculated incentive was the largest PCA reconstruction deviation (observed 2.75e+04).,Final incentive paid was the next-largest reconstruction deviation (observed 2.75e+04).,"Validate the target, policy tier, adjustment approval, and payout reconciliation before action.",3,expected_incentive,Expected incentive,27500.0,,0.5384615384615384,61.46082917367355
REP_6003efb01f5e,2018-11-01,MGR_31981a685b7e,TEAM_4f4a9410ffcd,TERR_49c0203db75f,RPER_3df1931a7fa7a373,injected,0.6620033820218191,PCA_RECONSTRUCTION_CALCULATED_INCENTIVE,Calculated incentive was the largest PCA reconstruction deviation (observed 2.75e+04).,Final incentive paid was the next-largest reconstruction deviation (observed 2.75e+04).,"Validate the target, policy tier, adjustment approval, and payout reconciliation before action.",1,calculated_incentive,Calculated incentive,27500.0,,0.6923076923076923,61.4608293999554
REP_6003efb01f5e,2018-11-01,MGR_31981a685b7e,TEAM_4f4a9410ffcd,TERR_49c0203db75f,RPER_3df1931a7fa7a373,injected,0.6620033820218191,PCA_RECONSTRUCTION_CALCULATED_INCENTIVE,Calculated incentive was the largest PCA reconstruction deviation (observed 2.75e+04).,Final incentive paid was the next-largest reconstruction deviation (observed 2.75e+04).,"Validate the target, policy tier, adjustment approval, and payout reconciliation before action.",2,final_incentive_paid,Final incentive paid,27500.0,27500.0,0.75,61.4608293999554
REP_6003efb01f5e,2018-11-01,MGR_31981a685b7e,TEAM_4f4a9410ffcd,TERR_49c0203db75f,RPER_3df1931a7fa7a373,injected,0.6620033820218191,PCA_RECONSTRUCTION_CALCULATED_INCENTIVE,Calculated incentive was the largest PCA reconstruction deviation (observed 2.75e+04).,Final incentive paid was the next-largest reconstruction deviation (observed 2.75e+04).,"Validate the target, policy tier, adjustment approval, and payout reconciliation before action.",3,expected_incentive,Expected incentive,27500.0,,0.6923076923076923,61.4608293999554
REP_6003efb01f5e,2018-12-01,MGR_31981a685b7e,TEAM_4f4a9410ffcd,TERR_49c0203db75f,RPER_30d10d636bd623f0,injected,0.9851114515353827,PCA_RECONSTRUCTION_INCENTIVE_PEER_MEDIAN,Incentive peer median was the largest PCA reconstruction deviation (observed 0).,Calculated incentive was the next-largest reconstruction deviation (observed 0).,"Validate the target, policy tier, adjustment approval, and payout reconciliation before action.",1,incentive_peer_median,Incentive peer median,0.0,,0.15384615384615385,10704.06732554709
REP_6003efb01f5e,2018-12-01,MGR_31981a685b7e,TEAM_4f4a9410ffcd,TERR_49c0203db75f,RPER_30d10d636bd623f0,injected,0.9851114515353827,PCA_RECONSTRUCTION_INCENTIVE_PEER_MEDIAN,Incentive peer median was the largest PCA reconstruction deviation (observed 0).,Calculated incentive was the next-largest reconstruction deviation (observed 0).,"Validate the target, policy tier, adjustment approval, and payout reconciliation before action.",2,calculated_incentive,Calculated incentive,0.0,,0.23076923076923078,9883.131744247754
REP_6003efb01f5e,2018-12-01,MGR_31981a685b7e,TEAM_4f4a9410ffcd,TERR_49c0203db75f,RPER_30d10d636bd623f0,injected,0.9851114515353827,PCA_RECONSTRUCTION_INCENTIVE_PEER_MEDIAN,Incentive peer median was the largest PCA reconstruction deviation (observed 0).,Calculated incentive was the next-largest reconstruction deviation (observed 0).,"Validate the target, policy tier, adjustment approval, and payout reconciliation before action.",3,final_incentive_paid,Final incentive paid,0.0,0.0,0.5,9883.131744247754
REP_6003efb01f5e,2019-01-01,MGR_31981a685b7e,TEAM_4f4a9410ffcd,TERR_49c0203db75f,RPER_8a5c9e1ff8ccb1a8,injected,0.9315943583227153,PCA_RECONSTRUCTION_CALCULATED_INCENTIVE,Calculated incentive was the largest PCA reconstruction deviation (observed 0).,Expected incentive was the next-largest reconstruction deviation (observed 0).,"Validate the target, policy tier, adjustment approval, and payout reconciliation before action.",1,calculated_incentive,Calculated incentive,0.0,,0.5384615384615384,9883.13411161294
REP_6003efb01f5e,2019-01-01,MGR_31981a685b7e,TEAM_4f4a9410ffcd,TERR_49c0203db75f,RPER_8a5c9e1ff8ccb1a8,injected,0.9315943583227153,PCA_RECONSTRUCTION_CALCULATED_INCENTIVE,Calculated incentive was the largest PCA reconstruction deviation (observed 0).,Expected incentive was the next-largest reconstruction deviation (observed 0).,"Validate the target, policy tier, adjustment approval, and payout reconciliation before action.",2,expected_incentive,Expected incentive,0.0,,0.5384615384615384,9883.13411161294
REP_6003efb01f5e,2019-01-01,MGR_31981a685b7e,TEAM_4f4a9410ffcd,TERR_49c0203db75f,RPER_8a5c9e1ff8ccb1a8,injected,0.9315943583227153,PCA_RECONSTRUCTION_CALCULATED_INCENTIVE,Calculated incentive was the largest PCA reconstruction deviation (observed 0).,Expected incentive was the next-largest reconstruction deviation (observed 0).,"Validate the target, policy tier, adjustment approval, and payout reconciliation before action.",3,incentive_peer_median,Incentive peer median,295.9,,0.8846153846153846,1911.6789406011455
REP_6003efb01f5e,2019-02-01,MGR_31981a685b7e,TEAM_4f4a9410ffcd,TERR_49c0203db75f,RPER_3b7ee9bc174a5780,injected,0.7749482068535846,PCA_RECONSTRUCTION_CALCULATED_INCENTIVE,Calculated incentive was the largest PCA reconstruction deviation (observed 3e+04).,Final incentive paid was the next-largest reconstruction deviation (observed 3e+04).,"Validate the target, policy tier, adjustment approval, and payout reconciliation before action.",1,calculated_incentive,Calculated incentive,30000.0,,0.5769230769230769,76.60848529539659
REP_6003efb01f5e,2019-02-01,MGR_31981a685b7e,TEAM_4f4a9410ffcd,TERR_49c0203db75f,RPER_3b7ee9bc174a5780,injected,0.7749482068535846,PCA_RECONSTRUCTION_CALCULATED_INCENTIVE,Calculated incentive was the largest PCA reconstruction deviation (observed 3e+04).,Final incentive paid was the next-largest reconstruction deviation (observed 3e+04).,"Validate the target, policy tier, adjustment approval, and payout reconciliation before action.",2,final_incentive_paid,Final incentive paid,30000.0,30000.0,0.625,76.60848529539659
REP_6003efb01f5e,2019-02-01,MGR_31981a685b7e,TEAM_4f4a9410ffcd,TERR_49c0203db75f,RPER_3b7ee9bc174a5780,injected,0.7749482068535846,PCA_RECONSTRUCTION_CALCULATED_INCENTIVE,Calculated incentive was the largest PCA reconstruction deviation (observed 3e+04).,Final incentive paid was the next-largest reconstruction deviation (observed 3e+04).,"Validate the target, policy tier, adjustment approval, and payout reconciliation before action.",3,expected_incentive,Expected incentive,30000.0,,0.5769230769230769,76.60848529539659
REP_6003efb01f5e,2019-03-01,MGR_31981a685b7e,TEAM_4f4a9410ffcd,TERR_49c0203db75f,RPER_3bdecb19388b7eaa,injected,0.7518130451041605,PCA_RECONSTRUCTION_CALCULATED_INCENTIVE,Calculated incentive was the largest PCA reconstruction deviation (observed 3e+04).,Final incentive paid was the next-largest reconstruction deviation (observed 3e+04).,"Validate the target, policy tier, adjustment approval, and payout reconciliation before action.",1,calculated_incentive,Calculated incentive,30000.0,,0.5769230769230769,76.60848059200154
REP_6003efb01f5e,2019-03-01,MGR_31981a685b7e,TEAM_4f4a9410ffcd,TERR_49c0203db75f,RPER_3bdecb19388b7eaa,injected,0.7518130451041605,PCA_RECONSTRUCTION_CALCULATED_INCENTIVE,Calculated incentive was the largest PCA reconstruction deviation (observed 3e+04).,Final incentive paid was the next-largest reconstruction deviation (observed 3e+04).,"Validate the target, policy tier, adjustment approval, and payout reconciliation before action.",2,final_incentive_paid,Final incentive paid,30000.0,30000.0,0.75,76.60848059200154
REP_6003efb01f5e,2019-03-01,MGR_31981a685b7e,TEAM_4f4a9410ffcd,TERR_49c0203db75f,RPER_3bdecb19388b7eaa,injected,0.7518130451041605,PCA_RECONSTRUCTION_CALCULATED_INCENTIVE,Calculated incentive was the largest PCA reconstruction deviation (observed 3e+04).,Final incentive paid was the next-largest reconstruction deviation (observed 3e+04).,"Validate the target, policy tier, adjustment approval, and payout reconciliation before action.",3,expected_incentive,Expected incentive,30000.0,,0.5769230769230769,76.60848059200154
REP_6003efb01f5e,2019-04-01,MGR_31981a685b7e,TEAM_4f4a9410ffcd,TERR_49c0203db75f,RPER_3d67ead7107e2861,injected,0.8153262950935156,PCA_RECONSTRUCTION_CALCULATED_INCENTIVE,Calculated incentive was the largest PCA reconstruction deviation (observed 3e+04).,Final incentive paid was the next-largest reconstruction deviation (observed 3e+04).,"Validate the target, policy tier, adjustment approval, and payout reconciliation before action.",1,calculated_incentive,Calculated incentive,30000.0,,0.8846153846153846,76.60849076729882
REP_6003efb01f5e,2019-04-01,MGR_31981a685b7e,TEAM_4f4a9410ffcd,TERR_49c0203db75f,RPER_3d67ead7107e2861,injected,0.8153262950935156,PCA_RECONSTRUCTION_CALCULATED_INCENTIVE,Calculated incentive was the largest PCA reconstruction deviation (observed 3e+04).,Final incentive paid was the next-largest reconstruction deviation (observed 3e+04).,"Validate the target, policy tier, adjustment approval, and payout reconciliation before action.",2,final_incentive_paid,Final incentive paid,30000.0,21150.71,1.0,76.60849076729882
REP_6003efb01f5e,2019-04-01,MGR_31981a685b7e,TEAM_4f4a9410ffcd,TERR_49c0203db75f,RPER_3d67ead7107e2861,injected,0.8153262950935156,PCA_RECONSTRUCTION_CALCULATED_INCENTIVE,Calculated incentive was the largest PCA reconstruction deviation (observed 3e+04).,Final incentive paid was the next-largest reconstruction deviation (observed 3e+04).,"Validate the target, policy tier, adjustment approval, and payout reconciliation before action.",3,expected_incentive,Expected incentive,30000.0,,0.8846153846153846,76.60849076729882
REP_6daf09991b71,2017-01-01,MGR_4b97498897f6,TEAM_b9dd960c1753,TERR_938541fb7311,RPER_37f9ae5e926e88b3,injected,0.8914893617021277,PCA_RECONSTRUCTION_REP_HISTORICAL_MEAN,Rep historical mean was the largest PCA reconstruction deviation (observed 0).,Rolling sales mean was the next-largest reconstruction deviation (observed 0).,"Validate the source record, peer context, and relevant commercial activity before action.",1,rep_historical_mean,Rep historical mean,0.0,,0.5384615384615384,3413.0018620466044
REP_6daf09991b71,2017-01-01,MGR_4b97498897f6,TEAM_b9dd960c1753,TERR_938541fb7311,RPER_37f9ae5e926e88b3,injected,0.8914893617021277,PCA_RECONSTRUCTION_REP_HISTORICAL_MEAN,Rep historical mean was the largest PCA reconstruction deviation (observed 0).,Rolling sales mean was the next-largest reconstruction deviation (observed 0).,"Validate the source record, peer context, and relevant commercial activity before action.",2,rolling_sales_mean,Rolling sales mean,0.0,,0.5384615384615384,2192.651342158037
REP_6daf09991b71,2017-01-01,MGR_4b97498897f6,TEAM_b9dd960c1753,TERR_938541fb7311,RPER_37f9ae5e926e88b3,injected,0.8914893617021277,PCA_RECONSTRUCTION_REP_HISTORICAL_MEAN,Rep historical mean was the largest PCA reconstruction deviation (observed 0).,Rolling sales mean was the next-largest reconstruction deviation (observed 0).,"Validate the source record, peer context, and relevant commercial activity before action.",3,rolling_sales_std,Rolling sales std,0.0,,0.5384615384615384,293.0223792610312
REP_6daf09991b71,2017-02-01,MGR_4b97498897f6,TEAM_b9dd960c1753,TERR_938541fb7311,RPER_896cb17281bd003c,injected,0.8574468085106383,PCA_RECONSTRUCTION_ROLLING_SALES_STD,Rolling sales std was the largest PCA reconstruction deviation (observed 0).,Rep historical std was the next-largest reconstruction deviation (observed 0).,"Validate the underlying orders, discounts, returns, period timing, and customer context before action.",1,rolling_sales_std,Rolling sales std,0.0,,0.5384615384615384,293.0224659754634
REP_6daf09991b71,2017-02-01,MGR_4b97498897f6,TEAM_b9dd960c1753,TERR_938541fb7311,RPER_896cb17281bd003c,injected,0.8574468085106383,PCA_RECONSTRUCTION_ROLLING_SALES_STD,Rolling sales std was the largest PCA reconstruction deviation (observed 0).,Rep historical std was the next-largest reconstruction deviation (observed 0).,"Validate the underlying orders, discounts, returns, period timing, and customer context before action.",2,rep_historical_std,Rep historical std,0.0,,0.5384615384615384,293.0224659754634
REP_6daf09991b71,2017-02-01,MGR_4b97498897f6,TEAM_b9dd960c1753,TERR_938541fb7311,RPER_896cb17281bd003c,injected,0.8574468085106383,PCA_RECONSTRUCTION_ROLLING_SALES_STD,Rolling sales std was the largest PCA reconstruction deviation (observed 0).,Rep historical std was the next-largest reconstruction deviation (observed 0).,"Validate the underlying orders, discounts, returns, period timing, and customer context before action.",3,calculated_incentive,Calculated incentive,25000.0,,0.5384615384615384,46.83468921560534
REP_6daf09991b71,2017-03-01,MGR_4b97498897f6,TEAM_b9dd960c1753,TERR_938541fb7311,RPER_ec6aaa900fbf77bb,injected,0.019148936170212766,PCA_RECONSTRUCTION_CALCULATED_INCENTIVE,Calculated incentive was the largest PCA reconstruction deviation (observed 1.966e+04).,Final incentive paid was the next-largest reconstruction deviation (observed 1.966e+04).,"Validate the target, policy tier, adjustment approval, and payout reconciliation before action.",1,calculated_incentive,Calculated incentive,19664.91,,0.07692307692307693,18.706410233430795
REP_6daf09991b71,2017-03-01,MGR_4b97498897f6,TEAM_b9dd960c1753,TERR_938541fb7311,RPER_ec6aaa900fbf77bb,injected,0.019148936170212766,PCA_RECONSTRUCTION_CALCULATED_INCENTIVE,Calculated incentive was the largest PCA reconstruction deviation (observed 1.966e+04).,Final incentive paid was the next-largest reconstruction deviation (observed 1.966e+04).,"Validate the target, policy tier, adjustment approval, and payout reconciliation before action.",2,final_incentive_paid,Final incentive paid,19664.91,25000.0,0.3333333333333333,18.706410233430795
REP_6daf09991b71,2017-03-01,MGR_4b97498897f6,TEAM_b9dd960c1753,TERR_938541fb7311,RPER_ec6aaa900fbf77bb,injected,0.019148936170212766,PCA_RECONSTRUCTION_CALCULATED_INCENTIVE,Calculated incentive was the largest PCA reconstruction deviation (observed 1.966e+04).,Final incentive paid was the next-largest reconstruction deviation (observed 1.966e+04).,"Validate the target, policy tier, adjustment approval, and payout reconciliation before action.",3,expected_incentive,Expected incentive,19664.91,,0.07692307692307693,18.706410233430795
REP_6daf09991b71,2017-04-01,MGR_4b97498897f6,TEAM_b9dd960c1753,TERR_938541fb7311,RPER_80494322eb1ea82e,injected,0.7851063829787234,PCA_RECONSTRUCTION_CALCULATED_INCENTIVE,Calculated incentive was the largest PCA reconstruction deviation (observed 2.5e+04).,Final incentive paid was the next-largest reconstruction deviation (observed 2.5e+04).,"Validate the target, policy tier, adjustment approval, and payout reconciliation before action.",1,calculated_incentive,Calculated incentive,25000.0,,0.6923076923076923,46.834669814495946
REP_6daf09991b71,2017-04-01,MGR_4b97498897f6,TEAM_b9dd960c1753,TERR_938541fb7311,RPER_80494322eb1ea82e,injected,0.7851063829787234,PCA_RECONSTRUCTION_CALCULATED_INCENTIVE,Calculated incentive was the largest PCA reconstruction deviation (observed 2.5e+04).,Final incentive paid was the next-largest reconstruction deviation (observed 2.5e+04).,"Validate the target, policy tier, adjustment approval, and payout reconciliation before action.",2,final_incentive_paid,Final incentive paid,25000.0,21295.5,1.0,46.834669814495946
REP_6daf09991b71,2017-04-01,MGR_4b97498897f6,TEAM_b9dd960c1753,TERR_938541fb7311,RPER_80494322eb1ea82e,injected,0.7851063829787234,PCA_RECONSTRUCTION_CALCULATED_INCENTIVE,Calculated incentive was the largest PCA reconstruction deviation (observed 2.5e+04).,Final incentive paid was the next-largest reconstruction deviation (observed 2.5e+04).,"Validate the target, policy tier, adjustment approval, and payout reconciliation before action.",3,expected_incentive,Expected incentive,25000.0,,0.6923076923076923,46.834669814495946
REP_6daf09991b71,2017-05-01,MGR_4b97498897f6,TEAM_b9dd960c1753,TERR_938541fb7311,RPER_3f3d2fd87110dda7,injected,0.12978723404255318,PCA_RECONSTRUCTION_CALCULATED_INCENTIVE,Calculated incentive was the largest PCA reconstruction deviation (observed 2.5e+04).,Final incentive paid was the next-largest reconstruction deviation (observed 2.5e+04).,"Validate the target, policy tier, adjustment approval, and payout reconciliation before action.",1,calculated_incentive,Calculated incentive,25000.0,,0.6153846153846154,46.83466977100237
REP_6daf09991b71,2017-05-01,MGR_4b97498897f6,TEAM_b9dd960c1753,TERR_938541fb7311,RPER_3f3d2fd87110dda7,injected,0.12978723404255318,PCA_RECONSTRUCTION_CALCULATED_INCENTIVE,Calculated incentive was the largest PCA reconstruction deviation (observed 2.5e+04).,Final incentive paid was the next-largest reconstruction deviation (observed 2.5e+04).,"Validate the target, policy tier, adjustment approval, and payout reconciliation before action.",2,final_incentive_paid,Final incentive paid,25000.0,25000.0,0.6666666666666666,46.83466977100237
REP_6daf09991b71,2017-05-01,MGR_4b97498897f6,TEAM_b9dd960c1753,TERR_938541fb7311,RPER_3f3d2fd87110dda7,injected,0.12978723404255318,PCA_RECONSTRUCTION_CALCULATED_INCENTIVE,Calculated incentive was the largest PCA reconstruction deviation (observed 2.5e+04).,Final incentive paid was the next-largest reconstruction deviation (observed 2.5e+04).,"Validate the target, policy tier, adjustment approval, and payout reconciliation before action.",3,expected_incentive,Expected incentive,25000.0,,0.6153846153846154,46.83466977100237
REP_6daf09991b71,2017-06-01,MGR_4b97498897f6,TEAM_b9dd960c1753,TERR_938541fb7311,RPER_22be7c2fdf74636f,injected,0.15106382978723404,PCA_RECONSTRUCTION_CALCULATED_INCENTIVE,Calculated incentive was the largest PCA reconstruction deviation (observed 2.5e+04).,Final incentive paid was the next-largest reconstruction deviation (observed 2.5e+04).,"Validate the target, policy tier, adjustment approval, and payout reconciliation before action.",1,calculated_incentive,Calculated incentive,25000.0,,0.5769230769230769,46.83467135104123
REP_6daf09991b71,2017-06-01,MGR_4b97498897f6,TEAM_b9dd960c1753,TERR_938541fb7311,RPER_22be7c2fdf74636f,injected,0.15106382978723404,PCA_RECONSTRUCTION_CALCULATED_INCENTIVE,Calculated incentive was the largest PCA reconstruction deviation (observed 2.5e+04).,Final incentive paid was the next-largest reconstruction deviation (observed 2.5e+04).,"Validate the target, policy tier, adjustment approval, and payout reconciliation before action.",2,final_incentive_paid,Final incentive paid,25000.0,25000.0,0.6666666666666666,46.83467135104123
REP_6daf09991b71,2017-06-01,MGR_4b97498897f6,TEAM_b9dd960c1753,TERR_938541fb7311,RPER_22be7c2fdf74636f,injected,0.15106382978723404,PCA_RECONSTRUCTION_CALCULATED_INCENTIVE,Calculated incentive was the largest PCA reconstruction deviation (observed 2.5e+04).,Final incentive paid was the next-largest reconstruction deviation (observed 2.5e+04).,"Validate the target, policy tier, adjustment approval, and payout reconciliation before action.",3,expected_incentive,Expected incentive,25000.0,,0.5769230769230769,46.83467135104123
REP_6daf09991b71,2017-07-01,MGR_4b97498897f6,TEAM_b9dd960c1753,TERR_938541fb7311,RPER_cd96586ec5f0d23b,injected,0.3638297872340426,PCA_RECONSTRUCTION_CALCULATED_INCENTIVE,Calculated incentive was the largest PCA reconstruction deviation (observed 2.5e+04).,Final incentive paid was the next-largest reconstruction deviation (observed 2.5e+04).,"Validate the target, policy tier, adjustment approval, and payout reconciliation before action.",1,calculated_incentive,Calculated incentive,25000.0,,0.6153846153846154,46.83466201160657
REP_6daf09991b71,2017-07-01,MGR_4b97498897f6,TEAM_b9dd960c1753,TERR_938541fb7311,RPER_cd96586ec5f0d23b,injected,0.3638297872340426,PCA_RECONSTRUCTION_CALCULATED_INCENTIVE,Calculated incentive was the largest PCA reconstruction deviation (observed 2.5e+04).,Final incentive paid was the next-largest reconstruction deviation (observed 2.5e+04).,"Validate the target, policy tier, adjustment approval, and payout reconciliation before action.",2,final_incentive_paid,Final incentive paid,25000.0,25000.0,0.6666666666666666,46.83466201160657
REP_6daf09991b71,2017-07-01,MGR_4b97498897f6,TEAM_b9dd960c1753,TERR_938541fb7311,RPER_cd96586ec5f0d23b,injected,0.3638297872340426,PCA_RECONSTRUCTION_CALCULATED_INCENTIVE,Calculated incentive was the largest PCA reconstruction deviation (observed 2.5e+04).,Final incentive paid was the next-largest reconstruction deviation (observed 2.5e+04).,"Validate the target, policy tier, adjustment approval, and payout reconciliation before action.",3,expected_incentive,Expected incentive,25000.0,,0.6153846153846154,46.83466201160657
REP_6daf09991b71,2017-08-01,MGR_4b97498897f6,TEAM_b9dd960c1753,TERR_938541fb7311,RPER_8556c369d99f4917,injected,0.010638297872340425,PCA_RECONSTRUCTION_CALCULATED_INCENTIVE,Calculated incentive was the largest PCA reconstruction deviation (observed 1.85e+04).,Final incentive paid was the next-largest reconstruction deviation (observed 1.85e+04).,"Validate the target, policy tier, adjustment approval, and payout reconciliation before action.",1,calculated_incentive,Calculated incentive,18503.38,,0.15384615384615385,13.588942808818922
REP_6daf09991b71,2017-08-01,MGR_4b97498897f6,TEAM_b9dd960c1753,TERR_938541fb7311,RPER_8556c369d99f4917,injected,0.010638297872340425,PCA_RECONSTRUCTION_CALCULATED_INCENTIVE,Calculated incentive was the largest PCA reconstruction deviation (observed 1.85e+04).,Final incentive paid was the next-largest reconstruction deviation (observed 1.85e+04).,"Validate the target, policy tier, adjustment approval, and payout reconciliation before action.",2,final_incentive_paid,Final incentive paid,18503.38,18503.38,0.6666666666666666,13.588942808818922
REP_6daf09991b71,2017-08-01,MGR_4b97498897f6,TEAM_b9dd960c1753,TERR_938541fb7311,RPER_8556c369d99f4917,injected,0.010638297872340425,PCA_RECONSTRUCTION_CALCULATED_INCENTIVE,Calculated incentive was the largest PCA reconstruction deviation (observed 1.85e+04).,Final incentive paid was the next-largest reconstruction deviation (observed 1.85e+04).,"Validate the target, policy tier, adjustment approval, and payout reconciliation before action.",3,expected_incentive,Expected incentive,18503.38,,0.15384615384615385,13.588942808818922
REP_6daf09991b71,2017-09-01,MGR_4b97498897f6,TEAM_b9dd960c1753,TERR_938541fb7311,RPER_e54caf7b538d3e5d,injected,0.1127659574468085,PCA_RECONSTRUCTION_CALCULATED_INCENTIVE,Calculated incentive was the largest PCA reconstruction deviation (observed 2.5e+04).,Final incentive paid was the next-largest reconstruction deviation (observed 2.5e+04).,"Validate the target, policy tier, adjustment approval, and payout reconciliation before action.",1,calculated_incentive,Calculated incentive,25000.0,,0.5384615384615384,46.83466855475399
REP_6daf09991b71,2017-09-01,MGR_4b97498897f6,TEAM_b9dd960c1753,TERR_938541fb7311,RPER_e54caf7b538d3e5d,injected,0.1127659574468085,PCA_RECONSTRUCTION_CALCULATED_INCENTIVE,Calculated incentive was the largest PCA reconstruction deviation (observed 2.5e+04).,Final incentive paid was the next-largest reconstruction deviation (observed 2.5e+04).,"Validate the target, policy tier, adjustment approval, and payout reconciliation before action.",2,final_incentive_paid,Final incentive paid,25000.0,25000.0,0.6666666666666666,46.83466855475399
REP_6daf09991b71,2017-09-01,MGR_4b97498897f6,TEAM_b9dd960c1753,TERR_938541fb7311,RPER_e54caf7b538d3e5d,injected,0.1127659574468085,PCA_RECONSTRUCTION_CALCULATED_INCENTIVE,Calculated incentive was the largest PCA reconstruction deviation (observed 2.5e+04).,Final incentive paid was the next-largest reconstruction deviation (observed 2.5e+04).,"Validate the target, policy tier, adjustment approval, and payout reconciliation before action.",3,expected_incentive,Expected incentive,25000.0,,0.5384615384615384,46.83466855475399
REP_6daf09991b71,2017-10-01,MGR_4b97498897f6,TEAM_b9dd960c1753,TERR_938541fb7311,RPER_37721dcf710dbd5a,injected,0.027659574468085105,PCA_RECONSTRUCTION_CALCULATED_INCENTIVE,Calculated incentive was the largest PCA reconstruction deviation (observed 2.089e+04).,Final incentive paid was the next-largest reconstruction deviation (observed 2.089e+04).,"Validate the target, policy tier, adjustment approval, and payout reconciliation before action.",1,calculated_incentive,Calculated incentive,20887.57,,0.38461538461538464,24.581248275545388
REP_6daf09991b71,2017-10-01,MGR_4b97498897f6,TEAM_b9dd960c1753,TERR_938541fb7311,RPER_37721dcf710dbd5a,injected,0.027659574468085105,PCA_RECONSTRUCTION_CALCULATED_INCENTIVE,Calculated incentive was the largest PCA reconstruction deviation (observed 2.089e+04).,Final incentive paid was the next-largest reconstruction deviation (observed 2.089e+04).,"Validate the target, policy tier, adjustment approval, and payout reconciliation before action.",2,final_incentive_paid,Final incentive paid,20887.57,20887.57,0.6666666666666666,24.581248275545388
REP_6daf09991b71,2017-10-01,MGR_4b97498897f6,TEAM_b9dd960c1753,TERR_938541fb7311,RPER_37721dcf710dbd5a,injected,0.027659574468085105,PCA_RECONSTRUCTION_CALCULATED_INCENTIVE,Calculated incentive was the largest PCA reconstruction deviation (observed 2.089e+04).,Final incentive paid was the next-largest reconstruction deviation (observed 2.089e+04).,"Validate the target, policy tier, adjustment approval, and payout reconciliation before action.",3,expected_incentive,Expected incentive,20887.57,,0.38461538461538464,24.581248275545388
REP_6daf09991b71,2017-11-01,MGR_4b97498897f6,TEAM_b9dd960c1753,TERR_938541fb7311,RPER_9ad4aa624d87f6ed,injected,0.12127659574468085,PCA_RECONSTRUCTION_CALCULATED_INCENTIVE,Calculated incentive was the largest PCA reconstruction deviation (observed 2.5e+04).,Final incentive paid was the next-largest reconstruction deviation (observed 2.5e+04).,"Validate the target, policy tier, adjustment approval, and payout reconciliation before action.",1,calculated_incentive,Calculated incentive,25000.0,,0.6538461538461539,46.834667686307824
REP_6daf09991b71,2017-11-01,MGR_4b97498897f6,TEAM_b9dd960c1753,TERR_938541fb7311,RPER_9ad4aa624d87f6ed,injected,0.12127659574468085,PCA_RECONSTRUCTION_CALCULATED_INCENTIVE,Calculated incentive was the largest PCA reconstruction deviation (observed 2.5e+04).,Final incentive paid was the next-largest reconstruction deviation (observed 2.5e+04).,"Validate the target, policy tier, adjustment approval, and payout reconciliation before action.",2,final_incentive_paid,Final incentive paid,25000.0,25000.0,0.8333333333333334,46.834667686307824
REP_6daf09991b71,2017-11-01,MGR_4b97498897f6,TEAM_b9dd960c1753,TERR_938541fb7311,RPER_9ad4aa624d87f6ed,injected,0.12127659574468085,PCA_RECONSTRUCTION_CALCULATED_INCENTIVE,Calculated incentive was the largest PCA reconstruction deviation (observed 2.5e+04).,Final incentive paid was the next-largest reconstruction deviation (observed 2.5e+04).,"Validate the target, policy tier, adjustment approval, and payout reconciliation before action.",3,expected_incentive,Expected incentive,25000.0,,0.6538461538461539,46.834667686307824
REP_6daf09991b71,2017-12-01,MGR_4b97498897f6,TEAM_b9dd960c1753,TERR_938541fb7311,RPER_e2742b660831a9e2,injected,0.1723404255319149,PCA_RECONSTRUCTION_CALCULATED_INCENTIVE,Calculated incentive was the largest PCA reconstruction deviation (observed 2.5e+04).,Final incentive paid was the next-largest reconstruction deviation (observed 2.5e+04).,"Validate the target, policy tier, adjustment approval, and payout reconciliation before action.",1,calculated_incentive,Calculated incentive,25000.0,,0.7692307692307693,46.834670259510965
REP_6daf09991b71,2017-12-01,MGR_4b97498897f6,TEAM_b9dd960c1753,TERR_938541fb7311,RPER_e2742b660831a9e2,injected,0.1723404255319149,PCA_RECONSTRUCTION_CALCULATED_INCENTIVE,Calculated incentive was the largest PCA reconstruction deviation (observed 2.5e+04).,Final incentive paid was the next-largest reconstruction deviation (observed 2.5e+04).,"Validate the target, policy tier, adjustment approval, and payout reconciliation before action.",2,final_incentive_paid,Final incentive paid,25000.0,25000.0,0.6666666666666666,46.834670259510965
REP_6daf09991b71,2017-12-01,MGR_4b97498897f6,TEAM_b9dd960c1753,TERR_938541fb7311,RPER_e2742b660831a9e2,injected,0.1723404255319149,PCA_RECONSTRUCTION_CALCULATED_INCENTIVE,Calculated incentive was the largest PCA reconstruction deviation (observed 2.5e+04).,Final incentive paid was the next-largest reconstruction deviation (observed 2.5e+04).,"Validate the target, policy tier, adjustment approval, and payout reconciliation before action.",3,expected_incentive,Expected incentive,25000.0,,0.7692307692307693,46.834670259510965
REP_6daf09991b71,2018-01-01,MGR_4b97498897f6,TEAM_b9dd960c1753,TERR_938541fb7311,RPER_d3a4bde8413da68d,injected,0.5893617021276596,PCA_RECONSTRUCTION_CALCULATED_INCENTIVE,Calculated incentive was the largest PCA reconstruction deviation (observed 2.75e+04).,Final incentive paid was the next-largest reconstruction deviation (observed 2.75e+04).,"Validate the target, policy tier, adjustment approval, and payout reconciliation before action.",1,calculated_incentive,Calculated incentive,27500.0,,0.5384615384615384,61.52182414242677
REP_6daf09991b71,2018-01-01,MGR_4b97498897f6,TEAM_b9dd960c1753,TERR_938541fb7311,RPER_d3a4bde8413da68d,injected,0.5893617021276596,PCA_RECONSTRUCTION_CALCULATED_INCENTIVE,Calculated incentive was the largest PCA reconstruction deviation (observed 2.75e+04).,Final incentive paid was the next-largest reconstruction deviation (observed 2.75e+04).,"Validate the target, policy tier, adjustment approval, and payout reconciliation before action.",2,final_incentive_paid,Final incentive paid,27500.0,27500.0,0.6666666666666666,61.52182414242677
REP_6daf09991b71,2018-01-01,MGR_4b97498897f6,TEAM_b9dd960c1753,TERR_938541fb7311,RPER_d3a4bde8413da68d,injected,0.5893617021276596,PCA_RECONSTRUCTION_CALCULATED_INCENTIVE,Calculated incentive was the largest PCA reconstruction deviation (observed 2.75e+04).,Final incentive paid was the next-largest reconstruction deviation (observed 2.75e+04).,"Validate the target, policy tier, adjustment approval, and payout reconciliation before action.",3,expected_incentive,Expected incentive,27500.0,,0.5384615384615384,61.52182414242677
REP_6daf09991b71,2018-02-01,MGR_4b97498897f6,TEAM_b9dd960c1753,TERR_938541fb7311,RPER_354d47e4d0842666,injected,0.4148936170212766,PCA_RECONSTRUCTION_CALCULATED_INCENTIVE,Calculated incentive was the largest PCA reconstruction deviation (observed 2.75e+04).,Final incentive paid was the next-largest reconstruction deviation (observed 2.75e+04).,"Validate the target, policy tier, adjustment approval, and payout reconciliation before action.",1,calculated_incentive,Calculated incentive,27500.0,,0.5769230769230769,61.52182437080034
REP_6daf09991b71,2018-02-01,MGR_4b97498897f6,TEAM_b9dd960c1753,TERR_938541fb7311,RPER_354d47e4d0842666,injected,0.4148936170212766,PCA_RECONSTRUCTION_CALCULATED_INCENTIVE,Calculated incentive was the largest PCA reconstruction deviation (observed 2.75e+04).,Final incentive paid was the next-largest reconstruction deviation (observed 2.75e+04).,"Validate the target, policy tier, adjustment approval, and payout reconciliation before action.",2,final_incentive_paid,Final incentive paid,27500.0,27500.0,0.6666666666666666,61.52182437080034
REP_6daf09991b71,2018-02-01,MGR_4b97498897f6,TEAM_b9dd960c1753,TERR_938541fb7311,RPER_354d47e4d0842666,injected,0.4148936170212766,PCA_RECONSTRUCTION_CALCULATED_INCENTIVE,Calculated incentive was the largest PCA reconstruction deviation (observed 2.75e+04).,Final incentive paid was the next-largest reconstruction deviation (observed 2.75e+04).,"Validate the target, policy tier, adjustment approval, and payout reconciliation before action.",3,expected_incentive,Expected incentive,27500.0,,0.5769230769230769,61.52182437080034
REP_6daf09991b71,2018-03-01,MGR_4b97498897f6,TEAM_b9dd960c1753,TERR_938541fb7311,RPER_ed19a1d09912bed4,injected,0.5,PCA_RECONSTRUCTION_CALCULATED_INCENTIVE,Calculated incentive was the largest PCA reconstruction deviation (observed 2.75e+04).,Final incentive paid was the next-largest reconstruction deviation (observed 2.75e+04).,"Validate the target, policy tier, adjustment approval, and payout reconciliation before action.",1,calculated_incentive,Calculated incentive,27500.0,,0.5384615384615384,61.52182633397421
REP_6daf09991b71,2018-03-01,MGR_4b97498897f6,TEAM_b9dd960c1753,TERR_938541fb7311,RPER_ed19a1d09912bed4,injected,0.5,PCA_RECONSTRUCTION_CALCULATED_INCENTIVE,Calculated incentive was the largest PCA reconstruction deviation (observed 2.75e+04).,Final incentive paid was the next-largest reconstruction deviation (observed 2.75e+04).,"Validate the target, policy tier, adjustment approval, and payout reconciliation before action.",2,final_incentive_paid,Final incentive paid,27500.0,27500.0,0.6666666666666666,61.52182633397421
REP_6daf09991b71,2018-03-01,MGR_4b97498897f6,TEAM_b9dd960c1753,TERR_938541fb7311,RPER_ed19a1d09912bed4,injected,0.5,PCA_RECONSTRUCTION_CALCULATED_INCENTIVE,Calculated incentive was the largest PCA reconstruction deviation (observed 2.75e+04).,Final incentive paid was the next-largest reconstruction deviation (observed 2.75e+04).,"Validate the target, policy tier, adjustment approval, and payout reconciliation before action.",3,expected_incentive,Expected incentive,27500.0,,0.5384615384615384,61.52182633397421
REP_6daf09991b71,2018-04-01,MGR_4b97498897f6,TEAM_b9dd960c1753,TERR_938541fb7311,RPER_a041724f9eec8b57,injected,0.5808510638297872,PCA_RECONSTRUCTION_CALCULATED_INCENTIVE,Calculated incentive was the largest PCA reconstruction deviation (observed 2.75e+04).,Final incentive paid was the next-largest reconstruction deviation (observed 2.75e+04).,"Validate the target, policy tier, adjustment approval, and payout reconciliation before action.",1,calculated_incentive,Calculated incentive,27500.0,,0.7692307692307693,61.521831133261884
REP_6daf09991b71,2018-04-01,MGR_4b97498897f6,TEAM_b9dd960c1753,TERR_938541fb7311,RPER_a041724f9eec8b57,injected,0.5808510638297872,PCA_RECONSTRUCTION_CALCULATED_INCENTIVE,Calculated incentive was the largest PCA reconstruction deviation (observed 2.75e+04).,Final incentive paid was the next-largest reconstruction deviation (observed 2.75e+04).,"Validate the target, policy tier, adjustment approval, and payout reconciliation before action.",2,final_incentive_paid,Final incentive paid,27500.0,27500.0,0.6666666666666666,61.521831133261884
REP_6daf09991b71,2018-04-01,MGR_4b97498897f6,TEAM_b9dd960c1753,TERR_938541fb7311,RPER_a041724f9eec8b57,injected,0.5808510638297872,PCA_RECONSTRUCTION_CALCULATED_INCENTIVE,Calculated incentive was the largest PCA reconstruction deviation (observed 2.75e+04).,Final incentive paid was the next-largest reconstruction deviation (observed 2.75e+04).,"Validate the target, policy tier, adjustment approval, and payout reconciliation before action.",3,expected_incentive,Expected incentive,27500.0,,0.7692307692307693,61.521831133261884
REP_6daf09991b71,2018-05-01,MGR_4b97498897f6,TEAM_b9dd960c1753,TERR_938541fb7311,RPER_21606fda070f2bf4,injected,0.9425531914893617,PCA_RECONSTRUCTION_CALCULATED_INCENTIVE,Calculated incentive was the largest PCA reconstruction deviation (observed 0).,Final incentive paid was the next-largest reconstruction deviation (observed 0).,"Validate the target, policy tier, adjustment approval, and payout reconciliation before action.",1,calculated_incentive,Calculated incentive,0.0,,0.15384615384615385,9882.359692372798
REP_6daf09991b71,2018-05-01,MGR_4b97498897f6,TEAM_b9dd960c1753,TERR_938541fb7311,RPER_21606fda070f2bf4,injected,0.9425531914893617,PCA_RECONSTRUCTION_CALCULATED_INCENTIVE,Calculated incentive was the largest PCA reconstruction deviation (observed 0).,Final incentive paid was the next-largest reconstruction deviation (observed 0).,"Validate the target, policy tier, adjustment approval, and payout reconciliation before action.",2,final_incentive_paid,Final incentive paid,0.0,27500.0,0.3333333333333333,9882.359692372798
REP_6daf09991b71,2018-05-01,MGR_4b97498897f6,TEAM_b9dd960c1753,TERR_938541fb7311,RPER_21606fda070f2bf4,injected,0.9425531914893617,PCA_RECONSTRUCTION_CALCULATED_INCENTIVE,Calculated incentive was the largest PCA reconstruction deviation (observed 0).,Final incentive paid was the next-largest reconstruction deviation (observed 0).,"Validate the target, policy tier, adjustment approval, and payout reconciliation before action.",3,expected_incentive,Expected incentive,0.0,,0.15384615384615385,9882.359692372798
REP_6daf09991b71,2018-06-01,MGR_4b97498897f6,TEAM_b9dd960c1753,TERR_938541fb7311,RPER_017bd59b6981088c,injected,0.8106382978723404,PCA_RECONSTRUCTION_CALCULATED_INCENTIVE,Calculated incentive was the largest PCA reconstruction deviation (observed 2.75e+04).,Final incentive paid was the next-largest reconstruction deviation (observed 2.75e+04).,"Validate the target, policy tier, adjustment approval, and payout reconciliation before action.",1,calculated_incentive,Calculated incentive,27500.0,,0.5769230769230769,61.52182809182585
REP_6daf09991b71,2018-06-01,MGR_4b97498897f6,TEAM_b9dd960c1753,TERR_938541fb7311,RPER_017bd59b6981088c,injected,0.8106382978723404,PCA_RECONSTRUCTION_CALCULATED_INCENTIVE,Calculated incentive was the largest PCA reconstruction deviation (observed 2.75e+04).,Final incentive paid was the next-largest reconstruction deviation (observed 2.75e+04).,"Validate the target, policy tier, adjustment approval, and payout reconciliation before action.",2,final_incentive_paid,Final incentive paid,27500.0,27500.0,0.8333333333333334,61.52182809182585
REP_6daf09991b71,2018-06-01,MGR_4b97498897f6,TEAM_b9dd960c1753,TERR_938541fb7311,RPER_017bd59b6981088c,injected,0.8106382978723404,PCA_RECONSTRUCTION_CALCULATED_INCENTIVE,Calculated incentive was the largest PCA reconstruction deviation (observed 2.75e+04).,Final incentive paid was the next-largest reconstruction deviation (observed 2.75e+04).,"Validate the target, policy tier, adjustment approval, and payout reconciliation before action.",3,expected_incentive,Expected incentive,27500.0,,0.5769230769230769,61.52182809182585
REP_6daf09991b71,2018-07-01,MGR_4b97498897f6,TEAM_b9dd960c1753,TERR_938541fb7311,RPER_32683cbff4226162,injected,0.6912452114368933,PCA_RECONSTRUCTION_CALCULATED_INCENTIVE,Calculated incentive was the largest PCA reconstruction deviation (observed 2.75e+04).,Final incentive paid was the next-largest reconstruction deviation (observed 2.75e+04).,"Validate the target, policy tier, adjustment approval, and payout reconciliation before action.",1,calculated_incentive,Calculated incentive,27500.0,,0.6153846153846154,61.521820244759695
REP_6daf09991b71,2018-07-01,MGR_4b97498897f6,TEAM_b9dd960c1753,TERR_938541fb7311,RPER_32683cbff4226162,injected,0.6912452114368933,PCA_RECONSTRUCTION_CALCULATED_INCENTIVE,Calculated incentive was the largest PCA reconstruction deviation (observed 2.75e+04).,Final incentive paid was the next-largest reconstruction deviation (observed 2.75e+04).,"Validate the target, policy tier, adjustment approval, and payout reconciliation before action.",2,final_incentive_paid,Final incentive paid,27500.0,27500.0,0.6666666666666666,61.521820244759695
REP_6daf09991b71,2018-07-01,MGR_4b97498897f6,TEAM_b9dd960c1753,TERR_938541fb7311,RPER_32683cbff4226162,injected,0.6912452114368933,PCA_RECONSTRUCTION_CALCULATED_INCENTIVE,Calculated incentive was the largest PCA reconstruction deviation (observed 2.75e+04).,Final incentive paid was the next-largest reconstruction deviation (observed 2.75e+04).,"Validate the target, policy tier, adjustment approval, and payout reconciliation before action.",3,expected_incentive,Expected incentive,27500.0,,0.6153846153846154,61.521820244759695
REP_6daf09991b71,2018-08-01,MGR_4b97498897f6,TEAM_b9dd960c1753,TERR_b74f6941cd2d,RPER_d59a15e7b75e4a3a,injected,0.008075682251082872,PCA_RECONSTRUCTION_RETURN_COUNT,Return count was the largest PCA reconstruction deviation (observed 23).,New customer bonus was the next-largest reconstruction deviation (observed 0).,"Validate the underlying orders, discounts, returns, period timing, and customer context before action.",1,return_count,Return count,23.0,,0.5384615384615384,6.446535555737074
REP_6daf09991b71,2018-08-01,MGR_4b97498897f6,TEAM_b9dd960c1753,TERR_b74f6941cd2d,RPER_d59a15e7b75e4a3a,injected,0.008075682251082872,PCA_RECONSTRUCTION_RETURN_COUNT,Return count was the largest PCA reconstruction deviation (observed 23).,New customer bonus was the next-largest reconstruction deviation (observed 0).,"Validate the underlying orders, discounts, returns, period timing, and customer context before action.",2,new_customer_bonus,New customer bonus,0.0,,0.5384615384615384,5.952732221034467
REP_6daf09991b71,2018-08-01,MGR_4b97498897f6,TEAM_b9dd960c1753,TERR_b74f6941cd2d,RPER_d59a15e7b75e4a3a,injected,0.008075682251082872,PCA_RECONSTRUCTION_RETURN_COUNT,Return count was the largest PCA reconstruction deviation (observed 23).,New customer bonus was the next-largest reconstruction deviation (observed 0).,"Validate the underlying orders, discounts, returns, period timing, and customer context before action.",3,post_payout_return_amount,Post payout return amount,1678.932462982608,,0.07692307692307693,5.717045614998269
REP_6daf09991b71,2018-09-01,MGR_4b97498897f6,TEAM_b9dd960c1753,TERR_938541fb7311,RPER_6769500bd74943a9,injected,0.7511871244914439,PCA_RECONSTRUCTION_CALCULATED_INCENTIVE,Calculated incentive was the largest PCA reconstruction deviation (observed 2.75e+04).,Final incentive paid was the next-largest reconstruction deviation (observed 2.75e+04).,"Validate the target, policy tier, adjustment approval, and payout reconciliation before action.",1,calculated_incentive,Calculated incentive,27500.0,,0.6538461538461539,61.5218272244753
REP_6daf09991b71,2018-09-01,MGR_4b97498897f6,TEAM_b9dd960c1753,TERR_938541fb7311,RPER_6769500bd74943a9,injected,0.7511871244914439,PCA_RECONSTRUCTION_CALCULATED_INCENTIVE,Calculated incentive was the largest PCA reconstruction deviation (observed 2.75e+04).,Final incentive paid was the next-largest reconstruction deviation (observed 2.75e+04).,"Validate the target, policy tier, adjustment approval, and payout reconciliation before action.",2,final_incentive_paid,Final incentive paid,27500.0,16284.87,1.0,61.5218272244753
REP_6daf09991b71,2018-09-01,MGR_4b97498897f6,TEAM_b9dd960c1753,TERR_938541fb7311,RPER_6769500bd74943a9,injected,0.7511871244914439,PCA_RECONSTRUCTION_CALCULATED_INCENTIVE,Calculated incentive was the largest PCA reconstruction deviation (observed 2.75e+04).,Final incentive paid was the next-largest reconstruction deviation (observed 2.75e+04).,"Validate the target, policy tier, adjustment approval, and payout reconciliation before action.",3,expected_incentive,Expected incentive,27500.0,,0.6538461538461539,61.5218272244753
REP_6daf09991b71,2018-10-01,MGR_4b97498897f6,TEAM_b9dd960c1753,TERR_938541fb7311,RPER_34f5fade9ecc9d81,injected,0.6960645188918566,PCA_RECONSTRUCTION_CALCULATED_INCENTIVE,Calculated incentive was the largest PCA reconstruction deviation (observed 2.75e+04).,Final incentive paid was the next-largest reconstruction deviation (observed 2.75e+04).,"Validate the target, policy tier, adjustment approval, and payout reconciliation before action.",1,calculated_incentive,Calculated incentive,27500.0,,0.5384615384615384,61.5218198021912
REP_6daf09991b71,2018-10-01,MGR_4b97498897f6,TEAM_b9dd960c1753,TERR_938541fb7311,RPER_34f5fade9ecc9d81,injected,0.6960645188918566,PCA_RECONSTRUCTION_CALCULATED_INCENTIVE,Calculated incentive was the largest PCA reconstruction deviation (observed 2.75e+04).,Final incentive paid was the next-largest reconstruction deviation (observed 2.75e+04).,"Validate the target, policy tier, adjustment approval, and payout reconciliation before action.",2,final_incentive_paid,Final incentive paid,27500.0,27500.0,0.6666666666666666,61.5218198021912
REP_6daf09991b71,2018-10-01,MGR_4b97498897f6,TEAM_b9dd960c1753,TERR_938541fb7311,RPER_34f5fade9ecc9d81,injected,0.6960645188918566,PCA_RECONSTRUCTION_CALCULATED_INCENTIVE,Calculated incentive was the largest PCA reconstruction deviation (observed 2.75e+04).,Final incentive paid was the next-largest reconstruction deviation (observed 2.75e+04).,"Validate the target, policy tier, adjustment approval, and payout reconciliation before action.",3,expected_incentive,Expected incentive,27500.0,,0.5384615384615384,61.5218198021912
REP_6daf09991b71,2018-11-01,MGR_4b97498897f6,TEAM_b9dd960c1753,TERR_938541fb7311,RPER_48afb0a0a8fb77a5,injected,0.4260827675206763,PCA_RECONSTRUCTION_CALCULATED_INCENTIVE,Calculated incentive was the largest PCA reconstruction deviation (observed 2.17e+04).,Final incentive paid was the next-largest reconstruction deviation (observed 2.17e+04).,"Validate the target, policy tier, adjustment approval, and payout reconciliation before action.",1,calculated_incentive,Calculated incentive,21703.05,,0.15384615384615385,28.727173949285746
REP_6daf09991b71,2018-11-01,MGR_4b97498897f6,TEAM_b9dd960c1753,TERR_938541fb7311,RPER_48afb0a0a8fb77a5,injected,0.4260827675206763,PCA_RECONSTRUCTION_CALCULATED_INCENTIVE,Calculated incentive was the largest PCA reconstruction deviation (observed 2.17e+04).,Final incentive paid was the next-largest reconstruction deviation (observed 2.17e+04).,"Validate the target, policy tier, adjustment approval, and payout reconciliation before action.",2,final_incentive_paid,Final incentive paid,21703.05,27500.0,0.3333333333333333,28.727173949285746
REP_6daf09991b71,2018-11-01,MGR_4b97498897f6,TEAM_b9dd960c1753,TERR_938541fb7311,RPER_48afb0a0a8fb77a5,injected,0.4260827675206763,PCA_RECONSTRUCTION_CALCULATED_INCENTIVE,Calculated incentive was the largest PCA reconstruction deviation (observed 2.17e+04).,Final incentive paid was the next-largest reconstruction deviation (observed 2.17e+04).,"Validate the target, policy tier, adjustment approval, and payout reconciliation before action.",3,expected_incentive,Expected incentive,21703.05,,0.15384615384615385,28.727173949285746
REP_6daf09991b71,2018-12-01,MGR_4b97498897f6,TEAM_b9dd960c1753,TERR_938541fb7311,RPER_710d0ff66c0f09e5,injected,0.9616393806367673,PCA_RECONSTRUCTION_CALCULATED_INCENTIVE,Calculated incentive was the largest PCA reconstruction deviation (observed 0).,Final incentive paid was the next-largest reconstruction deviation (observed 0).,"Validate the target, policy tier, adjustment approval, and payout reconciliation before action.",1,calculated_incentive,Calculated incentive,0.0,,0.23076923076923078,9882.359694966854
REP_6daf09991b71,2018-12-01,MGR_4b97498897f6,TEAM_b9dd960c1753,TERR_938541fb7311,RPER_710d0ff66c0f09e5,injected,0.9616393806367673,PCA_RECONSTRUCTION_CALCULATED_INCENTIVE,Calculated incentive was the largest PCA reconstruction deviation (observed 0).,Final incentive paid was the next-largest reconstruction deviation (observed 0).,"Validate the target, policy tier, adjustment approval, and payout reconciliation before action.",2,final_incentive_paid,Final incentive paid,0.0,22408.79,0.3333333333333333,9882.359694966854
REP_6daf09991b71,2018-12-01,MGR_4b97498897f6,TEAM_b9dd960c1753,TERR_938541fb7311,RPER_710d0ff66c0f09e5,injected,0.9616393806367673,PCA_RECONSTRUCTION_CALCULATED_INCENTIVE,Calculated incentive was the largest PCA reconstruction deviation (observed 0).,Final incentive paid was the next-largest reconstruction deviation (observed 0).,"Validate the target, policy tier, adjustment approval, and payout reconciliation before action.",3,expected_incentive,Expected incentive,0.0,,0.23076923076923078,9882.359694966854
REP_6daf09991b71,2019-01-01,MGR_4b97498897f6,TEAM_b9dd960c1753,TERR_938541fb7311,RPER_adb7425d1ba527fb,injected,0.9965187143318572,PCA_RECONSTRUCTION_UNAPPROVED_DISCOUNT_RATE,Unapproved discount rate was the largest PCA reconstruction deviation (observed 0.2016).,Incentive peer median was the next-largest reconstruction deviation (observed 0).,"Validate the underlying orders, discounts, returns, period timing, and customer context before action.",1,unapproved_discount_rate,Unapproved discount rate,0.20158102766798414,,1.0,11477.986805159137
REP_6daf09991b71,2019-01-01,MGR_4b97498897f6,TEAM_b9dd960c1753,TERR_938541fb7311,RPER_adb7425d1ba527fb,injected,0.9965187143318572,PCA_RECONSTRUCTION_UNAPPROVED_DISCOUNT_RATE,Unapproved discount rate was the largest PCA reconstruction deviation (observed 0.2016).,Incentive peer median was the next-largest reconstruction deviation (observed 0).,"Validate the underlying orders, discounts, returns, period timing, and customer context before action.",2,incentive_peer_median,Incentive peer median,0.0,,0.38461538461538464,10703.677003513481
REP_6daf09991b71,2019-01-01,MGR_4b97498897f6,TEAM_b9dd960c1753,TERR_938541fb7311,RPER_adb7425d1ba527fb,injected,0.9965187143318572,PCA_RECONSTRUCTION_UNAPPROVED_DISCOUNT_RATE,Unapproved discount rate was the largest PCA reconstruction deviation (observed 0.2016).,Incentive peer median was the next-largest reconstruction deviation (observed 0).,"Validate the underlying orders, discounts, returns, period timing, and customer context before action.",3,calculated_incentive,Calculated incentive,0.0,,0.5384615384615384,9882.35822603567
REP_6daf09991b71,2019-02-01,MGR_4b97498897f6,TEAM_b9dd960c1753,TERR_938541fb7311,RPER_60f84efc12907586,injected,0.8836722548325393,PCA_RECONSTRUCTION_UNUSUAL_ORDER_TIMING_SCORE,Unusual order timing score was the largest PCA reconstruction deviation (observed 0.7439).,Post incentive return rate was the next-largest reconstruction deviation (observed 0.2111).,"Validate the underlying orders, discounts, returns, period timing, and customer context before action.",1,unusual_order_timing_score,Unusual order timing score,0.7439024390243902,,1.0,669.4826820428705
REP_6daf09991b71,2019-02-01,MGR_4b97498897f6,TEAM_b9dd960c1753,TERR_938541fb7311,RPER_60f84efc12907586,injected,0.8836722548325393,PCA_RECONSTRUCTION_UNUSUAL_ORDER_TIMING_SCORE,Unusual order timing score was the largest PCA reconstruction deviation (observed 0.7439).,Post incentive return rate was the next-largest reconstruction deviation (observed 0.2111).,"Validate the underlying orders, discounts, returns, period timing, and customer context before action.",2,post_incentive_return_rate,Post incentive return rate,0.21113247187199677,,1.0,394.65268477149755
REP_6daf09991b71,2019-02-01,MGR_4b97498897f6,TEAM_b9dd960c1753,TERR_938541fb7311,RPER_60f84efc12907586,injected,0.8836722548325393,PCA_RECONSTRUCTION_UNUSUAL_ORDER_TIMING_SCORE,Unusual order timing score was the largest PCA reconstruction deviation (observed 0.7439).,Post incentive return rate was the next-largest reconstruction deviation (observed 0.2111).,"Validate the underlying orders, discounts, returns, period timing, and customer context before action.",3,month_over_month_behavior_change,Month over month behavior change,2.3215699816420496,,1.0,180.8295362867309
REP_6daf09991b71,2019-03-01,MGR_4b97498897f6,TEAM_b9dd960c1753,TERR_938541fb7311,RPER_95fef512da106b11,injected,0.8831570052674185,PCA_RECONSTRUCTION_VISIT_CONVERTED_CUSTOMER_COUNT,Visit converted customer count was the largest PCA reconstruction deviation (observed 42).,Return rate was the next-largest reconstruction deviation (observed 0.316).,"Validate visit, CRM, route, and expense records with the representative and manager before action.",1,visit_converted_customer_count,Visit converted customer count,42.0,,0.07692307692307693,242.82762310391752
REP_6daf09991b71,2019-03-01,MGR_4b97498897f6,TEAM_b9dd960c1753,TERR_938541fb7311,RPER_95fef512da106b11,injected,0.8831570052674185,PCA_RECONSTRUCTION_VISIT_CONVERTED_CUSTOMER_COUNT,Visit converted customer count was the largest PCA reconstruction deviation (observed 42).,Return rate was the next-largest reconstruction deviation (observed 0.316).,"Validate visit, CRM, route, and expense records with the representative and manager before action.",2,return_rate,Return rate,0.3159954256964068,,1.0,177.88850766458268
REP_6daf09991b71,2019-03-01,MGR_4b97498897f6,TEAM_b9dd960c1753,TERR_938541fb7311,RPER_95fef512da106b11,injected,0.8831570052674185,PCA_RECONSTRUCTION_VISIT_CONVERTED_CUSTOMER_COUNT,Visit converted customer count was the largest PCA reconstruction deviation (observed 42).,Return rate was the next-largest reconstruction deviation (observed 0.316).,"Validate visit, CRM, route, and expense records with the representative and manager before action.",3,completed_visit_count,Completed visit count,42.0,,0.07692307692307693,141.8996605950514
REP_6daf09991b71,2019-04-01,MGR_4b97498897f6,TEAM_b9dd960c1753,TERR_938541fb7311,RPER_29fc6f9d42016384,injected,0.8132847608812795,PCA_RECONSTRUCTION_ROLLING_ANOMALY_SCORE,Rolling anomaly score was the largest PCA reconstruction deviation (observed 1.171).,"Estimated visit travel km was the next-largest reconstruction deviation (observed 1,756).","Validate the source record, peer context, and relevant commercial activity before action.",1,rolling_anomaly_score,Rolling anomaly score,1.1705863762818882,,1.0,53.56189249563486
REP_6daf09991b71,2019-04-01,MGR_4b97498897f6,TEAM_b9dd960c1753,TERR_938541fb7311,RPER_29fc6f9d42016384,injected,0.8132847608812795,PCA_RECONSTRUCTION_ROLLING_ANOMALY_SCORE,Rolling anomaly score was the largest PCA reconstruction deviation (observed 1.171).,"Estimated visit travel km was the next-largest reconstruction deviation (observed 1,756).","Validate the source record, peer context, and relevant commercial activity before action.",2,estimated_visit_travel_km,Estimated visit travel km,1756.2333874764847,,0.15384615384615385,26.441069880730307
REP_6daf09991b71,2019-04-01,MGR_4b97498897f6,TEAM_b9dd960c1753,TERR_938541fb7311,RPER_29fc6f9d42016384,injected,0.8132847608812795,PCA_RECONSTRUCTION_ROLLING_ANOMALY_SCORE,Rolling anomaly score was the largest PCA reconstruction deviation (observed 1.171).,"Estimated visit travel km was the next-largest reconstruction deviation (observed 1,756).","Validate the source record, peer context, and relevant commercial activity before action.",3,observed_travel_hours,Observed travel hours,41.81508065420201,,0.15384615384615385,26.33352272479004
REP_82f7cb811b80,2017-01-01,MGR_4b97498897f6,TEAM_b9dd960c1753,TERR_938541fb7311,RPER_3d9a8f77d161982f,injected,0.9765957446808511,PCA_RECONSTRUCTION_CALCULATED_INCENTIVE,Calculated incentive was the largest PCA reconstruction deviation (observed 0).,Final incentive paid was the next-largest reconstruction deviation (observed 0).,"Validate the target, policy tier, adjustment approval, and payout reconciliation before action.",1,calculated_incentive,Calculated incentive,0.0,,0.15384615384615385,9882.357903789612
REP_82f7cb811b80,2017-01-01,MGR_4b97498897f6,TEAM_b9dd960c1753,TERR_938541fb7311,RPER_3d9a8f77d161982f,injected,0.9765957446808511,PCA_RECONSTRUCTION_CALCULATED_INCENTIVE,Calculated incentive was the largest PCA reconstruction deviation (observed 0).,Final incentive paid was the next-largest reconstruction deviation (observed 0).,"Validate the target, policy tier, adjustment approval, and payout reconciliation before action.",2,final_incentive_paid,Final incentive paid,0.0,23309.88,0.3333333333333333,9882.357903789612
REP_82f7cb811b80,2017-01-01,MGR_4b97498897f6,TEAM_b9dd960c1753,TERR_938541fb7311,RPER_3d9a8f77d161982f,injected,0.9765957446808511,PCA_RECONSTRUCTION_CALCULATED_INCENTIVE,Calculated incentive was the largest PCA reconstruction deviation (observed 0).,Final incentive paid was the next-largest reconstruction deviation (observed 0).,"Validate the target, policy tier, adjustment approval, and payout reconciliation before action.",3,expected_incentive,Expected incentive,0.0,,0.15384615384615385,9882.357903789612
REP_82f7cb811b80,2017-02-01,MGR_4b97498897f6,TEAM_b9dd960c1753,TERR_938541fb7311,RPER_529455324f4af9c9,injected,0.8319148936170213,PCA_RECONSTRUCTION_ROLLING_SALES_STD,Rolling sales std was the largest PCA reconstruction deviation (observed 0).,Rep historical std was the next-largest reconstruction deviation (observed 0).,"Validate the underlying orders, discounts, returns, period timing, and customer context before action.",1,rolling_sales_std,Rolling sales std,0.0,,0.5384615384615384,293.0224622034626
REP_82f7cb811b80,2017-02-01,MGR_4b97498897f6,TEAM_b9dd960c1753,TERR_938541fb7311,RPER_529455324f4af9c9,injected,0.8319148936170213,PCA_RECONSTRUCTION_ROLLING_SALES_STD,Rolling sales std was the largest PCA reconstruction deviation (observed 0).,Rep historical std was the next-largest reconstruction deviation (observed 0).,"Validate the underlying orders, discounts, returns, period timing, and customer context before action.",2,rep_historical_std,Rep historical std,0.0,,0.5384615384615384,293.0224622034626
REP_82f7cb811b80,2017-02-01,MGR_4b97498897f6,TEAM_b9dd960c1753,TERR_938541fb7311,RPER_529455324f4af9c9,injected,0.8319148936170213,PCA_RECONSTRUCTION_ROLLING_SALES_STD,Rolling sales std was the largest PCA reconstruction deviation (observed 0).,Rep historical std was the next-largest reconstruction deviation (observed 0).,"Validate the underlying orders, discounts, returns, period timing, and customer context before action.",3,calculated_incentive,Calculated incentive,25000.0,,0.5384615384615384,46.834693514333715
REP_82f7cb811b80,2017-03-01,MGR_4b97498897f6,TEAM_b9dd960c1753,TERR_938541fb7311,RPER_3d4af09f9017d599,injected,0.7042553191489361,PCA_RECONSTRUCTION_POST_INCENTIVE_RETURN_RATE,Post incentive return rate was the largest PCA reconstruction deviation (observed 0.1191).,Calculated incentive was the next-largest reconstruction deviation (observed 2.5e+04).,"Validate the target, policy tier, adjustment approval, and payout reconciliation before action.",1,post_incentive_return_rate,Post incentive return rate,0.11906785174938292,,1.0,123.3988651548865
REP_82f7cb811b80,2017-03-01,MGR_4b97498897f6,TEAM_b9dd960c1753,TERR_938541fb7311,RPER_3d4af09f9017d599,injected,0.7042553191489361,PCA_RECONSTRUCTION_POST_INCENTIVE_RETURN_RATE,Post incentive return rate was the largest PCA reconstruction deviation (observed 0.1191).,Calculated incentive was the next-largest reconstruction deviation (observed 2.5e+04).,"Validate the target, policy tier, adjustment approval, and payout reconciliation before action.",2,calculated_incentive,Calculated incentive,25000.0,,0.5769230769230769,46.83466772323967
REP_82f7cb811b80,2017-03-01,MGR_4b97498897f6,TEAM_b9dd960c1753,TERR_938541fb7311,RPER_3d4af09f9017d599,injected,0.7042553191489361,PCA_RECONSTRUCTION_POST_INCENTIVE_RETURN_RATE,Post incentive return rate was the largest PCA reconstruction deviation (observed 0.1191).,Calculated incentive was the next-largest reconstruction deviation (observed 2.5e+04).,"Validate the target, policy tier, adjustment approval, and payout reconciliation before action.",3,final_incentive_paid,Final incentive paid,25000.0,25000.0,0.8333333333333334,46.83466772323967
REP_82f7cb811b80,2017-04-01,MGR_4b97498897f6,TEAM_b9dd960c1753,TERR_938541fb7311,RPER_227925fd80c063e0,injected,0.0574468085106383,PCA_RECONSTRUCTION_CALCULATED_INCENTIVE,Calculated incentive was the largest PCA reconstruction deviation (observed 2.13e+04).,Final incentive paid was the next-largest reconstruction deviation (observed 2.13e+04).,"Validate the target, policy tier, adjustment approval, and payout reconciliation before action.",1,calculated_incentive,Calculated incentive,21295.5,,0.23076923076923078,26.634664330693347
REP_82f7cb811b80,2017-04-01,MGR_4b97498897f6,TEAM_b9dd960c1753,TERR_938541fb7311,RPER_227925fd80c063e0,injected,0.0574468085106383,PCA_RECONSTRUCTION_CALCULATED_INCENTIVE,Calculated incentive was the largest PCA reconstruction deviation (observed 2.13e+04).,Final incentive paid was the next-largest reconstruction deviation (observed 2.13e+04).,"Validate the target, policy tier, adjustment approval, and payout reconciliation before action.",2,final_incentive_paid,Final incentive paid,21295.5,21295.5,0.6666666666666666,26.634664330693347
REP_82f7cb811b80,2017-04-01,MGR_4b97498897f6,TEAM_b9dd960c1753,TERR_938541fb7311,RPER_227925fd80c063e0,injected,0.0574468085106383,PCA_RECONSTRUCTION_CALCULATED_INCENTIVE,Calculated incentive was the largest PCA reconstruction deviation (observed 2.13e+04).,Final incentive paid was the next-largest reconstruction deviation (observed 2.13e+04).,"Validate the target, policy tier, adjustment approval, and payout reconciliation before action.",3,expected_incentive,Expected incentive,21295.5,,0.23076923076923078,26.634664330693347
REP_82f7cb811b80,2017-05-01,MGR_4b97498897f6,TEAM_b9dd960c1753,TERR_938541fb7311,RPER_eac363f76ccbb598,injected,0.1,PCA_RECONSTRUCTION_CALCULATED_INCENTIVE,Calculated incentive was the largest PCA reconstruction deviation (observed 2.5e+04).,Final incentive paid was the next-largest reconstruction deviation (observed 2.5e+04).,"Validate the target, policy tier, adjustment approval, and payout reconciliation before action.",1,calculated_incentive,Calculated incentive,25000.0,,0.6153846153846154,46.834669195825875
REP_82f7cb811b80,2017-05-01,MGR_4b97498897f6,TEAM_b9dd960c1753,TERR_938541fb7311,RPER_eac363f76ccbb598,injected,0.1,PCA_RECONSTRUCTION_CALCULATED_INCENTIVE,Calculated incentive was the largest PCA reconstruction deviation (observed 2.5e+04).,Final incentive paid was the next-largest reconstruction deviation (observed 2.5e+04).,"Validate the target, policy tier, adjustment approval, and payout reconciliation before action.",2,final_incentive_paid,Final incentive paid,25000.0,25000.0,0.6666666666666666,46.834669195825875
REP_82f7cb811b80,2017-05-01,MGR_4b97498897f6,TEAM_b9dd960c1753,TERR_938541fb7311,RPER_eac363f76ccbb598,injected,0.1,PCA_RECONSTRUCTION_CALCULATED_INCENTIVE,Calculated incentive was the largest PCA reconstruction deviation (observed 2.5e+04).,Final incentive paid was the next-largest reconstruction deviation (observed 2.5e+04).,"Validate the target, policy tier, adjustment approval, and payout reconciliation before action.",3,expected_incentive,Expected incentive,25000.0,,0.6153846153846154,46.834669195825875
REP_82f7cb811b80,2017-06-01,MGR_4b97498897f6,TEAM_b9dd960c1753,TERR_938541fb7311,RPER_0de6c2fb39c0fa97,injected,0.46170212765957447,PCA_RECONSTRUCTION_CALCULATED_INCENTIVE,Calculated incentive was the largest PCA reconstruction deviation (observed 2.5e+04).,Final incentive paid was the next-largest reconstruction deviation (observed 2.5e+04).,"Validate the target, policy tier, adjustment approval, and payout reconciliation before action.",1,calculated_incentive,Calculated incentive,25000.0,,0.5769230769230769,46.83466593537084
REP_82f7cb811b80,2017-06-01,MGR_4b97498897f6,TEAM_b9dd960c1753,TERR_938541fb7311,RPER_0de6c2fb39c0fa97,injected,0.46170212765957447,PCA_RECONSTRUCTION_CALCULATED_INCENTIVE,Calculated incentive was the largest PCA reconstruction deviation (observed 2.5e+04).,Final incentive paid was the next-largest reconstruction deviation (observed 2.5e+04).,"Validate the target, policy tier, adjustment approval, and payout reconciliation before action.",2,final_incentive_paid,Final incentive paid,25000.0,25000.0,0.6666666666666666,46.83466593537084
REP_82f7cb811b80,2017-06-01,MGR_4b97498897f6,TEAM_b9dd960c1753,TERR_938541fb7311,RPER_0de6c2fb39c0fa97,injected,0.46170212765957447,PCA_RECONSTRUCTION_CALCULATED_INCENTIVE,Calculated incentive was the largest PCA reconstruction deviation (observed 2.5e+04).,Final incentive paid was the next-largest reconstruction deviation (observed 2.5e+04).,"Validate the target, policy tier, adjustment approval, and payout reconciliation before action.",3,expected_incentive,Expected incentive,25000.0,,0.5769230769230769,46.83466593537084
REP_82f7cb811b80,2017-07-01,MGR_4b97498897f6,TEAM_b9dd960c1753,TERR_938541fb7311,RPER_75372989c9a783cf,injected,0.06595744680851064,PCA_RECONSTRUCTION_CALCULATED_INCENTIVE,Calculated incentive was the largest PCA reconstruction deviation (observed 2.5e+04).,Final incentive paid was the next-largest reconstruction deviation (observed 2.5e+04).,"Validate the target, policy tier, adjustment approval, and payout reconciliation before action.",1,calculated_incentive,Calculated incentive,25000.0,,0.6153846153846154,46.834666326002896
REP_82f7cb811b80,2017-07-01,MGR_4b97498897f6,TEAM_b9dd960c1753,TERR_938541fb7311,RPER_75372989c9a783cf,injected,0.06595744680851064,PCA_RECONSTRUCTION_CALCULATED_INCENTIVE,Calculated incentive was the largest PCA reconstruction deviation (observed 2.5e+04).,Final incentive paid was the next-largest reconstruction deviation (observed 2.5e+04).,"Validate the target, policy tier, adjustment approval, and payout reconciliation before action.",2,final_incentive_paid,Final incentive paid,25000.0,25000.0,0.6666666666666666,46.834666326002896
REP_82f7cb811b80,2017-07-01,MGR_4b97498897f6,TEAM_b9dd960c1753,TERR_938541fb7311,RPER_75372989c9a783cf,injected,0.06595744680851064,PCA_RECONSTRUCTION_CALCULATED_INCENTIVE,Calculated incentive was the largest PCA reconstruction deviation (observed 2.5e+04).,Final incentive paid was the next-largest reconstruction deviation (observed 2.5e+04).,"Validate the target, policy tier, adjustment approval, and payout reconciliation before action.",3,expected_incentive,Expected incentive,25000.0,,0.6153846153846154,46.834666326002896
REP_82f7cb811b80,2017-08-01,MGR_4b97498897f6,TEAM_b9dd960c1753,TERR_938541fb7311,RPER_de6480c0290ced39,injected,0.006382978723404255,PCA_RECONSTRUCTION_INCENTIVE_PEER_PERCENTILE,Incentive peer percentile was 0.3333 versus a comparable-representative reference of 1.85e+04; it was the largest PCA reconstruction deviation.,Rep historical mean was the next-largest reconstruction deviation (observed 1.268e+07).,"Validate the target, policy tier, adjustment approval, and payout reconciliation before action.",1,incentive_peer_percentile,Incentive peer percentile,0.3333333333333333,18503.38,0.15384615384615385,8.238091374767576
REP_82f7cb811b80,2017-08-01,MGR_4b97498897f6,TEAM_b9dd960c1753,TERR_938541fb7311,RPER_de6480c0290ced39,injected,0.006382978723404255,PCA_RECONSTRUCTION_INCENTIVE_PEER_PERCENTILE,Incentive peer percentile was 0.3333 versus a comparable-representative reference of 1.85e+04; it was the largest PCA reconstruction deviation.,Rep historical mean was the next-largest reconstruction deviation (observed 1.268e+07).,"Validate the target, policy tier, adjustment approval, and payout reconciliation before action.",2,rep_historical_mean,Rep historical mean,12683441.630133161,,0.07692307692307693,7.761482145306439
REP_82f7cb811b80,2017-08-01,MGR_4b97498897f6,TEAM_b9dd960c1753,TERR_938541fb7311,RPER_de6480c0290ced39,injected,0.006382978723404255,PCA_RECONSTRUCTION_INCENTIVE_PEER_PERCENTILE,Incentive peer percentile was 0.3333 versus a comparable-representative reference of 1.85e+04; it was the largest PCA reconstruction deviation.,Rep historical mean was the next-largest reconstruction deviation (observed 1.268e+07).,"Validate the target, policy tier, adjustment approval, and payout reconciliation before action.",3,calculated_incentive,Calculated incentive,16506.81,,0.07692307692307693,6.191906613816424
REP_82f7cb811b80,2017-09-01,MGR_4b97498897f6,TEAM_b9dd960c1753,TERR_938541fb7311,RPER_696e51fa00d65def,injected,0.13829787234042554,PCA_RECONSTRUCTION_CALCULATED_INCENTIVE,Calculated incentive was the largest PCA reconstruction deviation (observed 2.5e+04).,Final incentive paid was the next-largest reconstruction deviation (observed 2.5e+04).,"Validate the target, policy tier, adjustment approval, and payout reconciliation before action.",1,calculated_incentive,Calculated incentive,25000.0,,0.5384615384615384,46.834664512697174
REP_82f7cb811b80,2017-09-01,MGR_4b97498897f6,TEAM_b9dd960c1753,TERR_938541fb7311,RPER_696e51fa00d65def,injected,0.13829787234042554,PCA_RECONSTRUCTION_CALCULATED_INCENTIVE,Calculated incentive was the largest PCA reconstruction deviation (observed 2.5e+04).,Final incentive paid was the next-largest reconstruction deviation (observed 2.5e+04).,"Validate the target, policy tier, adjustment approval, and payout reconciliation before action.",2,final_incentive_paid,Final incentive paid,25000.0,25000.0,0.6666666666666666,46.834664512697174
REP_82f7cb811b80,2017-09-01,MGR_4b97498897f6,TEAM_b9dd960c1753,TERR_938541fb7311,RPER_696e51fa00d65def,injected,0.13829787234042554,PCA_RECONSTRUCTION_CALCULATED_INCENTIVE,Calculated incentive was the largest PCA reconstruction deviation (observed 2.5e+04).,Final incentive paid was the next-largest reconstruction deviation (observed 2.5e+04).,"Validate the target, policy tier, adjustment approval, and payout reconciliation before action.",3,expected_incentive,Expected incentive,25000.0,,0.5384615384615384,46.834664512697174
REP_82f7cb811b80,2017-10-01,MGR_4b97498897f6,TEAM_b9dd960c1753,TERR_938541fb7311,RPER_26cc27f8804d3943,injected,0.21063829787234042,PCA_RECONSTRUCTION_CALCULATED_INCENTIVE,Calculated incentive was the largest PCA reconstruction deviation (observed 2.5e+04).,Final incentive paid was the next-largest reconstruction deviation (observed 2.5e+04).,"Validate the target, policy tier, adjustment approval, and payout reconciliation before action.",1,calculated_incentive,Calculated incentive,25000.0,,0.7692307692307693,46.834671114621656
REP_82f7cb811b80,2017-10-01,MGR_4b97498897f6,TEAM_b9dd960c1753,TERR_938541fb7311,RPER_26cc27f8804d3943,injected,0.21063829787234042,PCA_RECONSTRUCTION_CALCULATED_INCENTIVE,Calculated incentive was the largest PCA reconstruction deviation (observed 2.5e+04).,Final incentive paid was the next-largest reconstruction deviation (observed 2.5e+04).,"Validate the target, policy tier, adjustment approval, and payout reconciliation before action.",2,final_incentive_paid,Final incentive paid,25000.0,20887.57,1.0,46.834671114621656
REP_82f7cb811b80,2017-10-01,MGR_4b97498897f6,TEAM_b9dd960c1753,TERR_938541fb7311,RPER_26cc27f8804d3943,injected,0.21063829787234042,PCA_RECONSTRUCTION_CALCULATED_INCENTIVE,Calculated incentive was the largest PCA reconstruction deviation (observed 2.5e+04).,Final incentive paid was the next-largest reconstruction deviation (observed 2.5e+04).,"Validate the target, policy tier, adjustment approval, and payout reconciliation before action.",3,expected_incentive,Expected incentive,25000.0,,0.7692307692307693,46.834671114621656
REP_82f7cb811b80,2017-11-01,MGR_4b97498897f6,TEAM_b9dd960c1753,TERR_938541fb7311,RPER_459b9dc3973c303d,injected,0.1595744680851064,PCA_RECONSTRUCTION_CALCULATED_INCENTIVE,Calculated incentive was the largest PCA reconstruction deviation (observed 2.5e+04).,Final incentive paid was the next-largest reconstruction deviation (observed 2.5e+04).,"Validate the target, policy tier, adjustment approval, and payout reconciliation before action.",1,calculated_incentive,Calculated incentive,25000.0,,0.6538461538461539,46.834667210848735
REP_82f7cb811b80,2017-11-01,MGR_4b97498897f6,TEAM_b9dd960c1753,TERR_938541fb7311,RPER_459b9dc3973c303d,injected,0.1595744680851064,PCA_RECONSTRUCTION_CALCULATED_INCENTIVE,Calculated incentive was the largest PCA reconstruction deviation (observed 2.5e+04).,Final incentive paid was the next-largest reconstruction deviation (observed 2.5e+04).,"Validate the target, policy tier, adjustment approval, and payout reconciliation before action.",2,final_incentive_paid,Final incentive paid,25000.0,25000.0,0.8333333333333334,46.834667210848735
REP_82f7cb811b80,2017-11-01,MGR_4b97498897f6,TEAM_b9dd960c1753,TERR_938541fb7311,RPER_459b9dc3973c303d,injected,0.1595744680851064,PCA_RECONSTRUCTION_CALCULATED_INCENTIVE,Calculated incentive was the largest PCA reconstruction deviation (observed 2.5e+04).,Final incentive paid was the next-largest reconstruction deviation (observed 2.5e+04).,"Validate the target, policy tier, adjustment approval, and payout reconciliation before action.",3,expected_incentive,Expected incentive,25000.0,,0.6538461538461539,46.834667210848735
REP_82f7cb811b80,2017-12-01,MGR_4b97498897f6,TEAM_b9dd960c1753,TERR_938541fb7311,RPER_0ab9d6c74312e8f1,injected,0.13404255319148936,PCA_RECONSTRUCTION_CALCULATED_INCENTIVE,Calculated incentive was the largest PCA reconstruction deviation (observed 2.5e+04).,Final incentive paid was the next-largest reconstruction deviation (observed 2.5e+04).,"Validate the target, policy tier, adjustment approval, and payout reconciliation before action.",1,calculated_incentive,Calculated incentive,25000.0,,0.7692307692307693,46.834670481338456
REP_82f7cb811b80,2017-12-01,MGR_4b97498897f6,TEAM_b9dd960c1753,TERR_938541fb7311,RPER_0ab9d6c74312e8f1,injected,0.13404255319148936,PCA_RECONSTRUCTION_CALCULATED_INCENTIVE,Calculated incentive was the largest PCA reconstruction deviation (observed 2.5e+04).,Final incentive paid was the next-largest reconstruction deviation (observed 2.5e+04).,"Validate the target, policy tier, adjustment approval, and payout reconciliation before action.",2,final_incentive_paid,Final incentive paid,25000.0,25000.0,0.6666666666666666,46.834670481338456
REP_82f7cb811b80,2017-12-01,MGR_4b97498897f6,TEAM_b9dd960c1753,TERR_938541fb7311,RPER_0ab9d6c74312e8f1,injected,0.13404255319148936,PCA_RECONSTRUCTION_CALCULATED_INCENTIVE,Calculated incentive was the largest PCA reconstruction deviation (observed 2.5e+04).,Final incentive paid was the next-largest reconstruction deviation (observed 2.5e+04).,"Validate the target, policy tier, adjustment approval, and payout reconciliation before action.",3,expected_incentive,Expected incentive,25000.0,,0.7692307692307693,46.834670481338456
REP_82f7cb811b80,2018-01-01,MGR_4b97498897f6,TEAM_b9dd960c1753,TERR_938541fb7311,RPER_c8d6c0f332403889,injected,0.5042553191489362,PCA_RECONSTRUCTION_CALCULATED_INCENTIVE,Calculated incentive was the largest PCA reconstruction deviation (observed 2.75e+04).,Final incentive paid was the next-largest reconstruction deviation (observed 2.75e+04).,"Validate the target, policy tier, adjustment approval, and payout reconciliation before action.",1,calculated_incentive,Calculated incentive,27500.0,,0.5384615384615384,61.52182356084627
REP_82f7cb811b80,2018-01-01,MGR_4b97498897f6,TEAM_b9dd960c1753,TERR_938541fb7311,RPER_c8d6c0f332403889,injected,0.5042553191489362,PCA_RECONSTRUCTION_CALCULATED_INCENTIVE,Calculated incentive was the largest PCA reconstruction deviation (observed 2.75e+04).,Final incentive paid was the next-largest reconstruction deviation (observed 2.75e+04).,"Validate the target, policy tier, adjustment approval, and payout reconciliation before action.",2,final_incentive_paid,Final incentive paid,27500.0,27500.0,0.6666666666666666,61.52182356084627
REP_82f7cb811b80,2018-01-01,MGR_4b97498897f6,TEAM_b9dd960c1753,TERR_938541fb7311,RPER_c8d6c0f332403889,injected,0.5042553191489362,PCA_RECONSTRUCTION_CALCULATED_INCENTIVE,Calculated incentive was the largest PCA reconstruction deviation (observed 2.75e+04).,Final incentive paid was the next-largest reconstruction deviation (observed 2.75e+04).,"Validate the target, policy tier, adjustment approval, and payout reconciliation before action.",3,expected_incentive,Expected incentive,27500.0,,0.5384615384615384,61.52182356084627
REP_82f7cb811b80,2018-02-01,MGR_4b97498897f6,TEAM_b9dd960c1753,TERR_938541fb7311,RPER_04536ca910beffa0,injected,0.4276595744680851,PCA_RECONSTRUCTION_CALCULATED_INCENTIVE,Calculated incentive was the largest PCA reconstruction deviation (observed 2.75e+04).,Final incentive paid was the next-largest reconstruction deviation (observed 2.75e+04).,"Validate the target, policy tier, adjustment approval, and payout reconciliation before action.",1,calculated_incentive,Calculated incentive,27500.0,,0.5769230769230769,61.52182935406008
REP_82f7cb811b80,2018-02-01,MGR_4b97498897f6,TEAM_b9dd960c1753,TERR_938541fb7311,RPER_04536ca910beffa0,injected,0.4276595744680851,PCA_RECONSTRUCTION_CALCULATED_INCENTIVE,Calculated incentive was the largest PCA reconstruction deviation (observed 2.75e+04).,Final incentive paid was the next-largest reconstruction deviation (observed 2.75e+04).,"Validate the target, policy tier, adjustment approval, and payout reconciliation before action.",2,final_incentive_paid,Final incentive paid,27500.0,27500.0,0.6666666666666666,61.52182935406008
REP_82f7cb811b80,2018-02-01,MGR_4b97498897f6,TEAM_b9dd960c1753,TERR_938541fb7311,RPER_04536ca910beffa0,injected,0.4276595744680851,PCA_RECONSTRUCTION_CALCULATED_INCENTIVE,Calculated incentive was the largest PCA reconstruction deviation (observed 2.75e+04).,Final incentive paid was the next-largest reconstruction deviation (observed 2.75e+04).,"Validate the target, policy tier, adjustment approval, and payout reconciliation before action.",3,expected_incentive,Expected incentive,27500.0,,0.5769230769230769,61.52182935406008
REP_82f7cb811b80,2018-03-01,MGR_4b97498897f6,TEAM_b9dd960c1753,TERR_938541fb7311,RPER_4c915c316d41d4c2,injected,0.5212765957446809,PCA_RECONSTRUCTION_CALCULATED_INCENTIVE,Calculated incentive was the largest PCA reconstruction deviation (observed 2.75e+04).,Final incentive paid was the next-largest reconstruction deviation (observed 2.75e+04).,"Validate the target, policy tier, adjustment approval, and payout reconciliation before action.",1,calculated_incentive,Calculated incentive,27500.0,,0.5384615384615384,61.521831633668334
REP_82f7cb811b80,2018-03-01,MGR_4b97498897f6,TEAM_b9dd960c1753,TERR_938541fb7311,RPER_4c915c316d41d4c2,injected,0.5212765957446809,PCA_RECONSTRUCTION_CALCULATED_INCENTIVE,Calculated incentive was the largest PCA reconstruction deviation (observed 2.75e+04).,Final incentive paid was the next-largest reconstruction deviation (observed 2.75e+04).,"Validate the target, policy tier, adjustment approval, and payout reconciliation before action.",2,final_incentive_paid,Final incentive paid,27500.0,27500.0,0.6666666666666666,61.521831633668334
REP_82f7cb811b80,2018-03-01,MGR_4b97498897f6,TEAM_b9dd960c1753,TERR_938541fb7311,RPER_4c915c316d41d4c2,injected,0.5212765957446809,PCA_RECONSTRUCTION_CALCULATED_INCENTIVE,Calculated incentive was the largest PCA reconstruction deviation (observed 2.75e+04).,Final incentive paid was the next-largest reconstruction deviation (observed 2.75e+04).,"Validate the target, policy tier, adjustment approval, and payout reconciliation before action.",3,expected_incentive,Expected incentive,27500.0,,0.5384615384615384,61.521831633668334
REP_82f7cb811b80,2018-04-01,MGR_4b97498897f6,TEAM_b9dd960c1753,TERR_938541fb7311,RPER_9660b6032c98ab3d,injected,0.5297872340425532,PCA_RECONSTRUCTION_CALCULATED_INCENTIVE,Calculated incentive was the largest PCA reconstruction deviation (observed 2.75e+04).,Final incentive paid was the next-largest reconstruction deviation (observed 2.75e+04).,"Validate the target, policy tier, adjustment approval, and payout reconciliation before action.",1,calculated_incentive,Calculated incentive,27500.0,,0.7692307692307693,61.521821775471025
REP_82f7cb811b80,2018-04-01,MGR_4b97498897f6,TEAM_b9dd960c1753,TERR_938541fb7311,RPER_9660b6032c98ab3d,injected,0.5297872340425532,PCA_RECONSTRUCTION_CALCULATED_INCENTIVE,Calculated incentive was the largest PCA reconstruction deviation (observed 2.75e+04).,Final incentive paid was the next-largest reconstruction deviation (observed 2.75e+04).,"Validate the target, policy tier, adjustment approval, and payout reconciliation before action.",2,final_incentive_paid,Final incentive paid,27500.0,27500.0,0.6666666666666666,61.521821775471025
REP_82f7cb811b80,2018-04-01,MGR_4b97498897f6,TEAM_b9dd960c1753,TERR_938541fb7311,RPER_9660b6032c98ab3d,injected,0.5297872340425532,PCA_RECONSTRUCTION_CALCULATED_INCENTIVE,Calculated incentive was the largest PCA reconstruction deviation (observed 2.75e+04).,Final incentive paid was the next-largest reconstruction deviation (observed 2.75e+04).,"Validate the target, policy tier, adjustment approval, and payout reconciliation before action.",3,expected_incentive,Expected incentive,27500.0,,0.7692307692307693,61.521821775471025
REP_82f7cb811b80,2018-05-01,MGR_4b97498897f6,TEAM_b9dd960c1753,TERR_938541fb7311,RPER_6c3260f33a382a89,injected,0.776595744680851,PCA_RECONSTRUCTION_CALCULATED_INCENTIVE,Calculated incentive was the largest PCA reconstruction deviation (observed 2.75e+04).,Final incentive paid was the next-largest reconstruction deviation (observed 2.75e+04).,"Validate the target, policy tier, adjustment approval, and payout reconciliation before action.",1,calculated_incentive,Calculated incentive,27500.0,,0.7307692307692307,61.52183669043032
REP_82f7cb811b80,2018-05-01,MGR_4b97498897f6,TEAM_b9dd960c1753,TERR_938541fb7311,RPER_6c3260f33a382a89,injected,0.776595744680851,PCA_RECONSTRUCTION_CALCULATED_INCENTIVE,Calculated incentive was the largest PCA reconstruction deviation (observed 2.75e+04).,Final incentive paid was the next-largest reconstruction deviation (observed 2.75e+04).,"Validate the target, policy tier, adjustment approval, and payout reconciliation before action.",2,final_incentive_paid,Final incentive paid,27500.0,27500.0,0.8333333333333334,61.52183669043032
REP_82f7cb811b80,2018-05-01,MGR_4b97498897f6,TEAM_b9dd960c1753,TERR_938541fb7311,RPER_6c3260f33a382a89,injected,0.776595744680851,PCA_RECONSTRUCTION_CALCULATED_INCENTIVE,Calculated incentive was the largest PCA reconstruction deviation (observed 2.75e+04).,Final incentive paid was the next-largest reconstruction deviation (observed 2.75e+04).,"Validate the target, policy tier, adjustment approval, and payout reconciliation before action.",3,expected_incentive,Expected incentive,27500.0,,0.7307692307692307,61.52183669043032
REP_82f7cb811b80,2018-06-01,MGR_4b97498897f6,TEAM_b9dd960c1753,TERR_938541fb7311,RPER_27acf2b76a797889,injected,0.32978723404255317,PCA_RECONSTRUCTION_CALCULATED_INCENTIVE,Calculated incentive was the largest PCA reconstruction deviation (observed 2.158e+04).,Final incentive paid was the next-largest reconstruction deviation (observed 2.158e+04).,"Validate the target, policy tier, adjustment approval, and payout reconciliation before action.",1,calculated_incentive,Calculated incentive,21581.91,,0.07692307692307693,28.10110059762012
REP_82f7cb811b80,2018-06-01,MGR_4b97498897f6,TEAM_b9dd960c1753,TERR_938541fb7311,RPER_27acf2b76a797889,injected,0.32978723404255317,PCA_RECONSTRUCTION_CALCULATED_INCENTIVE,Calculated incentive was the largest PCA reconstruction deviation (observed 2.158e+04).,Final incentive paid was the next-largest reconstruction deviation (observed 2.158e+04).,"Validate the target, policy tier, adjustment approval, and payout reconciliation before action.",2,final_incentive_paid,Final incentive paid,21581.91,27500.0,0.3333333333333333,28.10110059762012
REP_82f7cb811b80,2018-06-01,MGR_4b97498897f6,TEAM_b9dd960c1753,TERR_938541fb7311,RPER_27acf2b76a797889,injected,0.32978723404255317,PCA_RECONSTRUCTION_CALCULATED_INCENTIVE,Calculated incentive was the largest PCA reconstruction deviation (observed 2.158e+04).,Final incentive paid was the next-largest reconstruction deviation (observed 2.158e+04).,"Validate the target, policy tier, adjustment approval, and payout reconciliation before action.",3,expected_incentive,Expected incentive,21581.91,,0.07692307692307693,28.10110059762012
REP_82f7cb811b80,2018-07-01,MGR_4b97498897f6,TEAM_b9dd960c1753,TERR_938541fb7311,RPER_e344cfcc67b97ad9,injected,0.5911931900104613,PCA_RECONSTRUCTION_CALCULATED_INCENTIVE,Calculated incentive was the largest PCA reconstruction deviation (observed 2.75e+04).,Final incentive paid was the next-largest reconstruction deviation (observed 2.75e+04).,"Validate the target, policy tier, adjustment approval, and payout reconciliation before action.",1,calculated_incentive,Calculated incentive,27500.0,,0.6153846153846154,61.5218252507282
REP_82f7cb811b80,2018-07-01,MGR_4b97498897f6,TEAM_b9dd960c1753,TERR_938541fb7311,RPER_e344cfcc67b97ad9,injected,0.5911931900104613,PCA_RECONSTRUCTION_CALCULATED_INCENTIVE,Calculated incentive was the largest PCA reconstruction deviation (observed 2.75e+04).,Final incentive paid was the next-largest reconstruction deviation (observed 2.75e+04).,"Validate the target, policy tier, adjustment approval, and payout reconciliation before action.",2,final_incentive_paid,Final incentive paid,27500.0,27500.0,0.6666666666666666,61.5218252507282
REP_82f7cb811b80,2018-07-01,MGR_4b97498897f6,TEAM_b9dd960c1753,TERR_938541fb7311,RPER_e344cfcc67b97ad9,injected,0.5911931900104613,PCA_RECONSTRUCTION_CALCULATED_INCENTIVE,Calculated incentive was the largest PCA reconstruction deviation (observed 2.75e+04).,Final incentive paid was the next-largest reconstruction deviation (observed 2.75e+04).,"Validate the target, policy tier, adjustment approval, and payout reconciliation before action.",3,expected_incentive,Expected incentive,27500.0,,0.6153846153846154,61.5218252507282
REP_82f7cb811b80,2018-08-01,MGR_4b97498897f6,TEAM_b9dd960c1753,TERR_938541fb7311,RPER_b36d0c27d4cef29a,injected,0.05169913219143552,PCA_RECONSTRUCTION_REP_HISTORICAL_MEAN,Rep historical mean was the largest PCA reconstruction deviation (observed 1.887e+07).,Incentive peer median was the next-largest reconstruction deviation (observed 2.75e+04).,"Validate the source record, peer context, and relevant commercial activity before action.",1,rep_historical_mean,Rep historical mean,18865720.885210387,,0.3076923076923077,18.248142537831978
REP_82f7cb811b80,2018-08-01,MGR_4b97498897f6,TEAM_b9dd960c1753,TERR_938541fb7311,RPER_b36d0c27d4cef29a,injected,0.05169913219143552,PCA_RECONSTRUCTION_REP_HISTORICAL_MEAN,Rep historical mean was the largest PCA reconstruction deviation (observed 1.887e+07).,Incentive peer median was the next-largest reconstruction deviation (observed 2.75e+04).,"Validate the source record, peer context, and relevant commercial activity before action.",2,incentive_peer_median,Incentive peer median,27500.0,,0.5384615384615384,14.402662010759624
REP_82f7cb811b80,2018-08-01,MGR_4b97498897f6,TEAM_b9dd960c1753,TERR_938541fb7311,RPER_b36d0c27d4cef29a,injected,0.05169913219143552,PCA_RECONSTRUCTION_REP_HISTORICAL_MEAN,Rep historical mean was the largest PCA reconstruction deviation (observed 1.887e+07).,Incentive peer median was the next-largest reconstruction deviation (observed 2.75e+04).,"Validate the source record, peer context, and relevant commercial activity before action.",3,return_rate,Return rate,0.08840377069836468,,1.0,11.163262414298998
REP_82f7cb811b80,2018-09-01,MGR_4b97498897f6,TEAM_b9dd960c1753,TERR_938541fb7311,RPER_3fb60ff3ce69ee5f,injected,0.038673849521041984,PCA_RECONSTRUCTION_REP_HISTORICAL_MEAN,Rep historical mean was the largest PCA reconstruction deviation (observed 1.803e+07).,Expense vs peer was the next-largest reconstruction deviation (observed 1.148).,"Validate the source record, peer context, and relevant commercial activity before action.",1,rep_historical_mean,Rep historical mean,18033830.434516612,,0.23076923076923078,16.834787449824866
REP_82f7cb811b80,2018-09-01,MGR_4b97498897f6,TEAM_b9dd960c1753,TERR_938541fb7311,RPER_3fb60ff3ce69ee5f,injected,0.038673849521041984,PCA_RECONSTRUCTION_REP_HISTORICAL_MEAN,Rep historical mean was the largest PCA reconstruction deviation (observed 1.803e+07).,Expense vs peer was the next-largest reconstruction deviation (observed 1.148).,"Validate the source record, peer context, and relevant commercial activity before action.",2,expense_vs_peer,Expense vs peer,1.148430623942843,,0.9230769230769231,7.509781570510453
REP_82f7cb811b80,2018-09-01,MGR_4b97498897f6,TEAM_b9dd960c1753,TERR_938541fb7311,RPER_3fb60ff3ce69ee5f,injected,0.038673849521041984,PCA_RECONSTRUCTION_REP_HISTORICAL_MEAN,Rep historical mean was the largest PCA reconstruction deviation (observed 1.803e+07).,Expense vs peer was the next-largest reconstruction deviation (observed 1.148).,"Validate the source record, peer context, and relevant commercial activity before action.",3,rolling_sales_std,Rolling sales std,5379007.522986202,,0.23076923076923078,6.70090147470306
REP_82f7cb811b80,2018-10-01,MGR_4b97498897f6,TEAM_b9dd960c1753,TERR_938541fb7311,RPER_630acd44d333b8b0,injected,0.6559866500695155,PCA_RECONSTRUCTION_CALCULATED_INCENTIVE,Calculated incentive was the largest PCA reconstruction deviation (observed 2.75e+04).,Final incentive paid was the next-largest reconstruction deviation (observed 2.75e+04).,"Validate the target, policy tier, adjustment approval, and payout reconciliation before action.",1,calculated_incentive,Calculated incentive,27500.0,,0.5384615384615384,61.52183134253362
REP_82f7cb811b80,2018-10-01,MGR_4b97498897f6,TEAM_b9dd960c1753,TERR_938541fb7311,RPER_630acd44d333b8b0,injected,0.6559866500695155,PCA_RECONSTRUCTION_CALCULATED_INCENTIVE,Calculated incentive was the largest PCA reconstruction deviation (observed 2.75e+04).,Final incentive paid was the next-largest reconstruction deviation (observed 2.75e+04).,"Validate the target, policy tier, adjustment approval, and payout reconciliation before action.",2,final_incentive_paid,Final incentive paid,27500.0,27500.0,0.6666666666666666,61.52183134253362
REP_82f7cb811b80,2018-10-01,MGR_4b97498897f6,TEAM_b9dd960c1753,TERR_938541fb7311,RPER_630acd44d333b8b0,injected,0.6559866500695155,PCA_RECONSTRUCTION_CALCULATED_INCENTIVE,Calculated incentive was the largest PCA reconstruction deviation (observed 2.75e+04).,Final incentive paid was the next-largest reconstruction deviation (observed 2.75e+04).,"Validate the target, policy tier, adjustment approval, and payout reconciliation before action.",3,expected_incentive,Expected incentive,27500.0,,0.5384615384615384,61.52183134253362
REP_82f7cb811b80,2018-11-01,MGR_4b97498897f6,TEAM_b9dd960c1753,TERR_938541fb7311,RPER_ba122de3a6f86d86,injected,0.5955998570316187,PCA_RECONSTRUCTION_CALCULATED_INCENTIVE,Calculated incentive was the largest PCA reconstruction deviation (observed 2.75e+04).,Final incentive paid was the next-largest reconstruction deviation (observed 2.75e+04).,"Validate the target, policy tier, adjustment approval, and payout reconciliation before action.",1,calculated_incentive,Calculated incentive,27500.0,,0.6923076923076923,61.52182681702778
REP_82f7cb811b80,2018-11-01,MGR_4b97498897f6,TEAM_b9dd960c1753,TERR_938541fb7311,RPER_ba122de3a6f86d86,injected,0.5955998570316187,PCA_RECONSTRUCTION_CALCULATED_INCENTIVE,Calculated incentive was the largest PCA reconstruction deviation (observed 2.75e+04).,Final incentive paid was the next-largest reconstruction deviation (observed 2.75e+04).,"Validate the target, policy tier, adjustment approval, and payout reconciliation before action.",2,final_incentive_paid,Final incentive paid,27500.0,27500.0,0.8333333333333334,61.52182681702778
REP_82f7cb811b80,2018-11-01,MGR_4b97498897f6,TEAM_b9dd960c1753,TERR_938541fb7311,RPER_ba122de3a6f86d86,injected,0.5955998570316187,PCA_RECONSTRUCTION_CALCULATED_INCENTIVE,Calculated incentive was the largest PCA reconstruction deviation (observed 2.75e+04).,Final incentive paid was the next-largest reconstruction deviation (observed 2.75e+04).,"Validate the target, policy tier, adjustment approval, and payout reconciliation before action.",3,expected_incentive,Expected incentive,27500.0,,0.6923076923076923,61.52182681702778
REP_82f7cb811b80,2018-12-01,MGR_4b97498897f6,TEAM_b9dd960c1753,TERR_938541fb7311,RPER_163599b12e05a00c,injected,0.5920863757679514,PCA_RECONSTRUCTION_CALCULATED_INCENTIVE,Calculated incentive was the largest PCA reconstruction deviation (observed 2.75e+04).,Final incentive paid was the next-largest reconstruction deviation (observed 2.75e+04).,"Validate the target, policy tier, adjustment approval, and payout reconciliation before action.",1,calculated_incentive,Calculated incentive,27500.0,,0.8461538461538461,61.52182855575269
REP_82f7cb811b80,2018-12-01,MGR_4b97498897f6,TEAM_b9dd960c1753,TERR_938541fb7311,RPER_163599b12e05a00c,injected,0.5920863757679514,PCA_RECONSTRUCTION_CALCULATED_INCENTIVE,Calculated incentive was the largest PCA reconstruction deviation (observed 2.75e+04).,Final incentive paid was the next-largest reconstruction deviation (observed 2.75e+04).,"Validate the target, policy tier, adjustment approval, and payout reconciliation before action.",2,final_incentive_paid,Final incentive paid,27500.0,22408.79,1.0,61.52182855575269
REP_82f7cb811b80,2018-12-01,MGR_4b97498897f6,TEAM_b9dd960c1753,TERR_938541fb7311,RPER_163599b12e05a00c,injected,0.5920863757679514,PCA_RECONSTRUCTION_CALCULATED_INCENTIVE,Calculated incentive was the largest PCA reconstruction deviation (observed 2.75e+04).,Final incentive paid was the next-largest reconstruction deviation (observed 2.75e+04).,"Validate the target, policy tier, adjustment approval, and payout reconciliation before action.",3,expected_incentive,Expected incentive,27500.0,,0.8461538461538461,61.52182855575269
REP_82f7cb811b80,2019-01-01,MGR_4b97498897f6,TEAM_b9dd960c1753,TERR_938541fb7311,RPER_4c8ca2c81587e694,injected,0.9851701727917148,PCA_RECONSTRUCTION_INCENTIVE_PEER_MEDIAN,Incentive peer median was the largest PCA reconstruction deviation (observed 0).,Calculated incentive was the next-largest reconstruction deviation (observed 0).,"Validate the target, policy tier, adjustment approval, and payout reconciliation before action.",1,incentive_peer_median,Incentive peer median,0.0,,0.38461538461538464,10703.677088021079
REP_82f7cb811b80,2019-01-01,MGR_4b97498897f6,TEAM_b9dd960c1753,TERR_938541fb7311,RPER_4c8ca2c81587e694,injected,0.9851701727917148,PCA_RECONSTRUCTION_INCENTIVE_PEER_MEDIAN,Incentive peer median was the largest PCA reconstruction deviation (observed 0).,Calculated incentive was the next-largest reconstruction deviation (observed 0).,"Validate the target, policy tier, adjustment approval, and payout reconciliation before action.",2,calculated_incentive,Calculated incentive,0.0,,0.5384615384615384,9882.358393506312
REP_82f7cb811b80,2019-01-01,MGR_4b97498897f6,TEAM_b9dd960c1753,TERR_938541fb7311,RPER_4c8ca2c81587e694,injected,0.9851701727917148,PCA_RECONSTRUCTION_INCENTIVE_PEER_MEDIAN,Incentive peer median was the largest PCA reconstruction deviation (observed 0).,Calculated incentive was the next-largest reconstruction deviation (observed 0).,"Validate the target, policy tier, adjustment approval, and payout reconciliation before action.",3,final_incentive_paid,Final incentive paid,0.0,0.0,0.6666666666666666,9882.358393506312
REP_82f7cb811b80,2019-02-01,MGR_4b97498897f6,TEAM_b9dd960c1753,TERR_938541fb7311,RPER_16a69c26f3685274,injected,0.6760026515674947,PCA_RECONSTRUCTION_CALCULATED_INCENTIVE,Calculated incentive was the largest PCA reconstruction deviation (observed 2.691e+04).,Final incentive paid was the next-largest reconstruction deviation (observed 2.691e+04).,"Validate the target, policy tier, adjustment approval, and payout reconciliation before action.",1,calculated_incentive,Calculated incentive,26913.29,,0.07692307692307693,58.02349006760352
REP_82f7cb811b80,2019-02-01,MGR_4b97498897f6,TEAM_b9dd960c1753,TERR_938541fb7311,RPER_16a69c26f3685274,injected,0.6760026515674947,PCA_RECONSTRUCTION_CALCULATED_INCENTIVE,Calculated incentive was the largest PCA reconstruction deviation (observed 2.691e+04).,Final incentive paid was the next-largest reconstruction deviation (observed 2.691e+04).,"Validate the target, policy tier, adjustment approval, and payout reconciliation before action.",2,final_incentive_paid,Final incentive paid,26913.29,30000.0,0.3333333333333333,58.02349006760352
REP_82f7cb811b80,2019-02-01,MGR_4b97498897f6,TEAM_b9dd960c1753,TERR_938541fb7311,RPER_16a69c26f3685274,injected,0.6760026515674947,PCA_RECONSTRUCTION_CALCULATED_INCENTIVE,Calculated incentive was the largest PCA reconstruction deviation (observed 2.691e+04).,Final incentive paid was the next-largest reconstruction deviation (observed 2.691e+04).,"Validate the target, policy tier, adjustment approval, and payout reconciliation before action.",3,expected_incentive,Expected incentive,26913.29,,0.07692307692307693,58.02349006760352
REP_82f7cb811b80,2019-03-01,MGR_4b97498897f6,TEAM_b9dd960c1753,TERR_938541fb7311,RPER_f91330edda38d500,injected,0.884271188982744,PCA_RECONSTRUCTION_AVERAGE_INTEREST_SCORE,Average interest score was the largest PCA reconstruction deviation (observed 0.05).,Visit to sales conversion was the next-largest reconstruction deviation (observed 0.7018).,"Validate the source record, peer context, and relevant commercial activity before action.",1,average_interest_score,Average interest score,0.05,,0.07692307692307693,1564.5849335074076
REP_82f7cb811b80,2019-03-01,MGR_4b97498897f6,TEAM_b9dd960c1753,TERR_938541fb7311,RPER_f91330edda38d500,injected,0.884271188982744,PCA_RECONSTRUCTION_AVERAGE_INTEREST_SCORE,Average interest score was the largest PCA reconstruction deviation (observed 0.05).,Visit to sales conversion was the next-largest reconstruction deviation (observed 0.7018).,"Validate the source record, peer context, and relevant commercial activity before action.",2,visit_to_sales_conversion,Visit to sales conversion,0.7017543859649122,,0.07692307692307693,600.7298328139653
REP_82f7cb811b80,2019-03-01,MGR_4b97498897f6,TEAM_b9dd960c1753,TERR_938541fb7311,RPER_f91330edda38d500,injected,0.884271188982744,PCA_RECONSTRUCTION_AVERAGE_INTEREST_SCORE,Average interest score was the largest PCA reconstruction deviation (observed 0.05).,Visit to sales conversion was the next-largest reconstruction deviation (observed 0.7018).,"Validate the source record, peer context, and relevant commercial activity before action.",3,calculated_incentive,Calculated incentive,30000.0,,0.5769230769230769,76.67656075498105
REP_82f7cb811b80,2019-04-01,MGR_4b97498897f6,TEAM_b9dd960c1753,TERR_938541fb7311,RPER_b748175e64b57d4a,injected,0.7734798632093032,PCA_RECONSTRUCTION_CALCULATED_INCENTIVE,Calculated incentive was the largest PCA reconstruction deviation (observed 3e+04).,Final incentive paid was the next-largest reconstruction deviation (observed 3e+04).,"Validate the target, policy tier, adjustment approval, and payout reconciliation before action.",1,calculated_incentive,Calculated incentive,30000.0,,0.8846153846153846,76.67657385871603
REP_82f7cb811b80,2019-04-01,MGR_4b97498897f6,TEAM_b9dd960c1753,TERR_938541fb7311,RPER_b748175e64b57d4a,injected,0.7734798632093032,PCA_RECONSTRUCTION_CALCULATED_INCENTIVE,Calculated incentive was the largest PCA reconstruction deviation (observed 3e+04).,Final incentive paid was the next-largest reconstruction deviation (observed 3e+04).,"Validate the target, policy tier, adjustment approval, and payout reconciliation before action.",2,final_incentive_paid,Final incentive paid,30000.0,30000.0,0.8333333333333334,76.67657385871603
REP_82f7cb811b80,2019-04-01,MGR_4b97498897f6,TEAM_b9dd960c1753,TERR_938541fb7311,RPER_b748175e64b57d4a,injected,0.7734798632093032,PCA_RECONSTRUCTION_CALCULATED_INCENTIVE,Calculated incentive was the largest PCA reconstruction deviation (observed 3e+04).,Final incentive paid was the next-largest reconstruction deviation (observed 3e+04).,"Validate the target, policy tier, adjustment approval, and payout reconciliation before action.",3,expected_incentive,Expected incentive,30000.0,,0.8846153846153846,76.67657385871603
REP_a132178ac1b8,2017-01-01,MGR_5e1c70ff0ce6,TEAM_a405eba78bf2,TERR_b31415d90eb9,RPER_0d74e5c2d3b72cb3,injected,0.9212765957446809,PCA_RECONSTRUCTION_REP_HISTORICAL_MEAN,Rep historical mean was the largest PCA reconstruction deviation (observed 0).,Rolling sales mean was the next-largest reconstruction deviation (observed 0).,"Validate the source record, peer context, and relevant commercial activity before action.",1,rep_historical_mean,Rep historical mean,0.0,,0.5384615384615384,3413.6129379386334
REP_a132178ac1b8,2017-01-01,MGR_5e1c70ff0ce6,TEAM_a405eba78bf2,TERR_b31415d90eb9,RPER_0d74e5c2d3b72cb3,injected,0.9212765957446809,PCA_RECONSTRUCTION_REP_HISTORICAL_MEAN,Rep historical mean was the largest PCA reconstruction deviation (observed 0).,Rolling sales mean was the next-largest reconstruction deviation (observed 0).,"Validate the source record, peer context, and relevant commercial activity before action.",2,rolling_sales_mean,Rolling sales mean,0.0,,0.5384615384615384,2193.0347778042546
REP_a132178ac1b8,2017-01-01,MGR_5e1c70ff0ce6,TEAM_a405eba78bf2,TERR_b31415d90eb9,RPER_0d74e5c2d3b72cb3,injected,0.9212765957446809,PCA_RECONSTRUCTION_REP_HISTORICAL_MEAN,Rep historical mean was the largest PCA reconstruction deviation (observed 0).,Rolling sales mean was the next-largest reconstruction deviation (observed 0).,"Validate the source record, peer context, and relevant commercial activity before action.",3,rolling_sales_std,Rolling sales std,0.0,,0.5384615384615384,293.1335160160754
REP_a132178ac1b8,2017-02-01,MGR_5e1c70ff0ce6,TEAM_a405eba78bf2,TERR_b31415d90eb9,RPER_6354996ed3833d56,injected,0.8659574468085106,PCA_RECONSTRUCTION_ROLLING_SALES_STD,Rolling sales std was the largest PCA reconstruction deviation (observed 0).,Rep historical std was the next-largest reconstruction deviation (observed 0).,"Validate the underlying orders, discounts, returns, period timing, and customer context before action.",1,rolling_sales_std,Rolling sales std,0.0,,0.5384615384615384,293.1336034615133
REP_a132178ac1b8,2017-02-01,MGR_5e1c70ff0ce6,TEAM_a405eba78bf2,TERR_b31415d90eb9,RPER_6354996ed3833d56,injected,0.8659574468085106,PCA_RECONSTRUCTION_ROLLING_SALES_STD,Rolling sales std was the largest PCA reconstruction deviation (observed 0).,Rep historical std was the next-largest reconstruction deviation (observed 0).,"Validate the underlying orders, discounts, returns, period timing, and customer context before action.",2,rep_historical_std,Rep historical std,0.0,,0.5384615384615384,293.1336034615133
REP_a132178ac1b8,2017-02-01,MGR_5e1c70ff0ce6,TEAM_a405eba78bf2,TERR_b31415d90eb9,RPER_6354996ed3833d56,injected,0.8659574468085106,PCA_RECONSTRUCTION_ROLLING_SALES_STD,Rolling sales std was the largest PCA reconstruction deviation (observed 0).,Rep historical std was the next-largest reconstruction deviation (observed 0).,"Validate the underlying orders, discounts, returns, period timing, and customer context before action.",3,calculated_incentive,Calculated incentive,25000.0,,0.5384615384615384,46.70812995598903
REP_a132178ac1b8,2017-03-01,MGR_5e1c70ff0ce6,TEAM_a405eba78bf2,TERR_b31415d90eb9,RPER_3b742bd79ea9b90f,injected,0.1851063829787234,PCA_RECONSTRUCTION_CALCULATED_INCENTIVE,Calculated incentive was the largest PCA reconstruction deviation (observed 2.5e+04).,Final incentive paid was the next-largest reconstruction deviation (observed 2.5e+04).,"Validate the target, policy tier, adjustment approval, and payout reconciliation before action.",1,calculated_incentive,Calculated incentive,25000.0,,0.5769230769230769,46.708104889446645
REP_a132178ac1b8,2017-03-01,MGR_5e1c70ff0ce6,TEAM_a405eba78bf2,TERR_b31415d90eb9,RPER_3b742bd79ea9b90f,injected,0.1851063829787234,PCA_RECONSTRUCTION_CALCULATED_INCENTIVE,Calculated incentive was the largest PCA reconstruction deviation (observed 2.5e+04).,Final incentive paid was the next-largest reconstruction deviation (observed 2.5e+04).,"Validate the target, policy tier, adjustment approval, and payout reconciliation before action.",2,final_incentive_paid,Final incentive paid,25000.0,25000.0,0.6666666666666666,46.708104889446645
REP_a132178ac1b8,2017-03-01,MGR_5e1c70ff0ce6,TEAM_a405eba78bf2,TERR_b31415d90eb9,RPER_3b742bd79ea9b90f,injected,0.1851063829787234,PCA_RECONSTRUCTION_CALCULATED_INCENTIVE,Calculated incentive was the largest PCA reconstruction deviation (observed 2.5e+04).,Final incentive paid was the next-largest reconstruction deviation (observed 2.5e+04).,"Validate the target, policy tier, adjustment approval, and payout reconciliation before action.",3,expected_incentive,Expected incentive,25000.0,,0.5769230769230769,46.708104889446645
REP_a132178ac1b8,2017-04-01,MGR_5e1c70ff0ce6,TEAM_a405eba78bf2,TERR_b31415d90eb9,RPER_bb17a8ebd8163a8f,injected,0.21914893617021278,PCA_RECONSTRUCTION_CALCULATED_INCENTIVE,Calculated incentive was the largest PCA reconstruction deviation (observed 2.5e+04).,Final incentive paid was the next-largest reconstruction deviation (observed 2.5e+04).,"Validate the target, policy tier, adjustment approval, and payout reconciliation before action.",1,calculated_incentive,Calculated incentive,25000.0,,0.6923076923076923,46.70810366785896
REP_a132178ac1b8,2017-04-01,MGR_5e1c70ff0ce6,TEAM_a405eba78bf2,TERR_b31415d90eb9,RPER_bb17a8ebd8163a8f,injected,0.21914893617021278,PCA_RECONSTRUCTION_CALCULATED_INCENTIVE,Calculated incentive was the largest PCA reconstruction deviation (observed 2.5e+04).,Final incentive paid was the next-largest reconstruction deviation (observed 2.5e+04).,"Validate the target, policy tier, adjustment approval, and payout reconciliation before action.",2,final_incentive_paid,Final incentive paid,25000.0,25000.0,0.8333333333333334,46.70810366785896
REP_a132178ac1b8,2017-04-01,MGR_5e1c70ff0ce6,TEAM_a405eba78bf2,TERR_b31415d90eb9,RPER_bb17a8ebd8163a8f,injected,0.21914893617021278,PCA_RECONSTRUCTION_CALCULATED_INCENTIVE,Calculated incentive was the largest PCA reconstruction deviation (observed 2.5e+04).,Final incentive paid was the next-largest reconstruction deviation (observed 2.5e+04).,"Validate the target, policy tier, adjustment approval, and payout reconciliation before action.",3,expected_incentive,Expected incentive,25000.0,,0.6923076923076923,46.70810366785896
REP_a132178ac1b8,2017-05-01,MGR_5e1c70ff0ce6,TEAM_a405eba78bf2,TERR_b31415d90eb9,RPER_bb6b9ffb6d58c7b3,injected,0.30425531914893617,PCA_RECONSTRUCTION_CALCULATED_INCENTIVE,Calculated incentive was the largest PCA reconstruction deviation (observed 2.5e+04).,Final incentive paid was the next-largest reconstruction deviation (observed 2.5e+04).,"Validate the target, policy tier, adjustment approval, and payout reconciliation before action.",1,calculated_incentive,Calculated incentive,25000.0,,0.6153846153846154,46.708104219069284
REP_a132178ac1b8,2017-05-01,MGR_5e1c70ff0ce6,TEAM_a405eba78bf2,TERR_b31415d90eb9,RPER_bb6b9ffb6d58c7b3,injected,0.30425531914893617,PCA_RECONSTRUCTION_CALCULATED_INCENTIVE,Calculated incentive was the largest PCA reconstruction deviation (observed 2.5e+04).,Final incentive paid was the next-largest reconstruction deviation (observed 2.5e+04).,"Validate the target, policy tier, adjustment approval, and payout reconciliation before action.",2,final_incentive_paid,Final incentive paid,25000.0,25000.0,0.8333333333333334,46.708104219069284
REP_a132178ac1b8,2017-05-01,MGR_5e1c70ff0ce6,TEAM_a405eba78bf2,TERR_b31415d90eb9,RPER_bb6b9ffb6d58c7b3,injected,0.30425531914893617,PCA_RECONSTRUCTION_CALCULATED_INCENTIVE,Calculated incentive was the largest PCA reconstruction deviation (observed 2.5e+04).,Final incentive paid was the next-largest reconstruction deviation (observed 2.5e+04).,"Validate the target, policy tier, adjustment approval, and payout reconciliation before action.",3,expected_incentive,Expected incentive,25000.0,,0.6153846153846154,46.708104219069284
REP_a132178ac1b8,2017-06-01,MGR_5e1c70ff0ce6,TEAM_a405eba78bf2,TERR_b31415d90eb9,RPER_ad3340553bdb0a36,injected,0.27872340425531916,PCA_RECONSTRUCTION_CALCULATED_INCENTIVE,Calculated incentive was the largest PCA reconstruction deviation (observed 2.5e+04).,Final incentive paid was the next-largest reconstruction deviation (observed 2.5e+04).,"Validate the target, policy tier, adjustment approval, and payout reconciliation before action.",1,calculated_incentive,Calculated incentive,25000.0,,0.5769230769230769,46.70811132131588
REP_a132178ac1b8,2017-06-01,MGR_5e1c70ff0ce6,TEAM_a405eba78bf2,TERR_b31415d90eb9,RPER_ad3340553bdb0a36,injected,0.27872340425531916,PCA_RECONSTRUCTION_CALCULATED_INCENTIVE,Calculated incentive was the largest PCA reconstruction deviation (observed 2.5e+04).,Final incentive paid was the next-largest reconstruction deviation (observed 2.5e+04).,"Validate the target, policy tier, adjustment approval, and payout reconciliation before action.",2,final_incentive_paid,Final incentive paid,25000.0,25000.0,0.8333333333333334,46.70811132131588
REP_a132178ac1b8,2017-06-01,MGR_5e1c70ff0ce6,TEAM_a405eba78bf2,TERR_b31415d90eb9,RPER_ad3340553bdb0a36,injected,0.27872340425531916,PCA_RECONSTRUCTION_CALCULATED_INCENTIVE,Calculated incentive was the largest PCA reconstruction deviation (observed 2.5e+04).,Final incentive paid was the next-largest reconstruction deviation (observed 2.5e+04).,"Validate the target, policy tier, adjustment approval, and payout reconciliation before action.",3,expected_incentive,Expected incentive,25000.0,,0.5769230769230769,46.70811132131588
REP_a132178ac1b8,2017-07-01,MGR_5e1c70ff0ce6,TEAM_a405eba78bf2,TERR_b31415d90eb9,RPER_aea0255408594b4b,injected,0.2276595744680851,PCA_RECONSTRUCTION_CALCULATED_INCENTIVE,Calculated incentive was the largest PCA reconstruction deviation (observed 2.5e+04).,Final incentive paid was the next-largest reconstruction deviation (observed 2.5e+04).,"Validate the target, policy tier, adjustment approval, and payout reconciliation before action.",1,calculated_incentive,Calculated incentive,25000.0,,0.6153846153846154,46.708109647962075
REP_a132178ac1b8,2017-07-01,MGR_5e1c70ff0ce6,TEAM_a405eba78bf2,TERR_b31415d90eb9,RPER_aea0255408594b4b,injected,0.2276595744680851,PCA_RECONSTRUCTION_CALCULATED_INCENTIVE,Calculated incentive was the largest PCA reconstruction deviation (observed 2.5e+04).,Final incentive paid was the next-largest reconstruction deviation (observed 2.5e+04).,"Validate the target, policy tier, adjustment approval, and payout reconciliation before action.",2,final_incentive_paid,Final incentive paid,25000.0,25000.0,0.8333333333333334,46.708109647962075
REP_a132178ac1b8,2017-07-01,MGR_5e1c70ff0ce6,TEAM_a405eba78bf2,TERR_b31415d90eb9,RPER_aea0255408594b4b,injected,0.2276595744680851,PCA_RECONSTRUCTION_CALCULATED_INCENTIVE,Calculated incentive was the largest PCA reconstruction deviation (observed 2.5e+04).,Final incentive paid was the next-largest reconstruction deviation (observed 2.5e+04).,"Validate the target, policy tier, adjustment approval, and payout reconciliation before action.",3,expected_incentive,Expected incentive,25000.0,,0.6153846153846154,46.708109647962075
REP_a132178ac1b8,2017-08-01,MGR_5e1c70ff0ce6,TEAM_a405eba78bf2,TERR_b31415d90eb9,RPER_5f4c8482f4cbc39d,injected,0.07872340425531915,PCA_RECONSTRUCTION_CALCULATED_INCENTIVE,Calculated incentive was the largest PCA reconstruction deviation (observed 2.5e+04).,Final incentive paid was the next-largest reconstruction deviation (observed 2.5e+04).,"Validate the target, policy tier, adjustment approval, and payout reconciliation before action.",1,calculated_incentive,Calculated incentive,25000.0,,0.6923076923076923,46.708106709677885
REP_a132178ac1b8,2017-08-01,MGR_5e1c70ff0ce6,TEAM_a405eba78bf2,TERR_b31415d90eb9,RPER_5f4c8482f4cbc39d,injected,0.07872340425531915,PCA_RECONSTRUCTION_CALCULATED_INCENTIVE,Calculated incentive was the largest PCA reconstruction deviation (observed 2.5e+04).,Final incentive paid was the next-largest reconstruction deviation (observed 2.5e+04).,"Validate the target, policy tier, adjustment approval, and payout reconciliation before action.",2,final_incentive_paid,Final incentive paid,25000.0,25000.0,0.6666666666666666,46.708106709677885
REP_a132178ac1b8,2017-08-01,MGR_5e1c70ff0ce6,TEAM_a405eba78bf2,TERR_b31415d90eb9,RPER_5f4c8482f4cbc39d,injected,0.07872340425531915,PCA_RECONSTRUCTION_CALCULATED_INCENTIVE,Calculated incentive was the largest PCA reconstruction deviation (observed 2.5e+04).,Final incentive paid was the next-largest reconstruction deviation (observed 2.5e+04).,"Validate the target, policy tier, adjustment approval, and payout reconciliation before action.",3,expected_incentive,Expected incentive,25000.0,,0.6923076923076923,46.708106709677885
REP_a132178ac1b8,2017-09-01,MGR_5e1c70ff0ce6,TEAM_a405eba78bf2,TERR_b31415d90eb9,RPER_dccd623af214dea8,injected,0.23191489361702128,PCA_RECONSTRUCTION_CALCULATED_INCENTIVE,Calculated incentive was the largest PCA reconstruction deviation (observed 2.5e+04).,Final incentive paid was the next-largest reconstruction deviation (observed 2.5e+04).,"Validate the target, policy tier, adjustment approval, and payout reconciliation before action.",1,calculated_incentive,Calculated incentive,25000.0,,0.5384615384615384,46.708110200939075
REP_a132178ac1b8,2017-09-01,MGR_5e1c70ff0ce6,TEAM_a405eba78bf2,TERR_b31415d90eb9,RPER_dccd623af214dea8,injected,0.23191489361702128,PCA_RECONSTRUCTION_CALCULATED_INCENTIVE,Calculated incentive was the largest PCA reconstruction deviation (observed 2.5e+04).,Final incentive paid was the next-largest reconstruction deviation (observed 2.5e+04).,"Validate the target, policy tier, adjustment approval, and payout reconciliation before action.",2,final_incentive_paid,Final incentive paid,25000.0,25000.0,0.6666666666666666,46.708110200939075
REP_a132178ac1b8,2017-09-01,MGR_5e1c70ff0ce6,TEAM_a405eba78bf2,TERR_b31415d90eb9,RPER_dccd623af214dea8,injected,0.23191489361702128,PCA_RECONSTRUCTION_CALCULATED_INCENTIVE,Calculated incentive was the largest PCA reconstruction deviation (observed 2.5e+04).,Final incentive paid was the next-largest reconstruction deviation (observed 2.5e+04).,"Validate the target, policy tier, adjustment approval, and payout reconciliation before action.",3,expected_incentive,Expected incentive,25000.0,,0.5384615384615384,46.708110200939075
REP_a132178ac1b8,2017-10-01,MGR_5e1c70ff0ce6,TEAM_a405eba78bf2,TERR_b31415d90eb9,RPER_fa23ca5d98d868a4,injected,0.014893617021276596,PCA_RECONSTRUCTION_REP_HISTORICAL_MEAN,Rep historical mean was the largest PCA reconstruction deviation (observed 1.595e+07).,Calculated incentive was the next-largest reconstruction deviation (observed 1.832e+04).,"Validate the source record, peer context, and relevant commercial activity before action.",1,rep_historical_mean,Rep historical mean,15951434.111692095,,0.5384615384615384,13.239557876335839
REP_a132178ac1b8,2017-10-01,MGR_5e1c70ff0ce6,TEAM_a405eba78bf2,TERR_b31415d90eb9,RPER_fa23ca5d98d868a4,injected,0.014893617021276596,PCA_RECONSTRUCTION_REP_HISTORICAL_MEAN,Rep historical mean was the largest PCA reconstruction deviation (observed 1.595e+07).,Calculated incentive was the next-largest reconstruction deviation (observed 1.832e+04).,"Validate the source record, peer context, and relevant commercial activity before action.",2,calculated_incentive,Calculated incentive,18316.94,,0.23076923076923078,12.750706395433323
REP_a132178ac1b8,2017-10-01,MGR_5e1c70ff0ce6,TEAM_a405eba78bf2,TERR_b31415d90eb9,RPER_fa23ca5d98d868a4,injected,0.014893617021276596,PCA_RECONSTRUCTION_REP_HISTORICAL_MEAN,Rep historical mean was the largest PCA reconstruction deviation (observed 1.595e+07).,Calculated incentive was the next-largest reconstruction deviation (observed 1.832e+04).,"Validate the source record, peer context, and relevant commercial activity before action.",3,final_incentive_paid,Final incentive paid,18316.94,20542.81,0.3333333333333333,12.750706395433323
REP_a132178ac1b8,2017-11-01,MGR_5e1c70ff0ce6,TEAM_a405eba78bf2,TERR_b31415d90eb9,RPER_64b03e68c79e1167,injected,0.09148936170212765,PCA_RECONSTRUCTION_CALCULATED_INCENTIVE,Calculated incentive was the largest PCA reconstruction deviation (observed 2.5e+04).,Final incentive paid was the next-largest reconstruction deviation (observed 2.5e+04).,"Validate the target, policy tier, adjustment approval, and payout reconciliation before action.",1,calculated_incentive,Calculated incentive,25000.0,,0.6538461538461539,46.708107476106065
REP_a132178ac1b8,2017-11-01,MGR_5e1c70ff0ce6,TEAM_a405eba78bf2,TERR_b31415d90eb9,RPER_64b03e68c79e1167,injected,0.09148936170212765,PCA_RECONSTRUCTION_CALCULATED_INCENTIVE,Calculated incentive was the largest PCA reconstruction deviation (observed 2.5e+04).,Final incentive paid was the next-largest reconstruction deviation (observed 2.5e+04).,"Validate the target, policy tier, adjustment approval, and payout reconciliation before action.",2,final_incentive_paid,Final incentive paid,25000.0,25000.0,0.8333333333333334,46.708107476106065
REP_a132178ac1b8,2017-11-01,MGR_5e1c70ff0ce6,TEAM_a405eba78bf2,TERR_b31415d90eb9,RPER_64b03e68c79e1167,injected,0.09148936170212765,PCA_RECONSTRUCTION_CALCULATED_INCENTIVE,Calculated incentive was the largest PCA reconstruction deviation (observed 2.5e+04).,Final incentive paid was the next-largest reconstruction deviation (observed 2.5e+04).,"Validate the target, policy tier, adjustment approval, and payout reconciliation before action.",3,expected_incentive,Expected incentive,25000.0,,0.6538461538461539,46.708107476106065
REP_a132178ac1b8,2017-12-01,MGR_5e1c70ff0ce6,TEAM_a405eba78bf2,TERR_b31415d90eb9,RPER_095d83e86754ed66,injected,0.3,PCA_RECONSTRUCTION_CALCULATED_INCENTIVE,Calculated incentive was the largest PCA reconstruction deviation (observed 2.5e+04).,Final incentive paid was the next-largest reconstruction deviation (observed 2.5e+04).,"Validate the target, policy tier, adjustment approval, and payout reconciliation before action.",1,calculated_incentive,Calculated incentive,25000.0,,0.7692307692307693,46.70810639028014
REP_a132178ac1b8,2017-12-01,MGR_5e1c70ff0ce6,TEAM_a405eba78bf2,TERR_b31415d90eb9,RPER_095d83e86754ed66,injected,0.3,PCA_RECONSTRUCTION_CALCULATED_INCENTIVE,Calculated incentive was the largest PCA reconstruction deviation (observed 2.5e+04).,Final incentive paid was the next-largest reconstruction deviation (observed 2.5e+04).,"Validate the target, policy tier, adjustment approval, and payout reconciliation before action.",2,final_incentive_paid,Final incentive paid,25000.0,25000.0,0.8333333333333334,46.70810639028014
REP_a132178ac1b8,2017-12-01,MGR_5e1c70ff0ce6,TEAM_a405eba78bf2,TERR_b31415d90eb9,RPER_095d83e86754ed66,injected,0.3,PCA_RECONSTRUCTION_CALCULATED_INCENTIVE,Calculated incentive was the largest PCA reconstruction deviation (observed 2.5e+04).,Final incentive paid was the next-largest reconstruction deviation (observed 2.5e+04).,"Validate the target, policy tier, adjustment approval, and payout reconciliation before action.",3,expected_incentive,Expected incentive,25000.0,,0.7692307692307693,46.70810639028014
REP_a132178ac1b8,2018-01-01,MGR_5e1c70ff0ce6,TEAM_a405eba78bf2,TERR_b31415d90eb9,RPER_a9625af479eb87b6,injected,0.6234042553191489,PCA_RECONSTRUCTION_CALCULATED_INCENTIVE,Calculated incentive was the largest PCA reconstruction deviation (observed 2.75e+04).,Final incentive paid was the next-largest reconstruction deviation (observed 2.75e+04).,"Validate the target, policy tier, adjustment approval, and payout reconciliation before action.",1,calculated_incentive,Calculated incentive,27500.0,,0.5384615384615384,61.37675679306466
REP_a132178ac1b8,2018-01-01,MGR_5e1c70ff0ce6,TEAM_a405eba78bf2,TERR_b31415d90eb9,RPER_a9625af479eb87b6,injected,0.6234042553191489,PCA_RECONSTRUCTION_CALCULATED_INCENTIVE,Calculated incentive was the largest PCA reconstruction deviation (observed 2.75e+04).,Final incentive paid was the next-largest reconstruction deviation (observed 2.75e+04).,"Validate the target, policy tier, adjustment approval, and payout reconciliation before action.",2,final_incentive_paid,Final incentive paid,27500.0,27500.0,0.6666666666666666,61.37675679306466
REP_a132178ac1b8,2018-01-01,MGR_5e1c70ff0ce6,TEAM_a405eba78bf2,TERR_b31415d90eb9,RPER_a9625af479eb87b6,injected,0.6234042553191489,PCA_RECONSTRUCTION_CALCULATED_INCENTIVE,Calculated incentive was the largest PCA reconstruction deviation (observed 2.75e+04).,Final incentive paid was the next-largest reconstruction deviation (observed 2.75e+04).,"Validate the target, policy tier, adjustment approval, and payout reconciliation before action.",3,expected_incentive,Expected incentive,27500.0,,0.5384615384615384,61.37675679306466
REP_a132178ac1b8,2018-02-01,MGR_5e1c70ff0ce6,TEAM_a405eba78bf2,TERR_b31415d90eb9,RPER_d7a7c6afc3c376d8,injected,0.6063829787234043,PCA_RECONSTRUCTION_CALCULATED_INCENTIVE,Calculated incentive was the largest PCA reconstruction deviation (observed 2.75e+04).,Final incentive paid was the next-largest reconstruction deviation (observed 2.75e+04).,"Validate the target, policy tier, adjustment approval, and payout reconciliation before action.",1,calculated_incentive,Calculated incentive,27500.0,,0.5769230769230769,61.37676127942147
REP_a132178ac1b8,2018-02-01,MGR_5e1c70ff0ce6,TEAM_a405eba78bf2,TERR_b31415d90eb9,RPER_d7a7c6afc3c376d8,injected,0.6063829787234043,PCA_RECONSTRUCTION_CALCULATED_INCENTIVE,Calculated incentive was the largest PCA reconstruction deviation (observed 2.75e+04).,Final incentive paid was the next-largest reconstruction deviation (observed 2.75e+04).,"Validate the target, policy tier, adjustment approval, and payout reconciliation before action.",2,final_incentive_paid,Final incentive paid,27500.0,27500.0,0.6666666666666666,61.37676127942147
REP_a132178ac1b8,2018-02-01,MGR_5e1c70ff0ce6,TEAM_a405eba78bf2,TERR_b31415d90eb9,RPER_d7a7c6afc3c376d8,injected,0.6063829787234043,PCA_RECONSTRUCTION_CALCULATED_INCENTIVE,Calculated incentive was the largest PCA reconstruction deviation (observed 2.75e+04).,Final incentive paid was the next-largest reconstruction deviation (observed 2.75e+04).,"Validate the target, policy tier, adjustment approval, and payout reconciliation before action.",3,expected_incentive,Expected incentive,27500.0,,0.5769230769230769,61.37676127942147
REP_a132178ac1b8,2018-03-01,MGR_5e1c70ff0ce6,TEAM_a405eba78bf2,TERR_b31415d90eb9,RPER_477a5a4ac07d7c11,injected,0.6446808510638298,PCA_RECONSTRUCTION_CALCULATED_INCENTIVE,Calculated incentive was the largest PCA reconstruction deviation (observed 2.75e+04).,Final incentive paid was the next-largest reconstruction deviation (observed 2.75e+04).,"Validate the target, policy tier, adjustment approval, and payout reconciliation before action.",1,calculated_incentive,Calculated incentive,27500.0,,0.5384615384615384,61.37676039520228
REP_a132178ac1b8,2018-03-01,MGR_5e1c70ff0ce6,TEAM_a405eba78bf2,TERR_b31415d90eb9,RPER_477a5a4ac07d7c11,injected,0.6446808510638298,PCA_RECONSTRUCTION_CALCULATED_INCENTIVE,Calculated incentive was the largest PCA reconstruction deviation (observed 2.75e+04).,Final incentive paid was the next-largest reconstruction deviation (observed 2.75e+04).,"Validate the target, policy tier, adjustment approval, and payout reconciliation before action.",2,final_incentive_paid,Final incentive paid,27500.0,27500.0,0.6666666666666666,61.37676039520228
REP_a132178ac1b8,2018-03-01,MGR_5e1c70ff0ce6,TEAM_a405eba78bf2,TERR_b31415d90eb9,RPER_477a5a4ac07d7c11,injected,0.6446808510638298,PCA_RECONSTRUCTION_CALCULATED_INCENTIVE,Calculated incentive was the largest PCA reconstruction deviation (observed 2.75e+04).,Final incentive paid was the next-largest reconstruction deviation (observed 2.75e+04).,"Validate the target, policy tier, adjustment approval, and payout reconciliation before action.",3,expected_incentive,Expected incentive,27500.0,,0.5384615384615384,61.37676039520228
REP_a132178ac1b8,2018-04-01,MGR_5e1c70ff0ce6,TEAM_a405eba78bf2,TERR_b31415d90eb9,RPER_2dab4ef1dbdefaa6,injected,0.22340425531914893,PCA_RECONSTRUCTION_CALCULATED_INCENTIVE,Calculated incentive was the largest PCA reconstruction deviation (observed 2.398e+04).,Final incentive paid was the next-largest reconstruction deviation (observed 2.398e+04).,"Validate the target, policy tier, adjustment approval, and payout reconciliation before action.",1,calculated_incentive,Calculated incentive,23978.78,,0.38461538461538464,40.91836349741119
REP_a132178ac1b8,2018-04-01,MGR_5e1c70ff0ce6,TEAM_a405eba78bf2,TERR_b31415d90eb9,RPER_2dab4ef1dbdefaa6,injected,0.22340425531914893,PCA_RECONSTRUCTION_CALCULATED_INCENTIVE,Calculated incentive was the largest PCA reconstruction deviation (observed 2.398e+04).,Final incentive paid was the next-largest reconstruction deviation (observed 2.398e+04).,"Validate the target, policy tier, adjustment approval, and payout reconciliation before action.",2,final_incentive_paid,Final incentive paid,23978.78,23978.78,0.6666666666666666,40.91836349741119
REP_a132178ac1b8,2018-04-01,MGR_5e1c70ff0ce6,TEAM_a405eba78bf2,TERR_b31415d90eb9,RPER_2dab4ef1dbdefaa6,injected,0.22340425531914893,PCA_RECONSTRUCTION_CALCULATED_INCENTIVE,Calculated incentive was the largest PCA reconstruction deviation (observed 2.398e+04).,Final incentive paid was the next-largest reconstruction deviation (observed 2.398e+04).,"Validate the target, policy tier, adjustment approval, and payout reconciliation before action.",3,expected_incentive,Expected incentive,23978.78,,0.38461538461538464,40.91836349741119
REP_a132178ac1b8,2018-05-01,MGR_5e1c70ff0ce6,TEAM_a405eba78bf2,TERR_b31415d90eb9,RPER_ab93cdb634454bed,injected,0.46595744680851064,PCA_RECONSTRUCTION_CALCULATED_INCENTIVE,Calculated incentive was the largest PCA reconstruction deviation (observed 2.75e+04).,Final incentive paid was the next-largest reconstruction deviation (observed 2.75e+04).,"Validate the target, policy tier, adjustment approval, and payout reconciliation before action.",1,calculated_incentive,Calculated incentive,27500.0,,0.7307692307692307,61.376759543295904
REP_a132178ac1b8,2018-05-01,MGR_5e1c70ff0ce6,TEAM_a405eba78bf2,TERR_b31415d90eb9,RPER_ab93cdb634454bed,injected,0.46595744680851064,PCA_RECONSTRUCTION_CALCULATED_INCENTIVE,Calculated incentive was the largest PCA reconstruction deviation (observed 2.75e+04).,Final incentive paid was the next-largest reconstruction deviation (observed 2.75e+04).,"Validate the target, policy tier, adjustment approval, and payout reconciliation before action.",2,final_incentive_paid,Final incentive paid,27500.0,27500.0,0.8333333333333334,61.376759543295904
REP_a132178ac1b8,2018-05-01,MGR_5e1c70ff0ce6,TEAM_a405eba78bf2,TERR_b31415d90eb9,RPER_ab93cdb634454bed,injected,0.46595744680851064,PCA_RECONSTRUCTION_CALCULATED_INCENTIVE,Calculated incentive was the largest PCA reconstruction deviation (observed 2.75e+04).,Final incentive paid was the next-largest reconstruction deviation (observed 2.75e+04).,"Validate the target, policy tier, adjustment approval, and payout reconciliation before action.",3,expected_incentive,Expected incentive,27500.0,,0.7307692307692307,61.376759543295904
REP_a132178ac1b8,2018-06-01,MGR_5e1c70ff0ce6,TEAM_a405eba78bf2,TERR_b31415d90eb9,RPER_10660a679152723a,injected,0.5425531914893617,PCA_RECONSTRUCTION_CALCULATED_INCENTIVE,Calculated incentive was the largest PCA reconstruction deviation (observed 2.75e+04).,Final incentive paid was the next-largest reconstruction deviation (observed 2.75e+04).,"Validate the target, policy tier, adjustment approval, and payout reconciliation before action.",1,calculated_incentive,Calculated incentive,27500.0,,0.5769230769230769,61.37676634987273
REP_a132178ac1b8,2018-06-01,MGR_5e1c70ff0ce6,TEAM_a405eba78bf2,TERR_b31415d90eb9,RPER_10660a679152723a,injected,0.5425531914893617,PCA_RECONSTRUCTION_CALCULATED_INCENTIVE,Calculated incentive was the largest PCA reconstruction deviation (observed 2.75e+04).,Final incentive paid was the next-largest reconstruction deviation (observed 2.75e+04).,"Validate the target, policy tier, adjustment approval, and payout reconciliation before action.",2,final_incentive_paid,Final incentive paid,27500.0,27500.0,0.6666666666666666,61.37676634987273
REP_a132178ac1b8,2018-06-01,MGR_5e1c70ff0ce6,TEAM_a405eba78bf2,TERR_b31415d90eb9,RPER_10660a679152723a,injected,0.5425531914893617,PCA_RECONSTRUCTION_CALCULATED_INCENTIVE,Calculated incentive was the largest PCA reconstruction deviation (observed 2.75e+04).,Final incentive paid was the next-largest reconstruction deviation (observed 2.75e+04).,"Validate the target, policy tier, adjustment approval, and payout reconciliation before action.",3,expected_incentive,Expected incentive,27500.0,,0.5769230769230769,61.37676634987273
REP_a132178ac1b8,2018-07-01,MGR_5e1c70ff0ce6,TEAM_a405eba78bf2,TERR_b31415d90eb9,RPER_bb5095e15412c25d,injected,0.6452768457550936,PCA_RECONSTRUCTION_CALCULATED_INCENTIVE,Calculated incentive was the largest PCA reconstruction deviation (observed 2.75e+04).,Final incentive paid was the next-largest reconstruction deviation (observed 2.75e+04).,"Validate the target, policy tier, adjustment approval, and payout reconciliation before action.",1,calculated_incentive,Calculated incentive,27500.0,,0.6153846153846154,61.376760471291206
REP_a132178ac1b8,2018-07-01,MGR_5e1c70ff0ce6,TEAM_a405eba78bf2,TERR_b31415d90eb9,RPER_bb5095e15412c25d,injected,0.6452768457550936,PCA_RECONSTRUCTION_CALCULATED_INCENTIVE,Calculated incentive was the largest PCA reconstruction deviation (observed 2.75e+04).,Final incentive paid was the next-largest reconstruction deviation (observed 2.75e+04).,"Validate the target, policy tier, adjustment approval, and payout reconciliation before action.",2,final_incentive_paid,Final incentive paid,27500.0,27500.0,0.8333333333333334,61.376760471291206
REP_a132178ac1b8,2018-07-01,MGR_5e1c70ff0ce6,TEAM_a405eba78bf2,TERR_b31415d90eb9,RPER_bb5095e15412c25d,injected,0.6452768457550936,PCA_RECONSTRUCTION_CALCULATED_INCENTIVE,Calculated incentive was the largest PCA reconstruction deviation (observed 2.75e+04).,Final incentive paid was the next-largest reconstruction deviation (observed 2.75e+04).,"Validate the target, policy tier, adjustment approval, and payout reconciliation before action.",3,expected_incentive,Expected incentive,27500.0,,0.6153846153846154,61.376760471291206
REP_a132178ac1b8,2018-08-01,MGR_5e1c70ff0ce6,TEAM_a405eba78bf2,TERR_b31415d90eb9,RPER_d7edf4651f52b591,injected,0.9583402679118662,PCA_RECONSTRUCTION_CALCULATED_INCENTIVE,Calculated incentive was the largest PCA reconstruction deviation (observed 0).,Final incentive paid was the next-largest reconstruction deviation (observed 0).,"Validate the target, policy tier, adjustment approval, and payout reconciliation before action.",1,calculated_incentive,Calculated incentive,0.0,,0.07692307692307693,9884.19942685373
REP_a132178ac1b8,2018-08-01,MGR_5e1c70ff0ce6,TEAM_a405eba78bf2,TERR_b31415d90eb9,RPER_d7edf4651f52b591,injected,0.9583402679118662,PCA_RECONSTRUCTION_CALCULATED_INCENTIVE,Calculated incentive was the largest PCA reconstruction deviation (observed 0).,Final incentive paid was the next-largest reconstruction deviation (observed 0).,"Validate the target, policy tier, adjustment approval, and payout reconciliation before action.",2,final_incentive_paid,Final incentive paid,0.0,27500.0,0.3333333333333333,9884.19942685373
REP_a132178ac1b8,2018-08-01,MGR_5e1c70ff0ce6,TEAM_a405eba78bf2,TERR_b31415d90eb9,RPER_d7edf4651f52b591,injected,0.9583402679118662,PCA_RECONSTRUCTION_CALCULATED_INCENTIVE,Calculated incentive was the largest PCA reconstruction deviation (observed 0).,Final incentive paid was the next-largest reconstruction deviation (observed 0).,"Validate the target, policy tier, adjustment approval, and payout reconciliation before action.",3,expected_incentive,Expected incentive,0.0,,0.07692307692307693,9884.19942685373
REP_a132178ac1b8,2018-09-01,MGR_5e1c70ff0ce6,TEAM_a405eba78bf2,TERR_b31415d90eb9,RPER_23a1a065c13b13af,injected,0.6580475854561199,PCA_RECONSTRUCTION_CALCULATED_INCENTIVE,Calculated incentive was the largest PCA reconstruction deviation (observed 2.75e+04).,Final incentive paid was the next-largest reconstruction deviation (observed 2.75e+04).,"Validate the target, policy tier, adjustment approval, and payout reconciliation before action.",1,calculated_incentive,Calculated incentive,27500.0,,0.6538461538461539,61.37675832526895
REP_a132178ac1b8,2018-09-01,MGR_5e1c70ff0ce6,TEAM_a405eba78bf2,TERR_b31415d90eb9,RPER_23a1a065c13b13af,injected,0.6580475854561199,PCA_RECONSTRUCTION_CALCULATED_INCENTIVE,Calculated incentive was the largest PCA reconstruction deviation (observed 2.75e+04).,Final incentive paid was the next-largest reconstruction deviation (observed 2.75e+04).,"Validate the target, policy tier, adjustment approval, and payout reconciliation before action.",2,final_incentive_paid,Final incentive paid,27500.0,27500.0,0.6666666666666666,61.37675832526895
REP_a132178ac1b8,2018-09-01,MGR_5e1c70ff0ce6,TEAM_a405eba78bf2,TERR_b31415d90eb9,RPER_23a1a065c13b13af,injected,0.6580475854561199,PCA_RECONSTRUCTION_CALCULATED_INCENTIVE,Calculated incentive was the largest PCA reconstruction deviation (observed 2.75e+04).,Final incentive paid was the next-largest reconstruction deviation (observed 2.75e+04).,"Validate the target, policy tier, adjustment approval, and payout reconciliation before action.",3,expected_incentive,Expected incentive,27500.0,,0.6538461538461539,61.37675832526895
REP_a132178ac1b8,2018-10-01,MGR_5e1c70ff0ce6,TEAM_a405eba78bf2,TERR_b31415d90eb9,RPER_e6d04eb56e1750e2,injected,0.7018895678308765,PCA_RECONSTRUCTION_CALCULATED_INCENTIVE,Calculated incentive was the largest PCA reconstruction deviation (observed 2.75e+04).,Final incentive paid was the next-largest reconstruction deviation (observed 2.75e+04).,"Validate the target, policy tier, adjustment approval, and payout reconciliation before action.",1,calculated_incentive,Calculated incentive,27500.0,,0.5384615384615384,61.37676262691634
REP_a132178ac1b8,2018-10-01,MGR_5e1c70ff0ce6,TEAM_a405eba78bf2,TERR_b31415d90eb9,RPER_e6d04eb56e1750e2,injected,0.7018895678308765,PCA_RECONSTRUCTION_CALCULATED_INCENTIVE,Calculated incentive was the largest PCA reconstruction deviation (observed 2.75e+04).,Final incentive paid was the next-largest reconstruction deviation (observed 2.75e+04).,"Validate the target, policy tier, adjustment approval, and payout reconciliation before action.",2,final_incentive_paid,Final incentive paid,27500.0,27500.0,0.6666666666666666,61.37676262691634
REP_a132178ac1b8,2018-10-01,MGR_5e1c70ff0ce6,TEAM_a405eba78bf2,TERR_b31415d90eb9,RPER_e6d04eb56e1750e2,injected,0.7018895678308765,PCA_RECONSTRUCTION_CALCULATED_INCENTIVE,Calculated incentive was the largest PCA reconstruction deviation (observed 2.75e+04).,Final incentive paid was the next-largest reconstruction deviation (observed 2.75e+04).,"Validate the target, policy tier, adjustment approval, and payout reconciliation before action.",3,expected_incentive,Expected incentive,27500.0,,0.5384615384615384,61.37676262691634
REP_a132178ac1b8,2018-11-01,MGR_5e1c70ff0ce6,TEAM_a405eba78bf2,TERR_b31415d90eb9,RPER_c19d72d0d7be063f,injected,0.6539475310560906,PCA_RECONSTRUCTION_CALCULATED_INCENTIVE,Calculated incentive was the largest PCA reconstruction deviation (observed 2.75e+04).,Final incentive paid was the next-largest reconstruction deviation (observed 2.75e+04).,"Validate the target, policy tier, adjustment approval, and payout reconciliation before action.",1,calculated_incentive,Calculated incentive,27500.0,,0.6923076923076923,61.37675846688403
REP_a132178ac1b8,2018-11-01,MGR_5e1c70ff0ce6,TEAM_a405eba78bf2,TERR_b31415d90eb9,RPER_c19d72d0d7be063f,injected,0.6539475310560906,PCA_RECONSTRUCTION_CALCULATED_INCENTIVE,Calculated incentive was the largest PCA reconstruction deviation (observed 2.75e+04).,Final incentive paid was the next-largest reconstruction deviation (observed 2.75e+04).,"Validate the target, policy tier, adjustment approval, and payout reconciliation before action.",2,final_incentive_paid,Final incentive paid,27500.0,27500.0,0.6666666666666666,61.37675846688403
REP_a132178ac1b8,2018-11-01,MGR_5e1c70ff0ce6,TEAM_a405eba78bf2,TERR_b31415d90eb9,RPER_c19d72d0d7be063f,injected,0.6539475310560906,PCA_RECONSTRUCTION_CALCULATED_INCENTIVE,Calculated incentive was the largest PCA reconstruction deviation (observed 2.75e+04).,Final incentive paid was the next-largest reconstruction deviation (observed 2.75e+04).,"Validate the target, policy tier, adjustment approval, and payout reconciliation before action.",3,expected_incentive,Expected incentive,27500.0,,0.6923076923076923,61.37675846688403
REP_a132178ac1b8,2018-12-01,MGR_5e1c70ff0ce6,TEAM_a405eba78bf2,TERR_b31415d90eb9,RPER_7e9ef1f8d970db6b,injected,0.08278596262801097,PCA_RECONSTRUCTION_CALCULATED_INCENTIVE,Calculated incentive was the largest PCA reconstruction deviation (observed 2.107e+04).,Final incentive paid was the next-largest reconstruction deviation (observed 2.107e+04).,"Validate the target, policy tier, adjustment approval, and payout reconciliation before action.",1,calculated_incentive,Calculated incentive,21073.73,,0.46153846153846156,25.41963918491337
REP_a132178ac1b8,2018-12-01,MGR_5e1c70ff0ce6,TEAM_a405eba78bf2,TERR_b31415d90eb9,RPER_7e9ef1f8d970db6b,injected,0.08278596262801097,PCA_RECONSTRUCTION_CALCULATED_INCENTIVE,Calculated incentive was the largest PCA reconstruction deviation (observed 2.107e+04).,Final incentive paid was the next-largest reconstruction deviation (observed 2.107e+04).,"Validate the target, policy tier, adjustment approval, and payout reconciliation before action.",2,final_incentive_paid,Final incentive paid,21073.73,21073.73,0.6666666666666666,25.41963918491337
REP_a132178ac1b8,2018-12-01,MGR_5e1c70ff0ce6,TEAM_a405eba78bf2,TERR_b31415d90eb9,RPER_7e9ef1f8d970db6b,injected,0.08278596262801097,PCA_RECONSTRUCTION_CALCULATED_INCENTIVE,Calculated incentive was the largest PCA reconstruction deviation (observed 2.107e+04).,Final incentive paid was the next-largest reconstruction deviation (observed 2.107e+04).,"Validate the target, policy tier, adjustment approval, and payout reconciliation before action.",3,expected_incentive,Expected incentive,21073.73,,0.46153846153846156,25.41963918491337
REP_a132178ac1b8,2019-01-01,MGR_5e1c70ff0ce6,TEAM_a405eba78bf2,TERR_b31415d90eb9,RPER_2830872bf4889d63,injected,0.9851365860437462,PCA_RECONSTRUCTION_INCENTIVE_PEER_MEDIAN,Incentive peer median was the largest PCA reconstruction deviation (observed 0).,Calculated incentive was the next-largest reconstruction deviation (observed 0).,"Validate the target, policy tier, adjustment approval, and payout reconciliation before action.",1,incentive_peer_median,Incentive peer median,0.0,,0.38461538461538464,10704.605453515456
REP_a132178ac1b8,2019-01-01,MGR_5e1c70ff0ce6,TEAM_a405eba78bf2,TERR_b31415d90eb9,RPER_2830872bf4889d63,injected,0.9851365860437462,PCA_RECONSTRUCTION_INCENTIVE_PEER_MEDIAN,Incentive peer median was the largest PCA reconstruction deviation (observed 0).,Calculated incentive was the next-largest reconstruction deviation (observed 0).,"Validate the target, policy tier, adjustment approval, and payout reconciliation before action.",2,calculated_incentive,Calculated incentive,0.0,,0.5384615384615384,9884.19820244282
REP_a132178ac1b8,2019-01-01,MGR_5e1c70ff0ce6,TEAM_a405eba78bf2,TERR_b31415d90eb9,RPER_2830872bf4889d63,injected,0.9851365860437462,PCA_RECONSTRUCTION_INCENTIVE_PEER_MEDIAN,Incentive peer median was the largest PCA reconstruction deviation (observed 0).,Calculated incentive was the next-largest reconstruction deviation (observed 0).,"Validate the target, policy tier, adjustment approval, and payout reconciliation before action.",3,final_incentive_paid,Final incentive paid,0.0,0.0,0.6666666666666666,9884.19820244282
REP_a132178ac1b8,2019-02-01,MGR_5e1c70ff0ce6,TEAM_a405eba78bf2,TERR_b31415d90eb9,RPER_51a48596d3290b29,injected,0.9277539679039085,PCA_RECONSTRUCTION_UNAPPROVED_DISCOUNT_RATE,Unapproved discount rate was the largest PCA reconstruction deviation (observed 0.2198).,Discount peer z was the next-largest reconstruction deviation (observed 0.01664).,"Validate the underlying orders, discounts, returns, period timing, and customer context before action.",1,unapproved_discount_rate,Unapproved discount rate,0.21978021978021978,,1.0,13443.98305981486
REP_a132178ac1b8,2019-02-01,MGR_5e1c70ff0ce6,TEAM_a405eba78bf2,TERR_b31415d90eb9,RPER_51a48596d3290b29,injected,0.9277539679039085,PCA_RECONSTRUCTION_UNAPPROVED_DISCOUNT_RATE,Unapproved discount rate was the largest PCA reconstruction deviation (observed 0.2198).,Discount peer z was the next-largest reconstruction deviation (observed 0.01664).,"Validate the underlying orders, discounts, returns, period timing, and customer context before action.",2,discount_peer_z,Discount peer z,0.01663553390419968,0.09871859763115926,1.0,303.81844465250236
REP_a132178ac1b8,2019-02-01,MGR_5e1c70ff0ce6,TEAM_a405eba78bf2,TERR_b31415d90eb9,RPER_51a48596d3290b29,injected,0.9277539679039085,PCA_RECONSTRUCTION_UNAPPROVED_DISCOUNT_RATE,Unapproved discount rate was the largest PCA reconstruction deviation (observed 0.2198).,Discount peer z was the next-largest reconstruction deviation (observed 0.01664).,"Validate the underlying orders, discounts, returns, period timing, and customer context before action.",3,discount_vs_peer,Discount vs peer,0.01663553390419968,,1.0,303.81844465250236
REP_a132178ac1b8,2019-03-01,MGR_5e1c70ff0ce6,TEAM_a405eba78bf2,TERR_b31415d90eb9,RPER_8224185c3f6f90ec,injected,0.7824503144109818,PCA_RECONSTRUCTION_CALCULATED_INCENTIVE,Calculated incentive was the largest PCA reconstruction deviation (observed 3e+04).,Final incentive paid was the next-largest reconstruction deviation (observed 3e+04).,"Validate the target, policy tier, adjustment approval, and payout reconciliation before action.",1,calculated_incentive,Calculated incentive,30000.0,,0.5769230769230769,76.51461886028142
REP_a132178ac1b8,2019-03-01,MGR_5e1c70ff0ce6,TEAM_a405eba78bf2,TERR_b31415d90eb9,RPER_8224185c3f6f90ec,injected,0.7824503144109818,PCA_RECONSTRUCTION_CALCULATED_INCENTIVE,Calculated incentive was the largest PCA reconstruction deviation (observed 3e+04).,Final incentive paid was the next-largest reconstruction deviation (observed 3e+04).,"Validate the target, policy tier, adjustment approval, and payout reconciliation before action.",2,final_incentive_paid,Final incentive paid,30000.0,30000.0,0.6666666666666666,76.51461886028142
REP_a132178ac1b8,2019-03-01,MGR_5e1c70ff0ce6,TEAM_a405eba78bf2,TERR_b31415d90eb9,RPER_8224185c3f6f90ec,injected,0.7824503144109818,PCA_RECONSTRUCTION_CALCULATED_INCENTIVE,Calculated incentive was the largest PCA reconstruction deviation (observed 3e+04).,Final incentive paid was the next-largest reconstruction deviation (observed 3e+04).,"Validate the target, policy tier, adjustment approval, and payout reconciliation before action.",3,expected_incentive,Expected incentive,30000.0,,0.5769230769230769,76.51461886028142
REP_a132178ac1b8,2019-04-01,MGR_5e1c70ff0ce6,TEAM_a405eba78bf2,TERR_b31415d90eb9,RPER_2ddbd68d4476b0b2,injected,0.9845166015318404,PCA_RECONSTRUCTION_INCENTIVE_PEER_MEDIAN,Incentive peer median was the largest PCA reconstruction deviation (observed 0).,Calculated incentive was the next-largest reconstruction deviation (observed 0).,"Validate the target, policy tier, adjustment approval, and payout reconciliation before action.",1,incentive_peer_median,Incentive peer median,0.0,,0.15384615384615385,10704.60545517113
REP_a132178ac1b8,2019-04-01,MGR_5e1c70ff0ce6,TEAM_a405eba78bf2,TERR_b31415d90eb9,RPER_2ddbd68d4476b0b2,injected,0.9845166015318404,PCA_RECONSTRUCTION_INCENTIVE_PEER_MEDIAN,Incentive peer median was the largest PCA reconstruction deviation (observed 0).,Calculated incentive was the next-largest reconstruction deviation (observed 0).,"Validate the target, policy tier, adjustment approval, and payout reconciliation before action.",2,calculated_incentive,Calculated incentive,0.0,,0.15384615384615385,9884.198205724066
REP_a132178ac1b8,2019-04-01,MGR_5e1c70ff0ce6,TEAM_a405eba78bf2,TERR_b31415d90eb9,RPER_2ddbd68d4476b0b2,injected,0.9845166015318404,PCA_RECONSTRUCTION_INCENTIVE_PEER_MEDIAN,Incentive peer median was the largest PCA reconstruction deviation (observed 0).,Calculated incentive was the next-largest reconstruction deviation (observed 0).,"Validate the target, policy tier, adjustment approval, and payout reconciliation before action.",3,final_incentive_paid,Final incentive paid,0.0,0.0,0.5,9884.198205724066
REP_bba68d031906,2017-01-01,MGR_eb86f856200b,TEAM_f144a6907dc4,TERR_07a5ea4d7ed4,RPER_9937f96b8dc6afff,injected,0.9936170212765958,PCA_RECONSTRUCTION_INCENTIVE_PEER_MEDIAN,Incentive peer median was the largest PCA reconstruction deviation (observed 0).,Calculated incentive was the next-largest reconstruction deviation (observed 0).,"Validate the target, policy tier, adjustment approval, and payout reconciliation before action.",1,incentive_peer_median,Incentive peer median,0.0,,0.15384615384615385,10704.031898648258
REP_bba68d031906,2017-01-01,MGR_eb86f856200b,TEAM_f144a6907dc4,TERR_07a5ea4d7ed4,RPER_9937f96b8dc6afff,injected,0.9936170212765958,PCA_RECONSTRUCTION_INCENTIVE_PEER_MEDIAN,Incentive peer median was the largest PCA reconstruction deviation (observed 0).,Calculated incentive was the next-largest reconstruction deviation (observed 0).,"Validate the target, policy tier, adjustment approval, and payout reconciliation before action.",2,calculated_incentive,Calculated incentive,0.0,,0.15384615384615385,9883.061536548772
REP_bba68d031906,2017-01-01,MGR_eb86f856200b,TEAM_f144a6907dc4,TERR_07a5ea4d7ed4,RPER_9937f96b8dc6afff,injected,0.9936170212765958,PCA_RECONSTRUCTION_INCENTIVE_PEER_MEDIAN,Incentive peer median was the largest PCA reconstruction deviation (observed 0).,Calculated incentive was the next-largest reconstruction deviation (observed 0).,"Validate the target, policy tier, adjustment approval, and payout reconciliation before action.",3,final_incentive_paid,Final incentive paid,0.0,0.0,0.5,9883.061536548772
REP_bba68d031906,2017-02-01,MGR_eb86f856200b,TEAM_f144a6907dc4,TERR_07a5ea4d7ed4,RPER_8f537cbe419feb87,injected,0.8829787234042553,PCA_RECONSTRUCTION_ROLLING_SALES_STD,Rolling sales std was the largest PCA reconstruction deviation (observed 0).,Rep historical std was the next-largest reconstruction deviation (observed 0).,"Validate the underlying orders, discounts, returns, period timing, and customer context before action.",1,rolling_sales_std,Rolling sales std,0.0,,0.5384615384615384,293.06503758440715
REP_bba68d031906,2017-02-01,MGR_eb86f856200b,TEAM_f144a6907dc4,TERR_07a5ea4d7ed4,RPER_8f537cbe419feb87,injected,0.8829787234042553,PCA_RECONSTRUCTION_ROLLING_SALES_STD,Rolling sales std was the largest PCA reconstruction deviation (observed 0).,Rep historical std was the next-largest reconstruction deviation (observed 0).,"Validate the underlying orders, discounts, returns, period timing, and customer context before action.",2,rep_historical_std,Rep historical std,0.0,,0.5384615384615384,293.06503758440715
REP_bba68d031906,2017-02-01,MGR_eb86f856200b,TEAM_f144a6907dc4,TERR_07a5ea4d7ed4,RPER_8f537cbe419feb87,injected,0.8829787234042553,PCA_RECONSTRUCTION_ROLLING_SALES_STD,Rolling sales std was the largest PCA reconstruction deviation (observed 0).,Rep historical std was the next-largest reconstruction deviation (observed 0).,"Validate the underlying orders, discounts, returns, period timing, and customer context before action.",3,calculated_incentive,Calculated incentive,25000.0,,0.5384615384615384,46.7861871728275
REP_bba68d031906,2017-03-01,MGR_eb86f856200b,TEAM_f144a6907dc4,TERR_07a5ea4d7ed4,RPER_15f1a8d5c5af6249,injected,0.4702127659574468,PCA_RECONSTRUCTION_CALCULATED_INCENTIVE,Calculated incentive was the largest PCA reconstruction deviation (observed 2.5e+04).,Final incentive paid was the next-largest reconstruction deviation (observed 2.5e+04).,"Validate the target, policy tier, adjustment approval, and payout reconciliation before action.",1,calculated_incentive,Calculated incentive,25000.0,,0.5769230769230769,46.786160858536974
REP_bba68d031906,2017-03-01,MGR_eb86f856200b,TEAM_f144a6907dc4,TERR_07a5ea4d7ed4,RPER_15f1a8d5c5af6249,injected,0.4702127659574468,PCA_RECONSTRUCTION_CALCULATED_INCENTIVE,Calculated incentive was the largest PCA reconstruction deviation (observed 2.5e+04).,Final incentive paid was the next-largest reconstruction deviation (observed 2.5e+04).,"Validate the target, policy tier, adjustment approval, and payout reconciliation before action.",2,final_incentive_paid,Final incentive paid,25000.0,25000.0,0.6666666666666666,46.786160858536974
REP_bba68d031906,2017-03-01,MGR_eb86f856200b,TEAM_f144a6907dc4,TERR_07a5ea4d7ed4,RPER_15f1a8d5c5af6249,injected,0.4702127659574468,PCA_RECONSTRUCTION_CALCULATED_INCENTIVE,Calculated incentive was the largest PCA reconstruction deviation (observed 2.5e+04).,Final incentive paid was the next-largest reconstruction deviation (observed 2.5e+04).,"Validate the target, policy tier, adjustment approval, and payout reconciliation before action.",3,expected_incentive,Expected incentive,25000.0,,0.5769230769230769,46.786160858536974
REP_bba68d031906,2017-04-01,MGR_eb86f856200b,TEAM_f144a6907dc4,TERR_07a5ea4d7ed4,RPER_d3b5b8966efc9e7d,injected,0.5553191489361702,PCA_RECONSTRUCTION_CALCULATED_INCENTIVE,Calculated incentive was the largest PCA reconstruction deviation (observed 2.5e+04).,Final incentive paid was the next-largest reconstruction deviation (observed 2.5e+04).,"Validate the target, policy tier, adjustment approval, and payout reconciliation before action.",1,calculated_incentive,Calculated incentive,25000.0,,0.6923076923076923,46.786155322283776
REP_bba68d031906,2017-04-01,MGR_eb86f856200b,TEAM_f144a6907dc4,TERR_07a5ea4d7ed4,RPER_d3b5b8966efc9e7d,injected,0.5553191489361702,PCA_RECONSTRUCTION_CALCULATED_INCENTIVE,Calculated incentive was the largest PCA reconstruction deviation (observed 2.5e+04).,Final incentive paid was the next-largest reconstruction deviation (observed 2.5e+04).,"Validate the target, policy tier, adjustment approval, and payout reconciliation before action.",2,final_incentive_paid,Final incentive paid,25000.0,25000.0,0.6666666666666666,46.786155322283776
REP_bba68d031906,2017-04-01,MGR_eb86f856200b,TEAM_f144a6907dc4,TERR_07a5ea4d7ed4,RPER_d3b5b8966efc9e7d,injected,0.5553191489361702,PCA_RECONSTRUCTION_CALCULATED_INCENTIVE,Calculated incentive was the largest PCA reconstruction deviation (observed 2.5e+04).,Final incentive paid was the next-largest reconstruction deviation (observed 2.5e+04).,"Validate the target, policy tier, adjustment approval, and payout reconciliation before action.",3,expected_incentive,Expected incentive,25000.0,,0.6923076923076923,46.786155322283776
REP_bba68d031906,2017-05-01,MGR_eb86f856200b,TEAM_f144a6907dc4,TERR_07a5ea4d7ed4,RPER_a68317ca3980d67c,injected,0.3553191489361702,PCA_RECONSTRUCTION_CALCULATED_INCENTIVE,Calculated incentive was the largest PCA reconstruction deviation (observed 2.5e+04).,Final incentive paid was the next-largest reconstruction deviation (observed 2.5e+04).,"Validate the target, policy tier, adjustment approval, and payout reconciliation before action.",1,calculated_incentive,Calculated incentive,25000.0,,0.6153846153846154,46.78615280191421
REP_bba68d031906,2017-05-01,MGR_eb86f856200b,TEAM_f144a6907dc4,TERR_07a5ea4d7ed4,RPER_a68317ca3980d67c,injected,0.3553191489361702,PCA_RECONSTRUCTION_CALCULATED_INCENTIVE,Calculated incentive was the largest PCA reconstruction deviation (observed 2.5e+04).,Final incentive paid was the next-largest reconstruction deviation (observed 2.5e+04).,"Validate the target, policy tier, adjustment approval, and payout reconciliation before action.",2,final_incentive_paid,Final incentive paid,25000.0,25000.0,0.6666666666666666,46.78615280191421
REP_bba68d031906,2017-05-01,MGR_eb86f856200b,TEAM_f144a6907dc4,TERR_07a5ea4d7ed4,RPER_a68317ca3980d67c,injected,0.3553191489361702,PCA_RECONSTRUCTION_CALCULATED_INCENTIVE,Calculated incentive was the largest PCA reconstruction deviation (observed 2.5e+04).,Final incentive paid was the next-largest reconstruction deviation (observed 2.5e+04).,"Validate the target, policy tier, adjustment approval, and payout reconciliation before action.",3,expected_incentive,Expected incentive,25000.0,,0.6153846153846154,46.78615280191421
REP_bba68d031906,2017-06-01,MGR_eb86f856200b,TEAM_f144a6907dc4,TERR_07a5ea4d7ed4,RPER_1630174adc4e7dda,injected,0.2404255319148936,PCA_RECONSTRUCTION_CALCULATED_INCENTIVE,Calculated incentive was the largest PCA reconstruction deviation (observed 2.5e+04).,Final incentive paid was the next-largest reconstruction deviation (observed 2.5e+04).,"Validate the target, policy tier, adjustment approval, and payout reconciliation before action.",1,calculated_incentive,Calculated incentive,25000.0,,0.5769230769230769,46.786156791317886
REP_bba68d031906,2017-06-01,MGR_eb86f856200b,TEAM_f144a6907dc4,TERR_07a5ea4d7ed4,RPER_1630174adc4e7dda,injected,0.2404255319148936,PCA_RECONSTRUCTION_CALCULATED_INCENTIVE,Calculated incentive was the largest PCA reconstruction deviation (observed 2.5e+04).,Final incentive paid was the next-largest reconstruction deviation (observed 2.5e+04).,"Validate the target, policy tier, adjustment approval, and payout reconciliation before action.",2,final_incentive_paid,Final incentive paid,25000.0,25000.0,0.6666666666666666,46.786156791317886
REP_bba68d031906,2017-06-01,MGR_eb86f856200b,TEAM_f144a6907dc4,TERR_07a5ea4d7ed4,RPER_1630174adc4e7dda,injected,0.2404255319148936,PCA_RECONSTRUCTION_CALCULATED_INCENTIVE,Calculated incentive was the largest PCA reconstruction deviation (observed 2.5e+04).,Final incentive paid was the next-largest reconstruction deviation (observed 2.5e+04).,"Validate the target, policy tier, adjustment approval, and payout reconciliation before action.",3,expected_incentive,Expected incentive,25000.0,,0.5769230769230769,46.786156791317886
REP_bba68d031906,2017-07-01,MGR_eb86f856200b,TEAM_f144a6907dc4,TERR_07a5ea4d7ed4,RPER_d4bfb1544d3bf939,injected,0.35106382978723405,PCA_RECONSTRUCTION_CALCULATED_INCENTIVE,Calculated incentive was the largest PCA reconstruction deviation (observed 2.5e+04).,Final incentive paid was the next-largest reconstruction deviation (observed 2.5e+04).,"Validate the target, policy tier, adjustment approval, and payout reconciliation before action.",1,calculated_incentive,Calculated incentive,25000.0,,0.6153846153846154,46.78615906052193
REP_bba68d031906,2017-07-01,MGR_eb86f856200b,TEAM_f144a6907dc4,TERR_07a5ea4d7ed4,RPER_d4bfb1544d3bf939,injected,0.35106382978723405,PCA_RECONSTRUCTION_CALCULATED_INCENTIVE,Calculated incentive was the largest PCA reconstruction deviation (observed 2.5e+04).,Final incentive paid was the next-largest reconstruction deviation (observed 2.5e+04).,"Validate the target, policy tier, adjustment approval, and payout reconciliation before action.",2,final_incentive_paid,Final incentive paid,25000.0,25000.0,0.8333333333333334,46.78615906052193
REP_bba68d031906,2017-07-01,MGR_eb86f856200b,TEAM_f144a6907dc4,TERR_07a5ea4d7ed4,RPER_d4bfb1544d3bf939,injected,0.35106382978723405,PCA_RECONSTRUCTION_CALCULATED_INCENTIVE,Calculated incentive was the largest PCA reconstruction deviation (observed 2.5e+04).,Final incentive paid was the next-largest reconstruction deviation (observed 2.5e+04).,"Validate the target, policy tier, adjustment approval, and payout reconciliation before action.",3,expected_incentive,Expected incentive,25000.0,,0.6153846153846154,46.78615906052193
REP_bba68d031906,2017-08-01,MGR_eb86f856200b,TEAM_f144a6907dc4,TERR_07a5ea4d7ed4,RPER_272a1ddba1761177,injected,0.28297872340425534,PCA_RECONSTRUCTION_CALCULATED_INCENTIVE,Calculated incentive was the largest PCA reconstruction deviation (observed 2.5e+04).,Final incentive paid was the next-largest reconstruction deviation (observed 2.5e+04).,"Validate the target, policy tier, adjustment approval, and payout reconciliation before action.",1,calculated_incentive,Calculated incentive,25000.0,,0.6923076923076923,46.78615825769358
REP_bba68d031906,2017-08-01,MGR_eb86f856200b,TEAM_f144a6907dc4,TERR_07a5ea4d7ed4,RPER_272a1ddba1761177,injected,0.28297872340425534,PCA_RECONSTRUCTION_CALCULATED_INCENTIVE,Calculated incentive was the largest PCA reconstruction deviation (observed 2.5e+04).,Final incentive paid was the next-largest reconstruction deviation (observed 2.5e+04).,"Validate the target, policy tier, adjustment approval, and payout reconciliation before action.",2,final_incentive_paid,Final incentive paid,25000.0,25000.0,0.8333333333333334,46.78615825769358
REP_bba68d031906,2017-08-01,MGR_eb86f856200b,TEAM_f144a6907dc4,TERR_07a5ea4d7ed4,RPER_272a1ddba1761177,injected,0.28297872340425534,PCA_RECONSTRUCTION_CALCULATED_INCENTIVE,Calculated incentive was the largest PCA reconstruction deviation (observed 2.5e+04).,Final incentive paid was the next-largest reconstruction deviation (observed 2.5e+04).,"Validate the target, policy tier, adjustment approval, and payout reconciliation before action.",3,expected_incentive,Expected incentive,25000.0,,0.6923076923076923,46.78615825769358
REP_bba68d031906,2017-09-01,MGR_eb86f856200b,TEAM_f144a6907dc4,TERR_07a5ea4d7ed4,RPER_9794171d9d04bedd,injected,0.2702127659574468,PCA_RECONSTRUCTION_CALCULATED_INCENTIVE,Calculated incentive was the largest PCA reconstruction deviation (observed 2.5e+04).,Final incentive paid was the next-largest reconstruction deviation (observed 2.5e+04).,"Validate the target, policy tier, adjustment approval, and payout reconciliation before action.",1,calculated_incentive,Calculated incentive,25000.0,,0.5384615384615384,46.786159454619124
REP_bba68d031906,2017-09-01,MGR_eb86f856200b,TEAM_f144a6907dc4,TERR_07a5ea4d7ed4,RPER_9794171d9d04bedd,injected,0.2702127659574468,PCA_RECONSTRUCTION_CALCULATED_INCENTIVE,Calculated incentive was the largest PCA reconstruction deviation (observed 2.5e+04).,Final incentive paid was the next-largest reconstruction deviation (observed 2.5e+04).,"Validate the target, policy tier, adjustment approval, and payout reconciliation before action.",2,final_incentive_paid,Final incentive paid,25000.0,25000.0,0.6666666666666666,46.786159454619124
REP_bba68d031906,2017-09-01,MGR_eb86f856200b,TEAM_f144a6907dc4,TERR_07a5ea4d7ed4,RPER_9794171d9d04bedd,injected,0.2702127659574468,PCA_RECONSTRUCTION_CALCULATED_INCENTIVE,Calculated incentive was the largest PCA reconstruction deviation (observed 2.5e+04).,Final incentive paid was the next-largest reconstruction deviation (observed 2.5e+04).,"Validate the target, policy tier, adjustment approval, and payout reconciliation before action.",3,expected_incentive,Expected incentive,25000.0,,0.5384615384615384,46.786159454619124
REP_bba68d031906,2017-10-01,MGR_eb86f856200b,TEAM_f144a6907dc4,TERR_07a5ea4d7ed4,RPER_6a3a6332d701293f,injected,0.15531914893617021,PCA_RECONSTRUCTION_CALCULATED_INCENTIVE,Calculated incentive was the largest PCA reconstruction deviation (observed 2.378e+04).,Final incentive paid was the next-largest reconstruction deviation (observed 2.378e+04).,"Validate the target, policy tier, adjustment approval, and payout reconciliation before action.",1,calculated_incentive,Calculated incentive,23779.04,,0.46153846153846156,39.87533108846298
REP_bba68d031906,2017-10-01,MGR_eb86f856200b,TEAM_f144a6907dc4,TERR_07a5ea4d7ed4,RPER_6a3a6332d701293f,injected,0.15531914893617021,PCA_RECONSTRUCTION_CALCULATED_INCENTIVE,Calculated incentive was the largest PCA reconstruction deviation (observed 2.378e+04).,Final incentive paid was the next-largest reconstruction deviation (observed 2.378e+04).,"Validate the target, policy tier, adjustment approval, and payout reconciliation before action.",2,final_incentive_paid,Final incentive paid,23779.04,23779.04,0.6666666666666666,39.87533108846298
REP_bba68d031906,2017-10-01,MGR_eb86f856200b,TEAM_f144a6907dc4,TERR_07a5ea4d7ed4,RPER_6a3a6332d701293f,injected,0.15531914893617021,PCA_RECONSTRUCTION_CALCULATED_INCENTIVE,Calculated incentive was the largest PCA reconstruction deviation (observed 2.378e+04).,Final incentive paid was the next-largest reconstruction deviation (observed 2.378e+04).,"Validate the target, policy tier, adjustment approval, and payout reconciliation before action.",3,expected_incentive,Expected incentive,23779.04,,0.46153846153846156,39.87533108846298
REP_bba68d031906,2017-11-01,MGR_eb86f856200b,TEAM_f144a6907dc4,TERR_07a5ea4d7ed4,RPER_959f885b3238aa31,injected,0.4106382978723404,PCA_RECONSTRUCTION_CALCULATED_INCENTIVE,Calculated incentive was the largest PCA reconstruction deviation (observed 2.5e+04).,Final incentive paid was the next-largest reconstruction deviation (observed 2.5e+04).,"Validate the target, policy tier, adjustment approval, and payout reconciliation before action.",1,calculated_incentive,Calculated incentive,25000.0,,0.6538461538461539,46.78616273837736
REP_bba68d031906,2017-11-01,MGR_eb86f856200b,TEAM_f144a6907dc4,TERR_07a5ea4d7ed4,RPER_959f885b3238aa31,injected,0.4106382978723404,PCA_RECONSTRUCTION_CALCULATED_INCENTIVE,Calculated incentive was the largest PCA reconstruction deviation (observed 2.5e+04).,Final incentive paid was the next-largest reconstruction deviation (observed 2.5e+04).,"Validate the target, policy tier, adjustment approval, and payout reconciliation before action.",2,final_incentive_paid,Final incentive paid,25000.0,25000.0,0.8333333333333334,46.78616273837736
REP_bba68d031906,2017-11-01,MGR_eb86f856200b,TEAM_f144a6907dc4,TERR_07a5ea4d7ed4,RPER_959f885b3238aa31,injected,0.4106382978723404,PCA_RECONSTRUCTION_CALCULATED_INCENTIVE,Calculated incentive was the largest PCA reconstruction deviation (observed 2.5e+04).,Final incentive paid was the next-largest reconstruction deviation (observed 2.5e+04).,"Validate the target, policy tier, adjustment approval, and payout reconciliation before action.",3,expected_incentive,Expected incentive,25000.0,,0.6538461538461539,46.78616273837736
REP_bba68d031906,2017-12-01,MGR_eb86f856200b,TEAM_f144a6907dc4,TERR_07a5ea4d7ed4,RPER_0b5ae6ab385c0626,injected,0.9808510638297873,PCA_RECONSTRUCTION_INCENTIVE_PEER_MEDIAN,Incentive peer median was the largest PCA reconstruction deviation (observed 0).,Calculated incentive was the next-largest reconstruction deviation (observed 0).,"Validate the target, policy tier, adjustment approval, and payout reconciliation before action.",1,incentive_peer_median,Incentive peer median,0.0,,0.15384615384615385,10704.032725345087
REP_bba68d031906,2017-12-01,MGR_eb86f856200b,TEAM_f144a6907dc4,TERR_07a5ea4d7ed4,RPER_0b5ae6ab385c0626,injected,0.9808510638297873,PCA_RECONSTRUCTION_INCENTIVE_PEER_MEDIAN,Incentive peer median was the largest PCA reconstruction deviation (observed 0).,Calculated incentive was the next-largest reconstruction deviation (observed 0).,"Validate the target, policy tier, adjustment approval, and payout reconciliation before action.",2,calculated_incentive,Calculated incentive,0.0,,0.23076923076923078,9883.063174864012
REP_bba68d031906,2017-12-01,MGR_eb86f856200b,TEAM_f144a6907dc4,TERR_07a5ea4d7ed4,RPER_0b5ae6ab385c0626,injected,0.9808510638297873,PCA_RECONSTRUCTION_INCENTIVE_PEER_MEDIAN,Incentive peer median was the largest PCA reconstruction deviation (observed 0).,Calculated incentive was the next-largest reconstruction deviation (observed 0).,"Validate the target, policy tier, adjustment approval, and payout reconciliation before action.",3,final_incentive_paid,Final incentive paid,0.0,0.0,0.5,9883.063174864012
REP_bba68d031906,2018-01-01,MGR_eb86f856200b,TEAM_f144a6907dc4,TERR_07a5ea4d7ed4,RPER_9b6c0bba8fa3b424,injected,0.4829787234042553,PCA_RECONSTRUCTION_CALCULATED_INCENTIVE,Calculated incentive was the largest PCA reconstruction deviation (observed 2.75e+04).,Final incentive paid was the next-largest reconstruction deviation (observed 2.75e+04).,"Validate the target, policy tier, adjustment approval, and payout reconciliation before action.",1,calculated_incentive,Calculated incentive,27500.0,,0.5384615384615384,61.466230013543274
REP_bba68d031906,2018-01-01,MGR_eb86f856200b,TEAM_f144a6907dc4,TERR_07a5ea4d7ed4,RPER_9b6c0bba8fa3b424,injected,0.4829787234042553,PCA_RECONSTRUCTION_CALCULATED_INCENTIVE,Calculated incentive was the largest PCA reconstruction deviation (observed 2.75e+04).,Final incentive paid was the next-largest reconstruction deviation (observed 2.75e+04).,"Validate the target, policy tier, adjustment approval, and payout reconciliation before action.",2,final_incentive_paid,Final incentive paid,27500.0,27500.0,0.6666666666666666,61.466230013543274
REP_bba68d031906,2018-01-01,MGR_eb86f856200b,TEAM_f144a6907dc4,TERR_07a5ea4d7ed4,RPER_9b6c0bba8fa3b424,injected,0.4829787234042553,PCA_RECONSTRUCTION_CALCULATED_INCENTIVE,Calculated incentive was the largest PCA reconstruction deviation (observed 2.75e+04).,Final incentive paid was the next-largest reconstruction deviation (observed 2.75e+04).,"Validate the target, policy tier, adjustment approval, and payout reconciliation before action.",3,expected_incentive,Expected incentive,27500.0,,0.5384615384615384,61.466230013543274
REP_bba68d031906,2018-02-01,MGR_eb86f856200b,TEAM_f144a6907dc4,TERR_07a5ea4d7ed4,RPER_3a069d3763557edd,injected,0.6531914893617021,PCA_RECONSTRUCTION_CALCULATED_INCENTIVE,Calculated incentive was the largest PCA reconstruction deviation (observed 2.75e+04).,Final incentive paid was the next-largest reconstruction deviation (observed 2.75e+04).,"Validate the target, policy tier, adjustment approval, and payout reconciliation before action.",1,calculated_incentive,Calculated incentive,27500.0,,0.5769230769230769,61.46622580419001
REP_bba68d031906,2018-02-01,MGR_eb86f856200b,TEAM_f144a6907dc4,TERR_07a5ea4d7ed4,RPER_3a069d3763557edd,injected,0.6531914893617021,PCA_RECONSTRUCTION_CALCULATED_INCENTIVE,Calculated incentive was the largest PCA reconstruction deviation (observed 2.75e+04).,Final incentive paid was the next-largest reconstruction deviation (observed 2.75e+04).,"Validate the target, policy tier, adjustment approval, and payout reconciliation before action.",2,final_incentive_paid,Final incentive paid,27500.0,27500.0,0.6666666666666666,61.46622580419001
REP_bba68d031906,2018-02-01,MGR_eb86f856200b,TEAM_f144a6907dc4,TERR_07a5ea4d7ed4,RPER_3a069d3763557edd,injected,0.6531914893617021,PCA_RECONSTRUCTION_CALCULATED_INCENTIVE,Calculated incentive was the largest PCA reconstruction deviation (observed 2.75e+04).,Final incentive paid was the next-largest reconstruction deviation (observed 2.75e+04).,"Validate the target, policy tier, adjustment approval, and payout reconciliation before action.",3,expected_incentive,Expected incentive,27500.0,,0.5769230769230769,61.46622580419001
REP_bba68d031906,2018-03-01,MGR_eb86f856200b,TEAM_f144a6907dc4,TERR_07a5ea4d7ed4,RPER_fdbe2ba719284c0c,injected,0.7553191489361702,PCA_RECONSTRUCTION_CALCULATED_INCENTIVE,Calculated incentive was the largest PCA reconstruction deviation (observed 2.75e+04).,Final incentive paid was the next-largest reconstruction deviation (observed 2.75e+04).,"Validate the target, policy tier, adjustment approval, and payout reconciliation before action.",1,calculated_incentive,Calculated incentive,27500.0,,0.5384615384615384,61.46623413623206
REP_bba68d031906,2018-03-01,MGR_eb86f856200b,TEAM_f144a6907dc4,TERR_07a5ea4d7ed4,RPER_fdbe2ba719284c0c,injected,0.7553191489361702,PCA_RECONSTRUCTION_CALCULATED_INCENTIVE,Calculated incentive was the largest PCA reconstruction deviation (observed 2.75e+04).,Final incentive paid was the next-largest reconstruction deviation (observed 2.75e+04).,"Validate the target, policy tier, adjustment approval, and payout reconciliation before action.",2,final_incentive_paid,Final incentive paid,27500.0,27500.0,0.6666666666666666,61.46623413623206
REP_bba68d031906,2018-03-01,MGR_eb86f856200b,TEAM_f144a6907dc4,TERR_07a5ea4d7ed4,RPER_fdbe2ba719284c0c,injected,0.7553191489361702,PCA_RECONSTRUCTION_CALCULATED_INCENTIVE,Calculated incentive was the largest PCA reconstruction deviation (observed 2.75e+04).,Final incentive paid was the next-largest reconstruction deviation (observed 2.75e+04).,"Validate the target, policy tier, adjustment approval, and payout reconciliation before action.",3,expected_incentive,Expected incentive,27500.0,,0.5384615384615384,61.46623413623206
REP_bba68d031906,2018-04-01,MGR_eb86f856200b,TEAM_f144a6907dc4,TERR_07a5ea4d7ed4,RPER_bb3058d667279048,injected,0.04468085106382979,PCA_RECONSTRUCTION_REP_HISTORICAL_MEAN,Rep historical mean was the largest PCA reconstruction deviation (observed 1.65e+07).,Rolling sales mean was the next-largest reconstruction deviation (observed 2.057e+07).,"Validate the source record, peer context, and relevant commercial activity before action.",1,rep_historical_mean,Rep historical mean,16499521.85538117,,0.46153846153846156,14.199846444966312
REP_bba68d031906,2018-04-01,MGR_eb86f856200b,TEAM_f144a6907dc4,TERR_07a5ea4d7ed4,RPER_bb3058d667279048,injected,0.04468085106382979,PCA_RECONSTRUCTION_REP_HISTORICAL_MEAN,Rep historical mean was the largest PCA reconstruction deviation (observed 1.65e+07).,Rolling sales mean was the next-largest reconstruction deviation (observed 2.057e+07).,"Validate the source record, peer context, and relevant commercial activity before action.",2,rolling_sales_mean,Rolling sales mean,20574582.351565722,,0.5384615384615384,12.786937934294246
REP_bba68d031906,2018-04-01,MGR_eb86f856200b,TEAM_f144a6907dc4,TERR_07a5ea4d7ed4,RPER_bb3058d667279048,injected,0.04468085106382979,PCA_RECONSTRUCTION_REP_HISTORICAL_MEAN,Rep historical mean was the largest PCA reconstruction deviation (observed 1.65e+07).,Rolling sales mean was the next-largest reconstruction deviation (observed 2.057e+07).,"Validate the source record, peer context, and relevant commercial activity before action.",3,rolling_sales_std,Rolling sales std,8139450.463209466,,0.8461538461538461,9.697410316667693
REP_bba68d031906,2018-05-01,MGR_eb86f856200b,TEAM_f144a6907dc4,TERR_07a5ea4d7ed4,RPER_da0ca4a631054c69,injected,0.7212765957446808,PCA_RECONSTRUCTION_CALCULATED_INCENTIVE,Calculated incentive was the largest PCA reconstruction deviation (observed 2.75e+04).,Final incentive paid was the next-largest reconstruction deviation (observed 2.75e+04).,"Validate the target, policy tier, adjustment approval, and payout reconciliation before action.",1,calculated_incentive,Calculated incentive,27500.0,,0.7307692307692307,61.466229525951405
REP_bba68d031906,2018-05-01,MGR_eb86f856200b,TEAM_f144a6907dc4,TERR_07a5ea4d7ed4,RPER_da0ca4a631054c69,injected,0.7212765957446808,PCA_RECONSTRUCTION_CALCULATED_INCENTIVE,Calculated incentive was the largest PCA reconstruction deviation (observed 2.75e+04).,Final incentive paid was the next-largest reconstruction deviation (observed 2.75e+04).,"Validate the target, policy tier, adjustment approval, and payout reconciliation before action.",2,final_incentive_paid,Final incentive paid,27500.0,26499.91,1.0,61.466229525951405
REP_bba68d031906,2018-05-01,MGR_eb86f856200b,TEAM_f144a6907dc4,TERR_07a5ea4d7ed4,RPER_da0ca4a631054c69,injected,0.7212765957446808,PCA_RECONSTRUCTION_CALCULATED_INCENTIVE,Calculated incentive was the largest PCA reconstruction deviation (observed 2.75e+04).,Final incentive paid was the next-largest reconstruction deviation (observed 2.75e+04).,"Validate the target, policy tier, adjustment approval, and payout reconciliation before action.",3,expected_incentive,Expected incentive,27500.0,,0.7307692307692307,61.466229525951405
REP_bba68d031906,2018-06-01,MGR_eb86f856200b,TEAM_f144a6907dc4,TERR_07a5ea4d7ed4,RPER_8e1d8ef9c7acf6bb,injected,0.6276595744680851,PCA_RECONSTRUCTION_CALCULATED_INCENTIVE,Calculated incentive was the largest PCA reconstruction deviation (observed 2.75e+04).,Final incentive paid was the next-largest reconstruction deviation (observed 2.75e+04).,"Validate the target, policy tier, adjustment approval, and payout reconciliation before action.",1,calculated_incentive,Calculated incentive,27500.0,,0.5769230769230769,61.466223464596766
REP_bba68d031906,2018-06-01,MGR_eb86f856200b,TEAM_f144a6907dc4,TERR_07a5ea4d7ed4,RPER_8e1d8ef9c7acf6bb,injected,0.6276595744680851,PCA_RECONSTRUCTION_CALCULATED_INCENTIVE,Calculated incentive was the largest PCA reconstruction deviation (observed 2.75e+04).,Final incentive paid was the next-largest reconstruction deviation (observed 2.75e+04).,"Validate the target, policy tier, adjustment approval, and payout reconciliation before action.",2,final_incentive_paid,Final incentive paid,27500.0,27500.0,0.6666666666666666,61.466223464596766
REP_bba68d031906,2018-06-01,MGR_eb86f856200b,TEAM_f144a6907dc4,TERR_07a5ea4d7ed4,RPER_8e1d8ef9c7acf6bb,injected,0.6276595744680851,PCA_RECONSTRUCTION_CALCULATED_INCENTIVE,Calculated incentive was the largest PCA reconstruction deviation (observed 2.75e+04).,Final incentive paid was the next-largest reconstruction deviation (observed 2.75e+04).,"Validate the target, policy tier, adjustment approval, and payout reconciliation before action.",3,expected_incentive,Expected incentive,27500.0,,0.5769230769230769,61.466223464596766
REP_bba68d031906,2018-07-01,MGR_eb86f856200b,TEAM_f144a6907dc4,TERR_07a5ea4d7ed4,RPER_f35431d20830ccce,injected,0.6136784929397213,PCA_RECONSTRUCTION_CALCULATED_INCENTIVE,Calculated incentive was the largest PCA reconstruction deviation (observed 2.75e+04).,Final incentive paid was the next-largest reconstruction deviation (observed 2.75e+04).,"Validate the target, policy tier, adjustment approval, and payout reconciliation before action.",1,calculated_incentive,Calculated incentive,27500.0,,0.6153846153846154,61.4662296047204
REP_bba68d031906,2018-07-01,MGR_eb86f856200b,TEAM_f144a6907dc4,TERR_07a5ea4d7ed4,RPER_f35431d20830ccce,injected,0.6136784929397213,PCA_RECONSTRUCTION_CALCULATED_INCENTIVE,Calculated incentive was the largest PCA reconstruction deviation (observed 2.75e+04).,Final incentive paid was the next-largest reconstruction deviation (observed 2.75e+04).,"Validate the target, policy tier, adjustment approval, and payout reconciliation before action.",2,final_incentive_paid,Final incentive paid,27500.0,27500.0,0.6666666666666666,61.4662296047204
REP_bba68d031906,2018-07-01,MGR_eb86f856200b,TEAM_f144a6907dc4,TERR_07a5ea4d7ed4,RPER_f35431d20830ccce,injected,0.6136784929397213,PCA_RECONSTRUCTION_CALCULATED_INCENTIVE,Calculated incentive was the largest PCA reconstruction deviation (observed 2.75e+04).,Final incentive paid was the next-largest reconstruction deviation (observed 2.75e+04).,"Validate the target, policy tier, adjustment approval, and payout reconciliation before action.",3,expected_incentive,Expected incentive,27500.0,,0.6153846153846154,61.4662296047204
REP_bba68d031906,2018-08-01,MGR_eb86f856200b,TEAM_f144a6907dc4,TERR_9efd649c43bb,RPER_d65e5390e1352775,injected,0.01010575721196479,PCA_RECONSTRUCTION_RETURN_COUNT,Return count was the largest PCA reconstruction deviation (observed 29).,Average visit duration was the next-largest reconstruction deviation (observed 49.86).,"Validate the underlying orders, discounts, returns, period timing, and customer context before action.",1,return_count,Return count,29.0,,0.9230769230769231,9.368979150466842
REP_bba68d031906,2018-08-01,MGR_eb86f856200b,TEAM_f144a6907dc4,TERR_9efd649c43bb,RPER_d65e5390e1352775,injected,0.01010575721196479,PCA_RECONSTRUCTION_RETURN_COUNT,Return count was the largest PCA reconstruction deviation (observed 29).,Average visit duration was the next-largest reconstruction deviation (observed 49.86).,"Validate the underlying orders, discounts, returns, period timing, and customer context before action.",2,average_visit_duration,Average visit duration,49.857142857142854,,1.0,6.1401236395464815
REP_bba68d031906,2018-08-01,MGR_eb86f856200b,TEAM_f144a6907dc4,TERR_9efd649c43bb,RPER_d65e5390e1352775,injected,0.01010575721196479,PCA_RECONSTRUCTION_RETURN_COUNT,Return count was the largest PCA reconstruction deviation (observed 29).,Average visit duration was the next-largest reconstruction deviation (observed 49.86).,"Validate the underlying orders, discounts, returns, period timing, and customer context before action.",3,new_customer_bonus,New customer bonus,0.0,,0.5384615384615384,5.966592682501505
REP_bba68d031906,2018-09-01,MGR_eb86f856200b,TEAM_f144a6907dc4,TERR_07a5ea4d7ed4,RPER_d8d73f5469c8013a,injected,0.7243888620749953,PCA_RECONSTRUCTION_CALCULATED_INCENTIVE,Calculated incentive was the largest PCA reconstruction deviation (observed 2.75e+04).,Final incentive paid was the next-largest reconstruction deviation (observed 2.75e+04).,"Validate the target, policy tier, adjustment approval, and payout reconciliation before action.",1,calculated_incentive,Calculated incentive,27500.0,,0.6538461538461539,61.46622884027978
REP_bba68d031906,2018-09-01,MGR_eb86f856200b,TEAM_f144a6907dc4,TERR_07a5ea4d7ed4,RPER_d8d73f5469c8013a,injected,0.7243888620749953,PCA_RECONSTRUCTION_CALCULATED_INCENTIVE,Calculated incentive was the largest PCA reconstruction deviation (observed 2.75e+04).,Final incentive paid was the next-largest reconstruction deviation (observed 2.75e+04).,"Validate the target, policy tier, adjustment approval, and payout reconciliation before action.",2,final_incentive_paid,Final incentive paid,27500.0,27500.0,0.6666666666666666,61.46622884027978
REP_bba68d031906,2018-09-01,MGR_eb86f856200b,TEAM_f144a6907dc4,TERR_07a5ea4d7ed4,RPER_d8d73f5469c8013a,injected,0.7243888620749953,PCA_RECONSTRUCTION_CALCULATED_INCENTIVE,Calculated incentive was the largest PCA reconstruction deviation (observed 2.75e+04).,Final incentive paid was the next-largest reconstruction deviation (observed 2.75e+04).,"Validate the target, policy tier, adjustment approval, and payout reconciliation before action.",3,expected_incentive,Expected incentive,27500.0,,0.6538461538461539,61.46622884027978
REP_bba68d031906,2018-10-01,MGR_eb86f856200b,TEAM_f144a6907dc4,TERR_07a5ea4d7ed4,RPER_93915df220402b4d,injected,0.6984531168884428,PCA_RECONSTRUCTION_CALCULATED_INCENTIVE,Calculated incentive was the largest PCA reconstruction deviation (observed 2.75e+04).,Final incentive paid was the next-largest reconstruction deviation (observed 2.75e+04).,"Validate the target, policy tier, adjustment approval, and payout reconciliation before action.",1,calculated_incentive,Calculated incentive,27500.0,,0.5384615384615384,61.46622557707
REP_bba68d031906,2018-10-01,MGR_eb86f856200b,TEAM_f144a6907dc4,TERR_07a5ea4d7ed4,RPER_93915df220402b4d,injected,0.6984531168884428,PCA_RECONSTRUCTION_CALCULATED_INCENTIVE,Calculated incentive was the largest PCA reconstruction deviation (observed 2.75e+04).,Final incentive paid was the next-largest reconstruction deviation (observed 2.75e+04).,"Validate the target, policy tier, adjustment approval, and payout reconciliation before action.",2,final_incentive_paid,Final incentive paid,27500.0,27500.0,0.6666666666666666,61.46622557707
REP_bba68d031906,2018-10-01,MGR_eb86f856200b,TEAM_f144a6907dc4,TERR_07a5ea4d7ed4,RPER_93915df220402b4d,injected,0.6984531168884428,PCA_RECONSTRUCTION_CALCULATED_INCENTIVE,Calculated incentive was the largest PCA reconstruction deviation (observed 2.75e+04).,Final incentive paid was the next-largest reconstruction deviation (observed 2.75e+04).,"Validate the target, policy tier, adjustment approval, and payout reconciliation before action.",3,expected_incentive,Expected incentive,27500.0,,0.5384615384615384,61.46622557707
REP_bba68d031906,2018-11-01,MGR_eb86f856200b,TEAM_f144a6907dc4,TERR_07a5ea4d7ed4,RPER_721d7a3ede865af0,injected,0.6714043826005913,PCA_RECONSTRUCTION_CALCULATED_INCENTIVE,Calculated incentive was the largest PCA reconstruction deviation (observed 2.564e+04).,Final incentive paid was the next-largest reconstruction deviation (observed 2.564e+04).,"Validate the target, policy tier, adjustment approval, and payout reconciliation before action.",1,calculated_incentive,Calculated incentive,25638.15,,0.3076923076923077,50.47390403101763
REP_bba68d031906,2018-11-01,MGR_eb86f856200b,TEAM_f144a6907dc4,TERR_07a5ea4d7ed4,RPER_721d7a3ede865af0,injected,0.6714043826005913,PCA_RECONSTRUCTION_CALCULATED_INCENTIVE,Calculated incentive was the largest PCA reconstruction deviation (observed 2.564e+04).,Final incentive paid was the next-largest reconstruction deviation (observed 2.564e+04).,"Validate the target, policy tier, adjustment approval, and payout reconciliation before action.",2,final_incentive_paid,Final incentive paid,25638.15,25638.15,0.6666666666666666,50.47390403101763
REP_bba68d031906,2018-11-01,MGR_eb86f856200b,TEAM_f144a6907dc4,TERR_07a5ea4d7ed4,RPER_721d7a3ede865af0,injected,0.6714043826005913,PCA_RECONSTRUCTION_CALCULATED_INCENTIVE,Calculated incentive was the largest PCA reconstruction deviation (observed 2.564e+04).,Final incentive paid was the next-largest reconstruction deviation (observed 2.564e+04).,"Validate the target, policy tier, adjustment approval, and payout reconciliation before action.",3,expected_incentive,Expected incentive,25638.15,,0.3076923076923077,50.47390403101763
REP_bba68d031906,2018-12-01,MGR_eb86f856200b,TEAM_f144a6907dc4,TERR_07a5ea4d7ed4,RPER_14357e90579d004f,injected,0.2382765350620043,PCA_RECONSTRUCTION_CALCULATED_INCENTIVE,Calculated incentive was the largest PCA reconstruction deviation (observed 2.296e+04).,Final incentive paid was the next-largest reconstruction deviation (observed 2.296e+04).,"Validate the target, policy tier, adjustment approval, and payout reconciliation before action.",1,calculated_incentive,Calculated incentive,22957.42,,0.6153846153846154,35.35202625639003
REP_bba68d031906,2018-12-01,MGR_eb86f856200b,TEAM_f144a6907dc4,TERR_07a5ea4d7ed4,RPER_14357e90579d004f,injected,0.2382765350620043,PCA_RECONSTRUCTION_CALCULATED_INCENTIVE,Calculated incentive was the largest PCA reconstruction deviation (observed 2.296e+04).,Final incentive paid was the next-largest reconstruction deviation (observed 2.296e+04).,"Validate the target, policy tier, adjustment approval, and payout reconciliation before action.",2,final_incentive_paid,Final incentive paid,22957.42,22957.42,0.6666666666666666,35.35202625639003
REP_bba68d031906,2018-12-01,MGR_eb86f856200b,TEAM_f144a6907dc4,TERR_07a5ea4d7ed4,RPER_14357e90579d004f,injected,0.2382765350620043,PCA_RECONSTRUCTION_CALCULATED_INCENTIVE,Calculated incentive was the largest PCA reconstruction deviation (observed 2.296e+04).,Final incentive paid was the next-largest reconstruction deviation (observed 2.296e+04).,"Validate the target, policy tier, adjustment approval, and payout reconciliation before action.",3,expected_incentive,Expected incentive,22957.42,,0.6153846153846154,35.35202625639003
REP_bba68d031906,2019-01-01,MGR_eb86f856200b,TEAM_f144a6907dc4,TERR_07a5ea4d7ed4,RPER_e45c04d0d84e35a9,injected,0.9852600059663819,PCA_RECONSTRUCTION_INCENTIVE_PEER_MEDIAN,Incentive peer median was the largest PCA reconstruction deviation (observed 0).,Calculated incentive was the next-largest reconstruction deviation (observed 0).,"Validate the target, policy tier, adjustment approval, and payout reconciliation before action.",1,incentive_peer_median,Incentive peer median,0.0,,0.38461538461538464,10704.032801361232
REP_bba68d031906,2019-01-01,MGR_eb86f856200b,TEAM_f144a6907dc4,TERR_07a5ea4d7ed4,RPER_e45c04d0d84e35a9,injected,0.9852600059663819,PCA_RECONSTRUCTION_INCENTIVE_PEER_MEDIAN,Incentive peer median was the largest PCA reconstruction deviation (observed 0).,Calculated incentive was the next-largest reconstruction deviation (observed 0).,"Validate the target, policy tier, adjustment approval, and payout reconciliation before action.",2,calculated_incentive,Calculated incentive,0.0,,0.5384615384615384,9883.06332550982
REP_bba68d031906,2019-01-01,MGR_eb86f856200b,TEAM_f144a6907dc4,TERR_07a5ea4d7ed4,RPER_e45c04d0d84e35a9,injected,0.9852600059663819,PCA_RECONSTRUCTION_INCENTIVE_PEER_MEDIAN,Incentive peer median was the largest PCA reconstruction deviation (observed 0).,Calculated incentive was the next-largest reconstruction deviation (observed 0).,"Validate the target, policy tier, adjustment approval, and payout reconciliation before action.",3,final_incentive_paid,Final incentive paid,0.0,0.0,0.5,9883.06332550982
REP_bba68d031906,2019-02-01,MGR_eb86f856200b,TEAM_f144a6907dc4,TERR_07a5ea4d7ed4,RPER_b673bb243b7019d0,injected,0.8829911794662452,PCA_RECONSTRUCTION_UNUSUAL_ORDER_TIMING_SCORE,Unusual order timing score was the largest PCA reconstruction deviation (observed 0.6635).,Calculated incentive was the next-largest reconstruction deviation (observed 3e+04).,"Validate the underlying orders, discounts, returns, period timing, and customer context before action.",1,unusual_order_timing_score,Unusual order timing score,0.6635220125786163,,0.6923076923076923,536.5617008120028
REP_bba68d031906,2019-02-01,MGR_eb86f856200b,TEAM_f144a6907dc4,TERR_07a5ea4d7ed4,RPER_b673bb243b7019d0,injected,0.8829911794662452,PCA_RECONSTRUCTION_UNUSUAL_ORDER_TIMING_SCORE,Unusual order timing score was the largest PCA reconstruction deviation (observed 0.6635).,Calculated incentive was the next-largest reconstruction deviation (observed 3e+04).,"Validate the underlying orders, discounts, returns, period timing, and customer context before action.",2,calculated_incentive,Calculated incentive,30000.0,,0.5769230769230769,76.61450943032108
REP_bba68d031906,2019-02-01,MGR_eb86f856200b,TEAM_f144a6907dc4,TERR_07a5ea4d7ed4,RPER_b673bb243b7019d0,injected,0.8829911794662452,PCA_RECONSTRUCTION_UNUSUAL_ORDER_TIMING_SCORE,Unusual order timing score was the largest PCA reconstruction deviation (observed 0.6635).,Calculated incentive was the next-largest reconstruction deviation (observed 3e+04).,"Validate the underlying orders, discounts, returns, period timing, and customer context before action.",3,final_incentive_paid,Final incentive paid,30000.0,30000.0,0.6666666666666666,76.61450943032108
REP_bba68d031906,2019-03-01,MGR_eb86f856200b,TEAM_f144a6907dc4,TERR_07a5ea4d7ed4,RPER_90e833bd97b14204,injected,0.7339044761081658,PCA_RECONSTRUCTION_CALCULATED_INCENTIVE,Calculated incentive was the largest PCA reconstruction deviation (observed 3e+04).,Final incentive paid was the next-largest reconstruction deviation (observed 3e+04).,"Validate the target, policy tier, adjustment approval, and payout reconciliation before action.",1,calculated_incentive,Calculated incentive,30000.0,,0.5769230769230769,76.614508791777
REP_bba68d031906,2019-03-01,MGR_eb86f856200b,TEAM_f144a6907dc4,TERR_07a5ea4d7ed4,RPER_90e833bd97b14204,injected,0.7339044761081658,PCA_RECONSTRUCTION_CALCULATED_INCENTIVE,Calculated incentive was the largest PCA reconstruction deviation (observed 3e+04).,Final incentive paid was the next-largest reconstruction deviation (observed 3e+04).,"Validate the target, policy tier, adjustment approval, and payout reconciliation before action.",2,final_incentive_paid,Final incentive paid,30000.0,30000.0,0.6666666666666666,76.614508791777
REP_bba68d031906,2019-03-01,MGR_eb86f856200b,TEAM_f144a6907dc4,TERR_07a5ea4d7ed4,RPER_90e833bd97b14204,injected,0.7339044761081658,PCA_RECONSTRUCTION_CALCULATED_INCENTIVE,Calculated incentive was the largest PCA reconstruction deviation (observed 3e+04).,Final incentive paid was the next-largest reconstruction deviation (observed 3e+04).,"Validate the target, policy tier, adjustment approval, and payout reconciliation before action.",3,expected_incentive,Expected incentive,30000.0,,0.5769230769230769,76.614508791777
REP_bba68d031906,2019-04-01,MGR_eb86f856200b,TEAM_f144a6907dc4,TERR_07a5ea4d7ed4,RPER_f69ec74bcdaecc04,injected,0.2515665432110338,PCA_RECONSTRUCTION_DISTRIBUTOR_COUNT,Distributor count was the largest PCA reconstruction deviation (observed 4).,Calculated incentive was the next-largest reconstruction deviation (observed 1.893e+04).,"Validate the source record, peer context, and relevant commercial activity before action.",1,distributor_count,Distributor count,4.0,,0.46153846153846156,16.57352637816964
REP_bba68d031906,2019-04-01,MGR_eb86f856200b,TEAM_f144a6907dc4,TERR_07a5ea4d7ed4,RPER_f69ec74bcdaecc04,injected,0.2515665432110338,PCA_RECONSTRUCTION_DISTRIBUTOR_COUNT,Distributor count was the largest PCA reconstruction deviation (observed 4).,Calculated incentive was the next-largest reconstruction deviation (observed 1.893e+04).,"Validate the source record, peer context, and relevant commercial activity before action.",2,calculated_incentive,Calculated incentive,18934.19,,0.46153846153846156,15.39976294197502
REP_bba68d031906,2019-04-01,MGR_eb86f856200b,TEAM_f144a6907dc4,TERR_07a5ea4d7ed4,RPER_f69ec74bcdaecc04,injected,0.2515665432110338,PCA_RECONSTRUCTION_DISTRIBUTOR_COUNT,Distributor count was the largest PCA reconstruction deviation (observed 4).,Calculated incentive was the next-largest reconstruction deviation (observed 1.893e+04).,"Validate the source record, peer context, and relevant commercial activity before action.",3,final_incentive_paid,Final incentive paid,18934.19,18934.19,0.6666666666666666,15.39976294197502
REP_c56e2fba156a,2017-01-01,MGR_5e1c70ff0ce6,TEAM_a405eba78bf2,TERR_b31415d90eb9,RPER_3fd216a65a2ecd7c,injected,0.9042553191489362,PCA_RECONSTRUCTION_REP_HISTORICAL_MEAN,Rep historical mean was the largest PCA reconstruction deviation (observed 0).,Rolling sales mean was the next-largest reconstruction deviation (observed 0).,"Validate the source record, peer context, and relevant commercial activity before action.",1,rep_historical_mean,Rep historical mean,0.0,,0.5384615384615384,3413.61296736773
REP_c56e2fba156a,2017-01-01,MGR_5e1c70ff0ce6,TEAM_a405eba78bf2,TERR_b31415d90eb9,RPER_3fd216a65a2ecd7c,injected,0.9042553191489362,PCA_RECONSTRUCTION_REP_HISTORICAL_MEAN,Rep historical mean was the largest PCA reconstruction deviation (observed 0).,Rolling sales mean was the next-largest reconstruction deviation (observed 0).,"Validate the source record, peer context, and relevant commercial activity before action.",2,rolling_sales_mean,Rolling sales mean,0.0,,0.5384615384615384,2193.0347962702967
REP_c56e2fba156a,2017-01-01,MGR_5e1c70ff0ce6,TEAM_a405eba78bf2,TERR_b31415d90eb9,RPER_3fd216a65a2ecd7c,injected,0.9042553191489362,PCA_RECONSTRUCTION_REP_HISTORICAL_MEAN,Rep historical mean was the largest PCA reconstruction deviation (observed 0).,Rolling sales mean was the next-largest reconstruction deviation (observed 0).,"Validate the source record, peer context, and relevant commercial activity before action.",3,rolling_sales_std,Rolling sales std,0.0,,0.5384615384615384,293.13352136863153
REP_c56e2fba156a,2017-02-01,MGR_5e1c70ff0ce6,TEAM_a405eba78bf2,TERR_b31415d90eb9,RPER_e5dbb7f88791eebc,injected,0.8361702127659575,PCA_RECONSTRUCTION_ROLLING_SALES_STD,Rolling sales std was the largest PCA reconstruction deviation (observed 0).,Rep historical std was the next-largest reconstruction deviation (observed 0).,"Validate the underlying orders, discounts, returns, period timing, and customer context before action.",1,rolling_sales_std,Rolling sales std,0.0,,0.5384615384615384,293.1336007335421
REP_c56e2fba156a,2017-02-01,MGR_5e1c70ff0ce6,TEAM_a405eba78bf2,TERR_b31415d90eb9,RPER_e5dbb7f88791eebc,injected,0.8361702127659575,PCA_RECONSTRUCTION_ROLLING_SALES_STD,Rolling sales std was the largest PCA reconstruction deviation (observed 0).,Rep historical std was the next-largest reconstruction deviation (observed 0).,"Validate the underlying orders, discounts, returns, period timing, and customer context before action.",2,rep_historical_std,Rep historical std,0.0,,0.5384615384615384,293.1336007335421
REP_c56e2fba156a,2017-02-01,MGR_5e1c70ff0ce6,TEAM_a405eba78bf2,TERR_b31415d90eb9,RPER_e5dbb7f88791eebc,injected,0.8361702127659575,PCA_RECONSTRUCTION_ROLLING_SALES_STD,Rolling sales std was the largest PCA reconstruction deviation (observed 0).,Rep historical std was the next-largest reconstruction deviation (observed 0).,"Validate the underlying orders, discounts, returns, period timing, and customer context before action.",3,calculated_incentive,Calculated incentive,25000.0,,0.5384615384615384,46.70813306010617
REP_c56e2fba156a,2017-03-01,MGR_5e1c70ff0ce6,TEAM_a405eba78bf2,TERR_b31415d90eb9,RPER_4ce12639a3730a2f,injected,0.3170212765957447,PCA_RECONSTRUCTION_CALCULATED_INCENTIVE,Calculated incentive was the largest PCA reconstruction deviation (observed 2.5e+04).,Final incentive paid was the next-largest reconstruction deviation (observed 2.5e+04).,"Validate the target, policy tier, adjustment approval, and payout reconciliation before action.",1,calculated_incentive,Calculated incentive,25000.0,,0.5769230769230769,46.70811298438307
REP_c56e2fba156a,2017-03-01,MGR_5e1c70ff0ce6,TEAM_a405eba78bf2,TERR_b31415d90eb9,RPER_4ce12639a3730a2f,injected,0.3170212765957447,PCA_RECONSTRUCTION_CALCULATED_INCENTIVE,Calculated incentive was the largest PCA reconstruction deviation (observed 2.5e+04).,Final incentive paid was the next-largest reconstruction deviation (observed 2.5e+04).,"Validate the target, policy tier, adjustment approval, and payout reconciliation before action.",2,final_incentive_paid,Final incentive paid,25000.0,25000.0,0.6666666666666666,46.70811298438307
REP_c56e2fba156a,2017-03-01,MGR_5e1c70ff0ce6,TEAM_a405eba78bf2,TERR_b31415d90eb9,RPER_4ce12639a3730a2f,injected,0.3170212765957447,PCA_RECONSTRUCTION_CALCULATED_INCENTIVE,Calculated incentive was the largest PCA reconstruction deviation (observed 2.5e+04).,Final incentive paid was the next-largest reconstruction deviation (observed 2.5e+04).,"Validate the target, policy tier, adjustment approval, and payout reconciliation before action.",3,expected_incentive,Expected incentive,25000.0,,0.5769230769230769,46.70811298438307
REP_c56e2fba156a,2017-04-01,MGR_5e1c70ff0ce6,TEAM_a405eba78bf2,TERR_b31415d90eb9,RPER_fce25816b9982f7e,injected,0.20638297872340425,PCA_RECONSTRUCTION_CALCULATED_INCENTIVE,Calculated incentive was the largest PCA reconstruction deviation (observed 2.352e+04).,Final incentive paid was the next-largest reconstruction deviation (observed 2.352e+04).,"Validate the target, policy tier, adjustment approval, and payout reconciliation before action.",1,calculated_incentive,Calculated incentive,23521.27,,0.3076923076923077,38.37340480263218
REP_c56e2fba156a,2017-04-01,MGR_5e1c70ff0ce6,TEAM_a405eba78bf2,TERR_b31415d90eb9,RPER_fce25816b9982f7e,injected,0.20638297872340425,PCA_RECONSTRUCTION_CALCULATED_INCENTIVE,Calculated incentive was the largest PCA reconstruction deviation (observed 2.352e+04).,Final incentive paid was the next-largest reconstruction deviation (observed 2.352e+04).,"Validate the target, policy tier, adjustment approval, and payout reconciliation before action.",2,final_incentive_paid,Final incentive paid,23521.27,25000.0,0.3333333333333333,38.37340480263218
REP_c56e2fba156a,2017-04-01,MGR_5e1c70ff0ce6,TEAM_a405eba78bf2,TERR_b31415d90eb9,RPER_fce25816b9982f7e,injected,0.20638297872340425,PCA_RECONSTRUCTION_CALCULATED_INCENTIVE,Calculated incentive was the largest PCA reconstruction deviation (observed 2.352e+04).,Final incentive paid was the next-largest reconstruction deviation (observed 2.352e+04).,"Validate the target, policy tier, adjustment approval, and payout reconciliation before action.",3,expected_incentive,Expected incentive,23521.27,,0.3076923076923077,38.37340480263218
REP_c56e2fba156a,2017-05-01,MGR_5e1c70ff0ce6,TEAM_a405eba78bf2,TERR_b31415d90eb9,RPER_da14cc21253060b5,injected,0.036170212765957444,PCA_RECONSTRUCTION_CALCULATED_INCENTIVE,Calculated incentive was the largest PCA reconstruction deviation (observed 1.905e+04).,Final incentive paid was the next-largest reconstruction deviation (observed 1.905e+04).,"Validate the target, policy tier, adjustment approval, and payout reconciliation before action.",1,calculated_incentive,Calculated incentive,19047.74,,0.15384615384615385,15.850575873811447
REP_c56e2fba156a,2017-05-01,MGR_5e1c70ff0ce6,TEAM_a405eba78bf2,TERR_b31415d90eb9,RPER_da14cc21253060b5,injected,0.036170212765957444,PCA_RECONSTRUCTION_CALCULATED_INCENTIVE,Calculated incentive was the largest PCA reconstruction deviation (observed 1.905e+04).,Final incentive paid was the next-largest reconstruction deviation (observed 1.905e+04).,"Validate the target, policy tier, adjustment approval, and payout reconciliation before action.",2,final_incentive_paid,Final incentive paid,19047.74,25000.0,0.3333333333333333,15.850575873811447
REP_c56e2fba156a,2017-05-01,MGR_5e1c70ff0ce6,TEAM_a405eba78bf2,TERR_b31415d90eb9,RPER_da14cc21253060b5,injected,0.036170212765957444,PCA_RECONSTRUCTION_CALCULATED_INCENTIVE,Calculated incentive was the largest PCA reconstruction deviation (observed 1.905e+04).,Final incentive paid was the next-largest reconstruction deviation (observed 1.905e+04).,"Validate the target, policy tier, adjustment approval, and payout reconciliation before action.",3,expected_incentive,Expected incentive,19047.74,,0.15384615384615385,15.850575873811447
REP_c56e2fba156a,2017-06-01,MGR_5e1c70ff0ce6,TEAM_a405eba78bf2,TERR_b31415d90eb9,RPER_5d1089a6f2e5fbb4,injected,0.23617021276595745,PCA_RECONSTRUCTION_CALCULATED_INCENTIVE,Calculated incentive was the largest PCA reconstruction deviation (observed 2.5e+04).,Final incentive paid was the next-largest reconstruction deviation (observed 2.5e+04).,"Validate the target, policy tier, adjustment approval, and payout reconciliation before action.",1,calculated_incentive,Calculated incentive,25000.0,,0.5769230769230769,46.70810557553287
REP_c56e2fba156a,2017-06-01,MGR_5e1c70ff0ce6,TEAM_a405eba78bf2,TERR_b31415d90eb9,RPER_5d1089a6f2e5fbb4,injected,0.23617021276595745,PCA_RECONSTRUCTION_CALCULATED_INCENTIVE,Calculated incentive was the largest PCA reconstruction deviation (observed 2.5e+04).,Final incentive paid was the next-largest reconstruction deviation (observed 2.5e+04).,"Validate the target, policy tier, adjustment approval, and payout reconciliation before action.",2,final_incentive_paid,Final incentive paid,25000.0,25000.0,0.8333333333333334,46.70810557553287
REP_c56e2fba156a,2017-06-01,MGR_5e1c70ff0ce6,TEAM_a405eba78bf2,TERR_b31415d90eb9,RPER_5d1089a6f2e5fbb4,injected,0.23617021276595745,PCA_RECONSTRUCTION_CALCULATED_INCENTIVE,Calculated incentive was the largest PCA reconstruction deviation (observed 2.5e+04).,Final incentive paid was the next-largest reconstruction deviation (observed 2.5e+04).,"Validate the target, policy tier, adjustment approval, and payout reconciliation before action.",3,expected_incentive,Expected incentive,25000.0,,0.5769230769230769,46.70810557553287
REP_c56e2fba156a,2017-07-01,MGR_5e1c70ff0ce6,TEAM_a405eba78bf2,TERR_b31415d90eb9,RPER_fbd5ed7dae405a83,injected,0.4021276595744681,PCA_RECONSTRUCTION_CALCULATED_INCENTIVE,Calculated incentive was the largest PCA reconstruction deviation (observed 2.5e+04).,Final incentive paid was the next-largest reconstruction deviation (observed 2.5e+04).,"Validate the target, policy tier, adjustment approval, and payout reconciliation before action.",1,calculated_incentive,Calculated incentive,25000.0,,0.6153846153846154,46.708112895681516
REP_c56e2fba156a,2017-07-01,MGR_5e1c70ff0ce6,TEAM_a405eba78bf2,TERR_b31415d90eb9,RPER_fbd5ed7dae405a83,injected,0.4021276595744681,PCA_RECONSTRUCTION_CALCULATED_INCENTIVE,Calculated incentive was the largest PCA reconstruction deviation (observed 2.5e+04).,Final incentive paid was the next-largest reconstruction deviation (observed 2.5e+04).,"Validate the target, policy tier, adjustment approval, and payout reconciliation before action.",2,final_incentive_paid,Final incentive paid,25000.0,25000.0,0.8333333333333334,46.708112895681516
REP_c56e2fba156a,2017-07-01,MGR_5e1c70ff0ce6,TEAM_a405eba78bf2,TERR_b31415d90eb9,RPER_fbd5ed7dae405a83,injected,0.4021276595744681,PCA_RECONSTRUCTION_CALCULATED_INCENTIVE,Calculated incentive was the largest PCA reconstruction deviation (observed 2.5e+04).,Final incentive paid was the next-largest reconstruction deviation (observed 2.5e+04).,"Validate the target, policy tier, adjustment approval, and payout reconciliation before action.",3,expected_incentive,Expected incentive,25000.0,,0.6153846153846154,46.708112895681516
REP_c56e2fba156a,2017-08-01,MGR_5e1c70ff0ce6,TEAM_a405eba78bf2,TERR_b31415d90eb9,RPER_f3fcf8beb513231b,injected,0.42340425531914894,PCA_RECONSTRUCTION_CALCULATED_INCENTIVE,Calculated incentive was the largest PCA reconstruction deviation (observed 2.5e+04).,Final incentive paid was the next-largest reconstruction deviation (observed 2.5e+04).,"Validate the target, policy tier, adjustment approval, and payout reconciliation before action.",1,calculated_incentive,Calculated incentive,25000.0,,0.6923076923076923,46.70810523456423
REP_c56e2fba156a,2017-08-01,MGR_5e1c70ff0ce6,TEAM_a405eba78bf2,TERR_b31415d90eb9,RPER_f3fcf8beb513231b,injected,0.42340425531914894,PCA_RECONSTRUCTION_CALCULATED_INCENTIVE,Calculated incentive was the largest PCA reconstruction deviation (observed 2.5e+04).,Final incentive paid was the next-largest reconstruction deviation (observed 2.5e+04).,"Validate the target, policy tier, adjustment approval, and payout reconciliation before action.",2,final_incentive_paid,Final incentive paid,25000.0,25000.0,0.6666666666666666,46.70810523456423
REP_c56e2fba156a,2017-08-01,MGR_5e1c70ff0ce6,TEAM_a405eba78bf2,TERR_b31415d90eb9,RPER_f3fcf8beb513231b,injected,0.42340425531914894,PCA_RECONSTRUCTION_CALCULATED_INCENTIVE,Calculated incentive was the largest PCA reconstruction deviation (observed 2.5e+04).,Final incentive paid was the next-largest reconstruction deviation (observed 2.5e+04).,"Validate the target, policy tier, adjustment approval, and payout reconciliation before action.",3,expected_incentive,Expected incentive,25000.0,,0.6923076923076923,46.70810523456423
REP_c56e2fba156a,2017-09-01,MGR_5e1c70ff0ce6,TEAM_a405eba78bf2,TERR_b31415d90eb9,RPER_162dc7840d8154dd,injected,0.17659574468085107,PCA_RECONSTRUCTION_CALCULATED_INCENTIVE,Calculated incentive was the largest PCA reconstruction deviation (observed 2.5e+04).,Final incentive paid was the next-largest reconstruction deviation (observed 2.5e+04).,"Validate the target, policy tier, adjustment approval, and payout reconciliation before action.",1,calculated_incentive,Calculated incentive,25000.0,,0.5384615384615384,46.70810729414846
REP_c56e2fba156a,2017-09-01,MGR_5e1c70ff0ce6,TEAM_a405eba78bf2,TERR_b31415d90eb9,RPER_162dc7840d8154dd,injected,0.17659574468085107,PCA_RECONSTRUCTION_CALCULATED_INCENTIVE,Calculated incentive was the largest PCA reconstruction deviation (observed 2.5e+04).,Final incentive paid was the next-largest reconstruction deviation (observed 2.5e+04).,"Validate the target, policy tier, adjustment approval, and payout reconciliation before action.",2,final_incentive_paid,Final incentive paid,25000.0,25000.0,0.6666666666666666,46.70810729414846
REP_c56e2fba156a,2017-09-01,MGR_5e1c70ff0ce6,TEAM_a405eba78bf2,TERR_b31415d90eb9,RPER_162dc7840d8154dd,injected,0.17659574468085107,PCA_RECONSTRUCTION_CALCULATED_INCENTIVE,Calculated incentive was the largest PCA reconstruction deviation (observed 2.5e+04).,Final incentive paid was the next-largest reconstruction deviation (observed 2.5e+04).,"Validate the target, policy tier, adjustment approval, and payout reconciliation before action.",3,expected_incentive,Expected incentive,25000.0,,0.5384615384615384,46.70810729414846
REP_c56e2fba156a,2017-10-01,MGR_5e1c70ff0ce6,TEAM_a405eba78bf2,TERR_b31415d90eb9,RPER_d46c923255197d22,injected,0.4319148936170213,PCA_RECONSTRUCTION_CALCULATED_INCENTIVE,Calculated incentive was the largest PCA reconstruction deviation (observed 2.5e+04).,Final incentive paid was the next-largest reconstruction deviation (observed 2.5e+04).,"Validate the target, policy tier, adjustment approval, and payout reconciliation before action.",1,calculated_incentive,Calculated incentive,25000.0,,0.7692307692307693,46.70810777820078
REP_c56e2fba156a,2017-10-01,MGR_5e1c70ff0ce6,TEAM_a405eba78bf2,TERR_b31415d90eb9,RPER_d46c923255197d22,injected,0.4319148936170213,PCA_RECONSTRUCTION_CALCULATED_INCENTIVE,Calculated incentive was the largest PCA reconstruction deviation (observed 2.5e+04).,Final incentive paid was the next-largest reconstruction deviation (observed 2.5e+04).,"Validate the target, policy tier, adjustment approval, and payout reconciliation before action.",2,final_incentive_paid,Final incentive paid,25000.0,20542.81,1.0,46.70810777820078
REP_c56e2fba156a,2017-10-01,MGR_5e1c70ff0ce6,TEAM_a405eba78bf2,TERR_b31415d90eb9,RPER_d46c923255197d22,injected,0.4319148936170213,PCA_RECONSTRUCTION_CALCULATED_INCENTIVE,Calculated incentive was the largest PCA reconstruction deviation (observed 2.5e+04).,Final incentive paid was the next-largest reconstruction deviation (observed 2.5e+04).,"Validate the target, policy tier, adjustment approval, and payout reconciliation before action.",3,expected_incentive,Expected incentive,25000.0,,0.7692307692307693,46.70810777820078
REP_c56e2fba156a,2017-11-01,MGR_5e1c70ff0ce6,TEAM_a405eba78bf2,TERR_b31415d90eb9,RPER_b4174d44c292d14f,injected,0.16382978723404254,PCA_RECONSTRUCTION_CALCULATED_INCENTIVE,Calculated incentive was the largest PCA reconstruction deviation (observed 2.5e+04).,Final incentive paid was the next-largest reconstruction deviation (observed 2.5e+04).,"Validate the target, policy tier, adjustment approval, and payout reconciliation before action.",1,calculated_incentive,Calculated incentive,25000.0,,0.6538461538461539,46.708106604212546
REP_c56e2fba156a,2017-11-01,MGR_5e1c70ff0ce6,TEAM_a405eba78bf2,TERR_b31415d90eb9,RPER_b4174d44c292d14f,injected,0.16382978723404254,PCA_RECONSTRUCTION_CALCULATED_INCENTIVE,Calculated incentive was the largest PCA reconstruction deviation (observed 2.5e+04).,Final incentive paid was the next-largest reconstruction deviation (observed 2.5e+04).,"Validate the target, policy tier, adjustment approval, and payout reconciliation before action.",2,final_incentive_paid,Final incentive paid,25000.0,25000.0,0.8333333333333334,46.708106604212546
REP_c56e2fba156a,2017-11-01,MGR_5e1c70ff0ce6,TEAM_a405eba78bf2,TERR_b31415d90eb9,RPER_b4174d44c292d14f,injected,0.16382978723404254,PCA_RECONSTRUCTION_CALCULATED_INCENTIVE,Calculated incentive was the largest PCA reconstruction deviation (observed 2.5e+04).,Final incentive paid was the next-largest reconstruction deviation (observed 2.5e+04).,"Validate the target, policy tier, adjustment approval, and payout reconciliation before action.",3,expected_incentive,Expected incentive,25000.0,,0.6538461538461539,46.708106604212546
REP_c56e2fba156a,2017-12-01,MGR_5e1c70ff0ce6,TEAM_a405eba78bf2,TERR_b31415d90eb9,RPER_544224f61048f591,injected,0.9468085106382979,PCA_RECONSTRUCTION_CALCULATED_INCENTIVE,Calculated incentive was the largest PCA reconstruction deviation (observed 0).,Final incentive paid was the next-largest reconstruction deviation (observed 0).,"Validate the target, policy tier, adjustment approval, and payout reconciliation before action.",1,calculated_incentive,Calculated incentive,0.0,,0.23076923076923078,9884.19931018665
REP_c56e2fba156a,2017-12-01,MGR_5e1c70ff0ce6,TEAM_a405eba78bf2,TERR_b31415d90eb9,RPER_544224f61048f591,injected,0.9468085106382979,PCA_RECONSTRUCTION_CALCULATED_INCENTIVE,Calculated incentive was the largest PCA reconstruction deviation (observed 0).,Final incentive paid was the next-largest reconstruction deviation (observed 0).,"Validate the target, policy tier, adjustment approval, and payout reconciliation before action.",2,final_incentive_paid,Final incentive paid,0.0,25000.0,0.3333333333333333,9884.19931018665
REP_c56e2fba156a,2017-12-01,MGR_5e1c70ff0ce6,TEAM_a405eba78bf2,TERR_b31415d90eb9,RPER_544224f61048f591,injected,0.9468085106382979,PCA_RECONSTRUCTION_CALCULATED_INCENTIVE,Calculated incentive was the largest PCA reconstruction deviation (observed 0).,Final incentive paid was the next-largest reconstruction deviation (observed 0).,"Validate the target, policy tier, adjustment approval, and payout reconciliation before action.",3,expected_incentive,Expected incentive,0.0,,0.23076923076923078,9884.19931018665
REP_c56e2fba156a,2018-01-01,MGR_5e1c70ff0ce6,TEAM_a405eba78bf2,TERR_b31415d90eb9,RPER_eb8c0452386b4fce,injected,0.597872340425532,PCA_RECONSTRUCTION_CALCULATED_INCENTIVE,Calculated incentive was the largest PCA reconstruction deviation (observed 2.75e+04).,Final incentive paid was the next-largest reconstruction deviation (observed 2.75e+04).,"Validate the target, policy tier, adjustment approval, and payout reconciliation before action.",1,calculated_incentive,Calculated incentive,27500.0,,0.5384615384615384,61.376760902949044
REP_c56e2fba156a,2018-01-01,MGR_5e1c70ff0ce6,TEAM_a405eba78bf2,TERR_b31415d90eb9,RPER_eb8c0452386b4fce,injected,0.597872340425532,PCA_RECONSTRUCTION_CALCULATED_INCENTIVE,Calculated incentive was the largest PCA reconstruction deviation (observed 2.75e+04).,Final incentive paid was the next-largest reconstruction deviation (observed 2.75e+04).,"Validate the target, policy tier, adjustment approval, and payout reconciliation before action.",2,final_incentive_paid,Final incentive paid,27500.0,27500.0,0.6666666666666666,61.376760902949044
REP_c56e2fba156a,2018-01-01,MGR_5e1c70ff0ce6,TEAM_a405eba78bf2,TERR_b31415d90eb9,RPER_eb8c0452386b4fce,injected,0.597872340425532,PCA_RECONSTRUCTION_CALCULATED_INCENTIVE,Calculated incentive was the largest PCA reconstruction deviation (observed 2.75e+04).,Final incentive paid was the next-largest reconstruction deviation (observed 2.75e+04).,"Validate the target, policy tier, adjustment approval, and payout reconciliation before action.",3,expected_incentive,Expected incentive,27500.0,,0.5384615384615384,61.376760902949044
REP_c56e2fba156a,2018-02-01,MGR_5e1c70ff0ce6,TEAM_a405eba78bf2,TERR_b31415d90eb9,RPER_c3d894ba3cf3b7f7,injected,0.44468085106382976,PCA_RECONSTRUCTION_CALCULATED_INCENTIVE,Calculated incentive was the largest PCA reconstruction deviation (observed 2.75e+04).,Final incentive paid was the next-largest reconstruction deviation (observed 2.75e+04).,"Validate the target, policy tier, adjustment approval, and payout reconciliation before action.",1,calculated_incentive,Calculated incentive,27500.0,,0.5769230769230769,61.37675902175944
REP_c56e2fba156a,2018-02-01,MGR_5e1c70ff0ce6,TEAM_a405eba78bf2,TERR_b31415d90eb9,RPER_c3d894ba3cf3b7f7,injected,0.44468085106382976,PCA_RECONSTRUCTION_CALCULATED_INCENTIVE,Calculated incentive was the largest PCA reconstruction deviation (observed 2.75e+04).,Final incentive paid was the next-largest reconstruction deviation (observed 2.75e+04).,"Validate the target, policy tier, adjustment approval, and payout reconciliation before action.",2,final_incentive_paid,Final incentive paid,27500.0,27500.0,0.6666666666666666,61.37675902175944
REP_c56e2fba156a,2018-02-01,MGR_5e1c70ff0ce6,TEAM_a405eba78bf2,TERR_b31415d90eb9,RPER_c3d894ba3cf3b7f7,injected,0.44468085106382976,PCA_RECONSTRUCTION_CALCULATED_INCENTIVE,Calculated incentive was the largest PCA reconstruction deviation (observed 2.75e+04).,Final incentive paid was the next-largest reconstruction deviation (observed 2.75e+04).,"Validate the target, policy tier, adjustment approval, and payout reconciliation before action.",3,expected_incentive,Expected incentive,27500.0,,0.5769230769230769,61.37675902175944
REP_c56e2fba156a,2018-03-01,MGR_5e1c70ff0ce6,TEAM_a405eba78bf2,TERR_b31415d90eb9,RPER_f56ceb33d18ac4dd,injected,0.6957446808510638,PCA_RECONSTRUCTION_CALCULATED_INCENTIVE,Calculated incentive was the largest PCA reconstruction deviation (observed 2.75e+04).,Final incentive paid was the next-largest reconstruction deviation (observed 2.75e+04).,"Validate the target, policy tier, adjustment approval, and payout reconciliation before action.",1,calculated_incentive,Calculated incentive,27500.0,,0.5384615384615384,61.37676607361924
REP_c56e2fba156a,2018-03-01,MGR_5e1c70ff0ce6,TEAM_a405eba78bf2,TERR_b31415d90eb9,RPER_f56ceb33d18ac4dd,injected,0.6957446808510638,PCA_RECONSTRUCTION_CALCULATED_INCENTIVE,Calculated incentive was the largest PCA reconstruction deviation (observed 2.75e+04).,Final incentive paid was the next-largest reconstruction deviation (observed 2.75e+04).,"Validate the target, policy tier, adjustment approval, and payout reconciliation before action.",2,final_incentive_paid,Final incentive paid,27500.0,27500.0,0.6666666666666666,61.37676607361924
REP_c56e2fba156a,2018-03-01,MGR_5e1c70ff0ce6,TEAM_a405eba78bf2,TERR_b31415d90eb9,RPER_f56ceb33d18ac4dd,injected,0.6957446808510638,PCA_RECONSTRUCTION_CALCULATED_INCENTIVE,Calculated incentive was the largest PCA reconstruction deviation (observed 2.75e+04).,Final incentive paid was the next-largest reconstruction deviation (observed 2.75e+04).,"Validate the target, policy tier, adjustment approval, and payout reconciliation before action.",3,expected_incentive,Expected incentive,27500.0,,0.5384615384615384,61.37676607361924
REP_c56e2fba156a,2018-04-01,MGR_5e1c70ff0ce6,TEAM_a405eba78bf2,TERR_b31415d90eb9,RPER_89e1a97869e5d01d,injected,0.7382978723404255,PCA_RECONSTRUCTION_CALCULATED_INCENTIVE,Calculated incentive was the largest PCA reconstruction deviation (observed 2.75e+04).,Final incentive paid was the next-largest reconstruction deviation (observed 2.75e+04).,"Validate the target, policy tier, adjustment approval, and payout reconciliation before action.",1,calculated_incentive,Calculated incentive,27500.0,,0.7692307692307693,61.37676096562379
REP_c56e2fba156a,2018-04-01,MGR_5e1c70ff0ce6,TEAM_a405eba78bf2,TERR_b31415d90eb9,RPER_89e1a97869e5d01d,injected,0.7382978723404255,PCA_RECONSTRUCTION_CALCULATED_INCENTIVE,Calculated incentive was the largest PCA reconstruction deviation (observed 2.75e+04).,Final incentive paid was the next-largest reconstruction deviation (observed 2.75e+04).,"Validate the target, policy tier, adjustment approval, and payout reconciliation before action.",2,final_incentive_paid,Final incentive paid,27500.0,23978.78,1.0,61.37676096562379
REP_c56e2fba156a,2018-04-01,MGR_5e1c70ff0ce6,TEAM_a405eba78bf2,TERR_b31415d90eb9,RPER_89e1a97869e5d01d,injected,0.7382978723404255,PCA_RECONSTRUCTION_CALCULATED_INCENTIVE,Calculated incentive was the largest PCA reconstruction deviation (observed 2.75e+04).,Final incentive paid was the next-largest reconstruction deviation (observed 2.75e+04).,"Validate the target, policy tier, adjustment approval, and payout reconciliation before action.",3,expected_incentive,Expected incentive,27500.0,,0.7692307692307693,61.37676096562379
REP_c56e2fba156a,2018-05-01,MGR_5e1c70ff0ce6,TEAM_a405eba78bf2,TERR_b31415d90eb9,RPER_2da8f3927d9d185e,injected,0.9553191489361702,PCA_RECONSTRUCTION_CALCULATED_INCENTIVE,Calculated incentive was the largest PCA reconstruction deviation (observed 0).,Final incentive paid was the next-largest reconstruction deviation (observed 0).,"Validate the target, policy tier, adjustment approval, and payout reconciliation before action.",1,calculated_incentive,Calculated incentive,0.0,,0.15384615384615385,9884.199413523422
REP_c56e2fba156a,2018-05-01,MGR_5e1c70ff0ce6,TEAM_a405eba78bf2,TERR_b31415d90eb9,RPER_2da8f3927d9d185e,injected,0.9553191489361702,PCA_RECONSTRUCTION_CALCULATED_INCENTIVE,Calculated incentive was the largest PCA reconstruction deviation (observed 0).,Final incentive paid was the next-largest reconstruction deviation (observed 0).,"Validate the target, policy tier, adjustment approval, and payout reconciliation before action.",2,final_incentive_paid,Final incentive paid,0.0,27500.0,0.3333333333333333,9884.199413523422
REP_c56e2fba156a,2018-05-01,MGR_5e1c70ff0ce6,TEAM_a405eba78bf2,TERR_b31415d90eb9,RPER_2da8f3927d9d185e,injected,0.9553191489361702,PCA_RECONSTRUCTION_CALCULATED_INCENTIVE,Calculated incentive was the largest PCA reconstruction deviation (observed 0).,Final incentive paid was the next-largest reconstruction deviation (observed 0).,"Validate the target, policy tier, adjustment approval, and payout reconciliation before action.",3,expected_incentive,Expected incentive,0.0,,0.15384615384615385,9884.199413523422
REP_c56e2fba156a,2018-06-01,MGR_5e1c70ff0ce6,TEAM_a405eba78bf2,TERR_b31415d90eb9,RPER_f5d8e975996b17dd,injected,0.7425531914893617,PCA_RECONSTRUCTION_CALCULATED_INCENTIVE,Calculated incentive was the largest PCA reconstruction deviation (observed 2.75e+04).,Final incentive paid was the next-largest reconstruction deviation (observed 2.75e+04).,"Validate the target, policy tier, adjustment approval, and payout reconciliation before action.",1,calculated_incentive,Calculated incentive,27500.0,,0.5769230769230769,61.37676197543779
REP_c56e2fba156a,2018-06-01,MGR_5e1c70ff0ce6,TEAM_a405eba78bf2,TERR_b31415d90eb9,RPER_f5d8e975996b17dd,injected,0.7425531914893617,PCA_RECONSTRUCTION_CALCULATED_INCENTIVE,Calculated incentive was the largest PCA reconstruction deviation (observed 2.75e+04).,Final incentive paid was the next-largest reconstruction deviation (observed 2.75e+04).,"Validate the target, policy tier, adjustment approval, and payout reconciliation before action.",2,final_incentive_paid,Final incentive paid,27500.0,27500.0,0.6666666666666666,61.37676197543779
REP_c56e2fba156a,2018-06-01,MGR_5e1c70ff0ce6,TEAM_a405eba78bf2,TERR_b31415d90eb9,RPER_f5d8e975996b17dd,injected,0.7425531914893617,PCA_RECONSTRUCTION_CALCULATED_INCENTIVE,Calculated incentive was the largest PCA reconstruction deviation (observed 2.75e+04).,Final incentive paid was the next-largest reconstruction deviation (observed 2.75e+04).,"Validate the target, policy tier, adjustment approval, and payout reconciliation before action.",3,expected_incentive,Expected incentive,27500.0,,0.5769230769230769,61.37676197543779
REP_c56e2fba156a,2018-07-01,MGR_5e1c70ff0ce6,TEAM_a405eba78bf2,TERR_b31415d90eb9,RPER_25b19f1337e01b96,injected,0.7582081389236509,PCA_RECONSTRUCTION_RETURN_CLAWBACK_RATIO,Return clawback ratio was the largest PCA reconstruction deviation (observed 0.4381).,Return rate was the next-largest reconstruction deviation (observed 0.1468).,"Validate the underlying orders, discounts, returns, period timing, and customer context before action.",1,return_clawback_ratio,Return clawback ratio,0.43814594974362525,,1.0,112.07125537528815
REP_c56e2fba156a,2018-07-01,MGR_5e1c70ff0ce6,TEAM_a405eba78bf2,TERR_b31415d90eb9,RPER_25b19f1337e01b96,injected,0.7582081389236509,PCA_RECONSTRUCTION_RETURN_CLAWBACK_RATIO,Return clawback ratio was the largest PCA reconstruction deviation (observed 0.4381).,Return rate was the next-largest reconstruction deviation (observed 0.1468).,"Validate the underlying orders, discounts, returns, period timing, and customer context before action.",2,return_rate,Return rate,0.14683578845225378,,1.0,37.14150249520466
REP_c56e2fba156a,2018-07-01,MGR_5e1c70ff0ce6,TEAM_a405eba78bf2,TERR_b31415d90eb9,RPER_25b19f1337e01b96,injected,0.7582081389236509,PCA_RECONSTRUCTION_RETURN_CLAWBACK_RATIO,Return clawback ratio was the largest PCA reconstruction deviation (observed 0.4381).,Return rate was the next-largest reconstruction deviation (observed 0.1468).,"Validate the underlying orders, discounts, returns, period timing, and customer context before action.",3,calculated_incentive,Calculated incentive,22816.21,,0.07692307692307693,34.519312085889624
REP_c56e2fba156a,2018-08-01,MGR_5e1c70ff0ce6,TEAM_a405eba78bf2,TERR_b31415d90eb9,RPER_0a661bedefb553cd,injected,0.5611187786328639,PCA_RECONSTRUCTION_CALCULATED_INCENTIVE,Calculated incentive was the largest PCA reconstruction deviation (observed 2.75e+04).,Final incentive paid was the next-largest reconstruction deviation (observed 2.75e+04).,"Validate the target, policy tier, adjustment approval, and payout reconciliation before action.",1,calculated_incentive,Calculated incentive,27500.0,,0.6153846153846154,61.376758295499485
REP_c56e2fba156a,2018-08-01,MGR_5e1c70ff0ce6,TEAM_a405eba78bf2,TERR_b31415d90eb9,RPER_0a661bedefb553cd,injected,0.5611187786328639,PCA_RECONSTRUCTION_CALCULATED_INCENTIVE,Calculated incentive was the largest PCA reconstruction deviation (observed 2.75e+04).,Final incentive paid was the next-largest reconstruction deviation (observed 2.75e+04).,"Validate the target, policy tier, adjustment approval, and payout reconciliation before action.",2,final_incentive_paid,Final incentive paid,27500.0,27500.0,0.8333333333333334,61.376758295499485
REP_c56e2fba156a,2018-08-01,MGR_5e1c70ff0ce6,TEAM_a405eba78bf2,TERR_b31415d90eb9,RPER_0a661bedefb553cd,injected,0.5611187786328639,PCA_RECONSTRUCTION_CALCULATED_INCENTIVE,Calculated incentive was the largest PCA reconstruction deviation (observed 2.75e+04).,Final incentive paid was the next-largest reconstruction deviation (observed 2.75e+04).,"Validate the target, policy tier, adjustment approval, and payout reconciliation before action.",3,expected_incentive,Expected incentive,27500.0,,0.6153846153846154,61.376758295499485
REP_c56e2fba156a,2018-09-01,MGR_5e1c70ff0ce6,TEAM_a405eba78bf2,TERR_b31415d90eb9,RPER_d8a91f07d67c0891,injected,0.690195277528271,PCA_RECONSTRUCTION_CALCULATED_INCENTIVE,Calculated incentive was the largest PCA reconstruction deviation (observed 2.75e+04).,Final incentive paid was the next-largest reconstruction deviation (observed 2.75e+04).,"Validate the target, policy tier, adjustment approval, and payout reconciliation before action.",1,calculated_incentive,Calculated incentive,27500.0,,0.6538461538461539,61.376762163846976
REP_c56e2fba156a,2018-09-01,MGR_5e1c70ff0ce6,TEAM_a405eba78bf2,TERR_b31415d90eb9,RPER_d8a91f07d67c0891,injected,0.690195277528271,PCA_RECONSTRUCTION_CALCULATED_INCENTIVE,Calculated incentive was the largest PCA reconstruction deviation (observed 2.75e+04).,Final incentive paid was the next-largest reconstruction deviation (observed 2.75e+04).,"Validate the target, policy tier, adjustment approval, and payout reconciliation before action.",2,final_incentive_paid,Final incentive paid,27500.0,27500.0,0.6666666666666666,61.376762163846976
REP_c56e2fba156a,2018-09-01,MGR_5e1c70ff0ce6,TEAM_a405eba78bf2,TERR_b31415d90eb9,RPER_d8a91f07d67c0891,injected,0.690195277528271,PCA_RECONSTRUCTION_CALCULATED_INCENTIVE,Calculated incentive was the largest PCA reconstruction deviation (observed 2.75e+04).,Final incentive paid was the next-largest reconstruction deviation (observed 2.75e+04).,"Validate the target, policy tier, adjustment approval, and payout reconciliation before action.",3,expected_incentive,Expected incentive,27500.0,,0.6538461538461539,61.376762163846976
REP_c56e2fba156a,2018-10-01,MGR_5e1c70ff0ce6,TEAM_a405eba78bf2,TERR_b31415d90eb9,RPER_ed5da610541ba554,injected,0.7031822683439396,PCA_RECONSTRUCTION_CALCULATED_INCENTIVE,Calculated incentive was the largest PCA reconstruction deviation (observed 2.75e+04).,Final incentive paid was the next-largest reconstruction deviation (observed 2.75e+04).,"Validate the target, policy tier, adjustment approval, and payout reconciliation before action.",1,calculated_incentive,Calculated incentive,27500.0,,0.5384615384615384,61.376760729252815
REP_c56e2fba156a,2018-10-01,MGR_5e1c70ff0ce6,TEAM_a405eba78bf2,TERR_b31415d90eb9,RPER_ed5da610541ba554,injected,0.7031822683439396,PCA_RECONSTRUCTION_CALCULATED_INCENTIVE,Calculated incentive was the largest PCA reconstruction deviation (observed 2.75e+04).,Final incentive paid was the next-largest reconstruction deviation (observed 2.75e+04).,"Validate the target, policy tier, adjustment approval, and payout reconciliation before action.",2,final_incentive_paid,Final incentive paid,27500.0,27500.0,0.6666666666666666,61.376760729252815
REP_c56e2fba156a,2018-10-01,MGR_5e1c70ff0ce6,TEAM_a405eba78bf2,TERR_b31415d90eb9,RPER_ed5da610541ba554,injected,0.7031822683439396,PCA_RECONSTRUCTION_CALCULATED_INCENTIVE,Calculated incentive was the largest PCA reconstruction deviation (observed 2.75e+04).,Final incentive paid was the next-largest reconstruction deviation (observed 2.75e+04).,"Validate the target, policy tier, adjustment approval, and payout reconciliation before action.",3,expected_incentive,Expected incentive,27500.0,,0.5384615384615384,61.376760729252815
REP_c56e2fba156a,2018-11-01,MGR_5e1c70ff0ce6,TEAM_a405eba78bf2,TERR_b31415d90eb9,RPER_25e263995e1bbb81,injected,0.5897901957992787,PCA_RECONSTRUCTION_CALCULATED_INCENTIVE,Calculated incentive was the largest PCA reconstruction deviation (observed 2.75e+04).,Final incentive paid was the next-largest reconstruction deviation (observed 2.75e+04).,"Validate the target, policy tier, adjustment approval, and payout reconciliation before action.",1,calculated_incentive,Calculated incentive,27500.0,,0.6923076923076923,61.37675853623688
REP_c56e2fba156a,2018-11-01,MGR_5e1c70ff0ce6,TEAM_a405eba78bf2,TERR_b31415d90eb9,RPER_25e263995e1bbb81,injected,0.5897901957992787,PCA_RECONSTRUCTION_CALCULATED_INCENTIVE,Calculated incentive was the largest PCA reconstruction deviation (observed 2.75e+04).,Final incentive paid was the next-largest reconstruction deviation (observed 2.75e+04).,"Validate the target, policy tier, adjustment approval, and payout reconciliation before action.",2,final_incentive_paid,Final incentive paid,27500.0,27500.0,0.6666666666666666,61.37675853623688
REP_c56e2fba156a,2018-11-01,MGR_5e1c70ff0ce6,TEAM_a405eba78bf2,TERR_b31415d90eb9,RPER_25e263995e1bbb81,injected,0.5897901957992787,PCA_RECONSTRUCTION_CALCULATED_INCENTIVE,Calculated incentive was the largest PCA reconstruction deviation (observed 2.75e+04).,Final incentive paid was the next-largest reconstruction deviation (observed 2.75e+04).,"Validate the target, policy tier, adjustment approval, and payout reconciliation before action.",3,expected_incentive,Expected incentive,27500.0,,0.6923076923076923,61.37675853623688
REP_c56e2fba156a,2018-12-01,MGR_5e1c70ff0ce6,TEAM_a405eba78bf2,TERR_6090deb666aa,RPER_5f70f939a7c0dc2f,injected,0.9755292403326362,PCA_RECONSTRUCTION_CALCULATED_INCENTIVE,Calculated incentive was the largest PCA reconstruction deviation (observed 0).,Final incentive paid was the next-largest reconstruction deviation (observed 0).,"Validate the target, policy tier, adjustment approval, and payout reconciliation before action.",1,calculated_incentive,Calculated incentive,0.0,,0.23076923076923078,11527.204806786696
REP_c56e2fba156a,2018-12-01,MGR_5e1c70ff0ce6,TEAM_a405eba78bf2,TERR_6090deb666aa,RPER_5f70f939a7c0dc2f,injected,0.9755292403326362,PCA_RECONSTRUCTION_CALCULATED_INCENTIVE,Calculated incentive was the largest PCA reconstruction deviation (observed 0).,Final incentive paid was the next-largest reconstruction deviation (observed 0).,"Validate the target, policy tier, adjustment approval, and payout reconciliation before action.",2,final_incentive_paid,Final incentive paid,0.0,21073.73,0.3333333333333333,11527.204806786696
REP_c56e2fba156a,2018-12-01,MGR_5e1c70ff0ce6,TEAM_a405eba78bf2,TERR_6090deb666aa,RPER_5f70f939a7c0dc2f,injected,0.9755292403326362,PCA_RECONSTRUCTION_CALCULATED_INCENTIVE,Calculated incentive was the largest PCA reconstruction deviation (observed 0).,Final incentive paid was the next-largest reconstruction deviation (observed 0).,"Validate the target, policy tier, adjustment approval, and payout reconciliation before action.",3,expected_incentive,Expected incentive,0.0,,0.23076923076923078,11527.204806786696
REP_c56e2fba156a,2019-01-01,MGR_5e1c70ff0ce6,TEAM_a405eba78bf2,TERR_b31415d90eb9,RPER_5b9ff9cb07f6a5cd,injected,0.9851333906698906,PCA_RECONSTRUCTION_INCENTIVE_PEER_MEDIAN,Incentive peer median was the largest PCA reconstruction deviation (observed 0).,Calculated incentive was the next-largest reconstruction deviation (observed 0).,"Validate the target, policy tier, adjustment approval, and payout reconciliation before action.",1,incentive_peer_median,Incentive peer median,0.0,,0.38461538461538464,10704.605408712647
REP_c56e2fba156a,2019-01-01,MGR_5e1c70ff0ce6,TEAM_a405eba78bf2,TERR_b31415d90eb9,RPER_5b9ff9cb07f6a5cd,injected,0.9851333906698906,PCA_RECONSTRUCTION_INCENTIVE_PEER_MEDIAN,Incentive peer median was the largest PCA reconstruction deviation (observed 0).,Calculated incentive was the next-largest reconstruction deviation (observed 0).,"Validate the target, policy tier, adjustment approval, and payout reconciliation before action.",2,calculated_incentive,Calculated incentive,0.0,,0.5384615384615384,9884.19811365165
REP_c56e2fba156a,2019-01-01,MGR_5e1c70ff0ce6,TEAM_a405eba78bf2,TERR_b31415d90eb9,RPER_5b9ff9cb07f6a5cd,injected,0.9851333906698906,PCA_RECONSTRUCTION_INCENTIVE_PEER_MEDIAN,Incentive peer median was the largest PCA reconstruction deviation (observed 0).,Calculated incentive was the next-largest reconstruction deviation (observed 0).,"Validate the target, policy tier, adjustment approval, and payout reconciliation before action.",3,final_incentive_paid,Final incentive paid,0.0,0.0,0.6666666666666666,9884.19811365165
REP_c56e2fba156a,2019-02-01,MGR_5e1c70ff0ce6,TEAM_a405eba78bf2,TERR_b31415d90eb9,RPER_24722c74ad842ddc,injected,0.756063020963967,PCA_RECONSTRUCTION_CALCULATED_INCENTIVE,Calculated incentive was the largest PCA reconstruction deviation (observed 3e+04).,Final incentive paid was the next-largest reconstruction deviation (observed 3e+04).,"Validate the target, policy tier, adjustment approval, and payout reconciliation before action.",1,calculated_incentive,Calculated incentive,30000.0,,0.5769230769230769,76.51461896304669
REP_c56e2fba156a,2019-02-01,MGR_5e1c70ff0ce6,TEAM_a405eba78bf2,TERR_b31415d90eb9,RPER_24722c74ad842ddc,injected,0.756063020963967,PCA_RECONSTRUCTION_CALCULATED_INCENTIVE,Calculated incentive was the largest PCA reconstruction deviation (observed 3e+04).,Final incentive paid was the next-largest reconstruction deviation (observed 3e+04).,"Validate the target, policy tier, adjustment approval, and payout reconciliation before action.",2,final_incentive_paid,Final incentive paid,30000.0,30000.0,0.6666666666666666,76.51461896304669
REP_c56e2fba156a,2019-02-01,MGR_5e1c70ff0ce6,TEAM_a405eba78bf2,TERR_b31415d90eb9,RPER_24722c74ad842ddc,injected,0.756063020963967,PCA_RECONSTRUCTION_CALCULATED_INCENTIVE,Calculated incentive was the largest PCA reconstruction deviation (observed 3e+04).,Final incentive paid was the next-largest reconstruction deviation (observed 3e+04).,"Validate the target, policy tier, adjustment approval, and payout reconciliation before action.",3,expected_incentive,Expected incentive,30000.0,,0.5769230769230769,76.51461896304669
REP_c56e2fba156a,2019-03-01,MGR_5e1c70ff0ce6,TEAM_a405eba78bf2,TERR_b31415d90eb9,RPER_82c70827f116e513,injected,0.8305377094927634,PCA_RECONSTRUCTION_DISTANCE_CLAIM_RATIO,Distance claim ratio was the largest PCA reconstruction deviation (observed 1.31).,Calculated incentive was the next-largest reconstruction deviation (observed 3e+04).,"Validate visit, CRM, route, and expense records with the representative and manager before action.",1,distance_claim_ratio,Distance claim ratio,1.3100365988177387,,1.0,332.5437137009133
REP_c56e2fba156a,2019-03-01,MGR_5e1c70ff0ce6,TEAM_a405eba78bf2,TERR_b31415d90eb9,RPER_82c70827f116e513,injected,0.8305377094927634,PCA_RECONSTRUCTION_DISTANCE_CLAIM_RATIO,Distance claim ratio was the largest PCA reconstruction deviation (observed 1.31).,Calculated incentive was the next-largest reconstruction deviation (observed 3e+04).,"Validate visit, CRM, route, and expense records with the representative and manager before action.",2,calculated_incentive,Calculated incentive,30000.0,,0.5769230769230769,76.51461451386895
REP_c56e2fba156a,2019-03-01,MGR_5e1c70ff0ce6,TEAM_a405eba78bf2,TERR_b31415d90eb9,RPER_82c70827f116e513,injected,0.8305377094927634,PCA_RECONSTRUCTION_DISTANCE_CLAIM_RATIO,Distance claim ratio was the largest PCA reconstruction deviation (observed 1.31).,Calculated incentive was the next-largest reconstruction deviation (observed 3e+04).,"Validate visit, CRM, route, and expense records with the representative and manager before action.",3,final_incentive_paid,Final incentive paid,30000.0,30000.0,0.6666666666666666,76.51461451386895
REP_c56e2fba156a,2019-04-01,MGR_5e1c70ff0ce6,TEAM_a405eba78bf2,TERR_b31415d90eb9,RPER_544e6d333b9b3ee6,injected,0.9254564588394284,PCA_RECONSTRUCTION_INCENTIVE_PEER_MEDIAN,Incentive peer median was the largest PCA reconstruction deviation (observed 0).,Incentive peer z was the next-largest reconstruction deviation (observed 2.266e+04).,"Validate the target, policy tier, adjustment approval, and payout reconciliation before action.",1,incentive_peer_median,Incentive peer median,0.0,,0.15384615384615385,10704.609164675565
REP_c56e2fba156a,2019-04-01,MGR_5e1c70ff0ce6,TEAM_a405eba78bf2,TERR_b31415d90eb9,RPER_544e6d333b9b3ee6,injected,0.9254564588394284,PCA_RECONSTRUCTION_INCENTIVE_PEER_MEDIAN,Incentive peer median was the largest PCA reconstruction deviation (observed 0).,Incentive peer z was the next-largest reconstruction deviation (observed 2.266e+04).,"Validate the target, policy tier, adjustment approval, and payout reconciliation before action.",2,incentive_peer_z,Incentive peer z,22656.06,0.0,1.0,101.53606431442283
REP_c56e2fba156a,2019-04-01,MGR_5e1c70ff0ce6,TEAM_a405eba78bf2,TERR_b31415d90eb9,RPER_544e6d333b9b3ee6,injected,0.9254564588394284,PCA_RECONSTRUCTION_INCENTIVE_PEER_MEDIAN,Incentive peer median was the largest PCA reconstruction deviation (observed 0).,Incentive peer z was the next-largest reconstruction deviation (observed 2.266e+04).,"Validate the target, policy tier, adjustment approval, and payout reconciliation before action.",3,calculated_incentive,Calculated incentive,22656.06,,0.6153846153846154,33.656430940567205
REP_d21d2dd167c5,2017-01-01,MGR_eb86f856200b,TEAM_f144a6907dc4,TERR_07a5ea4d7ed4,RPER_aab09bf2ab808a27,injected,0.9893617021276596,PCA_RECONSTRUCTION_INCENTIVE_PEER_MEDIAN,Incentive peer median was the largest PCA reconstruction deviation (observed 0).,Calculated incentive was the next-largest reconstruction deviation (observed 0).,"Validate the target, policy tier, adjustment approval, and payout reconciliation before action.",1,incentive_peer_median,Incentive peer median,0.0,,0.15384615384615385,10704.031887690116
REP_d21d2dd167c5,2017-01-01,MGR_eb86f856200b,TEAM_f144a6907dc4,TERR_07a5ea4d7ed4,RPER_aab09bf2ab808a27,injected,0.9893617021276596,PCA_RECONSTRUCTION_INCENTIVE_PEER_MEDIAN,Incentive peer median was the largest PCA reconstruction deviation (observed 0).,Calculated incentive was the next-largest reconstruction deviation (observed 0).,"Validate the target, policy tier, adjustment approval, and payout reconciliation before action.",2,calculated_incentive,Calculated incentive,0.0,,0.15384615384615385,9883.061514832356
REP_d21d2dd167c5,2017-01-01,MGR_eb86f856200b,TEAM_f144a6907dc4,TERR_07a5ea4d7ed4,RPER_aab09bf2ab808a27,injected,0.9893617021276596,PCA_RECONSTRUCTION_INCENTIVE_PEER_MEDIAN,Incentive peer median was the largest PCA reconstruction deviation (observed 0).,Calculated incentive was the next-largest reconstruction deviation (observed 0).,"Validate the target, policy tier, adjustment approval, and payout reconciliation before action.",3,final_incentive_paid,Final incentive paid,0.0,0.0,0.5,9883.061514832356
REP_d21d2dd167c5,2017-02-01,MGR_eb86f856200b,TEAM_f144a6907dc4,TERR_07a5ea4d7ed4,RPER_4bc74fee8db21b05,injected,0.8617021276595744,PCA_RECONSTRUCTION_ROLLING_SALES_STD,Rolling sales std was the largest PCA reconstruction deviation (observed 0).,Rep historical std was the next-largest reconstruction deviation (observed 0).,"Validate the underlying orders, discounts, returns, period timing, and customer context before action.",1,rolling_sales_std,Rolling sales std,0.0,,0.5384615384615384,293.06503570225414
REP_d21d2dd167c5,2017-02-01,MGR_eb86f856200b,TEAM_f144a6907dc4,TERR_07a5ea4d7ed4,RPER_4bc74fee8db21b05,injected,0.8617021276595744,PCA_RECONSTRUCTION_ROLLING_SALES_STD,Rolling sales std was the largest PCA reconstruction deviation (observed 0).,Rep historical std was the next-largest reconstruction deviation (observed 0).,"Validate the underlying orders, discounts, returns, period timing, and customer context before action.",2,rep_historical_std,Rep historical std,0.0,,0.5384615384615384,293.06503570225414
REP_d21d2dd167c5,2017-02-01,MGR_eb86f856200b,TEAM_f144a6907dc4,TERR_07a5ea4d7ed4,RPER_4bc74fee8db21b05,injected,0.8617021276595744,PCA_RECONSTRUCTION_ROLLING_SALES_STD,Rolling sales std was the largest PCA reconstruction deviation (observed 0).,Rep historical std was the next-largest reconstruction deviation (observed 0).,"Validate the underlying orders, discounts, returns, period timing, and customer context before action.",3,calculated_incentive,Calculated incentive,25000.0,,0.5384615384615384,46.786189316540295
REP_d21d2dd167c5,2017-03-01,MGR_eb86f856200b,TEAM_f144a6907dc4,TERR_07a5ea4d7ed4,RPER_491bee071566c3c1,injected,0.30851063829787234,PCA_RECONSTRUCTION_CALCULATED_INCENTIVE,Calculated incentive was the largest PCA reconstruction deviation (observed 2.5e+04).,Final incentive paid was the next-largest reconstruction deviation (observed 2.5e+04).,"Validate the target, policy tier, adjustment approval, and payout reconciliation before action.",1,calculated_incentive,Calculated incentive,25000.0,,0.5769230769230769,46.78615434668302
REP_d21d2dd167c5,2017-03-01,MGR_eb86f856200b,TEAM_f144a6907dc4,TERR_07a5ea4d7ed4,RPER_491bee071566c3c1,injected,0.30851063829787234,PCA_RECONSTRUCTION_CALCULATED_INCENTIVE,Calculated incentive was the largest PCA reconstruction deviation (observed 2.5e+04).,Final incentive paid was the next-largest reconstruction deviation (observed 2.5e+04).,"Validate the target, policy tier, adjustment approval, and payout reconciliation before action.",2,final_incentive_paid,Final incentive paid,25000.0,25000.0,0.6666666666666666,46.78615434668302
REP_d21d2dd167c5,2017-03-01,MGR_eb86f856200b,TEAM_f144a6907dc4,TERR_07a5ea4d7ed4,RPER_491bee071566c3c1,injected,0.30851063829787234,PCA_RECONSTRUCTION_CALCULATED_INCENTIVE,Calculated incentive was the largest PCA reconstruction deviation (observed 2.5e+04).,Final incentive paid was the next-largest reconstruction deviation (observed 2.5e+04).,"Validate the target, policy tier, adjustment approval, and payout reconciliation before action.",3,expected_incentive,Expected incentive,25000.0,,0.5769230769230769,46.78615434668302
REP_d21d2dd167c5,2017-04-01,MGR_eb86f856200b,TEAM_f144a6907dc4,TERR_07a5ea4d7ed4,RPER_2ec02c582d622c1e,injected,0.43617021276595747,PCA_RECONSTRUCTION_CALCULATED_INCENTIVE,Calculated incentive was the largest PCA reconstruction deviation (observed 2.5e+04).,Final incentive paid was the next-largest reconstruction deviation (observed 2.5e+04).,"Validate the target, policy tier, adjustment approval, and payout reconciliation before action.",1,calculated_incentive,Calculated incentive,25000.0,,0.6923076923076923,46.786159229948865
REP_d21d2dd167c5,2017-04-01,MGR_eb86f856200b,TEAM_f144a6907dc4,TERR_07a5ea4d7ed4,RPER_2ec02c582d622c1e,injected,0.43617021276595747,PCA_RECONSTRUCTION_CALCULATED_INCENTIVE,Calculated incentive was the largest PCA reconstruction deviation (observed 2.5e+04).,Final incentive paid was the next-largest reconstruction deviation (observed 2.5e+04).,"Validate the target, policy tier, adjustment approval, and payout reconciliation before action.",2,final_incentive_paid,Final incentive paid,25000.0,25000.0,0.6666666666666666,46.786159229948865
REP_d21d2dd167c5,2017-04-01,MGR_eb86f856200b,TEAM_f144a6907dc4,TERR_07a5ea4d7ed4,RPER_2ec02c582d622c1e,injected,0.43617021276595747,PCA_RECONSTRUCTION_CALCULATED_INCENTIVE,Calculated incentive was the largest PCA reconstruction deviation (observed 2.5e+04).,Final incentive paid was the next-largest reconstruction deviation (observed 2.5e+04).,"Validate the target, policy tier, adjustment approval, and payout reconciliation before action.",3,expected_incentive,Expected incentive,25000.0,,0.6923076923076923,46.786159229948865
REP_d21d2dd167c5,2017-05-01,MGR_eb86f856200b,TEAM_f144a6907dc4,TERR_07a5ea4d7ed4,RPER_b9c6f42b6dc33186,injected,0.5765957446808511,PCA_RECONSTRUCTION_CALCULATED_INCENTIVE,Calculated incentive was the largest PCA reconstruction deviation (observed 2.5e+04).,Final incentive paid was the next-largest reconstruction deviation (observed 2.5e+04).,"Validate the target, policy tier, adjustment approval, and payout reconciliation before action.",1,calculated_incentive,Calculated incentive,25000.0,,0.6153846153846154,46.78616571341891
REP_d21d2dd167c5,2017-05-01,MGR_eb86f856200b,TEAM_f144a6907dc4,TERR_07a5ea4d7ed4,RPER_b9c6f42b6dc33186,injected,0.5765957446808511,PCA_RECONSTRUCTION_CALCULATED_INCENTIVE,Calculated incentive was the largest PCA reconstruction deviation (observed 2.5e+04).,Final incentive paid was the next-largest reconstruction deviation (observed 2.5e+04).,"Validate the target, policy tier, adjustment approval, and payout reconciliation before action.",2,final_incentive_paid,Final incentive paid,25000.0,25000.0,0.6666666666666666,46.78616571341891
REP_d21d2dd167c5,2017-05-01,MGR_eb86f856200b,TEAM_f144a6907dc4,TERR_07a5ea4d7ed4,RPER_b9c6f42b6dc33186,injected,0.5765957446808511,PCA_RECONSTRUCTION_CALCULATED_INCENTIVE,Calculated incentive was the largest PCA reconstruction deviation (observed 2.5e+04).,Final incentive paid was the next-largest reconstruction deviation (observed 2.5e+04).,"Validate the target, policy tier, adjustment approval, and payout reconciliation before action.",3,expected_incentive,Expected incentive,25000.0,,0.6153846153846154,46.78616571341891
REP_d21d2dd167c5,2017-06-01,MGR_eb86f856200b,TEAM_f144a6907dc4,TERR_07a5ea4d7ed4,RPER_51d937f345076131,injected,0.5255319148936171,PCA_RECONSTRUCTION_CALCULATED_INCENTIVE,Calculated incentive was the largest PCA reconstruction deviation (observed 2.5e+04).,Final incentive paid was the next-largest reconstruction deviation (observed 2.5e+04).,"Validate the target, policy tier, adjustment approval, and payout reconciliation before action.",1,calculated_incentive,Calculated incentive,25000.0,,0.5769230769230769,46.786157107666035
REP_d21d2dd167c5,2017-06-01,MGR_eb86f856200b,TEAM_f144a6907dc4,TERR_07a5ea4d7ed4,RPER_51d937f345076131,injected,0.5255319148936171,PCA_RECONSTRUCTION_CALCULATED_INCENTIVE,Calculated incentive was the largest PCA reconstruction deviation (observed 2.5e+04).,Final incentive paid was the next-largest reconstruction deviation (observed 2.5e+04).,"Validate the target, policy tier, adjustment approval, and payout reconciliation before action.",2,final_incentive_paid,Final incentive paid,25000.0,25000.0,0.6666666666666666,46.786157107666035
REP_d21d2dd167c5,2017-06-01,MGR_eb86f856200b,TEAM_f144a6907dc4,TERR_07a5ea4d7ed4,RPER_51d937f345076131,injected,0.5255319148936171,PCA_RECONSTRUCTION_CALCULATED_INCENTIVE,Calculated incentive was the largest PCA reconstruction deviation (observed 2.5e+04).,Final incentive paid was the next-largest reconstruction deviation (observed 2.5e+04).,"Validate the target, policy tier, adjustment approval, and payout reconciliation before action.",3,expected_incentive,Expected incentive,25000.0,,0.5769230769230769,46.786157107666035
REP_d21d2dd167c5,2017-07-01,MGR_eb86f856200b,TEAM_f144a6907dc4,TERR_07a5ea4d7ed4,RPER_14f4b6f03c4f8636,injected,0.031914893617021274,PCA_RECONSTRUCTION_CALCULATED_INCENTIVE,Calculated incentive was the largest PCA reconstruction deviation (observed 1.871e+04).,Final incentive paid was the next-largest reconstruction deviation (observed 1.871e+04).,"Validate the target, policy tier, adjustment approval, and payout reconciliation before action.",1,calculated_incentive,Calculated incentive,18708.1,,0.07692307692307693,14.426453627671409
REP_d21d2dd167c5,2017-07-01,MGR_eb86f856200b,TEAM_f144a6907dc4,TERR_07a5ea4d7ed4,RPER_14f4b6f03c4f8636,injected,0.031914893617021274,PCA_RECONSTRUCTION_CALCULATED_INCENTIVE,Calculated incentive was the largest PCA reconstruction deviation (observed 1.871e+04).,Final incentive paid was the next-largest reconstruction deviation (observed 1.871e+04).,"Validate the target, policy tier, adjustment approval, and payout reconciliation before action.",2,final_incentive_paid,Final incentive paid,18708.1,25000.0,0.3333333333333333,14.426453627671409
REP_d21d2dd167c5,2017-07-01,MGR_eb86f856200b,TEAM_f144a6907dc4,TERR_07a5ea4d7ed4,RPER_14f4b6f03c4f8636,injected,0.031914893617021274,PCA_RECONSTRUCTION_CALCULATED_INCENTIVE,Calculated incentive was the largest PCA reconstruction deviation (observed 1.871e+04).,Final incentive paid was the next-largest reconstruction deviation (observed 1.871e+04).,"Validate the target, policy tier, adjustment approval, and payout reconciliation before action.",3,expected_incentive,Expected incentive,18708.1,,0.07692307692307693,14.426453627671409
REP_d21d2dd167c5,2017-08-01,MGR_eb86f856200b,TEAM_f144a6907dc4,TERR_07a5ea4d7ed4,RPER_ed0735b86fee2299,injected,0.3680851063829787,PCA_RECONSTRUCTION_CALCULATED_INCENTIVE,Calculated incentive was the largest PCA reconstruction deviation (observed 2.5e+04).,Final incentive paid was the next-largest reconstruction deviation (observed 2.5e+04).,"Validate the target, policy tier, adjustment approval, and payout reconciliation before action.",1,calculated_incentive,Calculated incentive,25000.0,,0.6923076923076923,46.786161637136864
REP_d21d2dd167c5,2017-08-01,MGR_eb86f856200b,TEAM_f144a6907dc4,TERR_07a5ea4d7ed4,RPER_ed0735b86fee2299,injected,0.3680851063829787,PCA_RECONSTRUCTION_CALCULATED_INCENTIVE,Calculated incentive was the largest PCA reconstruction deviation (observed 2.5e+04).,Final incentive paid was the next-largest reconstruction deviation (observed 2.5e+04).,"Validate the target, policy tier, adjustment approval, and payout reconciliation before action.",2,final_incentive_paid,Final incentive paid,25000.0,25000.0,0.8333333333333334,46.786161637136864
REP_d21d2dd167c5,2017-08-01,MGR_eb86f856200b,TEAM_f144a6907dc4,TERR_07a5ea4d7ed4,RPER_ed0735b86fee2299,injected,0.3680851063829787,PCA_RECONSTRUCTION_CALCULATED_INCENTIVE,Calculated incentive was the largest PCA reconstruction deviation (observed 2.5e+04).,Final incentive paid was the next-largest reconstruction deviation (observed 2.5e+04).,"Validate the target, policy tier, adjustment approval, and payout reconciliation before action.",3,expected_incentive,Expected incentive,25000.0,,0.6923076923076923,46.786161637136864
REP_d21d2dd167c5,2017-09-01,MGR_eb86f856200b,TEAM_f144a6907dc4,TERR_07a5ea4d7ed4,RPER_b5d09f2efa61ebdb,injected,0.19361702127659575,PCA_RECONSTRUCTION_CALCULATED_INCENTIVE,Calculated incentive was the largest PCA reconstruction deviation (observed 2.5e+04).,Final incentive paid was the next-largest reconstruction deviation (observed 2.5e+04).,"Validate the target, policy tier, adjustment approval, and payout reconciliation before action.",1,calculated_incentive,Calculated incentive,25000.0,,0.5384615384615384,46.786158601092005
REP_d21d2dd167c5,2017-09-01,MGR_eb86f856200b,TEAM_f144a6907dc4,TERR_07a5ea4d7ed4,RPER_b5d09f2efa61ebdb,injected,0.19361702127659575,PCA_RECONSTRUCTION_CALCULATED_INCENTIVE,Calculated incentive was the largest PCA reconstruction deviation (observed 2.5e+04).,Final incentive paid was the next-largest reconstruction deviation (observed 2.5e+04).,"Validate the target, policy tier, adjustment approval, and payout reconciliation before action.",2,final_incentive_paid,Final incentive paid,25000.0,25000.0,0.6666666666666666,46.786158601092005
REP_d21d2dd167c5,2017-09-01,MGR_eb86f856200b,TEAM_f144a6907dc4,TERR_07a5ea4d7ed4,RPER_b5d09f2efa61ebdb,injected,0.19361702127659575,PCA_RECONSTRUCTION_CALCULATED_INCENTIVE,Calculated incentive was the largest PCA reconstruction deviation (observed 2.5e+04).,Final incentive paid was the next-largest reconstruction deviation (observed 2.5e+04).,"Validate the target, policy tier, adjustment approval, and payout reconciliation before action.",3,expected_incentive,Expected incentive,25000.0,,0.5384615384615384,46.786158601092005
REP_d21d2dd167c5,2017-10-01,MGR_eb86f856200b,TEAM_f144a6907dc4,TERR_07a5ea4d7ed4,RPER_c2f973ad7a1060f5,injected,0.41914893617021276,PCA_RECONSTRUCTION_CALCULATED_INCENTIVE,Calculated incentive was the largest PCA reconstruction deviation (observed 2.5e+04).,Final incentive paid was the next-largest reconstruction deviation (observed 2.5e+04).,"Validate the target, policy tier, adjustment approval, and payout reconciliation before action.",1,calculated_incentive,Calculated incentive,25000.0,,0.7692307692307693,46.786163454925294
REP_d21d2dd167c5,2017-10-01,MGR_eb86f856200b,TEAM_f144a6907dc4,TERR_07a5ea4d7ed4,RPER_c2f973ad7a1060f5,injected,0.41914893617021276,PCA_RECONSTRUCTION_CALCULATED_INCENTIVE,Calculated incentive was the largest PCA reconstruction deviation (observed 2.5e+04).,Final incentive paid was the next-largest reconstruction deviation (observed 2.5e+04).,"Validate the target, policy tier, adjustment approval, and payout reconciliation before action.",2,final_incentive_paid,Final incentive paid,25000.0,23779.04,1.0,46.786163454925294
REP_d21d2dd167c5,2017-10-01,MGR_eb86f856200b,TEAM_f144a6907dc4,TERR_07a5ea4d7ed4,RPER_c2f973ad7a1060f5,injected,0.41914893617021276,PCA_RECONSTRUCTION_CALCULATED_INCENTIVE,Calculated incentive was the largest PCA reconstruction deviation (observed 2.5e+04).,Final incentive paid was the next-largest reconstruction deviation (observed 2.5e+04).,"Validate the target, policy tier, adjustment approval, and payout reconciliation before action.",3,expected_incentive,Expected incentive,25000.0,,0.7692307692307693,46.786163454925294
REP_d21d2dd167c5,2017-11-01,MGR_eb86f856200b,TEAM_f144a6907dc4,TERR_07a5ea4d7ed4,RPER_6c8401b154a56e8f,injected,0.07021276595744681,PCA_RECONSTRUCTION_CALCULATED_INCENTIVE,Calculated incentive was the largest PCA reconstruction deviation (observed 2.073e+04).,Final incentive paid was the next-largest reconstruction deviation (observed 2.073e+04).,"Validate the target, policy tier, adjustment approval, and payout reconciliation before action.",1,calculated_incentive,Calculated incentive,20733.37,,0.15384615384615385,23.781813843726585
REP_d21d2dd167c5,2017-11-01,MGR_eb86f856200b,TEAM_f144a6907dc4,TERR_07a5ea4d7ed4,RPER_6c8401b154a56e8f,injected,0.07021276595744681,PCA_RECONSTRUCTION_CALCULATED_INCENTIVE,Calculated incentive was the largest PCA reconstruction deviation (observed 2.073e+04).,Final incentive paid was the next-largest reconstruction deviation (observed 2.073e+04).,"Validate the target, policy tier, adjustment approval, and payout reconciliation before action.",2,final_incentive_paid,Final incentive paid,20733.37,25000.0,0.3333333333333333,23.781813843726585
REP_d21d2dd167c5,2017-11-01,MGR_eb86f856200b,TEAM_f144a6907dc4,TERR_07a5ea4d7ed4,RPER_6c8401b154a56e8f,injected,0.07021276595744681,PCA_RECONSTRUCTION_CALCULATED_INCENTIVE,Calculated incentive was the largest PCA reconstruction deviation (observed 2.073e+04).,Final incentive paid was the next-largest reconstruction deviation (observed 2.073e+04).,"Validate the target, policy tier, adjustment approval, and payout reconciliation before action.",3,expected_incentive,Expected incentive,20733.37,,0.15384615384615385,23.781813843726585
REP_d21d2dd167c5,2017-12-01,MGR_eb86f856200b,TEAM_f144a6907dc4,TERR_07a5ea4d7ed4,RPER_0edbb97dfcd71947,injected,0.925531914893617,PCA_RECONSTRUCTION_INCENTIVE_PEER_MEDIAN,Incentive peer median was the largest PCA reconstruction deviation (observed 0).,Incentive peer z was the next-largest reconstruction deviation (observed 2.5e+04).,"Validate the target, policy tier, adjustment approval, and payout reconciliation before action.",1,incentive_peer_median,Incentive peer median,0.0,,0.15384615384615385,10704.036457489548
REP_d21d2dd167c5,2017-12-01,MGR_eb86f856200b,TEAM_f144a6907dc4,TERR_07a5ea4d7ed4,RPER_0edbb97dfcd71947,injected,0.925531914893617,PCA_RECONSTRUCTION_INCENTIVE_PEER_MEDIAN,Incentive peer median was the largest PCA reconstruction deviation (observed 0).,Incentive peer z was the next-largest reconstruction deviation (observed 2.5e+04).,"Validate the target, policy tier, adjustment approval, and payout reconciliation before action.",2,incentive_peer_z,Incentive peer z,25000.0,0.0,1.0,103.53038778469687
REP_d21d2dd167c5,2017-12-01,MGR_eb86f856200b,TEAM_f144a6907dc4,TERR_07a5ea4d7ed4,RPER_0edbb97dfcd71947,injected,0.925531914893617,PCA_RECONSTRUCTION_INCENTIVE_PEER_MEDIAN,Incentive peer median was the largest PCA reconstruction deviation (observed 0).,Incentive peer z was the next-largest reconstruction deviation (observed 2.5e+04).,"Validate the target, policy tier, adjustment approval, and payout reconciliation before action.",3,calculated_incentive,Calculated incentive,25000.0,,0.7692307692307693,46.78625017144744
REP_d21d2dd167c5,2018-01-01,MGR_eb86f856200b,TEAM_f144a6907dc4,TERR_07a5ea4d7ed4,RPER_bfdd5bada4a3bc88,injected,0.5936170212765958,PCA_RECONSTRUCTION_CALCULATED_INCENTIVE,Calculated incentive was the largest PCA reconstruction deviation (observed 2.75e+04).,Final incentive paid was the next-largest reconstruction deviation (observed 2.75e+04).,"Validate the target, policy tier, adjustment approval, and payout reconciliation before action.",1,calculated_incentive,Calculated incentive,27500.0,,0.5384615384615384,61.46622593306079
REP_d21d2dd167c5,2018-01-01,MGR_eb86f856200b,TEAM_f144a6907dc4,TERR_07a5ea4d7ed4,RPER_bfdd5bada4a3bc88,injected,0.5936170212765958,PCA_RECONSTRUCTION_CALCULATED_INCENTIVE,Calculated incentive was the largest PCA reconstruction deviation (observed 2.75e+04).,Final incentive paid was the next-largest reconstruction deviation (observed 2.75e+04).,"Validate the target, policy tier, adjustment approval, and payout reconciliation before action.",2,final_incentive_paid,Final incentive paid,27500.0,27500.0,0.6666666666666666,61.46622593306079
REP_d21d2dd167c5,2018-01-01,MGR_eb86f856200b,TEAM_f144a6907dc4,TERR_07a5ea4d7ed4,RPER_bfdd5bada4a3bc88,injected,0.5936170212765958,PCA_RECONSTRUCTION_CALCULATED_INCENTIVE,Calculated incentive was the largest PCA reconstruction deviation (observed 2.75e+04).,Final incentive paid was the next-largest reconstruction deviation (observed 2.75e+04).,"Validate the target, policy tier, adjustment approval, and payout reconciliation before action.",3,expected_incentive,Expected incentive,27500.0,,0.5384615384615384,61.46622593306079
REP_d21d2dd167c5,2018-02-01,MGR_eb86f856200b,TEAM_f144a6907dc4,TERR_07a5ea4d7ed4,RPER_b903e13d47deda6e,injected,0.474468085106383,PCA_RECONSTRUCTION_CALCULATED_INCENTIVE,Calculated incentive was the largest PCA reconstruction deviation (observed 2.75e+04).,Final incentive paid was the next-largest reconstruction deviation (observed 2.75e+04).,"Validate the target, policy tier, adjustment approval, and payout reconciliation before action.",1,calculated_incentive,Calculated incentive,27500.0,,0.5769230769230769,61.466229683863354
REP_d21d2dd167c5,2018-02-01,MGR_eb86f856200b,TEAM_f144a6907dc4,TERR_07a5ea4d7ed4,RPER_b903e13d47deda6e,injected,0.474468085106383,PCA_RECONSTRUCTION_CALCULATED_INCENTIVE,Calculated incentive was the largest PCA reconstruction deviation (observed 2.75e+04).,Final incentive paid was the next-largest reconstruction deviation (observed 2.75e+04).,"Validate the target, policy tier, adjustment approval, and payout reconciliation before action.",2,final_incentive_paid,Final incentive paid,27500.0,27500.0,0.6666666666666666,61.466229683863354
REP_d21d2dd167c5,2018-02-01,MGR_eb86f856200b,TEAM_f144a6907dc4,TERR_07a5ea4d7ed4,RPER_b903e13d47deda6e,injected,0.474468085106383,PCA_RECONSTRUCTION_CALCULATED_INCENTIVE,Calculated incentive was the largest PCA reconstruction deviation (observed 2.75e+04).,Final incentive paid was the next-largest reconstruction deviation (observed 2.75e+04).,"Validate the target, policy tier, adjustment approval, and payout reconciliation before action.",3,expected_incentive,Expected incentive,27500.0,,0.5769230769230769,61.466229683863354
REP_d21d2dd167c5,2018-03-01,MGR_eb86f856200b,TEAM_f144a6907dc4,TERR_07a5ea4d7ed4,RPER_d81bd4369c3622dd,injected,0.5638297872340425,PCA_RECONSTRUCTION_CALCULATED_INCENTIVE,Calculated incentive was the largest PCA reconstruction deviation (observed 2.75e+04).,Final incentive paid was the next-largest reconstruction deviation (observed 2.75e+04).,"Validate the target, policy tier, adjustment approval, and payout reconciliation before action.",1,calculated_incentive,Calculated incentive,27500.0,,0.5384615384615384,61.466223743561365
REP_d21d2dd167c5,2018-03-01,MGR_eb86f856200b,TEAM_f144a6907dc4,TERR_07a5ea4d7ed4,RPER_d81bd4369c3622dd,injected,0.5638297872340425,PCA_RECONSTRUCTION_CALCULATED_INCENTIVE,Calculated incentive was the largest PCA reconstruction deviation (observed 2.75e+04).,Final incentive paid was the next-largest reconstruction deviation (observed 2.75e+04).,"Validate the target, policy tier, adjustment approval, and payout reconciliation before action.",2,final_incentive_paid,Final incentive paid,27500.0,27500.0,0.6666666666666666,61.466223743561365
REP_d21d2dd167c5,2018-03-01,MGR_eb86f856200b,TEAM_f144a6907dc4,TERR_07a5ea4d7ed4,RPER_d81bd4369c3622dd,injected,0.5638297872340425,PCA_RECONSTRUCTION_CALCULATED_INCENTIVE,Calculated incentive was the largest PCA reconstruction deviation (observed 2.75e+04).,Final incentive paid was the next-largest reconstruction deviation (observed 2.75e+04).,"Validate the target, policy tier, adjustment approval, and payout reconciliation before action.",3,expected_incentive,Expected incentive,27500.0,,0.5384615384615384,61.466223743561365
REP_d21d2dd167c5,2018-04-01,MGR_eb86f856200b,TEAM_f144a6907dc4,TERR_07a5ea4d7ed4,RPER_0a6d15f6a7a65243,injected,0.5340425531914894,PCA_RECONSTRUCTION_CALCULATED_INCENTIVE,Calculated incentive was the largest PCA reconstruction deviation (observed 2.75e+04).,Final incentive paid was the next-largest reconstruction deviation (observed 2.75e+04).,"Validate the target, policy tier, adjustment approval, and payout reconciliation before action.",1,calculated_incentive,Calculated incentive,27500.0,,0.7692307692307693,61.4662367848385
REP_d21d2dd167c5,2018-04-01,MGR_eb86f856200b,TEAM_f144a6907dc4,TERR_07a5ea4d7ed4,RPER_0a6d15f6a7a65243,injected,0.5340425531914894,PCA_RECONSTRUCTION_CALCULATED_INCENTIVE,Calculated incentive was the largest PCA reconstruction deviation (observed 2.75e+04).,Final incentive paid was the next-largest reconstruction deviation (observed 2.75e+04).,"Validate the target, policy tier, adjustment approval, and payout reconciliation before action.",2,final_incentive_paid,Final incentive paid,27500.0,15267.76,1.0,61.4662367848385
REP_d21d2dd167c5,2018-04-01,MGR_eb86f856200b,TEAM_f144a6907dc4,TERR_07a5ea4d7ed4,RPER_0a6d15f6a7a65243,injected,0.5340425531914894,PCA_RECONSTRUCTION_CALCULATED_INCENTIVE,Calculated incentive was the largest PCA reconstruction deviation (observed 2.75e+04).,Final incentive paid was the next-largest reconstruction deviation (observed 2.75e+04).,"Validate the target, policy tier, adjustment approval, and payout reconciliation before action.",3,expected_incentive,Expected incentive,27500.0,,0.7692307692307693,61.4662367848385
REP_d21d2dd167c5,2018-05-01,MGR_eb86f856200b,TEAM_f144a6907dc4,TERR_07a5ea4d7ed4,RPER_14589cbbc8004e7f,injected,0.44042553191489364,PCA_RECONSTRUCTION_CALCULATED_INCENTIVE,Calculated incentive was the largest PCA reconstruction deviation (observed 2.65e+04).,Final incentive paid was the next-largest reconstruction deviation (observed 2.65e+04).,"Validate the target, policy tier, adjustment approval, and payout reconciliation before action.",1,calculated_incentive,Calculated incentive,26499.91,,0.38461538461538464,55.5228418631524
REP_d21d2dd167c5,2018-05-01,MGR_eb86f856200b,TEAM_f144a6907dc4,TERR_07a5ea4d7ed4,RPER_14589cbbc8004e7f,injected,0.44042553191489364,PCA_RECONSTRUCTION_CALCULATED_INCENTIVE,Calculated incentive was the largest PCA reconstruction deviation (observed 2.65e+04).,Final incentive paid was the next-largest reconstruction deviation (observed 2.65e+04).,"Validate the target, policy tier, adjustment approval, and payout reconciliation before action.",2,final_incentive_paid,Final incentive paid,26499.91,26499.91,0.6666666666666666,55.5228418631524
REP_d21d2dd167c5,2018-05-01,MGR_eb86f856200b,TEAM_f144a6907dc4,TERR_07a5ea4d7ed4,RPER_14589cbbc8004e7f,injected,0.44042553191489364,PCA_RECONSTRUCTION_CALCULATED_INCENTIVE,Calculated incentive was the largest PCA reconstruction deviation (observed 2.65e+04).,Final incentive paid was the next-largest reconstruction deviation (observed 2.65e+04).,"Validate the target, policy tier, adjustment approval, and payout reconciliation before action.",3,expected_incentive,Expected incentive,26499.91,,0.38461538461538464,55.5228418631524
REP_d21d2dd167c5,2018-06-01,MGR_eb86f856200b,TEAM_f144a6907dc4,TERR_07a5ea4d7ed4,RPER_3b142d7baac8e7a9,injected,0.49148936170212765,PCA_RECONSTRUCTION_CALCULATED_INCENTIVE,Calculated incentive was the largest PCA reconstruction deviation (observed 2.75e+04).,Final incentive paid was the next-largest reconstruction deviation (observed 2.75e+04).,"Validate the target, policy tier, adjustment approval, and payout reconciliation before action.",1,calculated_incentive,Calculated incentive,27500.0,,0.5769230769230769,61.4662272801175
REP_d21d2dd167c5,2018-06-01,MGR_eb86f856200b,TEAM_f144a6907dc4,TERR_07a5ea4d7ed4,RPER_3b142d7baac8e7a9,injected,0.49148936170212765,PCA_RECONSTRUCTION_CALCULATED_INCENTIVE,Calculated incentive was the largest PCA reconstruction deviation (observed 2.75e+04).,Final incentive paid was the next-largest reconstruction deviation (observed 2.75e+04).,"Validate the target, policy tier, adjustment approval, and payout reconciliation before action.",2,final_incentive_paid,Final incentive paid,27500.0,27500.0,0.6666666666666666,61.4662272801175
REP_d21d2dd167c5,2018-06-01,MGR_eb86f856200b,TEAM_f144a6907dc4,TERR_07a5ea4d7ed4,RPER_3b142d7baac8e7a9,injected,0.49148936170212765,PCA_RECONSTRUCTION_CALCULATED_INCENTIVE,Calculated incentive was the largest PCA reconstruction deviation (observed 2.75e+04).,Final incentive paid was the next-largest reconstruction deviation (observed 2.75e+04).,"Validate the target, policy tier, adjustment approval, and payout reconciliation before action.",3,expected_incentive,Expected incentive,27500.0,,0.5769230769230769,61.4662272801175
REP_d21d2dd167c5,2018-07-01,MGR_eb86f856200b,TEAM_f144a6907dc4,TERR_07a5ea4d7ed4,RPER_f997da66c0fe6ddf,injected,0.43671826239519335,PCA_RECONSTRUCTION_CALCULATED_INCENTIVE,Calculated incentive was the largest PCA reconstruction deviation (observed 2.75e+04).,Final incentive paid was the next-largest reconstruction deviation (observed 2.75e+04).,"Validate the target, policy tier, adjustment approval, and payout reconciliation before action.",1,calculated_incentive,Calculated incentive,27500.0,,0.6153846153846154,61.46623046512911
REP_d21d2dd167c5,2018-07-01,MGR_eb86f856200b,TEAM_f144a6907dc4,TERR_07a5ea4d7ed4,RPER_f997da66c0fe6ddf,injected,0.43671826239519335,PCA_RECONSTRUCTION_CALCULATED_INCENTIVE,Calculated incentive was the largest PCA reconstruction deviation (observed 2.75e+04).,Final incentive paid was the next-largest reconstruction deviation (observed 2.75e+04).,"Validate the target, policy tier, adjustment approval, and payout reconciliation before action.",2,final_incentive_paid,Final incentive paid,27500.0,27500.0,0.6666666666666666,61.46623046512911
REP_d21d2dd167c5,2018-07-01,MGR_eb86f856200b,TEAM_f144a6907dc4,TERR_07a5ea4d7ed4,RPER_f997da66c0fe6ddf,injected,0.43671826239519335,PCA_RECONSTRUCTION_CALCULATED_INCENTIVE,Calculated incentive was the largest PCA reconstruction deviation (observed 2.75e+04).,Final incentive paid was the next-largest reconstruction deviation (observed 2.75e+04).,"Validate the target, policy tier, adjustment approval, and payout reconciliation before action.",3,expected_incentive,Expected incentive,27500.0,,0.6153846153846154,61.46623046512911
REP_d21d2dd167c5,2018-08-01,MGR_eb86f856200b,TEAM_f144a6907dc4,TERR_07a5ea4d7ed4,RPER_5c4d221e024786a1,injected,0.7947945620775058,PCA_RECONSTRUCTION_CALCULATED_INCENTIVE,Calculated incentive was the largest PCA reconstruction deviation (observed 2.75e+04).,Final incentive paid was the next-largest reconstruction deviation (observed 2.75e+04).,"Validate the target, policy tier, adjustment approval, and payout reconciliation before action.",1,calculated_incentive,Calculated incentive,27500.0,,0.6153846153846154,61.46624103808558
REP_d21d2dd167c5,2018-08-01,MGR_eb86f856200b,TEAM_f144a6907dc4,TERR_07a5ea4d7ed4,RPER_5c4d221e024786a1,injected,0.7947945620775058,PCA_RECONSTRUCTION_CALCULATED_INCENTIVE,Calculated incentive was the largest PCA reconstruction deviation (observed 2.75e+04).,Final incentive paid was the next-largest reconstruction deviation (observed 2.75e+04).,"Validate the target, policy tier, adjustment approval, and payout reconciliation before action.",2,final_incentive_paid,Final incentive paid,27500.0,27500.0,0.6666666666666666,61.46624103808558
REP_d21d2dd167c5,2018-08-01,MGR_eb86f856200b,TEAM_f144a6907dc4,TERR_07a5ea4d7ed4,RPER_5c4d221e024786a1,injected,0.7947945620775058,PCA_RECONSTRUCTION_CALCULATED_INCENTIVE,Calculated incentive was the largest PCA reconstruction deviation (observed 2.75e+04).,Final incentive paid was the next-largest reconstruction deviation (observed 2.75e+04).,"Validate the target, policy tier, adjustment approval, and payout reconciliation before action.",3,expected_incentive,Expected incentive,27500.0,,0.6153846153846154,61.46624103808558
REP_d21d2dd167c5,2018-09-01,MGR_eb86f856200b,TEAM_f144a6907dc4,TERR_07a5ea4d7ed4,RPER_12e81c8fcab5c4a9,injected,0.8830039711082059,PCA_RECONSTRUCTION_UNUSUAL_ORDER_TIMING_SCORE,Unusual order timing score was the largest PCA reconstruction deviation (observed 0.6911).,Calculated incentive was the next-largest reconstruction deviation (observed 2.75e+04).,"Validate the underlying orders, discounts, returns, period timing, and customer context before action.",1,unusual_order_timing_score,Unusual order timing score,0.6910714285714286,,1.0,581.1644557941519
REP_d21d2dd167c5,2018-09-01,MGR_eb86f856200b,TEAM_f144a6907dc4,TERR_07a5ea4d7ed4,RPER_12e81c8fcab5c4a9,injected,0.8830039711082059,PCA_RECONSTRUCTION_UNUSUAL_ORDER_TIMING_SCORE,Unusual order timing score was the largest PCA reconstruction deviation (observed 0.6911).,Calculated incentive was the next-largest reconstruction deviation (observed 2.75e+04).,"Validate the underlying orders, discounts, returns, period timing, and customer context before action.",2,calculated_incentive,Calculated incentive,27500.0,,0.6538461538461539,61.466225127605554
REP_d21d2dd167c5,2018-09-01,MGR_eb86f856200b,TEAM_f144a6907dc4,TERR_07a5ea4d7ed4,RPER_12e81c8fcab5c4a9,injected,0.8830039711082059,PCA_RECONSTRUCTION_UNUSUAL_ORDER_TIMING_SCORE,Unusual order timing score was the largest PCA reconstruction deviation (observed 0.6911).,Calculated incentive was the next-largest reconstruction deviation (observed 2.75e+04).,"Validate the underlying orders, discounts, returns, period timing, and customer context before action.",3,final_incentive_paid,Final incentive paid,27500.0,27500.0,0.6666666666666666,61.466225127605554
REP_d21d2dd167c5,2018-10-01,MGR_eb86f856200b,TEAM_f144a6907dc4,TERR_07a5ea4d7ed4,RPER_180cae7b56ba6e16,injected,0.6645427141643545,PCA_RECONSTRUCTION_CALCULATED_INCENTIVE,Calculated incentive was the largest PCA reconstruction deviation (observed 2.75e+04).,Final incentive paid was the next-largest reconstruction deviation (observed 2.75e+04).,"Validate the target, policy tier, adjustment approval, and payout reconciliation before action.",1,calculated_incentive,Calculated incentive,27500.0,,0.5384615384615384,61.466226574482036
REP_d21d2dd167c5,2018-10-01,MGR_eb86f856200b,TEAM_f144a6907dc4,TERR_07a5ea4d7ed4,RPER_180cae7b56ba6e16,injected,0.6645427141643545,PCA_RECONSTRUCTION_CALCULATED_INCENTIVE,Calculated incentive was the largest PCA reconstruction deviation (observed 2.75e+04).,Final incentive paid was the next-largest reconstruction deviation (observed 2.75e+04).,"Validate the target, policy tier, adjustment approval, and payout reconciliation before action.",2,final_incentive_paid,Final incentive paid,27500.0,27500.0,0.6666666666666666,61.466226574482036
REP_d21d2dd167c5,2018-10-01,MGR_eb86f856200b,TEAM_f144a6907dc4,TERR_07a5ea4d7ed4,RPER_180cae7b56ba6e16,injected,0.6645427141643545,PCA_RECONSTRUCTION_CALCULATED_INCENTIVE,Calculated incentive was the largest PCA reconstruction deviation (observed 2.75e+04).,Final incentive paid was the next-largest reconstruction deviation (observed 2.75e+04).,"Validate the target, policy tier, adjustment approval, and payout reconciliation before action.",3,expected_incentive,Expected incentive,27500.0,,0.5384615384615384,61.466226574482036
REP_d21d2dd167c5,2018-11-01,MGR_eb86f856200b,TEAM_f144a6907dc4,TERR_07a5ea4d7ed4,RPER_fd5e56da6c9c40a1,injected,0.4447218603233518,PCA_RECONSTRUCTION_CALCULATED_INCENTIVE,Calculated incentive was the largest PCA reconstruction deviation (observed 2.406e+04).,Final incentive paid was the next-largest reconstruction deviation (observed 2.406e+04).,"Validate the target, policy tier, adjustment approval, and payout reconciliation before action.",1,calculated_incentive,Calculated incentive,24062.48,,0.23076923076923078,41.460897500394715
REP_d21d2dd167c5,2018-11-01,MGR_eb86f856200b,TEAM_f144a6907dc4,TERR_07a5ea4d7ed4,RPER_fd5e56da6c9c40a1,injected,0.4447218603233518,PCA_RECONSTRUCTION_CALCULATED_INCENTIVE,Calculated incentive was the largest PCA reconstruction deviation (observed 2.406e+04).,Final incentive paid was the next-largest reconstruction deviation (observed 2.406e+04).,"Validate the target, policy tier, adjustment approval, and payout reconciliation before action.",2,final_incentive_paid,Final incentive paid,24062.48,25638.15,0.3333333333333333,41.460897500394715
REP_d21d2dd167c5,2018-11-01,MGR_eb86f856200b,TEAM_f144a6907dc4,TERR_07a5ea4d7ed4,RPER_fd5e56da6c9c40a1,injected,0.4447218603233518,PCA_RECONSTRUCTION_CALCULATED_INCENTIVE,Calculated incentive was the largest PCA reconstruction deviation (observed 2.406e+04).,Final incentive paid was the next-largest reconstruction deviation (observed 2.406e+04).,"Validate the target, policy tier, adjustment approval, and payout reconciliation before action.",3,expected_incentive,Expected incentive,24062.48,,0.23076923076923078,41.460897500394715
REP_d21d2dd167c5,2018-12-01,MGR_eb86f856200b,TEAM_f144a6907dc4,TERR_9efd649c43bb,RPER_4fd857211e3caf78,injected,0.10280197057093157,PCA_RECONSTRUCTION_EXPENSE_VS_PEER,Expense vs peer was the largest PCA reconstruction deviation (observed 1.094).,Return count was the next-largest reconstruction deviation (observed 31).,"Validate visit, CRM, route, and expense records with the representative and manager before action.",1,expense_vs_peer,Expense vs peer,1.0939001007304343,,1.0,12.98239160201947
REP_d21d2dd167c5,2018-12-01,MGR_eb86f856200b,TEAM_f144a6907dc4,TERR_9efd649c43bb,RPER_4fd857211e3caf78,injected,0.10280197057093157,PCA_RECONSTRUCTION_EXPENSE_VS_PEER,Expense vs peer was the largest PCA reconstruction deviation (observed 1.094).,Return count was the next-largest reconstruction deviation (observed 31).,"Validate visit, CRM, route, and expense records with the representative and manager before action.",2,return_count,Return count,31.0,,0.9230769230769231,10.308565803001885
REP_d21d2dd167c5,2018-12-01,MGR_eb86f856200b,TEAM_f144a6907dc4,TERR_9efd649c43bb,RPER_4fd857211e3caf78,injected,0.10280197057093157,PCA_RECONSTRUCTION_EXPENSE_VS_PEER,Expense vs peer was the largest PCA reconstruction deviation (observed 1.094).,Return count was the next-largest reconstruction deviation (observed 31).,"Validate visit, CRM, route, and expense records with the representative and manager before action.",3,tenure_adjusted_performance,Tenure adjusted performance,0.7496211269167281,,1.0,8.867450742885394
REP_d21d2dd167c5,2019-01-01,MGR_eb86f856200b,TEAM_f144a6907dc4,TERR_07a5ea4d7ed4,RPER_bf09bdbf81b1ae76,injected,0.9851180788927628,PCA_RECONSTRUCTION_INCENTIVE_PEER_MEDIAN,Incentive peer median was the largest PCA reconstruction deviation (observed 0).,Calculated incentive was the next-largest reconstruction deviation (observed 0).,"Validate the target, policy tier, adjustment approval, and payout reconciliation before action.",1,incentive_peer_median,Incentive peer median,0.0,,0.38461538461538464,10704.032717727103
REP_d21d2dd167c5,2019-01-01,MGR_eb86f856200b,TEAM_f144a6907dc4,TERR_07a5ea4d7ed4,RPER_bf09bdbf81b1ae76,injected,0.9851180788927628,PCA_RECONSTRUCTION_INCENTIVE_PEER_MEDIAN,Incentive peer median was the largest PCA reconstruction deviation (observed 0).,Calculated incentive was the next-largest reconstruction deviation (observed 0).,"Validate the target, policy tier, adjustment approval, and payout reconciliation before action.",2,calculated_incentive,Calculated incentive,0.0,,0.5384615384615384,9883.063159766989
REP_d21d2dd167c5,2019-01-01,MGR_eb86f856200b,TEAM_f144a6907dc4,TERR_07a5ea4d7ed4,RPER_bf09bdbf81b1ae76,injected,0.9851180788927628,PCA_RECONSTRUCTION_INCENTIVE_PEER_MEDIAN,Incentive peer median was the largest PCA reconstruction deviation (observed 0).,Calculated incentive was the next-largest reconstruction deviation (observed 0).,"Validate the target, policy tier, adjustment approval, and payout reconciliation before action.",3,final_incentive_paid,Final incentive paid,0.0,0.0,0.5,9883.063159766989
REP_d21d2dd167c5,2019-02-01,MGR_eb86f856200b,TEAM_f144a6907dc4,TERR_07a5ea4d7ed4,RPER_36e046fde32c9a43,injected,0.8831093103167397,PCA_RECONSTRUCTION_UNUSUAL_ORDER_TIMING_SCORE,Unusual order timing score was the largest PCA reconstruction deviation (observed 0.7075).,Calculated incentive was the next-largest reconstruction deviation (observed 3e+04).,"Validate the underlying orders, discounts, returns, period timing, and customer context before action.",1,unusual_order_timing_score,Unusual order timing score,0.7074626865671642,,0.9230769230769231,608.1884503701966
REP_d21d2dd167c5,2019-02-01,MGR_eb86f856200b,TEAM_f144a6907dc4,TERR_07a5ea4d7ed4,RPER_36e046fde32c9a43,injected,0.8831093103167397,PCA_RECONSTRUCTION_UNUSUAL_ORDER_TIMING_SCORE,Unusual order timing score was the largest PCA reconstruction deviation (observed 0.7075).,Calculated incentive was the next-largest reconstruction deviation (observed 3e+04).,"Validate the underlying orders, discounts, returns, period timing, and customer context before action.",2,calculated_incentive,Calculated incentive,30000.0,,0.5769230769230769,76.61451597620896
REP_d21d2dd167c5,2019-02-01,MGR_eb86f856200b,TEAM_f144a6907dc4,TERR_07a5ea4d7ed4,RPER_36e046fde32c9a43,injected,0.8831093103167397,PCA_RECONSTRUCTION_UNUSUAL_ORDER_TIMING_SCORE,Unusual order timing score was the largest PCA reconstruction deviation (observed 0.7075).,Calculated incentive was the next-largest reconstruction deviation (observed 3e+04).,"Validate the underlying orders, discounts, returns, period timing, and customer context before action.",3,final_incentive_paid,Final incentive paid,30000.0,30000.0,0.6666666666666666,76.61451597620896
REP_d21d2dd167c5,2019-03-01,MGR_eb86f856200b,TEAM_f144a6907dc4,TERR_07a5ea4d7ed4,RPER_8a408e7e4ad4636e,injected,0.7752045459800035,PCA_RECONSTRUCTION_CALCULATED_INCENTIVE,Calculated incentive was the largest PCA reconstruction deviation (observed 3e+04).,Final incentive paid was the next-largest reconstruction deviation (observed 3e+04).,"Validate the target, policy tier, adjustment approval, and payout reconciliation before action.",1,calculated_incentive,Calculated incentive,30000.0,,0.5769230769230769,76.61451575965384
REP_d21d2dd167c5,2019-03-01,MGR_eb86f856200b,TEAM_f144a6907dc4,TERR_07a5ea4d7ed4,RPER_8a408e7e4ad4636e,injected,0.7752045459800035,PCA_RECONSTRUCTION_CALCULATED_INCENTIVE,Calculated incentive was the largest PCA reconstruction deviation (observed 3e+04).,Final incentive paid was the next-largest reconstruction deviation (observed 3e+04).,"Validate the target, policy tier, adjustment approval, and payout reconciliation before action.",2,final_incentive_paid,Final incentive paid,30000.0,30000.0,0.6666666666666666,76.61451575965384
REP_d21d2dd167c5,2019-03-01,MGR_eb86f856200b,TEAM_f144a6907dc4,TERR_07a5ea4d7ed4,RPER_8a408e7e4ad4636e,injected,0.7752045459800035,PCA_RECONSTRUCTION_CALCULATED_INCENTIVE,Calculated incentive was the largest PCA reconstruction deviation (observed 3e+04).,Final incentive paid was the next-largest reconstruction deviation (observed 3e+04).,"Validate the target, policy tier, adjustment approval, and payout reconciliation before action.",3,expected_incentive,Expected incentive,30000.0,,0.5769230769230769,76.61451575965384
REP_d21d2dd167c5,2019-04-01,MGR_eb86f856200b,TEAM_f144a6907dc4,TERR_07a5ea4d7ed4,RPER_e2f00d0d9940d962,injected,0.9700798959390835,PCA_RECONSTRUCTION_CALCULATED_INCENTIVE,Calculated incentive was the largest PCA reconstruction deviation (observed 0).,Final incentive paid was the next-largest reconstruction deviation (observed 0).,"Validate the target, policy tier, adjustment approval, and payout reconciliation before action.",1,calculated_incentive,Calculated incentive,0.0,,0.15384615384615385,9883.064463686735
REP_d21d2dd167c5,2019-04-01,MGR_eb86f856200b,TEAM_f144a6907dc4,TERR_07a5ea4d7ed4,RPER_e2f00d0d9940d962,injected,0.9700798959390835,PCA_RECONSTRUCTION_CALCULATED_INCENTIVE,Calculated incentive was the largest PCA reconstruction deviation (observed 0).,Final incentive paid was the next-largest reconstruction deviation (observed 0).,"Validate the target, policy tier, adjustment approval, and payout reconciliation before action.",2,final_incentive_paid,Final incentive paid,0.0,18934.19,0.3333333333333333,9883.064463686735
REP_d21d2dd167c5,2019-04-01,MGR_eb86f856200b,TEAM_f144a6907dc4,TERR_07a5ea4d7ed4,RPER_e2f00d0d9940d962,injected,0.9700798959390835,PCA_RECONSTRUCTION_CALCULATED_INCENTIVE,Calculated incentive was the largest PCA reconstruction deviation (observed 0).,Final incentive paid was the next-largest reconstruction deviation (observed 0).,"Validate the target, policy tier, adjustment approval, and payout reconciliation before action.",3,expected_incentive,Expected incentive,0.0,,0.15384615384615385,9883.064463686735
REP_db1cc40d477a,2017-01-01,MGR_5e1c70ff0ce6,TEAM_a405eba78bf2,TERR_b31415d90eb9,RPER_f02627e8b77f4fd8,injected,0.9085106382978724,PCA_RECONSTRUCTION_REP_HISTORICAL_MEAN,Rep historical mean was the largest PCA reconstruction deviation (observed 0).,Rolling sales mean was the next-largest reconstruction deviation (observed 0).,"Validate the source record, peer context, and relevant commercial activity before action.",1,rep_historical_mean,Rep historical mean,0.0,,0.5384615384615384,3413.6129762101828
REP_db1cc40d477a,2017-01-01,MGR_5e1c70ff0ce6,TEAM_a405eba78bf2,TERR_b31415d90eb9,RPER_f02627e8b77f4fd8,injected,0.9085106382978724,PCA_RECONSTRUCTION_REP_HISTORICAL_MEAN,Rep historical mean was the largest PCA reconstruction deviation (observed 0).,Rolling sales mean was the next-largest reconstruction deviation (observed 0).,"Validate the source record, peer context, and relevant commercial activity before action.",2,rolling_sales_mean,Rolling sales mean,0.0,,0.5384615384615384,2193.0348018187206
REP_db1cc40d477a,2017-01-01,MGR_5e1c70ff0ce6,TEAM_a405eba78bf2,TERR_b31415d90eb9,RPER_f02627e8b77f4fd8,injected,0.9085106382978724,PCA_RECONSTRUCTION_REP_HISTORICAL_MEAN,Rep historical mean was the largest PCA reconstruction deviation (observed 0).,Rolling sales mean was the next-largest reconstruction deviation (observed 0).,"Validate the source record, peer context, and relevant commercial activity before action.",3,rolling_sales_std,Rolling sales std,0.0,,0.5384615384615384,293.13352297689437
REP_db1cc40d477a,2017-02-01,MGR_5e1c70ff0ce6,TEAM_a405eba78bf2,TERR_b31415d90eb9,RPER_17c9bd16d026b93f,injected,0.8531914893617021,PCA_RECONSTRUCTION_ROLLING_SALES_STD,Rolling sales std was the largest PCA reconstruction deviation (observed 0).,Rep historical std was the next-largest reconstruction deviation (observed 0).,"Validate the underlying orders, discounts, returns, period timing, and customer context before action.",1,rolling_sales_std,Rolling sales std,0.0,,0.5384615384615384,293.13360110964953
REP_db1cc40d477a,2017-02-01,MGR_5e1c70ff0ce6,TEAM_a405eba78bf2,TERR_b31415d90eb9,RPER_17c9bd16d026b93f,injected,0.8531914893617021,PCA_RECONSTRUCTION_ROLLING_SALES_STD,Rolling sales std was the largest PCA reconstruction deviation (observed 0).,Rep historical std was the next-largest reconstruction deviation (observed 0).,"Validate the underlying orders, discounts, returns, period timing, and customer context before action.",2,rep_historical_std,Rep historical std,0.0,,0.5384615384615384,293.13360110964953
REP_db1cc40d477a,2017-02-01,MGR_5e1c70ff0ce6,TEAM_a405eba78bf2,TERR_b31415d90eb9,RPER_17c9bd16d026b93f,injected,0.8531914893617021,PCA_RECONSTRUCTION_ROLLING_SALES_STD,Rolling sales std was the largest PCA reconstruction deviation (observed 0).,Rep historical std was the next-largest reconstruction deviation (observed 0).,"Validate the underlying orders, discounts, returns, period timing, and customer context before action.",3,calculated_incentive,Calculated incentive,25000.0,,0.5384615384615384,46.70813263213917
REP_db1cc40d477a,2017-03-01,MGR_5e1c70ff0ce6,TEAM_a405eba78bf2,TERR_b31415d90eb9,RPER_847a0cc4bb7fc340,injected,0.5170212765957447,PCA_RECONSTRUCTION_POST_INCENTIVE_RETURN_RATE,Post incentive return rate was the largest PCA reconstruction deviation (observed 0.09955).,Calculated incentive was the next-largest reconstruction deviation (observed 2.5e+04).,"Validate the target, policy tier, adjustment approval, and payout reconciliation before action.",1,post_incentive_return_rate,Post incentive return rate,0.09954671619482762,,0.9230769230769231,83.9033487396511
REP_db1cc40d477a,2017-03-01,MGR_5e1c70ff0ce6,TEAM_a405eba78bf2,TERR_b31415d90eb9,RPER_847a0cc4bb7fc340,injected,0.5170212765957447,PCA_RECONSTRUCTION_POST_INCENTIVE_RETURN_RATE,Post incentive return rate was the largest PCA reconstruction deviation (observed 0.09955).,Calculated incentive was the next-largest reconstruction deviation (observed 2.5e+04).,"Validate the target, policy tier, adjustment approval, and payout reconciliation before action.",2,calculated_incentive,Calculated incentive,25000.0,,0.5769230769230769,46.708109095767156
REP_db1cc40d477a,2017-03-01,MGR_5e1c70ff0ce6,TEAM_a405eba78bf2,TERR_b31415d90eb9,RPER_847a0cc4bb7fc340,injected,0.5170212765957447,PCA_RECONSTRUCTION_POST_INCENTIVE_RETURN_RATE,Post incentive return rate was the largest PCA reconstruction deviation (observed 0.09955).,Calculated incentive was the next-largest reconstruction deviation (observed 2.5e+04).,"Validate the target, policy tier, adjustment approval, and payout reconciliation before action.",3,final_incentive_paid,Final incentive paid,25000.0,25000.0,0.6666666666666666,46.708109095767156
REP_db1cc40d477a,2017-04-01,MGR_5e1c70ff0ce6,TEAM_a405eba78bf2,TERR_b31415d90eb9,RPER_ce68b9b34b631eea,injected,0.1425531914893617,PCA_RECONSTRUCTION_CALCULATED_INCENTIVE,Calculated incentive was the largest PCA reconstruction deviation (observed 2.5e+04).,Final incentive paid was the next-largest reconstruction deviation (observed 2.5e+04).,"Validate the target, policy tier, adjustment approval, and payout reconciliation before action.",1,calculated_incentive,Calculated incentive,25000.0,,0.6923076923076923,46.70810787395906
REP_db1cc40d477a,2017-04-01,MGR_5e1c70ff0ce6,TEAM_a405eba78bf2,TERR_b31415d90eb9,RPER_ce68b9b34b631eea,injected,0.1425531914893617,PCA_RECONSTRUCTION_CALCULATED_INCENTIVE,Calculated incentive was the largest PCA reconstruction deviation (observed 2.5e+04).,Final incentive paid was the next-largest reconstruction deviation (observed 2.5e+04).,"Validate the target, policy tier, adjustment approval, and payout reconciliation before action.",2,final_incentive_paid,Final incentive paid,25000.0,25000.0,0.8333333333333334,46.70810787395906
REP_db1cc40d477a,2017-04-01,MGR_5e1c70ff0ce6,TEAM_a405eba78bf2,TERR_b31415d90eb9,RPER_ce68b9b34b631eea,injected,0.1425531914893617,PCA_RECONSTRUCTION_CALCULATED_INCENTIVE,Calculated incentive was the largest PCA reconstruction deviation (observed 2.5e+04).,Final incentive paid was the next-largest reconstruction deviation (observed 2.5e+04).,"Validate the target, policy tier, adjustment approval, and payout reconciliation before action.",3,expected_incentive,Expected incentive,25000.0,,0.6923076923076923,46.70810787395906
REP_db1cc40d477a,2017-05-01,MGR_5e1c70ff0ce6,TEAM_a405eba78bf2,TERR_b31415d90eb9,RPER_a17e4f30bb9398e3,injected,0.40638297872340423,PCA_RECONSTRUCTION_CALCULATED_INCENTIVE,Calculated incentive was the largest PCA reconstruction deviation (observed 2.5e+04).,Final incentive paid was the next-largest reconstruction deviation (observed 2.5e+04).,"Validate the target, policy tier, adjustment approval, and payout reconciliation before action.",1,calculated_incentive,Calculated incentive,25000.0,,0.6153846153846154,46.70811373786928
REP_db1cc40d477a,2017-05-01,MGR_5e1c70ff0ce6,TEAM_a405eba78bf2,TERR_b31415d90eb9,RPER_a17e4f30bb9398e3,injected,0.40638297872340423,PCA_RECONSTRUCTION_CALCULATED_INCENTIVE,Calculated incentive was the largest PCA reconstruction deviation (observed 2.5e+04).,Final incentive paid was the next-largest reconstruction deviation (observed 2.5e+04).,"Validate the target, policy tier, adjustment approval, and payout reconciliation before action.",2,final_incentive_paid,Final incentive paid,25000.0,25000.0,0.8333333333333334,46.70811373786928
REP_db1cc40d477a,2017-05-01,MGR_5e1c70ff0ce6,TEAM_a405eba78bf2,TERR_b31415d90eb9,RPER_a17e4f30bb9398e3,injected,0.40638297872340423,PCA_RECONSTRUCTION_CALCULATED_INCENTIVE,Calculated incentive was the largest PCA reconstruction deviation (observed 2.5e+04).,Final incentive paid was the next-largest reconstruction deviation (observed 2.5e+04).,"Validate the target, policy tier, adjustment approval, and payout reconciliation before action.",3,expected_incentive,Expected incentive,25000.0,,0.6153846153846154,46.70811373786928
REP_db1cc40d477a,2017-06-01,MGR_5e1c70ff0ce6,TEAM_a405eba78bf2,TERR_b31415d90eb9,RPER_458c25afdea4e64e,injected,0.32127659574468087,PCA_RECONSTRUCTION_CALCULATED_INCENTIVE,Calculated incentive was the largest PCA reconstruction deviation (observed 2.241e+04).,Final incentive paid was the next-largest reconstruction deviation (observed 2.241e+04).,"Validate the target, policy tier, adjustment approval, and payout reconciliation before action.",1,calculated_incentive,Calculated incentive,22407.73,,0.07692307692307693,32.32802419782115
REP_db1cc40d477a,2017-06-01,MGR_5e1c70ff0ce6,TEAM_a405eba78bf2,TERR_b31415d90eb9,RPER_458c25afdea4e64e,injected,0.32127659574468087,PCA_RECONSTRUCTION_CALCULATED_INCENTIVE,Calculated incentive was the largest PCA reconstruction deviation (observed 2.241e+04).,Final incentive paid was the next-largest reconstruction deviation (observed 2.241e+04).,"Validate the target, policy tier, adjustment approval, and payout reconciliation before action.",2,final_incentive_paid,Final incentive paid,22407.73,25000.0,0.3333333333333333,32.32802419782115
REP_db1cc40d477a,2017-06-01,MGR_5e1c70ff0ce6,TEAM_a405eba78bf2,TERR_b31415d90eb9,RPER_458c25afdea4e64e,injected,0.32127659574468087,PCA_RECONSTRUCTION_CALCULATED_INCENTIVE,Calculated incentive was the largest PCA reconstruction deviation (observed 2.241e+04).,Final incentive paid was the next-largest reconstruction deviation (observed 2.241e+04).,"Validate the target, policy tier, adjustment approval, and payout reconciliation before action.",3,expected_incentive,Expected incentive,22407.73,,0.07692307692307693,32.32802419782115
REP_db1cc40d477a,2017-07-01,MGR_5e1c70ff0ce6,TEAM_a405eba78bf2,TERR_b31415d90eb9,RPER_866d6d166a64b7f1,injected,0.16808510638297872,PCA_RECONSTRUCTION_CALCULATED_INCENTIVE,Calculated incentive was the largest PCA reconstruction deviation (observed 2.395e+04).,Final incentive paid was the next-largest reconstruction deviation (observed 2.395e+04).,"Validate the target, policy tier, adjustment approval, and payout reconciliation before action.",1,calculated_incentive,Calculated incentive,23946.14,,0.15384615384615385,40.735732897793426
REP_db1cc40d477a,2017-07-01,MGR_5e1c70ff0ce6,TEAM_a405eba78bf2,TERR_b31415d90eb9,RPER_866d6d166a64b7f1,injected,0.16808510638297872,PCA_RECONSTRUCTION_CALCULATED_INCENTIVE,Calculated incentive was the largest PCA reconstruction deviation (observed 2.395e+04).,Final incentive paid was the next-largest reconstruction deviation (observed 2.395e+04).,"Validate the target, policy tier, adjustment approval, and payout reconciliation before action.",2,final_incentive_paid,Final incentive paid,23946.14,25000.0,0.3333333333333333,40.735732897793426
REP_db1cc40d477a,2017-07-01,MGR_5e1c70ff0ce6,TEAM_a405eba78bf2,TERR_b31415d90eb9,RPER_866d6d166a64b7f1,injected,0.16808510638297872,PCA_RECONSTRUCTION_CALCULATED_INCENTIVE,Calculated incentive was the largest PCA reconstruction deviation (observed 2.395e+04).,Final incentive paid was the next-largest reconstruction deviation (observed 2.395e+04).,"Validate the target, policy tier, adjustment approval, and payout reconciliation before action.",3,expected_incentive,Expected incentive,23946.14,,0.15384615384615385,40.735732897793426
REP_db1cc40d477a,2017-08-01,MGR_5e1c70ff0ce6,TEAM_a405eba78bf2,TERR_b31415d90eb9,RPER_45d0109670e88243,injected,0.26170212765957446,PCA_RECONSTRUCTION_CALCULATED_INCENTIVE,Calculated incentive was the largest PCA reconstruction deviation (observed 2.5e+04).,Final incentive paid was the next-largest reconstruction deviation (observed 2.5e+04).,"Validate the target, policy tier, adjustment approval, and payout reconciliation before action.",1,calculated_incentive,Calculated incentive,25000.0,,0.6923076923076923,46.70811128107269
REP_db1cc40d477a,2017-08-01,MGR_5e1c70ff0ce6,TEAM_a405eba78bf2,TERR_b31415d90eb9,RPER_45d0109670e88243,injected,0.26170212765957446,PCA_RECONSTRUCTION_CALCULATED_INCENTIVE,Calculated incentive was the largest PCA reconstruction deviation (observed 2.5e+04).,Final incentive paid was the next-largest reconstruction deviation (observed 2.5e+04).,"Validate the target, policy tier, adjustment approval, and payout reconciliation before action.",2,final_incentive_paid,Final incentive paid,25000.0,25000.0,0.6666666666666666,46.70811128107269
REP_db1cc40d477a,2017-08-01,MGR_5e1c70ff0ce6,TEAM_a405eba78bf2,TERR_b31415d90eb9,RPER_45d0109670e88243,injected,0.26170212765957446,PCA_RECONSTRUCTION_CALCULATED_INCENTIVE,Calculated incentive was the largest PCA reconstruction deviation (observed 2.5e+04).,Final incentive paid was the next-largest reconstruction deviation (observed 2.5e+04).,"Validate the target, policy tier, adjustment approval, and payout reconciliation before action.",3,expected_incentive,Expected incentive,25000.0,,0.6923076923076923,46.70811128107269
REP_db1cc40d477a,2017-09-01,MGR_5e1c70ff0ce6,TEAM_a405eba78bf2,TERR_b31415d90eb9,RPER_7f91e47ada8a55fb,injected,0.38085106382978723,PCA_RECONSTRUCTION_CALCULATED_INCENTIVE,Calculated incentive was the largest PCA reconstruction deviation (observed 2.5e+04).,Final incentive paid was the next-largest reconstruction deviation (observed 2.5e+04).,"Validate the target, policy tier, adjustment approval, and payout reconciliation before action.",1,calculated_incentive,Calculated incentive,25000.0,,0.5384615384615384,46.708106838156255
REP_db1cc40d477a,2017-09-01,MGR_5e1c70ff0ce6,TEAM_a405eba78bf2,TERR_b31415d90eb9,RPER_7f91e47ada8a55fb,injected,0.38085106382978723,PCA_RECONSTRUCTION_CALCULATED_INCENTIVE,Calculated incentive was the largest PCA reconstruction deviation (observed 2.5e+04).,Final incentive paid was the next-largest reconstruction deviation (observed 2.5e+04).,"Validate the target, policy tier, adjustment approval, and payout reconciliation before action.",2,final_incentive_paid,Final incentive paid,25000.0,25000.0,0.6666666666666666,46.708106838156255
REP_db1cc40d477a,2017-09-01,MGR_5e1c70ff0ce6,TEAM_a405eba78bf2,TERR_b31415d90eb9,RPER_7f91e47ada8a55fb,injected,0.38085106382978723,PCA_RECONSTRUCTION_CALCULATED_INCENTIVE,Calculated incentive was the largest PCA reconstruction deviation (observed 2.5e+04).,Final incentive paid was the next-largest reconstruction deviation (observed 2.5e+04).,"Validate the target, policy tier, adjustment approval, and payout reconciliation before action.",3,expected_incentive,Expected incentive,25000.0,,0.5384615384615384,46.708106838156255
REP_db1cc40d477a,2017-10-01,MGR_5e1c70ff0ce6,TEAM_a405eba78bf2,TERR_b31415d90eb9,RPER_46e04eb99fb9e01c,injected,0.023404255319148935,PCA_RECONSTRUCTION_CALCULATED_INCENTIVE,Calculated incentive was the largest PCA reconstruction deviation (observed 2.054e+04).,Final incentive paid was the next-largest reconstruction deviation (observed 2.054e+04).,"Validate the target, policy tier, adjustment approval, and payout reconciliation before action.",1,calculated_incentive,Calculated incentive,20542.81,,0.3076923076923077,22.791788745441423
REP_db1cc40d477a,2017-10-01,MGR_5e1c70ff0ce6,TEAM_a405eba78bf2,TERR_b31415d90eb9,RPER_46e04eb99fb9e01c,injected,0.023404255319148935,PCA_RECONSTRUCTION_CALCULATED_INCENTIVE,Calculated incentive was the largest PCA reconstruction deviation (observed 2.054e+04).,Final incentive paid was the next-largest reconstruction deviation (observed 2.054e+04).,"Validate the target, policy tier, adjustment approval, and payout reconciliation before action.",2,final_incentive_paid,Final incentive paid,20542.81,20542.81,0.6666666666666666,22.791788745441423
REP_db1cc40d477a,2017-10-01,MGR_5e1c70ff0ce6,TEAM_a405eba78bf2,TERR_b31415d90eb9,RPER_46e04eb99fb9e01c,injected,0.023404255319148935,PCA_RECONSTRUCTION_CALCULATED_INCENTIVE,Calculated incentive was the largest PCA reconstruction deviation (observed 2.054e+04).,Final incentive paid was the next-largest reconstruction deviation (observed 2.054e+04).,"Validate the target, policy tier, adjustment approval, and payout reconciliation before action.",3,expected_incentive,Expected incentive,20542.81,,0.3076923076923077,22.791788745441423
REP_db1cc40d477a,2017-11-01,MGR_5e1c70ff0ce6,TEAM_a405eba78bf2,TERR_b31415d90eb9,RPER_5b3eff9ff5d16a7e,injected,0.18936170212765957,PCA_RECONSTRUCTION_CALCULATED_INCENTIVE,Calculated incentive was the largest PCA reconstruction deviation (observed 2.294e+04).,Final incentive paid was the next-largest reconstruction deviation (observed 2.294e+04).,"Validate the target, policy tier, adjustment approval, and payout reconciliation before action.",1,calculated_incentive,Calculated incentive,22939.53,,0.23076923076923078,35.18708386166083
REP_db1cc40d477a,2017-11-01,MGR_5e1c70ff0ce6,TEAM_a405eba78bf2,TERR_b31415d90eb9,RPER_5b3eff9ff5d16a7e,injected,0.18936170212765957,PCA_RECONSTRUCTION_CALCULATED_INCENTIVE,Calculated incentive was the largest PCA reconstruction deviation (observed 2.294e+04).,Final incentive paid was the next-largest reconstruction deviation (observed 2.294e+04).,"Validate the target, policy tier, adjustment approval, and payout reconciliation before action.",2,final_incentive_paid,Final incentive paid,22939.53,25000.0,0.3333333333333333,35.18708386166083
REP_db1cc40d477a,2017-11-01,MGR_5e1c70ff0ce6,TEAM_a405eba78bf2,TERR_b31415d90eb9,RPER_5b3eff9ff5d16a7e,injected,0.18936170212765957,PCA_RECONSTRUCTION_CALCULATED_INCENTIVE,Calculated incentive was the largest PCA reconstruction deviation (observed 2.294e+04).,Final incentive paid was the next-largest reconstruction deviation (observed 2.294e+04).,"Validate the target, policy tier, adjustment approval, and payout reconciliation before action.",3,expected_incentive,Expected incentive,22939.53,,0.23076923076923078,35.18708386166083
REP_db1cc40d477a,2017-12-01,MGR_5e1c70ff0ce6,TEAM_a405eba78bf2,TERR_b31415d90eb9,RPER_69bbf1143c909c44,injected,0.39361702127659576,PCA_RECONSTRUCTION_CALCULATED_INCENTIVE,Calculated incentive was the largest PCA reconstruction deviation (observed 2.5e+04).,Final incentive paid was the next-largest reconstruction deviation (observed 2.5e+04).,"Validate the target, policy tier, adjustment approval, and payout reconciliation before action.",1,calculated_incentive,Calculated incentive,25000.0,,0.7692307692307693,46.708111457584124
REP_db1cc40d477a,2017-12-01,MGR_5e1c70ff0ce6,TEAM_a405eba78bf2,TERR_b31415d90eb9,RPER_69bbf1143c909c44,injected,0.39361702127659576,PCA_RECONSTRUCTION_CALCULATED_INCENTIVE,Calculated incentive was the largest PCA reconstruction deviation (observed 2.5e+04).,Final incentive paid was the next-largest reconstruction deviation (observed 2.5e+04).,"Validate the target, policy tier, adjustment approval, and payout reconciliation before action.",2,final_incentive_paid,Final incentive paid,25000.0,25000.0,0.8333333333333334,46.708111457584124
REP_db1cc40d477a,2017-12-01,MGR_5e1c70ff0ce6,TEAM_a405eba78bf2,TERR_b31415d90eb9,RPER_69bbf1143c909c44,injected,0.39361702127659576,PCA_RECONSTRUCTION_CALCULATED_INCENTIVE,Calculated incentive was the largest PCA reconstruction deviation (observed 2.5e+04).,Final incentive paid was the next-largest reconstruction deviation (observed 2.5e+04).,"Validate the target, policy tier, adjustment approval, and payout reconciliation before action.",3,expected_incentive,Expected incentive,25000.0,,0.7692307692307693,46.708111457584124
REP_db1cc40d477a,2018-01-01,MGR_5e1c70ff0ce6,TEAM_a405eba78bf2,TERR_b31415d90eb9,RPER_fb49707a7690067c,injected,0.6148936170212767,PCA_RECONSTRUCTION_CALCULATED_INCENTIVE,Calculated incentive was the largest PCA reconstruction deviation (observed 2.75e+04).,Final incentive paid was the next-largest reconstruction deviation (observed 2.75e+04).,"Validate the target, policy tier, adjustment approval, and payout reconciliation before action.",1,calculated_incentive,Calculated incentive,27500.0,,0.5384615384615384,61.376758813549316
REP_db1cc40d477a,2018-01-01,MGR_5e1c70ff0ce6,TEAM_a405eba78bf2,TERR_b31415d90eb9,RPER_fb49707a7690067c,injected,0.6148936170212767,PCA_RECONSTRUCTION_CALCULATED_INCENTIVE,Calculated incentive was the largest PCA reconstruction deviation (observed 2.75e+04).,Final incentive paid was the next-largest reconstruction deviation (observed 2.75e+04).,"Validate the target, policy tier, adjustment approval, and payout reconciliation before action.",2,final_incentive_paid,Final incentive paid,27500.0,27500.0,0.6666666666666666,61.376758813549316
REP_db1cc40d477a,2018-01-01,MGR_5e1c70ff0ce6,TEAM_a405eba78bf2,TERR_b31415d90eb9,RPER_fb49707a7690067c,injected,0.6148936170212767,PCA_RECONSTRUCTION_CALCULATED_INCENTIVE,Calculated incentive was the largest PCA reconstruction deviation (observed 2.75e+04).,Final incentive paid was the next-largest reconstruction deviation (observed 2.75e+04).,"Validate the target, policy tier, adjustment approval, and payout reconciliation before action.",3,expected_incentive,Expected incentive,27500.0,,0.5384615384615384,61.376758813549316
REP_db1cc40d477a,2018-02-01,MGR_5e1c70ff0ce6,TEAM_a405eba78bf2,TERR_b31415d90eb9,RPER_1fe2728164c12435,injected,0.5382978723404256,PCA_RECONSTRUCTION_CALCULATED_INCENTIVE,Calculated incentive was the largest PCA reconstruction deviation (observed 2.75e+04).,Final incentive paid was the next-largest reconstruction deviation (observed 2.75e+04).,"Validate the target, policy tier, adjustment approval, and payout reconciliation before action.",1,calculated_incentive,Calculated incentive,27500.0,,0.5769230769230769,61.37675796650723
REP_db1cc40d477a,2018-02-01,MGR_5e1c70ff0ce6,TEAM_a405eba78bf2,TERR_b31415d90eb9,RPER_1fe2728164c12435,injected,0.5382978723404256,PCA_RECONSTRUCTION_CALCULATED_INCENTIVE,Calculated incentive was the largest PCA reconstruction deviation (observed 2.75e+04).,Final incentive paid was the next-largest reconstruction deviation (observed 2.75e+04).,"Validate the target, policy tier, adjustment approval, and payout reconciliation before action.",2,final_incentive_paid,Final incentive paid,27500.0,27500.0,0.6666666666666666,61.37675796650723
REP_db1cc40d477a,2018-02-01,MGR_5e1c70ff0ce6,TEAM_a405eba78bf2,TERR_b31415d90eb9,RPER_1fe2728164c12435,injected,0.5382978723404256,PCA_RECONSTRUCTION_CALCULATED_INCENTIVE,Calculated incentive was the largest PCA reconstruction deviation (observed 2.75e+04).,Final incentive paid was the next-largest reconstruction deviation (observed 2.75e+04).,"Validate the target, policy tier, adjustment approval, and payout reconciliation before action.",3,expected_incentive,Expected incentive,27500.0,,0.5769230769230769,61.37675796650723
REP_db1cc40d477a,2018-03-01,MGR_5e1c70ff0ce6,TEAM_a405eba78bf2,TERR_b31415d90eb9,RPER_0e5e60d5e1fb47c0,injected,0.7978723404255319,PCA_RECONSTRUCTION_CALCULATED_INCENTIVE,Calculated incentive was the largest PCA reconstruction deviation (observed 2.75e+04).,Final incentive paid was the next-largest reconstruction deviation (observed 2.75e+04).,"Validate the target, policy tier, adjustment approval, and payout reconciliation before action.",1,calculated_incentive,Calculated incentive,27500.0,,0.5384615384615384,61.376766968827944
REP_db1cc40d477a,2018-03-01,MGR_5e1c70ff0ce6,TEAM_a405eba78bf2,TERR_b31415d90eb9,RPER_0e5e60d5e1fb47c0,injected,0.7978723404255319,PCA_RECONSTRUCTION_CALCULATED_INCENTIVE,Calculated incentive was the largest PCA reconstruction deviation (observed 2.75e+04).,Final incentive paid was the next-largest reconstruction deviation (observed 2.75e+04).,"Validate the target, policy tier, adjustment approval, and payout reconciliation before action.",2,final_incentive_paid,Final incentive paid,27500.0,27500.0,0.6666666666666666,61.376766968827944
REP_db1cc40d477a,2018-03-01,MGR_5e1c70ff0ce6,TEAM_a405eba78bf2,TERR_b31415d90eb9,RPER_0e5e60d5e1fb47c0,injected,0.7978723404255319,PCA_RECONSTRUCTION_CALCULATED_INCENTIVE,Calculated incentive was the largest PCA reconstruction deviation (observed 2.75e+04).,Final incentive paid was the next-largest reconstruction deviation (observed 2.75e+04).,"Validate the target, policy tier, adjustment approval, and payout reconciliation before action.",3,expected_incentive,Expected incentive,27500.0,,0.5384615384615384,61.376766968827944
REP_db1cc40d477a,2018-04-01,MGR_5e1c70ff0ce6,TEAM_a405eba78bf2,TERR_b31415d90eb9,RPER_b04f3179f7d6ea77,injected,0.08723404255319149,PCA_RECONSTRUCTION_CALCULATED_INCENTIVE,Calculated incentive was the largest PCA reconstruction deviation (observed 2.073e+04).,Final incentive paid was the next-largest reconstruction deviation (observed 2.073e+04).,"Validate the target, policy tier, adjustment approval, and payout reconciliation before action.",1,calculated_incentive,Calculated incentive,20728.3,,0.3076923076923077,23.701177484720187
REP_db1cc40d477a,2018-04-01,MGR_5e1c70ff0ce6,TEAM_a405eba78bf2,TERR_b31415d90eb9,RPER_b04f3179f7d6ea77,injected,0.08723404255319149,PCA_RECONSTRUCTION_CALCULATED_INCENTIVE,Calculated incentive was the largest PCA reconstruction deviation (observed 2.073e+04).,Final incentive paid was the next-largest reconstruction deviation (observed 2.073e+04).,"Validate the target, policy tier, adjustment approval, and payout reconciliation before action.",2,final_incentive_paid,Final incentive paid,20728.3,23978.78,0.3333333333333333,23.701177484720187
REP_db1cc40d477a,2018-04-01,MGR_5e1c70ff0ce6,TEAM_a405eba78bf2,TERR_b31415d90eb9,RPER_b04f3179f7d6ea77,injected,0.08723404255319149,PCA_RECONSTRUCTION_CALCULATED_INCENTIVE,Calculated incentive was the largest PCA reconstruction deviation (observed 2.073e+04).,Final incentive paid was the next-largest reconstruction deviation (observed 2.073e+04).,"Validate the target, policy tier, adjustment approval, and payout reconciliation before action.",3,expected_incentive,Expected incentive,20728.3,,0.3076923076923077,23.701177484720187
REP_db1cc40d477a,2018-05-01,MGR_5e1c70ff0ce6,TEAM_a405eba78bf2,TERR_b31415d90eb9,RPER_74a8ca3a054b3999,injected,0.6829787234042554,PCA_RECONSTRUCTION_CALCULATED_INCENTIVE,Calculated incentive was the largest PCA reconstruction deviation (observed 2.75e+04).,Final incentive paid was the next-largest reconstruction deviation (observed 2.75e+04).,"Validate the target, policy tier, adjustment approval, and payout reconciliation before action.",1,calculated_incentive,Calculated incentive,27500.0,,0.7307692307692307,61.37676166542208
REP_db1cc40d477a,2018-05-01,MGR_5e1c70ff0ce6,TEAM_a405eba78bf2,TERR_b31415d90eb9,RPER_74a8ca3a054b3999,injected,0.6829787234042554,PCA_RECONSTRUCTION_CALCULATED_INCENTIVE,Calculated incentive was the largest PCA reconstruction deviation (observed 2.75e+04).,Final incentive paid was the next-largest reconstruction deviation (observed 2.75e+04).,"Validate the target, policy tier, adjustment approval, and payout reconciliation before action.",2,final_incentive_paid,Final incentive paid,27500.0,27500.0,0.8333333333333334,61.37676166542208
REP_db1cc40d477a,2018-05-01,MGR_5e1c70ff0ce6,TEAM_a405eba78bf2,TERR_b31415d90eb9,RPER_74a8ca3a054b3999,injected,0.6829787234042554,PCA_RECONSTRUCTION_CALCULATED_INCENTIVE,Calculated incentive was the largest PCA reconstruction deviation (observed 2.75e+04).,Final incentive paid was the next-largest reconstruction deviation (observed 2.75e+04).,"Validate the target, policy tier, adjustment approval, and payout reconciliation before action.",3,expected_incentive,Expected incentive,27500.0,,0.7307692307692307,61.37676166542208
REP_db1cc40d477a,2018-06-01,MGR_5e1c70ff0ce6,TEAM_a405eba78bf2,TERR_b31415d90eb9,RPER_d01981e1cff44ab0,injected,0.6191489361702127,PCA_RECONSTRUCTION_CALCULATED_INCENTIVE,Calculated incentive was the largest PCA reconstruction deviation (observed 2.75e+04).,Final incentive paid was the next-largest reconstruction deviation (observed 2.75e+04).,"Validate the target, policy tier, adjustment approval, and payout reconciliation before action.",1,calculated_incentive,Calculated incentive,27500.0,,0.5769230769230769,61.37675413924081
REP_db1cc40d477a,2018-06-01,MGR_5e1c70ff0ce6,TEAM_a405eba78bf2,TERR_b31415d90eb9,RPER_d01981e1cff44ab0,injected,0.6191489361702127,PCA_RECONSTRUCTION_CALCULATED_INCENTIVE,Calculated incentive was the largest PCA reconstruction deviation (observed 2.75e+04).,Final incentive paid was the next-largest reconstruction deviation (observed 2.75e+04).,"Validate the target, policy tier, adjustment approval, and payout reconciliation before action.",2,final_incentive_paid,Final incentive paid,27500.0,27500.0,0.6666666666666666,61.37675413924081
REP_db1cc40d477a,2018-06-01,MGR_5e1c70ff0ce6,TEAM_a405eba78bf2,TERR_b31415d90eb9,RPER_d01981e1cff44ab0,injected,0.6191489361702127,PCA_RECONSTRUCTION_CALCULATED_INCENTIVE,Calculated incentive was the largest PCA reconstruction deviation (observed 2.75e+04).,Final incentive paid was the next-largest reconstruction deviation (observed 2.75e+04).,"Validate the target, policy tier, adjustment approval, and payout reconciliation before action.",3,expected_incentive,Expected incentive,27500.0,,0.5769230769230769,61.37675413924081
REP_db1cc40d477a,2018-07-01,MGR_5e1c70ff0ce6,TEAM_a405eba78bf2,TERR_b31415d90eb9,RPER_f9b7b5809cf86de6,injected,0.6079583328743904,PCA_RECONSTRUCTION_CALCULATED_INCENTIVE,Calculated incentive was the largest PCA reconstruction deviation (observed 2.75e+04).,Final incentive paid was the next-largest reconstruction deviation (observed 2.75e+04).,"Validate the target, policy tier, adjustment approval, and payout reconciliation before action.",1,calculated_incentive,Calculated incentive,27500.0,,0.6153846153846154,61.376759600527905
REP_db1cc40d477a,2018-07-01,MGR_5e1c70ff0ce6,TEAM_a405eba78bf2,TERR_b31415d90eb9,RPER_f9b7b5809cf86de6,injected,0.6079583328743904,PCA_RECONSTRUCTION_CALCULATED_INCENTIVE,Calculated incentive was the largest PCA reconstruction deviation (observed 2.75e+04).,Final incentive paid was the next-largest reconstruction deviation (observed 2.75e+04).,"Validate the target, policy tier, adjustment approval, and payout reconciliation before action.",2,final_incentive_paid,Final incentive paid,27500.0,27500.0,0.8333333333333334,61.376759600527905
REP_db1cc40d477a,2018-07-01,MGR_5e1c70ff0ce6,TEAM_a405eba78bf2,TERR_b31415d90eb9,RPER_f9b7b5809cf86de6,injected,0.6079583328743904,PCA_RECONSTRUCTION_CALCULATED_INCENTIVE,Calculated incentive was the largest PCA reconstruction deviation (observed 2.75e+04).,Final incentive paid was the next-largest reconstruction deviation (observed 2.75e+04).,"Validate the target, policy tier, adjustment approval, and payout reconciliation before action.",3,expected_incentive,Expected incentive,27500.0,,0.6153846153846154,61.376759600527905
REP_db1cc40d477a,2018-08-01,MGR_5e1c70ff0ce6,TEAM_a405eba78bf2,TERR_b31415d90eb9,RPER_f437f72807fa681b,injected,0.660118507287445,PCA_RECONSTRUCTION_CALCULATED_INCENTIVE,Calculated incentive was the largest PCA reconstruction deviation (observed 2.75e+04).,Final incentive paid was the next-largest reconstruction deviation (observed 2.75e+04).,"Validate the target, policy tier, adjustment approval, and payout reconciliation before action.",1,calculated_incentive,Calculated incentive,27500.0,,0.6153846153846154,61.37675605536285
REP_db1cc40d477a,2018-08-01,MGR_5e1c70ff0ce6,TEAM_a405eba78bf2,TERR_b31415d90eb9,RPER_f437f72807fa681b,injected,0.660118507287445,PCA_RECONSTRUCTION_CALCULATED_INCENTIVE,Calculated incentive was the largest PCA reconstruction deviation (observed 2.75e+04).,Final incentive paid was the next-largest reconstruction deviation (observed 2.75e+04).,"Validate the target, policy tier, adjustment approval, and payout reconciliation before action.",2,final_incentive_paid,Final incentive paid,27500.0,27500.0,0.8333333333333334,61.37675605536285
REP_db1cc40d477a,2018-08-01,MGR_5e1c70ff0ce6,TEAM_a405eba78bf2,TERR_b31415d90eb9,RPER_f437f72807fa681b,injected,0.660118507287445,PCA_RECONSTRUCTION_CALCULATED_INCENTIVE,Calculated incentive was the largest PCA reconstruction deviation (observed 2.75e+04).,Final incentive paid was the next-largest reconstruction deviation (observed 2.75e+04).,"Validate the target, policy tier, adjustment approval, and payout reconciliation before action.",3,expected_incentive,Expected incentive,27500.0,,0.6153846153846154,61.37675605536285
REP_db1cc40d477a,2018-09-01,MGR_5e1c70ff0ce6,TEAM_a405eba78bf2,TERR_b31415d90eb9,RPER_bba18f26a9e82cd0,injected,0.6081136006177932,PCA_RECONSTRUCTION_CALCULATED_INCENTIVE,Calculated incentive was the largest PCA reconstruction deviation (observed 2.75e+04).,Final incentive paid was the next-largest reconstruction deviation (observed 2.75e+04).,"Validate the target, policy tier, adjustment approval, and payout reconciliation before action.",1,calculated_incentive,Calculated incentive,27500.0,,0.6538461538461539,61.37675974041647
REP_db1cc40d477a,2018-09-01,MGR_5e1c70ff0ce6,TEAM_a405eba78bf2,TERR_b31415d90eb9,RPER_bba18f26a9e82cd0,injected,0.6081136006177932,PCA_RECONSTRUCTION_CALCULATED_INCENTIVE,Calculated incentive was the largest PCA reconstruction deviation (observed 2.75e+04).,Final incentive paid was the next-largest reconstruction deviation (observed 2.75e+04).,"Validate the target, policy tier, adjustment approval, and payout reconciliation before action.",2,final_incentive_paid,Final incentive paid,27500.0,27500.0,0.6666666666666666,61.37675974041647
REP_db1cc40d477a,2018-09-01,MGR_5e1c70ff0ce6,TEAM_a405eba78bf2,TERR_b31415d90eb9,RPER_bba18f26a9e82cd0,injected,0.6081136006177932,PCA_RECONSTRUCTION_CALCULATED_INCENTIVE,Calculated incentive was the largest PCA reconstruction deviation (observed 2.75e+04).,Final incentive paid was the next-largest reconstruction deviation (observed 2.75e+04).,"Validate the target, policy tier, adjustment approval, and payout reconciliation before action.",3,expected_incentive,Expected incentive,27500.0,,0.6538461538461539,61.37675974041647
REP_db1cc40d477a,2018-10-01,MGR_5e1c70ff0ce6,TEAM_a405eba78bf2,TERR_b31415d90eb9,RPER_5af15b13a855159f,injected,0.638372972024847,PCA_RECONSTRUCTION_CALCULATED_INCENTIVE,Calculated incentive was the largest PCA reconstruction deviation (observed 2.75e+04).,Final incentive paid was the next-largest reconstruction deviation (observed 2.75e+04).,"Validate the target, policy tier, adjustment approval, and payout reconciliation before action.",1,calculated_incentive,Calculated incentive,27500.0,,0.5384615384615384,61.376767555797834
REP_db1cc40d477a,2018-10-01,MGR_5e1c70ff0ce6,TEAM_a405eba78bf2,TERR_b31415d90eb9,RPER_5af15b13a855159f,injected,0.638372972024847,PCA_RECONSTRUCTION_CALCULATED_INCENTIVE,Calculated incentive was the largest PCA reconstruction deviation (observed 2.75e+04).,Final incentive paid was the next-largest reconstruction deviation (observed 2.75e+04).,"Validate the target, policy tier, adjustment approval, and payout reconciliation before action.",2,final_incentive_paid,Final incentive paid,27500.0,27500.0,0.6666666666666666,61.376767555797834
REP_db1cc40d477a,2018-10-01,MGR_5e1c70ff0ce6,TEAM_a405eba78bf2,TERR_b31415d90eb9,RPER_5af15b13a855159f,injected,0.638372972024847,PCA_RECONSTRUCTION_CALCULATED_INCENTIVE,Calculated incentive was the largest PCA reconstruction deviation (observed 2.75e+04).,Final incentive paid was the next-largest reconstruction deviation (observed 2.75e+04).,"Validate the target, policy tier, adjustment approval, and payout reconciliation before action.",3,expected_incentive,Expected incentive,27500.0,,0.5384615384615384,61.376767555797834
REP_db1cc40d477a,2018-11-01,MGR_5e1c70ff0ce6,TEAM_a405eba78bf2,TERR_b31415d90eb9,RPER_eb2ec057bf45b3a3,injected,0.6511723028325003,PCA_RECONSTRUCTION_CALCULATED_INCENTIVE,Calculated incentive was the largest PCA reconstruction deviation (observed 2.75e+04).,Final incentive paid was the next-largest reconstruction deviation (observed 2.75e+04).,"Validate the target, policy tier, adjustment approval, and payout reconciliation before action.",1,calculated_incentive,Calculated incentive,27500.0,,0.6923076923076923,61.37676103980531
REP_db1cc40d477a,2018-11-01,MGR_5e1c70ff0ce6,TEAM_a405eba78bf2,TERR_b31415d90eb9,RPER_eb2ec057bf45b3a3,injected,0.6511723028325003,PCA_RECONSTRUCTION_CALCULATED_INCENTIVE,Calculated incentive was the largest PCA reconstruction deviation (observed 2.75e+04).,Final incentive paid was the next-largest reconstruction deviation (observed 2.75e+04).,"Validate the target, policy tier, adjustment approval, and payout reconciliation before action.",2,final_incentive_paid,Final incentive paid,27500.0,27500.0,0.6666666666666666,61.37676103980531
REP_db1cc40d477a,2018-11-01,MGR_5e1c70ff0ce6,TEAM_a405eba78bf2,TERR_b31415d90eb9,RPER_eb2ec057bf45b3a3,injected,0.6511723028325003,PCA_RECONSTRUCTION_CALCULATED_INCENTIVE,Calculated incentive was the largest PCA reconstruction deviation (observed 2.75e+04).,Final incentive paid was the next-largest reconstruction deviation (observed 2.75e+04).,"Validate the target, policy tier, adjustment approval, and payout reconciliation before action.",3,expected_incentive,Expected incentive,27500.0,,0.6923076923076923,61.37676103980531
REP_db1cc40d477a,2018-12-01,MGR_5e1c70ff0ce6,TEAM_a405eba78bf2,TERR_b31415d90eb9,RPER_006b58750be8107d,injected,0.5601405760745594,PCA_RECONSTRUCTION_CALCULATED_INCENTIVE,Calculated incentive was the largest PCA reconstruction deviation (observed 2.75e+04).,Final incentive paid was the next-largest reconstruction deviation (observed 2.75e+04).,"Validate the target, policy tier, adjustment approval, and payout reconciliation before action.",1,calculated_incentive,Calculated incentive,27500.0,,0.8461538461538461,61.37676323839391
REP_db1cc40d477a,2018-12-01,MGR_5e1c70ff0ce6,TEAM_a405eba78bf2,TERR_b31415d90eb9,RPER_006b58750be8107d,injected,0.5601405760745594,PCA_RECONSTRUCTION_CALCULATED_INCENTIVE,Calculated incentive was the largest PCA reconstruction deviation (observed 2.75e+04).,Final incentive paid was the next-largest reconstruction deviation (observed 2.75e+04).,"Validate the target, policy tier, adjustment approval, and payout reconciliation before action.",2,final_incentive_paid,Final incentive paid,27500.0,21073.73,1.0,61.37676323839391
REP_db1cc40d477a,2018-12-01,MGR_5e1c70ff0ce6,TEAM_a405eba78bf2,TERR_b31415d90eb9,RPER_006b58750be8107d,injected,0.5601405760745594,PCA_RECONSTRUCTION_CALCULATED_INCENTIVE,Calculated incentive was the largest PCA reconstruction deviation (observed 2.75e+04).,Final incentive paid was the next-largest reconstruction deviation (observed 2.75e+04).,"Validate the target, policy tier, adjustment approval, and payout reconciliation before action.",3,expected_incentive,Expected incentive,27500.0,,0.8461538461538461,61.37676323839391
REP_db1cc40d477a,2019-01-01,MGR_5e1c70ff0ce6,TEAM_a405eba78bf2,TERR_b31415d90eb9,RPER_6378e24425a5676f,injected,0.9852110195258285,PCA_RECONSTRUCTION_INCENTIVE_PEER_MEDIAN,Incentive peer median was the largest PCA reconstruction deviation (observed 0).,Calculated incentive was the next-largest reconstruction deviation (observed 0).,"Validate the target, policy tier, adjustment approval, and payout reconciliation before action.",1,incentive_peer_median,Incentive peer median,0.0,,0.38461538461538464,10704.60544792363
REP_db1cc40d477a,2019-01-01,MGR_5e1c70ff0ce6,TEAM_a405eba78bf2,TERR_b31415d90eb9,RPER_6378e24425a5676f,injected,0.9852110195258285,PCA_RECONSTRUCTION_INCENTIVE_PEER_MEDIAN,Incentive peer median was the largest PCA reconstruction deviation (observed 0).,Calculated incentive was the next-largest reconstruction deviation (observed 0).,"Validate the target, policy tier, adjustment approval, and payout reconciliation before action.",2,calculated_incentive,Calculated incentive,0.0,,0.5384615384615384,9884.198191360822
REP_db1cc40d477a,2019-01-01,MGR_5e1c70ff0ce6,TEAM_a405eba78bf2,TERR_b31415d90eb9,RPER_6378e24425a5676f,injected,0.9852110195258285,PCA_RECONSTRUCTION_INCENTIVE_PEER_MEDIAN,Incentive peer median was the largest PCA reconstruction deviation (observed 0).,Calculated incentive was the next-largest reconstruction deviation (observed 0).,"Validate the target, policy tier, adjustment approval, and payout reconciliation before action.",3,final_incentive_paid,Final incentive paid,0.0,0.0,0.6666666666666666,9884.198191360822
REP_db1cc40d477a,2019-02-01,MGR_5e1c70ff0ce6,TEAM_a405eba78bf2,TERR_b31415d90eb9,RPER_8d8a24c00837b03e,injected,0.8831099649226706,PCA_RECONSTRUCTION_UNUSUAL_ORDER_TIMING_SCORE,Unusual order timing score was the largest PCA reconstruction deviation (observed 0.6792).,Month over month behavior change was the next-largest reconstruction deviation (observed 1.787).,"Validate the underlying orders, discounts, returns, period timing, and customer context before action.",1,unusual_order_timing_score,Unusual order timing score,0.6791907514450867,,0.7692307692307693,561.8147798737408
REP_db1cc40d477a,2019-02-01,MGR_5e1c70ff0ce6,TEAM_a405eba78bf2,TERR_b31415d90eb9,RPER_8d8a24c00837b03e,injected,0.8831099649226706,PCA_RECONSTRUCTION_UNUSUAL_ORDER_TIMING_SCORE,Unusual order timing score was the largest PCA reconstruction deviation (observed 0.6792).,Month over month behavior change was the next-largest reconstruction deviation (observed 1.787).,"Validate the underlying orders, discounts, returns, period timing, and customer context before action.",2,month_over_month_behavior_change,Month over month behavior change,1.786621177678863,,0.9230769230769231,109.02457583568187
REP_db1cc40d477a,2019-02-01,MGR_5e1c70ff0ce6,TEAM_a405eba78bf2,TERR_b31415d90eb9,RPER_8d8a24c00837b03e,injected,0.8831099649226706,PCA_RECONSTRUCTION_UNUSUAL_ORDER_TIMING_SCORE,Unusual order timing score was the largest PCA reconstruction deviation (observed 0.6792).,Month over month behavior change was the next-largest reconstruction deviation (observed 1.787).,"Validate the underlying orders, discounts, returns, period timing, and customer context before action.",3,calculated_incentive,Calculated incentive,30000.0,,0.5769230769230769,76.51462858388632
REP_db1cc40d477a,2019-03-01,MGR_5e1c70ff0ce6,TEAM_a405eba78bf2,TERR_b31415d90eb9,RPER_e61044f932f88799,injected,0.818054116181686,PCA_RECONSTRUCTION_CALCULATED_INCENTIVE,Calculated incentive was the largest PCA reconstruction deviation (observed 3e+04).,Final incentive paid was the next-largest reconstruction deviation (observed 3e+04).,"Validate the target, policy tier, adjustment approval, and payout reconciliation before action.",1,calculated_incentive,Calculated incentive,30000.0,,0.5769230769230769,76.51463036729136
REP_db1cc40d477a,2019-03-01,MGR_5e1c70ff0ce6,TEAM_a405eba78bf2,TERR_b31415d90eb9,RPER_e61044f932f88799,injected,0.818054116181686,PCA_RECONSTRUCTION_CALCULATED_INCENTIVE,Calculated incentive was the largest PCA reconstruction deviation (observed 3e+04).,Final incentive paid was the next-largest reconstruction deviation (observed 3e+04).,"Validate the target, policy tier, adjustment approval, and payout reconciliation before action.",2,final_incentive_paid,Final incentive paid,30000.0,30000.0,0.6666666666666666,76.51463036729136
REP_db1cc40d477a,2019-03-01,MGR_5e1c70ff0ce6,TEAM_a405eba78bf2,TERR_b31415d90eb9,RPER_e61044f932f88799,injected,0.818054116181686,PCA_RECONSTRUCTION_CALCULATED_INCENTIVE,Calculated incentive was the largest PCA reconstruction deviation (observed 3e+04).,Final incentive paid was the next-largest reconstruction deviation (observed 3e+04).,"Validate the target, policy tier, adjustment approval, and payout reconciliation before action.",3,expected_incentive,Expected incentive,30000.0,,0.5769230769230769,76.51463036729136
REP_db1cc40d477a,2019-04-01,MGR_5e1c70ff0ce6,TEAM_a405eba78bf2,TERR_b31415d90eb9,RPER_a6ede9613fc560a2,injected,0.9848922448158383,PCA_RECONSTRUCTION_INCENTIVE_PEER_MEDIAN,Incentive peer median was the largest PCA reconstruction deviation (observed 0).,Calculated incentive was the next-largest reconstruction deviation (observed 0).,"Validate the target, policy tier, adjustment approval, and payout reconciliation before action.",1,incentive_peer_median,Incentive peer median,0.0,,0.15384615384615385,10704.605437255674
REP_db1cc40d477a,2019-04-01,MGR_5e1c70ff0ce6,TEAM_a405eba78bf2,TERR_b31415d90eb9,RPER_a6ede9613fc560a2,injected,0.9848922448158383,PCA_RECONSTRUCTION_INCENTIVE_PEER_MEDIAN,Incentive peer median was the largest PCA reconstruction deviation (observed 0).,Calculated incentive was the next-largest reconstruction deviation (observed 0).,"Validate the target, policy tier, adjustment approval, and payout reconciliation before action.",2,calculated_incentive,Calculated incentive,0.0,,0.15384615384615385,9884.198170218837
REP_db1cc40d477a,2019-04-01,MGR_5e1c70ff0ce6,TEAM_a405eba78bf2,TERR_b31415d90eb9,RPER_a6ede9613fc560a2,injected,0.9848922448158383,PCA_RECONSTRUCTION_INCENTIVE_PEER_MEDIAN,Incentive peer median was the largest PCA reconstruction deviation (observed 0).,Calculated incentive was the next-largest reconstruction deviation (observed 0).,"Validate the target, policy tier, adjustment approval, and payout reconciliation before action.",3,final_incentive_paid,Final incentive paid,0.0,0.0,0.5,9884.198170218837
REP_e7e9152643c7,2017-01-01,MGR_31981a685b7e,TEAM_4f4a9410ffcd,TERR_49c0203db75f,RPER_6a8975b1e4d0c907,injected,0.9,PCA_RECONSTRUCTION_REP_HISTORICAL_MEAN,Rep historical mean was the largest PCA reconstruction deviation (observed 0).,Rolling sales mean was the next-largest reconstruction deviation (observed 0).,"Validate the source record, peer context, and relevant commercial activity before action.",1,rep_historical_mean,Rep historical mean,0.0,,0.5384615384615384,3413.2587369866988
REP_e7e9152643c7,2017-01-01,MGR_31981a685b7e,TEAM_4f4a9410ffcd,TERR_49c0203db75f,RPER_6a8975b1e4d0c907,injected,0.9,PCA_RECONSTRUCTION_REP_HISTORICAL_MEAN,Rep historical mean was the largest PCA reconstruction deviation (observed 0).,Rolling sales mean was the next-largest reconstruction deviation (observed 0).,"Validate the source record, peer context, and relevant commercial activity before action.",2,rolling_sales_mean,Rolling sales mean,0.0,,0.5384615384615384,2192.8125251951215
REP_e7e9152643c7,2017-01-01,MGR_31981a685b7e,TEAM_4f4a9410ffcd,TERR_49c0203db75f,RPER_6a8975b1e4d0c907,injected,0.9,PCA_RECONSTRUCTION_REP_HISTORICAL_MEAN,Rep historical mean was the largest PCA reconstruction deviation (observed 0).,Rolling sales mean was the next-largest reconstruction deviation (observed 0).,"Validate the source record, peer context, and relevant commercial activity before action.",3,rolling_sales_std,Rolling sales std,0.0,,0.5384615384615384,293.0690959120175
REP_e7e9152643c7,2017-02-01,MGR_31981a685b7e,TEAM_4f4a9410ffcd,TERR_49c0203db75f,RPER_f082b52ea632f338,injected,0.8787234042553191,PCA_RECONSTRUCTION_ROLLING_SALES_STD,Rolling sales std was the largest PCA reconstruction deviation (observed 0).,Rep historical std was the next-largest reconstruction deviation (observed 0).,"Validate the underlying orders, discounts, returns, period timing, and customer context before action.",1,rolling_sales_std,Rolling sales std,0.0,,0.5384615384615384,293.0691702161831
REP_e7e9152643c7,2017-02-01,MGR_31981a685b7e,TEAM_4f4a9410ffcd,TERR_49c0203db75f,RPER_f082b52ea632f338,injected,0.8787234042553191,PCA_RECONSTRUCTION_ROLLING_SALES_STD,Rolling sales std was the largest PCA reconstruction deviation (observed 0).,Rep historical std was the next-largest reconstruction deviation (observed 0).,"Validate the underlying orders, discounts, returns, period timing, and customer context before action.",2,rep_historical_std,Rep historical std,0.0,,0.5384615384615384,293.0691702161831
REP_e7e9152643c7,2017-02-01,MGR_31981a685b7e,TEAM_4f4a9410ffcd,TERR_49c0203db75f,RPER_f082b52ea632f338,injected,0.8787234042553191,PCA_RECONSTRUCTION_ROLLING_SALES_STD,Rolling sales std was the largest PCA reconstruction deviation (observed 0).,Rep historical std was the next-largest reconstruction deviation (observed 0).,"Validate the underlying orders, discounts, returns, period timing, and customer context before action.",3,calculated_incentive,Calculated incentive,25000.0,,0.5384615384615384,46.78148037073056
REP_e7e9152643c7,2017-03-01,MGR_31981a685b7e,TEAM_4f4a9410ffcd,TERR_49c0203db75f,RPER_96af4ad940a6eb82,injected,0.07446808510638298,PCA_RECONSTRUCTION_CALCULATED_INCENTIVE,Calculated incentive was the largest PCA reconstruction deviation (observed 2.5e+04).,Final incentive paid was the next-largest reconstruction deviation (observed 2.5e+04).,"Validate the target, policy tier, adjustment approval, and payout reconciliation before action.",1,calculated_incentive,Calculated incentive,25000.0,,0.5769230769230769,46.781452032386234
REP_e7e9152643c7,2017-03-01,MGR_31981a685b7e,TEAM_4f4a9410ffcd,TERR_49c0203db75f,RPER_96af4ad940a6eb82,injected,0.07446808510638298,PCA_RECONSTRUCTION_CALCULATED_INCENTIVE,Calculated incentive was the largest PCA reconstruction deviation (observed 2.5e+04).,Final incentive paid was the next-largest reconstruction deviation (observed 2.5e+04).,"Validate the target, policy tier, adjustment approval, and payout reconciliation before action.",2,final_incentive_paid,Final incentive paid,25000.0,25000.0,0.625,46.781452032386234
REP_e7e9152643c7,2017-03-01,MGR_31981a685b7e,TEAM_4f4a9410ffcd,TERR_49c0203db75f,RPER_96af4ad940a6eb82,injected,0.07446808510638298,PCA_RECONSTRUCTION_CALCULATED_INCENTIVE,Calculated incentive was the largest PCA reconstruction deviation (observed 2.5e+04).,Final incentive paid was the next-largest reconstruction deviation (observed 2.5e+04).,"Validate the target, policy tier, adjustment approval, and payout reconciliation before action.",3,expected_incentive,Expected incentive,25000.0,,0.5769230769230769,46.781452032386234
REP_e7e9152643c7,2017-04-01,MGR_31981a685b7e,TEAM_4f4a9410ffcd,TERR_49c0203db75f,RPER_d1786afbb5d0b210,injected,0.2574468085106383,PCA_RECONSTRUCTION_CALCULATED_INCENTIVE,Calculated incentive was the largest PCA reconstruction deviation (observed 2.5e+04).,Final incentive paid was the next-largest reconstruction deviation (observed 2.5e+04).,"Validate the target, policy tier, adjustment approval, and payout reconciliation before action.",1,calculated_incentive,Calculated incentive,25000.0,,0.6923076923076923,46.78145179711492
REP_e7e9152643c7,2017-04-01,MGR_31981a685b7e,TEAM_4f4a9410ffcd,TERR_49c0203db75f,RPER_d1786afbb5d0b210,injected,0.2574468085106383,PCA_RECONSTRUCTION_CALCULATED_INCENTIVE,Calculated incentive was the largest PCA reconstruction deviation (observed 2.5e+04).,Final incentive paid was the next-largest reconstruction deviation (observed 2.5e+04).,"Validate the target, policy tier, adjustment approval, and payout reconciliation before action.",2,final_incentive_paid,Final incentive paid,25000.0,25000.0,0.75,46.78145179711492
REP_e7e9152643c7,2017-04-01,MGR_31981a685b7e,TEAM_4f4a9410ffcd,TERR_49c0203db75f,RPER_d1786afbb5d0b210,injected,0.2574468085106383,PCA_RECONSTRUCTION_CALCULATED_INCENTIVE,Calculated incentive was the largest PCA reconstruction deviation (observed 2.5e+04).,Final incentive paid was the next-largest reconstruction deviation (observed 2.5e+04).,"Validate the target, policy tier, adjustment approval, and payout reconciliation before action.",3,expected_incentive,Expected incentive,25000.0,,0.6923076923076923,46.78145179711492
REP_e7e9152643c7,2017-05-01,MGR_31981a685b7e,TEAM_4f4a9410ffcd,TERR_49c0203db75f,RPER_9bd2a5884ba34be6,injected,0.274468085106383,PCA_RECONSTRUCTION_CALCULATED_INCENTIVE,Calculated incentive was the largest PCA reconstruction deviation (observed 2.5e+04).,Final incentive paid was the next-largest reconstruction deviation (observed 2.5e+04).,"Validate the target, policy tier, adjustment approval, and payout reconciliation before action.",1,calculated_incentive,Calculated incentive,25000.0,,0.6153846153846154,46.781453746827886
REP_e7e9152643c7,2017-05-01,MGR_31981a685b7e,TEAM_4f4a9410ffcd,TERR_49c0203db75f,RPER_9bd2a5884ba34be6,injected,0.274468085106383,PCA_RECONSTRUCTION_CALCULATED_INCENTIVE,Calculated incentive was the largest PCA reconstruction deviation (observed 2.5e+04).,Final incentive paid was the next-largest reconstruction deviation (observed 2.5e+04).,"Validate the target, policy tier, adjustment approval, and payout reconciliation before action.",2,final_incentive_paid,Final incentive paid,25000.0,25000.0,0.75,46.781453746827886
REP_e7e9152643c7,2017-05-01,MGR_31981a685b7e,TEAM_4f4a9410ffcd,TERR_49c0203db75f,RPER_9bd2a5884ba34be6,injected,0.274468085106383,PCA_RECONSTRUCTION_CALCULATED_INCENTIVE,Calculated incentive was the largest PCA reconstruction deviation (observed 2.5e+04).,Final incentive paid was the next-largest reconstruction deviation (observed 2.5e+04).,"Validate the target, policy tier, adjustment approval, and payout reconciliation before action.",3,expected_incentive,Expected incentive,25000.0,,0.6153846153846154,46.781453746827886
REP_e7e9152643c7,2017-06-01,MGR_31981a685b7e,TEAM_4f4a9410ffcd,TERR_49c0203db75f,RPER_3007fd91ad07b7ba,injected,0.32553191489361705,PCA_RECONSTRUCTION_CALCULATED_INCENTIVE,Calculated incentive was the largest PCA reconstruction deviation (observed 2.5e+04).,Final incentive paid was the next-largest reconstruction deviation (observed 2.5e+04).,"Validate the target, policy tier, adjustment approval, and payout reconciliation before action.",1,calculated_incentive,Calculated incentive,25000.0,,0.5769230769230769,46.78145318826173
REP_e7e9152643c7,2017-06-01,MGR_31981a685b7e,TEAM_4f4a9410ffcd,TERR_49c0203db75f,RPER_3007fd91ad07b7ba,injected,0.32553191489361705,PCA_RECONSTRUCTION_CALCULATED_INCENTIVE,Calculated incentive was the largest PCA reconstruction deviation (observed 2.5e+04).,Final incentive paid was the next-largest reconstruction deviation (observed 2.5e+04).,"Validate the target, policy tier, adjustment approval, and payout reconciliation before action.",2,final_incentive_paid,Final incentive paid,25000.0,25000.0,0.625,46.78145318826173
REP_e7e9152643c7,2017-06-01,MGR_31981a685b7e,TEAM_4f4a9410ffcd,TERR_49c0203db75f,RPER_3007fd91ad07b7ba,injected,0.32553191489361705,PCA_RECONSTRUCTION_CALCULATED_INCENTIVE,Calculated incentive was the largest PCA reconstruction deviation (observed 2.5e+04).,Final incentive paid was the next-largest reconstruction deviation (observed 2.5e+04).,"Validate the target, policy tier, adjustment approval, and payout reconciliation before action.",3,expected_incentive,Expected incentive,25000.0,,0.5769230769230769,46.78145318826173
REP_e7e9152643c7,2017-07-01,MGR_31981a685b7e,TEAM_4f4a9410ffcd,TERR_49c0203db75f,RPER_a83f07a1ccc6b434,injected,0.3595744680851064,PCA_RECONSTRUCTION_CALCULATED_INCENTIVE,Calculated incentive was the largest PCA reconstruction deviation (observed 2.5e+04).,Final incentive paid was the next-largest reconstruction deviation (observed 2.5e+04).,"Validate the target, policy tier, adjustment approval, and payout reconciliation before action.",1,calculated_incentive,Calculated incentive,25000.0,,0.6153846153846154,46.78145447811146
REP_e7e9152643c7,2017-07-01,MGR_31981a685b7e,TEAM_4f4a9410ffcd,TERR_49c0203db75f,RPER_a83f07a1ccc6b434,injected,0.3595744680851064,PCA_RECONSTRUCTION_CALCULATED_INCENTIVE,Calculated incentive was the largest PCA reconstruction deviation (observed 2.5e+04).,Final incentive paid was the next-largest reconstruction deviation (observed 2.5e+04).,"Validate the target, policy tier, adjustment approval, and payout reconciliation before action.",2,final_incentive_paid,Final incentive paid,25000.0,25000.0,0.625,46.78145447811146
REP_e7e9152643c7,2017-07-01,MGR_31981a685b7e,TEAM_4f4a9410ffcd,TERR_49c0203db75f,RPER_a83f07a1ccc6b434,injected,0.3595744680851064,PCA_RECONSTRUCTION_CALCULATED_INCENTIVE,Calculated incentive was the largest PCA reconstruction deviation (observed 2.5e+04).,Final incentive paid was the next-largest reconstruction deviation (observed 2.5e+04).,"Validate the target, policy tier, adjustment approval, and payout reconciliation before action.",3,expected_incentive,Expected incentive,25000.0,,0.6153846153846154,46.78145447811146
REP_e7e9152643c7,2017-08-01,MGR_31981a685b7e,TEAM_4f4a9410ffcd,TERR_49c0203db75f,RPER_a5df6e2c137eed74,injected,0.5595744680851064,PCA_RECONSTRUCTION_CALCULATED_INCENTIVE,Calculated incentive was the largest PCA reconstruction deviation (observed 2.5e+04).,Final incentive paid was the next-largest reconstruction deviation (observed 2.5e+04).,"Validate the target, policy tier, adjustment approval, and payout reconciliation before action.",1,calculated_incentive,Calculated incentive,25000.0,,0.6923076923076923,46.78145658779712
REP_e7e9152643c7,2017-08-01,MGR_31981a685b7e,TEAM_4f4a9410ffcd,TERR_49c0203db75f,RPER_a5df6e2c137eed74,injected,0.5595744680851064,PCA_RECONSTRUCTION_CALCULATED_INCENTIVE,Calculated incentive was the largest PCA reconstruction deviation (observed 2.5e+04).,Final incentive paid was the next-largest reconstruction deviation (observed 2.5e+04).,"Validate the target, policy tier, adjustment approval, and payout reconciliation before action.",2,final_incentive_paid,Final incentive paid,25000.0,25000.0,0.75,46.78145658779712
REP_e7e9152643c7,2017-08-01,MGR_31981a685b7e,TEAM_4f4a9410ffcd,TERR_49c0203db75f,RPER_a5df6e2c137eed74,injected,0.5595744680851064,PCA_RECONSTRUCTION_CALCULATED_INCENTIVE,Calculated incentive was the largest PCA reconstruction deviation (observed 2.5e+04).,Final incentive paid was the next-largest reconstruction deviation (observed 2.5e+04).,"Validate the target, policy tier, adjustment approval, and payout reconciliation before action.",3,expected_incentive,Expected incentive,25000.0,,0.6923076923076923,46.78145658779712
REP_e7e9152643c7,2017-09-01,MGR_31981a685b7e,TEAM_4f4a9410ffcd,TERR_49c0203db75f,RPER_b49979d69513822c,injected,0.19787234042553192,PCA_RECONSTRUCTION_CALCULATED_INCENTIVE,Calculated incentive was the largest PCA reconstruction deviation (observed 2.5e+04).,Final incentive paid was the next-largest reconstruction deviation (observed 2.5e+04).,"Validate the target, policy tier, adjustment approval, and payout reconciliation before action.",1,calculated_incentive,Calculated incentive,25000.0,,0.5384615384615384,46.781452261597046
REP_e7e9152643c7,2017-09-01,MGR_31981a685b7e,TEAM_4f4a9410ffcd,TERR_49c0203db75f,RPER_b49979d69513822c,injected,0.19787234042553192,PCA_RECONSTRUCTION_CALCULATED_INCENTIVE,Calculated incentive was the largest PCA reconstruction deviation (observed 2.5e+04).,Final incentive paid was the next-largest reconstruction deviation (observed 2.5e+04).,"Validate the target, policy tier, adjustment approval, and payout reconciliation before action.",2,final_incentive_paid,Final incentive paid,25000.0,25000.0,0.625,46.781452261597046
REP_e7e9152643c7,2017-09-01,MGR_31981a685b7e,TEAM_4f4a9410ffcd,TERR_49c0203db75f,RPER_b49979d69513822c,injected,0.19787234042553192,PCA_RECONSTRUCTION_CALCULATED_INCENTIVE,Calculated incentive was the largest PCA reconstruction deviation (observed 2.5e+04).,Final incentive paid was the next-largest reconstruction deviation (observed 2.5e+04).,"Validate the target, policy tier, adjustment approval, and payout reconciliation before action.",3,expected_incentive,Expected incentive,25000.0,,0.5384615384615384,46.781452261597046
REP_e7e9152643c7,2017-10-01,MGR_31981a685b7e,TEAM_4f4a9410ffcd,TERR_49c0203db75f,RPER_d726fa6583a379fb,injected,0.11702127659574468,PCA_RECONSTRUCTION_CALCULATED_INCENTIVE,Calculated incentive was the largest PCA reconstruction deviation (observed 2.5e+04).,Final incentive paid was the next-largest reconstruction deviation (observed 2.5e+04).,"Validate the target, policy tier, adjustment approval, and payout reconciliation before action.",1,calculated_incentive,Calculated incentive,25000.0,,0.7692307692307693,46.78145207184874
REP_e7e9152643c7,2017-10-01,MGR_31981a685b7e,TEAM_4f4a9410ffcd,TERR_49c0203db75f,RPER_d726fa6583a379fb,injected,0.11702127659574468,PCA_RECONSTRUCTION_CALCULATED_INCENTIVE,Calculated incentive was the largest PCA reconstruction deviation (observed 2.5e+04).,Final incentive paid was the next-largest reconstruction deviation (observed 2.5e+04).,"Validate the target, policy tier, adjustment approval, and payout reconciliation before action.",2,final_incentive_paid,Final incentive paid,25000.0,25000.0,0.625,46.78145207184874
REP_e7e9152643c7,2017-10-01,MGR_31981a685b7e,TEAM_4f4a9410ffcd,TERR_49c0203db75f,RPER_d726fa6583a379fb,injected,0.11702127659574468,PCA_RECONSTRUCTION_CALCULATED_INCENTIVE,Calculated incentive was the largest PCA reconstruction deviation (observed 2.5e+04).,Final incentive paid was the next-largest reconstruction deviation (observed 2.5e+04).,"Validate the target, policy tier, adjustment approval, and payout reconciliation before action.",3,expected_incentive,Expected incentive,25000.0,,0.7692307692307693,46.78145207184874
REP_e7e9152643c7,2017-11-01,MGR_31981a685b7e,TEAM_4f4a9410ffcd,TERR_49c0203db75f,RPER_6a5c0f29a02a7741,injected,0.6361702127659574,PCA_RECONSTRUCTION_CALCULATED_INCENTIVE,Calculated incentive was the largest PCA reconstruction deviation (observed 2.5e+04).,Final incentive paid was the next-largest reconstruction deviation (observed 2.5e+04).,"Validate the target, policy tier, adjustment approval, and payout reconciliation before action.",1,calculated_incentive,Calculated incentive,25000.0,,0.6538461538461539,46.78146005390527
REP_e7e9152643c7,2017-11-01,MGR_31981a685b7e,TEAM_4f4a9410ffcd,TERR_49c0203db75f,RPER_6a5c0f29a02a7741,injected,0.6361702127659574,PCA_RECONSTRUCTION_CALCULATED_INCENTIVE,Calculated incentive was the largest PCA reconstruction deviation (observed 2.5e+04).,Final incentive paid was the next-largest reconstruction deviation (observed 2.5e+04).,"Validate the target, policy tier, adjustment approval, and payout reconciliation before action.",2,final_incentive_paid,Final incentive paid,25000.0,25000.0,0.625,46.78146005390527
REP_e7e9152643c7,2017-11-01,MGR_31981a685b7e,TEAM_4f4a9410ffcd,TERR_49c0203db75f,RPER_6a5c0f29a02a7741,injected,0.6361702127659574,PCA_RECONSTRUCTION_CALCULATED_INCENTIVE,Calculated incentive was the largest PCA reconstruction deviation (observed 2.5e+04).,Final incentive paid was the next-largest reconstruction deviation (observed 2.5e+04).,"Validate the target, policy tier, adjustment approval, and payout reconciliation before action.",3,expected_incentive,Expected incentive,25000.0,,0.6538461538461539,46.78146005390527
REP_e7e9152643c7,2017-12-01,MGR_31981a685b7e,TEAM_4f4a9410ffcd,TERR_49c0203db75f,RPER_c8707affcd33d351,injected,0.6872340425531915,PCA_RECONSTRUCTION_CALCULATED_INCENTIVE,Calculated incentive was the largest PCA reconstruction deviation (observed 2.5e+04).,Final incentive paid was the next-largest reconstruction deviation (observed 2.5e+04).,"Validate the target, policy tier, adjustment approval, and payout reconciliation before action.",1,calculated_incentive,Calculated incentive,25000.0,,0.7692307692307693,46.78146326159996
REP_e7e9152643c7,2017-12-01,MGR_31981a685b7e,TEAM_4f4a9410ffcd,TERR_49c0203db75f,RPER_c8707affcd33d351,injected,0.6872340425531915,PCA_RECONSTRUCTION_CALCULATED_INCENTIVE,Calculated incentive was the largest PCA reconstruction deviation (observed 2.5e+04).,Final incentive paid was the next-largest reconstruction deviation (observed 2.5e+04).,"Validate the target, policy tier, adjustment approval, and payout reconciliation before action.",2,final_incentive_paid,Final incentive paid,25000.0,10814.305,1.0,46.78146326159996
REP_e7e9152643c7,2017-12-01,MGR_31981a685b7e,TEAM_4f4a9410ffcd,TERR_49c0203db75f,RPER_c8707affcd33d351,injected,0.6872340425531915,PCA_RECONSTRUCTION_CALCULATED_INCENTIVE,Calculated incentive was the largest PCA reconstruction deviation (observed 2.5e+04).,Final incentive paid was the next-largest reconstruction deviation (observed 2.5e+04).,"Validate the target, policy tier, adjustment approval, and payout reconciliation before action.",3,expected_incentive,Expected incentive,25000.0,,0.7692307692307693,46.78146326159996
REP_e7e9152643c7,2018-01-01,MGR_31981a685b7e,TEAM_4f4a9410ffcd,TERR_49c0203db75f,RPER_a2290b0ab891618d,injected,0.8191489361702128,PCA_RECONSTRUCTION_RETURN_CLAWBACK_RATIO,Return clawback ratio was the largest PCA reconstruction deviation (observed 0.5512).,Calculated incentive was the next-largest reconstruction deviation (observed 2.75e+04).,"Validate the underlying orders, discounts, returns, period timing, and customer context before action.",1,return_clawback_ratio,Return clawback ratio,0.5511658181818182,,1.0,169.47605132579807
REP_e7e9152643c7,2018-01-01,MGR_31981a685b7e,TEAM_4f4a9410ffcd,TERR_49c0203db75f,RPER_a2290b0ab891618d,injected,0.8191489361702128,PCA_RECONSTRUCTION_RETURN_CLAWBACK_RATIO,Return clawback ratio was the largest PCA reconstruction deviation (observed 0.5512).,Calculated incentive was the next-largest reconstruction deviation (observed 2.75e+04).,"Validate the underlying orders, discounts, returns, period timing, and customer context before action.",2,calculated_incentive,Calculated incentive,27500.0,,0.5384615384615384,61.46083595933686
REP_e7e9152643c7,2018-01-01,MGR_31981a685b7e,TEAM_4f4a9410ffcd,TERR_49c0203db75f,RPER_a2290b0ab891618d,injected,0.8191489361702128,PCA_RECONSTRUCTION_RETURN_CLAWBACK_RATIO,Return clawback ratio was the largest PCA reconstruction deviation (observed 0.5512).,Calculated incentive was the next-largest reconstruction deviation (observed 2.75e+04).,"Validate the underlying orders, discounts, returns, period timing, and customer context before action.",3,final_incentive_paid,Final incentive paid,27500.0,27500.0,0.6666666666666666,61.46083595933686
REP_e7e9152643c7,2018-02-01,MGR_31981a685b7e,TEAM_4f4a9410ffcd,TERR_49c0203db75f,RPER_b68a4e83af6624f8,injected,0.7680851063829788,PCA_RECONSTRUCTION_RETURN_RATE,Return rate was the largest PCA reconstruction deviation (observed 0.1858).,Calculated incentive was the next-largest reconstruction deviation (observed 2.629e+04).,"Validate the underlying orders, discounts, returns, period timing, and customer context before action.",1,return_rate,Return rate,0.18581306069372636,,1.0,61.68196904938689
REP_e7e9152643c7,2018-02-01,MGR_31981a685b7e,TEAM_4f4a9410ffcd,TERR_49c0203db75f,RPER_b68a4e83af6624f8,injected,0.7680851063829788,PCA_RECONSTRUCTION_RETURN_RATE,Return rate was the largest PCA reconstruction deviation (observed 0.1858).,Calculated incentive was the next-largest reconstruction deviation (observed 2.629e+04).,"Validate the underlying orders, discounts, returns, period timing, and customer context before action.",2,calculated_incentive,Calculated incentive,26292.86,,0.07692307692307693,54.298056243209274
REP_e7e9152643c7,2018-02-01,MGR_31981a685b7e,TEAM_4f4a9410ffcd,TERR_49c0203db75f,RPER_b68a4e83af6624f8,injected,0.7680851063829788,PCA_RECONSTRUCTION_RETURN_RATE,Return rate was the largest PCA reconstruction deviation (observed 0.1858).,Calculated incentive was the next-largest reconstruction deviation (observed 2.629e+04).,"Validate the underlying orders, discounts, returns, period timing, and customer context before action.",3,final_incentive_paid,Final incentive paid,26292.86,27500.0,0.25,54.298056243209274
REP_e7e9152643c7,2018-03-01,MGR_31981a685b7e,TEAM_4f4a9410ffcd,TERR_49c0203db75f,RPER_c9d8f4a392ca311e,injected,0.7340425531914894,PCA_RECONSTRUCTION_CALCULATED_INCENTIVE,Calculated incentive was the largest PCA reconstruction deviation (observed 2.75e+04).,Final incentive paid was the next-largest reconstruction deviation (observed 2.75e+04).,"Validate the target, policy tier, adjustment approval, and payout reconciliation before action.",1,calculated_incentive,Calculated incentive,27500.0,,0.5384615384615384,61.46083532510026
REP_e7e9152643c7,2018-03-01,MGR_31981a685b7e,TEAM_4f4a9410ffcd,TERR_49c0203db75f,RPER_c9d8f4a392ca311e,injected,0.7340425531914894,PCA_RECONSTRUCTION_CALCULATED_INCENTIVE,Calculated incentive was the largest PCA reconstruction deviation (observed 2.75e+04).,Final incentive paid was the next-largest reconstruction deviation (observed 2.75e+04).,"Validate the target, policy tier, adjustment approval, and payout reconciliation before action.",2,final_incentive_paid,Final incentive paid,27500.0,27500.0,0.625,61.46083532510026
REP_e7e9152643c7,2018-03-01,MGR_31981a685b7e,TEAM_4f4a9410ffcd,TERR_49c0203db75f,RPER_c9d8f4a392ca311e,injected,0.7340425531914894,PCA_RECONSTRUCTION_CALCULATED_INCENTIVE,Calculated incentive was the largest PCA reconstruction deviation (observed 2.75e+04).,Final incentive paid was the next-largest reconstruction deviation (observed 2.75e+04).,"Validate the target, policy tier, adjustment approval, and payout reconciliation before action.",3,expected_incentive,Expected incentive,27500.0,,0.5384615384615384,61.46083532510026
REP_e7e9152643c7,2018-04-01,MGR_31981a685b7e,TEAM_4f4a9410ffcd,TERR_49c0203db75f,RPER_a8f3a56a2873f099,injected,0.6106382978723405,PCA_RECONSTRUCTION_CALCULATED_INCENTIVE,Calculated incentive was the largest PCA reconstruction deviation (observed 2.75e+04).,Final incentive paid was the next-largest reconstruction deviation (observed 2.75e+04).,"Validate the target, policy tier, adjustment approval, and payout reconciliation before action.",1,calculated_incentive,Calculated incentive,27500.0,,0.7692307692307693,61.46083139330083
REP_e7e9152643c7,2018-04-01,MGR_31981a685b7e,TEAM_4f4a9410ffcd,TERR_49c0203db75f,RPER_a8f3a56a2873f099,injected,0.6106382978723405,PCA_RECONSTRUCTION_CALCULATED_INCENTIVE,Calculated incentive was the largest PCA reconstruction deviation (observed 2.75e+04).,Final incentive paid was the next-largest reconstruction deviation (observed 2.75e+04).,"Validate the target, policy tier, adjustment approval, and payout reconciliation before action.",2,final_incentive_paid,Final incentive paid,27500.0,26917.510000000002,0.875,61.46083139330083
REP_e7e9152643c7,2018-04-01,MGR_31981a685b7e,TEAM_4f4a9410ffcd,TERR_49c0203db75f,RPER_a8f3a56a2873f099,injected,0.6106382978723405,PCA_RECONSTRUCTION_CALCULATED_INCENTIVE,Calculated incentive was the largest PCA reconstruction deviation (observed 2.75e+04).,Final incentive paid was the next-largest reconstruction deviation (observed 2.75e+04).,"Validate the target, policy tier, adjustment approval, and payout reconciliation before action.",3,expected_incentive,Expected incentive,27500.0,,0.7692307692307693,61.46083139330083
REP_e7e9152643c7,2018-05-01,MGR_31981a685b7e,TEAM_4f4a9410ffcd,TERR_49c0203db75f,RPER_f9cbda4151f69f23,injected,0.44893617021276594,PCA_RECONSTRUCTION_CALCULATED_INCENTIVE,Calculated incentive was the largest PCA reconstruction deviation (observed 2.481e+04).,Final incentive paid was the next-largest reconstruction deviation (observed 2.481e+04).,"Validate the target, policy tier, adjustment approval, and payout reconciliation before action.",1,calculated_incentive,Calculated incentive,24805.32,,0.3076923076923077,45.66614050123718
REP_e7e9152643c7,2018-05-01,MGR_31981a685b7e,TEAM_4f4a9410ffcd,TERR_49c0203db75f,RPER_f9cbda4151f69f23,injected,0.44893617021276594,PCA_RECONSTRUCTION_CALCULATED_INCENTIVE,Calculated incentive was the largest PCA reconstruction deviation (observed 2.481e+04).,Final incentive paid was the next-largest reconstruction deviation (observed 2.481e+04).,"Validate the target, policy tier, adjustment approval, and payout reconciliation before action.",2,final_incentive_paid,Final incentive paid,24805.32,27500.0,0.25,45.66614050123718
REP_e7e9152643c7,2018-05-01,MGR_31981a685b7e,TEAM_4f4a9410ffcd,TERR_49c0203db75f,RPER_f9cbda4151f69f23,injected,0.44893617021276594,PCA_RECONSTRUCTION_CALCULATED_INCENTIVE,Calculated incentive was the largest PCA reconstruction deviation (observed 2.481e+04).,Final incentive paid was the next-largest reconstruction deviation (observed 2.481e+04).,"Validate the target, policy tier, adjustment approval, and payout reconciliation before action.",3,expected_incentive,Expected incentive,24805.32,,0.3076923076923077,45.66614050123718
REP_e7e9152643c7,2018-06-01,MGR_31981a685b7e,TEAM_4f4a9410ffcd,TERR_49c0203db75f,RPER_74fe2bdbe062d4e6,injected,0.6574468085106383,PCA_RECONSTRUCTION_CALCULATED_INCENTIVE,Calculated incentive was the largest PCA reconstruction deviation (observed 2.75e+04).,Final incentive paid was the next-largest reconstruction deviation (observed 2.75e+04).,"Validate the target, policy tier, adjustment approval, and payout reconciliation before action.",1,calculated_incentive,Calculated incentive,27500.0,,0.5769230769230769,61.460834159215786
REP_e7e9152643c7,2018-06-01,MGR_31981a685b7e,TEAM_4f4a9410ffcd,TERR_49c0203db75f,RPER_74fe2bdbe062d4e6,injected,0.6574468085106383,PCA_RECONSTRUCTION_CALCULATED_INCENTIVE,Calculated incentive was the largest PCA reconstruction deviation (observed 2.75e+04).,Final incentive paid was the next-largest reconstruction deviation (observed 2.75e+04).,"Validate the target, policy tier, adjustment approval, and payout reconciliation before action.",2,final_incentive_paid,Final incentive paid,27500.0,27500.0,0.625,61.460834159215786
REP_e7e9152643c7,2018-06-01,MGR_31981a685b7e,TEAM_4f4a9410ffcd,TERR_49c0203db75f,RPER_74fe2bdbe062d4e6,injected,0.6574468085106383,PCA_RECONSTRUCTION_CALCULATED_INCENTIVE,Calculated incentive was the largest PCA reconstruction deviation (observed 2.75e+04).,Final incentive paid was the next-largest reconstruction deviation (observed 2.75e+04).,"Validate the target, policy tier, adjustment approval, and payout reconciliation before action.",3,expected_incentive,Expected incentive,27500.0,,0.5769230769230769,61.460834159215786
REP_e7e9152643c7,2018-07-01,MGR_31981a685b7e,TEAM_4f4a9410ffcd,TERR_49c0203db75f,RPER_44997030a105e732,injected,0.7111473175998306,PCA_RECONSTRUCTION_CALCULATED_INCENTIVE,Calculated incentive was the largest PCA reconstruction deviation (observed 2.75e+04).,Final incentive paid was the next-largest reconstruction deviation (observed 2.75e+04).,"Validate the target, policy tier, adjustment approval, and payout reconciliation before action.",1,calculated_incentive,Calculated incentive,27500.0,,0.6153846153846154,61.460831661551566
REP_e7e9152643c7,2018-07-01,MGR_31981a685b7e,TEAM_4f4a9410ffcd,TERR_49c0203db75f,RPER_44997030a105e732,injected,0.7111473175998306,PCA_RECONSTRUCTION_CALCULATED_INCENTIVE,Calculated incentive was the largest PCA reconstruction deviation (observed 2.75e+04).,Final incentive paid was the next-largest reconstruction deviation (observed 2.75e+04).,"Validate the target, policy tier, adjustment approval, and payout reconciliation before action.",2,final_incentive_paid,Final incentive paid,27500.0,27500.0,0.75,61.460831661551566
REP_e7e9152643c7,2018-07-01,MGR_31981a685b7e,TEAM_4f4a9410ffcd,TERR_49c0203db75f,RPER_44997030a105e732,injected,0.7111473175998306,PCA_RECONSTRUCTION_CALCULATED_INCENTIVE,Calculated incentive was the largest PCA reconstruction deviation (observed 2.75e+04).,Final incentive paid was the next-largest reconstruction deviation (observed 2.75e+04).,"Validate the target, policy tier, adjustment approval, and payout reconciliation before action.",3,expected_incentive,Expected incentive,27500.0,,0.6153846153846154,61.460831661551566
REP_e7e9152643c7,2018-08-01,MGR_31981a685b7e,TEAM_4f4a9410ffcd,TERR_49c0203db75f,RPER_1e8c58eddede9794,injected,0.7040945861641882,PCA_RECONSTRUCTION_CALCULATED_INCENTIVE,Calculated incentive was the largest PCA reconstruction deviation (observed 2.75e+04).,Final incentive paid was the next-largest reconstruction deviation (observed 2.75e+04).,"Validate the target, policy tier, adjustment approval, and payout reconciliation before action.",1,calculated_incentive,Calculated incentive,27500.0,,0.6153846153846154,61.46083246585571
REP_e7e9152643c7,2018-08-01,MGR_31981a685b7e,TEAM_4f4a9410ffcd,TERR_49c0203db75f,RPER_1e8c58eddede9794,injected,0.7040945861641882,PCA_RECONSTRUCTION_CALCULATED_INCENTIVE,Calculated incentive was the largest PCA reconstruction deviation (observed 2.75e+04).,Final incentive paid was the next-largest reconstruction deviation (observed 2.75e+04).,"Validate the target, policy tier, adjustment approval, and payout reconciliation before action.",2,final_incentive_paid,Final incentive paid,27500.0,27500.0,0.625,61.46083246585571
REP_e7e9152643c7,2018-08-01,MGR_31981a685b7e,TEAM_4f4a9410ffcd,TERR_49c0203db75f,RPER_1e8c58eddede9794,injected,0.7040945861641882,PCA_RECONSTRUCTION_CALCULATED_INCENTIVE,Calculated incentive was the largest PCA reconstruction deviation (observed 2.75e+04).,Final incentive paid was the next-largest reconstruction deviation (observed 2.75e+04).,"Validate the target, policy tier, adjustment approval, and payout reconciliation before action.",3,expected_incentive,Expected incentive,27500.0,,0.6153846153846154,61.46083246585571
REP_e7e9152643c7,2018-09-01,MGR_31981a685b7e,TEAM_4f4a9410ffcd,TERR_49c0203db75f,RPER_b6193ba7d58b6ac5,injected,0.9646067291244421,PCA_RECONSTRUCTION_CALCULATED_INCENTIVE,Calculated incentive was the largest PCA reconstruction deviation (observed 0).,Final incentive paid was the next-largest reconstruction deviation (observed 0).,"Validate the target, policy tier, adjustment approval, and payout reconciliation before action.",1,calculated_incentive,Calculated incentive,0.0,,0.11538461538461539,9883.13302878806
REP_e7e9152643c7,2018-09-01,MGR_31981a685b7e,TEAM_4f4a9410ffcd,TERR_49c0203db75f,RPER_b6193ba7d58b6ac5,injected,0.9646067291244421,PCA_RECONSTRUCTION_CALCULATED_INCENTIVE,Calculated incentive was the largest PCA reconstruction deviation (observed 0).,Final incentive paid was the next-largest reconstruction deviation (observed 0).,"Validate the target, policy tier, adjustment approval, and payout reconciliation before action.",2,final_incentive_paid,Final incentive paid,0.0,27500.0,0.25,9883.13302878806
REP_e7e9152643c7,2018-09-01,MGR_31981a685b7e,TEAM_4f4a9410ffcd,TERR_49c0203db75f,RPER_b6193ba7d58b6ac5,injected,0.9646067291244421,PCA_RECONSTRUCTION_CALCULATED_INCENTIVE,Calculated incentive was the largest PCA reconstruction deviation (observed 0).,Final incentive paid was the next-largest reconstruction deviation (observed 0).,"Validate the target, policy tier, adjustment approval, and payout reconciliation before action.",3,expected_incentive,Expected incentive,0.0,,0.11538461538461539,9883.13302878806
REP_e7e9152643c7,2018-10-01,MGR_31981a685b7e,TEAM_4f4a9410ffcd,TERR_49c0203db75f,RPER_f240b44033dea271,injected,0.6913579465977748,PCA_RECONSTRUCTION_CALCULATED_INCENTIVE,Calculated incentive was the largest PCA reconstruction deviation (observed 2.75e+04).,Final incentive paid was the next-largest reconstruction deviation (observed 2.75e+04).,"Validate the target, policy tier, adjustment approval, and payout reconciliation before action.",1,calculated_incentive,Calculated incentive,27500.0,,0.5384615384615384,61.46082919107227
REP_e7e9152643c7,2018-10-01,MGR_31981a685b7e,TEAM_4f4a9410ffcd,TERR_49c0203db75f,RPER_f240b44033dea271,injected,0.6913579465977748,PCA_RECONSTRUCTION_CALCULATED_INCENTIVE,Calculated incentive was the largest PCA reconstruction deviation (observed 2.75e+04).,Final incentive paid was the next-largest reconstruction deviation (observed 2.75e+04).,"Validate the target, policy tier, adjustment approval, and payout reconciliation before action.",2,final_incentive_paid,Final incentive paid,27500.0,27500.0,0.625,61.46082919107227
REP_e7e9152643c7,2018-10-01,MGR_31981a685b7e,TEAM_4f4a9410ffcd,TERR_49c0203db75f,RPER_f240b44033dea271,injected,0.6913579465977748,PCA_RECONSTRUCTION_CALCULATED_INCENTIVE,Calculated incentive was the largest PCA reconstruction deviation (observed 2.75e+04).,Final incentive paid was the next-largest reconstruction deviation (observed 2.75e+04).,"Validate the target, policy tier, adjustment approval, and payout reconciliation before action.",3,expected_incentive,Expected incentive,27500.0,,0.5384615384615384,61.46082919107227
REP_e7e9152643c7,2018-11-01,MGR_31981a685b7e,TEAM_4f4a9410ffcd,TERR_49c0203db75f,RPER_f821fa164bd1cebe,injected,0.9616556259158654,PCA_RECONSTRUCTION_CALCULATED_INCENTIVE,Calculated incentive was the largest PCA reconstruction deviation (observed 0).,Final incentive paid was the next-largest reconstruction deviation (observed 0).,"Validate the target, policy tier, adjustment approval, and payout reconciliation before action.",1,calculated_incentive,Calculated incentive,0.0,,0.07692307692307693,9883.132972213547
REP_e7e9152643c7,2018-11-01,MGR_31981a685b7e,TEAM_4f4a9410ffcd,TERR_49c0203db75f,RPER_f821fa164bd1cebe,injected,0.9616556259158654,PCA_RECONSTRUCTION_CALCULATED_INCENTIVE,Calculated incentive was the largest PCA reconstruction deviation (observed 0).,Final incentive paid was the next-largest reconstruction deviation (observed 0).,"Validate the target, policy tier, adjustment approval, and payout reconciliation before action.",2,final_incentive_paid,Final incentive paid,0.0,27500.0,0.25,9883.132972213547
REP_e7e9152643c7,2018-11-01,MGR_31981a685b7e,TEAM_4f4a9410ffcd,TERR_49c0203db75f,RPER_f821fa164bd1cebe,injected,0.9616556259158654,PCA_RECONSTRUCTION_CALCULATED_INCENTIVE,Calculated incentive was the largest PCA reconstruction deviation (observed 0).,Final incentive paid was the next-largest reconstruction deviation (observed 0).,"Validate the target, policy tier, adjustment approval, and payout reconciliation before action.",3,expected_incentive,Expected incentive,0.0,,0.07692307692307693,9883.132972213547
REP_e7e9152643c7,2018-12-01,MGR_31981a685b7e,TEAM_4f4a9410ffcd,TERR_3170779e5944,RPER_e3b8ccd03b2e0461,injected,0.7974291075999674,PCA_RECONSTRUCTION_INCENTIVE_PEER_MEDIAN,Incentive peer median was the largest PCA reconstruction deviation (observed 1.375e+04).,Customer concentration hhi was the next-largest reconstruction deviation (observed 0.2525).,"Validate the target, policy tier, adjustment approval, and payout reconciliation before action.",1,incentive_peer_median,Incentive peer median,13750.0,,0.3076923076923077,53.74995112723291
REP_e7e9152643c7,2018-12-01,MGR_31981a685b7e,TEAM_4f4a9410ffcd,TERR_3170779e5944,RPER_e3b8ccd03b2e0461,injected,0.7974291075999674,PCA_RECONSTRUCTION_INCENTIVE_PEER_MEDIAN,Incentive peer median was the largest PCA reconstruction deviation (observed 1.375e+04).,Customer concentration hhi was the next-largest reconstruction deviation (observed 0.2525).,"Validate the target, policy tier, adjustment approval, and payout reconciliation before action.",2,customer_concentration_hhi,Customer concentration hhi,0.2525205000961144,,1.0,36.1434973833447
REP_e7e9152643c7,2018-12-01,MGR_31981a685b7e,TEAM_4f4a9410ffcd,TERR_3170779e5944,RPER_e3b8ccd03b2e0461,injected,0.7974291075999674,PCA_RECONSTRUCTION_INCENTIVE_PEER_MEDIAN,Incentive peer median was the largest PCA reconstruction deviation (observed 1.375e+04).,Customer concentration hhi was the next-largest reconstruction deviation (observed 0.2525).,"Validate the target, policy tier, adjustment approval, and payout reconciliation before action.",3,customer_sales_concentration,Customer sales concentration,0.2525205000961144,,1.0,36.1434973833447
REP_e7e9152643c7,2019-01-01,MGR_31981a685b7e,TEAM_4f4a9410ffcd,TERR_49c0203db75f,RPER_1febf733bd3d731d,injected,0.9735151479146464,PCA_RECONSTRUCTION_CALCULATED_INCENTIVE,Calculated incentive was the largest PCA reconstruction deviation (observed 0).,Final incentive paid was the next-largest reconstruction deviation (observed 0).,"Validate the target, policy tier, adjustment approval, and payout reconciliation before action.",1,calculated_incentive,Calculated incentive,0.0,,0.5384615384615384,9883.132389268667
REP_e7e9152643c7,2019-01-01,MGR_31981a685b7e,TEAM_4f4a9410ffcd,TERR_49c0203db75f,RPER_1febf733bd3d731d,injected,0.9735151479146464,PCA_RECONSTRUCTION_CALCULATED_INCENTIVE,Calculated incentive was the largest PCA reconstruction deviation (observed 0).,Final incentive paid was the next-largest reconstruction deviation (observed 0).,"Validate the target, policy tier, adjustment approval, and payout reconciliation before action.",2,final_incentive_paid,Final incentive paid,0.0,295.9,0.375,9883.132389268667
REP_e7e9152643c7,2019-01-01,MGR_31981a685b7e,TEAM_4f4a9410ffcd,TERR_49c0203db75f,RPER_1febf733bd3d731d,injected,0.9735151479146464,PCA_RECONSTRUCTION_CALCULATED_INCENTIVE,Calculated incentive was the largest PCA reconstruction deviation (observed 0).,Final incentive paid was the next-largest reconstruction deviation (observed 0).,"Validate the target, policy tier, adjustment approval, and payout reconciliation before action.",3,expected_incentive,Expected incentive,0.0,,0.5384615384615384,9883.132389268667
REP_e7e9152643c7,2019-02-01,MGR_31981a685b7e,TEAM_4f4a9410ffcd,TERR_49c0203db75f,RPER_4e75d8c53d39c001,injected,0.7936918908345065,PCA_RECONSTRUCTION_CALCULATED_INCENTIVE,Calculated incentive was the largest PCA reconstruction deviation (observed 3e+04).,Final incentive paid was the next-largest reconstruction deviation (observed 3e+04).,"Validate the target, policy tier, adjustment approval, and payout reconciliation before action.",1,calculated_incentive,Calculated incentive,30000.0,,0.5769230769230769,76.6084805559316
REP_e7e9152643c7,2019-02-01,MGR_31981a685b7e,TEAM_4f4a9410ffcd,TERR_49c0203db75f,RPER_4e75d8c53d39c001,injected,0.7936918908345065,PCA_RECONSTRUCTION_CALCULATED_INCENTIVE,Calculated incentive was the largest PCA reconstruction deviation (observed 3e+04).,Final incentive paid was the next-largest reconstruction deviation (observed 3e+04).,"Validate the target, policy tier, adjustment approval, and payout reconciliation before action.",2,final_incentive_paid,Final incentive paid,30000.0,30000.0,0.625,76.6084805559316
REP_e7e9152643c7,2019-02-01,MGR_31981a685b7e,TEAM_4f4a9410ffcd,TERR_49c0203db75f,RPER_4e75d8c53d39c001,injected,0.7936918908345065,PCA_RECONSTRUCTION_CALCULATED_INCENTIVE,Calculated incentive was the largest PCA reconstruction deviation (observed 3e+04).,Final incentive paid was the next-largest reconstruction deviation (observed 3e+04).,"Validate the target, policy tier, adjustment approval, and payout reconciliation before action.",3,expected_incentive,Expected incentive,30000.0,,0.5769230769230769,76.6084805559316
REP_e7e9152643c7,2019-03-01,MGR_31981a685b7e,TEAM_4f4a9410ffcd,TERR_49c0203db75f,RPER_baa4f08266bbfdce,injected,0.7567888421993132,PCA_RECONSTRUCTION_CALCULATED_INCENTIVE,Calculated incentive was the largest PCA reconstruction deviation (observed 3e+04).,Final incentive paid was the next-largest reconstruction deviation (observed 3e+04).,"Validate the target, policy tier, adjustment approval, and payout reconciliation before action.",1,calculated_incentive,Calculated incentive,30000.0,,0.5769230769230769,76.60848932765954
REP_e7e9152643c7,2019-03-01,MGR_31981a685b7e,TEAM_4f4a9410ffcd,TERR_49c0203db75f,RPER_baa4f08266bbfdce,injected,0.7567888421993132,PCA_RECONSTRUCTION_CALCULATED_INCENTIVE,Calculated incentive was the largest PCA reconstruction deviation (observed 3e+04).,Final incentive paid was the next-largest reconstruction deviation (observed 3e+04).,"Validate the target, policy tier, adjustment approval, and payout reconciliation before action.",2,final_incentive_paid,Final incentive paid,30000.0,30000.0,0.75,76.60848932765954
REP_e7e9152643c7,2019-03-01,MGR_31981a685b7e,TEAM_4f4a9410ffcd,TERR_49c0203db75f,RPER_baa4f08266bbfdce,injected,0.7567888421993132,PCA_RECONSTRUCTION_CALCULATED_INCENTIVE,Calculated incentive was the largest PCA reconstruction deviation (observed 3e+04).,Final incentive paid was the next-largest reconstruction deviation (observed 3e+04).,"Validate the target, policy tier, adjustment approval, and payout reconciliation before action.",3,expected_incentive,Expected incentive,30000.0,,0.5769230769230769,76.60848932765954
REP_e7e9152643c7,2019-04-01,MGR_31981a685b7e,TEAM_4f4a9410ffcd,TERR_49c0203db75f,RPER_ea74cbebc4be3252,injected,0.8149863543362226,PCA_RECONSTRUCTION_OBSERVED_VISIT_HOURS,Observed visit hours was the largest PCA reconstruction deviation (observed 50.6).,Visit converted customer count was the next-largest reconstruction deviation (observed 59).,"Validate visit, CRM, route, and expense records with the representative and manager before action.",1,observed_visit_hours,Observed visit hours,50.6,,0.07692307692307693,50.1225992027213
REP_e7e9152643c7,2019-04-01,MGR_31981a685b7e,TEAM_4f4a9410ffcd,TERR_49c0203db75f,RPER_ea74cbebc4be3252,injected,0.8149863543362226,PCA_RECONSTRUCTION_OBSERVED_VISIT_HOURS,Observed visit hours was the largest PCA reconstruction deviation (observed 50.6).,Visit converted customer count was the next-largest reconstruction deviation (observed 59).,"Validate visit, CRM, route, and expense records with the representative and manager before action.",2,visit_converted_customer_count,Visit converted customer count,59.0,,0.11538461538461539,47.153939009672996
REP_e7e9152643c7,2019-04-01,MGR_31981a685b7e,TEAM_4f4a9410ffcd,TERR_49c0203db75f,RPER_ea74cbebc4be3252,injected,0.8149863543362226,PCA_RECONSTRUCTION_OBSERVED_VISIT_HOURS,Observed visit hours was the largest PCA reconstruction deviation (observed 50.6).,Visit converted customer count was the next-largest reconstruction deviation (observed 59).,"Validate visit, CRM, route, and expense records with the representative and manager before action.",3,estimated_visit_travel_km,Estimated visit travel km,1736.0227253496514,,0.07692307692307693,29.532541989661127
