capacity_record_id,rep_id,rep_name,manager_id,manager_name,team_id,team_name,territory_id,territory_name,active_territory_count,dominant_territory_activity_share,fractional_territory_allocation,period,working_days,leave_days,holiday_days,training_hours,administrative_hours,meeting_hours,standard_field_hours_per_day,standard_working_days_per_month,gross_rostered_field_hours,non_field_hours,available_field_hours,planned_visit_hours,planned_travel_hours,observed_visit_hours,observed_travel_hours,excess_service_visit_hours,excess_service_travel_hours,excess_service_hours,required_customer_coverage_hours,required_priority_customer_coverage_hours,required_total_hours,utilization_pct,capacity_utilization_pct,required_fte,available_fte,fte_gap,customer_coverage_gap,priority_customer_coverage_gap,customer_coverage_pct,average_travel_hours,workload_per_active_customer,legacy_normalized_workload_index,workload_risk_band,capacity_risk_band,overload_flag,capacity_overload_flag,data_lineage,synthetic_seed,distinct_customers,transaction_count,distinct_cities,distinct_products,distributor_count,legacy_distinct_customers_training_median,legacy_transaction_count_training_median,legacy_distinct_cities_training_median,legacy_distinct_products_training_median,legacy_distributor_count_training_median,legacy_workload_training_end,legacy_workload_formula,hire_date,employment_status,role_grade,active_customer_count,priority_customer_count,required_visit_count,priority_required_visit_count,credited_planned_visit_count,credited_completed_visit_count,planned_visit_count,completed_visit_count,excess_service_visit_count,observed_visit_count,observed_completed_visit_count,priority_customer_coverage_gap_pct,core_required_hours,workload_buffer_hours,nominal_full_time_hours,capacity_zero_denominator_flag,required_hours,available_hours,risk_medium_threshold_pct,risk_high_threshold_pct,risk_critical_threshold_pct,overload_threshold_pct,required_hours_formula,required_workload_scope,numeric_visit_frequency_period_divisor,capacity_methodology
CAPCAL_8ef84997ed6c0c60,REP_0dfc420450a6,Abigail Thompson,MGR_eb86f856200b,Tracy Banks,TEAM_f144a6907dc4,Bravo,TERR_07a5ea4d7ed4,Bravo / Germany,1,1.0,TERR_07a5ea4d7ed4:1.00000000,2017-01-01,21,2.0,2.0,5.0,26.0,6.811004335609031,8.0,21,136.0,37.81100433560903,98.18899566439097,37.618948412698415,29.963731423606212,67.7,53.068153591038296,30.081051587301587,23.104422167432084,53.18547375473367,30.364050978243608,6.9954908704253125,105.7824692797121,107.73352814532856,107.73352814532856,0.6296575552363816,0.5844583075261367,0.04519924771024486,23.375,6.25,82.44131455399061,0.6445669681060012,1.175360769774579,0.8244096144445858,high,high,True,True,synthetic_derived,42,225,312,225,176,13,283.5,396.0,283.0,194.0,13.0,2018-06-01,"distinct_customers: weight=0.4, training_median=283.5; transaction_count: weight=0.25, training_median=396; distinct_cities: weight=0.15, training_median=283; distinct_products: weight=0.1, training_median=194; distributor_count: weight=0.1, training_median=13",2015-02-18,active,experienced,90,38,133.125,71.25,110.625,109.75,46.486607142857146,47.942708333333336,37.513392857142854,84,82,8.771929824561402,97.94673081454825,7.8357384651638595,168.0,False,105.7824692797121,98.18899566439097,85.0,100.0,120.0,100.0,cadence_aligned_planned_visit_hours + cadence_aligned_planned_travel_hours + unplanned_required_coverage_hours + preparation_follow_up_buffer,cadence-aligned service attributed to servicing reps; uncovered obligations attributed to dynamic portfolio owners; observed excess retained as diagnostics; all served territories retained as fractional transaction allocations,1.6,deterministic_hours_plus_legacy_normalized_workload
CAPCAL_66e6b26b6761af61,REP_200ef690040c,Mary Gerrard,MGR_31981a685b7e,Britanny Bold,TEAM_4f4a9410ffcd,Delta,TERR_49c0203db75f,Delta / Germany,1,1.0,TERR_49c0203db75f:1.00000000,2017-01-01,21,0.0,1.0,10.0,21.0,7.104880464652645,8.0,21,160.0,38.104880464652645,121.89511953534736,35.416666666666664,28.133012659308005,58.06666666666666,45.203468237830364,22.65,17.07045557852236,39.72045557852236,38.75976777301476,2.4749999999999996,110.49420286690858,90.64694574163593,90.64694574163593,0.6577035884935034,0.7255661877104009,-0.06786259921689752,29.75,1.75,72.48554913294798,0.6174598114525762,1.4732560382254478,0.86610890578369,medium,medium,False,False,synthetic_derived,42,249,327,249,178,11,283.5,396.0,283.0,194.0,13.0,2018-06-01,"distinct_customers: weight=0.4, training_median=283.5; transaction_count: weight=0.25, training_median=396; distinct_cities: weight=0.15, training_median=283; distinct_products: weight=0.1, training_median=194; distributor_count: weight=0.1, training_median=13",2015-01-06,active,experienced,75,28,108.125,52.5,79.625,78.375,45.5625,45.114583333333336,28.4375,74,71,3.3333333333333335,102.30944709898942,8.184755767919153,168.0,False,110.49420286690858,121.89511953534736,85.0,100.0,120.0,100.0,cadence_aligned_planned_visit_hours + cadence_aligned_planned_travel_hours + unplanned_required_coverage_hours + preparation_follow_up_buffer,cadence-aligned service attributed to servicing reps; uncovered obligations attributed to dynamic portfolio owners; observed excess retained as diagnostics; all served territories retained as fractional transaction allocations,1.6,deterministic_hours_plus_legacy_normalized_workload
CAPCAL_8109e415d61c2f6f,REP_2234ec3bee93,Daniel Gates,MGR_4b97498897f6,Alisha Cordwell,TEAM_b9dd960c1753,Charlie,TERR_938541fb7311,Charlie / Germany,1,1.0,TERR_938541fb7311:1.00000000,2017-01-01,21,1.0,2.0,10.0,16.0,8.052378086515358,8.0,21,144.0,34.05237808651536,109.94762191348464,35.82919146825397,26.120171127107227,65.26666666666667,47.44646928955208,29.4374751984127,21.326298162444854,50.76377336085755,30.610103331021776,5.118088919602274,99.9642232004936,90.91985934825698,90.91985934825698,0.5950251380981763,0.6544501304374085,-0.05942499233923226,23.875,3.75,70.3875968992248,0.5612032802831493,1.7235210896636828,0.8662921190016438,medium,medium,False,False,synthetic_derived,42,248,315,247,168,13,283.5,396.0,283.0,194.0,13.0,2018-06-01,"distinct_customers: weight=0.4, training_median=283.5; transaction_count: weight=0.25, training_median=396; distinct_cities: weight=0.15, training_median=283; distinct_products: weight=0.1, training_median=194; distributor_count: weight=0.1, training_median=13",2012-10-27,active,senior,58,23,80.625,43.125,58.0,56.75,46.54315476190476,44.87202380952381,37.45684523809524,84,76,8.695652173913043,92.55946592638297,7.404757274110637,168.0,False,99.9642232004936,109.94762191348464,85.0,100.0,120.0,100.0,cadence_aligned_planned_visit_hours + cadence_aligned_planned_travel_hours + unplanned_required_coverage_hours + preparation_follow_up_buffer,cadence-aligned service attributed to servicing reps; uncovered obligations attributed to dynamic portfolio owners; observed excess retained as diagnostics; all served territories retained as fractional transaction allocations,1.6,deterministic_hours_plus_legacy_normalized_workload
CAPCAL_a5e34fb410006ef2,REP_56269a9759c4,Anne Wu,MGR_31981a685b7e,Britanny Bold,TEAM_4f4a9410ffcd,Delta,TERR_49c0203db75f,Delta / Germany,1,1.0,TERR_49c0203db75f:1.00000000,2017-01-01,21,0.0,1.0,11.0,18.0,4.526645992050188,8.0,21,160.0,33.52664599205019,126.47335400794981,39.95017361111111,31.715125971203417,67.75,53.954391040049366,27.79982638888889,22.239265068845953,50.03909145773484,20.87611304880822,0.0,99.94472564161258,79.02433395996623,79.02433395996623,0.5949090812000749,0.7528175833806536,-0.15790850218057872,17.5,0.875,72.81553398058253,0.6438646763737862,2.1727114269915777,0.8140775045893864,low,low,False,False,synthetic_derived,42,230,286,229,170,13,283.5,396.0,283.0,194.0,13.0,2018-06-01,"distinct_customers: weight=0.4, training_median=283.5; transaction_count: weight=0.25, training_median=396; distinct_cities: weight=0.15, training_median=283; distinct_products: weight=0.1, training_median=194; distributor_count: weight=0.1, training_median=13",2015-04-14,active,experienced,46,12,64.375,22.5,49.0,46.875,49.257440476190474,43.671875,34.742559523809526,84,72,3.888888888888889,92.54141263112275,7.40331301048982,168.0,False,99.94472564161258,126.47335400794981,85.0,100.0,120.0,100.0,cadence_aligned_planned_visit_hours + cadence_aligned_planned_travel_hours + unplanned_required_coverage_hours + preparation_follow_up_buffer,cadence-aligned service attributed to servicing reps; uncovered obligations attributed to dynamic portfolio owners; observed excess retained as diagnostics; all served territories retained as fractional transaction allocations,1.6,deterministic_hours_plus_legacy_normalized_workload
CAPCAL_ba4c149e74994fd0,REP_6003efb01f5e,Sheila Stones,MGR_31981a685b7e,Britanny Bold,TEAM_4f4a9410ffcd,Delta,TERR_49c0203db75f,Delta / Germany,1,1.0,TERR_49c0203db75f:1.00000000,2017-01-01,21,2.0,2.0,6.0,24.0,8.07034238897743,8.0,21,136.0,38.07034238897743,97.92965761102258,37.80381944444444,30.370465267079176,66.6,52.91705229948567,28.796180555555555,22.546587032406492,51.34276758796205,12.879009814734522,1.2374999999999998,87.5375580883588,89.38819988124406,89.38819988124406,0.521056893383088,0.5829146286370391,-0.06185773525395111,10.375,1.875,82.88659793814433,0.6410652299119615,2.135062392398995,0.8191076763217426,medium,medium,False,False,synthetic_derived,42,232,304,232,179,11,283.5,396.0,283.0,194.0,13.0,2018-06-01,"distinct_customers: weight=0.4, training_median=283.5; transaction_count: weight=0.25, training_median=396; distinct_cities: weight=0.15, training_median=283; distinct_products: weight=0.1, training_median=194; distributor_count: weight=0.1, training_median=13",2014-08-03,active,experienced,41,17,60.625,31.875,51.25,50.25,47.375,45.588541666666664,36.625,84,77,5.88235294117647,81.05329452625814,6.484263562100652,168.0,False,87.5375580883588,97.92965761102258,85.0,100.0,120.0,100.0,cadence_aligned_planned_visit_hours + cadence_aligned_planned_travel_hours + unplanned_required_coverage_hours + preparation_follow_up_buffer,cadence-aligned service attributed to servicing reps; uncovered obligations attributed to dynamic portfolio owners; observed excess retained as diagnostics; all served territories retained as fractional transaction allocations,1.6,deterministic_hours_plus_legacy_normalized_workload
CAPCAL_37f9ae5e926e88b3,REP_6daf09991b71,Jimmy Grey,MGR_4b97498897f6,Alisha Cordwell,TEAM_b9dd960c1753,Charlie,TERR_938541fb7311,Charlie / Germany,1,1.0,TERR_938541fb7311:1.00000000,2017-01-01,21,1.0,1.0,12.0,18.0,8.777426582838896,8.0,21,152.0,38.7774265828389,113.2225734171611,36.04025297619047,28.60214738382201,63.11666666666667,50.253705604736375,27.07641369047619,21.651558220914364,48.727971911390554,16.917491149245738,0.0,88.08468282999888,77.79781025242792,77.79781025242792,0.5243135882738029,0.6739438893878636,-0.14963030111406073,12.75,0.0,77.82608695652173,0.6103535309113204,2.0972543530952117,0.8453162918047319,low,low,False,False,synthetic_derived,42,245,317,244,166,11,283.5,396.0,283.0,194.0,13.0,2018-06-01,"distinct_customers: weight=0.4, training_median=283.5; transaction_count: weight=0.25, training_median=396; distinct_cities: weight=0.15, training_median=283; distinct_products: weight=0.1, training_median=194; distributor_count: weight=0.1, training_median=13",2012-08-25,active,senior,42,13,57.5,24.375,45.0,44.75,46.861607142857146,44.96875,36.138392857142854,83,76,0.0,81.55989150925822,6.524791320740658,168.0,False,88.08468282999888,113.2225734171611,85.0,100.0,120.0,100.0,cadence_aligned_planned_visit_hours + cadence_aligned_planned_travel_hours + unplanned_required_coverage_hours + preparation_follow_up_buffer,cadence-aligned service attributed to servicing reps; uncovered obligations attributed to dynamic portfolio owners; observed excess retained as diagnostics; all served territories retained as fractional transaction allocations,1.6,deterministic_hours_plus_legacy_normalized_workload
CAPCAL_3d9a8f77d161982f,REP_82f7cb811b80,Stella Given,MGR_4b97498897f6,Alisha Cordwell,TEAM_b9dd960c1753,Charlie,TERR_938541fb7311,Charlie / Germany,1,1.0,TERR_938541fb7311:1.00000000,2017-01-01,21,0.0,0.0,6.0,19.0,8.755618815474804,8.0,21,168.0,33.755618815474804,134.2443811845252,38.68313492063492,29.117519781920706,66.58333333333333,49.10788625274248,27.900198412698412,19.990366470821776,47.89056488352019,14.004256167207156,1.1086242079119533,88.3493037393438,65.8122917024762,65.8122917024762,0.5258887127341892,0.7990736975269357,-0.27318498479274644,13.375,1.75,73.25,0.6092972938111327,2.454147326092883,0.8398612379035071,low,low,False,False,synthetic_derived,42,241,306,241,168,12,283.5,396.0,283.0,194.0,13.0,2018-06-01,"distinct_customers: weight=0.4, training_median=283.5; transaction_count: weight=0.25, training_median=396; distinct_cities: weight=0.15, training_median=283; distinct_products: weight=0.1, training_median=194; distributor_count: weight=0.1, training_median=13",2013-04-26,active,senior,36,11,50.0,20.625,39.5,36.625,47.788690476190474,47.767857142857146,34.211309523809526,82,77,8.484848484848486,81.80491086976278,6.5443928695810225,168.0,False,88.3493037393438,134.2443811845252,85.0,100.0,120.0,100.0,cadence_aligned_planned_visit_hours + cadence_aligned_planned_travel_hours + unplanned_required_coverage_hours + preparation_follow_up_buffer,cadence-aligned service attributed to servicing reps; uncovered obligations attributed to dynamic portfolio owners; observed excess retained as diagnostics; all served territories retained as fractional transaction allocations,1.6,deterministic_hours_plus_legacy_normalized_workload
CAPCAL_0d74e5c2d3b72cb3,REP_a132178ac1b8,Alan Ray,MGR_5e1c70ff0ce6,James Goodwill,TEAM_a405eba78bf2,Alfa,TERR_b31415d90eb9,Alfa / Germany,1,1.0,TERR_b31415d90eb9:1.00000000,2017-01-01,21,2.0,2.0,9.0,23.0,4.148474025829865,8.0,21,136.0,36.14847402582986,99.85152597417013,39.64747023809524,32.26785546030829,66.81666666666666,53.58338225056837,27.16919642857143,21.315526790260076,48.484723218831505,10.808642937561105,3.7124999999999995,89.34188612684181,89.47473286482675,89.47473286482675,0.5317969412312012,0.5943543212748222,-0.06255738004362099,9.125,2.625,80.27027027027027,0.6403637962709577,2.978062870894727,0.8372267539146706,medium,medium,False,False,synthetic_derived,42,234,316,234,177,12,283.5,396.0,283.0,194.0,13.0,2018-06-01,"distinct_customers: weight=0.4, training_median=283.5; transaction_count: weight=0.25, training_median=396; distinct_cities: weight=0.15, training_median=283; distinct_products: weight=0.1, training_median=194; distributor_count: weight=0.1, training_median=13",2012-12-18,active,senior,30,16,46.25,30.0,38.375,37.125,50.389880952380956,50.252232142857146,33.610119047619044,84,80,8.75,82.72396863596464,6.617917490877171,168.0,False,89.34188612684181,99.85152597417013,85.0,100.0,120.0,100.0,cadence_aligned_planned_visit_hours + cadence_aligned_planned_travel_hours + unplanned_required_coverage_hours + preparation_follow_up_buffer,cadence-aligned service attributed to servicing reps; uncovered obligations attributed to dynamic portfolio owners; observed excess retained as diagnostics; all served territories retained as fractional transaction allocations,1.6,deterministic_hours_plus_legacy_normalized_workload
CAPCAL_9937f96b8dc6afff,REP_bba68d031906,Steve Pepple,MGR_eb86f856200b,Tracy Banks,TEAM_f144a6907dc4,Bravo,TERR_07a5ea4d7ed4,Bravo / Germany,1,1.0,TERR_07a5ea4d7ed4:1.00000000,2017-01-01,21,0.0,2.0,5.0,19.0,7.904357027915939,8.0,21,152.0,31.90435702791594,120.09564297208406,35.76106150793651,30.324925339698563,64.13333333333334,53.226861719853865,28.372271825396826,22.9019363801553,51.27420820555212,17.28048505739166,5.118088919602274,90.03578965742886,74.97007171055945,74.97007171055945,0.5359273193894575,0.7148550176909766,-0.1789276983015191,12.75,3.75,70.43478260869566,0.6570905693830792,2.9043803115299633,0.8390257514654925,low,low,False,False,synthetic_derived,42,238,296,238,175,13,283.5,396.0,283.0,194.0,13.0,2018-06-01,"distinct_customers: weight=0.4, training_median=283.5; transaction_count: weight=0.25, training_median=396; distinct_cities: weight=0.15, training_median=283; distinct_products: weight=0.1, training_median=194; distributor_count: weight=0.1, training_median=13",2016-09-24,active,experienced,31,12,43.125,22.5,30.375,30.375,46.15029761904762,47.023065476190474,35.84970238095238,82,78,16.666666666666664,83.36647190502673,6.669317752402138,168.0,False,90.03578965742886,120.09564297208406,85.0,100.0,120.0,100.0,cadence_aligned_planned_visit_hours + cadence_aligned_planned_travel_hours + unplanned_required_coverage_hours + preparation_follow_up_buffer,cadence-aligned service attributed to servicing reps; uncovered obligations attributed to dynamic portfolio owners; observed excess retained as diagnostics; all served territories retained as fractional transaction allocations,1.6,deterministic_hours_plus_legacy_normalized_workload
CAPCAL_3fd216a65a2ecd7c,REP_c56e2fba156a,Thompson Crawford,MGR_5e1c70ff0ce6,James Goodwill,TEAM_a405eba78bf2,Alfa,TERR_b31415d90eb9,Alfa / Germany,1,1.0,TERR_b31415d90eb9:1.00000000,2017-01-01,21,0.0,1.0,12.0,17.0,4.347794195792883,8.0,21,160.0,33.347794195792886,126.65220580420711,37.35364583333333,30.997533488978032,63.28333333333333,51.65564751595788,25.9296875,20.65811402697985,46.58780152697985,4.605160930978045,0.0,78.79284747355257,62.2119819968704,62.2119819968704,0.46900504448543195,0.7538821774059947,-0.28487713292056277,3.375,0.0,88.9795918367347,0.6306682765022628,3.5814930669796623,0.9055670660173532,low,low,False,False,synthetic_derived,42,256,329,255,182,14,283.5,396.0,283.0,194.0,13.0,2018-06-01,"distinct_customers: weight=0.4, training_median=283.5; transaction_count: weight=0.25, training_median=396; distinct_cities: weight=0.15, training_median=283; distinct_products: weight=0.1, training_median=194; distributor_count: weight=0.1, training_median=13",2014-02-24,active,senior,22,7,30.625,13.125,27.25,27.25,49.15029761904762,48.932291666666664,33.84970238095238,83,80,0.0,72.95634025328941,5.836507220263153,168.0,False,78.79284747355257,126.65220580420711,85.0,100.0,120.0,100.0,cadence_aligned_planned_visit_hours + cadence_aligned_planned_travel_hours + unplanned_required_coverage_hours + preparation_follow_up_buffer,cadence-aligned service attributed to servicing reps; uncovered obligations attributed to dynamic portfolio owners; observed excess retained as diagnostics; all served territories retained as fractional transaction allocations,1.6,deterministic_hours_plus_legacy_normalized_workload
CAPCAL_aab09bf2ab808a27,REP_d21d2dd167c5,Morris Garcia,MGR_eb86f856200b,Tracy Banks,TEAM_f144a6907dc4,Bravo,TERR_07a5ea4d7ed4,Bravo / Germany,1,1.0,TERR_07a5ea4d7ed4:1.00000000,2017-01-01,21,2.0,1.0,6.0,24.0,7.4495782739476635,8.0,21,144.0,37.449578273947665,106.55042172605233,35.534573412698414,29.981798773867652,63.61666666666667,52.829047857468105,28.082093253968253,22.847249083600452,50.929342337568706,9.812445960246823,2.4749999999999996,81.35512359855791,76.35363828753951,76.35363828753951,0.48425668808665423,0.6342287007503116,-0.14997201266365734,8.375,1.75,72.6530612244898,0.6377490749569215,3.537179286893822,0.8532032131410721,low,low,False,False,synthetic_derived,42,248,321,248,179,10,283.5,396.0,283.0,194.0,13.0,2018-06-01,"distinct_customers: weight=0.4, training_median=283.5; transaction_count: weight=0.25, training_median=396; distinct_cities: weight=0.15, training_median=283; distinct_products: weight=0.1, training_median=194; distributor_count: weight=0.1, training_median=13",2014-01-05,active,senior,23,6,30.625,11.25,23.5,22.25,47.01190476190476,41.835565476190474,36.98809523809524,84,73,15.555555555555555,75.32881814681288,6.0263054517450305,168.0,False,81.35512359855791,106.55042172605233,85.0,100.0,120.0,100.0,cadence_aligned_planned_visit_hours + cadence_aligned_planned_travel_hours + unplanned_required_coverage_hours + preparation_follow_up_buffer,cadence-aligned service attributed to servicing reps; uncovered obligations attributed to dynamic portfolio owners; observed excess retained as diagnostics; all served territories retained as fractional transaction allocations,1.6,deterministic_hours_plus_legacy_normalized_workload
CAPCAL_f02627e8b77f4fd8,REP_db1cc40d477a,Erica Jones,MGR_5e1c70ff0ce6,James Goodwill,TEAM_a405eba78bf2,Alfa,TERR_b31415d90eb9,Alfa / Germany,1,1.0,TERR_b31415d90eb9:1.00000000,2017-01-01,21,1.0,0.0,11.0,24.0,4.459511616231144,8.0,21,160.0,39.45951161623115,120.54048838376886,41.630406746031746,31.138908329062534,68.48333333333333,51.02289848400371,26.85292658730159,19.883990154941177,46.73691674224276,7.078313816260701,2.236418446989674,86.23543920266339,71.54064195269616,71.54064195269616,0.5133061857301392,0.7175029070462432,-0.204196721316104,6.625,1.75,85.27777777777777,0.6101395613812113,2.8745146400887793,0.8225357792891763,low,low,False,False,synthetic_derived,42,234,305,233,163,12,283.5,396.0,283.0,194.0,13.0,2018-06-01,"distinct_customers: weight=0.4, training_median=283.5; transaction_count: weight=0.25, training_median=396; distinct_cities: weight=0.15, training_median=283; distinct_products: weight=0.1, training_median=194; distributor_count: weight=0.1, training_median=13",2013-02-07,active,senior,30,14,45.0,26.25,39.625,38.375,51.035714285714285,52.02827380952381,32.964285714285715,84,79,6.666666666666667,79.84762889135499,6.3878103113083995,168.0,False,86.23543920266339,120.54048838376886,85.0,100.0,120.0,100.0,cadence_aligned_planned_visit_hours + cadence_aligned_planned_travel_hours + unplanned_required_coverage_hours + preparation_follow_up_buffer,cadence-aligned service attributed to servicing reps; uncovered obligations attributed to dynamic portfolio owners; observed excess retained as diagnostics; all served territories retained as fractional transaction allocations,1.6,deterministic_hours_plus_legacy_normalized_workload
CAPCAL_6a8975b1e4d0c907,REP_e7e9152643c7,Jessica Smith,MGR_31981a685b7e,Britanny Bold,TEAM_4f4a9410ffcd,Delta,TERR_49c0203db75f,Delta / Germany,1,1.0,TERR_49c0203db75f:1.00000000,2017-01-01,21,2.0,1.0,6.0,25.0,6.323440085931296,8.0,21,144.0,37.323440085931296,106.6765599140687,36.029786706349206,27.864121945793297,67.2,50.90808857221704,31.170213293650793,23.043966626423742,54.214179920074535,12.530621317480765,2.160921236490709,82.53849236719313,77.37266034232867,77.37266034232867,0.491300549804721,0.634979523298028,-0.143678973493307,9.375,1.75,74.57627118644068,0.6055850565191816,3.174557398738197,0.8389389065170457,low,low,False,False,synthetic_derived,42,234,309,233,175,13,283.5,396.0,283.0,194.0,13.0,2018-06-01,"distinct_customers: weight=0.4, training_median=283.5; transaction_count: weight=0.25, training_median=396; distinct_cities: weight=0.15, training_median=283; distinct_products: weight=0.1, training_median=194; distributor_count: weight=0.1, training_median=13",2015-11-19,active,experienced,26,12,36.875,22.5,27.5,27.5,46.01190476190476,46.252232142857146,37.98809523809524,84,77,7.777777777777778,76.42452996962326,6.113962397569861,168.0,False,82.53849236719313,106.6765599140687,85.0,100.0,120.0,100.0,cadence_aligned_planned_visit_hours + cadence_aligned_planned_travel_hours + unplanned_required_coverage_hours + preparation_follow_up_buffer,cadence-aligned service attributed to servicing reps; uncovered obligations attributed to dynamic portfolio owners; observed excess retained as diagnostics; all served territories retained as fractional transaction allocations,1.6,deterministic_hours_plus_legacy_normalized_workload
CAPCAL_59ac72916515a02c,REP_0dfc420450a6,Abigail Thompson,MGR_eb86f856200b,Tracy Banks,TEAM_f144a6907dc4,Bravo,TERR_07a5ea4d7ed4,Bravo / Germany,1,1.0,TERR_07a5ea4d7ed4:1.00000000,2017-02-01,21,2.0,1.0,5.0,26.0,8.935378650532133,8.0,21,144.0,39.93537865053213,104.06462134946787,34.41821676587301,26.393903079814024,68.86666666666666,52.40720747217469,34.44844990079365,26.013304392360666,60.46175429315432,35.17990163570105,5.734732520224293,103.67138319989914,99.62212119309197,99.62212119309197,0.6170915666660663,0.6194322699373087,-0.0023407032712423614,26.25,4.375,78.01047120418848,0.6247077652026988,1.312295989872141,0.8834242553036951,medium,medium,False,False,synthetic_derived,42,249,339,248,183,12,283.5,396.0,283.0,194.0,13.0,2018-06-01,"distinct_customers: weight=0.4, training_median=283.5; transaction_count: weight=0.25, training_median=396; distinct_cities: weight=0.15, training_median=283; distinct_products: weight=0.1, training_median=194; distributor_count: weight=0.1, training_median=13",2015-02-18,active,experienced,79,38,119.375,71.25,93.375,93.125,42.25,41.945684523809526,41.75,84,78,6.140350877192982,95.9920214813881,7.679361718511047,168.0,False,103.67138319989914,104.06462134946787,85.0,100.0,120.0,100.0,cadence_aligned_planned_visit_hours + cadence_aligned_planned_travel_hours + unplanned_required_coverage_hours + preparation_follow_up_buffer,cadence-aligned service attributed to servicing reps; uncovered obligations attributed to dynamic portfolio owners; observed excess retained as diagnostics; all served territories retained as fractional transaction allocations,1.6,deterministic_hours_plus_legacy_normalized_workload
CAPCAL_105b0dc88cc902e5,REP_200ef690040c,Mary Gerrard,MGR_31981a685b7e,Britanny Bold,TEAM_4f4a9410ffcd,Delta,TERR_49c0203db75f,Delta / Germany,1,1.0,TERR_49c0203db75f:1.00000000,2017-02-01,21,0.0,1.0,10.0,21.0,4.475763242444517,8.0,21,160.0,35.475763242444515,124.52423675755549,37.34258432539683,29.219119426587,69.68333333333334,53.58531475828014,32.34074900793651,24.366195331693145,56.70694433962965,37.08596788397029,2.2415700239065925,111.93948536683044,89.89373336595739,89.89373336595739,0.6663064605168478,0.7412156949854494,-0.07490923446860154,27.625,1.75,74.0,0.6499262947773684,1.492526471557739,0.8933160557216451,medium,medium,False,False,synthetic_derived,42,247,347,246,185,13,283.5,396.0,283.0,194.0,13.0,2018-06-01,"distinct_customers: weight=0.4, training_median=283.5; transaction_count: weight=0.25, training_median=396; distinct_cities: weight=0.15, training_median=283; distinct_products: weight=0.1, training_median=194; distributor_count: weight=0.1, training_median=13",2015-01-06,active,experienced,75,29,106.25,54.375,78.875,78.625,44.957589285714285,42.37202380952381,39.042410714285715,84,76,3.218390804597701,103.64767163595411,8.29181373087633,168.0,False,111.93948536683044,124.52423675755549,85.0,100.0,120.0,100.0,cadence_aligned_planned_visit_hours + cadence_aligned_planned_travel_hours + unplanned_required_coverage_hours + preparation_follow_up_buffer,cadence-aligned service attributed to servicing reps; uncovered obligations attributed to dynamic portfolio owners; observed excess retained as diagnostics; all served territories retained as fractional transaction allocations,1.6,deterministic_hours_plus_legacy_normalized_workload
CAPCAL_4f6666113eec0939,REP_2234ec3bee93,Daniel Gates,MGR_4b97498897f6,Alisha Cordwell,TEAM_b9dd960c1753,Charlie,TERR_938541fb7311,Charlie / Germany,1,1.0,TERR_938541fb7311:1.00000000,2017-02-01,21,1.0,2.0,10.0,16.0,8.068351082053809,8.0,21,144.0,34.06835108205381,109.93164891794619,38.240451388888886,31.635009647197013,65.16666666666667,52.52779792500077,26.92621527777778,20.892788277803753,47.81900355558153,25.517710018519388,2.4542829296661086,103.02462473897371,93.71698300993562,93.71698300993562,0.6132418139224626,0.654355053083013,-0.04111323916055043,20.375,1.75,76.71428571428571,0.6403230868348311,1.6889282744094052,0.8608044426407145,medium,medium,False,False,synthetic_derived,42,240,317,240,184,13,283.5,396.0,283.0,194.0,13.0,2018-06-01,"distinct_customers: weight=0.4, training_median=283.5; transaction_count: weight=0.25, training_median=396; distinct_cities: weight=0.15, training_median=283; distinct_products: weight=0.1, training_median=194; distributor_count: weight=0.1, training_median=13",2012-10-27,active,senior,61,23,87.5,43.125,68.875,67.125,49.404761904761905,49.50372023809524,34.595238095238095,84,80,4.057971014492753,95.39317105460529,7.631453684368424,168.0,False,103.02462473897371,109.93164891794619,85.0,100.0,120.0,100.0,cadence_aligned_planned_visit_hours + cadence_aligned_planned_travel_hours + unplanned_required_coverage_hours + preparation_follow_up_buffer,cadence-aligned service attributed to servicing reps; uncovered obligations attributed to dynamic portfolio owners; observed excess retained as diagnostics; all served territories retained as fractional transaction allocations,1.6,deterministic_hours_plus_legacy_normalized_workload
CAPCAL_0d585541132e9d44,REP_56269a9759c4,Anne Wu,MGR_31981a685b7e,Britanny Bold,TEAM_4f4a9410ffcd,Delta,TERR_49c0203db75f,Delta / Germany,1,1.0,TERR_49c0203db75f:1.00000000,2017-02-01,21,0.0,0.0,11.0,18.0,8.531119723679478,8.0,21,168.0,37.53111972367948,130.46888027632053,35.490699404761905,28.666340257856262,66.36666666666666,51.118702825397285,30.875967261904762,22.452362567541023,53.328329829445785,28.88382908851851,2.5035898922834687,100.4841382512276,77.01770570760773,77.01770570760773,0.5981198705430215,0.7766004778352412,-0.1784806072922197,22.25,1.875,72.40310077519379,0.6188271785052574,1.7943596116290643,0.8977257489406408,low,low,False,False,synthetic_derived,42,255,344,255,181,12,283.5,396.0,283.0,194.0,13.0,2018-06-01,"distinct_customers: weight=0.4, training_median=283.5; transaction_count: weight=0.25, training_median=396; distinct_cities: weight=0.15, training_median=283; distinct_products: weight=0.1, training_median=194; distributor_count: weight=0.1, training_median=13",2015-04-14,active,experienced,56,20,80.625,37.5,59.375,58.375,46.323660714285715,44.05282738095238,37.676339285714285,84,77,5.0,93.04086875113667,7.443269500090934,168.0,False,100.4841382512276,130.46888027632053,85.0,100.0,120.0,100.0,cadence_aligned_planned_visit_hours + cadence_aligned_planned_travel_hours + unplanned_required_coverage_hours + preparation_follow_up_buffer,cadence-aligned service attributed to servicing reps; uncovered obligations attributed to dynamic portfolio owners; observed excess retained as diagnostics; all served territories retained as fractional transaction allocations,1.6,deterministic_hours_plus_legacy_normalized_workload
CAPCAL_b7d35006950dbfb2,REP_6003efb01f5e,Sheila Stones,MGR_31981a685b7e,Britanny Bold,TEAM_4f4a9410ffcd,Delta,TERR_49c0203db75f,Delta / Germany,1,1.0,TERR_49c0203db75f:1.00000000,2017-02-01,21,2.0,2.0,6.0,24.0,6.318150017216597,8.0,21,136.0,36.318150017216595,99.6818499827834,38.606944444444444,30.832423162700536,67.15,52.10417134654527,28.543055555555554,21.271748183844736,49.81480373940029,21.21918933675727,5.992502925505306,97.91124149941443,98.22374034623677,98.22374034623677,0.5828050089250859,0.5933443451356155,-0.010539336210529604,16.75,5.375,73.72549019607844,0.6334170485114798,2.175805366653654,0.8826132085778061,medium,medium,False,False,synthetic_derived,42,254,337,252,181,11,283.5,396.0,283.0,194.0,13.0,2018-06-01,"distinct_customers: weight=0.4, training_median=283.5; transaction_count: weight=0.25, training_median=396; distinct_cities: weight=0.15, training_median=283; distinct_products: weight=0.1, training_median=194; distributor_count: weight=0.1, training_median=13",2014-08-03,active,experienced,45,13,63.75,24.375,48.125,47.0,48.676339285714285,49.189732142857146,35.323660714285715,84,82,22.05128205128205,90.65855694390225,7.252684555512181,168.0,False,97.91124149941443,99.6818499827834,85.0,100.0,120.0,100.0,cadence_aligned_planned_visit_hours + cadence_aligned_planned_travel_hours + unplanned_required_coverage_hours + preparation_follow_up_buffer,cadence-aligned service attributed to servicing reps; uncovered obligations attributed to dynamic portfolio owners; observed excess retained as diagnostics; all served territories retained as fractional transaction allocations,1.6,deterministic_hours_plus_legacy_normalized_workload
CAPCAL_896cb17281bd003c,REP_6daf09991b71,Jimmy Grey,MGR_4b97498897f6,Alisha Cordwell,TEAM_b9dd960c1753,Charlie,TERR_938541fb7311,Charlie / Germany,1,1.0,TERR_938541fb7311:1.00000000,2017-02-01,21,1.0,0.0,12.0,18.0,5.968416484600539,8.0,21,160.0,35.96841648460054,124.03158351539946,37.411644345238095,30.021550799925993,64.18333333333334,50.819124916752415,26.77168898809524,20.79757411682642,47.56926310492166,21.956637058079266,2.1270461862930863,96.54101877950282,77.83583506979618,77.83583506979618,0.5746489213065644,0.738283235210711,-0.16363431390414662,17.25,2.625,75.13513513513513,0.6113294184282375,1.9308203755900564,0.982134109339706,low,low,False,False,synthetic_derived,42,277,397,277,197,12,283.5,396.0,283.0,194.0,13.0,2018-06-01,"distinct_customers: weight=0.4, training_median=283.5; transaction_count: weight=0.25, training_median=396; distinct_cities: weight=0.15, training_median=283; distinct_products: weight=0.1, training_median=194; distributor_count: weight=0.1, training_median=13",2012-08-25,active,senior,50,16,69.375,30.0,53.0,52.125,49.108630952380956,47.973214285714285,34.891369047619044,84,79,8.75,89.38983220324336,7.151186576259469,168.0,False,96.54101877950282,124.03158351539946,85.0,100.0,120.0,100.0,cadence_aligned_planned_visit_hours + cadence_aligned_planned_travel_hours + unplanned_required_coverage_hours + preparation_follow_up_buffer,cadence-aligned service attributed to servicing reps; uncovered obligations attributed to dynamic portfolio owners; observed excess retained as diagnostics; all served territories retained as fractional transaction allocations,1.6,deterministic_hours_plus_legacy_normalized_workload
CAPCAL_529455324f4af9c9,REP_82f7cb811b80,Stella Given,MGR_4b97498897f6,Alisha Cordwell,TEAM_b9dd960c1753,Charlie,TERR_938541fb7311,Charlie / Germany,1,1.0,TERR_938541fb7311:1.00000000,2017-02-01,21,0.0,2.0,6.0,19.0,5.2179607691410705,8.0,21,152.0,30.217960769141072,121.78203923085893,36.34047619047619,27.940576250840333,67.18333333333334,50.26849130343999,30.84285714285714,22.327915052599653,53.17077219545679,20.860061994524354,3.7124999999999995,91.95240359070814,75.50571838955369,75.50571838955369,0.5473357356589771,0.7248930906598746,-0.17755735500089753,15.25,2.625,68.31168831168831,0.6086245458854037,2.7044824585502396,0.9378888481301265,low,low,False,False,synthetic_derived,42,271,356,270,185,12,283.5,396.0,283.0,194.0,13.0,2018-06-01,"distinct_customers: weight=0.4, training_median=283.5; transaction_count: weight=0.25, training_median=396; distinct_cities: weight=0.15, training_median=283; distinct_products: weight=0.1, training_median=194; distributor_count: weight=0.1, training_median=13",2013-04-26,active,senior,34,16,48.125,30.0,32.875,32.875,45.907738095238095,45.779761904761905,38.092261904761905,84,78,8.75,85.14111443584088,6.8112891548672705,168.0,False,91.95240359070814,121.78203923085893,85.0,100.0,120.0,100.0,cadence_aligned_planned_visit_hours + cadence_aligned_planned_travel_hours + unplanned_required_coverage_hours + preparation_follow_up_buffer,cadence-aligned service attributed to servicing reps; uncovered obligations attributed to dynamic portfolio owners; observed excess retained as diagnostics; all served territories retained as fractional transaction allocations,1.6,deterministic_hours_plus_legacy_normalized_workload
CAPCAL_6354996ed3833d56,REP_a132178ac1b8,Alan Ray,MGR_5e1c70ff0ce6,James Goodwill,TEAM_a405eba78bf2,Alfa,TERR_b31415d90eb9,Alfa / Germany,1,1.0,TERR_b31415d90eb9:1.00000000,2017-02-01,21,2.0,1.0,9.0,23.0,7.298602822141154,8.0,21,144.0,39.298602822141156,104.70139717785884,36.63644593253968,27.801593065054615,67.81666666666666,51.25164446999086,31.180220734126983,23.45005140493624,54.63027213906322,17.618904199099568,6.197675584051346,88.62149865242935,84.64213567454675,84.64213567454675,0.5275089205501747,0.6232226022491597,-0.09571368169898498,15.0,5.5,67.12328767123287,0.6158783761238404,2.9540499550809782,0.9016076891005552,low,low,False,False,synthetic_derived,42,257,344,257,181,12,283.5,396.0,283.0,194.0,13.0,2018-06-01,"distinct_customers: weight=0.4, training_median=283.5; transaction_count: weight=0.25, training_median=396; distinct_cities: weight=0.15, training_median=283; distinct_products: weight=0.1, training_median=194; distributor_count: weight=0.1, training_median=13",2012-12-18,active,senior,30,15,45.625,28.125,32.625,30.625,45.14136904761905,44.76636904761905,38.85863095238095,84,81,19.555555555555557,82.05694319669385,6.564555455735508,168.0,False,88.62149865242935,104.70139717785884,85.0,100.0,120.0,100.0,cadence_aligned_planned_visit_hours + cadence_aligned_planned_travel_hours + unplanned_required_coverage_hours + preparation_follow_up_buffer,cadence-aligned service attributed to servicing reps; uncovered obligations attributed to dynamic portfolio owners; observed excess retained as diagnostics; all served territories retained as fractional transaction allocations,1.6,deterministic_hours_plus_legacy_normalized_workload
CAPCAL_8f537cbe419feb87,REP_bba68d031906,Steve Pepple,MGR_eb86f856200b,Tracy Banks,TEAM_f144a6907dc4,Bravo,TERR_07a5ea4d7ed4,Bravo / Germany,1,1.0,TERR_07a5ea4d7ed4:1.00000000,2017-02-01,21,0.0,1.0,5.0,19.0,4.38964915867843,8.0,21,160.0,28.38964915867843,131.61035084132158,34.61702628968254,26.3085099417667,67.4,49.97115745862862,32.782973710317464,23.662647516861913,56.44562122717937,21.62073867617876,6.163285897881809,89.14997690023824,67.73781570396659,67.73781570396659,0.53065462440618,0.783394945484057,-0.2527403210778769,16.0,4.5,54.285714285714285,0.6075158475951762,3.56599907600953,0.9106291593066513,low,low,False,False,synthetic_derived,42,262,347,262,176,12,283.5,396.0,283.0,194.0,13.0,2018-06-01,"distinct_customers: weight=0.4, training_median=283.5; transaction_count: weight=0.25, training_median=396; distinct_cities: weight=0.15, training_median=283; distinct_products: weight=0.1, training_median=194; distributor_count: weight=0.1, training_median=13",2016-09-24,active,experienced,25,8,35.0,15.0,19.0,19.0,43.305059523809526,44.138392857142854,40.694940476190474,84,80,30.0,82.546274907628,6.60370199261024,168.0,False,89.14997690023824,131.61035084132158,85.0,100.0,120.0,100.0,cadence_aligned_planned_visit_hours + cadence_aligned_planned_travel_hours + unplanned_required_coverage_hours + preparation_follow_up_buffer,cadence-aligned service attributed to servicing reps; uncovered obligations attributed to dynamic portfolio owners; observed excess retained as diagnostics; all served territories retained as fractional transaction allocations,1.6,deterministic_hours_plus_legacy_normalized_workload
CAPCAL_e5dbb7f88791eebc,REP_c56e2fba156a,Thompson Crawford,MGR_5e1c70ff0ce6,James Goodwill,TEAM_a405eba78bf2,Alfa,TERR_b31415d90eb9,Alfa / Germany,1,1.0,TERR_b31415d90eb9:1.00000000,2017-02-01,21,0.0,2.0,12.0,17.0,5.551590415458009,8.0,21,152.0,34.55159041545801,117.44840958454199,37.04086061507937,27.76086780957144,68.61666666666666,50.349234477048974,31.5758060515873,22.588366667477533,54.16417271906484,12.486368273182642,2.4749999999999996,83.47114443366013,71.07047658536042,71.07047658536042,0.4968520502003579,0.6990976760984642,-0.2022456258981063,10.125,2.75,73.44262295081967,0.618872849257962,2.878315325298625,0.9544116223344666,low,low,False,False,synthetic_derived,42,273,376,273,184,12,283.5,396.0,283.0,194.0,13.0,2018-06-01,"distinct_customers: weight=0.4, training_median=283.5; transaction_count: weight=0.25, training_median=396; distinct_cities: weight=0.15, training_median=283; distinct_products: weight=0.1, training_median=194; distributor_count: weight=0.1, training_median=13",2014-02-24,active,senior,29,9,38.125,16.875,29.0,28.0,44.857142857142854,42.65997023809524,39.142857142857146,84,77,16.296296296296298,77.28809669783345,6.183047735826676,168.0,False,83.47114443366013,117.44840958454199,85.0,100.0,120.0,100.0,cadence_aligned_planned_visit_hours + cadence_aligned_planned_travel_hours + unplanned_required_coverage_hours + preparation_follow_up_buffer,cadence-aligned service attributed to servicing reps; uncovered obligations attributed to dynamic portfolio owners; observed excess retained as diagnostics; all served territories retained as fractional transaction allocations,1.6,deterministic_hours_plus_legacy_normalized_workload
CAPCAL_4bc74fee8db21b05,REP_d21d2dd167c5,Morris Garcia,MGR_eb86f856200b,Tracy Banks,TEAM_f144a6907dc4,Bravo,TERR_07a5ea4d7ed4,Bravo / Germany,1,1.0,TERR_07a5ea4d7ed4:1.00000000,2017-02-01,21,2.0,2.0,6.0,24.0,8.160045616458092,8.0,21,136.0,38.16004561645809,97.83995438354191,32.379290674603176,26.961197853828043,63.516666666666666,50.581961101622234,31.137375992063493,23.620763247794187,54.758139239857684,9.760089590543434,0.0,74.62862436849262,76.27622563675912,76.27622563675912,0.44421800219340846,0.5823806808544161,-0.13816267866100762,8.0,0.0,80.3076923076923,0.6397007664497288,2.665308013160451,0.8322297950710091,low,low,False,False,synthetic_derived,42,233,325,232,176,11,283.5,396.0,283.0,194.0,13.0,2018-06-01,"distinct_customers: weight=0.4, training_median=283.5; transaction_count: weight=0.25, training_median=396; distinct_cities: weight=0.15, training_median=283; distinct_products: weight=0.1, training_median=194; distributor_count: weight=0.1, training_median=13",2014-01-05,active,senior,28,11,40.625,20.625,33.5,32.625,42.14657738095238,40.96502976190476,38.85342261904762,81,76,0.0,69.10057811897465,5.528046249517972,168.0,False,74.62862436849262,97.83995438354191,85.0,100.0,120.0,100.0,cadence_aligned_planned_visit_hours + cadence_aligned_planned_travel_hours + unplanned_required_coverage_hours + preparation_follow_up_buffer,cadence-aligned service attributed to servicing reps; uncovered obligations attributed to dynamic portfolio owners; observed excess retained as diagnostics; all served territories retained as fractional transaction allocations,1.6,deterministic_hours_plus_legacy_normalized_workload
CAPCAL_17c9bd16d026b93f,REP_db1cc40d477a,Erica Jones,MGR_5e1c70ff0ce6,James Goodwill,TEAM_a405eba78bf2,Alfa,TERR_b31415d90eb9,Alfa / Germany,1,1.0,TERR_b31415d90eb9:1.00000000,2017-02-01,21,1.0,1.0,11.0,24.0,7.49945654146355,8.0,21,152.0,42.49945654146355,109.50054345853644,31.483370535714286,24.93081641599886,61.65,49.0355127985104,30.166629464285712,24.104696382511545,54.27132584679726,15.281680376608621,2.441464746529813,77.43153671458751,70.71338120244836,70.71338120244836,0.4609020042534971,0.651788949157955,-0.19088694490445796,13.375,1.875,60.370370370370374,0.6114642370725659,3.0972614685835005,0.9139804654574912,low,low,False,False,synthetic_derived,42,259,355,259,184,12,283.5,396.0,283.0,194.0,13.0,2018-06-01,"distinct_customers: weight=0.4, training_median=283.5; transaction_count: weight=0.25, training_median=396; distinct_cities: weight=0.15, training_median=283; distinct_products: weight=0.1, training_median=194; distributor_count: weight=0.1, training_median=13",2013-02-07,active,senior,25,6,33.75,11.25,22.375,20.375,40.77232142857143,38.985863095238095,39.22767857142857,80,74,16.666666666666664,71.69586732832177,5.735669386265742,168.0,False,77.43153671458751,109.50054345853644,85.0,100.0,120.0,100.0,cadence_aligned_planned_visit_hours + cadence_aligned_planned_travel_hours + unplanned_required_coverage_hours + preparation_follow_up_buffer,cadence-aligned service attributed to servicing reps; uncovered obligations attributed to dynamic portfolio owners; observed excess retained as diagnostics; all served territories retained as fractional transaction allocations,1.6,deterministic_hours_plus_legacy_normalized_workload
CAPCAL_f082b52ea632f338,REP_e7e9152643c7,Jessica Smith,MGR_31981a685b7e,Britanny Bold,TEAM_4f4a9410ffcd,Delta,TERR_49c0203db75f,Delta / Germany,1,1.0,TERR_49c0203db75f:1.00000000,2017-02-01,21,2.0,2.0,6.0,25.0,8.43507520310102,8.0,21,136.0,39.43507520310102,96.56492479689898,33.40212053571429,26.188379980827282,66.48333333333333,51.15490288575658,33.081212797619045,24.9665229049293,58.047735702548344,7.506543290930138,0.0,72.46480731206944,75.04257624026704,75.04257624026704,0.4313381387623181,0.5747912190291606,-0.14345308026684256,6.5,0.875,67.5,0.6158521608033292,5.176057665147817,0.8599854785884743,low,low,False,False,synthetic_derived,42,247,321,247,181,11,283.5,396.0,283.0,194.0,13.0,2018-06-01,"distinct_customers: weight=0.4, training_median=283.5; transaction_count: weight=0.25, training_median=396; distinct_cities: weight=0.15, training_median=283; distinct_products: weight=0.1, training_median=194; distributor_count: weight=0.1, training_median=13",2015-11-19,active,experienced,14,5,20.0,9.375,14.375,13.5,42.523809523809526,41.042410714285715,41.476190476190474,84,76,9.333333333333334,67.0970438074717,5.367763504597737,168.0,False,72.46480731206944,96.56492479689898,85.0,100.0,120.0,100.0,cadence_aligned_planned_visit_hours + cadence_aligned_planned_travel_hours + unplanned_required_coverage_hours + preparation_follow_up_buffer,cadence-aligned service attributed to servicing reps; uncovered obligations attributed to dynamic portfolio owners; observed excess retained as diagnostics; all served territories retained as fractional transaction allocations,1.6,deterministic_hours_plus_legacy_normalized_workload
CAPCAL_f0e119c32f7152ef,REP_0dfc420450a6,Abigail Thompson,MGR_eb86f856200b,Tracy Banks,TEAM_f144a6907dc4,Bravo,TERR_07a5ea4d7ed4,Bravo / Germany,1,1.0,TERR_07a5ea4d7ed4:1.00000000,2017-03-01,21,2.0,2.0,5.0,26.0,5.961169463631723,8.0,21,136.0,36.96116946363172,99.03883053636828,34.09537450396825,27.554717836224256,64.33333333333333,50.935605248664686,30.23795882936508,23.38088741244043,53.618846241805514,49.64089926494607,1.2374999999999998,120.19427093354966,121.36075343641386,121.36075343641386,0.7154420888901766,0.5895168484307636,0.125925240459413,38.5,1.75,69.04522613065328,0.6127424472920696,1.365843987881246,0.9236902500042581,critical,critical,True,True,synthetic_derived,42,268,359,267,180,11,283.5,396.0,283.0,194.0,13.0,2018-06-01,"distinct_customers: weight=0.4, training_median=283.5; transaction_count: weight=0.25, training_median=396; distinct_cities: weight=0.15, training_median=283; distinct_products: weight=0.1, training_median=194; distributor_count: weight=0.1, training_median=13",2015-02-18,active,experienced,88,29,124.375,54.375,87.75,85.875,44.96949404761905,41.62797619047619,39.03050595238095,84,76,3.218390804597701,111.29099160513857,8.903279328411086,168.0,False,120.19427093354966,99.03883053636828,85.0,100.0,120.0,100.0,cadence_aligned_planned_visit_hours + cadence_aligned_planned_travel_hours + unplanned_required_coverage_hours + preparation_follow_up_buffer,cadence-aligned service attributed to servicing reps; uncovered obligations attributed to dynamic portfolio owners; observed excess retained as diagnostics; all served territories retained as fractional transaction allocations,1.6,deterministic_hours_plus_legacy_normalized_workload
CAPCAL_52d832db2d52d343,REP_200ef690040c,Mary Gerrard,MGR_31981a685b7e,Britanny Bold,TEAM_4f4a9410ffcd,Delta,TERR_49c0203db75f,Delta / Germany,1,1.0,TERR_49c0203db75f:1.00000000,2017-03-01,21,0.0,2.0,10.0,21.0,6.123916456378822,8.0,21,152.0,37.12391645637882,114.87608354362118,38.331684027777776,29.09533381564995,71.46666666666667,53.53119739284223,33.134982638888886,24.43586357719228,57.570846216081165,47.24431327719059,1.2374999999999998,123.8450376102678,107.80750334619555,107.80750334619555,0.7371728429182607,0.6837862115691736,0.053386631349087055,36.5,2.625,72.05741626794259,0.6466698966137512,1.37605597344742,1.0039454229746327,high,high,True,True,synthetic_derived,42,283,405,283,192,13,283.5,396.0,283.0,194.0,13.0,2018-06-01,"distinct_customers: weight=0.4, training_median=283.5; transaction_count: weight=0.25, training_median=396; distinct_cities: weight=0.15, training_median=283; distinct_products: weight=0.1, training_median=194; distributor_count: weight=0.1, training_median=13",2015-01-06,active,experienced,90,38,130.625,71.25,95.875,94.125,44.992559523809526,45.901785714285715,39.007440476190474,84,82,3.684210526315789,114.67133112061833,9.173706489649467,168.0,False,123.8450376102678,114.87608354362118,85.0,100.0,120.0,100.0,cadence_aligned_planned_visit_hours + cadence_aligned_planned_travel_hours + unplanned_required_coverage_hours + preparation_follow_up_buffer,cadence-aligned service attributed to servicing reps; uncovered obligations attributed to dynamic portfolio owners; observed excess retained as diagnostics; all served territories retained as fractional transaction allocations,1.6,deterministic_hours_plus_legacy_normalized_workload
CAPCAL_431462828df23ca8,REP_2234ec3bee93,Daniel Gates,MGR_4b97498897f6,Alisha Cordwell,TEAM_b9dd960c1753,Charlie,TERR_938541fb7311,Charlie / Germany,1,1.0,TERR_938541fb7311:1.00000000,2017-03-01,21,1.0,1.0,10.0,16.0,4.218079472046247,8.0,21,152.0,30.21807947204625,121.78192052795376,36.69434523809524,28.362470554792104,67.6,51.010077779717726,30.905654761904763,22.647607224925622,53.553261986830385,29.008097045337568,4.923720720191191,101.5901058652829,83.41969433957478,83.41969433957478,0.6047030111028744,0.7248923840949628,-0.12018937299208843,22.5,3.625,73.33333333333333,0.6222926803193252,1.7515535494014292,0.8964821564200154,low,low,False,False,synthetic_derived,42,248,353,248,179,13,283.5,396.0,283.0,194.0,13.0,2018-06-01,"distinct_customers: weight=0.4, training_median=283.5; transaction_count: weight=0.25, training_median=396; distinct_cities: weight=0.15, training_median=283; distinct_products: weight=0.1, training_median=194; distributor_count: weight=0.1, training_median=13",2012-10-27,active,senior,58,26,84.375,48.75,63.125,61.875,45.577380952380956,39.311755952380956,38.422619047619044,84,71,7.435897435897436,94.0649128382249,7.525193027057992,168.0,False,101.5901058652829,121.78192052795376,85.0,100.0,120.0,100.0,cadence_aligned_planned_visit_hours + cadence_aligned_planned_travel_hours + unplanned_required_coverage_hours + preparation_follow_up_buffer,cadence-aligned service attributed to servicing reps; uncovered obligations attributed to dynamic portfolio owners; observed excess retained as diagnostics; all served territories retained as fractional transaction allocations,1.6,deterministic_hours_plus_legacy_normalized_workload
CAPCAL_8d20614d66c9cb49,REP_56269a9759c4,Anne Wu,MGR_31981a685b7e,Britanny Bold,TEAM_4f4a9410ffcd,Delta,TERR_49c0203db75f,Delta / Germany,1,1.0,TERR_49c0203db75f:1.00000000,2017-03-01,21,0.0,0.0,11.0,18.0,4.427635943107759,8.0,21,168.0,33.42763594310776,134.57236405689224,36.262934027777774,28.57058492277331,67.61666666666666,52.53960652808446,31.35373263888889,23.96902160531115,55.32275424420004,23.813887425240043,2.4749999999999996,95.7391988858544,71.14328380630914,71.14328380630914,0.5698761838443714,0.8010259765291204,-0.231149792684749,18.5,1.75,66.74157303370787,0.6362589871950313,2.39347997214636,0.9197641354874546,low,low,False,False,synthetic_derived,42,265,353,265,190,11,283.5,396.0,283.0,194.0,13.0,2018-06-01,"distinct_customers: weight=0.4, training_median=283.5; transaction_count: weight=0.25, training_median=396; distinct_cities: weight=0.15, training_median=283; distinct_products: weight=0.1, training_median=194; distributor_count: weight=0.1, training_median=13",2015-04-14,active,experienced,40,11,55.625,20.625,38.125,37.125,44.904017857142854,44.825892857142854,39.09598214285714,84,82,8.484848484848486,88.64740637579112,7.09179251006329,168.0,False,95.7391988858544,134.57236405689224,85.0,100.0,120.0,100.0,cadence_aligned_planned_visit_hours + cadence_aligned_planned_travel_hours + unplanned_required_coverage_hours + preparation_follow_up_buffer,cadence-aligned service attributed to servicing reps; uncovered obligations attributed to dynamic portfolio owners; observed excess retained as diagnostics; all served territories retained as fractional transaction allocations,1.6,deterministic_hours_plus_legacy_normalized_workload
CAPCAL_3c9a6656129888bf,REP_6003efb01f5e,Sheila Stones,MGR_31981a685b7e,Britanny Bold,TEAM_4f4a9410ffcd,Delta,TERR_49c0203db75f,Delta / Germany,1,1.0,TERR_49c0203db75f:1.00000000,2017-03-01,21,2.0,1.0,6.0,24.0,5.932722931396489,8.0,21,144.0,35.93272293139649,108.06727706860352,34.19373759920635,26.989991672461002,66.55,51.436951087703996,32.35626240079365,24.446959415242997,56.80322181603665,12.154695742465009,3.7965444598011366,79.20549901526294,73.29276832336723,73.29276832336723,0.47146130366227945,0.6432576015988305,-0.17179629793655105,9.25,2.75,83.91304347826087,0.6278915185174061,2.0309102311605884,0.9361739414280003,low,low,False,False,synthetic_derived,42,266,367,266,186,12,283.5,396.0,283.0,194.0,13.0,2018-06-01,"distinct_customers: weight=0.4, training_median=283.5; transaction_count: weight=0.25, training_median=396; distinct_cities: weight=0.15, training_median=283; distinct_products: weight=0.1, training_median=194; distributor_count: weight=0.1, training_median=13",2014-08-03,active,experienced,39,17,57.5,31.875,48.5,48.25,42.98511904761905,43.167410714285715,40.01488095238095,83,81,8.627450980392156,73.33842501413235,5.867074001130589,168.0,False,79.20549901526294,108.06727706860352,85.0,100.0,120.0,100.0,cadence_aligned_planned_visit_hours + cadence_aligned_planned_travel_hours + unplanned_required_coverage_hours + preparation_follow_up_buffer,cadence-aligned service attributed to servicing reps; uncovered obligations attributed to dynamic portfolio owners; observed excess retained as diagnostics; all served territories retained as fractional transaction allocations,1.6,deterministic_hours_plus_legacy_normalized_workload
CAPCAL_ec6aaa900fbf77bb,REP_6daf09991b71,Jimmy Grey,MGR_4b97498897f6,Alisha Cordwell,TEAM_b9dd960c1753,Charlie,TERR_938541fb7311,Charlie / Germany,1,1.0,TERR_938541fb7311:1.00000000,2017-03-01,21,1.0,2.0,12.0,18.0,4.8968318830747,8.0,21,144.0,34.8968318830747,109.1031681169253,34.095424107142854,27.06931357691216,66.1,50.51342122076672,32.00457589285714,23.44410764385456,55.448683536711705,17.02254218233569,1.1173567830633662,84.44226225570195,77.39670965851846,77.39670965851846,0.5026325134267973,0.649423619743603,-0.1467911063168057,12.625,0.875,74.43037974683544,0.6120240469579763,2.412636064448627,0.8448327907110527,low,low,False,False,synthetic_derived,42,236,317,236,183,12,283.5,396.0,283.0,194.0,13.0,2018-06-01,"distinct_customers: weight=0.4, training_median=283.5; transaction_count: weight=0.25, training_median=396; distinct_cities: weight=0.15, training_median=283; distinct_products: weight=0.1, training_median=194; distributor_count: weight=0.1, training_median=13",2012-08-25,active,senior,35,12,49.375,22.5,36.75,36.75,44.229166666666664,41.671875,39.770833333333336,84,77,3.888888888888889,78.1872798663907,6.254982389311256,168.0,False,84.44226225570195,109.1031681169253,85.0,100.0,120.0,100.0,cadence_aligned_planned_visit_hours + cadence_aligned_planned_travel_hours + unplanned_required_coverage_hours + preparation_follow_up_buffer,cadence-aligned service attributed to servicing reps; uncovered obligations attributed to dynamic portfolio owners; observed excess retained as diagnostics; all served territories retained as fractional transaction allocations,1.6,deterministic_hours_plus_legacy_normalized_workload
CAPCAL_3d4af09f9017d599,REP_82f7cb811b80,Stella Given,MGR_4b97498897f6,Alisha Cordwell,TEAM_b9dd960c1753,Charlie,TERR_938541fb7311,Charlie / Germany,1,1.0,TERR_938541fb7311:1.00000000,2017-03-01,21,0.0,2.0,6.0,19.0,5.9474194592061576,8.0,21,152.0,30.94741945920616,121.05258054079384,37.71809275793651,30.06495078185299,67.28333333333333,52.287733898559054,29.565240575396825,22.222783116706065,51.78802369210289,11.32570079515484,0.0,85.4374438817399,70.57878774665865,70.57878774665865,0.508556213581785,0.7205510746475824,-0.21199486106579735,10.25,1.75,82.5531914893617,0.6381341711408604,2.1907036892753817,0.9742382270140822,low,low,False,False,synthetic_derived,42,279,380,278,196,12,283.5,396.0,283.0,194.0,13.0,2018-06-01,"distinct_customers: weight=0.4, training_median=283.5; transaction_count: weight=0.25, training_median=396; distinct_cities: weight=0.15, training_median=283; distinct_products: weight=0.1, training_median=194; distributor_count: weight=0.1, training_median=13",2013-04-26,active,senior,39,18,58.75,33.75,50.5,48.5,47.113839285714285,46.60863095238095,36.886160714285715,84,81,5.185185185185185,79.10874433494435,6.328699546795548,168.0,False,85.4374438817399,121.05258054079384,85.0,100.0,120.0,100.0,cadence_aligned_planned_visit_hours + cadence_aligned_planned_travel_hours + unplanned_required_coverage_hours + preparation_follow_up_buffer,cadence-aligned service attributed to servicing reps; uncovered obligations attributed to dynamic portfolio owners; observed excess retained as diagnostics; all served territories retained as fractional transaction allocations,1.6,deterministic_hours_plus_legacy_normalized_workload
CAPCAL_3b742bd79ea9b90f,REP_a132178ac1b8,Alan Ray,MGR_5e1c70ff0ce6,James Goodwill,TEAM_a405eba78bf2,Alfa,TERR_b31415d90eb9,Alfa / Germany,1,1.0,TERR_b31415d90eb9:1.00000000,2017-03-01,21,2.0,1.0,9.0,23.0,8.272405213600189,8.0,21,144.0,40.27240521360019,103.7275947863998,34.397854662698414,26.912628691960034,66.8,51.20256666180191,32.40214533730159,24.28993796984188,56.69208330714347,16.088286906538915,0.0,83.59067188209315,80.58672531087466,80.58672531087466,0.4975635231076973,0.617426159442856,-0.11986263633515865,12.875,0.875,70.14492753623188,0.6133724429709053,2.5330506630937317,0.9667777199787266,low,low,False,False,synthetic_derived,42,274,377,274,203,12,283.5,396.0,283.0,194.0,13.0,2018-06-01,"distinct_customers: weight=0.4, training_median=283.5; transaction_count: weight=0.25, training_median=396; distinct_cities: weight=0.15, training_median=283; distinct_products: weight=0.1, training_median=194; distributor_count: weight=0.1, training_median=13",2012-12-18,active,senior,33,9,43.125,16.875,31.125,30.25,43.876488095238095,44.08705357142857,40.123511904761905,84,79,5.185185185185185,77.39877026119736,6.191901620895789,168.0,False,83.59067188209315,103.7275947863998,85.0,100.0,120.0,100.0,cadence_aligned_planned_visit_hours + cadence_aligned_planned_travel_hours + unplanned_required_coverage_hours + preparation_follow_up_buffer,cadence-aligned service attributed to servicing reps; uncovered obligations attributed to dynamic portfolio owners; observed excess retained as diagnostics; all served territories retained as fractional transaction allocations,1.6,deterministic_hours_plus_legacy_normalized_workload
CAPCAL_15f1a8d5c5af6249,REP_bba68d031906,Steve Pepple,MGR_eb86f856200b,Tracy Banks,TEAM_f144a6907dc4,Bravo,TERR_07a5ea4d7ed4,Bravo / Germany,1,1.0,TERR_07a5ea4d7ed4:1.00000000,2017-03-01,21,0.0,1.0,5.0,19.0,4.94238087385884,8.0,21,160.0,28.94238087385884,131.05761912614116,35.7460441468254,26.818132936552914,68.4,50.56788218159387,32.6539558531746,23.74974924504096,56.40370509821556,12.824619527838799,2.1524160254924602,81.41990034011448,62.125270459666254,62.125270459666254,0.48464226392925286,0.7801048757508402,-0.29546261182158734,10.5,2.625,79.0,0.6073667205905755,2.467269707276196,0.9918685626782174,low,low,False,False,synthetic_derived,42,283,403,281,188,12,283.5,396.0,283.0,194.0,13.0,2018-06-01,"distinct_customers: weight=0.4, training_median=283.5; transaction_count: weight=0.25, training_median=396; distinct_cities: weight=0.15, training_median=283; distinct_products: weight=0.1, training_median=194; distributor_count: weight=0.1, training_median=13",2016-09-24,active,experienced,33,17,50.0,31.875,40.375,39.5,44.154761904761905,44.82440476190476,39.845238095238095,84,80,8.235294117647058,75.38879661121712,6.03110372889737,168.0,False,81.41990034011448,131.05761912614116,85.0,100.0,120.0,100.0,cadence_aligned_planned_visit_hours + cadence_aligned_planned_travel_hours + unplanned_required_coverage_hours + preparation_follow_up_buffer,cadence-aligned service attributed to servicing reps; uncovered obligations attributed to dynamic portfolio owners; observed excess retained as diagnostics; all served territories retained as fractional transaction allocations,1.6,deterministic_hours_plus_legacy_normalized_workload
CAPCAL_4ce12639a3730a2f,REP_c56e2fba156a,Thompson Crawford,MGR_5e1c70ff0ce6,James Goodwill,TEAM_a405eba78bf2,Alfa,TERR_b31415d90eb9,Alfa / Germany,1,1.0,TERR_b31415d90eb9:1.00000000,2017-03-01,21,0.0,0.0,12.0,17.0,5.718464894986569,8.0,21,168.0,34.71846489498657,133.28153510501343,37.9125,28.53467818814831,67.48333333333333,51.028684097799086,29.570833333333333,22.494005909650777,52.064839242984114,5.467983751866468,1.0208581987205816,77.66837489521596,58.2739198149395,58.2739198149395,0.4623117553286664,0.7933424708631752,-0.3310307155345088,5.0,1.75,85.45454545454545,0.6086818316489117,3.3768858650093896,0.9043948170446295,low,low,False,False,synthetic_derived,42,264,344,263,176,11,283.5,396.0,283.0,194.0,13.0,2018-06-01,"distinct_customers: weight=0.4, training_median=283.5; transaction_count: weight=0.25, training_median=396; distinct_cities: weight=0.15, training_median=283; distinct_products: weight=0.1, training_median=194; distributor_count: weight=0.1, training_median=13",2014-02-24,active,senior,23,11,34.375,20.625,30.25,29.375,46.879464285714285,45.92113095238095,37.120535714285715,84,80,8.484848484848486,71.91516194001478,5.753212955201183,168.0,False,77.66837489521596,133.28153510501343,85.0,100.0,120.0,100.0,cadence_aligned_planned_visit_hours + cadence_aligned_planned_travel_hours + unplanned_required_coverage_hours + preparation_follow_up_buffer,cadence-aligned service attributed to servicing reps; uncovered obligations attributed to dynamic portfolio owners; observed excess retained as diagnostics; all served territories retained as fractional transaction allocations,1.6,deterministic_hours_plus_legacy_normalized_workload
CAPCAL_491bee071566c3c1,REP_d21d2dd167c5,Morris Garcia,MGR_eb86f856200b,Tracy Banks,TEAM_f144a6907dc4,Bravo,TERR_07a5ea4d7ed4,Bravo / Germany,1,1.0,TERR_07a5ea4d7ed4:1.00000000,2017-03-01,21,2.0,2.0,6.0,24.0,5.790511543815493,8.0,21,136.0,35.79051154381549,100.20948845618452,39.1374751984127,30.498036562448597,66.41666666666667,50.71713686406972,27.27919146825397,20.21910030162113,47.498291769875095,13.569001673985337,1.2374999999999998,89.86087450963439,89.67301988466396,89.67301988466396,0.5348861577954428,0.5964850503344317,-0.06159889253898887,11.0,0.875,66.79245283018868,0.6146068664896976,3.5944349803853752,0.9913654901316249,medium,medium,False,False,synthetic_derived,42,284,395,284,191,12,283.5,396.0,283.0,194.0,13.0,2018-06-01,"distinct_customers: weight=0.4, training_median=283.5; transaction_count: weight=0.25, training_median=396; distinct_cities: weight=0.15, training_median=283; distinct_products: weight=0.1, training_median=194; distributor_count: weight=0.1, training_median=13",2014-01-05,active,senior,25,6,33.125,11.25,23.125,22.125,49.62202380952381,49.705357142857146,34.37797619047619,84,80,7.777777777777778,83.20451343484665,6.656361074787732,168.0,False,89.86087450963439,100.20948845618452,85.0,100.0,120.0,100.0,cadence_aligned_planned_visit_hours + cadence_aligned_planned_travel_hours + unplanned_required_coverage_hours + preparation_follow_up_buffer,cadence-aligned service attributed to servicing reps; uncovered obligations attributed to dynamic portfolio owners; observed excess retained as diagnostics; all served territories retained as fractional transaction allocations,1.6,deterministic_hours_plus_legacy_normalized_workload
CAPCAL_847a0cc4bb7fc340,REP_db1cc40d477a,Erica Jones,MGR_5e1c70ff0ce6,James Goodwill,TEAM_a405eba78bf2,Alfa,TERR_b31415d90eb9,Alfa / Germany,1,1.0,TERR_b31415d90eb9:1.00000000,2017-03-01,21,1.0,2.0,11.0,24.0,8.804750386212081,8.0,21,144.0,43.80475038621208,100.19524961378792,35.84407242063492,28.207072061008024,66.68333333333334,51.594922054263904,30.83926091269841,23.387849993255884,54.2271109059543,14.237452299902284,1.1226700532689229,84.55168452406886,84.3869193898726,84.3869193898726,0.5032838364527908,0.5964002953201663,-0.0931164588673754,10.625,0.875,69.64285714285714,0.6169393293624759,3.251987866310341,0.9718876717070468,low,low,False,False,synthetic_derived,42,275,378,275,193,13,283.5,396.0,283.0,194.0,13.0,2018-06-01,"distinct_customers: weight=0.4, training_median=283.5; transaction_count: weight=0.25, training_median=396; distinct_cities: weight=0.15, training_median=283; distinct_products: weight=0.1, training_median=194; distributor_count: weight=0.1, training_median=13",2013-02-07,active,senior,26,6,35.0,11.25,24.375,24.375,45.720982142857146,46.16889880952381,38.279017857142854,84,82,7.777777777777778,78.28859678154524,6.263087742523619,168.0,False,84.55168452406886,100.19524961378792,85.0,100.0,120.0,100.0,cadence_aligned_planned_visit_hours + cadence_aligned_planned_travel_hours + unplanned_required_coverage_hours + preparation_follow_up_buffer,cadence-aligned service attributed to servicing reps; uncovered obligations attributed to dynamic portfolio owners; observed excess retained as diagnostics; all served territories retained as fractional transaction allocations,1.6,deterministic_hours_plus_legacy_normalized_workload
CAPCAL_96af4ad940a6eb82,REP_e7e9152643c7,Jessica Smith,MGR_31981a685b7e,Britanny Bold,TEAM_4f4a9410ffcd,Delta,TERR_49c0203db75f,Delta / Germany,1,1.0,TERR_49c0203db75f:1.00000000,2017-03-01,21,2.0,0.0,6.0,25.0,4.990173537783689,8.0,21,152.0,35.99017353778369,116.00982646221631,35.40256696428571,27.397642767812464,66.78333333333333,51.257397335334645,31.38076636904762,23.85975456752218,55.2405209365698,15.943300447821088,3.2533144352446812,85.04299099431282,73.30671339467162,73.30671339467162,0.5062082797280525,0.6905346813227161,-0.18432640159466362,13.125,3.625,58.82352941176471,0.6108768021490419,3.865590499741492,0.9985030936964989,low,low,False,False,synthetic_derived,42,287,393,287,196,12,283.5,396.0,283.0,194.0,13.0,2018-06-01,"distinct_customers: weight=0.4, training_median=283.5; transaction_count: weight=0.25, training_median=396; distinct_cities: weight=0.15, training_median=283; distinct_products: weight=0.1, training_median=194; distributor_count: weight=0.1, training_median=13",2015-11-19,active,experienced,22,9,31.875,16.875,20.0,18.75,44.84970238095238,43.05282738095238,39.15029761904762,84,79,21.48148148148148,78.74351017991927,6.299480814393542,168.0,False,85.04299099431282,116.00982646221631,85.0,100.0,120.0,100.0,cadence_aligned_planned_visit_hours + cadence_aligned_planned_travel_hours + unplanned_required_coverage_hours + preparation_follow_up_buffer,cadence-aligned service attributed to servicing reps; uncovered obligations attributed to dynamic portfolio owners; observed excess retained as diagnostics; all served territories retained as fractional transaction allocations,1.6,deterministic_hours_plus_legacy_normalized_workload
CAPCAL_f47cf03776f59e89,REP_0dfc420450a6,Abigail Thompson,MGR_eb86f856200b,Tracy Banks,TEAM_f144a6907dc4,Bravo,TERR_07a5ea4d7ed4,Bravo / Germany,1,1.0,TERR_07a5ea4d7ed4:1.00000000,2017-04-01,21,2.0,2.0,5.0,26.0,4.654107051932618,8.0,21,136.0,35.65410705193262,100.34589294806739,38.74500248015873,31.474618587121455,66.35,52.900518762358566,27.60499751984127,21.42590017523711,49.03089769507838,40.47044305296806,2.4749999999999996,119.54526924986811,119.13319592635155,119.13319592635155,0.7115789836301674,0.5972969818337345,0.11428200179643289,32.625,1.75,74.41176470588235,0.6393586654337202,1.2994051005420446,0.8451109457721239,high,high,True,True,synthetic_derived,42,231,328,230,175,13,283.5,396.0,283.0,194.0,13.0,2018-06-01,"distinct_customers: weight=0.4, training_median=283.5; transaction_count: weight=0.25, training_median=396; distinct_cities: weight=0.15, training_median=283; distinct_products: weight=0.1, training_median=194; distributor_count: weight=0.1, training_median=13",2015-02-18,active,experienced,92,30,127.5,56.25,97.625,94.875,49.22842261904762,45.220238095238095,34.77157738095238,84,76,3.111111111111111,110.69006412024825,8.85520512961986,168.0,False,119.54526924986811,100.34589294806739,85.0,100.0,120.0,100.0,cadence_aligned_planned_visit_hours + cadence_aligned_planned_travel_hours + unplanned_required_coverage_hours + preparation_follow_up_buffer,cadence-aligned service attributed to servicing reps; uncovered obligations attributed to dynamic portfolio owners; observed excess retained as diagnostics; all served territories retained as fractional transaction allocations,1.6,deterministic_hours_plus_legacy_normalized_workload
CAPCAL_c3019d7b3eddfc91,REP_200ef690040c,Mary Gerrard,MGR_31981a685b7e,Britanny Bold,TEAM_4f4a9410ffcd,Delta,TERR_49c0203db75f,Delta / Germany,1,1.0,TERR_49c0203db75f:1.00000000,2017-04-01,21,0.0,1.0,10.0,21.0,6.528484842260077,8.0,21,160.0,37.52848484226008,122.47151515773993,37.35571676587301,29.555268020990344,68.68333333333334,53.08683441947042,31.327616567460318,23.531566398480074,54.85918296594039,34.838325501217525,3.6266722549054293,109.88925511112734,89.72637839059395,89.72637839059395,0.6541027089948056,0.7289971140341662,-0.07489440503936062,27.5,4.5,75.0,0.6374228576505773,1.445911251462202,0.8436541530677446,medium,medium,False,False,synthetic_derived,42,240,311,240,173,12,283.5,396.0,283.0,194.0,13.0,2018-06-01,"distinct_customers: weight=0.4, training_median=283.5; transaction_count: weight=0.25, training_median=396; distinct_cities: weight=0.15, training_median=283; distinct_products: weight=0.1, training_median=194; distributor_count: weight=0.1, training_median=13",2015-01-06,active,experienced,76,32,110.0,60.0,84.375,82.5,46.366815476190474,44.848214285714285,37.633184523809526,84,79,7.5,101.74931028808088,8.13994482304647,168.0,False,109.88925511112734,122.47151515773993,85.0,100.0,120.0,100.0,cadence_aligned_planned_visit_hours + cadence_aligned_planned_travel_hours + unplanned_required_coverage_hours + preparation_follow_up_buffer,cadence-aligned service attributed to servicing reps; uncovered obligations attributed to dynamic portfolio owners; observed excess retained as diagnostics; all served territories retained as fractional transaction allocations,1.6,deterministic_hours_plus_legacy_normalized_workload
CAPCAL_e01b84386ada4b96,REP_2234ec3bee93,Daniel Gates,MGR_4b97498897f6,Alisha Cordwell,TEAM_b9dd960c1753,Charlie,TERR_938541fb7311,Charlie / Germany,1,1.0,TERR_938541fb7311:1.00000000,2017-04-01,21,1.0,2.0,10.0,16.0,7.119641830651722,8.0,21,144.0,33.11964183065172,110.88035816934828,33.0452876984127,26.16042688072048,59.3,45.925314466904354,26.2547123015873,19.76488758618387,46.01959988777117,19.315512868249748,1.2374999999999998,84.80292564317357,76.48146799242252,76.48146799242252,0.5047793193046045,0.6600021319604065,-0.15522281265580196,16.875,1.75,75.89285714285714,0.6222940482776694,1.7306719519015012,0.7861683493636793,low,low,False,False,synthetic_derived,42,222,294,222,165,11,283.5,396.0,283.0,194.0,13.0,2018-06-01,"distinct_customers: weight=0.4, training_median=283.5; transaction_count: weight=0.25, training_median=396; distinct_cities: weight=0.15, training_median=283; distinct_products: weight=0.1, training_median=194; distributor_count: weight=0.1, training_median=13",2012-10-27,active,senior,49,18,70.0,33.75,55.75,53.125,42.038690476190474,38.632440476190474,32.961309523809526,75,67,5.185185185185185,78.52122744738293,6.281698195790634,168.0,False,84.80292564317357,110.88035816934828,85.0,100.0,120.0,100.0,cadence_aligned_planned_visit_hours + cadence_aligned_planned_travel_hours + unplanned_required_coverage_hours + preparation_follow_up_buffer,cadence-aligned service attributed to servicing reps; uncovered obligations attributed to dynamic portfolio owners; observed excess retained as diagnostics; all served territories retained as fractional transaction allocations,1.6,deterministic_hours_plus_legacy_normalized_workload
CAPCAL_db61b23d5c052dcb,REP_56269a9759c4,Anne Wu,MGR_31981a685b7e,Britanny Bold,TEAM_4f4a9410ffcd,Delta,TERR_49c0203db75f,Delta / Germany,1,1.0,TERR_49c0203db75f:1.00000000,2017-04-01,21,0.0,1.0,11.0,18.0,6.205316239737069,8.0,21,160.0,35.20531623973707,124.79468376026293,36.81805555555555,30.323970157642265,62.86666666666667,50.64620869564071,26.04861111111111,20.322238537998444,46.37084964910956,17.3424092367131,5.0340444598011365,91.24318974590379,73.11464478822407,73.11464478822407,0.5431142246779987,0.7428254985729936,-0.19971127389499488,14.125,3.625,83.5036496350365,0.6423435867461733,1.6007577148404173,0.8171545802920799,low,low,False,False,synthetic_derived,42,228,297,228,169,13,283.5,396.0,283.0,194.0,13.0,2018-06-01,"distinct_customers: weight=0.4, training_median=283.5; transaction_count: weight=0.25, training_median=396; distinct_cities: weight=0.15, training_median=283; distinct_products: weight=0.1, training_median=194; distributor_count: weight=0.1, training_median=13",2015-04-14,active,experienced,57,25,85.625,46.875,73.0,71.5,47.208333333333336,47.166666666666664,32.791666666666664,80,77,7.733333333333333,84.48443494991092,6.758754795992874,168.0,False,91.24318974590379,124.79468376026293,85.0,100.0,120.0,100.0,cadence_aligned_planned_visit_hours + cadence_aligned_planned_travel_hours + unplanned_required_coverage_hours + preparation_follow_up_buffer,cadence-aligned service attributed to servicing reps; uncovered obligations attributed to dynamic portfolio owners; observed excess retained as diagnostics; all served territories retained as fractional transaction allocations,1.6,deterministic_hours_plus_legacy_normalized_workload
CAPCAL_8e761ace2dd69e2d,REP_6003efb01f5e,Sheila Stones,MGR_31981a685b7e,Britanny Bold,TEAM_4f4a9410ffcd,Delta,TERR_49c0203db75f,Delta / Germany,1,1.0,TERR_49c0203db75f:1.00000000,2017-04-01,21,2.0,0.0,6.0,24.0,4.9873680909229074,8.0,21,152.0,34.98736809092291,117.0126319090771,39.006349206349206,31.58571835299404,66.4,52.8569067750504,27.393650793650792,21.27118842205636,48.66483921570715,7.766456736994872,2.4749999999999996,84.62720624004517,72.32313713429116,72.32313713429116,0.5037333704764594,0.6965037613635542,-0.1927703908870948,6.875,1.75,86.90476190476191,0.6444792765401629,2.4890354776483874,0.8412229619145275,low,low,False,False,synthetic_derived,42,242,301,242,173,12,283.5,396.0,283.0,194.0,13.0,2018-06-01,"distinct_customers: weight=0.4, training_median=283.5; transaction_count: weight=0.25, training_median=396; distinct_cities: weight=0.15, training_median=283; distinct_products: weight=0.1, training_median=194; distributor_count: weight=0.1, training_median=13",2014-08-03,active,experienced,34,19,52.5,35.625,46.875,45.625,49.00967261904762,45.845238095238095,34.99032738095238,84,77,4.912280701754386,78.35852429633812,6.268681943707049,168.0,False,84.62720624004517,117.0126319090771,85.0,100.0,120.0,100.0,cadence_aligned_planned_visit_hours + cadence_aligned_planned_travel_hours + unplanned_required_coverage_hours + preparation_follow_up_buffer,cadence-aligned service attributed to servicing reps; uncovered obligations attributed to dynamic portfolio owners; observed excess retained as diagnostics; all served territories retained as fractional transaction allocations,1.6,deterministic_hours_plus_legacy_normalized_workload
CAPCAL_80494322eb1ea82e,REP_6daf09991b71,Jimmy Grey,MGR_4b97498897f6,Alisha Cordwell,TEAM_b9dd960c1753,Charlie,TERR_938541fb7311,Charlie / Germany,1,1.0,TERR_938541fb7311:1.00000000,2017-04-01,21,1.0,0.0,12.0,18.0,5.693291818046545,8.0,21,160.0,35.693291818046546,124.30670818195345,32.811284722222226,25.155687139043952,55.56666666666667,41.24502321062814,22.755381944444444,16.089336071584192,38.84471801602864,17.202272725406,6.13259787408411,81.18278415360595,65.30844983423982,65.30844983423982,0.4832308580571783,0.7399208820354373,-0.25669002397825896,14.625,4.5,73.4090909090909,0.6311109278317573,2.029569603840149,0.8288987976174539,low,low,False,False,synthetic_derived,42,235,303,235,173,12,283.5,396.0,283.0,194.0,13.0,2018-06-01,"distinct_customers: weight=0.4, training_median=283.5; transaction_count: weight=0.25, training_median=396; distinct_cities: weight=0.15, training_median=283; distinct_products: weight=0.1, training_median=194; distributor_count: weight=0.1, training_median=13",2012-08-25,active,senior,40,14,55.0,26.25,42.375,40.375,39.859375,36.979166666666664,27.140625,67,61,17.142857142857142,75.16924458667218,6.013539566933774,168.0,False,81.18278415360595,124.30670818195345,85.0,100.0,120.0,100.0,cadence_aligned_planned_visit_hours + cadence_aligned_planned_travel_hours + unplanned_required_coverage_hours + preparation_follow_up_buffer,cadence-aligned service attributed to servicing reps; uncovered obligations attributed to dynamic portfolio owners; observed excess retained as diagnostics; all served territories retained as fractional transaction allocations,1.6,deterministic_hours_plus_legacy_normalized_workload
CAPCAL_227925fd80c063e0,REP_82f7cb811b80,Stella Given,MGR_4b97498897f6,Alisha Cordwell,TEAM_b9dd960c1753,Charlie,TERR_938541fb7311,Charlie / Germany,1,1.0,TERR_938541fb7311:1.00000000,2017-04-01,21,0.0,0.0,6.0,19.0,4.616168958844444,8.0,21,168.0,29.616168958844444,138.38383104115556,37.6187996031746,31.013335132789276,64.88333333333333,51.404696795085535,27.264533730158732,20.391361662296262,47.655895392454994,17.078136589702666,3.6856991965677297,92.56709303171986,66.89155252840939,66.89155252840939,0.5509946013792849,0.8237132800068784,-0.27271867862759347,13.5,2.625,76.52173913043478,0.61946471708456,2.2577339763834114,0.8326403466220778,low,low,False,False,synthetic_derived,42,234,299,234,174,13,283.5,396.0,283.0,194.0,13.0,2018-06-01,"distinct_customers: weight=0.4, training_median=283.5; transaction_count: weight=0.25, training_median=396; distinct_cities: weight=0.15, training_median=283; distinct_products: weight=0.1, training_median=194; distributor_count: weight=0.1, training_median=13",2013-04-26,active,senior,41,13,57.5,24.375,45.0,44.0,50.064732142857146,51.90029761904762,33.935267857142854,84,84,10.76923076923077,85.71027132566654,6.856821706053323,168.0,False,92.56709303171986,138.38383104115556,85.0,100.0,120.0,100.0,cadence_aligned_planned_visit_hours + cadence_aligned_planned_travel_hours + unplanned_required_coverage_hours + preparation_follow_up_buffer,cadence-aligned service attributed to servicing reps; uncovered obligations attributed to dynamic portfolio owners; observed excess retained as diagnostics; all served territories retained as fractional transaction allocations,1.6,deterministic_hours_plus_legacy_normalized_workload
CAPCAL_bb17a8ebd8163a8f,REP_a132178ac1b8,Alan Ray,MGR_5e1c70ff0ce6,James Goodwill,TEAM_a405eba78bf2,Alfa,TERR_b31415d90eb9,Alfa / Germany,1,1.0,TERR_b31415d90eb9:1.00000000,2017-04-01,21,2.0,2.0,9.0,23.0,4.7648663311681245,8.0,21,136.0,36.76486633116812,99.23513366883188,40.280679563492065,30.924252344811936,67.53333333333333,52.33030804087751,27.25265376984127,21.40605569606558,48.658709465906846,15.550955832119433,2.4749999999999996,93.6963587596573,94.41853433920026,94.41853433920026,0.5577164211884363,0.5906853194573326,-0.03296889826889626,13.5,3.75,79.02912621359224,0.6218906384879586,2.082141305770162,0.8959085454008225,medium,medium,False,False,synthetic_derived,42,252,339,251,181,13,283.5,396.0,283.0,194.0,13.0,2018-06-01,"distinct_customers: weight=0.4, training_median=283.5; transaction_count: weight=0.25, training_median=396; distinct_cities: weight=0.15, training_median=283; distinct_products: weight=0.1, training_median=194; distributor_count: weight=0.1, training_median=13",2012-12-18,active,senior,45,15,64.375,28.125,52.875,50.875,49.726190476190474,49.476190476190474,34.273809523809526,84,81,13.333333333333334,86.75588774042343,6.9404710192338746,168.0,False,93.6963587596573,99.23513366883188,85.0,100.0,120.0,100.0,cadence_aligned_planned_visit_hours + cadence_aligned_planned_travel_hours + unplanned_required_coverage_hours + preparation_follow_up_buffer,cadence-aligned service attributed to servicing reps; uncovered obligations attributed to dynamic portfolio owners; observed excess retained as diagnostics; all served territories retained as fractional transaction allocations,1.6,deterministic_hours_plus_legacy_normalized_workload
CAPCAL_d3b5b8966efc9e7d,REP_bba68d031906,Steve Pepple,MGR_eb86f856200b,Tracy Banks,TEAM_f144a6907dc4,Bravo,TERR_07a5ea4d7ed4,Bravo / Germany,1,1.0,TERR_07a5ea4d7ed4:1.00000000,2017-04-01,21,0.0,1.0,5.0,19.0,6.787100815494061,8.0,21,160.0,30.78710081549406,129.21289918450594,39.65625,32.15478328059966,67.71666666666667,52.97739251219416,28.06041666666667,20.822609231594498,48.88302589826117,11.606957052387527,0.0,90.09142955962616,69.72324754588365,69.72324754588365,0.5362585092834891,0.7691243999077735,-0.23286589062428442,8.5,0.0,75.71428571428571,0.6422355287431408,3.4650549830625446,0.8170436652252737,low,low,False,False,synthetic_derived,42,232,300,231,166,12,283.5,396.0,283.0,194.0,13.0,2018-06-01,"distinct_customers: weight=0.4, training_median=283.5; transaction_count: weight=0.25, training_median=396; distinct_cities: weight=0.15, training_median=283; distinct_products: weight=0.1, training_median=194; distributor_count: weight=0.1, training_median=13",2016-09-24,active,experienced,26,8,35.0,15.0,26.5,26.5,50.066964285714285,49.07738095238095,33.933035714285715,84,78,0.0,83.41799033298719,6.673439226638975,168.0,False,90.09142955962616,129.21289918450594,85.0,100.0,120.0,100.0,cadence_aligned_planned_visit_hours + cadence_aligned_planned_travel_hours + unplanned_required_coverage_hours + preparation_follow_up_buffer,cadence-aligned service attributed to servicing reps; uncovered obligations attributed to dynamic portfolio owners; observed excess retained as diagnostics; all served territories retained as fractional transaction allocations,1.6,deterministic_hours_plus_legacy_normalized_workload
CAPCAL_fce25816b9982f7e,REP_c56e2fba156a,Thompson Crawford,MGR_5e1c70ff0ce6,James Goodwill,TEAM_a405eba78bf2,Alfa,TERR_b31415d90eb9,Alfa / Germany,1,1.0,TERR_b31415d90eb9:1.00000000,2017-04-01,21,0.0,2.0,12.0,17.0,8.724130686015343,8.0,21,152.0,37.72413068601534,114.27586931398466,35.94849950396826,27.44354389450703,66.75,51.11798009900803,30.801500496031746,23.674436204501003,54.47593670053275,14.00120343956235,4.685210219984133,83.58470658508065,73.14291904918537,73.14291904918537,0.49752801538738484,0.6802135078213373,-0.18268549243395243,11.625,4.5,67.36842105263158,0.6140905881194321,3.343388263403226,0.8465494419788737,low,low,False,False,synthetic_derived,42,238,312,238,170,13,283.5,396.0,283.0,194.0,13.0,2018-06-01,"distinct_customers: weight=0.4, training_median=283.5; transaction_count: weight=0.25, training_median=396; distinct_cities: weight=0.15, training_median=283; distinct_products: weight=0.1, training_median=194; distributor_count: weight=0.1, training_median=13",2014-02-24,active,senior,25,10,35.625,18.75,25.25,24.0,44.689732142857146,45.08779761904762,39.310267857142854,84,79,24.0,77.39324683803764,6.1914597470430115,168.0,False,83.58470658508065,114.27586931398466,85.0,100.0,120.0,100.0,cadence_aligned_planned_visit_hours + cadence_aligned_planned_travel_hours + unplanned_required_coverage_hours + preparation_follow_up_buffer,cadence-aligned service attributed to servicing reps; uncovered obligations attributed to dynamic portfolio owners; observed excess retained as diagnostics; all served territories retained as fractional transaction allocations,1.6,deterministic_hours_plus_legacy_normalized_workload
CAPCAL_2ec02c582d622c1e,REP_d21d2dd167c5,Morris Garcia,MGR_eb86f856200b,Tracy Banks,TEAM_f144a6907dc4,Bravo,TERR_07a5ea4d7ed4,Bravo / Germany,1,1.0,TERR_07a5ea4d7ed4:1.00000000,2017-04-01,21,2.0,2.0,6.0,24.0,5.685147338027461,8.0,21,136.0,35.68514733802746,100.31485266197254,39.666753472222226,31.829599608406173,66.91666666666667,52.26723177703614,27.249913194444446,20.43763216862996,47.687545363074406,16.64880422862635,3.7965444598011366,95.19676989399512,94.89798107442411,94.89798107442411,0.566647439845209,0.597112218226027,-0.03046477838081796,13.25,3.75,61.45454545454545,0.6286681539773671,3.807870795759805,0.8077066711641347,medium,medium,False,False,synthetic_derived,42,226,289,226,168,13,283.5,396.0,283.0,194.0,13.0,2018-06-01,"distinct_customers: weight=0.4, training_median=283.5; transaction_count: weight=0.25, training_median=396; distinct_cities: weight=0.15, training_median=283; distinct_products: weight=0.1, training_median=194; distributor_count: weight=0.1, training_median=13",2014-01-05,active,senior,25,7,34.375,13.125,22.125,21.125,50.630208333333336,45.77827380952381,33.369791666666664,84,76,28.57142857142857,88.14515730925474,7.051612584740379,168.0,False,95.19676989399512,100.31485266197254,85.0,100.0,120.0,100.0,cadence_aligned_planned_visit_hours + cadence_aligned_planned_travel_hours + unplanned_required_coverage_hours + preparation_follow_up_buffer,cadence-aligned service attributed to servicing reps; uncovered obligations attributed to dynamic portfolio owners; observed excess retained as diagnostics; all served territories retained as fractional transaction allocations,1.6,deterministic_hours_plus_legacy_normalized_workload
CAPCAL_ce68b9b34b631eea,REP_db1cc40d477a,Erica Jones,MGR_5e1c70ff0ce6,James Goodwill,TEAM_a405eba78bf2,Alfa,TERR_b31415d90eb9,Alfa / Germany,1,1.0,TERR_b31415d90eb9:1.00000000,2017-04-01,21,1.0,0.0,11.0,24.0,7.504762543198188,8.0,21,160.0,42.50476254319819,117.49523745680182,36.42140376984127,30.290860327819562,65.18333333333334,52.67343774858879,28.761929563492064,22.382577420769227,51.14450698426129,9.7448478755445,2.4749999999999996,82.57368093106176,70.27832167360887,70.27832167360887,0.4915100055420343,0.6993764134333441,-0.20786640789130983,9.0,3.625,69.36170212765957,0.630688091101309,4.128684046553088,0.8443454505877854,low,low,False,False,synthetic_derived,42,238,302,237,179,13,283.5,396.0,283.0,194.0,13.0,2018-06-01,"distinct_customers: weight=0.4, training_median=283.5; transaction_count: weight=0.25, training_median=396; distinct_cities: weight=0.15, training_median=283; distinct_products: weight=0.1, training_median=194; distributor_count: weight=0.1, training_median=13",2013-02-07,active,senior,20,8,29.375,15.0,22.25,20.375,48.02827380952381,48.15327380952381,35.97172619047619,84,81,24.166666666666668,76.45711197320533,6.116568957856426,168.0,False,82.57368093106176,117.49523745680182,85.0,100.0,120.0,100.0,cadence_aligned_planned_visit_hours + cadence_aligned_planned_travel_hours + unplanned_required_coverage_hours + preparation_follow_up_buffer,cadence-aligned service attributed to servicing reps; uncovered obligations attributed to dynamic portfolio owners; observed excess retained as diagnostics; all served territories retained as fractional transaction allocations,1.6,deterministic_hours_plus_legacy_normalized_workload
CAPCAL_d1786afbb5d0b210,REP_e7e9152643c7,Jessica Smith,MGR_31981a685b7e,Britanny Bold,TEAM_4f4a9410ffcd,Delta,TERR_49c0203db75f,Delta / Germany,1,1.0,TERR_49c0203db75f:1.00000000,2017-04-01,21,2.0,0.0,6.0,25.0,4.278392933326414,8.0,21,152.0,35.278392933326415,116.72160706667358,40.46861359126984,30.299134775338704,70.18333333333334,51.81609934971474,29.714719742063494,21.51696457437604,51.231684316439534,13.320982321943456,3.7965444598011366,90.81582914363617,77.80549927809035,77.80549927809035,0.5405704115692629,0.6947714706349618,-0.15420105906569892,9.75,2.75,68.8,0.6236624111808747,4.324563292554103,0.8757623900238621,low,low,False,False,synthetic_derived,42,254,318,254,174,12,283.5,396.0,283.0,194.0,13.0,2018-06-01,"distinct_customers: weight=0.4, training_median=283.5; transaction_count: weight=0.25, training_median=396; distinct_cities: weight=0.15, training_median=283; distinct_products: weight=0.1, training_median=194; distributor_count: weight=0.1, training_median=13",2015-11-19,active,experienced,21,10,31.25,18.75,21.5,21.5,48.582589285714285,48.20982142857143,35.417410714285715,84,81,14.666666666666666,84.088730688552,6.72709845508416,168.0,False,90.81582914363617,116.72160706667358,85.0,100.0,120.0,100.0,cadence_aligned_planned_visit_hours + cadence_aligned_planned_travel_hours + unplanned_required_coverage_hours + preparation_follow_up_buffer,cadence-aligned service attributed to servicing reps; uncovered obligations attributed to dynamic portfolio owners; observed excess retained as diagnostics; all served territories retained as fractional transaction allocations,1.6,deterministic_hours_plus_legacy_normalized_workload
CAPCAL_edbf0874ceb5518d,REP_0dfc420450a6,Abigail Thompson,MGR_eb86f856200b,Tracy Banks,TEAM_f144a6907dc4,Bravo,TERR_07a5ea4d7ed4,Bravo / Germany,1,1.0,TERR_07a5ea4d7ed4:1.00000000,2017-05-01,21,2.0,1.0,5.0,26.0,8.591167831363787,8.0,21,144.0,39.59116783136379,104.40883216863621,34.8007564484127,28.513845111385756,63.3,52.177210759165206,28.499243551587302,23.663365647779447,52.16260919936675,51.73516666110114,0.0,124.25374967857157,119.00693370258446,119.00693370258446,0.7396056528486403,0.6214811438609298,0.11812450898771054,41.375,0.875,66.05128205128206,0.6523996498136303,1.444811042774088,0.9643873504092622,high,high,True,True,synthetic_derived,42,267,385,267,200,13,283.5,396.0,283.0,194.0,13.0,2018-06-01,"distinct_customers: weight=0.4, training_median=283.5; transaction_count: weight=0.25, training_median=396; distinct_cities: weight=0.15, training_median=283; distinct_products: weight=0.1, training_median=194; distributor_count: weight=0.1, training_median=13",2015-02-18,active,experienced,86,32,121.875,60.0,83.625,80.5,43.70610119047619,38.68154761904762,36.29389880952381,80,72,1.4583333333333333,115.0497682208996,9.203981457671969,168.0,False,124.25374967857157,104.40883216863621,85.0,100.0,120.0,100.0,cadence_aligned_planned_visit_hours + cadence_aligned_planned_travel_hours + unplanned_required_coverage_hours + preparation_follow_up_buffer,cadence-aligned service attributed to servicing reps; uncovered obligations attributed to dynamic portfolio owners; observed excess retained as diagnostics; all served territories retained as fractional transaction allocations,1.6,deterministic_hours_plus_legacy_normalized_workload
CAPCAL_f130fc721869b3ba,REP_200ef690040c,Mary Gerrard,MGR_31981a685b7e,Britanny Bold,TEAM_4f4a9410ffcd,Delta,TERR_49c0203db75f,Delta / Germany,1,1.0,TERR_49c0203db75f:1.00000000,2017-05-01,21,0.0,2.0,10.0,21.0,8.312408502390998,8.0,21,152.0,39.312408502390994,112.687591497609,33.316021825396824,26.289117325536346,66.83333333333333,50.908605763736325,33.517311507936505,24.619488438199983,58.13679994613649,41.45848489692578,3.7124999999999995,109.14871397168767,96.85956769606135,96.85956769606135,0.6496947260219504,0.6707594732000536,-0.021064747178103138,32.375,3.5,70.22988505747126,0.612561957099876,1.4951878626258586,1.0214248251203493,medium,medium,False,False,synthetic_derived,42,295,395,294,194,13,283.5,396.0,283.0,194.0,13.0,2018-06-01,"distinct_customers: weight=0.4, training_median=283.5; transaction_count: weight=0.25, training_median=396; distinct_cities: weight=0.15, training_median=283; distinct_products: weight=0.1, training_median=194; distributor_count: weight=0.1, training_median=13",2015-01-06,active,experienced,73,31,108.75,58.125,78.25,76.375,42.916666666666664,42.436011904761905,41.083333333333336,84,79,6.021505376344086,101.06362404785895,8.085089923828717,168.0,False,109.14871397168767,112.687591497609,85.0,100.0,120.0,100.0,cadence_aligned_planned_visit_hours + cadence_aligned_planned_travel_hours + unplanned_required_coverage_hours + preparation_follow_up_buffer,cadence-aligned service attributed to servicing reps; uncovered obligations attributed to dynamic portfolio owners; observed excess retained as diagnostics; all served territories retained as fractional transaction allocations,1.6,deterministic_hours_plus_legacy_normalized_workload
CAPCAL_03c81fd1681e3fbe,REP_2234ec3bee93,Daniel Gates,MGR_4b97498897f6,Alisha Cordwell,TEAM_b9dd960c1753,Charlie,TERR_938541fb7311,Charlie / Germany,1,1.0,TERR_938541fb7311:1.00000000,2017-05-01,21,1.0,2.0,10.0,16.0,8.45241226084482,8.0,21,144.0,34.452412260844824,109.54758773915518,33.40214533730159,24.97129320282618,67.31666666666666,48.219228970252175,33.91452132936508,23.247935767425997,57.16245709679108,16.114157240526527,2.3465387790811505,80.44660344310662,73.43530341777932,73.43530341777932,0.4788488300184918,0.6520689746378284,-0.1732201446193366,16.625,5.375,73.13131313131314,0.5890965239261797,1.8708512428629447,0.964568154500367,low,low,False,False,synthetic_derived,42,278,371,278,191,12,283.5,396.0,283.0,194.0,13.0,2018-06-01,"distinct_customers: weight=0.4, training_median=283.5; transaction_count: weight=0.25, training_median=396; distinct_cities: weight=0.15, training_median=283; distinct_products: weight=0.1, training_median=194; distributor_count: weight=0.1, training_median=13",2012-10-27,active,senior,43,19,61.875,35.625,49.875,45.25,42.389136904761905,37.91220238095238,41.610863095238095,84,74,15.087719298245613,74.48759578065429,5.959007662452343,168.0,False,80.44660344310662,109.54758773915518,85.0,100.0,120.0,100.0,cadence_aligned_planned_visit_hours + cadence_aligned_planned_travel_hours + unplanned_required_coverage_hours + preparation_follow_up_buffer,cadence-aligned service attributed to servicing reps; uncovered obligations attributed to dynamic portfolio owners; observed excess retained as diagnostics; all served territories retained as fractional transaction allocations,1.6,deterministic_hours_plus_legacy_normalized_workload
CAPCAL_9679d5aec2e7fbbd,REP_56269a9759c4,Anne Wu,MGR_31981a685b7e,Britanny Bold,TEAM_4f4a9410ffcd,Delta,TERR_49c0203db75f,Delta / Germany,1,1.0,TERR_49c0203db75f:1.00000000,2017-05-01,21,0.0,1.0,11.0,18.0,7.942969281565195,8.0,21,160.0,36.9429692815652,123.0570307184348,33.93270089285714,27.846116211049015,65.68333333333334,51.401693230062136,31.750632440476192,23.55557701901312,55.30620945948931,20.65970546621423,2.559044459801137,89.03360437573002,72.35149739590797,72.35149739590797,0.5299619308079168,0.7324823257049691,-0.2025203948970523,16.375,1.875,77.79661016949152,0.6288043984618078,1.7457569485437259,0.9969125522078965,low,low,False,False,synthetic_derived,42,285,391,284,189,13,283.5,396.0,283.0,194.0,13.0,2018-06-01,"distinct_customers: weight=0.4, training_median=283.5; transaction_count: weight=0.25, training_median=396; distinct_cities: weight=0.15, training_median=283; distinct_products: weight=0.1, training_median=194; distributor_count: weight=0.1, training_median=13",2015-04-14,active,experienced,51,20,73.75,37.5,58.625,57.375,44.28422619047619,44.51934523809524,39.71577380952381,84,78,5.0,82.43852257012038,6.595081805609631,168.0,False,89.03360437573002,123.0570307184348,85.0,100.0,120.0,100.0,cadence_aligned_planned_visit_hours + cadence_aligned_planned_travel_hours + unplanned_required_coverage_hours + preparation_follow_up_buffer,cadence-aligned service attributed to servicing reps; uncovered obligations attributed to dynamic portfolio owners; observed excess retained as diagnostics; all served territories retained as fractional transaction allocations,1.6,deterministic_hours_plus_legacy_normalized_workload
CAPCAL_b5ad3375582d89cd,REP_6003efb01f5e,Sheila Stones,MGR_31981a685b7e,Britanny Bold,TEAM_4f4a9410ffcd,Delta,TERR_49c0203db75f,Delta / Germany,1,1.0,TERR_49c0203db75f:1.00000000,2017-05-01,21,2.0,2.0,6.0,24.0,6.72780010918008,8.0,21,136.0,36.72780010918008,99.27219989081992,34.21025545634921,25.83763250428686,66.56666666666666,50.15171625216149,32.35641121031746,24.314083747874633,56.670494958192094,33.36280611898897,7.5496801361627135,100.88354960599504,101.62316309797436,101.62316309797436,0.6004973190833038,0.590905951731071,0.009591367352232871,26.5,6.375,67.63358778625954,0.604399583774459,1.7698868351928956,1.0026408024023472,high,high,True,True,synthetic_derived,42,281,405,281,197,13,283.5,396.0,283.0,194.0,13.0,2018-06-01,"distinct_customers: weight=0.4, training_median=283.5; transaction_count: weight=0.25, training_median=396; distinct_cities: weight=0.15, training_median=283; distinct_products: weight=0.1, training_median=194; distributor_count: weight=0.1, training_median=13",2014-08-03,active,experienced,57,22,81.875,41.25,57.375,55.375,42.74925595238095,43.56845238095238,41.25074404761905,84,80,15.454545454545453,93.41069407962505,7.472855526370004,168.0,False,100.88354960599504,99.27219989081992,85.0,100.0,120.0,100.0,cadence_aligned_planned_visit_hours + cadence_aligned_planned_travel_hours + unplanned_required_coverage_hours + preparation_follow_up_buffer,cadence-aligned service attributed to servicing reps; uncovered obligations attributed to dynamic portfolio owners; observed excess retained as diagnostics; all served territories retained as fractional transaction allocations,1.6,deterministic_hours_plus_legacy_normalized_workload
CAPCAL_3f3d2fd87110dda7,REP_6daf09991b71,Jimmy Grey,MGR_4b97498897f6,Alisha Cordwell,TEAM_b9dd960c1753,Charlie,TERR_938541fb7311,Charlie / Germany,1,1.0,TERR_938541fb7311:1.00000000,2017-05-01,21,1.0,1.0,12.0,18.0,5.213223390917954,8.0,21,152.0,35.21322339091795,116.78677660908204,34.04346478174603,25.24164363871255,69.71666666666667,50.57692717390411,35.67320188492064,25.335283535191557,61.008485420112194,22.001914730837623,2.184787592303752,87.7899850033999,75.17116881927267,75.17116881927267,0.5225594345440471,0.6951593845778693,-0.17259995003382222,16.5,1.75,65.71428571428571,0.6066335684857691,2.438610694538886,0.997768347343196,low,low,False,False,synthetic_derived,42,287,387,287,187,13,283.5,396.0,283.0,194.0,13.0,2018-06-01,"distinct_customers: weight=0.4, training_median=283.5; transaction_count: weight=0.25, training_median=396; distinct_cities: weight=0.15, training_median=283; distinct_products: weight=0.1, training_median=194; distributor_count: weight=0.1, training_median=13",2012-08-25,active,senior,36,11,48.125,20.625,31.875,31.625,41.609375,40.01190476190476,42.390625,84,76,8.484848484848486,81.28702315129621,6.502961852103697,168.0,False,87.7899850033999,116.78677660908204,85.0,100.0,120.0,100.0,cadence_aligned_planned_visit_hours + cadence_aligned_planned_travel_hours + unplanned_required_coverage_hours + preparation_follow_up_buffer,cadence-aligned service attributed to servicing reps; uncovered obligations attributed to dynamic portfolio owners; observed excess retained as diagnostics; all served territories retained as fractional transaction allocations,1.6,deterministic_hours_plus_legacy_normalized_workload
CAPCAL_eac363f76ccbb598,REP_82f7cb811b80,Stella Given,MGR_4b97498897f6,Alisha Cordwell,TEAM_b9dd960c1753,Charlie,TERR_938541fb7311,Charlie / Germany,1,1.0,TERR_938541fb7311:1.00000000,2017-05-01,21,0.0,1.0,6.0,19.0,6.296064612928664,8.0,21,160.0,31.296064612928664,128.70393538707134,33.21581101190476,26.06413126784344,66.05,49.6858346976026,32.834188988095235,23.621703429759165,56.45589241785441,25.59488337237941,2.3517145833390973,91.66481170429782,71.22145210915268,71.22145210915268,0.545623879192249,0.7660948534944723,-0.2204709743022233,20.0,1.75,65.59139784946237,0.6013870182145888,2.0832911750976777,1.0185485699512207,low,low,False,False,synthetic_derived,42,290,405,289,195,13,283.5,396.0,283.0,194.0,13.0,2018-06-01,"distinct_customers: weight=0.4, training_median=283.5; transaction_count: weight=0.25, training_median=396; distinct_cities: weight=0.15, training_median=283; distinct_products: weight=0.1, training_median=194; distributor_count: weight=0.1, training_median=13",2013-04-26,active,senior,44,13,58.125,24.375,39.125,38.125,43.34002976190476,40.01934523809524,40.65997023809524,84,72,7.179487179487179,84.87482565212761,6.789986052170209,168.0,False,91.66481170429782,128.70393538707134,85.0,100.0,120.0,100.0,cadence_aligned_planned_visit_hours + cadence_aligned_planned_travel_hours + unplanned_required_coverage_hours + preparation_follow_up_buffer,cadence-aligned service attributed to servicing reps; uncovered obligations attributed to dynamic portfolio owners; observed excess retained as diagnostics; all served territories retained as fractional transaction allocations,1.6,deterministic_hours_plus_legacy_normalized_workload
CAPCAL_bb6b9ffb6d58c7b3,REP_a132178ac1b8,Alan Ray,MGR_5e1c70ff0ce6,James Goodwill,TEAM_a405eba78bf2,Alfa,TERR_b31415d90eb9,Alfa / Germany,1,1.0,TERR_b31415d90eb9:1.00000000,2017-05-01,21,2.0,2.0,9.0,23.0,7.789582797199073,8.0,21,136.0,39.789582797199074,96.21041720280093,34.3562003968254,25.530817449411504,67.53333333333333,49.60660412491532,33.17713293650794,24.075786675503817,57.25291961201175,18.304828142414234,3.684939516415826,84.44719366774324,87.77344088399272,87.77344088399272,0.5026618670699002,0.5726810547785769,-0.07001918770867666,13.875,2.625,71.89873417721519,0.5990366552959806,2.483740990227742,1.0274838714907686,medium,medium,False,False,synthetic_derived,42,292,404,292,205,13,283.5,396.0,283.0,194.0,13.0,2018-06-01,"distinct_customers: weight=0.4, training_median=283.5; transaction_count: weight=0.25, training_median=396; distinct_cities: weight=0.15, training_median=283; distinct_products: weight=0.1, training_median=194; distributor_count: weight=0.1, training_median=13",2012-12-18,active,senior,34,13,49.375,24.375,35.75,35.5,42.619791666666664,42.529761904761905,41.380208333333336,84,81,10.76923076923077,78.19184598865114,6.255347679092091,168.0,False,84.44719366774324,96.21041720280093,85.0,100.0,120.0,100.0,cadence_aligned_planned_visit_hours + cadence_aligned_planned_travel_hours + unplanned_required_coverage_hours + preparation_follow_up_buffer,cadence-aligned service attributed to servicing reps; uncovered obligations attributed to dynamic portfolio owners; observed excess retained as diagnostics; all served territories retained as fractional transaction allocations,1.6,deterministic_hours_plus_legacy_normalized_workload
CAPCAL_a68317ca3980d67c,REP_bba68d031906,Steve Pepple,MGR_eb86f856200b,Tracy Banks,TEAM_f144a6907dc4,Bravo,TERR_07a5ea4d7ed4,Bravo / Germany,1,1.0,TERR_07a5ea4d7ed4:1.00000000,2017-05-01,21,0.0,0.0,5.0,19.0,5.980783505512372,8.0,21,168.0,29.98078350551237,138.01921649448764,36.52889384920635,28.700645558091338,66.2,50.91070802822263,29.67110615079365,22.21006247013129,51.88116862092494,29.344089684116604,6.271544459801136,102.13951941872743,74.00383947463344,74.00383947463344,0.6079733298733776,0.8215429553243312,-0.2135696254509536,21.75,4.5,50.28571428571429,0.6218550319212439,3.2948232070557237,1.0215350392843927,low,low,False,False,synthetic_derived,42,291,405,291,196,13,283.5,396.0,283.0,194.0,13.0,2018-06-01,"distinct_customers: weight=0.4, training_median=283.5; transaction_count: weight=0.25, training_median=396; distinct_cities: weight=0.15, training_median=283; distinct_products: weight=0.1, training_median=194; distributor_count: weight=0.1, training_median=13",2016-09-24,active,experienced,31,10,43.75,18.75,22.25,22.0,46.15327380952381,42.930059523809526,37.84672619047619,84,76,24.0,94.57362909141429,7.565890327313143,168.0,False,102.13951941872743,138.01921649448764,85.0,100.0,120.0,100.0,cadence_aligned_planned_visit_hours + cadence_aligned_planned_travel_hours + unplanned_required_coverage_hours + preparation_follow_up_buffer,cadence-aligned service attributed to servicing reps; uncovered obligations attributed to dynamic portfolio owners; observed excess retained as diagnostics; all served territories retained as fractional transaction allocations,1.6,deterministic_hours_plus_legacy_normalized_workload
CAPCAL_da14cc21253060b5,REP_c56e2fba156a,Thompson Crawford,MGR_5e1c70ff0ce6,James Goodwill,TEAM_a405eba78bf2,Alfa,TERR_b31415d90eb9,Alfa / Germany,1,1.0,TERR_b31415d90eb9:1.00000000,2017-05-01,21,0.0,2.0,12.0,17.0,7.808312458943184,8.0,21,152.0,36.808312458943185,115.19168754105681,34.940141369047616,26.249770046186043,68.06666666666666,49.49418241378818,33.12652529761905,23.24441236760214,56.37093766522119,18.066931276006077,1.105061024712636,85.59739010653892,74.30865189472128,74.30865189472128,0.5095082744436841,0.6856648067920048,-0.17615653234832074,13.25,0.875,73.16455696202532,0.6021760960976674,2.5175702972511447,1.0426571744840358,low,low,False,False,synthetic_derived,42,290,435,290,204,13,283.5,396.0,283.0,194.0,13.0,2018-06-01,"distinct_customers: weight=0.4, training_median=283.5; transaction_count: weight=0.25, training_median=396; distinct_cities: weight=0.15, training_median=283; distinct_products: weight=0.1, training_median=194; distributor_count: weight=0.1, training_median=13",2014-02-24,active,senior,34,12,49.375,22.5,36.125,36.125,43.591517857142854,44.41815476190476,40.408482142857146,84,80,3.888888888888889,79.25684269123974,6.340547415299179,168.0,False,85.59739010653892,115.19168754105681,85.0,100.0,120.0,100.0,cadence_aligned_planned_visit_hours + cadence_aligned_planned_travel_hours + unplanned_required_coverage_hours + preparation_follow_up_buffer,cadence-aligned service attributed to servicing reps; uncovered obligations attributed to dynamic portfolio owners; observed excess retained as diagnostics; all served territories retained as fractional transaction allocations,1.6,deterministic_hours_plus_legacy_normalized_workload
CAPCAL_b9c6f42b6dc33186,REP_d21d2dd167c5,Morris Garcia,MGR_eb86f856200b,Tracy Banks,TEAM_f144a6907dc4,Bravo,TERR_07a5ea4d7ed4,Bravo / Germany,1,1.0,TERR_07a5ea4d7ed4:1.00000000,2017-05-01,21,2.0,0.0,6.0,24.0,8.263388121879672,8.0,21,152.0,38.26338812187967,113.73661187812033,35.29701140873016,27.24435531217137,70.08333333333333,52.870639998844865,34.78632192460317,25.626284686673497,60.41260661127667,10.38313355980908,1.2374999999999998,78.75846030316745,69.24635700205725,69.24635700205725,0.46880035894742533,0.6770036421316686,-0.2082032831842433,9.625,2.625,75.55555555555556,0.6431943919541591,3.281602512631977,1.017554702278847,low,low,False,False,synthetic_derived,42,288,399,288,192,14,283.5,396.0,283.0,194.0,13.0,2018-06-01,"distinct_customers: weight=0.4, training_median=283.5; transaction_count: weight=0.25, training_median=396; distinct_cities: weight=0.15, training_median=283; distinct_products: weight=0.1, training_median=194; distributor_count: weight=0.1, training_median=13",2014-01-05,active,senior,24,15,39.375,28.125,31.75,29.75,42.357886904761905,42.54761904761905,41.642113095238095,84,81,9.333333333333334,72.9245002807106,5.833960022456848,168.0,False,78.75846030316745,113.73661187812033,85.0,100.0,120.0,100.0,cadence_aligned_planned_visit_hours + cadence_aligned_planned_travel_hours + unplanned_required_coverage_hours + preparation_follow_up_buffer,cadence-aligned service attributed to servicing reps; uncovered obligations attributed to dynamic portfolio owners; observed excess retained as diagnostics; all served territories retained as fractional transaction allocations,1.6,deterministic_hours_plus_legacy_normalized_workload
CAPCAL_a17e4f30bb9398e3,REP_db1cc40d477a,Erica Jones,MGR_5e1c70ff0ce6,James Goodwill,TEAM_a405eba78bf2,Alfa,TERR_b31415d90eb9,Alfa / Germany,1,1.0,TERR_b31415d90eb9:1.00000000,2017-05-01,21,1.0,1.0,11.0,24.0,8.034973982827589,8.0,21,152.0,43.03497398282759,108.96502601717242,33.0117435515873,24.9160364556165,66.13333333333334,49.24805040895983,33.12158978174603,24.33201395334333,57.45360373508937,8.301387218766138,1.2374999999999998,71.52750060404755,65.64262242526802,65.64262242526802,0.42575893216694966,0.648601345340312,-0.22284241317336234,7.375,0.875,73.18181818181819,0.5890336668897395,3.7646052949498707,1.0394201361731386,low,low,False,False,synthetic_derived,42,299,412,299,192,13,283.5,396.0,283.0,194.0,13.0,2018-06-01,"distinct_customers: weight=0.4, training_median=283.5; transaction_count: weight=0.25, training_median=396; distinct_cities: weight=0.15, training_median=283; distinct_products: weight=0.1, training_median=194; distributor_count: weight=0.1, training_median=13",2013-02-07,active,senior,19,8,27.5,15.0,21.375,20.125,42.29985119047619,42.342261904761905,41.70014880952381,84,81,5.833333333333333,66.22916722596995,5.298333378077595,168.0,False,71.52750060404755,108.96502601717242,85.0,100.0,120.0,100.0,cadence_aligned_planned_visit_hours + cadence_aligned_planned_travel_hours + unplanned_required_coverage_hours + preparation_follow_up_buffer,cadence-aligned service attributed to servicing reps; uncovered obligations attributed to dynamic portfolio owners; observed excess retained as diagnostics; all served territories retained as fractional transaction allocations,1.6,deterministic_hours_plus_legacy_normalized_workload
CAPCAL_9bd2a5884ba34be6,REP_e7e9152643c7,Jessica Smith,MGR_31981a685b7e,Britanny Bold,TEAM_4f4a9410ffcd,Delta,TERR_49c0203db75f,Delta / Germany,1,1.0,TERR_49c0203db75f:1.00000000,2017-05-01,21,2.0,1.0,6.0,25.0,6.612831205029898,8.0,21,144.0,37.6128312050299,106.38716879497011,38.125545634920634,29.259427792071406,69.01666666666667,52.23621018341962,30.89112103174603,22.976782391348213,53.86790342309425,8.120386854452295,0.0,81.54578910395989,76.65002276836161,76.65002276836161,0.4853916018092851,0.6332569571129173,-0.1478653553036322,6.0,0.0,75.38461538461539,0.6311639668171731,4.29188363705052,0.9587922749465134,low,low,False,False,synthetic_derived,42,276,368,276,191,12,283.5,396.0,283.0,194.0,13.0,2018-06-01,"distinct_customers: weight=0.4, training_median=283.5; transaction_count: weight=0.25, training_median=396; distinct_cities: weight=0.15, training_median=283; distinct_products: weight=0.1, training_median=194; distributor_count: weight=0.1, training_median=13",2015-11-19,active,experienced,19,3,24.375,5.625,18.375,18.375,46.357886904761905,44.583333333333336,37.642113095238095,84,79,0.0,75.50536028144434,6.040428822515548,168.0,False,81.54578910395989,106.38716879497011,85.0,100.0,120.0,100.0,cadence_aligned_planned_visit_hours + cadence_aligned_planned_travel_hours + unplanned_required_coverage_hours + preparation_follow_up_buffer,cadence-aligned service attributed to servicing reps; uncovered obligations attributed to dynamic portfolio owners; observed excess retained as diagnostics; all served territories retained as fractional transaction allocations,1.6,deterministic_hours_plus_legacy_normalized_workload
CAPCAL_142e61e4b1139796,REP_0dfc420450a6,Abigail Thompson,MGR_eb86f856200b,Tracy Banks,TEAM_f144a6907dc4,Bravo,TERR_07a5ea4d7ed4,Bravo / Germany,1,1.0,TERR_07a5ea4d7ed4:1.00000000,2017-06-01,21,2.0,0.0,5.0,26.0,5.114457060172695,8.0,21,152.0,36.1144570601727,115.8855429398273,36.412760416666664,27.786730171747088,68.36666666666666,50.36229200329422,31.95390625,22.57556183154713,54.52946808154713,47.849020518046686,3.7965444598011366,121.01239199497728,104.42406267864841,104.42406267864841,0.72031185711296,0.689794898451353,0.030516958661606974,37.25,4.5,61.298701298701296,0.6137383580802985,1.6807276665969066,0.9150070578189468,high,high,True,True,synthetic_derived,42,260,343,260,182,13,283.5,396.0,283.0,194.0,13.0,2018-06-01,"distinct_customers: weight=0.4, training_median=283.5; transaction_count: weight=0.25, training_median=396; distinct_cities: weight=0.15, training_median=283; distinct_products: weight=0.1, training_median=194; distributor_count: weight=0.1, training_median=13",2015-02-18,active,experienced,72,18,96.25,33.75,61.0,59.0,45.27455357142857,45.904761904761905,38.72544642857143,84,80,13.333333333333334,112.04851110646044,8.963880888516835,168.0,False,121.01239199497728,115.8855429398273,85.0,100.0,120.0,100.0,cadence_aligned_planned_visit_hours + cadence_aligned_planned_travel_hours + unplanned_required_coverage_hours + preparation_follow_up_buffer,cadence-aligned service attributed to servicing reps; uncovered obligations attributed to dynamic portfolio owners; observed excess retained as diagnostics; all served territories retained as fractional transaction allocations,1.6,deterministic_hours_plus_legacy_normalized_workload
CAPCAL_5b0ef0d81d846918,REP_200ef690040c,Mary Gerrard,MGR_31981a685b7e,Britanny Bold,TEAM_4f4a9410ffcd,Delta,TERR_49c0203db75f,Delta / Germany,1,1.0,TERR_49c0203db75f:1.00000000,2017-06-01,21,0.0,2.0,10.0,21.0,6.552468801357681,8.0,21,152.0,37.55246880135768,114.44753119864231,36.202579365079366,29.069495264651227,67.85,53.037242566356696,31.647420634920636,23.96774730170547,55.6151679366261,31.000841358507305,3.7124999999999995,103.97474926729693,90.84927230700313,90.84927230700313,0.6188973170672436,0.6812353047538233,-0.06233798768657972,24.0,3.5,73.6986301369863,0.6372643315014557,1.677012084956402,0.9642816349106648,medium,medium,False,False,synthetic_derived,42,273,377,273,187,13,283.5,396.0,283.0,194.0,13.0,2018-06-01,"distinct_customers: weight=0.4, training_median=283.5; transaction_count: weight=0.25, training_median=396; distinct_cities: weight=0.15, training_median=283; distinct_products: weight=0.1, training_median=194; distributor_count: weight=0.1, training_median=13",2015-01-06,active,experienced,62,26,91.25,48.75,68.625,67.25,45.61607142857143,44.19122023809524,38.38392857142857,84,78,7.179487179487179,96.2729159882379,7.701833279059032,168.0,False,103.97474926729693,114.44753119864231,85.0,100.0,120.0,100.0,cadence_aligned_planned_visit_hours + cadence_aligned_planned_travel_hours + unplanned_required_coverage_hours + preparation_follow_up_buffer,cadence-aligned service attributed to servicing reps; uncovered obligations attributed to dynamic portfolio owners; observed excess retained as diagnostics; all served territories retained as fractional transaction allocations,1.6,deterministic_hours_plus_legacy_normalized_workload
CAPCAL_72cbd815a1a58c26,REP_2234ec3bee93,Daniel Gates,MGR_4b97498897f6,Alisha Cordwell,TEAM_b9dd960c1753,Charlie,TERR_938541fb7311,Charlie / Germany,1,1.0,TERR_938541fb7311:1.00000000,2017-06-01,21,1.0,1.0,10.0,16.0,5.749866025089438,8.0,21,152.0,31.74986602508944,120.25013397491057,34.721825396825395,27.68576673773632,64.15,49.2689098863609,29.428174603174604,21.583143148624583,51.01131775179919,34.09681046751455,3.476959848723255,104.22475481024236,86.67329620771,86.67329620771,0.6203854452990617,0.7157746069935152,-0.09538916169445355,25.875,3.5,75.20958083832335,0.6042100301298652,1.4475660390311438,1.0304254901851528,medium,medium,False,False,synthetic_derived,42,291,415,291,201,13,283.5,396.0,283.0,194.0,13.0,2018-06-01,"distinct_customers: weight=0.4, training_median=283.5; transaction_count: weight=0.25, training_median=396; distinct_cities: weight=0.15, training_median=283; distinct_products: weight=0.1, training_median=194; distributor_count: weight=0.1, training_median=13",2012-10-27,active,senior,72,30,104.375,56.25,79.375,78.5,45.82142857142857,43.467261904761905,38.17857142857143,84,78,6.222222222222222,96.50440260207625,7.7203522081661005,168.0,False,104.22475481024236,120.25013397491057,85.0,100.0,120.0,100.0,cadence_aligned_planned_visit_hours + cadence_aligned_planned_travel_hours + unplanned_required_coverage_hours + preparation_follow_up_buffer,cadence-aligned service attributed to servicing reps; uncovered obligations attributed to dynamic portfolio owners; observed excess retained as diagnostics; all served territories retained as fractional transaction allocations,1.6,deterministic_hours_plus_legacy_normalized_workload
CAPCAL_d2b60aec3f20815c,REP_56269a9759c4,Anne Wu,MGR_31981a685b7e,Britanny Bold,TEAM_4f4a9410ffcd,Delta,TERR_49c0203db75f,Delta / Germany,1,1.0,TERR_49c0203db75f:1.00000000,2017-06-01,21,0.0,0.0,11.0,18.0,8.296178233448263,8.0,21,168.0,37.29617823344826,130.70382176655175,35.94228670634921,30.700539514009563,66.21666666666667,54.65942028817997,30.27437996031746,23.958880774170414,54.23326073448787,35.17795997523109,3.6350727397447664,109.96644909123705,84.13407320839215,84.13407320839215,0.6545621969716491,0.7779989390866175,-0.12343674211496847,31.5,6.25,62.38805970149254,0.6583935711956096,1.8959732601937422,1.023786496843034,low,low,False,False,synthetic_derived,42,294,414,293,194,12,283.5,396.0,283.0,194.0,13.0,2018-06-01,"distinct_customers: weight=0.4, training_median=283.5; transaction_count: weight=0.25, training_median=396; distinct_cities: weight=0.15, training_median=283; distinct_products: weight=0.1, training_median=194; distributor_count: weight=0.1, training_median=13",2015-04-14,active,experienced,58,22,83.75,41.25,57.875,52.25,46.629464285714285,43.327380952380956,37.370535714285715,84,73,15.151515151515152,101.82078619558986,8.145662895647188,168.0,False,109.96644909123705,130.70382176655175,85.0,100.0,120.0,100.0,cadence_aligned_planned_visit_hours + cadence_aligned_planned_travel_hours + unplanned_required_coverage_hours + preparation_follow_up_buffer,cadence-aligned service attributed to servicing reps; uncovered obligations attributed to dynamic portfolio owners; observed excess retained as diagnostics; all served territories retained as fractional transaction allocations,1.6,deterministic_hours_plus_legacy_normalized_workload
CAPCAL_a56116a46956ba51,REP_6003efb01f5e,Sheila Stones,MGR_31981a685b7e,Britanny Bold,TEAM_4f4a9410ffcd,Delta,TERR_49c0203db75f,Delta / Germany,1,1.0,TERR_49c0203db75f:1.00000000,2017-06-01,21,2.0,2.0,6.0,24.0,5.794456346659304,8.0,21,136.0,35.7944563466593,100.2055436533407,35.68149801587302,27.85935293599684,67.43333333333334,51.875765578259895,31.75183531746032,24.01641264226306,55.768247959723375,18.66925283619236,1.2374999999999998,88.78691209110718,88.6047905675398,88.6047905675398,0.5284935243518285,0.5964615693651232,-0.06796804501329468,13.75,0.875,79.62962962962963,0.6284908410430332,1.889083235981004,0.9526228243866034,medium,medium,False,False,synthetic_derived,42,261,393,260,191,13,283.5,396.0,283.0,194.0,13.0,2018-06-01,"distinct_customers: weight=0.4, training_median=283.5; transaction_count: weight=0.25, training_median=396; distinct_cities: weight=0.15, training_median=283; distinct_products: weight=0.1, training_median=194; distributor_count: weight=0.1, training_median=13",2014-08-03,active,experienced,47,17,67.5,31.875,53.75,53.75,44.327380952380956,43.126488095238095,39.672619047619044,84,75,2.7450980392156863,82.21010378806221,6.576808303044977,168.0,False,88.78691209110718,100.2055436533407,85.0,100.0,120.0,100.0,cadence_aligned_planned_visit_hours + cadence_aligned_planned_travel_hours + unplanned_required_coverage_hours + preparation_follow_up_buffer,cadence-aligned service attributed to servicing reps; uncovered obligations attributed to dynamic portfolio owners; observed excess retained as diagnostics; all served territories retained as fractional transaction allocations,1.6,deterministic_hours_plus_legacy_normalized_workload
CAPCAL_22be7c2fdf74636f,REP_6daf09991b71,Jimmy Grey,MGR_4b97498897f6,Alisha Cordwell,TEAM_b9dd960c1753,Charlie,TERR_938541fb7311,Charlie / Germany,1,1.0,TERR_938541fb7311:1.00000000,2017-06-01,21,1.0,2.0,12.0,18.0,4.333208333925149,8.0,21,144.0,34.33320833392515,109.66679166607486,34.50407986111111,25.65228682163993,67.15,49.60163201609661,32.64592013888889,23.94934519445668,56.595265333345566,14.570788136917718,0.0,80.70532720524226,73.59139989339931,73.59139989339931,0.4803888524121563,0.6527785218218741,-0.17238966940971784,11.875,0.875,77.64705882352942,0.6110176958490752,2.241814644590063,1.0186369962735122,low,low,False,False,synthetic_derived,42,288,408,288,198,13,283.5,396.0,283.0,194.0,13.0,2018-06-01,"distinct_customers: weight=0.4, training_median=283.5; transaction_count: weight=0.25, training_median=396; distinct_cities: weight=0.15, training_median=283; distinct_products: weight=0.1, training_median=194; distributor_count: weight=0.1, training_median=13",2012-08-25,active,senior,36,17,53.125,31.875,42.375,41.25,41.982886904761905,39.660714285714285,42.017113095238095,84,77,2.7450980392156863,74.72715481966875,5.978172385573501,168.0,False,80.70532720524226,109.66679166607486,85.0,100.0,120.0,100.0,cadence_aligned_planned_visit_hours + cadence_aligned_planned_travel_hours + unplanned_required_coverage_hours + preparation_follow_up_buffer,cadence-aligned service attributed to servicing reps; uncovered obligations attributed to dynamic portfolio owners; observed excess retained as diagnostics; all served territories retained as fractional transaction allocations,1.6,deterministic_hours_plus_legacy_normalized_workload
CAPCAL_0de6c2fb39c0fa97,REP_82f7cb811b80,Stella Given,MGR_4b97498897f6,Alisha Cordwell,TEAM_b9dd960c1753,Charlie,TERR_938541fb7311,Charlie / Germany,1,1.0,TERR_938541fb7311:1.00000000,2017-06-01,21,0.0,1.0,6.0,19.0,5.547130385556468,8.0,21,160.0,30.547130385556468,129.45286961444353,37.93404017857143,28.249805133706477,67.9,47.67370017622489,29.965959821428573,19.42389504251841,49.38985486394698,15.137181924178252,0.0,87.82670941537265,67.8445442553353,67.8445442553353,0.522778032234361,0.7705527953240686,-0.24777476308970758,11.5,0.0,78.0952380952381,0.5946675348834166,2.4396308170936845,0.9574870803217068,low,low,False,False,synthetic_derived,42,268,380,267,190,13,283.5,396.0,283.0,194.0,13.0,2018-06-01,"distinct_customers: weight=0.4, training_median=283.5; transaction_count: weight=0.25, training_median=396; distinct_cities: weight=0.15, training_median=283; distinct_products: weight=0.1, training_median=194; distributor_count: weight=0.1, training_median=13",2013-04-26,active,senior,36,14,52.5,26.25,41.25,41.0,47.505208333333336,46.367559523809526,36.494791666666664,84,80,0.0,81.32102723645616,6.505682178916493,168.0,False,87.82670941537265,129.45286961444353,85.0,100.0,120.0,100.0,cadence_aligned_planned_visit_hours + cadence_aligned_planned_travel_hours + unplanned_required_coverage_hours + preparation_follow_up_buffer,cadence-aligned service attributed to servicing reps; uncovered obligations attributed to dynamic portfolio owners; observed excess retained as diagnostics; all served territories retained as fractional transaction allocations,1.6,deterministic_hours_plus_legacy_normalized_workload
CAPCAL_ad3340553bdb0a36,REP_a132178ac1b8,Alan Ray,MGR_5e1c70ff0ce6,James Goodwill,TEAM_a405eba78bf2,Alfa,TERR_b31415d90eb9,Alfa / Germany,1,1.0,TERR_b31415d90eb9:1.00000000,2017-06-01,21,2.0,2.0,9.0,23.0,7.569722940223655,8.0,21,136.0,39.569722940223656,96.43027705977634,35.6140625,27.313769520804303,67.51666666666667,51.3476981099161,31.902604166666666,24.033928589111795,55.936532755778465,13.785512000881038,0.0,82.85041154342017,85.91742559451723,85.91742559451723,0.49315721156797715,0.5739897444034306,-0.0808325328354535,10.25,0.0,77.53424657534246,0.6169594836382747,2.672593920755489,0.9682698892425617,medium,medium,False,False,synthetic_derived,42,274,377,273,192,13,283.5,396.0,283.0,194.0,13.0,2018-06-01,"distinct_customers: weight=0.4, training_median=283.5; transaction_count: weight=0.25, training_median=396; distinct_cities: weight=0.15, training_median=283; distinct_products: weight=0.1, training_median=194; distributor_count: weight=0.1, training_median=13",2012-12-18,active,senior,31,13,45.625,24.375,35.375,35.375,44.27157738095238,43.75297619047619,39.72842261904762,84,78,0.0,76.71334402168534,6.137067521734828,168.0,False,82.85041154342017,96.43027705977634,85.0,100.0,120.0,100.0,cadence_aligned_planned_visit_hours + cadence_aligned_planned_travel_hours + unplanned_required_coverage_hours + preparation_follow_up_buffer,cadence-aligned service attributed to servicing reps; uncovered obligations attributed to dynamic portfolio owners; observed excess retained as diagnostics; all served territories retained as fractional transaction allocations,1.6,deterministic_hours_plus_legacy_normalized_workload
CAPCAL_1630174adc4e7dda,REP_bba68d031906,Steve Pepple,MGR_eb86f856200b,Tracy Banks,TEAM_f144a6907dc4,Bravo,TERR_07a5ea4d7ed4,Bravo / Germany,1,1.0,TERR_07a5ea4d7ed4:1.00000000,2017-06-01,21,0.0,0.0,5.0,19.0,5.9056678801248825,8.0,21,168.0,29.90566788012488,138.0943321198751,38.86526537698413,30.179108582191024,69.13333333333334,51.824424570876054,30.268067956349206,21.645315988685034,51.91338394503424,10.599544847160454,1.0780470010514125,86.01543231084246,62.2874458280991,62.2874458280991,0.5119966208978718,0.8219900721421137,-0.30999345124424194,9.0,0.875,73.33333333333333,0.6279041121795863,3.739801404819237,0.9984841868047398,low,low,False,False,synthetic_derived,42,288,381,287,193,13,283.5,396.0,283.0,194.0,13.0,2018-06-01,"distinct_customers: weight=0.4, training_median=283.5; transaction_count: weight=0.25, training_median=396; distinct_cities: weight=0.15, training_median=283; distinct_products: weight=0.1, training_median=194; distributor_count: weight=0.1, training_median=13",2016-09-24,active,experienced,23,9,33.75,16.875,25.75,24.75,48.06324404761905,48.50892857142857,35.93675595238095,84,79,5.185185185185185,79.6439188063356,6.371513504506849,168.0,False,86.01543231084246,138.0943321198751,85.0,100.0,120.0,100.0,cadence_aligned_planned_visit_hours + cadence_aligned_planned_travel_hours + unplanned_required_coverage_hours + preparation_follow_up_buffer,cadence-aligned service attributed to servicing reps; uncovered obligations attributed to dynamic portfolio owners; observed excess retained as diagnostics; all served territories retained as fractional transaction allocations,1.6,deterministic_hours_plus_legacy_normalized_workload
CAPCAL_5d1089a6f2e5fbb4,REP_c56e2fba156a,Thompson Crawford,MGR_5e1c70ff0ce6,James Goodwill,TEAM_a405eba78bf2,Alfa,TERR_b31415d90eb9,Alfa / Germany,1,1.0,TERR_b31415d90eb9:1.00000000,2017-06-01,21,0.0,0.0,12.0,17.0,7.850220067203724,8.0,21,168.0,36.85022006720372,131.14977993279626,39.507477678571426,31.905361391395,68.95,52.513554034623695,29.44252232142857,20.60819264322869,50.05071496465726,11.29389241840489,0.0,89.32327000744102,68.1078306446355,68.1078306446355,0.5316861309966727,0.7806534519809302,-0.24896732098425745,8.875,0.0,77.46031746031747,0.647198830446071,3.0801127588772768,0.9404113465556279,low,low,False,False,synthetic_derived,42,266,364,265,184,13,283.5,396.0,283.0,194.0,13.0,2018-06-01,"distinct_customers: weight=0.4, training_median=283.5; transaction_count: weight=0.25, training_median=396; distinct_cities: weight=0.15, training_median=283; distinct_products: weight=0.1, training_median=194; distributor_count: weight=0.1, training_median=13",2014-02-24,active,senior,29,8,39.375,15.0,31.0,30.5,49.29761904761905,48.914434523809526,34.70238095238095,84,76,0.0,82.70673148837132,6.616538519069706,168.0,False,89.32327000744102,131.14977993279626,85.0,100.0,120.0,100.0,cadence_aligned_planned_visit_hours + cadence_aligned_planned_travel_hours + unplanned_required_coverage_hours + preparation_follow_up_buffer,cadence-aligned service attributed to servicing reps; uncovered obligations attributed to dynamic portfolio owners; observed excess retained as diagnostics; all served territories retained as fractional transaction allocations,1.6,deterministic_hours_plus_legacy_normalized_workload
CAPCAL_51d937f345076131,REP_d21d2dd167c5,Morris Garcia,MGR_eb86f856200b,Tracy Banks,TEAM_f144a6907dc4,Bravo,TERR_07a5ea4d7ed4,Bravo / Germany,1,1.0,TERR_07a5ea4d7ed4:1.00000000,2017-06-01,21,2.0,2.0,6.0,24.0,8.017339901495601,8.0,21,136.0,38.0173399014956,97.9826600985044,35.49668898809524,27.045844163441785,66.58333333333333,51.13437736461268,31.086644345238096,24.088533201170897,55.17517754640899,7.21093582292417,0.0,75.33374649241809,76.88477371065778,76.88477371065778,0.4484151576929648,0.5832301196339548,-0.13481496194098996,8.0,0.875,81.44927536231884,0.6085450772729151,2.511124883080603,0.9547989478966492,low,low,False,False,synthetic_derived,42,267,378,266,191,13,283.5,396.0,283.0,194.0,13.0,2018-06-01,"distinct_customers: weight=0.4, training_median=283.5; transaction_count: weight=0.25, training_median=396; distinct_cities: weight=0.15, training_median=283; distinct_products: weight=0.1, training_median=194; distributor_count: weight=0.1, training_median=13",2014-01-05,active,senior,30,12,43.125,22.5,37.75,35.125,44.44345238095238,41.761160714285715,39.55654761904762,84,75,3.888888888888889,69.75346897446119,5.580277517956895,168.0,False,75.33374649241809,97.9826600985044,85.0,100.0,120.0,100.0,cadence_aligned_planned_visit_hours + cadence_aligned_planned_travel_hours + unplanned_required_coverage_hours + preparation_follow_up_buffer,cadence-aligned service attributed to servicing reps; uncovered obligations attributed to dynamic portfolio owners; observed excess retained as diagnostics; all served territories retained as fractional transaction allocations,1.6,deterministic_hours_plus_legacy_normalized_workload
CAPCAL_458c25afdea4e64e,REP_db1cc40d477a,Erica Jones,MGR_5e1c70ff0ce6,James Goodwill,TEAM_a405eba78bf2,Alfa,TERR_b31415d90eb9,Alfa / Germany,1,1.0,TERR_b31415d90eb9:1.00000000,2017-06-01,21,1.0,1.0,11.0,24.0,7.5824259771883815,8.0,21,152.0,42.58242597718838,109.41757402281162,32.56622023809524,25.372322269134774,61.9,46.772409063498564,29.33377976190476,21.400086794363794,50.73386655626855,18.40851351314447,1.2351654539644281,82.45482050200444,75.35793151913063,75.35793151913063,0.49080250298812167,0.6512950834691168,-0.16049258048099513,14.375,1.75,65.15151515151516,0.6152197649151536,2.94481501792873,0.9380215510386846,low,low,False,False,synthetic_derived,42,265,360,265,187,13,283.5,396.0,283.0,194.0,13.0,2018-06-01,"distinct_customers: weight=0.4, training_median=283.5; transaction_count: weight=0.25, training_median=396; distinct_cities: weight=0.15, training_median=283; distinct_products: weight=0.1, training_median=194; distributor_count: weight=0.1, training_median=13",2013-02-07,active,senior,28,13,41.25,24.375,27.75,26.875,41.24107142857143,39.217261904761905,35.75892857142857,77,69,7.179487179487179,76.34705602037448,6.1077644816299586,168.0,False,82.45482050200444,109.41757402281162,85.0,100.0,120.0,100.0,cadence_aligned_planned_visit_hours + cadence_aligned_planned_travel_hours + unplanned_required_coverage_hours + preparation_follow_up_buffer,cadence-aligned service attributed to servicing reps; uncovered obligations attributed to dynamic portfolio owners; observed excess retained as diagnostics; all served territories retained as fractional transaction allocations,1.6,deterministic_hours_plus_legacy_normalized_workload
CAPCAL_3007fd91ad07b7ba,REP_e7e9152643c7,Jessica Smith,MGR_31981a685b7e,Britanny Bold,TEAM_4f4a9410ffcd,Delta,TERR_49c0203db75f,Delta / Germany,1,1.0,TERR_49c0203db75f:1.00000000,2017-06-01,21,2.0,0.0,6.0,25.0,4.778626004631407,8.0,21,152.0,35.778626004631406,116.2213739953686,34.69033978174603,27.155150122666896,68.08333333333333,53.050667601778954,33.3929935515873,25.89551747911206,59.28851103069936,15.0348485648907,2.4749999999999996,83.03076554684792,71.4419066755799,71.4419066755799,0.4942307473026662,0.6917938928295749,-0.19756314552690873,12.125,2.625,66.55172413793103,0.6366819909087855,3.075213538772145,0.9646935024143504,low,low,False,False,synthetic_derived,42,270,382,269,194,13,283.5,396.0,283.0,194.0,13.0,2018-06-01,"distinct_customers: weight=0.4, training_median=283.5; transaction_count: weight=0.25, training_median=396; distinct_cities: weight=0.15, training_median=283; distinct_products: weight=0.1, training_median=194; distributor_count: weight=0.1, training_median=13",2015-11-19,active,experienced,27,10,36.25,18.75,25.25,24.125,42.651041666666664,41.54985119047619,41.348958333333336,84,78,14.000000000000002,76.88033846930362,6.15042707754429,168.0,False,83.03076554684792,116.2213739953686,85.0,100.0,120.0,100.0,cadence_aligned_planned_visit_hours + cadence_aligned_planned_travel_hours + unplanned_required_coverage_hours + preparation_follow_up_buffer,cadence-aligned service attributed to servicing reps; uncovered obligations attributed to dynamic portfolio owners; observed excess retained as diagnostics; all served territories retained as fractional transaction allocations,1.6,deterministic_hours_plus_legacy_normalized_workload
CAPCAL_ea18e4d5a7139ac6,REP_0dfc420450a6,Abigail Thompson,MGR_eb86f856200b,Tracy Banks,TEAM_f144a6907dc4,Bravo,TERR_07a5ea4d7ed4,Bravo / Germany,1,1.0,TERR_07a5ea4d7ed4:1.00000000,2017-07-01,21,2.0,1.0,5.0,26.0,7.312350508921487,8.0,21,144.0,38.31235050892148,105.68764949107852,34.28296130952381,26.764731972436504,66.78333333333333,51.32912745146732,32.500372023809526,24.564395479030818,57.06476750284034,26.715159631269835,4.949999999999999,94.78388114628856,89.68302502960823,89.68302502960823,0.5641897687279082,0.6290931517326103,-0.06490338300470211,21.75,4.5,81.1891891891892,0.6217363460074781,1.230959495406345,1.0600801740937802,medium,medium,False,False,synthetic_derived,42,303,417,302,197,14,283.5,396.0,283.0,194.0,13.0,2018-06-01,"distinct_customers: weight=0.4, training_median=283.5; transaction_count: weight=0.25, training_median=396; distinct_cities: weight=0.15, training_median=283; distinct_products: weight=0.1, training_median=194; distributor_count: weight=0.1, training_median=13",2015-02-18,active,experienced,77,39,115.625,73.125,96.125,93.875,43.048363095238095,40.20907738095238,40.951636904761905,84,73,6.153846153846154,87.76285291323015,7.021028233058412,168.0,False,94.78388114628856,105.68764949107852,85.0,100.0,120.0,100.0,cadence_aligned_planned_visit_hours + cadence_aligned_planned_travel_hours + unplanned_required_coverage_hours + preparation_follow_up_buffer,cadence-aligned service attributed to servicing reps; uncovered obligations attributed to dynamic portfolio owners; observed excess retained as diagnostics; all served territories retained as fractional transaction allocations,1.6,deterministic_hours_plus_legacy_normalized_workload
CAPCAL_35f915e5145711bd,REP_200ef690040c,Mary Gerrard,MGR_31981a685b7e,Britanny Bold,TEAM_4f4a9410ffcd,Delta,TERR_49c0203db75f,Delta / Germany,1,1.0,TERR_49c0203db75f:1.00000000,2017-07-01,21,0.0,1.0,10.0,21.0,8.689086601343284,8.0,21,160.0,39.689086601343284,120.31091339865671,31.996614583333333,24.992781675788134,67.48333333333333,51.51740647732299,35.48671875,26.52462480153486,62.01134355153486,44.558002015149256,2.4749999999999996,109.67119013621237,91.1564770294869,91.1564770294869,0.6528047031917403,0.7161363892777185,-0.06333168608597817,34.375,2.625,66.86746987951807,0.620560116984597,1.4622825351494984,1.011521881453153,medium,medium,False,False,synthetic_derived,42,283,404,283,193,14,283.5,396.0,283.0,194.0,13.0,2018-06-01,"distinct_customers: weight=0.4, training_median=283.5; transaction_count: weight=0.25, training_median=396; distinct_cities: weight=0.15, training_median=283; distinct_products: weight=0.1, training_median=194; distributor_count: weight=0.1, training_median=13",2015-01-06,active,experienced,75,26,103.75,48.75,71.0,69.375,40.27455357142857,42.32886904761905,43.72544642857143,84,82,5.384615384615385,101.54739827427072,8.123791861941658,168.0,False,109.67119013621237,120.31091339865671,85.0,100.0,120.0,100.0,cadence_aligned_planned_visit_hours + cadence_aligned_planned_travel_hours + unplanned_required_coverage_hours + preparation_follow_up_buffer,cadence-aligned service attributed to servicing reps; uncovered obligations attributed to dynamic portfolio owners; observed excess retained as diagnostics; all served territories retained as fractional transaction allocations,1.6,deterministic_hours_plus_legacy_normalized_workload
CAPCAL_a14b03e7021661a5,REP_2234ec3bee93,Daniel Gates,MGR_4b97498897f6,Alisha Cordwell,TEAM_b9dd960c1753,Charlie,TERR_938541fb7311,Charlie / Germany,1,1.0,TERR_938541fb7311:1.00000000,2017-07-01,21,1.0,0.0,10.0,16.0,8.27440266904359,8.0,21,160.0,34.27440266904359,125.72559733095642,35.954811507936505,27.95072542105211,66.38333333333333,49.10773502771012,30.428521825396825,21.157009606658008,51.585531432054836,41.382034892009806,6.024846807683121,113.71057756667828,90.44345780068147,90.44345780068147,0.6768486759921326,0.7483666507795025,-0.07151797478736988,31.375,4.375,62.537313432835816,0.6016588715968743,1.9605271994254876,1.0122500100562526,medium,medium,False,False,synthetic_derived,42,290,395,290,194,13,283.5,396.0,283.0,194.0,13.0,2018-06-01,"distinct_customers: weight=0.4, training_median=283.5; transaction_count: weight=0.25, training_median=396; distinct_cities: weight=0.15, training_median=283; distinct_products: weight=0.1, training_median=194; distributor_count: weight=0.1, training_median=13",2012-10-27,active,senior,58,20,83.75,37.5,53.375,52.375,46.45610119047619,45.726934523809526,37.54389880952381,84,77,11.666666666666666,105.28757182099841,8.423005745679873,168.0,False,113.71057756667828,125.72559733095642,85.0,100.0,120.0,100.0,cadence_aligned_planned_visit_hours + cadence_aligned_planned_travel_hours + unplanned_required_coverage_hours + preparation_follow_up_buffer,cadence-aligned service attributed to servicing reps; uncovered obligations attributed to dynamic portfolio owners; observed excess retained as diagnostics; all served territories retained as fractional transaction allocations,1.6,deterministic_hours_plus_legacy_normalized_workload
CAPCAL_e2a7a82278d9907b,REP_56269a9759c4,Anne Wu,MGR_31981a685b7e,Britanny Bold,TEAM_4f4a9410ffcd,Delta,TERR_49c0203db75f,Delta / Germany,1,1.0,TERR_49c0203db75f:1.00000000,2017-07-01,21,0.0,0.0,11.0,18.0,8.927817848282286,8.0,21,168.0,37.92781784828229,130.0721821517177,32.96889880952381,26.70133934039886,66.6,52.94555497433161,33.63110119047619,26.244215633932747,59.87531682440894,44.61168601927581,1.1104907990269943,112.62447810273436,86.58613720446995,86.58613720446995,0.6703837982305616,0.7742391794745102,-0.10385538124394855,36.375,2.75,56.2406015037594,0.6410152913956857,1.8463029197169567,1.088349447900102,medium,medium,False,False,synthetic_derived,42,306,446,306,204,14,283.5,396.0,283.0,194.0,13.0,2018-06-01,"distinct_customers: weight=0.4, training_median=283.5; transaction_count: weight=0.25, training_median=396; distinct_cities: weight=0.15, training_median=283; distinct_products: weight=0.1, training_median=194; distributor_count: weight=0.1, training_median=13",2015-04-14,active,experienced,61,16,83.125,30.0,50.125,46.75,41.654761904761905,38.685267857142854,42.345238095238095,84,75,9.166666666666666,104.28192416919848,8.342553933535878,168.0,False,112.62447810273436,130.0721821517177,85.0,100.0,120.0,100.0,cadence_aligned_planned_visit_hours + cadence_aligned_planned_travel_hours + unplanned_required_coverage_hours + preparation_follow_up_buffer,cadence-aligned service attributed to servicing reps; uncovered obligations attributed to dynamic portfolio owners; observed excess retained as diagnostics; all served territories retained as fractional transaction allocations,1.6,deterministic_hours_plus_legacy_normalized_workload
CAPCAL_5a26750530b65d39,REP_6003efb01f5e,Sheila Stones,MGR_31981a685b7e,Britanny Bold,TEAM_4f4a9410ffcd,Delta,TERR_49c0203db75f,Delta / Germany,1,1.0,TERR_49c0203db75f:1.00000000,2017-07-01,21,2.0,0.0,6.0,24.0,6.5763120370560255,8.0,21,152.0,36.57631203705603,115.42368796294397,33.28632192460317,25.512936869101726,68.41666666666667,51.90287801138888,35.13034474206349,26.389941142287153,61.52028588435064,20.83171691163306,2.4749999999999996,86.00145376176499,74.50936222846666,74.50936222846666,0.5119134152486011,0.6870457616841903,-0.17513234643558917,17.625,3.75,65.18518518518519,0.6242378873488571,2.388929271160139,1.0283418466732979,low,low,False,False,synthetic_derived,42,293,408,293,198,13,283.5,396.0,283.0,194.0,13.0,2018-06-01,"distinct_customers: weight=0.4, training_median=283.5; transaction_count: weight=0.25, training_median=396; distinct_cities: weight=0.15, training_median=283; distinct_products: weight=0.1, training_median=194; distributor_count: weight=0.1, training_median=13",2014-08-03,active,experienced,36,12,50.625,22.5,35.25,33.0,40.870535714285715,35.836309523809526,43.129464285714285,84,73,16.666666666666664,79.63097570533796,6.370478056427037,168.0,False,86.00145376176499,115.42368796294397,85.0,100.0,120.0,100.0,cadence_aligned_planned_visit_hours + cadence_aligned_planned_travel_hours + unplanned_required_coverage_hours + preparation_follow_up_buffer,cadence-aligned service attributed to servicing reps; uncovered obligations attributed to dynamic portfolio owners; observed excess retained as diagnostics; all served territories retained as fractional transaction allocations,1.6,deterministic_hours_plus_legacy_normalized_workload
CAPCAL_cd96586ec5f0d23b,REP_6daf09991b71,Jimmy Grey,MGR_4b97498897f6,Alisha Cordwell,TEAM_b9dd960c1753,Charlie,TERR_938541fb7311,Charlie / Germany,1,1.0,TERR_938541fb7311:1.00000000,2017-07-01,21,1.0,1.0,12.0,18.0,5.84775562909592,8.0,21,152.0,35.84775562909592,116.15224437090407,33.64159226190476,26.745560829742455,66.61666666666666,52.028721977417035,32.975074404761905,25.283161147674576,58.25823555243648,16.212186403829367,2.4749999999999996,82.72728665511471,71.22314949932878,71.22314949932878,0.49242432532806374,0.6913824069696671,-0.1989580816416034,12.25,1.75,80.2020202020202,0.6298034823508342,2.017738698905237,0.9903367423438034,low,low,False,False,synthetic_derived,42,283,403,282,184,12,283.5,396.0,283.0,194.0,13.0,2018-06-01,"distinct_customers: weight=0.4, training_median=283.5; transaction_count: weight=0.25, training_median=396; distinct_cities: weight=0.15, training_median=283; distinct_products: weight=0.1, training_median=194; distributor_count: weight=0.1, training_median=13",2012-08-25,active,senior,41,19,61.875,35.625,49.875,49.625,42.466517857142854,39.555059523809526,41.533482142857146,84,76,4.912280701754386,76.59933949547658,6.1279471596381265,168.0,False,82.72728665511471,116.15224437090407,85.0,100.0,120.0,100.0,cadence_aligned_planned_visit_hours + cadence_aligned_planned_travel_hours + unplanned_required_coverage_hours + preparation_follow_up_buffer,cadence-aligned service attributed to servicing reps; uncovered obligations attributed to dynamic portfolio owners; observed excess retained as diagnostics; all served territories retained as fractional transaction allocations,1.6,deterministic_hours_plus_legacy_normalized_workload
CAPCAL_75372989c9a783cf,REP_82f7cb811b80,Stella Given,MGR_4b97498897f6,Alisha Cordwell,TEAM_b9dd960c1753,Charlie,TERR_938541fb7311,Charlie / Germany,1,1.0,TERR_938541fb7311:1.00000000,2017-07-01,21,0.0,0.0,6.0,19.0,5.501822094029725,8.0,21,168.0,30.501822094029727,137.49817790597027,35.02917906746032,26.93104139585007,69.16666666666667,51.984315722374,34.137487599206345,25.053274326523933,59.19076192573028,22.640044463668726,2.4749999999999996,91.36828612113746,66.450543209104,66.450543209104,0.5438588459591516,0.818441535154585,-0.2745826891954334,18.625,2.75,66.51685393258427,0.6344045927721543,2.3427765672086527,1.0000959420825728,low,low,False,False,synthetic_derived,42,282,402,281,193,13,283.5,396.0,283.0,194.0,13.0,2018-06-01,"distinct_customers: weight=0.4, training_median=283.5; transaction_count: weight=0.25, training_median=396; distinct_cities: weight=0.15, training_median=283; distinct_products: weight=0.1, training_median=194; distributor_count: weight=0.1, training_median=13",2013-04-26,active,senior,39,14,55.625,26.25,39.0,37.0,42.450892857142854,38.6875,41.549107142857146,84,77,10.476190476190476,84.60026492697912,6.7680211941583295,168.0,False,91.36828612113746,137.49817790597027,85.0,100.0,120.0,100.0,cadence_aligned_planned_visit_hours + cadence_aligned_planned_travel_hours + unplanned_required_coverage_hours + preparation_follow_up_buffer,cadence-aligned service attributed to servicing reps; uncovered obligations attributed to dynamic portfolio owners; observed excess retained as diagnostics; all served territories retained as fractional transaction allocations,1.6,deterministic_hours_plus_legacy_normalized_workload
CAPCAL_aea0255408594b4b,REP_a132178ac1b8,Alan Ray,MGR_5e1c70ff0ce6,James Goodwill,TEAM_a405eba78bf2,Alfa,TERR_b31415d90eb9,Alfa / Germany,1,1.0,TERR_b31415d90eb9:1.00000000,2017-07-01,21,2.0,0.0,9.0,23.0,7.952931778121137,8.0,21,152.0,39.95293177812114,112.04706822187886,33.77131696428572,25.79912728006316,69.0,51.29119528465021,35.22868303571428,25.492068004587047,60.72075104030133,15.450378433635056,0.0,81.02248849222265,72.3111186914588,72.3111186914588,0.482276717215611,0.6669468346540408,-0.18467011743842981,11.625,0.0,73.04347826086956,0.6183619335949796,2.793878913524919,1.0141707736683025,low,low,False,False,synthetic_derived,42,287,404,287,198,13,283.5,396.0,283.0,194.0,13.0,2018-06-01,"distinct_customers: weight=0.4, training_median=283.5; transaction_count: weight=0.25, training_median=396; distinct_cities: weight=0.15, training_median=283; distinct_products: weight=0.1, training_median=194; distributor_count: weight=0.1, training_median=13",2012-12-18,active,senior,29,14,43.125,26.25,31.75,31.5,41.72172619047619,40.703125,42.27827380952381,84,78,0.0,75.02082267798393,6.001665814238715,168.0,False,81.02248849222265,112.04706822187886,85.0,100.0,120.0,100.0,cadence_aligned_planned_visit_hours + cadence_aligned_planned_travel_hours + unplanned_required_coverage_hours + preparation_follow_up_buffer,cadence-aligned service attributed to servicing reps; uncovered obligations attributed to dynamic portfolio owners; observed excess retained as diagnostics; all served territories retained as fractional transaction allocations,1.6,deterministic_hours_plus_legacy_normalized_workload
CAPCAL_d4bfb1544d3bf939,REP_bba68d031906,Steve Pepple,MGR_eb86f856200b,Tracy Banks,TEAM_f144a6907dc4,Bravo,TERR_07a5ea4d7ed4,Bravo / Germany,1,1.0,TERR_07a5ea4d7ed4:1.00000000,2017-07-01,21,0.0,1.0,5.0,19.0,8.832487227930692,8.0,21,160.0,32.83248722793069,127.1675127720693,34.48902529761905,25.078531000241416,68.31666666666666,50.188336699024184,33.82764136904762,25.10980569878277,58.93744706783039,14.401495375954216,0.0,79.88657580771985,62.81995618716379,62.81995618716379,0.47551533218880865,0.7569494807861268,-0.28143414859731813,10.875,0.0,76.16438356164383,0.6006084510473184,2.4964554939912453,1.0615100157298074,low,low,False,False,synthetic_derived,42,303,429,302,200,13,283.5,396.0,283.0,194.0,13.0,2018-06-01,"distinct_customers: weight=0.4, training_median=283.5; transaction_count: weight=0.25, training_median=396; distinct_cities: weight=0.15, training_median=283; distinct_products: weight=0.1, training_median=194; distributor_count: weight=0.1, training_median=13",2016-09-24,active,experienced,32,14,45.625,26.25,35.0,34.75,41.755208333333336,43.416666666666664,42.244791666666664,84,82,0.0,73.96905167381468,5.917524133905174,168.0,False,79.88657580771985,127.1675127720693,85.0,100.0,120.0,100.0,cadence_aligned_planned_visit_hours + cadence_aligned_planned_travel_hours + unplanned_required_coverage_hours + preparation_follow_up_buffer,cadence-aligned service attributed to servicing reps; uncovered obligations attributed to dynamic portfolio owners; observed excess retained as diagnostics; all served territories retained as fractional transaction allocations,1.6,deterministic_hours_plus_legacy_normalized_workload
CAPCAL_fbd5ed7dae405a83,REP_c56e2fba156a,Thompson Crawford,MGR_5e1c70ff0ce6,James Goodwill,TEAM_a405eba78bf2,Alfa,TERR_b31415d90eb9,Alfa / Germany,1,1.0,TERR_b31415d90eb9:1.00000000,2017-07-01,21,0.0,1.0,12.0,17.0,5.309172349664613,8.0,21,160.0,34.309172349664614,125.6908276503354,33.565389384920636,26.044583988801147,70.11666666666666,52.87279953155516,36.55127728174603,26.828215542754016,63.37949282450005,21.886347684238036,0.0,88.01602674259661,70.02581523884312,70.02581523884312,0.5239049210868846,0.7481596883948536,-0.224254767307969,16.25,0.0,66.66666666666666,0.6412148906566906,2.6671523255332303,1.06843485237973,low,low,False,False,synthetic_derived,42,304,441,302,196,13,283.5,396.0,283.0,194.0,13.0,2018-06-01,"distinct_customers: weight=0.4, training_median=283.5; transaction_count: weight=0.25, training_median=396; distinct_cities: weight=0.15, training_median=283; distinct_products: weight=0.1, training_median=194; distributor_count: weight=0.1, training_median=13",2014-02-24,active,senior,33,12,48.75,22.5,32.5,32.5,40.617559523809526,41.697916666666664,43.382440476190474,84,80,0.0,81.49632105795982,6.519705684636786,168.0,False,88.01602674259661,125.6908276503354,85.0,100.0,120.0,100.0,cadence_aligned_planned_visit_hours + cadence_aligned_planned_travel_hours + unplanned_required_coverage_hours + preparation_follow_up_buffer,cadence-aligned service attributed to servicing reps; uncovered obligations attributed to dynamic portfolio owners; observed excess retained as diagnostics; all served territories retained as fractional transaction allocations,1.6,deterministic_hours_plus_legacy_normalized_workload
CAPCAL_14f4b6f03c4f8636,REP_d21d2dd167c5,Morris Garcia,MGR_eb86f856200b,Tracy Banks,TEAM_f144a6907dc4,Bravo,TERR_07a5ea4d7ed4,Bravo / Germany,1,1.0,TERR_07a5ea4d7ed4:1.00000000,2017-07-01,21,2.0,2.0,6.0,24.0,7.700477752809297,8.0,21,136.0,37.7004777528093,98.29952224719071,37.280195932539684,30.33919759358968,66.86666666666666,51.82692800617882,29.586470734126983,21.487730412589134,51.07420114671612,16.30271669687229,1.1008441889789073,90.63587904084179,92.20378387284794,92.20378387284794,0.5394992800050107,0.5851162038523257,-0.04561692384731497,12.125,0.875,64.72727272727272,0.6292962770199477,3.485995347724684,1.0350681450662629,medium,medium,False,False,synthetic_derived,42,295,402,293,198,14,283.5,396.0,283.0,194.0,13.0,2018-06-01,"distinct_customers: weight=0.4, training_median=283.5; transaction_count: weight=0.25, training_median=396; distinct_cities: weight=0.15, training_median=283; distinct_products: weight=0.1, training_median=194; distributor_count: weight=0.1, training_median=13",2014-01-05,active,senior,26,7,34.375,13.125,22.25,22.25,48.211309523809526,48.854910714285715,35.788690476190474,84,81,6.666666666666667,83.92211022300165,6.7137688178401325,168.0,False,90.63587904084179,98.29952224719071,85.0,100.0,120.0,100.0,cadence_aligned_planned_visit_hours + cadence_aligned_planned_travel_hours + unplanned_required_coverage_hours + preparation_follow_up_buffer,cadence-aligned service attributed to servicing reps; uncovered obligations attributed to dynamic portfolio owners; observed excess retained as diagnostics; all served territories retained as fractional transaction allocations,1.6,deterministic_hours_plus_legacy_normalized_workload
CAPCAL_866d6d166a64b7f1,REP_db1cc40d477a,Erica Jones,MGR_5e1c70ff0ce6,James Goodwill,TEAM_a405eba78bf2,Alfa,TERR_b31415d90eb9,Alfa / Germany,1,1.0,TERR_b31415d90eb9:1.00000000,2017-07-01,21,1.0,0.0,11.0,24.0,4.501580273134282,8.0,21,160.0,39.50158027313428,120.49841972686572,36.652728174603176,28.15494536216088,69.56666666666666,52.71726022187341,32.913938492063494,24.562314859712533,57.47625335177602,11.684544853619773,1.2374999999999998,82.61159586161453,68.55824005731411,68.55824005731411,0.49173568965246744,0.7172524983742007,-0.22551680872173324,8.5,0.875,73.33333333333333,0.6346585473180522,3.591808515722371,0.9833939815025811,low,low,False,False,synthetic_derived,42,272,403,272,196,13,283.5,396.0,283.0,194.0,13.0,2018-06-01,"distinct_customers: weight=0.4, training_median=283.5; transaction_count: weight=0.25, training_median=396; distinct_cities: weight=0.15, training_median=283; distinct_products: weight=0.1, training_median=194; distributor_count: weight=0.1, training_median=13",2013-02-07,active,senior,23,10,31.875,18.75,23.375,23.375,44.36235119047619,44.857142857142854,39.63764880952381,84,80,4.666666666666667,76.49221839038383,6.119377471230706,168.0,False,82.61159586161453,120.49841972686572,85.0,100.0,120.0,100.0,cadence_aligned_planned_visit_hours + cadence_aligned_planned_travel_hours + unplanned_required_coverage_hours + preparation_follow_up_buffer,cadence-aligned service attributed to servicing reps; uncovered obligations attributed to dynamic portfolio owners; observed excess retained as diagnostics; all served territories retained as fractional transaction allocations,1.6,deterministic_hours_plus_legacy_normalized_workload
CAPCAL_a83f07a1ccc6b434,REP_e7e9152643c7,Jessica Smith,MGR_31981a685b7e,Britanny Bold,TEAM_4f4a9410ffcd,Delta,TERR_49c0203db75f,Delta / Germany,1,1.0,TERR_49c0203db75f:1.00000000,2017-07-01,21,2.0,0.0,6.0,25.0,7.855415070983677,8.0,21,152.0,38.855415070983675,113.14458492901633,35.58568948412699,28.370798736490865,68.05,52.18349551700612,32.46431051587302,23.812696780515253,56.27700729638827,14.493792043781964,0.0,84.72630268555181,74.88321490481111,74.88321490481111,0.5043232302711418,0.6734796721965258,-0.16915644192538404,10.75,0.0,64.16666666666667,0.6306707492862011,4.034585842169134,0.9641634670786613,low,low,False,False,synthetic_derived,42,270,382,268,194,13,283.5,396.0,283.0,194.0,13.0,2018-06-01,"distinct_customers: weight=0.4, training_median=283.5; transaction_count: weight=0.25, training_median=396; distinct_cities: weight=0.15, training_median=283; distinct_products: weight=0.1, training_median=194; distributor_count: weight=0.1, training_median=13",2015-11-19,active,experienced,21,6,30.0,11.25,19.25,19.25,44.98511904761905,45.06622023809524,39.01488095238095,84,81,0.0,78.45028026439982,6.2760224211519855,168.0,False,84.72630268555181,113.14458492901633,85.0,100.0,120.0,100.0,cadence_aligned_planned_visit_hours + cadence_aligned_planned_travel_hours + unplanned_required_coverage_hours + preparation_follow_up_buffer,cadence-aligned service attributed to servicing reps; uncovered obligations attributed to dynamic portfolio owners; observed excess retained as diagnostics; all served territories retained as fractional transaction allocations,1.6,deterministic_hours_plus_legacy_normalized_workload
CAPCAL_92f5efa416810af6,REP_0dfc420450a6,Abigail Thompson,MGR_eb86f856200b,Tracy Banks,TEAM_f144a6907dc4,Bravo,TERR_07a5ea4d7ed4,Bravo / Germany,1,1.0,TERR_07a5ea4d7ed4:1.00000000,2017-08-01,21,2.0,2.0,5.0,26.0,4.133110553284441,8.0,21,136.0,35.13311055328444,100.86688944671556,36.01130952380952,28.472857335215572,66.18333333333334,50.46862276302376,30.17202380952381,21.995765427808184,52.167789237331995,52.28643638655672,15.226813515566125,126.11225150522836,125.0283935560926,125.0283935560926,0.7506681637215974,0.600398151468545,0.15027001225305237,41.125,11.0,69.53703703703704,0.608522091698148,1.3274973842655617,0.9669588304883923,critical,critical,True,True,synthetic_derived,42,273,404,272,190,11,283.5,396.0,283.0,194.0,13.0,2018-06-01,"distinct_customers: weight=0.4, training_median=283.5; transaction_count: weight=0.25, training_median=396; distinct_cities: weight=0.15, training_median=283; distinct_products: weight=0.1, training_median=194; distributor_count: weight=0.1, training_median=13",2015-02-18,active,experienced,95,35,135.0,65.625,96.375,93.875,46.79017857142857,46.63690476190476,37.20982142857143,84,82,16.761904761904763,116.77060324558181,9.341648259646545,168.0,False,126.11225150522836,100.86688944671556,85.0,100.0,120.0,100.0,cadence_aligned_planned_visit_hours + cadence_aligned_planned_travel_hours + unplanned_required_coverage_hours + preparation_follow_up_buffer,cadence-aligned service attributed to servicing reps; uncovered obligations attributed to dynamic portfolio owners; observed excess retained as diagnostics; all served territories retained as fractional transaction allocations,1.6,deterministic_hours_plus_legacy_normalized_workload
CAPCAL_5de388944f114449,REP_200ef690040c,Mary Gerrard,MGR_31981a685b7e,Britanny Bold,TEAM_4f4a9410ffcd,Delta,TERR_49c0203db75f,Delta / Germany,1,1.0,TERR_49c0203db75f:1.00000000,2017-08-01,21,0.0,1.0,10.0,21.0,6.705450489049401,8.0,21,160.0,37.7054504890494,122.2945495109506,34.10684523809524,26.92220383260918,67.41666666666667,53.21180631428467,33.30982142857143,26.28960248167549,59.59942391024692,26.81773935654331,2.4749999999999996,94.87453150142755,77.57870802977382,77.57870802977382,0.564729354175164,0.7279437470889917,-0.16321439291382767,22.75,2.625,72.0,0.632909602081979,1.6941880625254921,0.9802828651581885,low,low,False,False,synthetic_derived,42,279,379,279,193,13,283.5,396.0,283.0,194.0,13.0,2018-06-01,"distinct_customers: weight=0.4, training_median=283.5; transaction_count: weight=0.25, training_median=396; distinct_cities: weight=0.15, training_median=283; distinct_products: weight=0.1, training_median=194; distributor_count: weight=0.1, training_median=13",2015-01-06,active,experienced,56,21,81.25,39.375,61.625,58.5,42.53720238095238,40.57886904761905,41.46279761904762,84,79,6.666666666666667,87.84678842724773,7.027743074179819,168.0,False,94.87453150142755,122.2945495109506,85.0,100.0,120.0,100.0,cadence_aligned_planned_visit_hours + cadence_aligned_planned_travel_hours + unplanned_required_coverage_hours + preparation_follow_up_buffer,cadence-aligned service attributed to servicing reps; uncovered obligations attributed to dynamic portfolio owners; observed excess retained as diagnostics; all served territories retained as fractional transaction allocations,1.6,deterministic_hours_plus_legacy_normalized_workload
CAPCAL_436932f89b416b53,REP_2234ec3bee93,Daniel Gates,MGR_4b97498897f6,Alisha Cordwell,TEAM_b9dd960c1753,Charlie,TERR_938541fb7311,Charlie / Germany,1,1.0,TERR_938541fb7311:1.00000000,2017-08-01,21,1.0,0.0,10.0,16.0,5.238425914357584,8.0,21,160.0,31.238425914357585,128.76157408564242,38.22628968253968,28.7860273364531,68.45,51.20689153920019,30.223710317460316,22.42086420274709,52.64457452020741,32.960594952021154,1.2374999999999998,107.97074492869504,83.85323470562817,83.85323470562817,0.6426830055279467,0.7664379409859668,-0.12375493545802019,24.5,0.875,69.13385826771653,0.6133328166298287,1.8300126259100855,0.9828891890111577,low,low,False,False,synthetic_derived,42,275,393,274,197,13,283.5,396.0,283.0,194.0,13.0,2018-06-01,"distinct_customers: weight=0.4, training_median=283.5; transaction_count: weight=0.25, training_median=396; distinct_cities: weight=0.15, training_median=283; distinct_products: weight=0.1, training_median=194; distributor_count: weight=0.1, training_median=13",2012-10-27,active,senior,59,16,79.375,30.0,55.125,54.875,46.93377976190476,46.64732142857143,37.06622023809524,84,81,2.9166666666666665,99.97291197101393,7.997832957681115,168.0,False,107.97074492869504,128.76157408564242,85.0,100.0,120.0,100.0,cadence_aligned_planned_visit_hours + cadence_aligned_planned_travel_hours + unplanned_required_coverage_hours + preparation_follow_up_buffer,cadence-aligned service attributed to servicing reps; uncovered obligations attributed to dynamic portfolio owners; observed excess retained as diagnostics; all served territories retained as fractional transaction allocations,1.6,deterministic_hours_plus_legacy_normalized_workload
CAPCAL_c582a0a77b8ada6a,REP_56269a9759c4,Anne Wu,MGR_31981a685b7e,Britanny Bold,TEAM_4f4a9410ffcd,Delta,TERR_49c0203db75f,Delta / Germany,1,1.0,TERR_49c0203db75f:1.00000000,2017-08-01,21,0.0,1.0,11.0,18.0,5.488220746871341,8.0,21,160.0,34.48822074687134,125.51177925312865,33.74278273809524,24.346062639835324,71.71666666666667,51.61980275720561,37.97388392857143,27.27374011737029,65.24762404594172,27.00312811960412,4.8243647535016905,91.89933137733746,73.21968656981386,73.21968656981386,0.5470198296270087,0.7470939241257658,-0.20007409449875713,20.0,3.625,79.74683544303798,0.6137547725308775,1.4587195456720232,1.0082753608185286,low,low,False,False,synthetic_derived,42,291,423,291,193,10,283.5,396.0,283.0,194.0,13.0,2018-06-01,"distinct_customers: weight=0.4, training_median=283.5; transaction_count: weight=0.25, training_median=396; distinct_cities: weight=0.15, training_median=283; distinct_products: weight=0.1, training_median=194; distributor_count: weight=0.1, training_median=13",2015-04-14,active,experienced,63,37,98.75,69.375,78.75,78.75,39.667410714285715,39.839285714285715,44.332589285714285,84,81,5.225225225225225,85.09197349753468,6.807357879802774,168.0,False,91.89933137733746,125.51177925312865,85.0,100.0,120.0,100.0,cadence_aligned_planned_visit_hours + cadence_aligned_planned_travel_hours + unplanned_required_coverage_hours + preparation_follow_up_buffer,cadence-aligned service attributed to servicing reps; uncovered obligations attributed to dynamic portfolio owners; observed excess retained as diagnostics; all served territories retained as fractional transaction allocations,1.6,deterministic_hours_plus_legacy_normalized_workload
CAPCAL_a3da44f53c674985,REP_6003efb01f5e,Sheila Stones,MGR_31981a685b7e,Britanny Bold,TEAM_4f4a9410ffcd,Delta,TERR_49c0203db75f,Delta / Germany,1,1.0,TERR_49c0203db75f:1.00000000,2017-08-01,21,2.0,2.0,6.0,24.0,4.801589958993272,8.0,21,136.0,34.801589958993276,101.19841004100672,35.50709325396825,28.440029187514945,67.15,53.315692212954765,31.642906746031745,24.875663025439817,56.51856977147156,12.589201895711362,1.2374999999999998,82.65923028417012,81.68036459335248,81.68036459335248,0.492019227881965,0.6023714883393257,-0.11035226045736074,10.125,1.75,83.96039603960396,0.6371840906184585,1.9223076810272122,0.9306593386195829,low,low,False,False,synthetic_derived,42,266,368,266,189,11,283.5,396.0,283.0,194.0,13.0,2018-06-01,"distinct_customers: weight=0.4, training_median=283.5; transaction_count: weight=0.25, training_median=396; distinct_cities: weight=0.15, training_median=283; distinct_products: weight=0.1, training_median=194; distributor_count: weight=0.1, training_median=13",2014-08-03,active,experienced,43,16,63.125,30.0,53.875,53.0,44.63392857142857,43.17261904761905,39.36607142857143,84,78,5.833333333333333,76.53632433719456,6.122905946975565,168.0,False,82.65923028417012,101.19841004100672,85.0,100.0,120.0,100.0,cadence_aligned_planned_visit_hours + cadence_aligned_planned_travel_hours + unplanned_required_coverage_hours + preparation_follow_up_buffer,cadence-aligned service attributed to servicing reps; uncovered obligations attributed to dynamic portfolio owners; observed excess retained as diagnostics; all served territories retained as fractional transaction allocations,1.6,deterministic_hours_plus_legacy_normalized_workload
CAPCAL_8556c369d99f4917,REP_6daf09991b71,Jimmy Grey,MGR_4b97498897f6,Alisha Cordwell,TEAM_b9dd960c1753,Charlie,TERR_938541fb7311,Charlie / Germany,1,1.0,TERR_938541fb7311:1.00000000,2017-08-01,21,1.0,2.0,12.0,18.0,4.145292370075083,8.0,21,144.0,34.14529237007508,109.85470762992492,35.794010416666666,27.23086506364558,69.11666666666666,51.42783767319632,33.32265625,24.19697260955074,57.51962885955074,15.404008909997952,1.2374999999999998,84.70319514153502,77.10474768808314,77.10474768808314,0.5041856853662798,0.6538970692257435,-0.1497113838594637,14.25,1.75,73.79310344827587,0.6203098753481299,2.352866531709306,1.010094093014114,low,low,False,False,synthetic_derived,42,288,401,288,190,13,283.5,396.0,283.0,194.0,13.0,2018-06-01,"distinct_customers: weight=0.4, training_median=283.5; transaction_count: weight=0.25, training_median=396; distinct_cities: weight=0.15, training_median=283; distinct_products: weight=0.1, training_median=194; distributor_count: weight=0.1, training_median=13",2012-08-25,active,senior,36,17,54.375,31.875,43.0,40.125,43.898809523809526,45.138392857142854,40.101190476190474,84,83,5.490196078431373,78.4288843903102,6.274310751224816,168.0,False,84.70319514153502,109.85470762992492,85.0,100.0,120.0,100.0,cadence_aligned_planned_visit_hours + cadence_aligned_planned_travel_hours + unplanned_required_coverage_hours + preparation_follow_up_buffer,cadence-aligned service attributed to servicing reps; uncovered obligations attributed to dynamic portfolio owners; observed excess retained as diagnostics; all served territories retained as fractional transaction allocations,1.6,deterministic_hours_plus_legacy_normalized_workload
CAPCAL_de6480c0290ced39,REP_82f7cb811b80,Stella Given,MGR_4b97498897f6,Alisha Cordwell,TEAM_b9dd960c1753,Charlie,TERR_938541fb7311,Charlie / Germany,1,1.0,TERR_938541fb7311:1.00000000,2017-08-01,21,0.0,2.0,6.0,19.0,7.044372547915765,8.0,21,152.0,32.04437254791576,119.95562745208423,35.738864087301586,26.65347050648407,66.03333333333333,48.88003534991641,30.294469246031746,22.226564843432342,52.52103408946409,31.59227975091484,3.727818320961381,101.50338349227654,84.61744200606314,84.61744200606314,0.604186806501646,0.7140215919766918,-0.10983478547504577,24.5,2.75,66.49572649572649,0.5852737372269808,1.951988144082241,0.9437055492677328,low,low,False,False,synthetic_derived,42,264,377,263,182,13,283.5,396.0,283.0,194.0,13.0,2018-06-01,"distinct_customers: weight=0.4, training_median=283.5; transaction_count: weight=0.25, training_median=396; distinct_cities: weight=0.15, training_median=283; distinct_products: weight=0.1, training_median=194; distributor_count: weight=0.1, training_median=13",2013-04-26,active,senior,52,17,73.125,31.875,49.625,48.625,45.54017857142857,44.921130952380956,38.45982142857143,84,81,8.627450980392156,93.9846143447005,7.51876914757604,168.0,False,101.50338349227654,119.95562745208423,85.0,100.0,120.0,100.0,cadence_aligned_planned_visit_hours + cadence_aligned_planned_travel_hours + unplanned_required_coverage_hours + preparation_follow_up_buffer,cadence-aligned service attributed to servicing reps; uncovered obligations attributed to dynamic portfolio owners; observed excess retained as diagnostics; all served territories retained as fractional transaction allocations,1.6,deterministic_hours_plus_legacy_normalized_workload
CAPCAL_5f4c8482f4cbc39d,REP_a132178ac1b8,Alan Ray,MGR_5e1c70ff0ce6,James Goodwill,TEAM_a405eba78bf2,Alfa,TERR_b31415d90eb9,Alfa / Germany,1,1.0,TERR_b31415d90eb9:1.00000000,2017-08-01,21,2.0,1.0,9.0,23.0,8.427978672369994,8.0,21,144.0,40.427978672369996,103.57202132763001,37.70214533730159,28.934335595763383,68.01666666666667,50.42608949695512,30.31452132936508,21.491753901191736,51.806275230556814,19.48417359569392,0.0,93.0103068910596,89.80254097468999,89.80254097468999,0.55363277911345,0.6165001269501786,-0.06286734783672865,15.25,0.875,74.84536082474227,0.609630924465127,2.0668957086902133,1.0772463873791391,medium,medium,False,False,synthetic_derived,42,308,445,308,206,12,283.5,396.0,283.0,194.0,13.0,2018-06-01,"distinct_customers: weight=0.4, training_median=283.5; transaction_count: weight=0.25, training_median=396; distinct_cities: weight=0.15, training_median=283; distinct_products: weight=0.1, training_median=194; distributor_count: weight=0.1, training_median=13",2012-12-18,active,senior,45,14,60.625,26.25,46.25,45.375,47.46205357142857,46.07142857142857,36.53794642857143,84,78,3.3333333333333335,86.12065452875889,6.889652362300711,168.0,False,93.0103068910596,103.57202132763001,85.0,100.0,120.0,100.0,cadence_aligned_planned_visit_hours + cadence_aligned_planned_travel_hours + unplanned_required_coverage_hours + preparation_follow_up_buffer,cadence-aligned service attributed to servicing reps; uncovered obligations attributed to dynamic portfolio owners; observed excess retained as diagnostics; all served territories retained as fractional transaction allocations,1.6,deterministic_hours_plus_legacy_normalized_workload
CAPCAL_272a1ddba1761177,REP_bba68d031906,Steve Pepple,MGR_eb86f856200b,Tracy Banks,TEAM_f144a6907dc4,Bravo,TERR_07a5ea4d7ed4,Bravo / Germany,1,1.0,TERR_07a5ea4d7ed4:1.00000000,2017-08-01,21,0.0,2.0,5.0,19.0,8.996633354365578,8.0,21,152.0,32.99663335436558,119.00336664563443,32.77621527777778,28.268477219389286,64.26666666666667,54.28397122727907,31.49045138888889,26.015494007889785,57.50594539677867,16.55542765687789,2.599680136162714,83.80812976636855,70.42500739994233,70.42500739994233,0.49885791527600326,0.7083533728906811,-0.20949545761467786,12.125,1.875,70.15384615384616,0.653471506413127,3.1040048061617984,1.0267982090204717,low,low,False,False,synthetic_derived,42,298,404,298,196,12,283.5,396.0,283.0,194.0,13.0,2018-06-01,"distinct_customers: weight=0.4, training_median=283.5; transaction_count: weight=0.25, training_median=396; distinct_cities: weight=0.15, training_median=283; distinct_products: weight=0.1, training_median=194; distributor_count: weight=0.1, training_median=13",2016-09-24,active,experienced,27,13,40.625,24.375,28.5,28.5,43.25892857142857,43.19940476190476,40.74107142857143,84,80,7.6923076923076925,77.60012015404496,6.208009612323597,168.0,False,83.80812976636855,119.00336664563443,85.0,100.0,120.0,100.0,cadence_aligned_planned_visit_hours + cadence_aligned_planned_travel_hours + unplanned_required_coverage_hours + preparation_follow_up_buffer,cadence-aligned service attributed to servicing reps; uncovered obligations attributed to dynamic portfolio owners; observed excess retained as diagnostics; all served territories retained as fractional transaction allocations,1.6,deterministic_hours_plus_legacy_normalized_workload
CAPCAL_f3fcf8beb513231b,REP_c56e2fba156a,Thompson Crawford,MGR_5e1c70ff0ce6,James Goodwill,TEAM_a405eba78bf2,Alfa,TERR_b31415d90eb9,Alfa / Germany,1,1.0,TERR_b31415d90eb9:1.00000000,2017-08-01,21,0.0,1.0,12.0,17.0,5.134936286583534,8.0,21,160.0,34.13493628658353,125.86506371341648,36.00256696428571,28.957391789405353,67.3,52.7212007065199,31.297433035714285,23.76380891711455,55.06124195282884,14.82414480628253,0.0,86.1668318447715,68.45968952986485,68.45968952986485,0.5128978085998304,0.7491968078179552,-0.2362989992181248,11.875,0.875,60.416666666666664,0.6359062541250416,3.7463839932509346,0.9180695621034771,low,low,False,False,synthetic_derived,42,258,354,258,182,13,283.5,396.0,283.0,194.0,13.0,2018-06-01,"distinct_customers: weight=0.4, training_median=283.5; transaction_count: weight=0.25, training_median=396; distinct_cities: weight=0.15, training_median=283; distinct_products: weight=0.1, training_median=194; distributor_count: weight=0.1, training_median=13",2014-02-24,active,senior,23,6,30.0,11.25,19.0,18.125,45.53720238095238,45.575892857142854,38.46279761904762,84,81,7.777777777777778,79.7841035599736,6.382728284797889,168.0,False,86.1668318447715,125.86506371341648,85.0,100.0,120.0,100.0,cadence_aligned_planned_visit_hours + cadence_aligned_planned_travel_hours + unplanned_required_coverage_hours + preparation_follow_up_buffer,cadence-aligned service attributed to servicing reps; uncovered obligations attributed to dynamic portfolio owners; observed excess retained as diagnostics; all served territories retained as fractional transaction allocations,1.6,deterministic_hours_plus_legacy_normalized_workload
CAPCAL_ed0735b86fee2299,REP_d21d2dd167c5,Morris Garcia,MGR_eb86f856200b,Tracy Banks,TEAM_f144a6907dc4,Bravo,TERR_07a5ea4d7ed4,Bravo / Germany,1,1.0,TERR_07a5ea4d7ed4:1.00000000,2017-08-01,21,2.0,2.0,6.0,24.0,6.651757563966935,8.0,21,136.0,36.65175756396694,99.34824243603306,34.67372271825397,25.9718947669785,66.68333333333334,49.64552929552504,32.00961061507937,23.67363452854654,55.6832451436259,11.183421807697478,1.2374999999999998,77.57536243636434,78.08428265483656,78.08428265483656,0.46175810974026393,0.5913585859287682,-0.1296004761885043,8.25,0.875,62.28571428571429,0.5844393826276514,4.8484601522727715,1.0140258179597974,low,low,False,False,synthetic_derived,42,296,394,296,191,12,283.5,396.0,283.0,194.0,13.0,2018-06-01,"distinct_customers: weight=0.4, training_median=283.5; transaction_count: weight=0.25, training_median=396; distinct_cities: weight=0.15, training_median=283; distinct_products: weight=0.1, training_median=194; distributor_count: weight=0.1, training_median=13",2014-01-05,active,senior,16,6,21.875,11.25,13.625,13.625,44.438988095238095,45.23065476190476,39.561011904761905,84,81,7.777777777777778,71.82903929292995,5.746323143434396,168.0,False,77.57536243636434,99.34824243603306,85.0,100.0,120.0,100.0,cadence_aligned_planned_visit_hours + cadence_aligned_planned_travel_hours + unplanned_required_coverage_hours + preparation_follow_up_buffer,cadence-aligned service attributed to servicing reps; uncovered obligations attributed to dynamic portfolio owners; observed excess retained as diagnostics; all served territories retained as fractional transaction allocations,1.6,deterministic_hours_plus_legacy_normalized_workload
CAPCAL_45d0109670e88243,REP_db1cc40d477a,Erica Jones,MGR_5e1c70ff0ce6,James Goodwill,TEAM_a405eba78bf2,Alfa,TERR_b31415d90eb9,Alfa / Germany,1,1.0,TERR_b31415d90eb9:1.00000000,2017-08-01,21,1.0,1.0,11.0,24.0,6.738654409654094,8.0,21,152.0,41.738654409654096,110.26134559034591,33.58391617063492,25.712710436928486,67.78333333333333,50.935901009312786,34.19941716269841,25.2231905723843,59.422607735082714,12.041725388631384,1.2374999999999998,77.04542015589038,69.87527654717485,69.87527654717485,0.45860369140410945,0.6563175332758685,-0.19771384187175906,8.875,0.875,58.235294117647065,0.6111355655867134,4.815338759743149,1.0419756679190153,low,low,False,False,synthetic_derived,42,301,405,301,198,13,283.5,396.0,283.0,194.0,13.0,2018-06-01,"distinct_customers: weight=0.4, training_median=283.5; transaction_count: weight=0.25, training_median=396; distinct_cities: weight=0.15, training_median=283; distinct_products: weight=0.1, training_median=194; distributor_count: weight=0.1, training_median=13",2013-02-07,active,senior,16,4,21.25,7.5,12.375,12.375,42.073660714285715,40.388392857142854,41.926339285714285,84,78,11.666666666666666,71.3383519961948,5.707068159695584,168.0,False,77.04542015589038,110.26134559034591,85.0,100.0,120.0,100.0,cadence_aligned_planned_visit_hours + cadence_aligned_planned_travel_hours + unplanned_required_coverage_hours + preparation_follow_up_buffer,cadence-aligned service attributed to servicing reps; uncovered obligations attributed to dynamic portfolio owners; observed excess retained as diagnostics; all served territories retained as fractional transaction allocations,1.6,deterministic_hours_plus_legacy_normalized_workload
CAPCAL_a5df6e2c137eed74,REP_e7e9152643c7,Jessica Smith,MGR_31981a685b7e,Britanny Bold,TEAM_4f4a9410ffcd,Delta,TERR_49c0203db75f,Delta / Germany,1,1.0,TERR_49c0203db75f:1.00000000,2017-08-01,21,2.0,2.0,6.0,25.0,4.860210697159105,8.0,21,136.0,35.860210697159104,100.1397893028409,38.396688988095235,30.178962757412666,68.03333333333333,53.11980585450198,29.636644345238096,22.94084309708932,52.57748744232742,9.466505665199115,1.179100760006285,84.28553000356357,84.16787232162915,84.16787232162915,0.501699583354545,0.596070174421672,-0.09437059106712697,8.125,1.75,71.73913043478261,0.6407058722074152,4.214276500178178,0.9485097598516357,low,low,False,False,synthetic_derived,42,265,379,265,199,12,283.5,396.0,283.0,194.0,13.0,2018-06-01,"distinct_customers: weight=0.4, training_median=283.5; transaction_count: weight=0.25, training_median=396; distinct_cities: weight=0.15, training_median=283; distinct_products: weight=0.1, training_median=194; distributor_count: weight=0.1, training_median=13",2015-11-19,active,experienced,20,7,28.75,13.125,21.75,20.625,47.10267857142857,38.97470238095238,36.89732142857143,84,71,13.333333333333334,78.042157410707,6.24337259285656,168.0,False,84.28553000356357,100.1397893028409,85.0,100.0,120.0,100.0,cadence_aligned_planned_visit_hours + cadence_aligned_planned_travel_hours + unplanned_required_coverage_hours + preparation_follow_up_buffer,cadence-aligned service attributed to servicing reps; uncovered obligations attributed to dynamic portfolio owners; observed excess retained as diagnostics; all served territories retained as fractional transaction allocations,1.6,deterministic_hours_plus_legacy_normalized_workload
CAPCAL_0c0bfd5ed13ffea2,REP_0dfc420450a6,Abigail Thompson,MGR_eb86f856200b,Tracy Banks,TEAM_f144a6907dc4,Bravo,TERR_07a5ea4d7ed4,Bravo / Germany,1,1.0,TERR_07a5ea4d7ed4:1.00000000,2017-09-01,21,2.0,2.0,5.0,26.0,4.262125174488304,8.0,21,136.0,35.262125174488304,100.7378748255117,35.26104910714286,28.72499857568418,64.21666666666667,51.730367807518014,28.95561755952381,23.005369231833836,51.96098679135765,47.38574148250264,6.3555889196022735,120.28153229855604,119.40050602307818,119.40050602307818,0.7159615017771193,0.5996302072947125,0.11633129448240676,36.0,4.625,70.76142131979695,0.6198744093017058,1.3514778909950118,0.9204643939967789,high,high,True,True,synthetic_derived,42,258,357,257,184,13,283.5,396.0,283.0,194.0,13.0,2018-06-01,"distinct_customers: weight=0.4, training_median=283.5; transaction_count: weight=0.25, training_median=396; distinct_cities: weight=0.15, training_median=283; distinct_products: weight=0.1, training_median=194; distributor_count: weight=0.1, training_median=13",2015-02-18,active,experienced,89,26,123.125,48.75,88.125,87.125,46.34002976190476,45.811755952380956,37.65997023809524,84,78,9.487179487179487,111.37178916532967,8.909743133226375,168.0,False,120.28153229855604,100.7378748255117,85.0,100.0,120.0,100.0,cadence_aligned_planned_visit_hours + cadence_aligned_planned_travel_hours + unplanned_required_coverage_hours + preparation_follow_up_buffer,cadence-aligned service attributed to servicing reps; uncovered obligations attributed to dynamic portfolio owners; observed excess retained as diagnostics; all served territories retained as fractional transaction allocations,1.6,deterministic_hours_plus_legacy_normalized_workload
CAPCAL_d985631757f58e88,REP_200ef690040c,Mary Gerrard,MGR_31981a685b7e,Britanny Bold,TEAM_4f4a9410ffcd,Delta,TERR_49c0203db75f,Delta / Germany,1,1.0,TERR_49c0203db75f:1.00000000,2017-09-01,21,0.0,0.0,10.0,21.0,6.573812902530971,8.0,21,168.0,37.573812902530975,130.42618709746904,38.40724206349206,31.261414488116078,66.68333333333334,53.64497422655464,28.27609126984127,22.383559738438557,50.65965100827983,40.2091335103746,1.2374999999999998,118.66801326694136,90.98480597171744,90.98480597171744,0.7063572218270319,0.776346351770649,-0.06998912994361717,30.875,0.875,72.090395480226,0.6388805588472114,1.5021267502144475,0.9459005796695377,medium,medium,False,False,synthetic_derived,42,269,374,269,185,12,283.5,396.0,283.0,194.0,13.0,2018-06-01,"distinct_customers: weight=0.4, training_median=283.5; transaction_count: weight=0.25, training_median=396; distinct_cities: weight=0.15, training_median=283; distinct_products: weight=0.1, training_median=194; distributor_count: weight=0.1, training_median=13",2015-01-06,active,experienced,79,27,110.625,50.625,81.0,79.75,48.93154761904762,50.30952380952381,35.06845238095238,84,81,1.728395061728395,109.87779006198274,8.79022320495862,168.0,False,118.66801326694136,130.42618709746904,85.0,100.0,120.0,100.0,cadence_aligned_planned_visit_hours + cadence_aligned_planned_travel_hours + unplanned_required_coverage_hours + preparation_follow_up_buffer,cadence-aligned service attributed to servicing reps; uncovered obligations attributed to dynamic portfolio owners; observed excess retained as diagnostics; all served territories retained as fractional transaction allocations,1.6,deterministic_hours_plus_legacy_normalized_workload
CAPCAL_e585e0e5d159b7f9,REP_2234ec3bee93,Daniel Gates,MGR_4b97498897f6,Alisha Cordwell,TEAM_b9dd960c1753,Charlie,TERR_938541fb7311,Charlie / Germany,1,1.0,TERR_938541fb7311:1.00000000,2017-09-01,21,1.0,2.0,10.0,16.0,4.795388597121817,8.0,21,144.0,30.795388597121818,113.20461140287819,35.29322916666667,27.57525343585397,64.43333333333334,49.530088096614456,29.140104166666667,21.954834660760486,51.09493882742715,29.77418808495177,7.230925360092014,100.0540843424702,88.38339984790262,88.38339984790262,0.5955600258480369,0.6738369726361797,-0.07827694678814279,26.125,8.25,75.69767441860465,0.6046060331134414,1.352082220844192,0.9683336713939728,medium,medium,False,False,synthetic_derived,42,274,382,273,186,13,283.5,396.0,283.0,194.0,13.0,2018-06-01,"distinct_customers: weight=0.4, training_median=283.5; transaction_count: weight=0.25, training_median=396; distinct_cities: weight=0.15, training_median=283; distinct_products: weight=0.1, training_median=194; distributor_count: weight=0.1, training_median=13",2012-10-27,active,senior,74,32,107.5,60.0,85.25,81.375,45.608630952380956,44.020833333333336,37.391369047619044,83,76,13.750000000000002,92.64267068747242,7.411413654997793,168.0,False,100.0540843424702,113.20461140287819,85.0,100.0,120.0,100.0,cadence_aligned_planned_visit_hours + cadence_aligned_planned_travel_hours + unplanned_required_coverage_hours + preparation_follow_up_buffer,cadence-aligned service attributed to servicing reps; uncovered obligations attributed to dynamic portfolio owners; observed excess retained as diagnostics; all served territories retained as fractional transaction allocations,1.6,deterministic_hours_plus_legacy_normalized_workload
CAPCAL_94da8111a3a4b5b8,REP_56269a9759c4,Anne Wu,MGR_31981a685b7e,Britanny Bold,TEAM_4f4a9410ffcd,Delta,TERR_49c0203db75f,Delta / Germany,1,1.0,TERR_49c0203db75f:1.00000000,2017-09-01,21,0.0,2.0,11.0,18.0,6.705416145413517,8.0,21,152.0,35.705416145413515,116.29458385458648,34.09092261904762,26.640322949273216,67.4,52.71788750604581,33.30907738095238,26.0775645567726,59.38664193772498,23.410957149832818,5.0340444598011365,90.87357893560593,78.14085224229642,78.14085224229642,0.5409141603309877,0.69222966580111,-0.1513155054701223,19.875,6.375,74.96062992125985,0.6328919103427997,1.7475688256847295,0.9353182485220783,low,low,False,False,synthetic_derived,42,259,366,259,197,13,283.5,396.0,283.0,194.0,13.0,2018-06-01,"distinct_customers: weight=0.4, training_median=283.5; transaction_count: weight=0.25, training_median=396; distinct_cities: weight=0.15, training_median=283; distinct_products: weight=0.1, training_median=194; distributor_count: weight=0.1, training_median=13",2015-04-14,active,experienced,52,27,79.375,50.625,62.25,59.5,42.09300595238095,39.877232142857146,41.90699404761905,84,77,12.592592592592592,84.14220271815364,6.731376217452292,168.0,False,90.87357893560593,116.29458385458648,85.0,100.0,120.0,100.0,cadence_aligned_planned_visit_hours + cadence_aligned_planned_travel_hours + unplanned_required_coverage_hours + preparation_follow_up_buffer,cadence-aligned service attributed to servicing reps; uncovered obligations attributed to dynamic portfolio owners; observed excess retained as diagnostics; all served territories retained as fractional transaction allocations,1.6,deterministic_hours_plus_legacy_normalized_workload
CAPCAL_6779b72f0b9d987c,REP_6003efb01f5e,Sheila Stones,MGR_31981a685b7e,Britanny Bold,TEAM_4f4a9410ffcd,Delta,TERR_49c0203db75f,Delta / Germany,1,1.0,TERR_49c0203db75f:1.00000000,2017-09-01,21,2.0,0.0,6.0,24.0,5.038800877239913,8.0,21,152.0,35.038800877239915,116.96119912276009,37.01284722222222,30.41547026788687,65.98333333333333,53.56788965342868,28.97048611111111,23.15241938554181,52.12290549665292,15.306944232269142,0.0,89.3540826601685,76.39634625016478,76.39634625016478,0.5318695396438601,0.6961976138259529,-0.16432807418209283,11.375,0.0,79.5505617977528,0.6366755761150041,2.2338520665042125,0.8773630288860457,low,low,False,False,synthetic_derived,42,253,322,252,177,12,283.5,396.0,283.0,194.0,13.0,2018-06-01,"distinct_customers: weight=0.4, training_median=283.5; transaction_count: weight=0.25, training_median=396; distinct_cities: weight=0.15, training_median=283; distinct_products: weight=0.1, training_median=194; distributor_count: weight=0.1, training_median=13",2014-08-03,active,experienced,40,12,55.625,22.5,44.25,44.25,47.77232142857143,48.046130952380956,36.22767857142857,84,81,0.0,82.73526172237824,6.618820937790259,168.0,False,89.3540826601685,116.96119912276009,85.0,100.0,120.0,100.0,cadence_aligned_planned_visit_hours + cadence_aligned_planned_travel_hours + unplanned_required_coverage_hours + preparation_follow_up_buffer,cadence-aligned service attributed to servicing reps; uncovered obligations attributed to dynamic portfolio owners; observed excess retained as diagnostics; all served territories retained as fractional transaction allocations,1.6,deterministic_hours_plus_legacy_normalized_workload
CAPCAL_e54caf7b538d3e5d,REP_6daf09991b71,Jimmy Grey,MGR_4b97498897f6,Alisha Cordwell,TEAM_b9dd960c1753,Charlie,TERR_938541fb7311,Charlie / Germany,1,1.0,TERR_938541fb7311:1.00000000,2017-09-01,21,1.0,0.0,12.0,18.0,6.112844650668772,8.0,21,160.0,36.11284465066877,123.88715534933124,35.73594990079365,27.2039682341253,67.73333333333333,51.634767236390275,31.99738343253968,24.43079900226498,56.42818243480466,18.688538607846073,2.2988650191051203,88.15873328218623,71.16051138118422,71.16051138118422,0.5247543647749181,0.7374235437460193,-0.21266917897110116,14.625,2.625,72.47058823529412,0.6132013971767615,2.448853702282951,0.9465023144829892,low,low,False,False,synthetic_derived,42,267,373,267,180,13,283.5,396.0,283.0,194.0,13.0,2018-06-01,"distinct_customers: weight=0.4, training_median=283.5; transaction_count: weight=0.25, training_median=396; distinct_cities: weight=0.15, training_median=283; distinct_products: weight=0.1, training_median=194; distributor_count: weight=0.1, training_median=13",2012-08-25,active,senior,36,17,53.125,31.875,39.375,38.5,44.363839285714285,42.970982142857146,39.636160714285715,84,77,8.235294117647058,81.62845674276502,6.530276539421202,168.0,False,88.15873328218623,123.88715534933124,85.0,100.0,120.0,100.0,cadence_aligned_planned_visit_hours + cadence_aligned_planned_travel_hours + unplanned_required_coverage_hours + preparation_follow_up_buffer,cadence-aligned service attributed to servicing reps; uncovered obligations attributed to dynamic portfolio owners; observed excess retained as diagnostics; all served territories retained as fractional transaction allocations,1.6,deterministic_hours_plus_legacy_normalized_workload
CAPCAL_696e51fa00d65def,REP_82f7cb811b80,Stella Given,MGR_4b97498897f6,Alisha Cordwell,TEAM_b9dd960c1753,Charlie,TERR_938541fb7311,Charlie / Germany,1,1.0,TERR_938541fb7311:1.00000000,2017-09-01,21,0.0,1.0,6.0,19.0,6.754818607139492,8.0,21,160.0,31.75481860713949,128.2451813928605,40.052740575396825,28.701940604608044,68.2,48.881910788372096,28.147259424603174,20.179970183764052,48.327229608367226,15.183789484496868,1.1297965136553096,90.65354831766187,70.68768380463192,70.68768380463192,0.5396044542717968,0.763364174957503,-0.22375972068570615,14.375,0.875,66.66666666666666,0.5845201632334754,2.9243080102471573,0.9178652865673982,low,low,False,False,synthetic_derived,42,260,350,259,180,13,283.5,396.0,283.0,194.0,13.0,2018-06-01,"distinct_customers: weight=0.4, training_median=283.5; transaction_count: weight=0.25, training_median=396; distinct_cities: weight=0.15, training_median=283; distinct_products: weight=0.1, training_median=194; distributor_count: weight=0.1, training_median=13",2013-04-26,active,senior,31,8,43.125,15.0,31.75,28.75,49.10342261904762,46.32514880952381,34.89657738095238,84,77,5.833333333333333,83.93847066450174,6.715077653160139,168.0,False,90.65354831766187,128.2451813928605,85.0,100.0,120.0,100.0,cadence_aligned_planned_visit_hours + cadence_aligned_planned_travel_hours + unplanned_required_coverage_hours + preparation_follow_up_buffer,cadence-aligned service attributed to servicing reps; uncovered obligations attributed to dynamic portfolio owners; observed excess retained as diagnostics; all served territories retained as fractional transaction allocations,1.6,deterministic_hours_plus_legacy_normalized_workload
CAPCAL_dccd623af214dea8,REP_a132178ac1b8,Alan Ray,MGR_5e1c70ff0ce6,James Goodwill,TEAM_a405eba78bf2,Alfa,TERR_b31415d90eb9,Alfa / Germany,1,1.0,TERR_b31415d90eb9:1.00000000,2017-09-01,21,2.0,0.0,9.0,23.0,8.80641597727392,8.0,21,152.0,40.80641597727392,111.19358402272607,36.026289682539684,28.190819553548316,67.13333333333334,52.36607378697342,31.10704365079365,24.17525423342511,55.282297884218764,11.211281271549575,0.0,81.46266174824858,73.2620163872036,73.2620163872036,0.4848967961205273,0.6618665715638457,-0.17696977544331838,9.625,0.875,81.88235294117648,0.6287706442292963,2.3275046213785306,0.9183549089672728,low,low,False,False,synthetic_derived,42,252,368,252,188,13,283.5,396.0,283.0,194.0,13.0,2018-06-01,"distinct_customers: weight=0.4, training_median=283.5; transaction_count: weight=0.25, training_median=396; distinct_cities: weight=0.15, training_median=283; distinct_products: weight=0.1, training_median=194; distributor_count: weight=0.1, training_median=13",2012-12-18,active,senior,35,17,53.125,31.875,44.875,43.5,44.83482142857143,43.30952380952381,39.16517857142857,84,78,2.7450980392156863,75.42839050763757,6.034271240611006,168.0,False,81.46266174824858,111.19358402272607,85.0,100.0,120.0,100.0,cadence_aligned_planned_visit_hours + cadence_aligned_planned_travel_hours + unplanned_required_coverage_hours + preparation_follow_up_buffer,cadence-aligned service attributed to servicing reps; uncovered obligations attributed to dynamic portfolio owners; observed excess retained as diagnostics; all served territories retained as fractional transaction allocations,1.6,deterministic_hours_plus_legacy_normalized_workload
CAPCAL_9794171d9d04bedd,REP_bba68d031906,Steve Pepple,MGR_eb86f856200b,Tracy Banks,TEAM_f144a6907dc4,Bravo,TERR_07a5ea4d7ed4,Bravo / Germany,1,1.0,TERR_07a5ea4d7ed4:1.00000000,2017-09-01,21,0.0,2.0,5.0,19.0,6.378380883860654,8.0,21,152.0,30.378380883860654,121.62161911613934,36.878534226190474,30.19273736932096,65.36666666666666,53.2745287681542,28.48813244047619,23.08179139883324,51.569923839309425,14.591030406778088,3.699005735037181,88.19528616247268,72.51612567191111,72.51612567191111,0.5249719414432897,0.7239382090246389,-0.19896626758134917,11.75,3.75,54.146341463414636,0.6347715210219057,4.409764308123634,0.9383588627354792,low,low,False,False,synthetic_derived,42,264,375,263,189,12,283.5,396.0,283.0,194.0,13.0,2018-06-01,"distinct_customers: weight=0.4, training_median=283.5; transaction_count: weight=0.25, training_median=396; distinct_cities: weight=0.15, training_median=283; distinct_products: weight=0.1, training_median=194; distributor_count: weight=0.1, training_median=13",2016-09-24,active,experienced,20,5,25.625,9.375,14.875,13.875,47.564732142857146,44.804315476190474,36.435267857142854,84,78,40.0,81.66230200228952,6.532984160183162,168.0,False,88.19528616247268,121.62161911613934,85.0,100.0,120.0,100.0,cadence_aligned_planned_visit_hours + cadence_aligned_planned_travel_hours + unplanned_required_coverage_hours + preparation_follow_up_buffer,cadence-aligned service attributed to servicing reps; uncovered obligations attributed to dynamic portfolio owners; observed excess retained as diagnostics; all served territories retained as fractional transaction allocations,1.6,deterministic_hours_plus_legacy_normalized_workload
CAPCAL_162dc7840d8154dd,REP_c56e2fba156a,Thompson Crawford,MGR_5e1c70ff0ce6,James Goodwill,TEAM_a405eba78bf2,Alfa,TERR_b31415d90eb9,Alfa / Germany,1,1.0,TERR_b31415d90eb9:1.00000000,2017-09-01,21,0.0,2.0,12.0,17.0,8.410927675462286,8.0,21,152.0,37.41092767546229,114.58907232453771,34.92677331349206,27.289308370148483,66.65,51.71586854965574,31.723226686507935,24.426560179507252,56.14978686601519,10.408172701733603,1.2005764135225274,78.43419473620408,68.44823258020953,68.44823258020953,0.4668702067631195,0.6820778114555817,-0.21520760469246214,7.625,0.875,78.96551724137932,0.6214410689689687,3.137367789448163,0.9478170078079917,low,low,False,False,synthetic_derived,42,267,371,267,185,13,283.5,396.0,283.0,194.0,13.0,2018-06-01,"distinct_customers: weight=0.4, training_median=283.5; transaction_count: weight=0.25, training_median=396; distinct_cities: weight=0.15, training_median=283; distinct_products: weight=0.1, training_median=194; distributor_count: weight=0.1, training_median=13",2014-02-24,active,senior,25,12,36.25,22.5,28.625,28.625,43.91294642857143,41.398065476190474,40.08705357142857,84,77,3.888888888888889,72.62425438537414,5.809940350829931,168.0,False,78.43419473620408,114.58907232453771,85.0,100.0,120.0,100.0,cadence_aligned_planned_visit_hours + cadence_aligned_planned_travel_hours + unplanned_required_coverage_hours + preparation_follow_up_buffer,cadence-aligned service attributed to servicing reps; uncovered obligations attributed to dynamic portfolio owners; observed excess retained as diagnostics; all served territories retained as fractional transaction allocations,1.6,deterministic_hours_plus_legacy_normalized_workload
CAPCAL_b5d09f2efa61ebdb,REP_d21d2dd167c5,Morris Garcia,MGR_eb86f856200b,Tracy Banks,TEAM_f144a6907dc4,Bravo,TERR_07a5ea4d7ed4,Bravo / Germany,1,1.0,TERR_07a5ea4d7ed4:1.00000000,2017-09-01,21,2.0,2.0,6.0,24.0,5.934822462471186,8.0,21,136.0,35.93482246247119,100.06517753752881,35.83967013888889,28.3784450717117,65.15,52.00124099905155,29.31032986111111,23.622795927339848,52.93312578845096,13.547845954931669,0.0,83.98723805877484,83.93253290064465,83.93253290064465,0.49992403606413593,0.5956260567710048,-0.09570202070686884,11.625,0.875,73.42857142857143,0.6182527463711162,2.799574601959161,0.932292001268086,low,low,False,False,synthetic_derived,42,264,367,264,186,12,283.5,396.0,283.0,194.0,13.0,2018-06-01,"distinct_customers: weight=0.4, training_median=283.5; transaction_count: weight=0.25, training_median=396; distinct_cities: weight=0.15, training_median=283; distinct_products: weight=0.1, training_median=194; distributor_count: weight=0.1, training_median=13",2014-01-05,active,senior,30,10,43.75,18.75,33.75,32.125,45.901041666666664,41.755208333333336,38.098958333333336,84,74,4.666666666666667,77.76596116553226,6.221276893242581,168.0,False,83.98723805877484,100.06517753752881,85.0,100.0,120.0,100.0,cadence_aligned_planned_visit_hours + cadence_aligned_planned_travel_hours + unplanned_required_coverage_hours + preparation_follow_up_buffer,cadence-aligned service attributed to servicing reps; uncovered obligations attributed to dynamic portfolio owners; observed excess retained as diagnostics; all served territories retained as fractional transaction allocations,1.6,deterministic_hours_plus_legacy_normalized_workload
CAPCAL_7f91e47ada8a55fb,REP_db1cc40d477a,Erica Jones,MGR_5e1c70ff0ce6,James Goodwill,TEAM_a405eba78bf2,Alfa,TERR_b31415d90eb9,Alfa / Germany,1,1.0,TERR_b31415d90eb9:1.00000000,2017-09-01,21,1.0,1.0,11.0,24.0,5.4321284740504225,8.0,21,152.0,40.43212847405042,111.56787152594958,36.9609126984127,29.111918933610735,66.66666666666667,52.15027008764589,29.70575396825397,23.03835115403516,52.74410512228913,7.669847369666879,0.0,79.64209332182554,71.38443373754028,71.38443373754028,0.4740600792965806,0.6640944733687475,-0.19003439407216688,6.0,0.0,71.76470588235294,0.6234888460779047,4.684829018930914,0.9225610275529526,low,low,False,False,synthetic_derived,42,262,348,262,183,13,283.5,396.0,283.0,194.0,13.0,2018-06-01,"distinct_customers: weight=0.4, training_median=283.5; transaction_count: weight=0.25, training_median=396; distinct_cities: weight=0.15, training_median=283; distinct_products: weight=0.1, training_median=194; distributor_count: weight=0.1, training_median=13",2013-02-07,active,senior,17,3,21.25,5.625,15.5,15.25,46.691964285714285,48.424107142857146,37.308035714285715,84,83,0.0,73.74267900169032,5.899414320135226,168.0,False,79.64209332182554,111.56787152594958,85.0,100.0,120.0,100.0,cadence_aligned_planned_visit_hours + cadence_aligned_planned_travel_hours + unplanned_required_coverage_hours + preparation_follow_up_buffer,cadence-aligned service attributed to servicing reps; uncovered obligations attributed to dynamic portfolio owners; observed excess retained as diagnostics; all served territories retained as fractional transaction allocations,1.6,deterministic_hours_plus_legacy_normalized_workload
CAPCAL_b49979d69513822c,REP_e7e9152643c7,Jessica Smith,MGR_31981a685b7e,Britanny Bold,TEAM_4f4a9410ffcd,Delta,TERR_49c0203db75f,Delta / Germany,1,1.0,TERR_49c0203db75f:1.00000000,2017-09-01,21,2.0,2.0,6.0,25.0,8.570642480735174,8.0,21,136.0,39.570642480735174,96.42935751926483,37.42695932539682,29.46743040226887,68.13333333333334,53.30508907207304,30.706374007936507,23.837658669804167,54.544032677740674,7.556886334077542,1.0991273352062403,80.4073781466827,83.38474943236947,83.38474943236947,0.47861534611120654,0.573984270948005,-0.09536892483679843,6.625,0.875,81.40350877192982,0.6336169340156685,3.495972962899248,0.936891525455239,low,low,False,False,synthetic_derived,42,264,367,264,180,13,283.5,396.0,283.0,194.0,13.0,2018-06-01,"distinct_customers: weight=0.4, training_median=283.5; transaction_count: weight=0.25, training_median=396; distinct_cities: weight=0.15, training_median=283; distinct_products: weight=0.1, training_median=194; distributor_count: weight=0.1, training_median=13",2015-11-19,active,experienced,23,13,35.625,24.375,30.0,29.0,46.50669642857143,44.57217261904762,37.49330357142857,84,76,3.5897435897435894,74.45127606174324,5.9561020849394595,168.0,False,80.4073781466827,96.42935751926483,85.0,100.0,120.0,100.0,cadence_aligned_planned_visit_hours + cadence_aligned_planned_travel_hours + unplanned_required_coverage_hours + preparation_follow_up_buffer,cadence-aligned service attributed to servicing reps; uncovered obligations attributed to dynamic portfolio owners; observed excess retained as diagnostics; all served territories retained as fractional transaction allocations,1.6,deterministic_hours_plus_legacy_normalized_workload
CAPCAL_7444942dd8d9920e,REP_0dfc420450a6,Abigail Thompson,MGR_eb86f856200b,Tracy Banks,TEAM_f144a6907dc4,Bravo,TERR_07a5ea4d7ed4,Bravo / Germany,1,1.0,TERR_07a5ea4d7ed4:1.00000000,2017-10-01,21,2.0,2.0,5.0,26.0,7.694184511931127,8.0,21,136.0,38.69418451193113,97.30581548806887,37.37299107142857,29.304840602524337,65.55,51.3448030045055,28.17700892857143,22.039962401981164,50.216971330552596,39.12110721742719,2.4749999999999996,114.2628540026905,117.42654170212552,117.42654170212552,0.6801360357303006,0.5792012826670766,0.10093475306322397,30.25,1.75,72.5,0.6161140345054079,1.4282856750336312,0.9261489662783482,high,high,True,True,synthetic_derived,42,263,362,262,185,12,283.5,396.0,283.0,194.0,13.0,2018-06-01,"distinct_customers: weight=0.4, training_median=283.5; transaction_count: weight=0.25, training_median=396; distinct_cities: weight=0.15, training_median=283; distinct_products: weight=0.1, training_median=194; distributor_count: weight=0.1, training_median=13",2015-02-18,active,experienced,80,20,110.0,37.5,81.25,79.75,47.563988095238095,45.663690476190474,36.436011904761905,84,77,4.666666666666667,105.79893889138009,8.463915111310408,168.0,False,114.2628540026905,97.30581548806887,85.0,100.0,120.0,100.0,cadence_aligned_planned_visit_hours + cadence_aligned_planned_travel_hours + unplanned_required_coverage_hours + preparation_follow_up_buffer,cadence-aligned service attributed to servicing reps; uncovered obligations attributed to dynamic portfolio owners; observed excess retained as diagnostics; all served territories retained as fractional transaction allocations,1.6,deterministic_hours_plus_legacy_normalized_workload
CAPCAL_8375f8a8bc57399c,REP_200ef690040c,Mary Gerrard,MGR_31981a685b7e,Britanny Bold,TEAM_4f4a9410ffcd,Delta,TERR_49c0203db75f,Delta / Germany,1,1.0,TERR_49c0203db75f:1.00000000,2017-10-01,21,0.0,2.0,10.0,21.0,8.987904626378999,8.0,21,152.0,39.987904626379,112.01209537362101,37.883829365079364,32.88974083621695,64.88333333333333,54.8947120448244,26.99950396825397,22.004971208607444,49.00447517686141,28.73257918708739,2.4749999999999996,107.4666413394544,95.94199713967937,95.94199713967937,0.6396823889253238,0.6667386629382203,-0.027056274012896453,23.5,2.625,73.33333333333333,0.6650790154651478,1.7333329248299096,0.9257600230007125,medium,medium,False,False,synthetic_derived,42,266,353,264,185,12,283.5,396.0,283.0,194.0,13.0,2018-06-01,"distinct_customers: weight=0.4, training_median=283.5; transaction_count: weight=0.25, training_median=396; distinct_cities: weight=0.15, training_median=283; distinct_products: weight=0.1, training_median=194; distributor_count: weight=0.1, training_median=13",2015-01-06,active,experienced,62,24,88.125,45.0,67.0,64.625,49.45238095238095,48.40029761904762,34.547619047619044,84,79,5.833333333333333,99.5061493883837,7.960491951070696,168.0,False,107.4666413394544,112.01209537362101,85.0,100.0,120.0,100.0,cadence_aligned_planned_visit_hours + cadence_aligned_planned_travel_hours + unplanned_required_coverage_hours + preparation_follow_up_buffer,cadence-aligned service attributed to servicing reps; uncovered obligations attributed to dynamic portfolio owners; observed excess retained as diagnostics; all served territories retained as fractional transaction allocations,1.6,deterministic_hours_plus_legacy_normalized_workload
CAPCAL_28621abab10255fe,REP_2234ec3bee93,Daniel Gates,MGR_4b97498897f6,Alisha Cordwell,TEAM_b9dd960c1753,Charlie,TERR_938541fb7311,Charlie / Germany,1,1.0,TERR_938541fb7311:1.00000000,2017-10-01,21,1.0,0.0,10.0,16.0,5.6719417538976415,8.0,21,160.0,31.67194175389764,128.32805824610236,33.88472222222222,27.445823757212665,60.53333333333333,47.466651752232615,26.648611111111112,20.020827995019953,46.669439106131065,20.54096776163234,2.4749999999999996,88.42123484035261,68.90249571982297,68.90249571982297,0.5263168740497179,0.7638574895601331,-0.23754061551041517,15.5,1.75,78.43478260869566,0.6197444074209312,1.7004083623144732,0.9067869970675576,low,low,False,False,synthetic_derived,42,254,346,253,186,13,283.5,396.0,283.0,194.0,13.0,2018-06-01,"distinct_customers: weight=0.4, training_median=283.5; transaction_count: weight=0.25, training_median=396; distinct_cities: weight=0.15, training_median=283; distinct_products: weight=0.1, training_median=194; distributor_count: weight=0.1, training_median=13",2012-10-27,active,senior,52,16,71.875,30.0,56.875,56.375,44.285714285714285,44.257440476190474,33.714285714285715,78,73,5.833333333333333,81.87151374106723,6.549721099285379,168.0,False,88.42123484035261,128.32805824610236,85.0,100.0,120.0,100.0,cadence_aligned_planned_visit_hours + cadence_aligned_planned_travel_hours + unplanned_required_coverage_hours + preparation_follow_up_buffer,cadence-aligned service attributed to servicing reps; uncovered obligations attributed to dynamic portfolio owners; observed excess retained as diagnostics; all served territories retained as fractional transaction allocations,1.6,deterministic_hours_plus_legacy_normalized_workload
CAPCAL_14fdd1b6fd05eb34,REP_56269a9759c4,Anne Wu,MGR_31981a685b7e,Britanny Bold,TEAM_4f4a9410ffcd,Delta,TERR_49c0203db75f,Delta / Germany,1,1.0,TERR_49c0203db75f:1.00000000,2017-10-01,21,0.0,2.0,11.0,18.0,8.663370295436296,8.0,21,152.0,37.663370295436295,114.3366297045637,37.347296626984125,28.978754830528203,68.23333333333333,52.441770127678474,30.886036706349206,23.46301529715027,54.34905200349947,29.837029223021354,1.2374999999999998,103.85612713497638,90.83364395411333,90.83364395411333,0.618191232946288,0.6805751768128792,-0.062383943866591185,23.125,1.75,70.39999999999999,0.6259835817967454,1.7906228816375238,0.9675155104738726,medium,medium,False,False,synthetic_derived,42,276,368,276,193,13,283.5,396.0,283.0,194.0,13.0,2018-06-01,"distinct_customers: weight=0.4, training_median=283.5; transaction_count: weight=0.25, training_median=396; distinct_cities: weight=0.15, training_median=283; distinct_products: weight=0.1, training_median=194; distributor_count: weight=0.1, training_median=13",2015-04-14,active,experienced,58,18,78.125,33.75,56.125,55.0,46.29315476190476,45.014880952380956,37.70684523809524,84,79,5.185185185185185,96.16308068053368,7.693046454442695,168.0,False,103.85612713497638,114.3366297045637,85.0,100.0,120.0,100.0,cadence_aligned_planned_visit_hours + cadence_aligned_planned_travel_hours + unplanned_required_coverage_hours + preparation_follow_up_buffer,cadence-aligned service attributed to servicing reps; uncovered obligations attributed to dynamic portfolio owners; observed excess retained as diagnostics; all served territories retained as fractional transaction allocations,1.6,deterministic_hours_plus_legacy_normalized_workload
CAPCAL_9aaea9b5b779c497,REP_6003efb01f5e,Sheila Stones,MGR_31981a685b7e,Britanny Bold,TEAM_4f4a9410ffcd,Delta,TERR_49c0203db75f,Delta / Germany,1,1.0,TERR_49c0203db75f:1.00000000,2017-10-01,21,2.0,1.0,6.0,24.0,4.471993714942073,8.0,21,144.0,34.47199371494207,109.52800628505793,36.157539682539685,28.779361458366584,66.58333333333333,51.66677205186683,30.42579365079365,22.88741059350025,53.3132042442939,26.37497813858862,4.975618776160352,98.61682962185448,90.03800303384872,90.03800303384872,0.5870049382253243,0.6519524183634401,-0.0649474801381158,21.625,3.625,72.75590551181102,0.6222364434870932,1.8262375855898978,0.9421177372580175,medium,medium,False,False,synthetic_derived,42,268,367,268,190,12,283.5,396.0,283.0,194.0,13.0,2018-06-01,"distinct_customers: weight=0.4, training_median=283.5; transaction_count: weight=0.25, training_median=396; distinct_cities: weight=0.15, training_median=283; distinct_products: weight=0.1, training_median=194; distributor_count: weight=0.1, training_median=13",2014-08-03,active,experienced,54,24,79.375,45.0,60.0,57.75,46.251488095238095,45.43154761904762,37.748511904761905,84,77,8.055555555555555,91.31187927949489,7.304950342359591,168.0,False,98.61682962185448,109.52800628505793,85.0,100.0,120.0,100.0,cadence_aligned_planned_visit_hours + cadence_aligned_planned_travel_hours + unplanned_required_coverage_hours + preparation_follow_up_buffer,cadence-aligned service attributed to servicing reps; uncovered obligations attributed to dynamic portfolio owners; observed excess retained as diagnostics; all served territories retained as fractional transaction allocations,1.6,deterministic_hours_plus_legacy_normalized_workload
CAPCAL_37721dcf710dbd5a,REP_6daf09991b71,Jimmy Grey,MGR_4b97498897f6,Alisha Cordwell,TEAM_b9dd960c1753,Charlie,TERR_938541fb7311,Charlie / Germany,1,1.0,TERR_938541fb7311:1.00000000,2017-10-01,21,1.0,0.0,12.0,18.0,5.120906357738335,8.0,21,160.0,35.120906357738335,124.87909364226167,35.91170634920635,27.096860218648125,66.51666666666667,49.59215284703685,30.604960317460318,22.495292628388725,53.10025294584904,20.76871283196503,1.2374999999999998,90.47946175180506,72.45365025710352,72.45365025710352,0.5385682247131254,0.7433279383467957,-0.2047597136336703,15.625,0.875,73.40425531914893,0.6016152927918704,2.1542728988525015,0.8902681228552782,low,low,False,False,synthetic_derived,42,249,336,249,184,13,283.5,396.0,283.0,194.0,13.0,2018-06-01,"distinct_customers: weight=0.4, training_median=283.5; transaction_count: weight=0.25, training_median=396; distinct_cities: weight=0.15, training_median=283; distinct_products: weight=0.1, training_median=194; distributor_count: weight=0.1, training_median=13",2012-08-25,active,senior,42,14,58.75,26.25,43.375,43.125,45.04017857142857,44.754464285714285,37.95982142857143,83,78,3.3333333333333335,83.7772793998195,6.70218235198556,168.0,False,90.47946175180506,124.87909364226167,85.0,100.0,120.0,100.0,cadence_aligned_planned_visit_hours + cadence_aligned_planned_travel_hours + unplanned_required_coverage_hours + preparation_follow_up_buffer,cadence-aligned service attributed to servicing reps; uncovered obligations attributed to dynamic portfolio owners; observed excess retained as diagnostics; all served territories retained as fractional transaction allocations,1.6,deterministic_hours_plus_legacy_normalized_workload
CAPCAL_26cc27f8804d3943,REP_82f7cb811b80,Stella Given,MGR_4b97498897f6,Alisha Cordwell,TEAM_b9dd960c1753,Charlie,TERR_938541fb7311,Charlie / Germany,1,1.0,TERR_938541fb7311:1.00000000,2017-10-01,21,0.0,1.0,6.0,19.0,4.267075778887563,8.0,21,160.0,29.267075778887563,130.73292422111243,36.54660218253968,28.14193299974469,67.53333333333333,50.55504968899453,30.986731150793652,22.413116689249836,53.39984784004349,26.627526071827702,2.559044459801137,98.62134615444104,75.43726780534631,75.43726780534631,0.5870318223478633,0.7781721679828121,-0.19114034563494875,22.5,2.75,65.71428571428571,0.6082198236203785,2.0983265139242775,0.9198423504860429,low,low,False,False,synthetic_derived,42,261,372,259,184,11,283.5,396.0,283.0,194.0,13.0,2018-06-01,"distinct_customers: weight=0.4, training_median=283.5; transaction_count: weight=0.25, training_median=396; distinct_cities: weight=0.15, training_median=283; distinct_products: weight=0.1, training_median=194; distributor_count: weight=0.1, training_median=13",2013-04-26,active,senior,47,17,65.625,31.875,46.0,43.125,46.26934523809524,47.004464285714285,37.73065476190476,84,79,8.627450980392156,91.31606125411207,7.3052849003289655,168.0,False,98.62134615444104,130.73292422111243,85.0,100.0,120.0,100.0,cadence_aligned_planned_visit_hours + cadence_aligned_planned_travel_hours + unplanned_required_coverage_hours + preparation_follow_up_buffer,cadence-aligned service attributed to servicing reps; uncovered obligations attributed to dynamic portfolio owners; observed excess retained as diagnostics; all served territories retained as fractional transaction allocations,1.6,deterministic_hours_plus_legacy_normalized_workload
CAPCAL_fa23ca5d98d868a4,REP_a132178ac1b8,Alan Ray,MGR_5e1c70ff0ce6,James Goodwill,TEAM_a405eba78bf2,Alfa,TERR_b31415d90eb9,Alfa / Germany,1,1.0,TERR_b31415d90eb9:1.00000000,2017-10-01,21,2.0,2.0,9.0,23.0,6.339019355270777,8.0,21,136.0,38.33901935527078,97.66098064472922,35.68271329365079,27.39332639995311,68.66666666666667,51.6698136554881,32.98395337301587,24.276487255534988,57.26044062855086,9.637232147276599,0.9363541938373474,78.53033358815095,80.41116633246632,80.41116633246632,0.4674424618342319,0.581315360980531,-0.11387289914629917,7.25,0.875,82.42424242424242,0.6190374059511212,2.9085308736352204,0.9650365877318752,low,low,False,False,synthetic_derived,42,277,374,277,192,12,283.5,396.0,283.0,194.0,13.0,2018-06-01,"distinct_customers: weight=0.4, training_median=283.5; transaction_count: weight=0.25, training_median=396; distinct_cities: weight=0.15, training_median=283; distinct_products: weight=0.1, training_median=194; distributor_count: weight=0.1, training_median=13",2012-12-18,active,senior,27,14,41.25,26.25,34.0,34.0,44.251488095238095,43.754464285714285,39.748511904761905,84,78,3.3333333333333335,72.71327184088051,5.817061747270441,168.0,False,78.53033358815095,97.66098064472922,85.0,100.0,120.0,100.0,cadence_aligned_planned_visit_hours + cadence_aligned_planned_travel_hours + unplanned_required_coverage_hours + preparation_follow_up_buffer,cadence-aligned service attributed to servicing reps; uncovered obligations attributed to dynamic portfolio owners; observed excess retained as diagnostics; all served territories retained as fractional transaction allocations,1.6,deterministic_hours_plus_legacy_normalized_workload
CAPCAL_6a3a6332d701293f,REP_bba68d031906,Steve Pepple,MGR_eb86f856200b,Tracy Banks,TEAM_f144a6907dc4,Bravo,TERR_07a5ea4d7ed4,Bravo / Germany,1,1.0,TERR_07a5ea4d7ed4:1.00000000,2017-10-01,21,0.0,1.0,5.0,19.0,5.294867337190526,8.0,21,160.0,29.294867337190524,130.7051326628095,34.97911706349206,27.843321621626533,68.0,53.544673411166485,33.02088293650794,25.701351789539956,58.722234726047894,8.52511196849206,2.4749999999999996,77.0553547058995,58.95357981440972,58.95357981440972,0.4586628256303542,0.7780067420405327,-0.31934391641017845,7.75,1.75,79.67213114754098,0.6404707376508876,3.08221418823598,0.9625867714845955,low,low,False,False,synthetic_derived,42,269,389,269,199,12,283.5,396.0,283.0,194.0,13.0,2018-06-01,"distinct_customers: weight=0.4, training_median=283.5; transaction_count: weight=0.25, training_median=396; distinct_cities: weight=0.15, training_median=283; distinct_products: weight=0.1, training_median=194; distributor_count: weight=0.1, training_median=13",2016-09-24,active,experienced,25,13,38.125,24.375,31.875,30.375,43.473214285714285,41.55952380952381,40.526785714285715,84,77,7.179487179487179,71.34755065361065,5.707804052288853,168.0,False,77.0553547058995,130.7051326628095,85.0,100.0,120.0,100.0,cadence_aligned_planned_visit_hours + cadence_aligned_planned_travel_hours + unplanned_required_coverage_hours + preparation_follow_up_buffer,cadence-aligned service attributed to servicing reps; uncovered obligations attributed to dynamic portfolio owners; observed excess retained as diagnostics; all served territories retained as fractional transaction allocations,1.6,deterministic_hours_plus_legacy_normalized_workload
CAPCAL_d46c923255197d22,REP_c56e2fba156a,Thompson Crawford,MGR_5e1c70ff0ce6,James Goodwill,TEAM_a405eba78bf2,Alfa,TERR_b31415d90eb9,Alfa / Germany,1,1.0,TERR_b31415d90eb9:1.00000000,2017-10-01,21,0.0,2.0,12.0,17.0,5.093097140680463,8.0,21,152.0,34.09309714068046,117.90690285931953,38.15515873015873,30.725024119767678,65.26666666666667,50.34416610136321,27.111507936507937,19.619141981595526,46.73064991810347,11.76684773005209,2.559044459801137,87.09879302637678,73.87081749598546,73.87081749598546,0.5184451965855761,0.7018268027340449,-0.18338160614846877,9.625,1.875,70.38461538461539,0.6464578167282594,3.7869040446250777,0.905324467084057,low,low,False,False,synthetic_derived,42,264,343,264,178,11,283.5,396.0,283.0,194.0,13.0,2018-06-01,"distinct_customers: weight=0.4, training_median=283.5; transaction_count: weight=0.25, training_median=396; distinct_cities: weight=0.15, training_median=283; distinct_products: weight=0.1, training_median=194; distributor_count: weight=0.1, training_median=13",2014-02-24,active,senior,23,8,32.5,15.0,23.875,22.875,47.52827380952381,43.90327380952381,32.47172619047619,80,72,12.5,80.6470305799785,6.451762446398281,168.0,False,87.09879302637678,117.90690285931953,85.0,100.0,120.0,100.0,cadence_aligned_planned_visit_hours + cadence_aligned_planned_travel_hours + unplanned_required_coverage_hours + preparation_follow_up_buffer,cadence-aligned service attributed to servicing reps; uncovered obligations attributed to dynamic portfolio owners; observed excess retained as diagnostics; all served territories retained as fractional transaction allocations,1.6,deterministic_hours_plus_legacy_normalized_workload
CAPCAL_c2f973ad7a1060f5,REP_d21d2dd167c5,Morris Garcia,MGR_eb86f856200b,Tracy Banks,TEAM_f144a6907dc4,Bravo,TERR_07a5ea4d7ed4,Bravo / Germany,1,1.0,TERR_07a5ea4d7ed4:1.00000000,2017-10-01,21,2.0,2.0,6.0,24.0,6.6361498545881625,8.0,21,136.0,36.63614985458816,99.36385014541185,34.390079365079366,25.573424326289686,68.71666666666667,49.735099270737166,34.3265873015873,24.16167494444748,58.48826224603478,6.058049564600858,1.182687986020223,71.30327751644751,71.75977723498062,71.75977723498062,0.4244242709312352,0.5914514889607848,-0.16702721802954962,4.5,0.875,86.15384615384616,0.6034814463344689,3.3953941674498815,0.8996695999705908,low,low,False,False,synthetic_derived,42,255,339,254,177,13,283.5,396.0,283.0,194.0,13.0,2018-06-01,"distinct_customers: weight=0.4, training_median=283.5; transaction_count: weight=0.25, training_median=396; distinct_cities: weight=0.15, training_median=283; distinct_products: weight=0.1, training_median=194; distributor_count: weight=0.1, training_median=13",2014-01-05,active,senior,21,11,32.5,20.625,28.0,28.0,42.376488095238095,43.27529761904762,41.623511904761905,84,81,4.242424242424243,66.02155325596992,5.281724260477594,168.0,False,71.30327751644751,99.36385014541185,85.0,100.0,120.0,100.0,cadence_aligned_planned_visit_hours + cadence_aligned_planned_travel_hours + unplanned_required_coverage_hours + preparation_follow_up_buffer,cadence-aligned service attributed to servicing reps; uncovered obligations attributed to dynamic portfolio owners; observed excess retained as diagnostics; all served territories retained as fractional transaction allocations,1.6,deterministic_hours_plus_legacy_normalized_workload
CAPCAL_46e04eb99fb9e01c,REP_db1cc40d477a,Erica Jones,MGR_5e1c70ff0ce6,James Goodwill,TEAM_a405eba78bf2,Alfa,TERR_b31415d90eb9,Alfa / Germany,1,1.0,TERR_b31415d90eb9:1.00000000,2017-10-01,21,1.0,0.0,11.0,24.0,7.4484172768199866,8.0,21,160.0,42.44841727681999,117.55158272318002,38.36108630952381,31.918155141733614,63.86666666666667,52.327768329669,25.505580357142858,20.409613187935385,45.91519354507824,18.276504740702347,3.6440506544597397,95.64020588731657,81.36020262061282,81.36020262061282,0.5692869398054557,0.6997118019236905,-0.13042486211823479,13.375,2.625,75.68181818181819,0.6276776382782684,2.6566723857587937,0.963681481471058,low,low,False,False,synthetic_derived,42,269,394,269,195,12,283.5,396.0,283.0,194.0,13.0,2018-06-01,"distinct_customers: weight=0.4, training_median=283.5; transaction_count: weight=0.25, training_median=396; distinct_cities: weight=0.15, training_median=283; distinct_products: weight=0.1, training_median=194; distributor_count: weight=0.1, training_median=13",2013-02-07,active,senior,36,18,55.0,33.75,41.625,41.625,50.851190476190474,47.020833333333336,33.148809523809526,84,75,7.777777777777778,88.55574619195978,7.084459695356783,168.0,False,95.64020588731657,117.55158272318002,85.0,100.0,120.0,100.0,cadence_aligned_planned_visit_hours + cadence_aligned_planned_travel_hours + unplanned_required_coverage_hours + preparation_follow_up_buffer,cadence-aligned service attributed to servicing reps; uncovered obligations attributed to dynamic portfolio owners; observed excess retained as diagnostics; all served territories retained as fractional transaction allocations,1.6,deterministic_hours_plus_legacy_normalized_workload
CAPCAL_d726fa6583a379fb,REP_e7e9152643c7,Jessica Smith,MGR_31981a685b7e,Britanny Bold,TEAM_4f4a9410ffcd,Delta,TERR_49c0203db75f,Delta / Germany,1,1.0,TERR_49c0203db75f:1.00000000,2017-10-01,21,2.0,1.0,6.0,25.0,4.513652308668198,8.0,21,144.0,35.5136523086682,108.4863476913318,35.36530257936508,28.291237495001965,67.03333333333333,52.388716633065656,31.668030753968253,24.097479138063694,55.76550989203195,11.363298377543076,2.4749999999999996,81.02142552806293,74.68352216869465,74.68352216869465,0.48227039004799366,0.6457520695912607,-0.1634816795432671,10.25,2.625,72.20338983050848,0.6306126972482857,3.3758927303359556,0.9575368651074758,low,low,False,False,synthetic_derived,42,274,373,273,191,12,283.5,396.0,283.0,194.0,13.0,2018-06-01,"distinct_customers: weight=0.4, training_median=283.5; transaction_count: weight=0.25, training_median=396; distinct_cities: weight=0.15, training_median=283; distinct_products: weight=0.1, training_median=194; distributor_count: weight=0.1, training_median=13",2015-11-19,active,experienced,24,12,36.875,22.5,28.5,26.625,44.86309523809524,43.20982142857143,39.13690476190476,84,76,11.666666666666666,75.01983845191012,6.001587076152809,168.0,False,81.02142552806293,108.4863476913318,85.0,100.0,120.0,100.0,cadence_aligned_planned_visit_hours + cadence_aligned_planned_travel_hours + unplanned_required_coverage_hours + preparation_follow_up_buffer,cadence-aligned service attributed to servicing reps; uncovered obligations attributed to dynamic portfolio owners; observed excess retained as diagnostics; all served territories retained as fractional transaction allocations,1.6,deterministic_hours_plus_legacy_normalized_workload
CAPCAL_9252962f47ad7a6a,REP_0dfc420450a6,Abigail Thompson,MGR_eb86f856200b,Tracy Banks,TEAM_f144a6907dc4,Bravo,TERR_07a5ea4d7ed4,Bravo / Germany,1,1.0,TERR_07a5ea4d7ed4:1.00000000,2017-11-01,21,2.0,0.0,5.0,26.0,7.822919453653838,8.0,21,152.0,38.82291945365384,113.17708054634616,32.75871775793651,26.224711861170924,65.73333333333333,51.471742298660374,32.974615575396825,25.247030437489446,58.221646012886275,51.02640326451511,3.7124999999999995,118.81061951431235,104.97763234461526,104.97763234461526,0.7072060685375735,0.6736730984901558,0.03353297004741773,39.875,4.5,66.59685863874346,0.6161782615935687,1.4851327439289044,1.0256137731355695,high,high,True,True,synthetic_derived,42,295,417,295,204,11,283.5,396.0,283.0,194.0,13.0,2018-06-01,"distinct_customers: weight=0.4, training_median=283.5; transaction_count: weight=0.25, training_median=396; distinct_cities: weight=0.15, training_median=283; distinct_products: weight=0.1, training_median=194; distributor_count: weight=0.1, training_median=13",2015-02-18,active,experienced,80,34,119.375,63.75,81.875,79.5,42.560267857142854,40.11830357142857,41.439732142857146,84,76,7.0588235294117645,110.00983288362255,8.800786630689805,168.0,False,118.81061951431235,113.17708054634616,85.0,100.0,120.0,100.0,cadence_aligned_planned_visit_hours + cadence_aligned_planned_travel_hours + unplanned_required_coverage_hours + preparation_follow_up_buffer,cadence-aligned service attributed to servicing reps; uncovered obligations attributed to dynamic portfolio owners; observed excess retained as diagnostics; all served territories retained as fractional transaction allocations,1.6,deterministic_hours_plus_legacy_normalized_workload
CAPCAL_e2efdf8139bd2e13,REP_200ef690040c,Mary Gerrard,MGR_31981a685b7e,Britanny Bold,TEAM_4f4a9410ffcd,Delta,TERR_49c0203db75f,Delta / Germany,1,1.0,TERR_49c0203db75f:1.00000000,2017-11-01,21,0.0,0.0,10.0,21.0,4.310485561593127,8.0,21,168.0,35.310485561593126,132.6895144384069,36.525632440476194,29.025043533622128,68.48333333333333,53.527117073590524,31.957700892857144,24.502073539968393,56.45977443282554,44.297582348628765,4.853924240921481,118.63611898854526,89.40881236219681,89.40881236219681,0.706167374931817,0.7898185383238505,-0.08365116339203349,33.625,4.5,63.64864864864865,0.6405000986649395,1.8831129998181788,1.0282633908743462,medium,medium,False,False,synthetic_derived,42,298,408,296,196,12,283.5,396.0,283.0,194.0,13.0,2018-06-01,"distinct_customers: weight=0.4, training_median=283.5; transaction_count: weight=0.25, training_median=396; distinct_cities: weight=0.15, training_median=283; distinct_products: weight=0.1, training_median=194; distributor_count: weight=0.1, training_median=13",2015-01-06,active,experienced,63,23,92.5,43.125,59.875,58.875,45.31622023809524,42.585565476190474,38.68377976190476,84,76,10.434782608695652,109.84825832272709,8.787860665818167,168.0,False,118.63611898854526,132.6895144384069,85.0,100.0,120.0,100.0,cadence_aligned_planned_visit_hours + cadence_aligned_planned_travel_hours + unplanned_required_coverage_hours + preparation_follow_up_buffer,cadence-aligned service attributed to servicing reps; uncovered obligations attributed to dynamic portfolio owners; observed excess retained as diagnostics; all served territories retained as fractional transaction allocations,1.6,deterministic_hours_plus_legacy_normalized_workload
CAPCAL_c51059e959f60cba,REP_2234ec3bee93,Daniel Gates,MGR_4b97498897f6,Alisha Cordwell,TEAM_b9dd960c1753,Charlie,TERR_938541fb7311,Charlie / Germany,1,1.0,TERR_938541fb7311:1.00000000,2017-11-01,21,1.0,0.0,10.0,16.0,5.054759157130665,8.0,21,160.0,31.054759157130665,128.94524084286934,36.775843253968254,29.877940931760207,65.65,51.55899235909838,28.874156746031748,21.68105142733818,50.55520817336993,23.345147220129636,4.978672021112151,97.19884591832674,75.3799405724262,75.3799405724262,0.5785645590376591,0.7675311954932699,-0.18896663645561074,17.375,3.625,76.4406779661017,0.625833062344706,1.8692085753524372,0.9830917809440146,low,low,False,False,synthetic_derived,42,284,386,283,187,12,283.5,396.0,283.0,194.0,13.0,2018-06-01,"distinct_customers: weight=0.4, training_median=283.5; transaction_count: weight=0.25, training_median=396; distinct_cities: weight=0.15, training_median=283; distinct_products: weight=0.1, training_median=194; distributor_count: weight=0.1, training_median=13",2012-10-27,active,senior,52,20,73.75,37.5,56.625,56.375,47.74107142857143,48.233630952380956,36.25892857142857,84,82,9.666666666666666,89.99893140585809,7.199914512468647,168.0,False,97.19884591832674,128.94524084286934,85.0,100.0,120.0,100.0,cadence_aligned_planned_visit_hours + cadence_aligned_planned_travel_hours + unplanned_required_coverage_hours + preparation_follow_up_buffer,cadence-aligned service attributed to servicing reps; uncovered obligations attributed to dynamic portfolio owners; observed excess retained as diagnostics; all served territories retained as fractional transaction allocations,1.6,deterministic_hours_plus_legacy_normalized_workload
CAPCAL_eafda11e1ee17c06,REP_56269a9759c4,Anne Wu,MGR_31981a685b7e,Britanny Bold,TEAM_4f4a9410ffcd,Delta,TERR_49c0203db75f,Delta / Germany,1,1.0,TERR_49c0203db75f:1.00000000,2017-11-01,21,0.0,2.0,11.0,18.0,7.420302863869939,8.0,21,152.0,36.420302863869935,115.57969713613006,35.135491071428575,28.108297727405283,67.33333333333333,52.99074705326179,32.19784226190476,24.882449325856513,57.08029158776127,27.38142439871509,2.172313729384146,97.87523025335288,84.68202692906797,84.68202692906797,0.5825906562699577,0.6879743877150599,-0.10538373144510227,23.125,4.5,68.10344827586206,0.6327474230475797,1.9575046050670577,0.9973115682382496,low,low,False,False,synthetic_derived,42,280,398,280,199,13,283.5,396.0,283.0,194.0,13.0,2018-06-01,"distinct_customers: weight=0.4, training_median=283.5; transaction_count: weight=0.25, training_median=396; distinct_cities: weight=0.15, training_median=283; distinct_products: weight=0.1, training_median=194; distributor_count: weight=0.1, training_median=13",2015-04-14,active,experienced,50,23,72.5,43.125,52.125,49.375,44.42261904761905,39.91815476190476,39.57738095238095,84,73,10.434782608695652,90.62521319754896,7.250017055803917,168.0,False,97.87523025335288,115.57969713613006,85.0,100.0,120.0,100.0,cadence_aligned_planned_visit_hours + cadence_aligned_planned_travel_hours + unplanned_required_coverage_hours + preparation_follow_up_buffer,cadence-aligned service attributed to servicing reps; uncovered obligations attributed to dynamic portfolio owners; observed excess retained as diagnostics; all served territories retained as fractional transaction allocations,1.6,deterministic_hours_plus_legacy_normalized_workload
CAPCAL_02ef603bb7b4ceb8,REP_6003efb01f5e,Sheila Stones,MGR_31981a685b7e,Britanny Bold,TEAM_4f4a9410ffcd,Delta,TERR_49c0203db75f,Delta / Germany,1,1.0,TERR_49c0203db75f:1.00000000,2017-11-01,21,2.0,1.0,6.0,24.0,6.966575729152842,8.0,21,144.0,36.966575729152844,107.03342427084715,33.9023685515873,27.590802588054505,66.26666666666667,51.80471379690144,32.364298115079364,24.21391120884693,56.578209323926295,29.842907577326386,2.4749999999999996,98.64296501432564,92.16089804312948,92.16089804312948,0.5871605060376526,0.6371037158978997,-0.04994320986024714,24.875,3.5,65.08771929824562,0.6304003311348495,1.9728593002865127,0.9732682003804489,medium,medium,False,False,synthetic_derived,42,280,390,280,192,11,283.5,396.0,283.0,194.0,13.0,2018-06-01,"distinct_customers: weight=0.4, training_median=283.5; transaction_count: weight=0.25, training_median=396; distinct_cities: weight=0.15, training_median=283; distinct_products: weight=0.1, training_median=194; distributor_count: weight=0.1, training_median=13",2014-08-03,active,experienced,50,17,71.25,31.875,49.375,46.375,43.767113095238095,42.21800595238095,40.232886904761905,84,77,10.980392156862745,91.33607871696819,7.3068862973574555,168.0,False,98.64296501432564,107.03342427084715,85.0,100.0,120.0,100.0,cadence_aligned_planned_visit_hours + cadence_aligned_planned_travel_hours + unplanned_required_coverage_hours + preparation_follow_up_buffer,cadence-aligned service attributed to servicing reps; uncovered obligations attributed to dynamic portfolio owners; observed excess retained as diagnostics; all served territories retained as fractional transaction allocations,1.6,deterministic_hours_plus_legacy_normalized_workload
CAPCAL_9ad4aa624d87f6ed,REP_6daf09991b71,Jimmy Grey,MGR_4b97498897f6,Alisha Cordwell,TEAM_b9dd960c1753,Charlie,TERR_938541fb7311,Charlie / Germany,1,1.0,TERR_938541fb7311:1.00000000,2017-11-01,21,1.0,0.0,12.0,18.0,8.546368471701527,8.0,21,160.0,38.54636847170153,121.45363152829847,35.92938988095238,26.544048136415903,70.1,51.71396379356342,34.170610119047616,25.16991565714752,59.34052577619514,19.873004880489543,1.2374999999999998,88.93415832968645,73.22478316258905,73.22478316258905,0.5293699900576575,0.7229382829065385,-0.193568292848881,18.375,3.625,70.3030303030303,0.6197269342205984,2.0682362402252665,1.0395509922866244,low,low,False,False,synthetic_derived,42,301,415,300,197,12,283.5,396.0,283.0,194.0,13.0,2018-06-01,"distinct_customers: weight=0.4, training_median=283.5; transaction_count: weight=0.25, training_median=396; distinct_cities: weight=0.15, training_median=283; distinct_products: weight=0.1, training_median=194; distributor_count: weight=0.1, training_median=13",2012-08-25,active,senior,43,19,61.875,35.625,47.25,43.5,42.83184523809524,42.876488095238095,41.16815476190476,84,80,10.175438596491228,82.34644289785783,6.587715431828626,168.0,False,88.93415832968645,121.45363152829847,85.0,100.0,120.0,100.0,cadence_aligned_planned_visit_hours + cadence_aligned_planned_travel_hours + unplanned_required_coverage_hours + preparation_follow_up_buffer,cadence-aligned service attributed to servicing reps; uncovered obligations attributed to dynamic portfolio owners; observed excess retained as diagnostics; all served territories retained as fractional transaction allocations,1.6,deterministic_hours_plus_legacy_normalized_workload
CAPCAL_459b9dc3973c303d,REP_82f7cb811b80,Stella Given,MGR_4b97498897f6,Alisha Cordwell,TEAM_b9dd960c1753,Charlie,TERR_938541fb7311,Charlie / Germany,1,1.0,TERR_938541fb7311:1.00000000,2017-11-01,21,0.0,1.0,6.0,19.0,5.148583147897217,8.0,21,160.0,30.148583147897217,129.85141685210277,36.458965773809524,27.438655055299392,67.4,49.74058334686443,30.941034226190474,22.301928291565044,53.24296251775552,23.494589480727264,1.0511081046541508,94.38358713462307,72.68583541304243,72.68583541304243,0.5618070662775183,0.7729251003101355,-0.2111180340326172,17.625,0.875,69.01098901098901,0.6031361299629129,2.1949671426656527,1.0246517906785293,low,low,False,False,synthetic_derived,42,288,420,287,196,13,283.5,396.0,283.0,194.0,13.0,2018-06-01,"distinct_customers: weight=0.4, training_median=283.5; transaction_count: weight=0.25, training_median=396; distinct_cities: weight=0.15, training_median=283; distinct_products: weight=0.1, training_median=194; distributor_count: weight=0.1, training_median=13",2013-04-26,active,senior,43,11,56.875,20.625,39.5,39.25,45.49330357142857,45.74330357142857,38.50669642857143,84,81,4.242424242424243,87.39221030983617,6.991376824786894,168.0,False,94.38358713462307,129.85141685210277,85.0,100.0,120.0,100.0,cadence_aligned_planned_visit_hours + cadence_aligned_planned_travel_hours + unplanned_required_coverage_hours + preparation_follow_up_buffer,cadence-aligned service attributed to servicing reps; uncovered obligations attributed to dynamic portfolio owners; observed excess retained as diagnostics; all served territories retained as fractional transaction allocations,1.6,deterministic_hours_plus_legacy_normalized_workload
CAPCAL_64b03e68c79e1167,REP_a132178ac1b8,Alan Ray,MGR_5e1c70ff0ce6,James Goodwill,TEAM_a405eba78bf2,Alfa,TERR_b31415d90eb9,Alfa / Germany,1,1.0,TERR_b31415d90eb9:1.00000000,2017-11-01,21,2.0,1.0,9.0,23.0,6.127613604658357,8.0,21,144.0,38.12761360465836,105.87238639534164,35.52533482142857,27.082303445795475,67.95,51.43167979858998,32.42466517857143,24.349376352794504,56.77404153136593,20.38064443726916,3.6859697743875595,89.62734532085265,84.65601690149136,84.65601690149136,0.5334961031003134,0.6301927761627478,-0.09669667306243446,17.0,4.625,61.142857142857146,0.6195825460219095,2.987578177361755,1.0086518353862894,low,low,False,False,synthetic_derived,42,288,393,288,197,13,283.5,396.0,283.0,194.0,13.0,2018-06-01,"distinct_customers: weight=0.4, training_median=283.5; transaction_count: weight=0.25, training_median=396; distinct_cities: weight=0.15, training_median=283; distinct_products: weight=0.1, training_median=194; distributor_count: weight=0.1, training_median=13",2012-12-18,active,senior,30,13,43.75,24.375,28.75,26.75,43.710565476190474,42.859375,40.289434523809526,84,80,18.974358974358974,82.9882827044932,6.639062616359456,168.0,False,89.62734532085265,105.87238639534164,85.0,100.0,120.0,100.0,cadence_aligned_planned_visit_hours + cadence_aligned_planned_travel_hours + unplanned_required_coverage_hours + preparation_follow_up_buffer,cadence-aligned service attributed to servicing reps; uncovered obligations attributed to dynamic portfolio owners; observed excess retained as diagnostics; all served territories retained as fractional transaction allocations,1.6,deterministic_hours_plus_legacy_normalized_workload
CAPCAL_959f885b3238aa31,REP_bba68d031906,Steve Pepple,MGR_eb86f856200b,Tracy Banks,TEAM_f144a6907dc4,Bravo,TERR_07a5ea4d7ed4,Bravo / Germany,1,1.0,TERR_07a5ea4d7ed4:1.00000000,2017-11-01,21,0.0,2.0,5.0,19.0,5.667758505606861,8.0,21,152.0,29.667758505606862,122.33224149439314,31.6875248015873,24.11223923299254,69.48333333333333,51.83367154799404,37.79580853174603,27.7214323150015,65.51724084674753,12.657955931283325,0.0,73.93433756313222,60.43732760878158,60.43732760878158,0.4400853426376918,0.7281681041332926,-0.2880827614956008,9.25,0.0,77.57575757575758,0.6278572029282569,2.6405120558261506,1.0626472940784502,low,low,False,False,synthetic_derived,42,311,420,311,197,12,283.5,396.0,283.0,194.0,13.0,2018-06-01,"distinct_customers: weight=0.4, training_median=283.5; transaction_count: weight=0.25, training_median=396; distinct_cities: weight=0.15, training_median=283; distinct_products: weight=0.1, training_median=194; distributor_count: weight=0.1, training_median=13",2016-09-24,active,experienced,28,14,41.25,26.25,32.0,32.0,38.404017857142854,36.60044642857143,45.595982142857146,84,79,0.0,68.45771996586316,5.476617597269053,168.0,False,73.93433756313222,122.33224149439314,85.0,100.0,120.0,100.0,cadence_aligned_planned_visit_hours + cadence_aligned_planned_travel_hours + unplanned_required_coverage_hours + preparation_follow_up_buffer,cadence-aligned service attributed to servicing reps; uncovered obligations attributed to dynamic portfolio owners; observed excess retained as diagnostics; all served territories retained as fractional transaction allocations,1.6,deterministic_hours_plus_legacy_normalized_workload
CAPCAL_b4174d44c292d14f,REP_c56e2fba156a,Thompson Crawford,MGR_5e1c70ff0ce6,James Goodwill,TEAM_a405eba78bf2,Alfa,TERR_b31415d90eb9,Alfa / Germany,1,1.0,TERR_b31415d90eb9:1.00000000,2017-11-01,21,0.0,2.0,12.0,17.0,6.24009808710921,8.0,21,152.0,35.24009808710921,116.7599019128908,33.15138888888889,25.404191612464604,66.38333333333334,50.78500685411639,33.231944444444444,25.380815241651785,58.61275968609623,15.293184079541891,0.0,79.75666574736701,68.30826717109593,68.30826717109593,0.4747420580200417,0.6949994161481595,-0.2202573581281178,13.25,1.875,66.875,0.6009651411122686,2.750229853357483,1.018545689001228,low,low,False,False,synthetic_derived,42,291,410,291,199,12,283.5,396.0,283.0,194.0,13.0,2018-06-01,"distinct_customers: weight=0.4, training_median=283.5; transaction_count: weight=0.25, training_median=396; distinct_cities: weight=0.15, training_median=283; distinct_products: weight=0.1, training_median=194; distributor_count: weight=0.1, training_median=13",2014-02-24,active,senior,29,9,40.0,16.875,28.625,26.75,42.27232142857143,43.257440476190474,41.72767857142857,84,81,11.11111111111111,73.84876458089538,5.90790116647163,168.0,False,79.75666574736701,116.7599019128908,85.0,100.0,120.0,100.0,cadence_aligned_planned_visit_hours + cadence_aligned_planned_travel_hours + unplanned_required_coverage_hours + preparation_follow_up_buffer,cadence-aligned service attributed to servicing reps; uncovered obligations attributed to dynamic portfolio owners; observed excess retained as diagnostics; all served territories retained as fractional transaction allocations,1.6,deterministic_hours_plus_legacy_normalized_workload
CAPCAL_6c8401b154a56e8f,REP_d21d2dd167c5,Morris Garcia,MGR_eb86f856200b,Tracy Banks,TEAM_f144a6907dc4,Bravo,TERR_07a5ea4d7ed4,Bravo / Germany,1,1.0,TERR_07a5ea4d7ed4:1.00000000,2017-11-01,21,2.0,2.0,6.0,24.0,5.280388426639436,8.0,21,136.0,35.28038842663943,100.71961157336057,31.87410714285714,24.531229388957705,67.28333333333333,50.21572699454054,35.40922619047619,25.684497605582838,61.093723796059024,12.585702715271761,0.0,74.51032238685353,73.97796836476367,73.97796836476367,0.443513823731271,0.5995214974604796,-0.15600767372920854,9.25,0.0,80.0,0.6025654707719708,2.2578885571773797,0.9934787119613417,low,low,False,False,synthetic_derived,42,284,404,284,199,11,283.5,396.0,283.0,194.0,13.0,2018-06-01,"distinct_customers: weight=0.4, training_median=283.5; transaction_count: weight=0.25, training_median=396; distinct_cities: weight=0.15, training_median=283; distinct_products: weight=0.1, training_median=194; distributor_count: weight=0.1, training_median=13",2014-01-05,active,senior,33,10,46.25,18.75,37.0,37.0,40.711309523809526,39.979910714285715,43.288690476190474,84,79,0.0,68.9910392470866,5.519283139766928,168.0,False,74.51032238685353,100.71961157336057,85.0,100.0,120.0,100.0,cadence_aligned_planned_visit_hours + cadence_aligned_planned_travel_hours + unplanned_required_coverage_hours + preparation_follow_up_buffer,cadence-aligned service attributed to servicing reps; uncovered obligations attributed to dynamic portfolio owners; observed excess retained as diagnostics; all served territories retained as fractional transaction allocations,1.6,deterministic_hours_plus_legacy_normalized_workload
CAPCAL_5b3eff9ff5d16a7e,REP_db1cc40d477a,Erica Jones,MGR_5e1c70ff0ce6,James Goodwill,TEAM_a405eba78bf2,Alfa,TERR_b31415d90eb9,Alfa / Germany,1,1.0,TERR_b31415d90eb9:1.00000000,2017-11-01,21,1.0,1.0,11.0,24.0,5.461666469626954,8.0,21,152.0,40.461666469626955,111.53833353037305,36.35597718253968,27.528355089244293,69.83333333333333,51.38439267333927,33.47735615079365,23.856037584094974,57.333393734888624,15.36458899762364,1.2374999999999998,85.58883497096022,76.73490562565513,76.73490562565513,0.5094573510176204,0.6639186519665062,-0.15446130094888588,12.375,0.875,66.44067796610169,0.619837648516407,3.1699568507763045,0.9479506180212287,low,low,False,False,synthetic_derived,42,274,370,273,191,11,283.5,396.0,283.0,194.0,13.0,2018-06-01,"distinct_customers: weight=0.4, training_median=283.5; transaction_count: weight=0.25, training_median=396; distinct_cities: weight=0.15, training_median=283; distinct_products: weight=0.1, training_median=194; distributor_count: weight=0.1, training_median=13",2013-02-07,active,senior,27,7,36.875,13.125,25.5,24.5,44.41220238095238,42.395089285714285,39.58779761904762,84,79,6.666666666666667,79.24892126940762,6.33991370155261,168.0,False,85.58883497096022,111.53833353037305,85.0,100.0,120.0,100.0,cadence_aligned_planned_visit_hours + cadence_aligned_planned_travel_hours + unplanned_required_coverage_hours + preparation_follow_up_buffer,cadence-aligned service attributed to servicing reps; uncovered obligations attributed to dynamic portfolio owners; observed excess retained as diagnostics; all served territories retained as fractional transaction allocations,1.6,deterministic_hours_plus_legacy_normalized_workload
CAPCAL_6a5c0f29a02a7741,REP_e7e9152643c7,Jessica Smith,MGR_31981a685b7e,Britanny Bold,TEAM_4f4a9410ffcd,Delta,TERR_49c0203db75f,Delta / Germany,1,1.0,TERR_49c0203db75f:1.00000000,2017-11-01,21,2.0,1.0,6.0,25.0,5.532498238216356,8.0,21,144.0,36.532498238216355,107.46750176178364,34.47409474206349,25.712807951460395,68.55,50.949261144085625,34.075905257936505,25.23645319262523,59.31235845056174,8.962629017777402,2.4749999999999996,74.6814942482054,69.4921655606614,69.4921655606614,0.44453270385836546,0.6396875104868074,-0.19515480662844192,6.5,1.75,79.6078431372549,0.6088445011762292,3.2470214890524085,0.9941446644077392,low,low,False,False,synthetic_derived,42,284,410,282,195,11,283.5,396.0,283.0,194.0,13.0,2018-06-01,"distinct_customers: weight=0.4, training_median=283.5; transaction_count: weight=0.25, training_median=396; distinct_cities: weight=0.15, training_median=283; distinct_products: weight=0.1, training_median=194; distributor_count: weight=0.1, training_median=13",2015-11-19,active,experienced,23,9,31.875,16.875,25.375,25.375,42.232142857142854,38.839285714285715,41.767857142857146,84,74,10.37037037037037,69.1495317113013,5.5319625369041034,168.0,False,74.6814942482054,107.46750176178364,85.0,100.0,120.0,100.0,cadence_aligned_planned_visit_hours + cadence_aligned_planned_travel_hours + unplanned_required_coverage_hours + preparation_follow_up_buffer,cadence-aligned service attributed to servicing reps; uncovered obligations attributed to dynamic portfolio owners; observed excess retained as diagnostics; all served territories retained as fractional transaction allocations,1.6,deterministic_hours_plus_legacy_normalized_workload
CAPCAL_c507c4a06ca478dc,REP_0dfc420450a6,Abigail Thompson,MGR_eb86f856200b,Tracy Banks,TEAM_f144a6907dc4,Bravo,TERR_07a5ea4d7ed4,Bravo / Germany,1,1.0,TERR_07a5ea4d7ed4:1.00000000,2017-12-01,21,2.0,2.0,5.0,26.0,6.860659609779068,8.0,21,136.0,37.86065960977907,98.13934039022092,33.416468253968254,26.98026810070701,59.733333333333334,48.15013255502094,26.31686507936508,21.169864454313927,47.486729533679004,34.97452589834888,3.7965444598011366,103.00096323326609,104.95379612672595,104.95379612672595,0.6131009716265838,0.5841627404179817,0.028938231208602172,28.0,2.75,77.48743718592965,0.6233065237787099,1.2117760380384246,0.7880159589743637,high,high,True,True,synthetic_derived,42,221,287,221,166,12,283.5,396.0,283.0,194.0,13.0,2018-06-01,"distinct_customers: weight=0.4, training_median=283.5; transaction_count: weight=0.25, training_median=396; distinct_cities: weight=0.15, training_median=283; distinct_products: weight=0.1, training_median=194; distributor_count: weight=0.1, training_median=13",2015-02-18,active,experienced,85,35,124.375,65.625,98.625,96.375,43.285714285714285,39.74702380952381,34.714285714285715,78,69,4.190476190476191,95.37126225302416,7.629700980241933,168.0,False,103.00096323326609,98.13934039022092,85.0,100.0,120.0,100.0,cadence_aligned_planned_visit_hours + cadence_aligned_planned_travel_hours + unplanned_required_coverage_hours + preparation_follow_up_buffer,cadence-aligned service attributed to servicing reps; uncovered obligations attributed to dynamic portfolio owners; observed excess retained as diagnostics; all served territories retained as fractional transaction allocations,1.6,deterministic_hours_plus_legacy_normalized_workload
CAPCAL_4f33b8654c5e7ed3,REP_200ef690040c,Mary Gerrard,MGR_31981a685b7e,Britanny Bold,TEAM_4f4a9410ffcd,Delta,TERR_49c0203db75f,Delta / Germany,1,1.0,TERR_49c0203db75f:1.00000000,2017-12-01,21,0.0,0.0,10.0,21.0,6.25345776369304,8.0,21,168.0,37.25345776369304,130.74654223630696,30.18482142857143,24.933041225194252,53.65,43.67532442355447,23.46517857142857,18.742283198360216,42.207461769788786,42.91035846052999,2.3373225592879265,105.87047880343933,80.97382691168424,80.97382691168424,0.6301814214490437,0.7782532275970653,-0.14807180614802162,33.375,1.75,65.32467532467533,0.63580319526916,1.4704233167144352,0.7941421402693305,low,low,False,False,synthetic_derived,42,228,289,228,164,11,283.5,396.0,283.0,194.0,13.0,2018-06-01,"distinct_customers: weight=0.4, training_median=283.5; transaction_count: weight=0.25, training_median=396; distinct_cities: weight=0.15, training_median=283; distinct_products: weight=0.1, training_median=194; distributor_count: weight=0.1, training_median=13",2015-01-06,active,experienced,72,20,96.25,37.5,64.625,62.875,39.21502976190476,35.554315476190474,29.784970238095237,69,61,4.666666666666667,98.02822111429568,7.842257689143654,168.0,False,105.87047880343933,130.74654223630696,85.0,100.0,120.0,100.0,cadence_aligned_planned_visit_hours + cadence_aligned_planned_travel_hours + unplanned_required_coverage_hours + preparation_follow_up_buffer,cadence-aligned service attributed to servicing reps; uncovered obligations attributed to dynamic portfolio owners; observed excess retained as diagnostics; all served territories retained as fractional transaction allocations,1.6,deterministic_hours_plus_legacy_normalized_workload
CAPCAL_ae0a3c635c2f1be7,REP_2234ec3bee93,Daniel Gates,MGR_4b97498897f6,Alisha Cordwell,TEAM_b9dd960c1753,Charlie,TERR_938541fb7311,Charlie / Germany,1,1.0,TERR_938541fb7311:1.00000000,2017-12-01,21,1.0,0.0,10.0,16.0,4.830438241953724,8.0,21,160.0,30.830438241953722,129.16956175804629,32.89407242063492,25.101139835721906,57.4,42.99238179766041,24.50592757936508,17.8912419619385,42.39716954130358,27.4654497859459,2.4749999999999996,92.29751500568693,71.4545390953434,71.4545390953434,0.549389970271946,0.7688664390359898,-0.2194764687640438,20.875,1.75,75.07462686567165,0.6020725632968115,1.4886695968659183,0.8012104534832911,low,low,False,False,synthetic_derived,42,221,290,221,173,13,283.5,396.0,283.0,194.0,13.0,2018-06-01,"distinct_customers: weight=0.4, training_median=283.5; transaction_count: weight=0.25, training_median=396; distinct_cities: weight=0.15, training_median=283; distinct_products: weight=0.1, training_median=194; distributor_count: weight=0.1, training_median=13",2012-10-27,active,senior,62,17,83.75,31.875,63.625,62.875,41.69122023809524,40.85639880952381,31.308779761904763,73,69,5.490196078431373,85.46066204230272,6.836852963384217,168.0,False,92.29751500568693,129.16956175804629,85.0,100.0,120.0,100.0,cadence_aligned_planned_visit_hours + cadence_aligned_planned_travel_hours + unplanned_required_coverage_hours + preparation_follow_up_buffer,cadence-aligned service attributed to servicing reps; uncovered obligations attributed to dynamic portfolio owners; observed excess retained as diagnostics; all served territories retained as fractional transaction allocations,1.6,deterministic_hours_plus_legacy_normalized_workload
CAPCAL_dac05c425c7d282a,REP_56269a9759c4,Anne Wu,MGR_31981a685b7e,Britanny Bold,TEAM_4f4a9410ffcd,Delta,TERR_49c0203db75f,Delta / Germany,1,1.0,TERR_49c0203db75f:1.00000000,2017-12-01,21,0.0,0.0,11.0,18.0,4.187359317504668,8.0,21,168.0,33.187359317504665,134.81264068249533,37.70639880952381,31.185731443614753,61.61666666666667,50.120962920606615,23.910267857142856,18.935231476991863,42.84549933413472,26.268789090785603,10.068088919602273,102.77379289143809,76.23453733354746,76.23453733354746,0.6117487672109411,0.8024561945386627,-0.1907074273277216,21.0,8.125,77.74834437086092,0.6540827568698225,1.6058405139287202,0.8252832974295763,low,low,False,False,synthetic_derived,42,228,305,227,176,13,283.5,396.0,283.0,194.0,13.0,2018-06-01,"distinct_customers: weight=0.4, training_median=283.5; transaction_count: weight=0.25, training_median=396; distinct_cities: weight=0.15, training_median=283; distinct_products: weight=0.1, training_median=194; distributor_count: weight=0.1, training_median=13",2015-04-14,active,experienced,64,27,94.375,50.625,75.25,73.375,47.67857142857143,47.351190476190474,30.32142857142857,78,74,16.049382716049383,95.16091934392416,7.612873547513933,168.0,False,102.77379289143809,134.81264068249533,85.0,100.0,120.0,100.0,cadence_aligned_planned_visit_hours + cadence_aligned_planned_travel_hours + unplanned_required_coverage_hours + preparation_follow_up_buffer,cadence-aligned service attributed to servicing reps; uncovered obligations attributed to dynamic portfolio owners; observed excess retained as diagnostics; all served territories retained as fractional transaction allocations,1.6,deterministic_hours_plus_legacy_normalized_workload
CAPCAL_80ccab8fe7db15a6,REP_6003efb01f5e,Sheila Stones,MGR_31981a685b7e,Britanny Bold,TEAM_4f4a9410ffcd,Delta,TERR_49c0203db75f,Delta / Germany,1,1.0,TERR_49c0203db75f:1.00000000,2017-12-01,21,2.0,0.0,6.0,24.0,4.638010480661393,8.0,21,152.0,34.63801048066139,117.36198951933861,33.524652777777774,28.229113582899355,63.28333333333333,51.585395783612995,29.758680555555557,23.35628220071364,53.11496275626919,16.843940632517196,3.7965444598011366,84.88552355264987,72.32795209104958,72.32795209104958,0.5052709735276778,0.6985832709484441,-0.19331229742076628,14.75,3.625,73.48314606741573,0.6501684315628189,2.233829567174997,0.8464217754466744,low,low,False,False,synthetic_derived,42,243,307,242,173,12,283.5,396.0,283.0,194.0,13.0,2018-06-01,"distinct_customers: weight=0.4, training_median=283.5; transaction_count: weight=0.25, training_median=396; distinct_cities: weight=0.15, training_median=283; distinct_products: weight=0.1, training_median=194; distributor_count: weight=0.1, training_median=13",2014-08-03,active,experienced,38,14,55.625,26.25,43.25,40.875,43.41815476190476,42.254464285714285,37.58184523809524,81,76,13.80952380952381,78.59770699319432,6.287816559455546,168.0,False,84.88552355264987,117.36198951933861,85.0,100.0,120.0,100.0,cadence_aligned_planned_visit_hours + cadence_aligned_planned_travel_hours + unplanned_required_coverage_hours + preparation_follow_up_buffer,cadence-aligned service attributed to servicing reps; uncovered obligations attributed to dynamic portfolio owners; observed excess retained as diagnostics; all served territories retained as fractional transaction allocations,1.6,deterministic_hours_plus_legacy_normalized_workload
CAPCAL_e2742b660831a9e2,REP_6daf09991b71,Jimmy Grey,MGR_4b97498897f6,Alisha Cordwell,TEAM_b9dd960c1753,Charlie,TERR_938541fb7311,Charlie / Germany,1,1.0,TERR_938541fb7311:1.00000000,2017-12-01,21,1.0,2.0,12.0,18.0,7.604283536695036,8.0,21,144.0,37.604283536695036,106.39571646330496,36.51744791666667,27.697809372967733,67.01666666666667,49.81439652136297,30.49921875,22.11658714839524,52.615805898395244,17.552916931522304,2.4749999999999996,88.30962815884924,83.0011123514606,83.0011123514606,0.5256525485645788,0.633307836091101,-0.1076552875265222,15.125,2.625,73.11111111111111,0.597190275082516,2.264349439970493,0.8298833956692505,low,low,False,False,synthetic_derived,42,234,293,234,176,13,283.5,396.0,283.0,194.0,13.0,2018-06-01,"distinct_customers: weight=0.4, training_median=283.5; transaction_count: weight=0.25, training_median=396; distinct_cities: weight=0.15, training_median=283; distinct_products: weight=0.1, training_median=194; distributor_count: weight=0.1, training_median=13",2012-08-25,active,senior,39,16,56.25,30.0,43.25,41.125,46.380208333333336,46.140625,37.619791666666664,84,80,8.75,81.7681742211567,6.541453937692536,168.0,False,88.30962815884924,106.39571646330496,85.0,100.0,120.0,100.0,cadence_aligned_planned_visit_hours + cadence_aligned_planned_travel_hours + unplanned_required_coverage_hours + preparation_follow_up_buffer,cadence-aligned service attributed to servicing reps; uncovered obligations attributed to dynamic portfolio owners; observed excess retained as diagnostics; all served territories retained as fractional transaction allocations,1.6,deterministic_hours_plus_legacy_normalized_workload
CAPCAL_0ab9d6c74312e8f1,REP_82f7cb811b80,Stella Given,MGR_4b97498897f6,Alisha Cordwell,TEAM_b9dd960c1753,Charlie,TERR_938541fb7311,Charlie / Germany,1,1.0,TERR_938541fb7311:1.00000000,2017-12-01,21,0.0,2.0,6.0,19.0,8.54409579032956,8.0,21,152.0,33.544095790329564,118.45590420967044,38.21344246031746,28.219969904504676,68.6,49.644566208149655,30.38655753968254,21.42459630364498,51.81115384332752,20.434171270815824,3.4691419923054214,93.81699032648899,79.19992756159301,79.19992756159301,0.5584344662291011,0.705094667914705,-0.1466602016856039,17.25,4.625,60.57142857142858,0.599504300192117,3.0263545266609353,0.8697765998841855,low,low,False,False,synthetic_derived,42,250,320,250,175,12,283.5,396.0,283.0,194.0,13.0,2018-06-01,"distinct_customers: weight=0.4, training_median=283.5; transaction_count: weight=0.25, training_median=396; distinct_cities: weight=0.15, training_median=283; distinct_products: weight=0.1, training_median=194; distributor_count: weight=0.1, training_median=13",2013-04-26,active,senior,31,10,43.75,18.75,28.5,26.5,47.07217261904762,45.002232142857146,36.92782738095238,84,78,24.666666666666668,86.86758363563796,6.949406690851037,168.0,False,93.81699032648899,118.45590420967044,85.0,100.0,120.0,100.0,cadence_aligned_planned_visit_hours + cadence_aligned_planned_travel_hours + unplanned_required_coverage_hours + preparation_follow_up_buffer,cadence-aligned service attributed to servicing reps; uncovered obligations attributed to dynamic portfolio owners; observed excess retained as diagnostics; all served territories retained as fractional transaction allocations,1.6,deterministic_hours_plus_legacy_normalized_workload
CAPCAL_095d83e86754ed66,REP_a132178ac1b8,Alan Ray,MGR_5e1c70ff0ce6,James Goodwill,TEAM_a405eba78bf2,Alfa,TERR_b31415d90eb9,Alfa / Germany,1,1.0,TERR_b31415d90eb9:1.00000000,2017-12-01,21,2.0,1.0,9.0,23.0,5.786543478689044,8.0,21,144.0,37.78654347868904,106.21345652131096,37.47279265873016,30.316181394808005,63.13333333333333,51.16344835245841,25.660540674603176,20.8472669576504,46.507807632253574,15.042808204212532,5.0340444598011365,89.45832483837076,84.22503867993562,84.22503867993562,0.532490028799826,0.6322229554839938,-0.09973292668416778,14.125,3.625,70.64935064935065,0.6326265843962048,2.5559521382391646,0.7586529578820389,low,low,False,False,synthetic_derived,42,207,277,207,174,12,283.5,396.0,283.0,194.0,13.0,2018-06-01,"distinct_customers: weight=0.4, training_median=283.5; transaction_count: weight=0.25, training_median=396; distinct_cities: weight=0.15, training_median=283; distinct_products: weight=0.1, training_median=194; distributor_count: weight=0.1, training_median=13",2012-12-18,active,senior,35,11,48.125,20.625,37.0,34.0,47.92113095238095,45.552083333333336,33.07886904761905,81,73,17.575757575757574,82.8317822577507,6.626542580620057,168.0,False,89.45832483837076,106.21345652131096,85.0,100.0,120.0,100.0,cadence_aligned_planned_visit_hours + cadence_aligned_planned_travel_hours + unplanned_required_coverage_hours + preparation_follow_up_buffer,cadence-aligned service attributed to servicing reps; uncovered obligations attributed to dynamic portfolio owners; observed excess retained as diagnostics; all served territories retained as fractional transaction allocations,1.6,deterministic_hours_plus_legacy_normalized_workload
CAPCAL_0b5ae6ab385c0626,REP_bba68d031906,Steve Pepple,MGR_eb86f856200b,Tracy Banks,TEAM_f144a6907dc4,Bravo,TERR_07a5ea4d7ed4,Bravo / Germany,1,1.0,TERR_07a5ea4d7ed4:1.00000000,2017-12-01,21,0.0,2.0,5.0,19.0,5.993033574884921,8.0,21,152.0,29.99303357488492,122.00696642511508,34.0562251984127,26.69921320023661,63.7,49.39712571486807,29.643774801587302,22.697912514631454,52.34168731621876,16.591678142965186,2.559044459801137,83.53488586494366,68.46730831244408,68.46730831244408,0.4972314634818075,0.7262319430066374,-0.22900047952482988,12.25,1.875,67.33333333333333,0.5911751847825829,2.983388780890845,0.8007665621932861,low,low,False,False,synthetic_derived,42,225,290,225,172,12,283.5,396.0,283.0,194.0,13.0,2018-06-01,"distinct_customers: weight=0.4, training_median=283.5; transaction_count: weight=0.25, training_median=396; distinct_cities: weight=0.15, training_median=283; distinct_products: weight=0.1, training_median=194; distributor_count: weight=0.1, training_median=13",2016-09-24,active,experienced,28,9,37.5,16.875,25.25,25.25,45.16294642857143,44.91889880952381,38.83705357142857,84,79,11.11111111111111,77.3471165416145,6.18776932332916,168.0,False,83.53488586494366,122.00696642511508,85.0,100.0,120.0,100.0,cadence_aligned_planned_visit_hours + cadence_aligned_planned_travel_hours + unplanned_required_coverage_hours + preparation_follow_up_buffer,cadence-aligned service attributed to servicing reps; uncovered obligations attributed to dynamic portfolio owners; observed excess retained as diagnostics; all served territories retained as fractional transaction allocations,1.6,deterministic_hours_plus_legacy_normalized_workload
CAPCAL_544224f61048f591,REP_c56e2fba156a,Thompson Crawford,MGR_5e1c70ff0ce6,James Goodwill,TEAM_a405eba78bf2,Alfa,TERR_b31415d90eb9,Alfa / Germany,1,1.0,TERR_b31415d90eb9:1.00000000,2017-12-01,21,0.0,1.0,12.0,17.0,7.367412662458534,8.0,21,160.0,36.367412662458534,123.63258733754147,37.49129464285714,28.577638259716476,67.91666666666667,50.182090597467614,30.425372023809523,21.604452337751137,52.029824361560664,13.887054353285848,3.5999407015922857,86.35246623632823,69.84603986372045,69.84603986372045,0.5140027752162395,0.7359082579615563,-0.22190548274531685,11.125,2.625,72.61538461538461,0.6097724300034759,3.198239490234379,0.8125674720967242,low,low,False,False,synthetic_derived,42,228,293,228,165,13,283.5,396.0,283.0,194.0,13.0,2018-06-01,"distinct_customers: weight=0.4, training_median=283.5; transaction_count: weight=0.25, training_median=396; distinct_cities: weight=0.15, training_median=283; distinct_products: weight=0.1, training_median=194; distributor_count: weight=0.1, training_median=13",2014-02-24,active,senior,27,13,40.625,24.375,30.5,29.5,46.86607142857143,46.986607142857146,37.13392857142857,84,80,10.76923076923077,79.95598725585947,6.396478980468758,168.0,False,86.35246623632823,123.63258733754147,85.0,100.0,120.0,100.0,cadence_aligned_planned_visit_hours + cadence_aligned_planned_travel_hours + unplanned_required_coverage_hours + preparation_follow_up_buffer,cadence-aligned service attributed to servicing reps; uncovered obligations attributed to dynamic portfolio owners; observed excess retained as diagnostics; all served territories retained as fractional transaction allocations,1.6,deterministic_hours_plus_legacy_normalized_workload
CAPCAL_0edbb97dfcd71947,REP_d21d2dd167c5,Morris Garcia,MGR_eb86f856200b,Tracy Banks,TEAM_f144a6907dc4,Bravo,TERR_07a5ea4d7ed4,Bravo / Germany,1,1.0,TERR_07a5ea4d7ed4:1.00000000,2017-12-01,21,2.0,2.0,6.0,24.0,8.702226181994664,8.0,21,136.0,38.70222618199466,97.29777381800534,40.30938740079365,31.96240220558465,67.33333333333333,52.26105772809549,27.023945932539682,20.29865552251084,47.322601455050524,11.270139141868624,2.4749999999999996,90.22528304810669,92.73108675319983,92.73108675319983,0.5370552562387303,0.5791534155833651,-0.04209815934463479,9.375,2.625,82.95454545454545,0.635456111067969,2.6536847955325498,0.8224149959284077,medium,medium,False,False,synthetic_derived,42,230,300,230,168,13,283.5,396.0,283.0,194.0,13.0,2018-06-01,"distinct_customers: weight=0.4, training_median=283.5; transaction_count: weight=0.25, training_median=396; distinct_cities: weight=0.15, training_median=283; distinct_products: weight=0.1, training_median=194; distributor_count: weight=0.1, training_median=13",2014-01-05,active,senior,34,22,55.0,41.25,46.75,45.625,50.298363095238095,47.686755952380956,33.701636904761905,84,78,6.363636363636363,83.54192874824693,6.683354299859754,168.0,False,90.22528304810669,97.29777381800534,85.0,100.0,120.0,100.0,cadence_aligned_planned_visit_hours + cadence_aligned_planned_travel_hours + unplanned_required_coverage_hours + preparation_follow_up_buffer,cadence-aligned service attributed to servicing reps; uncovered obligations attributed to dynamic portfolio owners; observed excess retained as diagnostics; all served territories retained as fractional transaction allocations,1.6,deterministic_hours_plus_legacy_normalized_workload
CAPCAL_69bbf1143c909c44,REP_db1cc40d477a,Erica Jones,MGR_5e1c70ff0ce6,James Goodwill,TEAM_a405eba78bf2,Alfa,TERR_b31415d90eb9,Alfa / Germany,1,1.0,TERR_b31415d90eb9:1.00000000,2017-12-01,21,1.0,0.0,11.0,24.0,7.359623910403141,8.0,21,160.0,42.359623910403144,117.64037608959686,39.57441716269841,30.04640242641799,67.66666666666667,51.29490560854111,28.092249503968254,21.24850318212312,49.34075268609137,12.738913807892846,1.2374999999999998,88.94851206876997,75.61053018142795,75.61053018142795,0.5294554289807737,0.700240333866648,-0.17078490488587428,9.75,0.875,66.80851063829788,0.6126244346846152,4.447425603438498,0.8410280582284031,low,low,False,False,synthetic_derived,42,242,308,241,180,11,283.5,396.0,283.0,194.0,13.0,2018-06-01,"distinct_customers: weight=0.4, training_median=283.5; transaction_count: weight=0.25, training_median=396; distinct_cities: weight=0.15, training_median=283; distinct_products: weight=0.1, training_median=194; distributor_count: weight=0.1, training_median=13",2013-02-07,active,senior,20,8,29.375,15.0,19.875,19.625,49.045386904761905,47.16592261904762,34.954613095238095,84,76,5.833333333333333,82.35973339700924,6.588778671760739,168.0,False,88.94851206876997,117.64037608959686,85.0,100.0,120.0,100.0,cadence_aligned_planned_visit_hours + cadence_aligned_planned_travel_hours + unplanned_required_coverage_hours + preparation_follow_up_buffer,cadence-aligned service attributed to servicing reps; uncovered obligations attributed to dynamic portfolio owners; observed excess retained as diagnostics; all served territories retained as fractional transaction allocations,1.6,deterministic_hours_plus_legacy_normalized_workload
CAPCAL_c8707affcd33d351,REP_e7e9152643c7,Jessica Smith,MGR_31981a685b7e,Britanny Bold,TEAM_4f4a9410ffcd,Delta,TERR_49c0203db75f,Delta / Germany,1,1.0,TERR_49c0203db75f:1.00000000,2017-12-01,21,2.0,1.0,6.0,25.0,4.81388263242493,8.0,21,144.0,35.81388263242493,108.18611736757506,35.59128224206349,29.495132412999386,65.28333333333333,53.96626657473761,29.692051091269843,24.47113416173822,54.16318525300806,8.4053107272704,1.2374999999999998,79.37106341291995,73.36529431336132,73.36529431336132,0.4724468060292854,0.643964984330804,-0.17151817830151855,6.125,0.875,73.51351351351352,0.6487432773598097,4.960691463307497,0.8131573895917636,low,low,False,False,synthetic_derived,42,231,288,230,162,13,283.5,396.0,283.0,194.0,13.0,2018-06-01,"distinct_customers: weight=0.4, training_median=283.5; transaction_count: weight=0.25, training_median=396; distinct_cities: weight=0.15, training_median=283; distinct_products: weight=0.1, training_median=194; distributor_count: weight=0.1, training_median=13",2015-11-19,active,experienced,16,7,23.125,13.125,17.0,17.0,45.46502976190476,45.783482142857146,38.53497023809524,84,81,6.666666666666667,73.49172538233329,5.879338030586663,168.0,False,79.37106341291995,108.18611736757506,85.0,100.0,120.0,100.0,cadence_aligned_planned_visit_hours + cadence_aligned_planned_travel_hours + unplanned_required_coverage_hours + preparation_follow_up_buffer,cadence-aligned service attributed to servicing reps; uncovered obligations attributed to dynamic portfolio owners; observed excess retained as diagnostics; all served territories retained as fractional transaction allocations,1.6,deterministic_hours_plus_legacy_normalized_workload
CAPCAL_7d6c66da7837cf61,REP_0dfc420450a6,Abigail Thompson,MGR_eb86f856200b,Tracy Banks,TEAM_f144a6907dc4,Bravo,TERR_07a5ea4d7ed4,Bravo / Germany,2,0.5034965034965035,TERR_07a5ea4d7ed4:0.50349650|TERR_9efd649c43bb:0.49650350,2018-01-01,21,2.0,1.0,5.0,26.0,4.070657531031117,8.0,21,144.0,35.07065753103112,108.92934246896888,39.73554067460317,32.44491480342777,64.75,51.873408718683386,25.014459325396825,19.428493915255615,44.44295324065244,45.1738835776977,6.126134408791794,126.74268618018694,116.35311781698546,116.35311781698546,0.7544207510725413,0.6483889432676719,0.10603180780486932,38.75,5.375,74.05857740585773,0.6229779629665542,1.1021103146103213,1.3282333157249677,high,high,True,True,synthetic_derived,42,373,572,373,218,17,283.5,396.0,283.0,194.0,13.0,2018-06-01,"distinct_customers: weight=0.4, training_median=283.5; transaction_count: weight=0.25, training_median=396; distinct_cities: weight=0.15, training_median=283; distinct_products: weight=0.1, training_median=194; distributor_count: weight=0.1, training_median=13",2015-02-18,active,experienced,115,41,149.375,76.875,114.875,110.625,52.080357142857146,47.52827380952381,31.919642857142858,84,73,6.991869918699186,117.35433905572864,9.388347124458292,168.0,False,126.74268618018694,108.92934246896888,85.0,100.0,120.0,100.0,cadence_aligned_planned_visit_hours + cadence_aligned_planned_travel_hours + unplanned_required_coverage_hours + preparation_follow_up_buffer,cadence-aligned service attributed to servicing reps; uncovered obligations attributed to dynamic portfolio owners; observed excess retained as diagnostics; all served territories retained as fractional transaction allocations,1.6,deterministic_hours_plus_legacy_normalized_workload
CAPCAL_beaa0f09c6dd78f7,REP_200ef690040c,Mary Gerrard,MGR_31981a685b7e,Britanny Bold,TEAM_4f4a9410ffcd,Delta,TERR_49c0203db75f,Delta / Germany,2,0.5174825174825175,TERR_3170779e5944:0.48251748|TERR_49c0203db75f:0.51748252,2018-01-01,21,0.0,2.0,10.0,21.0,5.2360258218616265,8.0,21,152.0,36.236025821861624,115.76397417813837,40.21954365079365,32.71822586909244,66.46666666666667,53.277690100868654,26.247123015873015,20.55946423177621,46.806587247649226,53.82687773873206,8.746544459801136,136.90581903930763,118.26288792455937,118.26288792455937,0.8149155895196882,0.6890712748698713,0.12584431464981694,41.5,7.125,66.12244897959184,0.6381264775513023,1.3828870610031074,1.34066829285947,high,high,True,True,synthetic_derived,42,381,572,381,212,17,283.5,396.0,283.0,194.0,13.0,2018-06-01,"distinct_customers: weight=0.4, training_median=283.5; transaction_count: weight=0.25, training_median=396; distinct_cities: weight=0.15, training_median=283; distinct_products: weight=0.1, training_median=194; distributor_count: weight=0.1, training_median=13",2015-01-06,active,experienced,99,26,122.5,48.75,81.875,81.0,51.27232142857143,51.282738095238095,32.72767857142857,84,80,14.615384615384617,126.76464725861817,10.141171780689454,168.0,False,136.90581903930763,115.76397417813837,85.0,100.0,120.0,100.0,cadence_aligned_planned_visit_hours + cadence_aligned_planned_travel_hours + unplanned_required_coverage_hours + preparation_follow_up_buffer,cadence-aligned service attributed to servicing reps; uncovered obligations attributed to dynamic portfolio owners; observed excess retained as diagnostics; all served territories retained as fractional transaction allocations,1.6,deterministic_hours_plus_legacy_normalized_workload
CAPCAL_d2ffe731564a47ad,REP_2234ec3bee93,Daniel Gates,MGR_4b97498897f6,Alisha Cordwell,TEAM_b9dd960c1753,Charlie,TERR_938541fb7311,Charlie / Germany,2,0.5133214920071048,TERR_938541fb7311:0.51332149|TERR_b74f6941cd2d:0.48667851,2018-01-01,21,1.0,1.0,10.0,16.0,8.438143881468086,8.0,21,152.0,34.438143881468086,117.56185611853192,38.595436507936505,30.526205542084636,65.35,52.16036447310703,26.754563492063493,21.63415893102239,48.38872242308588,25.224750016547883,2.4749999999999996,101.89410343189455,86.67275832150835,86.67275832150835,0.6065125204279438,0.6997729530864996,-0.09326043265855577,21.625,1.75,75.10791366906476,0.6271549152918424,1.498442697527861,1.3332727043598234,medium,medium,False,False,synthetic_derived,42,378,563,377,221,17,283.5,396.0,283.0,194.0,13.0,2018-06-01,"distinct_customers: weight=0.4, training_median=283.5; transaction_count: weight=0.25, training_median=396; distinct_cities: weight=0.15, training_median=283; distinct_products: weight=0.1, training_median=194; distributor_count: weight=0.1, training_median=13",2012-10-27,active,senior,68,25,86.875,46.875,67.5,65.25,48.674107142857146,45.726190476190474,35.325892857142854,84,78,3.733333333333334,94.34639206656902,7.547711365325522,168.0,False,101.89410343189455,117.56185611853192,85.0,100.0,120.0,100.0,cadence_aligned_planned_visit_hours + cadence_aligned_planned_travel_hours + unplanned_required_coverage_hours + preparation_follow_up_buffer,cadence-aligned service attributed to servicing reps; uncovered obligations attributed to dynamic portfolio owners; observed excess retained as diagnostics; all served territories retained as fractional transaction allocations,1.6,deterministic_hours_plus_legacy_normalized_workload
CAPCAL_2e35b2010864107f,REP_56269a9759c4,Anne Wu,MGR_31981a685b7e,Britanny Bold,TEAM_4f4a9410ffcd,Delta,TERR_3170779e5944,Delta / Poland,2,0.5167224080267558,TERR_3170779e5944:0.51672241|TERR_49c0203db75f:0.48327759,2018-01-01,21,0.0,1.0,11.0,18.0,7.696080425440451,8.0,21,160.0,36.69608042544045,123.30391957455956,38.3922371031746,31.98770308875821,64.18333333333334,52.46066804521961,25.79109623015873,20.472964956461407,46.26406118662014,32.924461679074874,3.7124999999999995,111.5687540206883,90.48273112942267,90.48273112942267,0.6640997263136208,0.7339519022295212,-0.06985217591590043,26.875,2.625,68.61313868613139,0.6338494522939733,1.4303686412908756,1.337591498954473,medium,medium,False,False,synthetic_derived,42,372,598,372,223,16,283.5,396.0,283.0,194.0,13.0,2018-06-01,"distinct_customers: weight=0.4, training_median=283.5; transaction_count: weight=0.25, training_median=396; distinct_cities: weight=0.15, training_median=283; distinct_products: weight=0.1, training_median=194; distributor_count: weight=0.1, training_median=13",2015-04-14,active,experienced,78,15,85.625,28.125,60.25,58.75,50.46577380952381,48.882440476190474,33.53422619047619,84,79,9.333333333333334,103.30440187100768,8.264352149680615,168.0,False,111.5687540206883,123.30391957455956,85.0,100.0,120.0,100.0,cadence_aligned_planned_visit_hours + cadence_aligned_planned_travel_hours + unplanned_required_coverage_hours + preparation_follow_up_buffer,cadence-aligned service attributed to servicing reps; uncovered obligations attributed to dynamic portfolio owners; observed excess retained as diagnostics; all served territories retained as fractional transaction allocations,1.6,deterministic_hours_plus_legacy_normalized_workload
CAPCAL_9cd6eaacf36b2e74,REP_6003efb01f5e,Sheila Stones,MGR_31981a685b7e,Britanny Bold,TEAM_4f4a9410ffcd,Delta,TERR_49c0203db75f,Delta / Germany,2,0.5555555555555556,TERR_3170779e5944:0.44444444|TERR_49c0203db75f:0.55555556,2018-01-01,21,2.0,1.0,6.0,24.0,6.940666320815252,8.0,21,144.0,36.940666320815254,107.05933367918475,40.4140376984127,31.7002800441535,65.16666666666667,51.219065602401365,24.75262896825397,19.518785558247863,44.27141452650183,29.090860053923866,2.302890932569894,109.30159202020927,102.09440715159286,102.09440715159286,0.6506047144060075,0.6372579385665759,0.013346775839431668,22.75,1.75,69.91735537190083,0.609167520436693,1.7349459050826868,1.326896834558213,high,high,True,True,synthetic_derived,42,375,567,375,214,17,283.5,396.0,283.0,194.0,13.0,2018-06-01,"distinct_customers: weight=0.4, training_median=283.5; transaction_count: weight=0.25, training_median=396; distinct_cities: weight=0.15, training_median=283; distinct_products: weight=0.1, training_median=194; distributor_count: weight=0.1, training_median=13",2014-08-03,active,experienced,63,14,75.625,26.25,53.375,52.875,52.038690476190474,53.601190476190474,31.961309523809522,84,81,6.666666666666667,101.20517779649006,8.096414223719204,168.0,False,109.30159202020927,107.05933367918475,85.0,100.0,120.0,100.0,cadence_aligned_planned_visit_hours + cadence_aligned_planned_travel_hours + unplanned_required_coverage_hours + preparation_follow_up_buffer,cadence-aligned service attributed to servicing reps; uncovered obligations attributed to dynamic portfolio owners; observed excess retained as diagnostics; all served territories retained as fractional transaction allocations,1.6,deterministic_hours_plus_legacy_normalized_workload
CAPCAL_d3a4bde8413da68d,REP_6daf09991b71,Jimmy Grey,MGR_4b97498897f6,Alisha Cordwell,TEAM_b9dd960c1753,Charlie,TERR_938541fb7311,Charlie / Germany,2,0.5248713550600344,TERR_938541fb7311:0.52487136|TERR_b74f6941cd2d:0.47512864,2018-01-01,21,1.0,2.0,12.0,18.0,7.169646924869861,8.0,21,144.0,37.16964692486986,106.83035307513015,37.66639384920635,27.849754715615326,65.51666666666667,48.55303151089301,27.85027281746032,20.70327679527768,48.553549612737996,29.944156007685656,9.828876673796277,103.09712893830793,96.50546494571934,96.50546494571934,0.6136733865375472,0.6358949587805366,-0.022221572242989374,25.125,9.0,66.77685950413223,0.5794307925599399,1.6628569183598054,1.3609258351263804,medium,medium,False,False,synthetic_derived,42,386,583,386,219,17,283.5,396.0,283.0,194.0,13.0,2018-06-01,"distinct_customers: weight=0.4, training_median=283.5; transaction_count: weight=0.25, training_median=396; distinct_cities: weight=0.15, training_median=283; distinct_products: weight=0.1, training_median=194; distributor_count: weight=0.1, training_median=13",2012-08-25,active,senior,62,18,75.625,33.75,52.625,50.5,48.063988095238095,46.54315476190476,35.936011904761905,84,77,26.666666666666668,95.46030457250734,7.636824365800587,168.0,False,103.09712893830793,106.83035307513015,85.0,100.0,120.0,100.0,cadence_aligned_planned_visit_hours + cadence_aligned_planned_travel_hours + unplanned_required_coverage_hours + preparation_follow_up_buffer,cadence-aligned service attributed to servicing reps; uncovered obligations attributed to dynamic portfolio owners; observed excess retained as diagnostics; all served territories retained as fractional transaction allocations,1.6,deterministic_hours_plus_legacy_normalized_workload
CAPCAL_c8d6c0f332403889,REP_82f7cb811b80,Stella Given,MGR_4b97498897f6,Alisha Cordwell,TEAM_b9dd960c1753,Charlie,TERR_938541fb7311,Charlie / Germany,2,0.5086505190311419,TERR_938541fb7311:0.50865052|TERR_b74f6941cd2d:0.49134948,2018-01-01,21,0.0,0.0,6.0,19.0,4.422104873883441,8.0,21,168.0,29.42210487388344,138.57789512611657,43.12291666666667,33.031767461223104,67.4,50.8441213870081,24.277083333333334,17.812353925785,42.089437259118334,30.549196221702683,3.692436534913773,115.24019077755985,83.15914357963251,83.15914357963251,0.6859535165330943,0.8248684233697415,-0.1389149068366472,24.875,2.75,65.08771929824562,0.6132711074441753,1.9206698462926641,1.35693079985243,low,low,False,False,synthetic_derived,42,389,578,389,221,16,283.5,396.0,283.0,194.0,13.0,2018-06-01,"distinct_customers: weight=0.4, training_median=283.5; transaction_count: weight=0.25, training_median=396; distinct_cities: weight=0.15, training_median=283; distinct_products: weight=0.1, training_median=194; distributor_count: weight=0.1, training_median=13",2013-04-26,active,senior,60,15,71.25,28.125,47.375,46.375,53.861607142857146,51.18452380952381,30.138392857142858,84,76,9.777777777777779,106.70388034959245,8.536310427967397,168.0,False,115.24019077755985,138.57789512611657,85.0,100.0,120.0,100.0,cadence_aligned_planned_visit_hours + cadence_aligned_planned_travel_hours + unplanned_required_coverage_hours + preparation_follow_up_buffer,cadence-aligned service attributed to servicing reps; uncovered obligations attributed to dynamic portfolio owners; observed excess retained as diagnostics; all served territories retained as fractional transaction allocations,1.6,deterministic_hours_plus_legacy_normalized_workload
CAPCAL_a9625af479eb87b6,REP_a132178ac1b8,Alan Ray,MGR_5e1c70ff0ce6,James Goodwill,TEAM_a405eba78bf2,Alfa,TERR_b31415d90eb9,Alfa / Germany,2,0.519434628975265,TERR_6090deb666aa:0.48056537|TERR_b31415d90eb9:0.51943463,2018-01-01,21,2.0,1.0,9.0,23.0,4.433778202817679,8.0,21,144.0,36.43377820281768,107.56622179718232,36.72214781746032,30.160231023399067,64.05,51.572237344711134,27.327852182539683,21.412006321312067,48.73985850385175,13.107840716166393,0.0,86.38943712158785,80.31279306665283,80.31279306665283,0.5142228400094515,0.6402751297451329,-0.1260522897356814,11.25,0.0,75.67567567567568,0.6191438902619267,2.159735928039696,1.3356966790894518,low,low,False,False,synthetic_derived,42,378,566,378,221,17,283.5,396.0,283.0,194.0,13.0,2018-06-01,"distinct_customers: weight=0.4, training_median=283.5; transaction_count: weight=0.25, training_median=396; distinct_cities: weight=0.15, training_median=283; distinct_products: weight=0.1, training_median=194; distributor_count: weight=0.1, training_median=13",2012-12-18,active,senior,40,9,46.25,16.875,36.0,35.0,48.71279761904762,47.660714285714285,35.28720238095238,84,80,0.0,79.99021955702578,6.399217564562063,168.0,False,86.38943712158785,107.56622179718232,85.0,100.0,120.0,100.0,cadence_aligned_planned_visit_hours + cadence_aligned_planned_travel_hours + unplanned_required_coverage_hours + preparation_follow_up_buffer,cadence-aligned service attributed to servicing reps; uncovered obligations attributed to dynamic portfolio owners; observed excess retained as diagnostics; all served territories retained as fractional transaction allocations,1.6,deterministic_hours_plus_legacy_normalized_workload
CAPCAL_9b6c0bba8fa3b424,REP_bba68d031906,Steve Pepple,MGR_eb86f856200b,Tracy Banks,TEAM_f144a6907dc4,Bravo,TERR_07a5ea4d7ed4,Bravo / Germany,2,0.5037174721189591,TERR_07a5ea4d7ed4:0.50371747|TERR_9efd649c43bb:0.49628253,2018-01-01,21,0.0,1.0,5.0,19.0,7.420620661213111,8.0,21,160.0,31.42062066121311,128.57937933878688,37.200496031746034,29.53889019570464,64.3,50.52999085784873,27.09950396825397,20.991100662144092,48.09060463039806,16.616959767504085,5.0340444598011365,90.02485367455112,70.01500095699598,70.01500095699598,0.5358622242532805,0.76535344844516,-0.2294912241918795,13.0,3.625,72.98701298701299,0.6152981684235925,2.4331041533662465,1.2675546893337988,low,low,False,False,synthetic_derived,42,352,538,352,221,17,283.5,396.0,283.0,194.0,13.0,2018-06-01,"distinct_customers: weight=0.4, training_median=283.5; transaction_count: weight=0.25, training_median=396; distinct_cities: weight=0.15, training_median=283; distinct_products: weight=0.1, training_median=194; distributor_count: weight=0.1, training_median=13",2016-09-24,active,experienced,37,15,48.125,28.125,35.375,35.125,48.007440476190474,46.080357142857146,35.992559523809526,84,77,12.88888888888889,83.35634599495475,6.66850767959638,168.0,False,90.02485367455112,128.57937933878688,85.0,100.0,120.0,100.0,cadence_aligned_planned_visit_hours + cadence_aligned_planned_travel_hours + unplanned_required_coverage_hours + preparation_follow_up_buffer,cadence-aligned service attributed to servicing reps; uncovered obligations attributed to dynamic portfolio owners; observed excess retained as diagnostics; all served territories retained as fractional transaction allocations,1.6,deterministic_hours_plus_legacy_normalized_workload
CAPCAL_eb8c0452386b4fce,REP_c56e2fba156a,Thompson Crawford,MGR_5e1c70ff0ce6,James Goodwill,TEAM_a405eba78bf2,Alfa,TERR_b31415d90eb9,Alfa / Germany,2,0.5210526315789473,TERR_6090deb666aa:0.47894737|TERR_b31415d90eb9:0.52105263,2018-01-01,21,0.0,1.0,12.0,17.0,4.022818101989451,8.0,21,160.0,33.02281810198945,126.97718189801054,39.96951884920635,32.922110103369874,65.03333333333333,52.637699880395694,25.063814484126986,19.715589777025816,44.7794042611528,14.726495083529684,1.2374999999999998,94.62757395899439,74.52329036172837,74.52329036172837,0.563259368803538,0.7558165589167294,-0.1925571901131914,11.375,0.875,68.0701754385965,0.6364139455589148,3.052502385774013,1.3537496922543613,low,low,False,False,synthetic_derived,42,386,570,386,221,17,283.5,396.0,283.0,194.0,13.0,2018-06-01,"distinct_customers: weight=0.4, training_median=283.5; transaction_count: weight=0.25, training_median=396; distinct_cities: weight=0.15, training_median=283; distinct_products: weight=0.1, training_median=194; distributor_count: weight=0.1, training_median=13",2014-02-24,active,senior,31,6,35.625,11.25,24.5,24.25,51.73065476190476,47.626488095238095,32.26934523809524,84,77,7.777777777777778,87.61812403610591,7.009449922888473,168.0,False,94.62757395899439,126.97718189801054,85.0,100.0,120.0,100.0,cadence_aligned_planned_visit_hours + cadence_aligned_planned_travel_hours + unplanned_required_coverage_hours + preparation_follow_up_buffer,cadence-aligned service attributed to servicing reps; uncovered obligations attributed to dynamic portfolio owners; observed excess retained as diagnostics; all served territories retained as fractional transaction allocations,1.6,deterministic_hours_plus_legacy_normalized_workload
CAPCAL_bfdd5bada4a3bc88,REP_d21d2dd167c5,Morris Garcia,MGR_eb86f856200b,Tracy Banks,TEAM_f144a6907dc4,Bravo,TERR_07a5ea4d7ed4,Bravo / Germany,2,0.5190972222222222,TERR_07a5ea4d7ed4:0.51909722|TERR_9efd649c43bb:0.48090278,2018-01-01,21,2.0,2.0,6.0,24.0,6.263570018386272,8.0,21,136.0,36.263570018386275,99.73642998161372,41.236309523809524,32.78317886540268,68.05,53.11477309342301,26.813690476190477,20.331594228020332,47.14528470421081,21.551325990735332,3.7124999999999995,103.21647953034334,103.4892461554631,103.4892461554631,0.6143838067282341,0.5936692260810341,0.020714580647199998,16.875,2.625,64.47368421052632,0.6432391076396567,2.6465763982139316,1.3429768538568463,high,high,True,True,synthetic_derived,42,383,576,382,220,16,283.5,396.0,283.0,194.0,13.0,2018-06-01,"distinct_customers: weight=0.4, training_median=283.5; transaction_count: weight=0.25, training_median=396; distinct_cities: weight=0.15, training_median=283; distinct_products: weight=0.1, training_median=194; distributor_count: weight=0.1, training_median=13",2014-01-05,active,senior,39,12,47.5,22.5,30.875,30.625,50.96577380952381,51.52827380952381,33.03422619047619,84,80,11.666666666666666,95.57081437994754,7.645665150395803,168.0,False,103.21647953034334,99.73642998161372,85.0,100.0,120.0,100.0,cadence_aligned_planned_visit_hours + cadence_aligned_planned_travel_hours + unplanned_required_coverage_hours + preparation_follow_up_buffer,cadence-aligned service attributed to servicing reps; uncovered obligations attributed to dynamic portfolio owners; observed excess retained as diagnostics; all served territories retained as fractional transaction allocations,1.6,deterministic_hours_plus_legacy_normalized_workload
CAPCAL_fb49707a7690067c,REP_db1cc40d477a,Erica Jones,MGR_5e1c70ff0ce6,James Goodwill,TEAM_a405eba78bf2,Alfa,TERR_b31415d90eb9,Alfa / Germany,2,0.5301204819277109,TERR_6090deb666aa:0.46987952|TERR_b31415d90eb9:0.53012048,2018-01-01,21,1.0,0.0,11.0,24.0,7.5164849813494214,8.0,21,160.0,42.51648498134942,117.48351501865058,37.57266865079365,30.420000187734043,63.25,51.67751627494417,25.677331349206348,21.25751608721012,46.93484743641647,18.415232817008715,3.390146832675724,93.32053378797931,79.4328751341536,79.4328751341536,0.5554793677855911,0.6993066370157772,-0.14382726923018607,14.25,2.625,66.95652173913044,0.6153964755902606,2.5221765888643057,1.36017867278128,low,low,False,False,synthetic_derived,42,386,581,386,220,17,283.5,396.0,283.0,194.0,13.0,2018-06-01,"distinct_customers: weight=0.4, training_median=283.5; transaction_count: weight=0.25, training_median=396; distinct_cities: weight=0.15, training_median=283; distinct_products: weight=0.1, training_median=194; distributor_count: weight=0.1, training_median=13",2013-02-07,active,senior,37,8,43.125,15.0,28.875,28.875,49.43154761904762,50.285714285714285,34.56845238095238,84,80,17.5,86.4079016555364,6.912632132442913,168.0,False,93.32053378797931,117.48351501865058,85.0,100.0,120.0,100.0,cadence_aligned_planned_visit_hours + cadence_aligned_planned_travel_hours + unplanned_required_coverage_hours + preparation_follow_up_buffer,cadence-aligned service attributed to servicing reps; uncovered obligations attributed to dynamic portfolio owners; observed excess retained as diagnostics; all served territories retained as fractional transaction allocations,1.6,deterministic_hours_plus_legacy_normalized_workload
CAPCAL_a2290b0ab891618d,REP_e7e9152643c7,Jessica Smith,MGR_31981a685b7e,Britanny Bold,TEAM_4f4a9410ffcd,Delta,TERR_49c0203db75f,Delta / Germany,2,0.536723163841808,TERR_3170779e5944:0.46327684|TERR_49c0203db75f:0.53672316,2018-01-01,21,2.0,1.0,6.0,25.0,6.879804481609205,8.0,21,144.0,37.879804481609206,106.1201955183908,34.61393849206349,29.170743933336617,57.7,48.26169786254179,23.08606150793651,19.09095392920517,42.17701543714168,7.721974276517398,1.1560179076607056,77.2271892380709,72.77331978217785,72.77331978217785,0.45968565022661256,0.6316678304666119,-0.17198218023999934,7.5,0.875,70.73170731707317,0.6084217363419786,3.5103267835486776,1.2678635954386381,low,low,False,False,synthetic_derived,42,360,531,359,216,16,283.5,396.0,283.0,194.0,13.0,2018-06-01,"distinct_customers: weight=0.4, training_median=283.5; transaction_count: weight=0.25, training_median=396; distinct_cities: weight=0.15, training_median=283; distinct_products: weight=0.1, training_median=194; distributor_count: weight=0.1, training_median=13",2015-11-19,active,experienced,22,5,25.625,9.375,19.75,18.125,47.944940476190474,49.444940476190474,33.055059523809526,81,80,9.333333333333334,71.5066567019175,5.7205325361534,168.0,False,77.2271892380709,106.1201955183908,85.0,100.0,120.0,100.0,cadence_aligned_planned_visit_hours + cadence_aligned_planned_travel_hours + unplanned_required_coverage_hours + preparation_follow_up_buffer,cadence-aligned service attributed to servicing reps; uncovered obligations attributed to dynamic portfolio owners; observed excess retained as diagnostics; all served territories retained as fractional transaction allocations,1.6,deterministic_hours_plus_legacy_normalized_workload
CAPCAL_0ae6354508d10a3e,REP_0dfc420450a6,Abigail Thompson,MGR_eb86f856200b,Tracy Banks,TEAM_f144a6907dc4,Bravo,TERR_07a5ea4d7ed4,Bravo / Germany,2,0.6047619047619047,TERR_07a5ea4d7ed4:0.60476190|TERR_9efd649c43bb:0.39523810,2018-02-01,21,2.0,0.0,5.0,26.0,4.369530544467818,8.0,21,152.0,35.36953054446782,116.63046945553218,36.58933531746032,30.05800756232592,64.5,51.89421783485734,27.910664682539682,21.836210272531424,49.74687495507111,57.790145113494205,3.3710106328697966,134.39248703274288,115.22931156852013,115.22931156852013,0.7999552799568028,0.6942289848543582,0.10572629510244458,48.25,3.625,66.86695278969957,0.629840382971095,1.178881465199499,1.449342118614337,high,high,True,True,synthetic_derived,42,416,630,416,220,17,283.5,396.0,283.0,194.0,13.0,2018-06-01,"distinct_customers: weight=0.4, training_median=283.5; transaction_count: weight=0.25, training_median=396; distinct_cities: weight=0.15, training_median=283; distinct_products: weight=0.1, training_median=194; distributor_count: weight=0.1, training_median=13",2015-02-18,active,experienced,114,34,145.625,63.75,101.375,97.375,47.723214285714285,46.88988095238095,36.276785714285715,84,79,5.686274509803922,124.43748799328044,9.954999039462436,168.0,False,134.39248703274288,116.63046945553218,85.0,100.0,120.0,100.0,cadence_aligned_planned_visit_hours + cadence_aligned_planned_travel_hours + unplanned_required_coverage_hours + preparation_follow_up_buffer,cadence-aligned service attributed to servicing reps; uncovered obligations attributed to dynamic portfolio owners; observed excess retained as diagnostics; all served territories retained as fractional transaction allocations,1.6,deterministic_hours_plus_legacy_normalized_workload
CAPCAL_4b69123038971c1d,REP_200ef690040c,Mary Gerrard,MGR_31981a685b7e,Britanny Bold,TEAM_4f4a9410ffcd,Delta,TERR_49c0203db75f,Delta / Germany,2,0.5609348914858097,TERR_3170779e5944:0.43906511|TERR_49c0203db75f:0.56093489,2018-02-01,21,0.0,0.0,10.0,21.0,8.96787669714569,8.0,21,168.0,39.96787669714569,128.0321233028543,38.41527777777778,29.536288241916875,66.98333333333333,50.51624865838266,28.568055555555556,20.979960416465783,49.54801597202134,51.04065916755916,4.949999999999999,128.5116032022341,100.37449968571217,100.37449968571217,0.7649500190609173,0.7620959720407994,0.0028540470201179335,40.375,4.375,65.63829787234042,0.6119623141939983,1.3527537179182538,1.3832451308340166,high,high,True,True,synthetic_derived,42,396,599,395,221,16,283.5,396.0,283.0,194.0,13.0,2018-06-01,"distinct_customers: weight=0.4, training_median=283.5; transaction_count: weight=0.25, training_median=396; distinct_cities: weight=0.15, training_median=283; distinct_products: weight=0.1, training_median=194; distributor_count: weight=0.1, training_median=13",2015-01-06,active,experienced,95,28,117.5,52.5,78.25,77.125,48.26488095238095,48.441964285714285,35.73511904761905,84,80,8.333333333333332,118.99222518725381,9.519378014980305,168.0,False,128.5116032022341,128.0321233028543,85.0,100.0,120.0,100.0,cadence_aligned_planned_visit_hours + cadence_aligned_planned_travel_hours + unplanned_required_coverage_hours + preparation_follow_up_buffer,cadence-aligned service attributed to servicing reps; uncovered obligations attributed to dynamic portfolio owners; observed excess retained as diagnostics; all served territories retained as fractional transaction allocations,1.6,deterministic_hours_plus_legacy_normalized_workload
CAPCAL_e856e5a68684dae0,REP_2234ec3bee93,Daniel Gates,MGR_4b97498897f6,Alisha Cordwell,TEAM_b9dd960c1753,Charlie,TERR_938541fb7311,Charlie / Germany,2,0.5854838709677419,TERR_938541fb7311:0.58548387|TERR_b74f6941cd2d:0.41451613,2018-02-01,21,1.0,1.0,10.0,16.0,7.48882014566083,8.0,21,152.0,33.48882014566083,118.51117985433916,36.528819444444444,29.16434945475469,66.96666666666667,52.49657670877372,30.43784722222222,23.33222725401904,53.77007447624126,37.68882161693911,2.4398608051995563,111.65254975742931,94.21267250453525,94.21267250453525,0.6645985104608888,0.7054236896091617,-0.04082517914827288,29.75,2.625,72.32558139534883,0.6386145796081707,1.3452114428605941,1.4489727831312231,medium,medium,False,False,synthetic_derived,42,418,620,418,224,17,283.5,396.0,283.0,194.0,13.0,2018-06-01,"distinct_customers: weight=0.4, training_median=283.5; transaction_count: weight=0.25, training_median=396; distinct_cities: weight=0.15, training_median=283; distinct_products: weight=0.1, training_median=194; distributor_count: weight=0.1, training_median=13",2012-10-27,active,senior,83,31,107.5,58.125,78.625,77.75,45.66815476190476,45.723214285714285,38.33184523809524,84,78,4.516129032258064,103.38199051613825,8.27055924129106,168.0,False,111.65254975742931,118.51117985433916,85.0,100.0,120.0,100.0,cadence_aligned_planned_visit_hours + cadence_aligned_planned_travel_hours + unplanned_required_coverage_hours + preparation_follow_up_buffer,cadence-aligned service attributed to servicing reps; uncovered obligations attributed to dynamic portfolio owners; observed excess retained as diagnostics; all served territories retained as fractional transaction allocations,1.6,deterministic_hours_plus_legacy_normalized_workload
CAPCAL_3c738aea125bc2a4,REP_56269a9759c4,Anne Wu,MGR_31981a685b7e,Britanny Bold,TEAM_4f4a9410ffcd,Delta,TERR_49c0203db75f,Delta / Germany,2,0.5858085808580858,TERR_3170779e5944:0.41419142|TERR_49c0203db75f:0.58580858,2018-02-01,21,0.0,2.0,11.0,18.0,5.536628960949234,8.0,21,152.0,34.53662896094924,117.46337103905077,40.11215277777778,30.946037977982677,65.83333333333333,50.101362352974725,25.721180555555556,19.155324374992052,44.876504930547604,34.51561923288915,6.196929837178724,114.01971478774156,97.06831481095126,97.06831481095126,0.6786887784984617,0.6991867323753022,-0.020497953876840502,27.375,4.5,67.55555555555556,0.6012587828144782,1.5408069565911022,1.4143717529177076,medium,medium,False,False,synthetic_derived,42,405,606,404,224,17,283.5,396.0,283.0,194.0,13.0,2018-06-01,"distinct_customers: weight=0.4, training_median=283.5; transaction_count: weight=0.25, training_median=396; distinct_cities: weight=0.15, training_median=283; distinct_products: weight=0.1, training_median=194; distributor_count: weight=0.1, training_median=13",2015-04-14,active,experienced,74,14,84.375,26.25,57.5,57.0,51.46875,51.052083333333336,32.53125,84,79,17.142857142857142,105.5738099886496,8.445904799091968,168.0,False,114.01971478774156,117.46337103905077,85.0,100.0,120.0,100.0,cadence_aligned_planned_visit_hours + cadence_aligned_planned_travel_hours + unplanned_required_coverage_hours + preparation_follow_up_buffer,cadence-aligned service attributed to servicing reps; uncovered obligations attributed to dynamic portfolio owners; observed excess retained as diagnostics; all served territories retained as fractional transaction allocations,1.6,deterministic_hours_plus_legacy_normalized_workload
CAPCAL_4948c28097d0c4fc,REP_6003efb01f5e,Sheila Stones,MGR_31981a685b7e,Britanny Bold,TEAM_4f4a9410ffcd,Delta,TERR_49c0203db75f,Delta / Germany,2,0.565008025682183,TERR_3170779e5944:0.43499197|TERR_49c0203db75f:0.56500803,2018-02-01,21,2.0,1.0,6.0,24.0,4.779314245869277,8.0,21,144.0,34.77931424586928,109.22068575413073,38.04050099206349,31.053361445724647,65.81666666666666,54.43391002808152,27.776165674603174,23.380548582356873,51.15671425696005,35.33155625637612,4.967377319143107,112.77945218969741,103.25832639760009,103.25832639760009,0.6713062630339132,0.6501231294888734,0.021183133545039756,29.875,4.5,61.760000000000005,0.6486745070415593,1.7901500347571018,1.4678199893272508,high,high,True,True,synthetic_derived,42,427,623,427,223,17,283.5,396.0,283.0,194.0,13.0,2018-06-01,"distinct_customers: weight=0.4, training_median=283.5; transaction_count: weight=0.25, training_median=396; distinct_cities: weight=0.15, training_median=283; distinct_products: weight=0.1, training_median=194; distributor_count: weight=0.1, training_median=13",2014-08-03,active,experienced,63,16,78.125,30.0,51.0,48.25,47.87202380952381,46.458333333333336,36.12797619047619,84,79,15.0,104.42541869416426,8.354033495533141,168.0,False,112.77945218969741,109.22068575413073,85.0,100.0,120.0,100.0,cadence_aligned_planned_visit_hours + cadence_aligned_planned_travel_hours + unplanned_required_coverage_hours + preparation_follow_up_buffer,cadence-aligned service attributed to servicing reps; uncovered obligations attributed to dynamic portfolio owners; observed excess retained as diagnostics; all served territories retained as fractional transaction allocations,1.6,deterministic_hours_plus_legacy_normalized_workload
CAPCAL_354d47e4d0842666,REP_6daf09991b71,Jimmy Grey,MGR_4b97498897f6,Alisha Cordwell,TEAM_b9dd960c1753,Charlie,TERR_938541fb7311,Charlie / Germany,2,0.519327731092437,TERR_938541fb7311:0.51932773|TERR_b74f6941cd2d:0.48067227,2018-02-01,21,1.0,0.0,12.0,18.0,8.07782379040134,8.0,21,160.0,38.07782379040134,121.92217620959866,37.54394841269841,30.732910433445145,64.31666666666666,51.85307858209096,26.772718253968254,21.120168148645813,47.89288640261407,22.717577570263074,0.0,98.27399132971917,80.60386911137032,80.60386911137032,0.5849642341054713,0.7257272393428492,-0.14076300523737795,20.375,0.875,68.3495145631068,0.6296882679210665,1.6378998554953195,1.3762654730219663,low,low,False,False,synthetic_derived,42,390,595,390,219,17,283.5,396.0,283.0,194.0,13.0,2018-06-01,"distinct_customers: weight=0.4, training_median=283.5; transaction_count: weight=0.25, training_median=396; distinct_cities: weight=0.15, training_median=283; distinct_products: weight=0.1, training_median=194; distributor_count: weight=0.1, training_median=13",2012-08-25,active,senior,60,9,64.375,16.875,46.125,44.0,48.80654761904762,46.194940476190474,35.19345238095238,84,77,5.185185185185185,90.99443641640663,7.279554913312531,168.0,False,98.27399132971917,121.92217620959866,85.0,100.0,120.0,100.0,cadence_aligned_planned_visit_hours + cadence_aligned_planned_travel_hours + unplanned_required_coverage_hours + preparation_follow_up_buffer,cadence-aligned service attributed to servicing reps; uncovered obligations attributed to dynamic portfolio owners; observed excess retained as diagnostics; all served territories retained as fractional transaction allocations,1.6,deterministic_hours_plus_legacy_normalized_workload
CAPCAL_04536ca910beffa0,REP_82f7cb811b80,Stella Given,MGR_4b97498897f6,Alisha Cordwell,TEAM_b9dd960c1753,Charlie,TERR_938541fb7311,Charlie / Germany,2,0.5699404761904762,TERR_938541fb7311:0.56994048|TERR_b74f6941cd2d:0.43005952,2018-02-01,21,0.0,1.0,6.0,19.0,4.193141682880128,8.0,21,160.0,29.19314168288013,130.80685831711986,37.26984126984127,27.428411376252132,68.6,50.31388065326738,31.33015873015873,22.88546927701525,54.21562800717398,21.28321276120808,5.982631099961472,92.8599826398856,70.9901482495373,70.9901482495373,0.5527379919040809,0.7786122518876182,-0.22587425998353727,18.25,5.375,76.64,0.6075913912460915,1.5476663773314268,1.4924013871860338,low,low,False,False,synthetic_derived,42,424,672,423,223,17,283.5,396.0,283.0,194.0,13.0,2018-06-01,"distinct_customers: weight=0.4, training_median=283.5; transaction_count: weight=0.25, training_median=396; distinct_cities: weight=0.15, training_median=283; distinct_products: weight=0.1, training_median=194; distributor_count: weight=0.1, training_median=13",2013-04-26,active,senior,60,26,78.125,48.75,61.375,59.875,45.142857142857146,43.46875,38.857142857142854,84,77,11.025641025641026,85.98146540730149,6.878517232584119,168.0,False,92.8599826398856,130.80685831711986,85.0,100.0,120.0,100.0,cadence_aligned_planned_visit_hours + cadence_aligned_planned_travel_hours + unplanned_required_coverage_hours + preparation_follow_up_buffer,cadence-aligned service attributed to servicing reps; uncovered obligations attributed to dynamic portfolio owners; observed excess retained as diagnostics; all served territories retained as fractional transaction allocations,1.6,deterministic_hours_plus_legacy_normalized_workload
CAPCAL_d7a7c6afc3c376d8,REP_a132178ac1b8,Alan Ray,MGR_5e1c70ff0ce6,James Goodwill,TEAM_a405eba78bf2,Alfa,TERR_b31415d90eb9,Alfa / Germany,2,0.543046357615894,TERR_6090deb666aa:0.45695364|TERR_b31415d90eb9:0.54304636,2018-02-01,21,2.0,0.0,9.0,23.0,5.741290777697361,8.0,21,152.0,37.74129077769736,114.25870922230264,38.72011408730159,31.21023011073988,64.15,50.927874774502435,25.429885912698413,19.717644663762556,45.147530576460966,21.093930401120833,2.559044459801137,98.30621656709528,86.03826984937308,86.03826984937308,0.5851560509946148,0.6801113644184681,-0.09495531342385333,17.75,1.875,47.40740740740741,0.616063759676219,2.8913593107969198,1.4066151253630763,medium,medium,False,False,synthetic_derived,42,408,604,408,214,16,283.5,396.0,283.0,194.0,13.0,2018-06-01,"distinct_customers: weight=0.4, training_median=283.5; transaction_count: weight=0.25, training_median=396; distinct_cities: weight=0.15, training_median=283; distinct_products: weight=0.1, training_median=194; distributor_count: weight=0.1, training_median=13",2012-12-18,active,senior,34,4,33.75,7.5,17.0,16.0,50.660714285714285,49.830357142857146,33.339285714285715,84,80,25.0,91.0242745991623,7.281941967932984,168.0,False,98.30621656709528,114.25870922230264,85.0,100.0,120.0,100.0,cadence_aligned_planned_visit_hours + cadence_aligned_planned_travel_hours + unplanned_required_coverage_hours + preparation_follow_up_buffer,cadence-aligned service attributed to servicing reps; uncovered obligations attributed to dynamic portfolio owners; observed excess retained as diagnostics; all served territories retained as fractional transaction allocations,1.6,deterministic_hours_plus_legacy_normalized_workload
CAPCAL_3a069d3763557edd,REP_bba68d031906,Steve Pepple,MGR_eb86f856200b,Tracy Banks,TEAM_f144a6907dc4,Bravo,TERR_07a5ea4d7ed4,Bravo / Germany,2,0.5483333333333333,TERR_07a5ea4d7ed4:0.54833333|TERR_9efd649c43bb:0.45166667,2018-02-01,21,0.0,0.0,5.0,19.0,7.217238981642295,8.0,21,168.0,31.217238981642296,136.7827610183577,38.98187003968254,31.913881513207723,66.73333333333333,52.47431141862062,27.751463293650794,20.560429905412903,48.3118931990637,17.983159080434195,2.4749999999999996,95.9892234839904,70.17640437241039,70.17640437241039,0.5713644254999428,0.8141831012997481,-0.24281867579980532,15.875,2.625,67.43589743589745,0.639114566005352,2.4612621406151383,1.4044525296082617,low,low,False,False,synthetic_derived,42,405,600,405,226,16,283.5,396.0,283.0,194.0,13.0,2018-06-01,"distinct_customers: weight=0.4, training_median=283.5; transaction_count: weight=0.25, training_median=396; distinct_cities: weight=0.15, training_median=283; distinct_products: weight=0.1, training_median=194; distributor_count: weight=0.1, training_median=13",2016-09-24,active,experienced,39,11,48.75,20.625,35.0,32.875,49.93452380952381,44.267857142857146,34.06547619047619,84,72,12.727272727272727,88.87891063332445,7.110312850665956,168.0,False,95.9892234839904,136.7827610183577,85.0,100.0,120.0,100.0,cadence_aligned_planned_visit_hours + cadence_aligned_planned_travel_hours + unplanned_required_coverage_hours + preparation_follow_up_buffer,cadence-aligned service attributed to servicing reps; uncovered obligations attributed to dynamic portfolio owners; observed excess retained as diagnostics; all served territories retained as fractional transaction allocations,1.6,deterministic_hours_plus_legacy_normalized_workload
CAPCAL_c3d894ba3cf3b7f7,REP_c56e2fba156a,Thompson Crawford,MGR_5e1c70ff0ce6,James Goodwill,TEAM_a405eba78bf2,Alfa,TERR_b31415d90eb9,Alfa / Germany,2,0.577922077922078,TERR_6090deb666aa:0.42207792|TERR_b31415d90eb9:0.57792208,2018-02-01,21,0.0,1.0,12.0,17.0,7.511807164479215,8.0,21,160.0,36.511807164479215,123.48819283552078,39.6797123015873,30.190698739473156,69.61666666666666,51.78190388720923,29.936954365079366,21.591205147736073,51.52815951281544,19.4522283874418,1.2374999999999998,96.46845058278245,78.11957432341157,78.11957432341157,0.5742169677546575,0.7350487668780998,-0.16083179912344236,15.0,0.875,68.83116883116884,0.6361317390313223,2.538643436389012,1.3911410131596404,low,low,False,False,synthetic_derived,42,394,616,394,222,16,283.5,396.0,283.0,194.0,13.0,2018-06-01,"distinct_customers: weight=0.4, training_median=283.5; transaction_count: weight=0.25, training_median=396; distinct_cities: weight=0.15, training_median=283; distinct_products: weight=0.1, training_median=194; distributor_count: weight=0.1, training_median=13",2014-02-24,active,senior,38,13,48.125,24.375,33.125,33.125,47.45982142857143,44.441964285714285,36.54017857142857,84,74,3.5897435897435894,89.32263942850227,7.145811154280182,168.0,False,96.46845058278245,123.48819283552078,85.0,100.0,120.0,100.0,cadence_aligned_planned_visit_hours + cadence_aligned_planned_travel_hours + unplanned_required_coverage_hours + preparation_follow_up_buffer,cadence-aligned service attributed to servicing reps; uncovered obligations attributed to dynamic portfolio owners; observed excess retained as diagnostics; all served territories retained as fractional transaction allocations,1.6,deterministic_hours_plus_legacy_normalized_workload
CAPCAL_b903e13d47deda6e,REP_d21d2dd167c5,Morris Garcia,MGR_eb86f856200b,Tracy Banks,TEAM_f144a6907dc4,Bravo,TERR_07a5ea4d7ed4,Bravo / Germany,2,0.532258064516129,TERR_07a5ea4d7ed4:0.53225806|TERR_9efd649c43bb:0.46774194,2018-02-01,21,2.0,1.0,6.0,24.0,4.131444744563922,8.0,21,144.0,34.13144474456392,109.86855525543608,36.06736111111111,29.25330352001033,66.85,52.49611003938195,30.78263888888889,23.242806519371623,54.02544540826051,17.861294467620006,1.2374999999999998,89.83651582664078,81.76726782087711,81.76726782087711,0.5347411656347665,0.6539794955680719,-0.11923832993330541,14.0,0.875,67.53623188405797,0.6357357210221506,2.5667575950468793,1.4189336182687975,low,low,False,False,synthetic_derived,42,402,620,401,227,17,283.5,396.0,283.0,194.0,13.0,2018-06-01,"distinct_customers: weight=0.4, training_median=283.5; transaction_count: weight=0.25, training_median=396; distinct_cities: weight=0.15, training_median=283; distinct_products: weight=0.1, training_median=194; distributor_count: weight=0.1, training_median=13",2014-01-05,active,senior,35,11,43.125,20.625,29.125,29.125,46.014880952380956,45.726190476190474,37.985119047619044,84,80,4.242424242424243,83.18195909874146,6.654556727899317,168.0,False,89.83651582664078,109.86855525543608,85.0,100.0,120.0,100.0,cadence_aligned_planned_visit_hours + cadence_aligned_planned_travel_hours + unplanned_required_coverage_hours + preparation_follow_up_buffer,cadence-aligned service attributed to servicing reps; uncovered obligations attributed to dynamic portfolio owners; observed excess retained as diagnostics; all served territories retained as fractional transaction allocations,1.6,deterministic_hours_plus_legacy_normalized_workload
CAPCAL_1fe2728164c12435,REP_db1cc40d477a,Erica Jones,MGR_5e1c70ff0ce6,James Goodwill,TEAM_a405eba78bf2,Alfa,TERR_b31415d90eb9,Alfa / Germany,2,0.5977564102564102,TERR_6090deb666aa:0.40224359|TERR_b31415d90eb9:0.59775641,2018-02-01,21,1.0,1.0,11.0,24.0,5.426918060558139,8.0,21,152.0,40.42691806055814,111.57308193944186,36.325967261904765,29.44211960392039,64.88333333333334,51.36071274048365,28.55736607142857,21.918593136563256,50.47595920799183,21.978631277608645,5.00050920633095,94.7664555949085,84.93666567922232,84.93666567922232,0.5640860452077887,0.664125487734773,-0.10003944252698427,17.875,3.75,51.52542372881356,0.6182458713153709,3.0569824385454356,1.4464642820713638,low,low,False,False,synthetic_derived,42,417,624,417,218,17,283.5,396.0,283.0,194.0,13.0,2018-06-01,"distinct_customers: weight=0.4, training_median=283.5; transaction_count: weight=0.25, training_median=396; distinct_cities: weight=0.15, training_median=283; distinct_products: weight=0.1, training_median=194; distributor_count: weight=0.1, training_median=13",2013-02-07,active,senior,31,8,36.875,15.0,20.0,19.0,47.62202380952381,46.71577380952381,36.37797619047619,84,80,25.0,87.7467181434338,7.019737451474704,168.0,False,94.7664555949085,111.57308193944186,85.0,100.0,120.0,100.0,cadence_aligned_planned_visit_hours + cadence_aligned_planned_travel_hours + unplanned_required_coverage_hours + preparation_follow_up_buffer,cadence-aligned service attributed to servicing reps; uncovered obligations attributed to dynamic portfolio owners; observed excess retained as diagnostics; all served territories retained as fractional transaction allocations,1.6,deterministic_hours_plus_legacy_normalized_workload
CAPCAL_b68a4e83af6624f8,REP_e7e9152643c7,Jessica Smith,MGR_31981a685b7e,Britanny Bold,TEAM_4f4a9410ffcd,Delta,TERR_49c0203db75f,Delta / Germany,2,0.5709728867623605,TERR_3170779e5944:0.42902711|TERR_49c0203db75f:0.57097289,2018-02-01,21,2.0,0.0,6.0,25.0,7.1406034092421695,8.0,21,152.0,38.14060340924217,113.85939659075783,34.82120535714286,30.021893022326612,61.68333333333334,52.77260201709881,26.862127976190475,22.750708994772204,49.612836970962675,13.7335023974272,1.0068527272885661,84.8627288390484,74.53291636883385,74.53291636883385,0.5051352907086214,0.6777345035164156,-0.17259921280779422,12.125,0.875,54.88372093023256,0.6305582781998276,3.394509153561936,1.4465235655573285,low,low,False,False,synthetic_derived,42,415,627,414,223,17,283.5,396.0,283.0,194.0,13.0,2018-06-01,"distinct_customers: weight=0.4, training_median=283.5; transaction_count: weight=0.25, training_median=396; distinct_cities: weight=0.15, training_median=283; distinct_products: weight=0.1, training_median=194; distributor_count: weight=0.1, training_median=13",2015-11-19,active,experienced,25,4,26.875,7.5,15.75,14.75,47.611607142857146,47.038690476190474,36.388392857142854,84,80,11.666666666666666,78.57660077689667,6.286128062151733,168.0,False,84.8627288390484,113.85939659075783,85.0,100.0,120.0,100.0,cadence_aligned_planned_visit_hours + cadence_aligned_planned_travel_hours + unplanned_required_coverage_hours + preparation_follow_up_buffer,cadence-aligned service attributed to servicing reps; uncovered obligations attributed to dynamic portfolio owners; observed excess retained as diagnostics; all served territories retained as fractional transaction allocations,1.6,deterministic_hours_plus_legacy_normalized_workload
CAPCAL_f8de8a85248958e5,REP_0dfc420450a6,Abigail Thompson,MGR_eb86f856200b,Tracy Banks,TEAM_f144a6907dc4,Bravo,TERR_07a5ea4d7ed4,Bravo / Germany,2,0.5716374269005848,TERR_07a5ea4d7ed4:0.57163743|TERR_9efd649c43bb:0.42836257,2018-03-01,21,2.0,2.0,5.0,26.0,4.134533540991363,8.0,21,136.0,35.13453354099136,100.86546645900864,38.48318452380953,30.11078030790024,68.61666666666666,53.098374195439895,30.133482142857144,22.987593887539656,53.1210760303968,71.63355780043408,4.931588351201526,151.44572444271537,150.1462589322009,150.1462589322009,0.9014626454923534,0.6003896813036229,0.30107296418873053,56.125,3.5,58.23255813953489,0.6425468980632231,1.3402276499355343,1.5746711033427974,critical,critical,True,True,synthetic_derived,42,449,684,448,229,20,283.5,396.0,283.0,194.0,13.0,2018-06-01,"distinct_customers: weight=0.4, training_median=283.5; transaction_count: weight=0.25, training_median=396; distinct_cities: weight=0.15, training_median=283; distinct_products: weight=0.1, training_median=194; distributor_count: weight=0.1, training_median=13",2015-02-18,active,experienced,113,30,134.375,56.25,79.875,78.25,46.861607142857146,46.53125,37.138392857142854,84,79,6.222222222222222,140.22752263214386,11.21820181057151,168.0,False,151.44572444271537,100.86546645900864,85.0,100.0,120.0,100.0,cadence_aligned_planned_visit_hours + cadence_aligned_planned_travel_hours + unplanned_required_coverage_hours + preparation_follow_up_buffer,cadence-aligned service attributed to servicing reps; uncovered obligations attributed to dynamic portfolio owners; observed excess retained as diagnostics; all served territories retained as fractional transaction allocations,1.6,deterministic_hours_plus_legacy_normalized_workload
CAPCAL_9759df91c36464ff,REP_200ef690040c,Mary Gerrard,MGR_31981a685b7e,Britanny Bold,TEAM_4f4a9410ffcd,Delta,TERR_49c0203db75f,Delta / Germany,2,0.5639880952380952,TERR_3170779e5944:0.43601190|TERR_49c0203db75f:0.56398810,2018-03-01,21,0.0,0.0,10.0,21.0,8.232964864795852,8.0,21,168.0,39.23296486479585,128.76703513520414,35.11026785714286,28.433953452330794,65.68333333333334,52.80366423837883,30.573065476190475,24.36971078604803,54.94277626223851,48.19282471146562,0.0,120.67600970261442,93.71653977736288,93.71653977736288,0.718309581563181,0.766470447233358,-0.04816086567017697,38.75,0.0,65.55555555555556,0.6344251517353839,1.2837873372618556,1.5096554000230857,medium,medium,False,False,synthetic_derived,42,421,672,420,223,20,283.5,396.0,283.0,194.0,13.0,2018-06-01,"distinct_customers: weight=0.4, training_median=283.5; transaction_count: weight=0.25, training_median=396; distinct_cities: weight=0.15, training_median=283; distinct_products: weight=0.1, training_median=194; distributor_count: weight=0.1, training_median=13",2015-01-06,active,experienced,94,24,112.5,45.0,74.75,73.75,44.81845238095238,44.125,39.18154761904762,84,79,0.0,111.73704602093927,8.938963681675142,168.0,False,120.67600970261442,128.76703513520414,85.0,100.0,120.0,100.0,cadence_aligned_planned_visit_hours + cadence_aligned_planned_travel_hours + unplanned_required_coverage_hours + preparation_follow_up_buffer,cadence-aligned service attributed to servicing reps; uncovered obligations attributed to dynamic portfolio owners; observed excess retained as diagnostics; all served territories retained as fractional transaction allocations,1.6,deterministic_hours_plus_legacy_normalized_workload
CAPCAL_02636fc24f4f2b59,REP_2234ec3bee93,Daniel Gates,MGR_4b97498897f6,Alisha Cordwell,TEAM_b9dd960c1753,Charlie,TERR_938541fb7311,Charlie / Germany,2,0.521044992743106,TERR_938541fb7311:0.52104499|TERR_b74f6941cd2d:0.47895501,2018-03-01,21,1.0,1.0,10.0,16.0,6.384349233204827,8.0,21,152.0,32.38434923320483,119.61565076679517,38.40260416666667,30.60662942474131,65.63333333333334,51.85604969555344,27.230729166666666,21.249420270812127,48.480149437478794,44.10706855755609,2.4749999999999996,122.1656063208812,102.13179089670922,102.13179089670922,0.7271762281004833,0.7119979212309236,0.015178306869559677,35.25,1.75,68.66666666666667,0.6210603307493481,1.3278870252269694,1.5104953241640733,high,high,True,True,synthetic_derived,42,418,689,418,229,19,283.5,396.0,283.0,194.0,13.0,2018-06-01,"distinct_customers: weight=0.4, training_median=283.5; transaction_count: weight=0.25, training_median=396; distinct_cities: weight=0.15, training_median=283; distinct_products: weight=0.1, training_median=194; distributor_count: weight=0.1, training_median=13",2012-10-27,active,senior,92,25,112.5,46.875,78.25,77.25,49.28125,51.572916666666664,34.71875,84,82,3.733333333333334,113.11630214896407,9.049304171917125,168.0,False,122.1656063208812,119.61565076679517,85.0,100.0,120.0,100.0,cadence_aligned_planned_visit_hours + cadence_aligned_planned_travel_hours + unplanned_required_coverage_hours + preparation_follow_up_buffer,cadence-aligned service attributed to servicing reps; uncovered obligations attributed to dynamic portfolio owners; observed excess retained as diagnostics; all served territories retained as fractional transaction allocations,1.6,deterministic_hours_plus_legacy_normalized_workload
CAPCAL_39225b87367dc735,REP_56269a9759c4,Anne Wu,MGR_31981a685b7e,Britanny Bold,TEAM_4f4a9410ffcd,Delta,TERR_49c0203db75f,Delta / Germany,2,0.5630252100840336,TERR_3170779e5944:0.43697479|TERR_49c0203db75f:0.56302521,2018-03-01,21,0.0,2.0,11.0,18.0,5.921220903461226,8.0,21,152.0,34.921220903461226,117.07877909653877,34.853125,27.592620185584185,66.13333333333334,51.19870020956009,31.280208333333334,23.606080023975903,54.88628835730923,33.37985921566576,2.4302244386429086,103.49165275334994,88.39488552234953,88.39488552234953,0.616021742579464,0.6968974946222546,-0.08087575204279063,26.625,1.75,70.0,0.6234362438542321,1.4373840660187491,1.587716014414799,medium,medium,False,False,synthetic_derived,42,442,714,441,229,21,283.5,396.0,283.0,194.0,13.0,2018-06-01,"distinct_customers: weight=0.4, training_median=283.5; transaction_count: weight=0.25, training_median=396; distinct_cities: weight=0.15, training_median=283; distinct_products: weight=0.1, training_median=194; distributor_count: weight=0.1, training_median=13",2015-04-14,active,experienced,72,19,88.75,35.625,62.875,62.125,44.25892857142857,43.46875,39.74107142857143,84,76,4.912280701754386,95.82560440124995,7.666048352099996,168.0,False,103.49165275334994,117.07877909653877,85.0,100.0,120.0,100.0,cadence_aligned_planned_visit_hours + cadence_aligned_planned_travel_hours + unplanned_required_coverage_hours + preparation_follow_up_buffer,cadence-aligned service attributed to servicing reps; uncovered obligations attributed to dynamic portfolio owners; observed excess retained as diagnostics; all served territories retained as fractional transaction allocations,1.6,deterministic_hours_plus_legacy_normalized_workload
CAPCAL_3929f88735783e48,REP_6003efb01f5e,Sheila Stones,MGR_31981a685b7e,Britanny Bold,TEAM_4f4a9410ffcd,Delta,TERR_49c0203db75f,Delta / Germany,2,0.564963503649635,TERR_3170779e5944:0.43503650|TERR_49c0203db75f:0.56496350,2018-03-01,21,2.0,0.0,6.0,24.0,4.904754674320411,8.0,21,152.0,34.90475467432041,117.0952453256796,36.747147817460316,30.45328718015786,64.6,52.30558909670881,27.85285218253968,21.85230191655095,49.705154099090635,24.0354116081467,2.4749999999999996,98.53471433422607,84.14920184006556,84.14920184006556,0.5865161567513456,0.69699550789095,-0.11047935113960439,21.125,2.75,67.80952380952381,0.6261928638984757,1.8247169321152976,1.560161545915101,low,low,False,False,synthetic_derived,42,433,685,433,229,22,283.5,396.0,283.0,194.0,13.0,2018-06-01,"distinct_customers: weight=0.4, training_median=283.5; transaction_count: weight=0.25, training_median=396; distinct_cities: weight=0.15, training_median=283; distinct_products: weight=0.1, training_median=194; distributor_count: weight=0.1, training_median=13",2014-08-03,active,experienced,54,15,65.625,28.125,46.75,44.5,48.632440476190474,46.125,35.367559523809526,84,77,9.777777777777779,91.23584660576488,7.2988677284611905,168.0,False,98.53471433422607,117.0952453256796,85.0,100.0,120.0,100.0,cadence_aligned_planned_visit_hours + cadence_aligned_planned_travel_hours + unplanned_required_coverage_hours + preparation_follow_up_buffer,cadence-aligned service attributed to servicing reps; uncovered obligations attributed to dynamic portfolio owners; observed excess retained as diagnostics; all served territories retained as fractional transaction allocations,1.6,deterministic_hours_plus_legacy_normalized_workload
CAPCAL_ed19a1d09912bed4,REP_6daf09991b71,Jimmy Grey,MGR_4b97498897f6,Alisha Cordwell,TEAM_b9dd960c1753,Charlie,TERR_938541fb7311,Charlie / Germany,2,0.5861561119293078,TERR_938541fb7311:0.58615611|TERR_b74f6941cd2d:0.41384389,2018-03-01,21,1.0,0.0,12.0,18.0,5.095407511349632,8.0,21,160.0,35.095407511349634,124.90459248865037,38.529290674603175,29.444380922415842,67.28333333333333,50.4450178945372,28.75404265873016,21.000636972121363,49.75467963085152,33.35372294807919,5.570633408268877,109.43358610870605,87.61374095884416,87.61374095884416,0.6513903935042027,0.7434797171943475,-0.09208932369014478,26.625,5.25,66.71875,0.6065609263929201,1.8238931018117674,1.54331002873178,medium,medium,False,False,synthetic_derived,42,435,679,434,227,20,283.5,396.0,283.0,194.0,13.0,2018-06-01,"distinct_customers: weight=0.4, training_median=283.5; transaction_count: weight=0.25, training_median=396; distinct_cities: weight=0.15, training_median=283; distinct_products: weight=0.1, training_median=194; distributor_count: weight=0.1, training_median=13",2012-08-25,active,senior,60,26,80.0,48.75,54.25,53.375,48.54315476190476,49.260416666666664,35.45684523809524,84,80,10.76923076923077,101.3273945450982,8.106191563607856,168.0,False,109.43358610870605,124.90459248865037,85.0,100.0,120.0,100.0,cadence_aligned_planned_visit_hours + cadence_aligned_planned_travel_hours + unplanned_required_coverage_hours + preparation_follow_up_buffer,cadence-aligned service attributed to servicing reps; uncovered obligations attributed to dynamic portfolio owners; observed excess retained as diagnostics; all served territories retained as fractional transaction allocations,1.6,deterministic_hours_plus_legacy_normalized_workload
CAPCAL_4c915c316d41d4c2,REP_82f7cb811b80,Stella Given,MGR_4b97498897f6,Alisha Cordwell,TEAM_b9dd960c1753,Charlie,TERR_938541fb7311,Charlie / Germany,2,0.5432835820895522,TERR_938541fb7311:0.54328358|TERR_b74f6941cd2d:0.45671642,2018-03-01,21,0.0,1.0,6.0,19.0,5.534429566244862,8.0,21,160.0,30.53442956624486,129.46557043375515,35.486334325396825,27.258323568835458,67.58333333333333,50.823151933540885,32.09699900793651,23.56482836470543,55.66182737264194,26.89811651182675,3.6789647465298128,96.81419635854375,74.77987856862808,74.77987856862808,0.5762749783246652,0.7706283954390187,-0.1943534171143535,21.375,2.75,64.375,0.6046008990414043,1.9757999256845664,1.5211188350378788,low,low,False,False,synthetic_derived,42,422,670,421,229,21,283.5,396.0,283.0,194.0,13.0,2018-06-01,"distinct_customers: weight=0.4, training_median=283.5; transaction_count: weight=0.25, training_median=396; distinct_cities: weight=0.15, training_median=283; distinct_products: weight=0.1, training_median=194; distributor_count: weight=0.1, training_median=13",2013-04-26,active,senior,49,15,60.0,28.125,38.875,38.625,45.08482142857143,41.3125,38.91517857142857,84,73,9.777777777777779,89.64277440605903,7.171421952484723,168.0,False,96.81419635854375,129.46557043375515,85.0,100.0,120.0,100.0,cadence_aligned_planned_visit_hours + cadence_aligned_planned_travel_hours + unplanned_required_coverage_hours + preparation_follow_up_buffer,cadence-aligned service attributed to servicing reps; uncovered obligations attributed to dynamic portfolio owners; observed excess retained as diagnostics; all served territories retained as fractional transaction allocations,1.6,deterministic_hours_plus_legacy_normalized_workload
CAPCAL_477a5a4ac07d7c11,REP_a132178ac1b8,Alan Ray,MGR_5e1c70ff0ce6,James Goodwill,TEAM_a405eba78bf2,Alfa,TERR_b31415d90eb9,Alfa / Germany,2,0.5255023183925811,TERR_6090deb666aa:0.47449768|TERR_b31415d90eb9:0.52550232,2018-03-01,21,2.0,1.0,9.0,23.0,8.830005166918792,8.0,21,144.0,40.830005166918795,103.1699948330812,34.18474702380952,27.16305886579927,67.45,51.6240250506947,33.265252976190474,24.460966184895426,57.7262191610859,21.28637549874656,0.0,89.24491589942379,86.50278217403539,86.50278217403539,0.5312197374965701,0.6141071121016738,-0.08288737460510365,17.25,0.875,67.14285714285714,0.6230314546322995,2.1248789499862806,1.4861802640479496,medium,medium,False,False,synthetic_derived,42,421,647,420,223,19,283.5,396.0,283.0,194.0,13.0,2018-06-01,"distinct_customers: weight=0.4, training_median=283.5; transaction_count: weight=0.25, training_median=396; distinct_cities: weight=0.15, training_median=283; distinct_products: weight=0.1, training_median=194; distributor_count: weight=0.1, training_median=13",2012-12-18,active,senior,42,14,52.5,26.25,36.125,35.25,43.598214285714285,40.041666666666664,40.401785714285715,84,74,3.3333333333333335,82.63418138835536,6.610734511068429,168.0,False,89.24491589942379,103.1699948330812,85.0,100.0,120.0,100.0,cadence_aligned_planned_visit_hours + cadence_aligned_planned_travel_hours + unplanned_required_coverage_hours + preparation_follow_up_buffer,cadence-aligned service attributed to servicing reps; uncovered obligations attributed to dynamic portfolio owners; observed excess retained as diagnostics; all served territories retained as fractional transaction allocations,1.6,deterministic_hours_plus_legacy_normalized_workload
CAPCAL_fdbe2ba719284c0c,REP_bba68d031906,Steve Pepple,MGR_eb86f856200b,Tracy Banks,TEAM_f144a6907dc4,Bravo,TERR_07a5ea4d7ed4,Bravo / Germany,2,0.5373134328358209,TERR_07a5ea4d7ed4:0.53731343|TERR_9efd649c43bb:0.46268657,2018-03-01,21,0.0,0.0,5.0,19.0,8.458768080633217,8.0,21,168.0,32.45876808063322,135.5412319193668,38.93139880952381,31.258790337309954,69.73333333333333,55.14362669702759,30.801934523809525,23.884836359717635,54.68677088352716,31.485520873582743,2.393529947962364,109.80976682204984,81.01576565821347,81.01576565821347,0.6536295644169633,0.8067930471390881,-0.15316348272212477,24.5,1.75,52.19512195121951,0.6628141836006655,2.3363780174904223,1.3994800331544286,low,low,False,False,synthetic_derived,42,388,603,388,217,20,283.5,396.0,283.0,194.0,13.0,2018-06-01,"distinct_customers: weight=0.4, training_median=283.5; transaction_count: weight=0.25, training_median=396; distinct_cities: weight=0.15, training_median=283; distinct_products: weight=0.1, training_median=194; distributor_count: weight=0.1, training_median=13",2016-09-24,active,experienced,47,8,51.25,15.0,26.75,26.75,47.160714285714285,48.489583333333336,36.839285714285715,84,80,11.666666666666666,101.67571002041652,8.13405680163332,168.0,False,109.80976682204984,135.5412319193668,85.0,100.0,120.0,100.0,cadence_aligned_planned_visit_hours + cadence_aligned_planned_travel_hours + unplanned_required_coverage_hours + preparation_follow_up_buffer,cadence-aligned service attributed to servicing reps; uncovered obligations attributed to dynamic portfolio owners; observed excess retained as diagnostics; all served territories retained as fractional transaction allocations,1.6,deterministic_hours_plus_legacy_normalized_workload
CAPCAL_f56ceb33d18ac4dd,REP_c56e2fba156a,Thompson Crawford,MGR_5e1c70ff0ce6,James Goodwill,TEAM_a405eba78bf2,Alfa,TERR_b31415d90eb9,Alfa / Germany,2,0.5521739130434783,TERR_6090deb666aa:0.44782609|TERR_b31415d90eb9:0.55217391,2018-03-01,21,0.0,1.0,12.0,17.0,6.027093269829528,8.0,21,160.0,35.02709326982953,124.97290673017048,35.04828869047619,27.275306999933697,66.91666666666667,50.02903266423501,31.868377976190477,22.75372566430131,54.62210364049179,22.767587350990098,2.441464746529813,91.89847768471199,73.53472051596782,73.53472051596782,0.5470147481232857,0.7438863495843481,-0.19687160146106242,18.5,1.875,60.53333333333333,0.6126619080775293,2.3563712226849227,1.5512854010112762,low,low,False,False,synthetic_derived,42,435,690,434,229,20,283.5,396.0,283.0,194.0,13.0,2018-06-01,"distinct_customers: weight=0.4, training_median=283.5; transaction_count: weight=0.25, training_median=396; distinct_cities: weight=0.15, training_median=283; distinct_products: weight=0.1, training_median=194; distributor_count: weight=0.1, training_median=13",2014-02-24,active,senior,39,9,46.875,16.875,29.375,28.375,44.51934523809524,41.322916666666664,39.48065476190476,84,74,11.11111111111111,85.09118304139999,6.807294643311999,168.0,False,91.89847768471199,124.97290673017048,85.0,100.0,120.0,100.0,cadence_aligned_planned_visit_hours + cadence_aligned_planned_travel_hours + unplanned_required_coverage_hours + preparation_follow_up_buffer,cadence-aligned service attributed to servicing reps; uncovered obligations attributed to dynamic portfolio owners; observed excess retained as diagnostics; all served territories retained as fractional transaction allocations,1.6,deterministic_hours_plus_legacy_normalized_workload
CAPCAL_d81bd4369c3622dd,REP_d21d2dd167c5,Morris Garcia,MGR_eb86f856200b,Tracy Banks,TEAM_f144a6907dc4,Bravo,TERR_07a5ea4d7ed4,Bravo / Germany,2,0.513911620294599,TERR_07a5ea4d7ed4:0.51391162|TERR_9efd649c43bb:0.48608838,2018-03-01,21,2.0,1.0,6.0,24.0,6.374318357520703,8.0,21,144.0,36.37431835752071,107.6256816424793,36.358804563492065,29.180546321018806,63.31666666666666,49.19710047115165,26.9578621031746,20.016554150132848,46.97441625330745,17.635674096910023,2.3827827801609036,89.82902697993455,83.46430481001433,83.46430481001433,0.5346965891662772,0.6406290573957101,-0.10593246822943292,15.75,2.625,64.50704225352113,0.5989409629726523,2.4952507494426266,1.4047229964226007,low,low,False,False,synthetic_derived,42,391,611,391,221,19,283.5,396.0,283.0,194.0,13.0,2018-06-01,"distinct_customers: weight=0.4, training_median=283.5; transaction_count: weight=0.25, training_median=396; distinct_cities: weight=0.15, training_median=283; distinct_products: weight=0.1, training_median=194; distributor_count: weight=0.1, training_median=13",2014-01-05,active,senior,36,11,44.375,20.625,30.5,28.625,48.720238095238095,48.604166666666664,35.279761904761905,84,82,12.727272727272727,83.17502498142089,6.654001998513671,168.0,False,89.82902697993455,107.6256816424793,85.0,100.0,120.0,100.0,cadence_aligned_planned_visit_hours + cadence_aligned_planned_travel_hours + unplanned_required_coverage_hours + preparation_follow_up_buffer,cadence-aligned service attributed to servicing reps; uncovered obligations attributed to dynamic portfolio owners; observed excess retained as diagnostics; all served territories retained as fractional transaction allocations,1.6,deterministic_hours_plus_legacy_normalized_workload
CAPCAL_0e5e60d5e1fb47c0,REP_db1cc40d477a,Erica Jones,MGR_5e1c70ff0ce6,James Goodwill,TEAM_a405eba78bf2,Alfa,TERR_b31415d90eb9,Alfa / Germany,2,0.5923076923076923,TERR_6090deb666aa:0.40769231|TERR_b31415d90eb9:0.59230769,2018-03-01,21,1.0,2.0,11.0,24.0,8.386290440405325,8.0,21,144.0,43.386290440405325,100.61370955959467,34.372817460317464,26.613639587936984,67.1,50.0292779625597,32.72718253968254,23.41563837462272,56.14282091430526,14.27871107481485,0.0,81.28638157291485,80.79056216962957,80.79056216962957,0.48384750936258836,0.5988911283309206,-0.11504361896833226,12.375,0.0,57.87234042553191,0.6082910718374768,3.251455262916594,1.516915061904012,low,low,False,False,synthetic_derived,42,434,650,433,230,19,283.5,396.0,283.0,194.0,13.0,2018-06-01,"distinct_customers: weight=0.4, training_median=283.5; transaction_count: weight=0.25, training_median=396; distinct_cities: weight=0.15, training_median=283; distinct_products: weight=0.1, training_median=194; distributor_count: weight=0.1, training_median=13",2013-02-07,active,senior,25,6,29.375,11.25,18.25,17.0,43.751488095238095,41.010416666666664,40.248511904761905,84,78,0.0,75.2651681230693,6.021213449845544,168.0,False,81.28638157291485,100.61370955959467,85.0,100.0,120.0,100.0,cadence_aligned_planned_visit_hours + cadence_aligned_planned_travel_hours + unplanned_required_coverage_hours + preparation_follow_up_buffer,cadence-aligned service attributed to servicing reps; uncovered obligations attributed to dynamic portfolio owners; observed excess retained as diagnostics; all served territories retained as fractional transaction allocations,1.6,deterministic_hours_plus_legacy_normalized_workload
CAPCAL_c9d8f4a392ca311e,REP_e7e9152643c7,Jessica Smith,MGR_31981a685b7e,Britanny Bold,TEAM_4f4a9410ffcd,Delta,TERR_49c0203db75f,Delta / Germany,2,0.5854765506807866,TERR_3170779e5944:0.41452345|TERR_49c0203db75f:0.58547655,2018-03-01,21,2.0,1.0,6.0,25.0,8.962368583036184,8.0,21,144.0,39.96236858303618,104.03763141696382,36.26966765873016,27.94760646478878,68.68333333333334,51.935314125181826,32.41366567460317,23.987707660393042,56.401373334996215,15.82200336703668,1.2374999999999998,86.44241968980006,83.087646760579,83.087646760579,0.5145382124392861,0.6192716155771656,-0.10473340313787949,12.0,0.875,65.71428571428571,0.6295307727797426,3.0872292746357166,1.4938571725690897,low,low,False,False,synthetic_derived,42,427,661,426,228,17,283.5,396.0,283.0,194.0,13.0,2018-06-01,"distinct_customers: weight=0.4, training_median=283.5; transaction_count: weight=0.25, training_median=396; distinct_cities: weight=0.15, training_median=283; distinct_products: weight=0.1, training_median=194; distributor_count: weight=0.1, training_median=13",2015-11-19,active,experienced,28,7,35.0,13.125,23.0,23.0,44.39434523809524,45.010416666666664,39.60565476190476,84,81,6.666666666666667,80.03927749055562,6.403142199244449,168.0,False,86.44241968980006,104.03763141696382,85.0,100.0,120.0,100.0,cadence_aligned_planned_visit_hours + cadence_aligned_planned_travel_hours + unplanned_required_coverage_hours + preparation_follow_up_buffer,cadence-aligned service attributed to servicing reps; uncovered obligations attributed to dynamic portfolio owners; observed excess retained as diagnostics; all served territories retained as fractional transaction allocations,1.6,deterministic_hours_plus_legacy_normalized_workload
CAPCAL_61fa5ecd52929f18,REP_0dfc420450a6,Abigail Thompson,MGR_eb86f856200b,Tracy Banks,TEAM_f144a6907dc4,Bravo,TERR_07a5ea4d7ed4,Bravo / Germany,2,0.6245283018867924,TERR_07a5ea4d7ed4:0.62452830|TERR_9efd649c43bb:0.37547170,2018-04-01,21,2.0,1.0,5.0,26.0,5.768859532918046,8.0,21,144.0,36.76885953291804,107.23114046708196,37.35235615079365,31.0580045918904,66.21666666666667,53.52187624934929,28.864310515873015,22.463871657458892,51.32818217333191,56.28923821661819,2.328167887626276,134.67556687604642,125.59370933613208,125.59370933613208,0.8016402790240859,0.638280598018345,0.16335968100574083,46.875,2.625,68.6192468619247,0.6461103346722498,1.086093281258439,1.3009609291119983,critical,critical,True,True,synthetic_derived,42,375,530,375,209,17,283.5,396.0,283.0,194.0,13.0,2018-06-01,"distinct_customers: weight=0.4, training_median=283.5; transaction_count: weight=0.25, training_median=396; distinct_cities: weight=0.15, training_median=283; distinct_products: weight=0.1, training_median=194; distributor_count: weight=0.1, training_median=13",2015-02-18,active,experienced,124,33,149.375,61.875,105.625,102.5,48.06919642857143,46.43675595238095,35.93080357142857,84,77,4.242424242424243,124.69959895930224,9.97596791674418,168.0,False,134.67556687604642,107.23114046708196,85.0,100.0,120.0,100.0,cadence_aligned_planned_visit_hours + cadence_aligned_planned_travel_hours + unplanned_required_coverage_hours + preparation_follow_up_buffer,cadence-aligned service attributed to servicing reps; uncovered obligations attributed to dynamic portfolio owners; observed excess retained as diagnostics; all served territories retained as fractional transaction allocations,1.6,deterministic_hours_plus_legacy_normalized_workload
CAPCAL_2981928e97076424,REP_200ef690040c,Mary Gerrard,MGR_31981a685b7e,Britanny Bold,TEAM_4f4a9410ffcd,Delta,TERR_49c0203db75f,Delta / Germany,2,0.6428571428571429,TERR_3170779e5944:0.35714286|TERR_49c0203db75f:0.64285714,2018-04-01,21,0.0,2.0,10.0,21.0,6.4825279265548765,8.0,21,152.0,37.48252792655488,114.51747207344512,36.88995535714286,29.349229834742065,65.86666666666666,51.47148125763644,28.97671130952381,22.12225142289438,51.09896273241819,31.952517831501634,2.422135593955593,106.0470392652575,92.60337077406393,92.60337077406393,0.6312323765789136,0.6816516194847924,-0.050419242905878736,29.5,2.625,74.20765027322405,0.6229526989559907,1.1783004362806389,1.2476190432160463,medium,medium,False,False,synthetic_derived,42,361,504,361,205,16,283.5,396.0,283.0,194.0,13.0,2018-06-01,"distinct_customers: weight=0.4, training_median=283.5; transaction_count: weight=0.25, training_median=396; distinct_cities: weight=0.15, training_median=283; distinct_products: weight=0.1, training_median=194; distributor_count: weight=0.1, training_median=13",2015-01-06,active,experienced,90,27,114.375,50.625,89.5,84.875,47.11309523809524,46.095238095238095,36.88690476190476,84,79,5.185185185185185,98.19170302338657,7.855336241870925,168.0,False,106.0470392652575,114.51747207344512,85.0,100.0,120.0,100.0,cadence_aligned_planned_visit_hours + cadence_aligned_planned_travel_hours + unplanned_required_coverage_hours + preparation_follow_up_buffer,cadence-aligned service attributed to servicing reps; uncovered obligations attributed to dynamic portfolio owners; observed excess retained as diagnostics; all served territories retained as fractional transaction allocations,1.6,deterministic_hours_plus_legacy_normalized_workload
CAPCAL_56e43938b658c59a,REP_2234ec3bee93,Daniel Gates,MGR_4b97498897f6,Alisha Cordwell,TEAM_b9dd960c1753,Charlie,TERR_938541fb7311,Charlie / Germany,2,0.5962264150943396,TERR_938541fb7311:0.59622642|TERR_b74f6941cd2d:0.40377358,2018-04-01,21,1.0,2.0,10.0,16.0,6.381944796688843,8.0,21,144.0,32.38194479668884,111.61805520331116,38.235379464285714,28.359515568064925,68.01666666666667,49.57314635505544,29.781287202380952,21.213630786990517,50.99491798937147,51.49029259854373,7.265700473618752,127.53200264136592,114.2575028825468,114.2575028825468,0.7591190633414638,0.664393185733995,0.09472587760746887,41.375,5.5,57.8343949044586,0.5940183733106719,1.5552683248947063,1.3000363154489294,high,high,True,True,synthetic_derived,42,374,530,373,212,17,283.5,396.0,283.0,194.0,13.0,2018-06-01,"distinct_customers: weight=0.4, training_median=283.5; transaction_count: weight=0.25, training_median=396; distinct_cities: weight=0.15, training_median=283; distinct_products: weight=0.1, training_median=194; distributor_count: weight=0.1, training_median=13",2012-10-27,active,senior,82,18,98.125,33.75,58.0,56.75,47.741815476190474,47.35639880952381,36.258184523809526,84,77,16.296296296296298,118.08518763089437,9.44681501047155,168.0,False,127.53200264136592,111.61805520331116,85.0,100.0,120.0,100.0,cadence_aligned_planned_visit_hours + cadence_aligned_planned_travel_hours + unplanned_required_coverage_hours + preparation_follow_up_buffer,cadence-aligned service attributed to servicing reps; uncovered obligations attributed to dynamic portfolio owners; observed excess retained as diagnostics; all served territories retained as fractional transaction allocations,1.6,deterministic_hours_plus_legacy_normalized_workload
CAPCAL_9c22e0475f819b5c,REP_56269a9759c4,Anne Wu,MGR_31981a685b7e,Britanny Bold,TEAM_4f4a9410ffcd,Delta,TERR_49c0203db75f,Delta / Germany,2,0.6354961832061069,TERR_3170779e5944:0.36450382|TERR_49c0203db75f:0.63549618,2018-04-01,21,0.0,0.0,11.0,18.0,5.633066412766032,8.0,21,168.0,34.633066412766034,133.36693358723397,36.45494791666667,30.185127828462925,64.25,52.88576045590644,27.795052083333335,22.700632627443515,50.49568471077685,42.724390219146294,3.590943913020248,118.11362324141797,88.56289941176539,88.56289941176539,0.7030572811989165,0.793850795162107,-0.09079351396319046,33.875,2.75,60.72463768115942,0.6369830237788969,1.617994838923534,1.286785357441557,medium,medium,False,False,synthetic_derived,42,367,524,366,220,17,283.5,396.0,283.0,194.0,13.0,2018-06-01,"distinct_customers: weight=0.4, training_median=283.5; transaction_count: weight=0.25, training_median=396; distinct_cities: weight=0.15, training_median=283; distinct_products: weight=0.1, training_median=194; distributor_count: weight=0.1, training_median=13",2015-04-14,active,experienced,73,15,86.25,28.125,53.375,52.375,47.38764880952381,46.63764880952381,36.61235119047619,84,80,9.777777777777779,109.3644659642759,8.749157277142071,168.0,False,118.11362324141797,133.36693358723397,85.0,100.0,120.0,100.0,cadence_aligned_planned_visit_hours + cadence_aligned_planned_travel_hours + unplanned_required_coverage_hours + preparation_follow_up_buffer,cadence-aligned service attributed to servicing reps; uncovered obligations attributed to dynamic portfolio owners; observed excess retained as diagnostics; all served territories retained as fractional transaction allocations,1.6,deterministic_hours_plus_legacy_normalized_workload
CAPCAL_c20ca7de64a001a6,REP_6003efb01f5e,Sheila Stones,MGR_31981a685b7e,Britanny Bold,TEAM_4f4a9410ffcd,Delta,TERR_49c0203db75f,Delta / Germany,2,0.6177024482109228,TERR_3170779e5944:0.38229755|TERR_49c0203db75f:0.61770245,2018-04-01,21,2.0,2.0,6.0,24.0,8.35989496409734,8.0,21,136.0,38.359894964097336,97.64010503590266,37.46775793650794,29.39986791568383,66.56666666666666,51.87746054401515,29.09890873015873,22.477592628331315,51.57650135849005,27.44886078600912,1.2023480048646045,101.86180556925696,104.323736165382,104.323736165382,0.6063202712455771,0.5811911014041825,0.025129169841394572,23.75,1.875,62.37623762376238,0.620042093283523,1.8520328285319447,1.2980090744730466,high,high,True,True,synthetic_derived,42,375,531,374,218,16,283.5,396.0,283.0,194.0,13.0,2018-06-01,"distinct_customers: weight=0.4, training_median=283.5; transaction_count: weight=0.25, training_median=396; distinct_cities: weight=0.15, training_median=283; distinct_products: weight=0.1, training_median=194; distributor_count: weight=0.1, training_median=13",2014-08-03,active,experienced,55,14,63.125,26.25,41.375,39.375,47.41592261904762,42.970982142857146,36.58407738095238,84,75,7.142857142857142,94.31648663820089,7.545318931056071,168.0,False,101.86180556925696,97.64010503590266,85.0,100.0,120.0,100.0,cadence_aligned_planned_visit_hours + cadence_aligned_planned_travel_hours + unplanned_required_coverage_hours + preparation_follow_up_buffer,cadence-aligned service attributed to servicing reps; uncovered obligations attributed to dynamic portfolio owners; observed excess retained as diagnostics; all served territories retained as fractional transaction allocations,1.6,deterministic_hours_plus_legacy_normalized_workload
CAPCAL_a041724f9eec8b57,REP_6daf09991b71,Jimmy Grey,MGR_4b97498897f6,Alisha Cordwell,TEAM_b9dd960c1753,Charlie,TERR_938541fb7311,Charlie / Germany,2,0.590566037735849,TERR_938541fb7311:0.59056604|TERR_b74f6941cd2d:0.40943396,2018-04-01,21,1.0,0.0,12.0,18.0,5.369694695251669,8.0,21,160.0,35.36969469525167,124.63030530474833,36.11758432539683,30.145129821450574,65.36666666666666,51.46549327064435,29.24908234126984,21.320363449193774,50.56944579046362,23.225994786882417,2.4749999999999996,96.64780564842819,77.5475959977015,77.5475959977015,0.5752845574311202,0.7418470553854067,-0.16656249795428657,18.5,1.75,65.17647058823529,0.6285496676910479,2.1010392532266997,1.3169895822510178,low,low,False,False,synthetic_derived,42,383,530,382,211,17,283.5,396.0,283.0,194.0,13.0,2018-06-01,"distinct_customers: weight=0.4, training_median=283.5; transaction_count: weight=0.25, training_median=396; distinct_cities: weight=0.15, training_median=283; distinct_products: weight=0.1, training_median=194; distributor_count: weight=0.1, training_median=13",2012-08-25,active,senior,46,13,53.125,24.375,34.875,34.625,47.95982142857143,47.160714285714285,36.04017857142857,84,78,7.179487179487179,89.48870893372981,7.159096714698385,168.0,False,96.64780564842819,124.63030530474833,85.0,100.0,120.0,100.0,cadence_aligned_planned_visit_hours + cadence_aligned_planned_travel_hours + unplanned_required_coverage_hours + preparation_follow_up_buffer,cadence-aligned service attributed to servicing reps; uncovered obligations attributed to dynamic portfolio owners; observed excess retained as diagnostics; all served territories retained as fractional transaction allocations,1.6,deterministic_hours_plus_legacy_normalized_workload
CAPCAL_9660b6032c98ab3d,REP_82f7cb811b80,Stella Given,MGR_4b97498897f6,Alisha Cordwell,TEAM_b9dd960c1753,Charlie,TERR_938541fb7311,Charlie / Germany,2,0.6153846153846154,TERR_938541fb7311:0.61538462|TERR_b74f6941cd2d:0.38461538,2018-04-01,21,0.0,2.0,6.0,19.0,4.031647069009056,8.0,21,152.0,29.031647069009054,122.96835293099095,36.948673115079366,28.785975138926812,64.35,48.3964220141853,27.401326884920636,19.61044687525849,47.011773760179125,25.51732219333956,2.357504052430917,98.5521280831334,80.14430195583755,80.14430195583755,0.5866198100186512,0.731954481732089,-0.14533467171343784,21.0,2.625,58.51851851851851,0.592425550673266,2.291909955421707,1.3062936182786098,low,low,False,False,synthetic_derived,42,381,520,381,209,17,283.5,396.0,283.0,194.0,13.0,2018-06-01,"distinct_customers: weight=0.4, training_median=283.5; transaction_count: weight=0.25, training_median=396; distinct_cities: weight=0.15, training_median=283; distinct_products: weight=0.1, training_median=194; distributor_count: weight=0.1, training_median=13",2013-04-26,active,senior,43,10,50.625,18.75,31.0,29.625,48.59002976190476,47.75967261904762,35.40997023809524,84,79,14.000000000000002,91.25197044734574,7.300157635787659,168.0,False,98.5521280831334,122.96835293099095,85.0,100.0,120.0,100.0,cadence_aligned_planned_visit_hours + cadence_aligned_planned_travel_hours + unplanned_required_coverage_hours + preparation_follow_up_buffer,cadence-aligned service attributed to servicing reps; uncovered obligations attributed to dynamic portfolio owners; observed excess retained as diagnostics; all served territories retained as fractional transaction allocations,1.6,deterministic_hours_plus_legacy_normalized_workload
CAPCAL_2dab4ef1dbdefaa6,REP_a132178ac1b8,Alan Ray,MGR_5e1c70ff0ce6,James Goodwill,TEAM_a405eba78bf2,Alfa,TERR_b31415d90eb9,Alfa / Germany,2,0.5988142292490118,TERR_6090deb666aa:0.40118577|TERR_b31415d90eb9:0.59881423,2018-04-01,21,2.0,1.0,9.0,23.0,8.80199646257315,8.0,21,144.0,40.80199646257315,103.19800353742684,36.473697916666666,29.569162556245196,63.85,49.542475864574634,27.376302083333332,19.973313308329438,47.34961539166277,15.735605356564832,0.0,88.32074309583483,85.5837710695668,85.5837710695668,0.5257187089037787,0.6142738305799217,-0.08855512167614299,12.5,0.0,74.68354430379746,0.6050601311733004,2.154164465752069,1.2722941960283043,medium,medium,False,False,synthetic_derived,42,372,506,372,209,16,283.5,396.0,283.0,194.0,13.0,2018-06-01,"distinct_customers: weight=0.4, training_median=283.5; transaction_count: weight=0.25, training_median=396; distinct_cities: weight=0.15, training_median=283; distinct_products: weight=0.1, training_median=194; distributor_count: weight=0.1, training_median=13",2012-12-18,active,senior,41,12,49.375,22.5,36.875,36.875,48.869791666666664,45.838541666666664,35.130208333333336,84,76,0.0,81.77846582947669,6.542277266358135,168.0,False,88.32074309583483,103.19800353742684,85.0,100.0,120.0,100.0,cadence_aligned_planned_visit_hours + cadence_aligned_planned_travel_hours + unplanned_required_coverage_hours + preparation_follow_up_buffer,cadence-aligned service attributed to servicing reps; uncovered obligations attributed to dynamic portfolio owners; observed excess retained as diagnostics; all served territories retained as fractional transaction allocations,1.6,deterministic_hours_plus_legacy_normalized_workload
CAPCAL_bb3058d667279048,REP_bba68d031906,Steve Pepple,MGR_eb86f856200b,Tracy Banks,TEAM_f144a6907dc4,Bravo,TERR_07a5ea4d7ed4,Bravo / Germany,2,0.64,TERR_07a5ea4d7ed4:0.64000000|TERR_9efd649c43bb:0.36000000,2018-04-01,21,0.0,1.0,5.0,19.0,6.365677534537038,8.0,21,160.0,30.36567753453704,129.63432246546296,37.5671378968254,32.22092893513352,65.06666666666666,54.22852427728899,27.49952876984127,22.00759534215547,49.50712411199674,19.836446183173123,3.6963523740338813,96.79447405634262,74.66731974638161,74.66731974638161,0.5761575836687061,0.7716328718182319,-0.19547528814952586,15.5,2.625,66.02739726027397,0.6501167748392827,2.6160668663876385,1.3413971223653325,low,low,False,False,synthetic_derived,42,388,550,388,214,17,283.5,396.0,283.0,194.0,13.0,2018-06-01,"distinct_customers: weight=0.4, training_median=283.5; transaction_count: weight=0.25, training_median=396; distinct_cities: weight=0.15, training_median=283; distinct_products: weight=0.1, training_median=194; distributor_count: weight=0.1, training_median=13",2016-09-24,active,experienced,37,13,45.625,24.375,30.125,30.125,49.56175595238095,50.582589285714285,34.43824404761905,84,82,10.76923076923077,89.62451301513205,7.1699610412105645,168.0,False,96.79447405634262,129.63432246546296,85.0,100.0,120.0,100.0,cadence_aligned_planned_visit_hours + cadence_aligned_planned_travel_hours + unplanned_required_coverage_hours + preparation_follow_up_buffer,cadence-aligned service attributed to servicing reps; uncovered obligations attributed to dynamic portfolio owners; observed excess retained as diagnostics; all served territories retained as fractional transaction allocations,1.6,deterministic_hours_plus_legacy_normalized_workload
CAPCAL_89e1a97869e5d01d,REP_c56e2fba156a,Thompson Crawford,MGR_5e1c70ff0ce6,James Goodwill,TEAM_a405eba78bf2,Alfa,TERR_b31415d90eb9,Alfa / Germany,2,0.6647398843930635,TERR_6090deb666aa:0.33526012|TERR_b31415d90eb9:0.66473988,2018-04-01,21,0.0,0.0,12.0,17.0,5.701631872251621,8.0,21,168.0,34.701631872251625,133.29836812774838,37.68046875,31.611136981590082,64.25,51.0168880865216,26.56953125,19.405751104931515,45.975282354931515,15.16264839248223,0.0,91.21059445399808,68.42588978027483,68.42588978027483,0.542920205083322,0.7934426674270737,-0.25052246234375175,13.875,1.75,76.875,0.626193761010171,1.9002207177916268,1.265143704648489,low,low,False,False,synthetic_derived,42,358,519,358,217,17,283.5,396.0,283.0,194.0,13.0,2018-06-01,"distinct_customers: weight=0.4, training_median=283.5; transaction_count: weight=0.25, training_median=396; distinct_cities: weight=0.15, training_median=283; distinct_products: weight=0.1, training_median=194; distributor_count: weight=0.1, training_median=13",2014-02-24,active,senior,48,15,60.0,28.125,47.875,46.125,50.48139880952381,45.598958333333336,33.51860119047619,84,73,6.222222222222222,84.4542541240723,6.756340329925784,168.0,False,91.21059445399808,133.29836812774838,85.0,100.0,120.0,100.0,cadence_aligned_planned_visit_hours + cadence_aligned_planned_travel_hours + unplanned_required_coverage_hours + preparation_follow_up_buffer,cadence-aligned service attributed to servicing reps; uncovered obligations attributed to dynamic portfolio owners; observed excess retained as diagnostics; all served territories retained as fractional transaction allocations,1.6,deterministic_hours_plus_legacy_normalized_workload
CAPCAL_0a6d15f6a7a65243,REP_d21d2dd167c5,Morris Garcia,MGR_eb86f856200b,Tracy Banks,TEAM_f144a6907dc4,Bravo,TERR_07a5ea4d7ed4,Bravo / Germany,2,0.6404494382022472,TERR_07a5ea4d7ed4:0.64044944|TERR_9efd649c43bb:0.35955056,2018-04-01,21,2.0,1.0,6.0,24.0,5.349711395874634,8.0,21,144.0,35.349711395874635,108.65028860412536,37.075,29.935531394731587,64.9,51.09979175364466,27.825,21.164260358913076,48.98926035891307,11.699518141091753,0.0,85.00685349868921,78.2389578442975,78.2389578442975,0.5059931755874357,0.6467279083578891,-0.14073473277045334,11.375,0.875,66.2962962962963,0.6126968932860117,3.0359590535246146,1.3255940876145968,low,low,False,False,synthetic_derived,42,384,534,384,218,17,283.5,396.0,283.0,194.0,13.0,2018-06-01,"distinct_customers: weight=0.4, training_median=283.5; transaction_count: weight=0.25, training_median=396; distinct_cities: weight=0.15, training_median=283; distinct_products: weight=0.1, training_median=194; distributor_count: weight=0.1, training_median=13",2014-01-05,active,senior,28,8,33.75,15.0,24.5,22.375,48.858630952380956,48.160714285714285,35.141369047619044,84,79,5.833333333333333,78.71004953582334,6.296803962865868,168.0,False,85.00685349868921,108.65028860412536,85.0,100.0,120.0,100.0,cadence_aligned_planned_visit_hours + cadence_aligned_planned_travel_hours + unplanned_required_coverage_hours + preparation_follow_up_buffer,cadence-aligned service attributed to servicing reps; uncovered obligations attributed to dynamic portfolio owners; observed excess retained as diagnostics; all served territories retained as fractional transaction allocations,1.6,deterministic_hours_plus_legacy_normalized_workload
CAPCAL_b04f3179f7d6ea77,REP_db1cc40d477a,Erica Jones,MGR_5e1c70ff0ce6,James Goodwill,TEAM_a405eba78bf2,Alfa,TERR_b31415d90eb9,Alfa / Germany,2,0.6600719424460432,TERR_6090deb666aa:0.33992806|TERR_b31415d90eb9:0.66007194,2018-04-01,21,1.0,1.0,11.0,24.0,6.700444176201543,8.0,21,152.0,41.70044417620154,110.29955582379846,37.894866071428574,31.05902344870482,65.08333333333333,53.11164555040001,27.188467261904762,22.052622101695192,49.241089363599954,21.286304745803367,4.946319904750268,97.4594098072117,88.35884159216502,88.35884159216502,0.5801155345667363,0.6565449751416574,-0.07642944057492118,17.125,4.5,68.86363636363636,0.6373610943759624,2.320462138266945,1.3291417765960283,medium,medium,False,False,synthetic_derived,42,380,556,380,213,17,283.5,396.0,283.0,194.0,13.0,2018-06-01,"distinct_customers: weight=0.4, training_median=283.5; transaction_count: weight=0.25, training_median=396; distinct_cities: weight=0.15, training_median=283; distinct_products: weight=0.1, training_median=194; distributor_count: weight=0.1, training_median=13",2013-02-07,active,senior,42,14,55.0,26.25,38.875,37.875,48.73065476190476,47.08482142857143,35.26934523809524,84,78,17.142857142857142,90.24019426593676,7.2192155412749415,168.0,False,97.4594098072117,110.29955582379846,85.0,100.0,120.0,100.0,cadence_aligned_planned_visit_hours + cadence_aligned_planned_travel_hours + unplanned_required_coverage_hours + preparation_follow_up_buffer,cadence-aligned service attributed to servicing reps; uncovered obligations attributed to dynamic portfolio owners; observed excess retained as diagnostics; all served territories retained as fractional transaction allocations,1.6,deterministic_hours_plus_legacy_normalized_workload
CAPCAL_a8f3a56a2873f099,REP_e7e9152643c7,Jessica Smith,MGR_31981a685b7e,Britanny Bold,TEAM_4f4a9410ffcd,Delta,TERR_49c0203db75f,Delta / Germany,2,0.6161616161616161,TERR_3170779e5944:0.38383838|TERR_49c0203db75f:0.61616162,2018-04-01,21,2.0,1.0,6.0,25.0,4.500728072464054,8.0,21,144.0,35.50072807246406,108.49927192753594,40.47996031746032,32.516384128738494,68.48333333333333,53.695381235352784,28.003373015873017,21.178997106614293,49.18237012248731,20.92274486793599,3.7124999999999995,101.43261645926557,93.48690978038081,93.48690978038081,0.603765574162295,0.6458289995686664,-0.04206342540637131,17.125,3.5,68.50574712643677,0.6556352056682749,2.41506229664918,1.393761499782835,medium,medium,False,False,synthetic_derived,42,407,594,407,220,15,283.5,396.0,283.0,194.0,13.0,2018-06-01,"distinct_customers: weight=0.4, training_median=283.5; transaction_count: weight=0.25, training_median=396; distinct_cities: weight=0.15, training_median=283; distinct_products: weight=0.1, training_median=194; distributor_count: weight=0.1, training_median=13",2015-11-19,active,experienced,42,17,54.375,31.875,38.375,37.25,49.595238095238095,49.066964285714285,34.404761904761905,84,78,10.980392156862745,93.9190893141348,7.513527145130784,168.0,False,101.43261645926557,108.49927192753594,85.0,100.0,120.0,100.0,cadence_aligned_planned_visit_hours + cadence_aligned_planned_travel_hours + unplanned_required_coverage_hours + preparation_follow_up_buffer,cadence-aligned service attributed to servicing reps; uncovered obligations attributed to dynamic portfolio owners; observed excess retained as diagnostics; all served territories retained as fractional transaction allocations,1.6,deterministic_hours_plus_legacy_normalized_workload
CAPCAL_0d1245f1ac61b5ba,REP_0dfc420450a6,Abigail Thompson,MGR_eb86f856200b,Tracy Banks,TEAM_f144a6907dc4,Bravo,TERR_07a5ea4d7ed4,Bravo / Germany,2,0.5968503937007874,TERR_07a5ea4d7ed4:0.59685039|TERR_9efd649c43bb:0.40314961,2018-05-01,21,2.0,0.0,5.0,26.0,7.59227731033032,8.0,21,152.0,38.59227731033032,113.40772268966968,34.92627728174603,27.16659058954286,67.23333333333333,51.67671633869388,32.3070560515873,24.51012574915102,56.81718180073832,74.09126893145081,6.187499999999999,147.0788677469589,129.6903458236503,129.6903458236503,0.8754694508747554,0.6750459683908909,0.20042348248386443,58.875,6.125,61.23456790123457,0.6274060959248321,1.1672926011663405,1.4200892294566783,critical,critical,True,True,synthetic_derived,42,403,635,403,221,16,283.5,396.0,283.0,194.0,13.0,2018-06-01,"distinct_customers: weight=0.4, training_median=283.5; transaction_count: weight=0.25, training_median=396; distinct_cities: weight=0.15, training_median=283; distinct_products: weight=0.1, training_median=194; distributor_count: weight=0.1, training_median=13",2015-02-18,active,experienced,126,37,151.875,69.375,94.75,93.0,43.29985119047619,42.94122023809524,40.70014880952381,84,77,8.82882882882883,136.18413680273972,10.894730944219177,168.0,False,147.0788677469589,113.40772268966968,85.0,100.0,120.0,100.0,cadence_aligned_planned_visit_hours + cadence_aligned_planned_travel_hours + unplanned_required_coverage_hours + preparation_follow_up_buffer,cadence-aligned service attributed to servicing reps; uncovered obligations attributed to dynamic portfolio owners; observed excess retained as diagnostics; all served territories retained as fractional transaction allocations,1.6,deterministic_hours_plus_legacy_normalized_workload
CAPCAL_1270e8982716581c,REP_200ef690040c,Mary Gerrard,MGR_31981a685b7e,Britanny Bold,TEAM_4f4a9410ffcd,Delta,TERR_49c0203db75f,Delta / Germany,2,0.5985267034990792,TERR_3170779e5944:0.40147330|TERR_49c0203db75f:0.59852670,2018-05-01,21,0.0,2.0,10.0,21.0,6.33431917987551,8.0,21,152.0,37.33431917987551,114.66568082012449,35.13050595238095,29.2248301306518,66.88333333333334,52.865239936217705,31.752827380952382,23.640409805565906,55.393237186518284,46.539006037914476,2.4749999999999996,119.76588949062301,104.4478946394599,104.4478946394599,0.7128921993489465,0.682533814405503,0.03035838494344356,38.5,1.75,63.33333333333333,0.6399180791071363,1.3307321054513668,1.2972339151839292,high,high,True,True,synthetic_derived,42,367,543,366,217,17,283.5,396.0,283.0,194.0,13.0,2018-06-01,"distinct_customers: weight=0.4, training_median=283.5; transaction_count: weight=0.25, training_median=396; distinct_cities: weight=0.15, training_median=283; distinct_products: weight=0.1, training_median=194; distributor_count: weight=0.1, training_median=13",2015-01-06,active,experienced,90,20,105.0,37.5,68.5,66.5,45.669642857142854,42.220238095238095,38.330357142857146,84,75,4.666666666666667,110.89434212094723,8.87154736967578,168.0,False,119.76588949062301,114.66568082012449,85.0,100.0,120.0,100.0,cadence_aligned_planned_visit_hours + cadence_aligned_planned_travel_hours + unplanned_required_coverage_hours + preparation_follow_up_buffer,cadence-aligned service attributed to servicing reps; uncovered obligations attributed to dynamic portfolio owners; observed excess retained as diagnostics; all served territories retained as fractional transaction allocations,1.6,deterministic_hours_plus_legacy_normalized_workload
CAPCAL_254c223f7af5d235,REP_2234ec3bee93,Daniel Gates,MGR_4b97498897f6,Alisha Cordwell,TEAM_b9dd960c1753,Charlie,TERR_938541fb7311,Charlie / Germany,2,0.6187175043327556,TERR_938541fb7311:0.61871750|TERR_b74f6941cd2d:0.38128250,2018-05-01,21,1.0,1.0,10.0,16.0,5.155578666369941,8.0,21,152.0,31.15557866636994,120.84442133363007,34.14474206349206,27.779235556536122,65.65,52.447953257912935,31.505257936507935,24.668717701376814,56.173975637884745,43.75531160470159,1.2374999999999998,114.13363236270816,94.44675319153161,94.44675319153161,0.6793668593018343,0.719312031747798,-0.03994517244596374,34.75,0.875,65.67901234567901,0.6296533027740037,1.4090571896630637,1.3396914852837831,medium,medium,False,False,synthetic_derived,42,386,577,386,215,15,283.5,396.0,283.0,194.0,13.0,2018-06-01,"distinct_customers: weight=0.4, training_median=283.5; transaction_count: weight=0.25, training_median=396; distinct_cities: weight=0.15, training_median=283; distinct_products: weight=0.1, training_median=194; distributor_count: weight=0.1, training_median=13",2012-10-27,active,senior,81,23,101.25,43.125,67.5,66.5,44.11830357142857,44.829613095238095,39.88169642857143,84,81,2.0289855072463765,105.67928922472977,8.454343137978382,168.0,False,114.13363236270816,120.84442133363007,85.0,100.0,120.0,100.0,cadence_aligned_planned_visit_hours + cadence_aligned_planned_travel_hours + unplanned_required_coverage_hours + preparation_follow_up_buffer,cadence-aligned service attributed to servicing reps; uncovered obligations attributed to dynamic portfolio owners; observed excess retained as diagnostics; all served territories retained as fractional transaction allocations,1.6,deterministic_hours_plus_legacy_normalized_workload
CAPCAL_0cbd2285ea6c61ef,REP_56269a9759c4,Anne Wu,MGR_31981a685b7e,Britanny Bold,TEAM_4f4a9410ffcd,Delta,TERR_49c0203db75f,Delta / Germany,2,0.5931899641577061,TERR_3170779e5944:0.40681004|TERR_49c0203db75f:0.59318996,2018-05-01,21,0.0,0.0,11.0,18.0,8.22460998421738,8.0,21,168.0,37.22460998421738,130.77539001578262,37.437165178571426,30.1667863007201,66.56666666666666,53.208148411329,29.129501488095237,23.041362110608897,52.17086359870414,44.333764480602184,2.464648935525417,120.8927332366852,92.44303016194046,92.44303016194046,0.7195996025993167,0.7784249405701347,-0.058825337970818015,35.5,2.625,59.13669064748201,0.6420803038746982,1.6560648388587014,1.3291713549138902,medium,medium,False,False,synthetic_derived,42,382,558,382,218,16,283.5,396.0,283.0,194.0,13.0,2018-06-01,"distinct_customers: weight=0.4, training_median=283.5; transaction_count: weight=0.25, training_median=396; distinct_cities: weight=0.15, training_median=283; distinct_products: weight=0.1, training_median=194; distributor_count: weight=0.1, training_median=13",2015-04-14,active,experienced,73,18,86.875,33.75,52.5,51.375,46.982886904761905,45.40550595238095,37.017113095238095,84,78,7.777777777777778,111.93771595989371,8.955017276791496,168.0,False,120.8927332366852,130.77539001578262,85.0,100.0,120.0,100.0,cadence_aligned_planned_visit_hours + cadence_aligned_planned_travel_hours + unplanned_required_coverage_hours + preparation_follow_up_buffer,cadence-aligned service attributed to servicing reps; uncovered obligations attributed to dynamic portfolio owners; observed excess retained as diagnostics; all served territories retained as fractional transaction allocations,1.6,deterministic_hours_plus_legacy_normalized_workload
CAPCAL_d4a8068fb878906b,REP_6003efb01f5e,Sheila Stones,MGR_31981a685b7e,Britanny Bold,TEAM_4f4a9410ffcd,Delta,TERR_49c0203db75f,Delta / Germany,2,0.6184873949579832,TERR_3170779e5944:0.38151261|TERR_49c0203db75f:0.61848739,2018-05-01,21,2.0,2.0,6.0,24.0,7.462942474200205,8.0,21,136.0,37.462942474200204,98.5370575257998,36.67982390873016,28.538365164675913,68.1,52.62867026395919,31.42017609126984,24.090305099283274,55.510481190553115,38.253271611371346,7.424999999999999,111.74917753955961,113.40827536919346,113.40827536919346,0.665173675830712,0.5865301043202369,0.07864357151047507,30.75,6.25,60.64000000000001,0.6332122031486707,1.7737964688818986,1.405644055066511,high,high,True,True,synthetic_derived,42,412,595,412,223,15,283.5,396.0,283.0,194.0,13.0,2018-06-01,"distinct_customers: weight=0.4, training_median=283.5; transaction_count: weight=0.25, training_median=396; distinct_cities: weight=0.15, training_median=283; distinct_products: weight=0.1, training_median=194; distributor_count: weight=0.1, training_median=13",2014-08-03,active,experienced,63,21,78.125,39.375,48.625,47.375,45.06919642857143,41.91592261904762,38.93080357142857,84,74,15.873015873015872,103.47146068477741,8.277716854782193,168.0,False,111.74917753955961,98.5370575257998,85.0,100.0,120.0,100.0,cadence_aligned_planned_visit_hours + cadence_aligned_planned_travel_hours + unplanned_required_coverage_hours + preparation_follow_up_buffer,cadence-aligned service attributed to servicing reps; uncovered obligations attributed to dynamic portfolio owners; observed excess retained as diagnostics; all served territories retained as fractional transaction allocations,1.6,deterministic_hours_plus_legacy_normalized_workload
CAPCAL_21606fda070f2bf4,REP_6daf09991b71,Jimmy Grey,MGR_4b97498897f6,Alisha Cordwell,TEAM_b9dd960c1753,Charlie,TERR_938541fb7311,Charlie / Germany,2,0.608286252354049,TERR_938541fb7311:0.60828625|TERR_b74f6941cd2d:0.39171375,2018-05-01,21,1.0,1.0,12.0,18.0,8.39069809911195,8.0,21,152.0,38.39069809911195,113.60930190088806,36.07535962301587,27.81774998528081,65.6,49.21779735567362,29.524640376984127,21.400047370392812,50.924687747376936,25.84259148266587,0.0,96.91455717823955,85.30512515849021,85.30512515849021,0.5768723641561878,0.6762458446481432,-0.09937348049195538,21.25,0.0,59.523809523809526,0.5981450440799521,2.202603572232717,1.3154778051926608,medium,medium,False,False,synthetic_derived,42,384,531,383,218,16,283.5,396.0,283.0,194.0,13.0,2018-06-01,"distinct_customers: weight=0.4, training_median=283.5; transaction_count: weight=0.25, training_median=396; distinct_cities: weight=0.15, training_median=283; distinct_products: weight=0.1, training_median=194; distributor_count: weight=0.1, training_median=13",2012-08-25,active,senior,44,10,52.5,18.75,32.5,31.25,46.50669642857143,46.828125,37.49330357142857,84,78,0.0,89.73570109096255,7.178856087277004,168.0,False,96.91455717823955,113.60930190088806,85.0,100.0,120.0,100.0,cadence_aligned_planned_visit_hours + cadence_aligned_planned_travel_hours + unplanned_required_coverage_hours + preparation_follow_up_buffer,cadence-aligned service attributed to servicing reps; uncovered obligations attributed to dynamic portfolio owners; observed excess retained as diagnostics; all served territories retained as fractional transaction allocations,1.6,deterministic_hours_plus_legacy_normalized_workload
CAPCAL_6c3260f33a382a89,REP_82f7cb811b80,Stella Given,MGR_4b97498897f6,Alisha Cordwell,TEAM_b9dd960c1753,Charlie,TERR_938541fb7311,Charlie / Germany,2,0.5951557093425606,TERR_938541fb7311:0.59515571|TERR_b74f6941cd2d:0.40484429,2018-05-01,21,0.0,1.0,6.0,19.0,8.394063623437976,8.0,21,160.0,33.39406362343797,126.60593637656203,32.72636408730159,25.679078282081505,66.31666666666666,50.074795139170305,33.59030257936508,24.395716857088804,57.98601943645389,24.95118752985441,0.0,90.0251602911765,71.10658699558613,71.10658699558613,0.5358640493522411,0.7536067641462025,-0.21774271479396146,19.25,0.0,60.51282051282051,0.6089040439505564,2.1434561974089643,1.3718222109844151,low,low,False,False,synthetic_derived,42,398,578,398,216,16,283.5,396.0,283.0,194.0,13.0,2018-06-01,"distinct_customers: weight=0.4, training_median=283.5; transaction_count: weight=0.25, training_median=396; distinct_cities: weight=0.15, training_median=283; distinct_products: weight=0.1, training_median=194; distributor_count: weight=0.1, training_median=13",2013-04-26,active,senior,42,6,48.75,11.25,29.5,29.5,42.17261904761905,41.76934523809524,41.82738095238095,84,79,0.0,83.3566298992375,6.668530391939001,168.0,False,90.0251602911765,126.60593637656203,85.0,100.0,120.0,100.0,cadence_aligned_planned_visit_hours + cadence_aligned_planned_travel_hours + unplanned_required_coverage_hours + preparation_follow_up_buffer,cadence-aligned service attributed to servicing reps; uncovered obligations attributed to dynamic portfolio owners; observed excess retained as diagnostics; all served territories retained as fractional transaction allocations,1.6,deterministic_hours_plus_legacy_normalized_workload
CAPCAL_ab93cdb634454bed,REP_a132178ac1b8,Alan Ray,MGR_5e1c70ff0ce6,James Goodwill,TEAM_a405eba78bf2,Alfa,TERR_b31415d90eb9,Alfa / Germany,2,0.6357267950963222,TERR_6090deb666aa:0.36427320|TERR_b31415d90eb9:0.63572680,2018-05-01,21,2.0,0.0,9.0,23.0,5.240384140714321,8.0,21,152.0,37.24038414071432,114.75961585928567,36.417584325396824,26.999817393499995,67.65,49.35958770180889,31.232415674603175,22.359770308308896,53.59218598291207,21.990952950197094,5.0340444598011365,92.24102304262142,80.37759829705618,80.37759829705618,0.5490537085870323,0.6830929515433671,-0.13403924295633485,19.875,4.5,60.25,0.5999364245753397,2.3060255760655357,1.366421404192797,low,low,False,False,synthetic_derived,42,393,571,393,218,17,283.5,396.0,283.0,194.0,13.0,2018-06-01,"distinct_customers: weight=0.4, training_median=283.5; transaction_count: weight=0.25, training_median=396; distinct_cities: weight=0.15, training_median=283; distinct_products: weight=0.1, training_median=194; distributor_count: weight=0.1, training_median=13",2012-12-18,active,senior,40,13,50.0,24.375,33.0,30.125,45.004464285714285,44.604166666666664,38.995535714285715,84,78,18.461538461538463,85.40835466909391,6.832668373527513,168.0,False,92.24102304262142,114.75961585928567,85.0,100.0,120.0,100.0,cadence_aligned_planned_visit_hours + cadence_aligned_planned_travel_hours + unplanned_required_coverage_hours + preparation_follow_up_buffer,cadence-aligned service attributed to servicing reps; uncovered obligations attributed to dynamic portfolio owners; observed excess retained as diagnostics; all served territories retained as fractional transaction allocations,1.6,deterministic_hours_plus_legacy_normalized_workload
CAPCAL_da0ca4a631054c69,REP_bba68d031906,Steve Pepple,MGR_eb86f856200b,Tracy Banks,TEAM_f144a6907dc4,Bravo,TERR_07a5ea4d7ed4,Bravo / Germany,2,0.6771523178807947,TERR_07a5ea4d7ed4:0.67715232|TERR_9efd649c43bb:0.32284768,2018-05-01,21,0.0,0.0,5.0,19.0,6.9746554733167585,8.0,21,168.0,30.97465547331676,137.02534452668323,38.89634176587302,27.4816783027173,69.3,49.90725321162805,30.403658234126983,22.42557490891075,52.82923314303773,21.374005579023944,2.599680136162714,94.7721876994234,69.16398424451194,69.16398424451194,0.5641201648775203,0.8156270507540668,-0.25150688587654657,18.625,1.875,70.49504950495049,0.591316069334679,2.0602649499874652,1.4242047416728363,low,low,False,False,synthetic_derived,42,416,604,416,218,16,283.5,396.0,283.0,194.0,13.0,2018-06-01,"distinct_customers: weight=0.4, training_median=283.5; transaction_count: weight=0.25, training_median=396; distinct_cities: weight=0.15, training_median=283; distinct_products: weight=0.1, training_median=194; distributor_count: weight=0.1, training_median=13",2016-09-24,active,experienced,46,19,63.125,35.625,46.75,44.5,46.47544642857143,46.40550595238095,37.52455357142857,84,78,5.263157894736842,87.75202564761426,7.020162051809141,168.0,False,94.7721876994234,137.02534452668323,85.0,100.0,120.0,100.0,cadence_aligned_planned_visit_hours + cadence_aligned_planned_travel_hours + unplanned_required_coverage_hours + preparation_follow_up_buffer,cadence-aligned service attributed to servicing reps; uncovered obligations attributed to dynamic portfolio owners; observed excess retained as diagnostics; all served territories retained as fractional transaction allocations,1.6,deterministic_hours_plus_legacy_normalized_workload
CAPCAL_2da8f3927d9d185e,REP_c56e2fba156a,Thompson Crawford,MGR_5e1c70ff0ce6,James Goodwill,TEAM_a405eba78bf2,Alfa,TERR_b31415d90eb9,Alfa / Germany,2,0.6152482269503546,TERR_6090deb666aa:0.38475177|TERR_b31415d90eb9:0.61524823,2018-05-01,21,0.0,2.0,12.0,17.0,5.044903158263147,8.0,21,152.0,34.044903158263146,117.95509684173686,36.078211805555554,28.582229909582324,66.43333333333334,51.34989363755228,30.35512152777778,22.767663727969957,53.122785255747736,20.629194869597015,3.6858437434455573,92.11280751151368,78.09141781732721,78.09141781732721,0.5482905209018671,0.7021136716770051,-0.15382315077513797,17.75,4.5,67.35632183908045,0.6288081222844387,2.1421583142212484,1.3535874110279413,low,low,False,False,synthetic_derived,42,390,564,389,214,17,283.5,396.0,283.0,194.0,13.0,2018-06-01,"distinct_customers: weight=0.4, training_median=283.5; transaction_count: weight=0.25, training_median=396; distinct_cities: weight=0.15, training_median=283; distinct_products: weight=0.1, training_median=194; distributor_count: weight=0.1, training_median=13",2014-02-24,active,senior,43,15,54.375,28.125,38.5,36.625,45.454613095238095,44.32217261904762,38.545386904761905,84,78,16.0,85.2896365847349,6.823170926778792,168.0,False,92.11280751151368,117.95509684173686,85.0,100.0,120.0,100.0,cadence_aligned_planned_visit_hours + cadence_aligned_planned_travel_hours + unplanned_required_coverage_hours + preparation_follow_up_buffer,cadence-aligned service attributed to servicing reps; uncovered obligations attributed to dynamic portfolio owners; observed excess retained as diagnostics; all served territories retained as fractional transaction allocations,1.6,deterministic_hours_plus_legacy_normalized_workload
CAPCAL_14589cbbc8004e7f,REP_d21d2dd167c5,Morris Garcia,MGR_eb86f856200b,Tracy Banks,TEAM_f144a6907dc4,Bravo,TERR_07a5ea4d7ed4,Bravo / Germany,2,0.5834797891036907,TERR_07a5ea4d7ed4:0.58347979|TERR_9efd649c43bb:0.41652021,2018-05-01,21,2.0,1.0,6.0,24.0,6.294750461533862,8.0,21,144.0,36.294750461533866,107.70524953846613,33.574330357142856,27.138602175480088,64.76666666666667,52.00480121189787,31.19233630952381,24.866199036417783,56.05853534594159,17.620304264902902,1.2374999999999998,84.59989574132791,78.54760664299253,78.54760664299253,0.5035708079840947,0.6411026758242032,-0.1375318678401085,13.875,0.875,49.54545454545455,0.627870986088364,3.2538421438972276,1.379125575399087,low,low,False,False,synthetic_derived,42,401,569,400,216,17,283.5,396.0,283.0,194.0,13.0,2018-06-01,"distinct_customers: weight=0.4, training_median=283.5; transaction_count: weight=0.25, training_median=396; distinct_cities: weight=0.15, training_median=283; distinct_products: weight=0.1, training_median=194; distributor_count: weight=0.1, training_median=13",2014-01-05,active,senior,26,6,27.5,11.25,13.625,13.625,43.223214285714285,41.819940476190474,40.776785714285715,84,78,7.777777777777778,78.33323679752584,6.266658943802067,168.0,False,84.59989574132791,107.70524953846613,85.0,100.0,120.0,100.0,cadence_aligned_planned_visit_hours + cadence_aligned_planned_travel_hours + unplanned_required_coverage_hours + preparation_follow_up_buffer,cadence-aligned service attributed to servicing reps; uncovered obligations attributed to dynamic portfolio owners; observed excess retained as diagnostics; all served territories retained as fractional transaction allocations,1.6,deterministic_hours_plus_legacy_normalized_workload
CAPCAL_74a8ca3a054b3999,REP_db1cc40d477a,Erica Jones,MGR_5e1c70ff0ce6,James Goodwill,TEAM_a405eba78bf2,Alfa,TERR_b31415d90eb9,Alfa / Germany,2,0.6565143824027073,TERR_6090deb666aa:0.34348562|TERR_b31415d90eb9:0.65651438,2018-05-01,21,1.0,1.0,11.0,24.0,8.542960816193677,8.0,21,152.0,43.54296081619368,108.45703918380633,37.24652777777778,28.19876547610939,69.68333333333334,51.571758676843146,32.43680555555556,23.372993200733752,55.80979875628931,26.943952858735035,2.2754846164715516,99.78038580163198,91.99991678966113,91.99991678966113,0.593930867866857,0.6455776141893234,-0.05164674632246635,21.75,1.75,57.03703703703704,0.6214502057865215,2.375723471467428,1.3733456421693342,medium,medium,False,False,synthetic_derived,42,389,591,389,222,17,283.5,396.0,283.0,194.0,13.0,2018-06-01,"distinct_customers: weight=0.4, training_median=283.5; transaction_count: weight=0.25, training_median=396; distinct_cities: weight=0.15, training_median=283; distinct_products: weight=0.1, training_median=194; distributor_count: weight=0.1, training_median=13",2013-02-07,active,senior,42,11,50.625,20.625,29.875,28.875,45.37574404761905,40.61830357142857,38.62425595238095,84,72,8.484848484848486,92.3892461126222,7.391139689009776,168.0,False,99.78038580163198,108.45703918380633,85.0,100.0,120.0,100.0,cadence_aligned_planned_visit_hours + cadence_aligned_planned_travel_hours + unplanned_required_coverage_hours + preparation_follow_up_buffer,cadence-aligned service attributed to servicing reps; uncovered obligations attributed to dynamic portfolio owners; observed excess retained as diagnostics; all served territories retained as fractional transaction allocations,1.6,deterministic_hours_plus_legacy_normalized_workload
CAPCAL_f9cbda4151f69f23,REP_e7e9152643c7,Jessica Smith,MGR_31981a685b7e,Britanny Bold,TEAM_4f4a9410ffcd,Delta,TERR_49c0203db75f,Delta / Germany,2,0.609375,TERR_3170779e5944:0.39062500|TERR_49c0203db75f:0.60937500,2018-05-01,21,2.0,0.0,6.0,25.0,5.107459422466015,8.0,21,152.0,36.107459422466015,115.89254057753399,35.366145833333334,27.259423732334046,66.25,50.715812279433116,30.883854166666666,23.45638854709907,54.34024271376574,18.690082550019966,0.0,87.82090428494233,75.77787478581395,75.77787478581395,0.5227434778865615,0.6898365510567499,-0.1670930731701884,15.625,0.0,63.76811594202898,0.6088454398287791,2.509168693855495,1.3589137642420464,low,low,False,False,synthetic_derived,42,392,576,392,216,16,283.5,396.0,283.0,194.0,13.0,2018-06-01,"distinct_customers: weight=0.4, training_median=283.5; transaction_count: weight=0.25, training_median=396; distinct_cities: weight=0.15, training_median=283; distinct_products: weight=0.1, training_median=194; distributor_count: weight=0.1, training_median=13",2015-11-19,active,experienced,35,10,43.125,18.75,28.5,27.5,44.77232142857143,43.069940476190474,39.22767857142857,84,78,0.0,81.31565211568734,6.505252169254987,168.0,False,87.82090428494233,115.89254057753399,85.0,100.0,120.0,100.0,cadence_aligned_planned_visit_hours + cadence_aligned_planned_travel_hours + unplanned_required_coverage_hours + preparation_follow_up_buffer,cadence-aligned service attributed to servicing reps; uncovered obligations attributed to dynamic portfolio owners; observed excess retained as diagnostics; all served territories retained as fractional transaction allocations,1.6,deterministic_hours_plus_legacy_normalized_workload
CAPCAL_f4b9f8e4b80227d5,REP_0dfc420450a6,Abigail Thompson,MGR_eb86f856200b,Tracy Banks,TEAM_f144a6907dc4,Bravo,TERR_07a5ea4d7ed4,Bravo / Germany,2,0.6168831168831169,TERR_07a5ea4d7ed4:0.61688312|TERR_9efd649c43bb:0.38311688,2018-06-01,21,2.0,0.0,5.0,26.0,8.221653346666674,8.0,21,152.0,39.22165334666667,112.77834665333333,37.68707837301587,28.866610256820312,69.01666666666667,52.430263062878666,31.329588293650794,23.563652806058357,54.89324109970915,43.25549979994893,2.138427187654768,118.59392350416792,105.15664311759328,105.15664311759328,0.7059162113343328,0.6712996824603175,0.03461652887401534,35.25,1.75,72.35294117647058,0.6320434678195347,1.1188105990959238,1.4556958919429017,high,high,True,True,synthetic_derived,42,413,616,413,216,20,283.5,396.0,283.0,194.0,13.0,2018-06-01,"distinct_customers: weight=0.4, training_median=283.5; transaction_count: weight=0.25, training_median=396; distinct_cities: weight=0.15, training_median=283; distinct_products: weight=0.1, training_median=194; distributor_count: weight=0.1, training_median=13",2015-02-18,active,experienced,106,28,127.5,52.5,93.25,92.25,45.671875,45.023065476190474,38.328125,84,77,3.3333333333333335,109.80918842978511,8.784735074382809,168.0,False,118.59392350416792,112.77834665333333,85.0,100.0,120.0,100.0,cadence_aligned_planned_visit_hours + cadence_aligned_planned_travel_hours + unplanned_required_coverage_hours + preparation_follow_up_buffer,cadence-aligned service attributed to servicing reps; uncovered obligations attributed to dynamic portfolio owners; observed excess retained as diagnostics; all served territories retained as fractional transaction allocations,1.6,deterministic_hours_plus_legacy_normalized_workload
CAPCAL_2e4c38460a1c38cf,REP_200ef690040c,Mary Gerrard,MGR_31981a685b7e,Britanny Bold,TEAM_4f4a9410ffcd,Delta,TERR_49c0203db75f,Delta / Germany,2,0.6124567474048442,TERR_3170779e5944:0.38754325|TERR_49c0203db75f:0.61245675,2018-06-01,21,0.0,0.0,10.0,21.0,5.929139621395542,8.0,21,168.0,36.92913962139554,131.07086037860446,37.80352182539683,27.710566855076,68.88333333333333,49.73176790693165,31.07981150793651,22.021201051855652,53.10101255979216,38.95073536825963,1.2374999999999998,112.82200997263105,86.07711099686023,86.07711099686023,0.671559583170423,0.7801836927297885,-0.10862410955936552,31.875,1.75,68.125,0.593646420766739,1.3118838368910588,1.423081383350894,medium,medium,False,False,synthetic_derived,42,403,578,403,222,21,283.5,396.0,283.0,194.0,13.0,2018-06-01,"distinct_customers: weight=0.4, training_median=283.5; transaction_count: weight=0.25, training_median=396; distinct_cities: weight=0.15, training_median=283; distinct_products: weight=0.1, training_median=194; distributor_count: weight=0.1, training_median=13",2015-01-06,active,experienced,86,18,100.0,33.75,69.75,68.125,46.67857142857143,47.476190476190474,37.32142857142857,84,79,5.185185185185185,104.46482404873245,8.357185923898596,168.0,False,112.82200997263105,131.07086037860446,85.0,100.0,120.0,100.0,cadence_aligned_planned_visit_hours + cadence_aligned_planned_travel_hours + unplanned_required_coverage_hours + preparation_follow_up_buffer,cadence-aligned service attributed to servicing reps; uncovered obligations attributed to dynamic portfolio owners; observed excess retained as diagnostics; all served territories retained as fractional transaction allocations,1.6,deterministic_hours_plus_legacy_normalized_workload
CAPCAL_0db631a5e239afff,REP_2234ec3bee93,Daniel Gates,MGR_4b97498897f6,Alisha Cordwell,TEAM_b9dd960c1753,Charlie,TERR_938541fb7311,Charlie / Germany,2,0.6412478336221837,TERR_938541fb7311:0.64124783|TERR_b74f6941cd2d:0.35875217,2018-06-01,21,1.0,1.0,10.0,16.0,7.873612685147121,8.0,21,152.0,33.87361268514712,118.12638731485288,36.67721974206349,28.131375303343084,66.8,49.89834241515111,30.12278025793651,21.76696711180803,51.88974736974454,34.19431478681081,0.0,106.92314261879477,90.51588307175001,90.51588307175001,0.636447277492826,0.7031332578265053,-0.06668598033367923,29.875,0.875,71.54761904761905,0.6067622353269532,1.2579193249269973,1.3901934225524442,medium,medium,False,False,synthetic_derived,42,393,577,393,212,20,283.5,396.0,283.0,194.0,13.0,2018-06-01,"distinct_customers: weight=0.4, training_median=283.5; transaction_count: weight=0.25, training_median=396; distinct_cities: weight=0.15, training_median=283; distinct_products: weight=0.1, training_median=194; distributor_count: weight=0.1, training_median=13",2012-10-27,active,senior,85,22,105.0,41.25,78.25,75.125,46.36309523809524,45.830357142857146,37.63690476190476,84,79,2.1212121212121215,99.00290983221738,7.920232786577391,168.0,False,106.92314261879477,118.12638731485288,85.0,100.0,120.0,100.0,cadence_aligned_planned_visit_hours + cadence_aligned_planned_travel_hours + unplanned_required_coverage_hours + preparation_follow_up_buffer,cadence-aligned service attributed to servicing reps; uncovered obligations attributed to dynamic portfolio owners; observed excess retained as diagnostics; all served territories retained as fractional transaction allocations,1.6,deterministic_hours_plus_legacy_normalized_workload
CAPCAL_ef5ededdaafb3658,REP_56269a9759c4,Anne Wu,MGR_31981a685b7e,Britanny Bold,TEAM_4f4a9410ffcd,Delta,TERR_49c0203db75f,Delta / Germany,2,0.6054421768707483,TERR_3170779e5944:0.39455782|TERR_49c0203db75f:0.60544218,2018-06-01,21,0.0,0.0,11.0,18.0,6.412076660767614,8.0,21,168.0,35.41207666076761,132.5879233392324,38.066307043650795,31.381022704472603,63.266666666666666,51.95030461577455,25.200359623015874,20.569281911301943,45.76964153431782,39.007684674487784,9.56829527616931,117.13141557642008,88.34244675266079,88.34244675266079,0.6972108070025005,0.7892138294001928,-0.09200302239769231,34.0,8.125,59.40298507462687,0.6303972036770773,1.697556747484349,1.4222176708892436,medium,medium,False,False,synthetic_derived,42,403,588,403,223,20,283.5,396.0,283.0,194.0,13.0,2018-06-01,"distinct_customers: weight=0.4, training_median=283.5; transaction_count: weight=0.25, training_median=396; distinct_cities: weight=0.15, training_median=283; distinct_products: weight=0.1, training_median=194; distributor_count: weight=0.1, training_median=13",2015-04-14,active,experienced,69,21,83.75,39.375,52.875,49.75,49.779761904761905,46.007440476190474,34.220238095238095,84,75,20.634920634920633,108.45501442261119,8.676401153808895,168.0,False,117.13141557642008,132.5879233392324,85.0,100.0,120.0,100.0,cadence_aligned_planned_visit_hours + cadence_aligned_planned_travel_hours + unplanned_required_coverage_hours + preparation_follow_up_buffer,cadence-aligned service attributed to servicing reps; uncovered obligations attributed to dynamic portfolio owners; observed excess retained as diagnostics; all served territories retained as fractional transaction allocations,1.6,deterministic_hours_plus_legacy_normalized_workload
CAPCAL_7551f3af62fc7758,REP_6003efb01f5e,Sheila Stones,MGR_31981a685b7e,Britanny Bold,TEAM_4f4a9410ffcd,Delta,TERR_49c0203db75f,Delta / Germany,2,0.631858407079646,TERR_3170779e5944:0.36814159|TERR_49c0203db75f:0.63185841,2018-06-01,21,2.0,0.0,6.0,24.0,6.01536858346458,8.0,21,152.0,36.01536858346458,115.98463141653542,37.8656498015873,29.371593143188854,67.21666666666667,51.76968213253968,29.351016865079366,22.398088989350825,51.74910585443019,31.765066133815747,2.337808322288224,106.92249380487925,92.1867772471412,92.1867772471412,0.6364434155052336,0.6903847108127108,-0.053941295307477155,24.75,1.75,65.26315789473685,0.6218168543955298,1.8434912724979182,1.36501838677488,medium,medium,False,False,synthetic_derived,42,390,565,390,219,18,283.5,396.0,283.0,194.0,13.0,2018-06-01,"distinct_customers: weight=0.4, training_median=283.5; transaction_count: weight=0.25, training_median=396; distinct_cities: weight=0.15, training_median=283; distinct_products: weight=0.1, training_median=194; distributor_count: weight=0.1, training_median=13",2014-08-03,active,experienced,58,14,71.25,26.25,46.75,46.5,47.23511904761905,48.239583333333336,36.76488095238095,84,82,6.666666666666667,99.0023090785919,7.920184726287353,168.0,False,106.92249380487925,115.98463141653542,85.0,100.0,120.0,100.0,cadence_aligned_planned_visit_hours + cadence_aligned_planned_travel_hours + unplanned_required_coverage_hours + preparation_follow_up_buffer,cadence-aligned service attributed to servicing reps; uncovered obligations attributed to dynamic portfolio owners; observed excess retained as diagnostics; all served territories retained as fractional transaction allocations,1.6,deterministic_hours_plus_legacy_normalized_workload
CAPCAL_017bd59b6981088c,REP_6daf09991b71,Jimmy Grey,MGR_4b97498897f6,Alisha Cordwell,TEAM_b9dd960c1753,Charlie,TERR_938541fb7311,Charlie / Germany,2,0.6418152350081038,TERR_938541fb7311:0.64181524|TERR_b74f6941cd2d:0.35818476,2018-06-01,21,1.0,1.0,12.0,18.0,5.848447126784185,8.0,21,152.0,35.84844712678419,116.15155287321582,41.10262896825397,32.547305475918265,66.25,51.863179034724055,25.147371031746033,19.31587355880579,44.463244590551824,34.84780302472132,8.532140459121754,117.17755646640504,100.883331791792,100.883331791792,0.6974854551571729,0.691378290911999,0.0061071642451738795,30.75,8.875,64.34782608695652,0.6282469489233375,1.723199359800074,1.463351241701909,high,high,True,True,synthetic_derived,42,410,617,410,226,21,283.5,396.0,283.0,194.0,13.0,2018-06-01,"distinct_customers: weight=0.4, training_median=283.5; transaction_count: weight=0.25, training_median=396; distinct_cities: weight=0.15, training_median=283; distinct_products: weight=0.1, training_median=194; distributor_count: weight=0.1, training_median=13",2012-08-25,active,senior,68,24,86.25,45.0,59.125,55.5,51.80654761904762,50.135416666666664,32.19345238095238,84,79,19.72222222222222,108.49773746889355,8.679818997511484,168.0,False,117.17755646640504,116.15155287321582,85.0,100.0,120.0,100.0,cadence_aligned_planned_visit_hours + cadence_aligned_planned_travel_hours + unplanned_required_coverage_hours + preparation_follow_up_buffer,cadence-aligned service attributed to servicing reps; uncovered obligations attributed to dynamic portfolio owners; observed excess retained as diagnostics; all served territories retained as fractional transaction allocations,1.6,deterministic_hours_plus_legacy_normalized_workload
CAPCAL_27acf2b76a797889,REP_82f7cb811b80,Stella Given,MGR_4b97498897f6,Alisha Cordwell,TEAM_b9dd960c1753,Charlie,TERR_938541fb7311,Charlie / Germany,2,0.6147260273972602,TERR_938541fb7311:0.61472603|TERR_b74f6941cd2d:0.38527397,2018-06-01,21,0.0,0.0,6.0,19.0,5.622611595433137,8.0,21,168.0,30.622611595433135,137.37738840456686,38.57900545634921,29.178987908737852,66.91666666666667,50.870382718270065,28.33766121031746,21.69139480953221,50.02905601984967,20.97086503018843,3.5747205465110192,95.82716706689753,69.7546868373223,69.7546868373223,0.5703998039696282,0.8177225500271836,-0.24732274605755544,17.0,2.75,73.06930693069307,0.6079144279854856,1.9165433413379507,1.4011781883911616,low,low,False,False,synthetic_derived,42,394,584,393,222,20,283.5,396.0,283.0,194.0,13.0,2018-06-01,"distinct_customers: weight=0.4, training_median=283.5; transaction_count: weight=0.25, training_median=396; distinct_cities: weight=0.15, training_median=283; distinct_products: weight=0.1, training_median=194; distributor_count: weight=0.1, training_median=13",2013-04-26,active,senior,50,16,63.125,30.0,46.75,46.125,47.998511904761905,48.65625,36.001488095238095,84,80,9.166666666666666,88.7288583952755,7.09830867162204,168.0,False,95.82716706689753,137.37738840456686,85.0,100.0,120.0,100.0,cadence_aligned_planned_visit_hours + cadence_aligned_planned_travel_hours + unplanned_required_coverage_hours + preparation_follow_up_buffer,cadence-aligned service attributed to servicing reps; uncovered obligations attributed to dynamic portfolio owners; observed excess retained as diagnostics; all served territories retained as fractional transaction allocations,1.6,deterministic_hours_plus_legacy_normalized_workload
CAPCAL_10660a679152723a,REP_a132178ac1b8,Alan Ray,MGR_5e1c70ff0ce6,James Goodwill,TEAM_a405eba78bf2,Alfa,TERR_b31415d90eb9,Alfa / Germany,2,0.6355475763016158,TERR_6090deb666aa:0.36445242|TERR_b31415d90eb9:0.63554758,2018-06-01,21,2.0,0.0,9.0,23.0,8.217016174686782,8.0,21,152.0,40.21701617468678,111.78298382531321,39.32465277777778,29.943443523047776,68.7,51.969061498604006,29.37534722222222,22.02561797555623,51.400965197778454,21.815770407097876,2.247554368975427,98.37057604455731,88.00138686428706,88.00138686428706,0.585539143122365,0.6653749037221024,-0.0798357605997374,18.0,2.75,68.0,0.6205799333062377,2.2356949101035752,1.3447485553664138,medium,medium,False,False,synthetic_derived,42,379,557,378,217,19,283.5,396.0,283.0,194.0,13.0,2018-06-01,"distinct_customers: weight=0.4, training_median=283.5; transaction_count: weight=0.25, training_median=396; distinct_cities: weight=0.15, training_median=283; distinct_products: weight=0.1, training_median=194; distributor_count: weight=0.1, training_median=13",2012-12-18,active,senior,44,14,56.25,26.25,39.25,38.25,48.25074404761905,47.63764880952381,35.74925595238095,84,80,10.476190476190476,91.08386670792343,7.286709336633875,168.0,False,98.37057604455731,111.78298382531321,85.0,100.0,120.0,100.0,cadence_aligned_planned_visit_hours + cadence_aligned_planned_travel_hours + unplanned_required_coverage_hours + preparation_follow_up_buffer,cadence-aligned service attributed to servicing reps; uncovered obligations attributed to dynamic portfolio owners; observed excess retained as diagnostics; all served territories retained as fractional transaction allocations,1.6,deterministic_hours_plus_legacy_normalized_workload
CAPCAL_8e1d8ef9c7acf6bb,REP_bba68d031906,Steve Pepple,MGR_eb86f856200b,Tracy Banks,TEAM_f144a6907dc4,Bravo,TERR_07a5ea4d7ed4,Bravo / Germany,2,0.6104553119730185,TERR_07a5ea4d7ed4:0.61045531|TERR_9efd649c43bb:0.38954469,2018-06-01,21,0.0,0.0,5.0,19.0,5.7233532095887245,8.0,21,168.0,29.723353209588723,138.2766467904113,40.243477182539685,32.25380517812976,66.63333333333334,52.628102274008064,26.38985615079365,20.37429709587831,46.76415324667196,22.453989961232608,2.2616844989637723,102.54737410765422,74.16102175451748,74.16102175451748,0.6104010363550847,0.8230752785143529,-0.21267424215926822,17.875,1.75,67.1264367816092,0.6367378695564981,2.181859023567111,1.404282686985351,low,low,False,False,synthetic_derived,42,394,593,393,217,20,283.5,396.0,283.0,194.0,13.0,2018-06-01,"distinct_customers: weight=0.4, training_median=283.5; transaction_count: weight=0.25, training_median=396; distinct_cities: weight=0.15, training_median=283; distinct_products: weight=0.1, training_median=194; distributor_count: weight=0.1, training_median=13",2016-09-24,active,experienced,47,10,54.375,18.75,36.75,36.5,50.654761904761905,48.458333333333336,33.345238095238095,84,78,9.333333333333334,94.95127232190205,7.596101785752165,168.0,False,102.54737410765422,138.2766467904113,85.0,100.0,120.0,100.0,cadence_aligned_planned_visit_hours + cadence_aligned_planned_travel_hours + unplanned_required_coverage_hours + preparation_follow_up_buffer,cadence-aligned service attributed to servicing reps; uncovered obligations attributed to dynamic portfolio owners; observed excess retained as diagnostics; all served territories retained as fractional transaction allocations,1.6,deterministic_hours_plus_legacy_normalized_workload
CAPCAL_f5d8e975996b17dd,REP_c56e2fba156a,Thompson Crawford,MGR_5e1c70ff0ce6,James Goodwill,TEAM_a405eba78bf2,Alfa,TERR_b31415d90eb9,Alfa / Germany,2,0.6589285714285714,TERR_6090deb666aa:0.34107143|TERR_b31415d90eb9:0.65892857,2018-06-01,21,0.0,1.0,12.0,17.0,4.498077100456549,8.0,21,160.0,33.49807710045655,126.50192289954344,42.26750992063492,31.798644681053663,68.01666666666667,51.552198926423046,25.749156746031744,19.753554245369386,45.50271099140113,11.461343759861286,1.2374999999999998,92.36969823047386,73.01841435550797,73.01841435550797,0.5498196323242491,0.7529876363068062,-0.20316800398255708,9.5,0.875,77.31343283582089,0.62246757044097,2.886553069702308,1.3616402200643214,low,low,False,False,synthetic_derived,42,387,560,385,217,19,283.5,396.0,283.0,194.0,13.0,2018-06-01,"distinct_customers: weight=0.4, training_median=283.5; transaction_count: weight=0.25, training_median=396; distinct_cities: weight=0.15, training_median=283; distinct_products: weight=0.1, training_median=194; distributor_count: weight=0.1, training_median=13",2014-02-24,active,senior,32,12,41.875,22.5,33.0,32.375,51.08482142857143,46.604166666666664,32.91517857142857,84,75,3.888888888888889,85.52749836154987,6.8421998689239905,168.0,False,92.36969823047386,126.50192289954344,85.0,100.0,120.0,100.0,cadence_aligned_planned_visit_hours + cadence_aligned_planned_travel_hours + unplanned_required_coverage_hours + preparation_follow_up_buffer,cadence-aligned service attributed to servicing reps; uncovered obligations attributed to dynamic portfolio owners; observed excess retained as diagnostics; all served territories retained as fractional transaction allocations,1.6,deterministic_hours_plus_legacy_normalized_workload
CAPCAL_3b142d7baac8e7a9,REP_d21d2dd167c5,Morris Garcia,MGR_eb86f856200b,Tracy Banks,TEAM_f144a6907dc4,Bravo,TERR_07a5ea4d7ed4,Bravo / Germany,2,0.6209964412811388,TERR_07a5ea4d7ed4:0.62099644|TERR_9efd649c43bb:0.37900356,2018-06-01,21,2.0,0.0,6.0,24.0,5.04120881371641,8.0,21,152.0,35.04120881371641,116.95879118628359,41.33158482142857,32.32581283606526,67.6,51.34138241284241,26.268415178571427,19.015569576777146,45.28398475534858,17.87950213542346,2.4749999999999996,98.85985177635068,84.52537066571917,84.52537066571917,0.588451498668754,0.6961832808707357,-0.10773178220198165,14.25,1.75,60.689655172413794,0.6237565676746067,3.0893703680109588,1.3653738517425937,low,low,False,False,synthetic_derived,42,388,562,387,217,19,283.5,396.0,283.0,194.0,13.0,2018-06-01,"distinct_customers: weight=0.4, training_median=283.5; transaction_count: weight=0.25, training_median=396; distinct_cities: weight=0.15, training_median=283; distinct_products: weight=0.1, training_median=194; distributor_count: weight=0.1, training_median=13",2014-01-05,active,senior,32,10,36.25,18.75,22.0,22.0,51.82440476190476,51.729166666666664,32.17559523809524,84,81,9.333333333333334,91.5368997929173,7.322951983433384,168.0,False,98.85985177635068,116.95879118628359,85.0,100.0,120.0,100.0,cadence_aligned_planned_visit_hours + cadence_aligned_planned_travel_hours + unplanned_required_coverage_hours + preparation_follow_up_buffer,cadence-aligned service attributed to servicing reps; uncovered obligations attributed to dynamic portfolio owners; observed excess retained as diagnostics; all served territories retained as fractional transaction allocations,1.6,deterministic_hours_plus_legacy_normalized_workload
CAPCAL_d01981e1cff44ab0,REP_db1cc40d477a,Erica Jones,MGR_5e1c70ff0ce6,James Goodwill,TEAM_a405eba78bf2,Alfa,TERR_b31415d90eb9,Alfa / Germany,2,0.6134868421052632,TERR_6090deb666aa:0.38651316|TERR_b31415d90eb9:0.61348684,2018-06-01,21,1.0,1.0,11.0,24.0,7.431385125174776,8.0,21,152.0,42.43138512517478,109.56861487482522,36.31738591269841,30.417282455936427,65.83333333333333,53.40772107731949,29.515947420634923,22.990438621383067,52.506386042017986,23.730102492778045,3.7083612839726388,97.70195253032591,89.1696519500076,89.1696519500076,0.5815592412519399,0.6521941361596739,-0.070634894907734,19.5,3.5,56.666666666666664,0.6396624569046871,2.442548813258148,1.4456832059348057,medium,medium,False,False,synthetic_derived,42,416,608,416,210,19,283.5,396.0,283.0,194.0,13.0,2018-06-01,"distinct_customers: weight=0.4, training_median=283.5; transaction_count: weight=0.25, training_median=396; distinct_cities: weight=0.15, training_median=283; distinct_products: weight=0.1, training_median=194; distributor_count: weight=0.1, training_median=13",2013-02-07,active,senior,40,9,45.0,16.875,26.625,25.5,47.552083333333336,45.27827380952381,36.447916666666664,84,77,20.74074074074074,90.46477086141289,7.237181668913031,168.0,False,97.70195253032591,109.56861487482522,85.0,100.0,120.0,100.0,cadence_aligned_planned_visit_hours + cadence_aligned_planned_travel_hours + unplanned_required_coverage_hours + preparation_follow_up_buffer,cadence-aligned service attributed to servicing reps; uncovered obligations attributed to dynamic portfolio owners; observed excess retained as diagnostics; all served territories retained as fractional transaction allocations,1.6,deterministic_hours_plus_legacy_normalized_workload
CAPCAL_74fe2bdbe062d4e6,REP_e7e9152643c7,Jessica Smith,MGR_31981a685b7e,Britanny Bold,TEAM_4f4a9410ffcd,Delta,TERR_49c0203db75f,Delta / Germany,2,0.6441515650741351,TERR_3170779e5944:0.35584843|TERR_49c0203db75f:0.64415157,2018-06-01,21,2.0,2.0,6.0,25.0,7.355488616035375,8.0,21,136.0,38.35548861603537,97.64451138396463,37.99888392857143,30.571580484423816,67.53333333333333,53.701035412074184,29.534449404761904,23.12945492765037,52.66390433241227,19.261681881692525,3.7410898922834686,94.85871799826279,97.14700463321758,97.14700463321758,0.5646352261801356,0.5812173296664561,-0.0165821034863205,15.375,2.75,63.8235294117647,0.649082243389871,2.7899622940665525,1.4325453430414696,medium,medium,False,False,synthetic_derived,42,404,607,404,216,20,283.5,396.0,283.0,194.0,13.0,2018-06-01,"distinct_customers: weight=0.4, training_median=283.5; transaction_count: weight=0.25, training_median=396; distinct_cities: weight=0.15, training_median=283; distinct_products: weight=0.1, training_median=194; distributor_count: weight=0.1, training_median=13",2015-11-19,active,experienced,34,11,42.5,20.625,27.625,27.125,47.09970238095238,44.049107142857146,36.90029761904762,84,76,13.333333333333334,87.83214629468777,7.026571703575022,168.0,False,94.85871799826279,97.64451138396463,85.0,100.0,120.0,100.0,cadence_aligned_planned_visit_hours + cadence_aligned_planned_travel_hours + unplanned_required_coverage_hours + preparation_follow_up_buffer,cadence-aligned service attributed to servicing reps; uncovered obligations attributed to dynamic portfolio owners; observed excess retained as diagnostics; all served territories retained as fractional transaction allocations,1.6,deterministic_hours_plus_legacy_normalized_workload
CAPCAL_2e651fac95659cce,REP_0dfc420450a6,Abigail Thompson,MGR_eb86f856200b,Tracy Banks,TEAM_f144a6907dc4,Bravo,TERR_07a5ea4d7ed4,Bravo / Germany,2,0.6262135922330098,TERR_07a5ea4d7ed4:0.62621359|TERR_9efd649c43bb:0.37378641,2018-07-01,21,2.0,2.0,5.0,26.0,4.920981542082631,8.0,21,136.0,35.92098154208263,100.07901845791737,37.14654017857143,28.4939960342354,68.15,51.38694465579667,31.00345982142857,22.89294862156127,53.89640844298984,46.42146879295974,3.7965444598011366,121.0269654062279,120.93140727306294,120.93140727306294,0.7203986036084994,0.5957084432018891,0.1246901604066103,42.875,5.5,68.95927601809954,0.6103326215218879,1.1103391321672285,1.4398823921679798,critical,critical,True,True,synthetic_derived,42,419,618,418,221,16,283.5,396.0,283.0,194.0,13.0,2018-06-01,"distinct_customers: weight=0.4, training_median=283.5; transaction_count: weight=0.25, training_median=396; distinct_cities: weight=0.15, training_median=283; distinct_products: weight=0.1, training_median=194; distributor_count: weight=0.1, training_median=13",2015-02-18,active,experienced,109,38,138.125,71.25,101.75,95.25,46.686011904761905,39.90029761904762,37.313988095238095,84,71,7.719298245614035,112.06200500576658,8.964960400461326,168.0,False,121.0269654062279,100.07901845791737,85.0,100.0,120.0,100.0,cadence_aligned_planned_visit_hours + cadence_aligned_planned_travel_hours + unplanned_required_coverage_hours + preparation_follow_up_buffer,cadence-aligned service attributed to servicing reps; uncovered obligations attributed to dynamic portfolio owners; observed excess retained as diagnostics; all served territories retained as fractional transaction allocations,1.6,deterministic_hours_plus_legacy_normalized_workload
CAPCAL_cf3055f082e65fce,REP_200ef690040c,Mary Gerrard,MGR_31981a685b7e,Britanny Bold,TEAM_4f4a9410ffcd,Delta,TERR_49c0203db75f,Delta / Germany,2,0.5716440422322775,TERR_3170779e5944:0.42835596|TERR_49c0203db75f:0.57164404,2018-07-01,21,0.0,0.0,10.0,21.0,7.179384150903664,8.0,21,168.0,38.179384150903665,129.82061584909633,40.583333333333336,31.181741321108635,69.83333333333333,52.656217763332194,29.25,21.474476442223562,50.72447644222356,55.348342562644135,6.067463730745377,137.282490594453,105.74783496176784,105.74783496176784,0.8171576821098393,0.7727417610065258,0.044415921103313494,43.75,4.5,64.82412060301507,0.6365650540832385,1.3200239480235867,1.493314285760068,high,high,True,True,synthetic_derived,42,425,663,425,231,17,283.5,396.0,283.0,194.0,13.0,2018-06-01,"distinct_customers: weight=0.4, training_median=283.5; transaction_count: weight=0.25, training_median=396; distinct_cities: weight=0.15, training_median=283; distinct_products: weight=0.1, training_median=194; distributor_count: weight=0.1, training_median=13",2015-01-06,active,experienced,104,25,124.375,46.875,81.625,80.625,48.984375,46.223958333333336,35.015625,84,77,9.6,127.11341721708611,10.169073377366889,168.0,False,137.282490594453,129.82061584909633,85.0,100.0,120.0,100.0,cadence_aligned_planned_visit_hours + cadence_aligned_planned_travel_hours + unplanned_required_coverage_hours + preparation_follow_up_buffer,cadence-aligned service attributed to servicing reps; uncovered obligations attributed to dynamic portfolio owners; observed excess retained as diagnostics; all served territories retained as fractional transaction allocations,1.6,deterministic_hours_plus_legacy_normalized_workload
CAPCAL_3d3d74b699790098,REP_2234ec3bee93,Daniel Gates,MGR_4b97498897f6,Alisha Cordwell,TEAM_b9dd960c1753,Charlie,TERR_938541fb7311,Charlie / Germany,2,0.6175040518638574,TERR_938541fb7311:0.61750405|TERR_b74f6941cd2d:0.38249595,2018-07-01,21,1.0,2.0,10.0,16.0,5.553587770666602,8.0,21,144.0,31.553587770666603,112.44641222933339,36.07621527777778,28.552445629532208,66.63333333333334,51.21790887226547,30.557118055555556,22.66546324273326,53.222581298288816,36.45830394253253,5.118088919602274,109.1739220378299,97.08973356586132,97.08973356586132,0.6498447740347018,0.6693238823174606,-0.019479108282758895,31.0,3.75,70.12048192771084,0.6193629059377528,1.3996656671516654,1.4313663131266923,medium,medium,False,False,synthetic_derived,42,416,617,415,217,16,283.5,396.0,283.0,194.0,13.0,2018-06-01,"distinct_customers: weight=0.4, training_median=283.5; transaction_count: weight=0.25, training_median=396; distinct_cities: weight=0.15, training_median=283; distinct_products: weight=0.1, training_median=194; distributor_count: weight=0.1, training_median=13",2012-10-27,active,senior,78,27,103.75,50.625,75.75,72.75,46.09970238095238,45.48363095238095,37.90029761904762,84,79,7.4074074074074066,101.0869648498425,8.0869571879874,168.0,False,109.1739220378299,112.44641222933339,85.0,100.0,120.0,100.0,cadence_aligned_planned_visit_hours + cadence_aligned_planned_travel_hours + unplanned_required_coverage_hours + preparation_follow_up_buffer,cadence-aligned service attributed to servicing reps; uncovered obligations attributed to dynamic portfolio owners; observed excess retained as diagnostics; all served territories retained as fractional transaction allocations,1.6,deterministic_hours_plus_legacy_normalized_workload
CAPCAL_1aee5e4a99dbd301,REP_56269a9759c4,Anne Wu,MGR_31981a685b7e,Britanny Bold,TEAM_4f4a9410ffcd,Delta,TERR_49c0203db75f,Delta / Germany,2,0.5867507886435331,TERR_3170779e5944:0.41324921|TERR_49c0203db75f:0.58675079,2018-07-01,21,0.0,0.0,11.0,18.0,6.65220443075055,8.0,21,168.0,35.65220443075055,132.34779556924946,35.79898313492063,29.27955847470423,64.4,50.6442805507257,28.601016865079366,21.364722076021472,49.96573894110084,28.998454163458838,3.7965444598011366,101.60315543493039,76.7698132015865,76.7698132015865,0.6047806871126808,0.7877844974360086,-0.1830038103233278,23.875,2.75,68.9430894308943,0.611564457619782,1.5164650064914984,1.4611776432119954,low,low,False,False,synthetic_derived,42,420,634,420,223,17,283.5,396.0,283.0,194.0,13.0,2018-06-01,"distinct_customers: weight=0.4, training_median=283.5; transaction_count: weight=0.25, training_median=396; distinct_cities: weight=0.15, training_median=283; distinct_products: weight=0.1, training_median=194; distributor_count: weight=0.1, training_median=13",2015-04-14,active,experienced,67,15,76.875,28.125,54.25,53.0,47.876488095238095,46.049107142857146,36.123511904761905,84,77,9.777777777777779,94.0769957730837,7.5261596618466955,168.0,False,101.60315543493039,132.34779556924946,85.0,100.0,120.0,100.0,cadence_aligned_planned_visit_hours + cadence_aligned_planned_travel_hours + unplanned_required_coverage_hours + preparation_follow_up_buffer,cadence-aligned service attributed to servicing reps; uncovered obligations attributed to dynamic portfolio owners; observed excess retained as diagnostics; all served territories retained as fractional transaction allocations,1.6,deterministic_hours_plus_legacy_normalized_workload
CAPCAL_6f5614106a574cf8,REP_6003efb01f5e,Sheila Stones,MGR_31981a685b7e,Britanny Bold,TEAM_4f4a9410ffcd,Delta,TERR_49c0203db75f,Delta / Germany,2,0.5942249240121581,TERR_3170779e5944:0.40577508|TERR_49c0203db75f:0.59422492,2018-07-01,21,2.0,1.0,6.0,24.0,4.031488623802108,8.0,21,144.0,34.031488623802105,109.9685113761979,37.650173611111114,29.76160794885698,66.73333333333333,51.77919241739637,29.083159722222224,22.017584468539386,51.10074419076161,30.585368515645193,6.157430438073746,105.83692208166235,96.2429342337812,96.2429342337812,0.629981679057514,0.6545744724773684,-0.02459279341985443,25.375,4.5,62.05607476635514,0.6210925294752303,1.8567881066958307,1.5273098443599216,medium,medium,False,False,synthetic_derived,42,446,658,446,224,17,283.5,396.0,283.0,194.0,13.0,2018-06-01,"distinct_customers: weight=0.4, training_median=283.5; transaction_count: weight=0.25, training_median=396; distinct_cities: weight=0.15, training_median=283; distinct_products: weight=0.1, training_median=194; distributor_count: weight=0.1, training_median=13",2014-08-03,active,experienced,57,16,66.875,30.0,42.75,41.5,47.91815476190476,46.87202380952381,36.08184523809524,84,78,15.0,97.99715007561329,7.839772006049063,168.0,False,105.83692208166235,109.9685113761979,85.0,100.0,120.0,100.0,cadence_aligned_planned_visit_hours + cadence_aligned_planned_travel_hours + unplanned_required_coverage_hours + preparation_follow_up_buffer,cadence-aligned service attributed to servicing reps; uncovered obligations attributed to dynamic portfolio owners; observed excess retained as diagnostics; all served territories retained as fractional transaction allocations,1.6,deterministic_hours_plus_legacy_normalized_workload
CAPCAL_32683cbff4226162,REP_6daf09991b71,Jimmy Grey,MGR_4b97498897f6,Alisha Cordwell,TEAM_b9dd960c1753,Charlie,TERR_938541fb7311,Charlie / Germany,2,0.609717868338558,TERR_938541fb7311:0.60971787|TERR_b74f6941cd2d:0.39028213,2018-07-01,21,1.0,1.0,12.0,18.0,7.823565974354686,8.0,21,152.0,37.823565974354686,114.1764340256453,37.449094742063494,27.40365710122525,68.53333333333333,48.8030797040773,31.08423859126984,21.399422602852045,52.483661194121886,31.800783613864944,3.6748391088148202,104.38581829372598,91.42501181135133,91.42501181135133,0.6213441565102736,0.6796216311050316,-0.05827747459475796,27.0,4.375,60.366972477064216,0.5903650681891247,2.007419582571653,1.4743177883819392,medium,medium,False,False,synthetic_derived,42,426,638,426,221,17,283.5,396.0,283.0,194.0,13.0,2018-06-01,"distinct_customers: weight=0.4, training_median=283.5; transaction_count: weight=0.25, training_median=396; distinct_cities: weight=0.15, training_median=283; distinct_products: weight=0.1, training_median=194; distributor_count: weight=0.1, training_median=13",2012-08-25,active,senior,52,16,68.125,30.0,44.125,41.125,46.41815476190476,46.30952380952381,37.58184523809524,84,77,14.583333333333334,96.65353545715368,7.732282836572295,168.0,False,104.38581829372598,114.1764340256453,85.0,100.0,120.0,100.0,cadence_aligned_planned_visit_hours + cadence_aligned_planned_travel_hours + unplanned_required_coverage_hours + preparation_follow_up_buffer,cadence-aligned service attributed to servicing reps; uncovered obligations attributed to dynamic portfolio owners; observed excess retained as diagnostics; all served territories retained as fractional transaction allocations,1.6,deterministic_hours_plus_legacy_normalized_workload
CAPCAL_e344cfcc67b97ad9,REP_82f7cb811b80,Stella Given,MGR_4b97498897f6,Alisha Cordwell,TEAM_b9dd960c1753,Charlie,TERR_938541fb7311,Charlie / Germany,2,0.6003210272873194,TERR_938541fb7311:0.60032103|TERR_b74f6941cd2d:0.39967897,2018-07-01,21,0.0,1.0,6.0,19.0,6.857020248282952,8.0,21,160.0,31.85702024828295,128.14297975171706,35.04045138888889,27.887065556681005,64.61666666666666,49.910886903041416,29.576215277777777,22.02382134636041,51.60003662413819,20.494908497555073,2.559044459801137,90.09621947857497,70.30913410406137,70.30913410406137,0.5362870207058034,0.7627558318554587,-0.22646881114965534,19.125,2.75,64.0,0.6042369876699492,2.1451480828232135,1.44866940984675,low,low,False,False,synthetic_derived,42,419,623,418,217,17,283.5,396.0,283.0,194.0,13.0,2018-06-01,"distinct_customers: weight=0.4, training_median=283.5; transaction_count: weight=0.25, training_median=396; distinct_cities: weight=0.15, training_median=283; distinct_products: weight=0.1, training_median=194; distributor_count: weight=0.1, training_median=13",2013-04-26,active,senior,42,14,53.125,26.25,37.125,34.0,46.15252976190476,43.41592261904762,37.84747023809524,84,77,10.476190476190476,83.42242544312496,6.673794035449998,168.0,False,90.09621947857497,128.14297975171706,85.0,100.0,120.0,100.0,cadence_aligned_planned_visit_hours + cadence_aligned_planned_travel_hours + unplanned_required_coverage_hours + preparation_follow_up_buffer,cadence-aligned service attributed to servicing reps; uncovered obligations attributed to dynamic portfolio owners; observed excess retained as diagnostics; all served territories retained as fractional transaction allocations,1.6,deterministic_hours_plus_legacy_normalized_workload
CAPCAL_bb5095e15412c25d,REP_a132178ac1b8,Alan Ray,MGR_5e1c70ff0ce6,James Goodwill,TEAM_a405eba78bf2,Alfa,TERR_b31415d90eb9,Alfa / Germany,2,0.5948012232415902,TERR_6090deb666aa:0.40519878|TERR_b31415d90eb9:0.59480122,2018-07-01,21,2.0,2.0,9.0,23.0,6.15201430058476,8.0,21,136.0,38.15201430058476,97.84798569941523,35.954799107142854,30.253663028543798,63.6,51.79653547781331,27.645200892857144,21.54287244926951,49.18807334212665,34.78824077738955,0.0,109.0764391461223,111.47540582102567,111.47540582102567,0.6492645187269185,0.582428486306043,0.06683603242087544,29.75,0.0,53.786407766990294,0.6275705439083031,1.9832079844749508,1.4660824553096237,high,high,True,True,synthetic_derived,42,420,654,418,225,16,283.5,396.0,283.0,194.0,13.0,2018-06-01,"distinct_customers: weight=0.4, training_median=283.5; transaction_count: weight=0.25, training_median=396; distinct_cities: weight=0.15, training_median=283; distinct_products: weight=0.1, training_median=194; distributor_count: weight=0.1, training_median=13",2012-12-18,active,senior,55,11,64.375,20.625,37.625,34.625,48.207589285714285,44.679315476190474,35.792410714285715,84,74,0.0,100.9967029130762,8.079736233046097,168.0,False,109.0764391461223,97.84798569941523,85.0,100.0,120.0,100.0,cadence_aligned_planned_visit_hours + cadence_aligned_planned_travel_hours + unplanned_required_coverage_hours + preparation_follow_up_buffer,cadence-aligned service attributed to servicing reps; uncovered obligations attributed to dynamic portfolio owners; observed excess retained as diagnostics; all served territories retained as fractional transaction allocations,1.6,deterministic_hours_plus_legacy_normalized_workload
CAPCAL_f35431d20830ccce,REP_bba68d031906,Steve Pepple,MGR_eb86f856200b,Tracy Banks,TEAM_f144a6907dc4,Bravo,TERR_07a5ea4d7ed4,Bravo / Germany,2,0.5785256410256411,TERR_07a5ea4d7ed4:0.57852564|TERR_9efd649c43bb:0.42147436,2018-07-01,21,0.0,1.0,5.0,19.0,7.008978947673355,8.0,21,160.0,31.008978947673356,128.99102105232663,36.61690228174603,29.655527927821378,64.45,52.3368147818334,27.833097718253967,22.68128685401202,50.51438457226599,27.090244827441428,1.2374999999999998,100.83168903996953,78.16954096290628,78.16954096290628,0.6001886252379138,0.7678036967400395,-0.16761507150212562,22.375,0.875,62.31578947368421,0.6261512164984436,1.9024846988673496,1.4375166667693957,low,low,False,False,synthetic_derived,42,410,624,410,227,17,283.5,396.0,283.0,194.0,13.0,2018-06-01,"distinct_customers: weight=0.4, training_median=283.5; transaction_count: weight=0.25, training_median=396; distinct_cities: weight=0.15, training_median=283; distinct_products: weight=0.1, training_median=194; distributor_count: weight=0.1, training_median=13",2016-09-24,active,experienced,53,11,59.375,20.625,38.25,37.0,47.361607142857146,46.53125,36.638392857142854,84,79,4.242424242424243,93.36267503700883,7.469014002960706,168.0,False,100.83168903996953,128.99102105232663,85.0,100.0,120.0,100.0,cadence_aligned_planned_visit_hours + cadence_aligned_planned_travel_hours + unplanned_required_coverage_hours + preparation_follow_up_buffer,cadence-aligned service attributed to servicing reps; uncovered obligations attributed to dynamic portfolio owners; observed excess retained as diagnostics; all served territories retained as fractional transaction allocations,1.6,deterministic_hours_plus_legacy_normalized_workload
CAPCAL_25b19f1337e01b96,REP_c56e2fba156a,Thompson Crawford,MGR_5e1c70ff0ce6,James Goodwill,TEAM_a405eba78bf2,Alfa,TERR_b31415d90eb9,Alfa / Germany,2,0.5851735015772871,TERR_6090deb666aa:0.41482650|TERR_b31415d90eb9:0.58517350,2018-07-01,21,0.0,1.0,12.0,17.0,8.6765817151723,8.0,21,160.0,37.676581715172304,122.3234182848277,40.102604166666666,31.425429581534257,67.83333333333333,53.27009308915104,27.730729166666666,21.844663507616787,49.57539267428346,17.547665184395946,1.2374999999999998,96.20175484720463,78.64541082656856,78.64541082656856,0.5726294931381227,0.7281155850287363,-0.15548609189061358,14.75,0.875,68.94736842105263,0.6318748295619826,2.4050438711801156,1.4404487504219756,low,low,False,False,synthetic_derived,42,408,634,407,229,17,283.5,396.0,283.0,194.0,13.0,2018-06-01,"distinct_customers: weight=0.4, training_median=283.5; transaction_count: weight=0.25, training_median=396; distinct_cities: weight=0.15, training_median=283; distinct_products: weight=0.1, training_median=194; distributor_count: weight=0.1, training_median=13",2014-02-24,active,senior,40,11,47.5,20.625,33.75,32.75,49.73363095238095,50.229166666666664,34.26636904761905,84,77,4.242424242424243,89.07569893259688,7.1260559146077505,168.0,False,96.20175484720463,122.3234182848277,85.0,100.0,120.0,100.0,cadence_aligned_planned_visit_hours + cadence_aligned_planned_travel_hours + unplanned_required_coverage_hours + preparation_follow_up_buffer,cadence-aligned service attributed to servicing reps; uncovered obligations attributed to dynamic portfolio owners; observed excess retained as diagnostics; all served territories retained as fractional transaction allocations,1.6,deterministic_hours_plus_legacy_normalized_workload
CAPCAL_f997da66c0fe6ddf,REP_d21d2dd167c5,Morris Garcia,MGR_eb86f856200b,Tracy Banks,TEAM_f144a6907dc4,Bravo,TERR_07a5ea4d7ed4,Bravo / Germany,2,0.617741935483871,TERR_07a5ea4d7ed4:0.61774194|TERR_9efd649c43bb:0.38225806,2018-07-01,21,2.0,0.0,6.0,24.0,6.597123465105632,8.0,21,152.0,36.59712346510563,115.40287653489438,37.481051587301586,28.822337300132446,66.5,50.881917259118225,29.018948412698414,22.059579958985776,51.078528371684186,13.973025437799405,3.776249797414485,86.69852747125212,75.12683398757143,75.12683398757143,0.5160626635193578,0.6869218841362761,-0.17085922061691827,10.75,2.75,66.92307692307692,0.6172573789597655,3.3345587488943123,1.4450762715531456,low,low,False,False,synthetic_derived,42,416,620,415,225,17,283.5,396.0,283.0,194.0,13.0,2018-06-01,"distinct_customers: weight=0.4, training_median=283.5; transaction_count: weight=0.25, training_median=396; distinct_cities: weight=0.15, training_median=283; distinct_products: weight=0.1, training_median=194; distributor_count: weight=0.1, training_median=13",2014-01-05,active,senior,26,8,32.5,15.0,21.75,21.75,46.69419642857143,43.84300595238095,37.30580357142857,84,75,18.333333333333332,80.27641432523345,6.422113146018676,168.0,False,86.69852747125212,115.40287653489438,85.0,100.0,120.0,100.0,cadence_aligned_planned_visit_hours + cadence_aligned_planned_travel_hours + unplanned_required_coverage_hours + preparation_follow_up_buffer,cadence-aligned service attributed to servicing reps; uncovered obligations attributed to dynamic portfolio owners; observed excess retained as diagnostics; all served territories retained as fractional transaction allocations,1.6,deterministic_hours_plus_legacy_normalized_workload
CAPCAL_f9b7b5809cf86de6,REP_db1cc40d477a,Erica Jones,MGR_5e1c70ff0ce6,James Goodwill,TEAM_a405eba78bf2,Alfa,TERR_b31415d90eb9,Alfa / Germany,2,0.5919732441471572,TERR_6090deb666aa:0.40802676|TERR_b31415d90eb9:0.59197324,2018-07-01,21,1.0,1.0,11.0,24.0,8.410352881765295,8.0,21,152.0,43.41035288176529,108.58964711823471,36.71277281746032,29.99801563257608,67.65,54.24418432815656,30.937227182539683,24.24616869558048,55.18339587812016,14.537185654649178,0.0,87.74781203306043,80.80679361405306,80.80679361405306,0.522308404958693,0.6463669471323494,-0.12405854217365642,12.875,0.0,58.8,0.6505628743191754,3.133850429752158,1.3958060299350237,low,low,False,False,synthetic_derived,42,402,598,401,224,16,283.5,396.0,283.0,194.0,13.0,2018-06-01,"distinct_customers: weight=0.4, training_median=283.5; transaction_count: weight=0.25, training_median=396; distinct_cities: weight=0.15, training_median=283; distinct_products: weight=0.1, training_median=194; distributor_count: weight=0.1, training_median=13",2013-02-07,active,senior,28,6,31.25,11.25,19.625,18.375,46.110863095238095,43.710565476190474,37.889136904761905,84,76,0.0,81.24797410468558,6.499837928374847,168.0,False,87.74781203306043,108.58964711823471,85.0,100.0,120.0,100.0,cadence_aligned_planned_visit_hours + cadence_aligned_planned_travel_hours + unplanned_required_coverage_hours + preparation_follow_up_buffer,cadence-aligned service attributed to servicing reps; uncovered obligations attributed to dynamic portfolio owners; observed excess retained as diagnostics; all served territories retained as fractional transaction allocations,1.6,deterministic_hours_plus_legacy_normalized_workload
CAPCAL_44997030a105e732,REP_e7e9152643c7,Jessica Smith,MGR_31981a685b7e,Britanny Bold,TEAM_4f4a9410ffcd,Delta,TERR_49c0203db75f,Delta / Germany,2,0.6,TERR_3170779e5944:0.40000000|TERR_49c0203db75f:0.60000000,2018-07-01,21,2.0,1.0,6.0,25.0,5.312068666934652,8.0,21,144.0,36.31206866693465,107.68793133306535,38.4945560515873,29.892702504893172,67.88333333333333,51.302096213460395,29.38877728174603,21.409393708567222,50.79817099031325,24.315739937857384,2.4749999999999996,100.1192383738849,92.97164235073711,92.97164235073711,0.5959478474636006,0.6409995912682461,-0.045051743804645494,18.875,1.75,59.73333333333334,0.621060646579425,2.5029809593471226,1.5411589189863812,medium,medium,False,False,synthetic_derived,42,443,690,442,224,17,283.5,396.0,283.0,194.0,13.0,2018-06-01,"distinct_customers: weight=0.4, training_median=283.5; transaction_count: weight=0.25, training_median=396; distinct_cities: weight=0.15, training_median=283; distinct_products: weight=0.1, training_median=194; distributor_count: weight=0.1, training_median=13",2015-11-19,active,experienced,40,11,46.875,20.625,28.0,28.0,48.13169642857143,47.502232142857146,35.86830357142857,84,79,8.484848484848486,92.70299849433786,7.416239879547029,168.0,False,100.1192383738849,107.68793133306535,85.0,100.0,120.0,100.0,cadence_aligned_planned_visit_hours + cadence_aligned_planned_travel_hours + unplanned_required_coverage_hours + preparation_follow_up_buffer,cadence-aligned service attributed to servicing reps; uncovered obligations attributed to dynamic portfolio owners; observed excess retained as diagnostics; all served territories retained as fractional transaction allocations,1.6,deterministic_hours_plus_legacy_normalized_workload
CAPCAL_ce9e7871d30c3e06,REP_0dfc420450a6,Abigail Thompson,MGR_eb86f856200b,Tracy Banks,TEAM_f144a6907dc4,Bravo,TERR_9efd649c43bb,Bravo / Poland,2,0.5136054421768708,TERR_07a5ea4d7ed4:0.48639456|TERR_9efd649c43bb:0.51360544,2018-08-01,21,2.0,1.0,5.0,26.0,5.906245603589444,8.0,21,144.0,36.90624560358945,107.09375439641056,36.92921626984127,30.041418315600584,63.75,51.13803240562536,26.82078373015873,21.09661409002478,47.91739782018351,45.40342537150468,9.669191046809297,121.36398475350227,113.32498840620532,113.32498840620532,0.7224046711517992,0.6374628237881581,0.08494184736364108,37.625,8.25,65.60000000000001,0.6218529173263797,1.304989083370992,1.332533675251002,high,high,True,True,synthetic_derived,42,379,588,379,214,15,283.5,396.0,283.0,194.0,13.0,2018-06-01,"distinct_customers: weight=0.4, training_median=283.5; transaction_count: weight=0.25, training_median=396; distinct_cities: weight=0.15, training_median=283; distinct_products: weight=0.1, training_median=194; distributor_count: weight=0.1, training_median=13",2015-02-18,active,experienced,93,27,109.375,50.625,74.125,71.75,48.30952380952381,48.166666666666664,35.69047619047619,84,78,16.296296296296298,112.37405995694654,8.989924796555723,168.0,False,121.36398475350227,107.09375439641056,85.0,100.0,120.0,100.0,cadence_aligned_planned_visit_hours + cadence_aligned_planned_travel_hours + unplanned_required_coverage_hours + preparation_follow_up_buffer,cadence-aligned service attributed to servicing reps; uncovered obligations attributed to dynamic portfolio owners; observed excess retained as diagnostics; all served territories retained as fractional transaction allocations,1.6,deterministic_hours_plus_legacy_normalized_workload
CAPCAL_1eda3cf7d86ad1f3,REP_200ef690040c,Mary Gerrard,MGR_31981a685b7e,Britanny Bold,TEAM_4f4a9410ffcd,Delta,TERR_49c0203db75f,Delta / Germany,2,0.5008547008547009,TERR_3170779e5944:0.49914530|TERR_49c0203db75f:0.50085470,2018-08-01,21,0.0,1.0,10.0,21.0,7.9837677732323735,8.0,21,160.0,38.98376777323237,121.01623222676763,40.8952876984127,33.91553588821542,65.08333333333333,52.32172116714127,24.188045634920634,18.406185278925847,42.59423091384648,53.806835143792405,14.220600003853248,138.90707142885415,114.78383426163987,114.78383426163987,0.8268278061241319,0.7203347156355215,0.10649309048861033,46.25,12.5,60.42780748663101,0.6351188551450679,1.5264513343830126,1.3388329360487328,high,high,True,True,synthetic_derived,42,379,585,378,216,16,283.5,396.0,283.0,194.0,13.0,2018-06-01,"distinct_customers: weight=0.4, training_median=283.5; transaction_count: weight=0.25, training_median=396; distinct_cities: weight=0.15, training_median=283; distinct_products: weight=0.1, training_median=194; distributor_count: weight=0.1, training_median=13",2015-01-06,active,experienced,91,29,116.875,54.375,75.375,70.625,53.40029761904762,51.351190476190474,30.59970238095238,84,79,22.988505747126435,128.61765873042052,10.289412698433642,168.0,False,138.90707142885415,121.01623222676763,85.0,100.0,120.0,100.0,cadence_aligned_planned_visit_hours + cadence_aligned_planned_travel_hours + unplanned_required_coverage_hours + preparation_follow_up_buffer,cadence-aligned service attributed to servicing reps; uncovered obligations attributed to dynamic portfolio owners; observed excess retained as diagnostics; all served territories retained as fractional transaction allocations,1.6,deterministic_hours_plus_legacy_normalized_workload
CAPCAL_853b702056785bca,REP_2234ec3bee93,Daniel Gates,MGR_4b97498897f6,Alisha Cordwell,TEAM_b9dd960c1753,Charlie,TERR_938541fb7311,Charlie / Germany,2,0.522508038585209,TERR_938541fb7311:0.52250804|TERR_b74f6941cd2d:0.47749196,2018-08-01,21,1.0,0.0,10.0,16.0,8.402629039113055,8.0,21,160.0,34.40262903911305,125.59737096088695,37.9749255952381,30.21259693846127,66.58333333333333,52.66569109914402,28.608407738095238,22.45309416068275,51.06150189877799,45.24516454249768,7.2892361326091555,122.50730204229282,97.53970254715249,97.53970254715249,0.7292101312041239,0.747603398576708,-0.018393267372584066,37.25,6.25,63.20987654320987,0.6359550553687071,1.4081299085321013,1.4133792375395597,medium,medium,False,False,synthetic_derived,42,408,622,408,220,15,283.5,396.0,283.0,194.0,13.0,2018-06-01,"distinct_customers: weight=0.4, training_median=283.5; transaction_count: weight=0.25, training_median=396; distinct_cities: weight=0.15, training_median=283; distinct_products: weight=0.1, training_median=194; distributor_count: weight=0.1, training_median=13",2012-10-27,active,senior,87,19,101.25,35.625,67.0,64.0,47.507440476190474,44.260416666666664,36.492559523809526,84,75,17.543859649122805,113.43268707619706,9.074614966095764,168.0,False,122.50730204229282,125.59737096088695,85.0,100.0,120.0,100.0,cadence_aligned_planned_visit_hours + cadence_aligned_planned_travel_hours + unplanned_required_coverage_hours + preparation_follow_up_buffer,cadence-aligned service attributed to servicing reps; uncovered obligations attributed to dynamic portfolio owners; observed excess retained as diagnostics; all served territories retained as fractional transaction allocations,1.6,deterministic_hours_plus_legacy_normalized_workload
CAPCAL_0875dceb17baa4cc,REP_56269a9759c4,Anne Wu,MGR_31981a685b7e,Britanny Bold,TEAM_4f4a9410ffcd,Delta,TERR_49c0203db75f,Delta / Germany,2,0.5211726384364821,TERR_3170779e5944:0.47882736|TERR_49c0203db75f:0.52117264,2018-08-01,21,0.0,0.0,11.0,18.0,6.149254034826072,8.0,21,168.0,35.14925403482607,132.85074596517393,40.97202380952381,32.097604839353494,65.43333333333334,51.32629209954821,24.461309523809526,19.228687260194715,43.68999678400424,30.990465158820115,5.074680136162714,112.38490131231322,84.59485906219471,84.59485906219471,0.6689577459066263,0.790778249792702,-0.12182050388607568,27.0,5.375,73.16770186335404,0.6195309757595803,1.3874679174359656,1.378900837481885,low,low,False,False,synthetic_derived,42,391,614,391,212,16,283.5,396.0,283.0,194.0,13.0,2018-06-01,"distinct_customers: weight=0.4, training_median=283.5; transaction_count: weight=0.25, training_median=396; distinct_cities: weight=0.15, training_median=283; distinct_products: weight=0.1, training_median=194; distributor_count: weight=0.1, training_median=13",2015-04-14,active,experienced,81,23,100.625,43.125,76.875,73.625,51.80952380952381,47.90327380952381,32.19047619047619,84,78,12.46376811594203,104.06009380769743,8.324807504615794,168.0,False,112.38490131231322,132.85074596517393,85.0,100.0,120.0,100.0,cadence_aligned_planned_visit_hours + cadence_aligned_planned_travel_hours + unplanned_required_coverage_hours + preparation_follow_up_buffer,cadence-aligned service attributed to servicing reps; uncovered obligations attributed to dynamic portfolio owners; observed excess retained as diagnostics; all served territories retained as fractional transaction allocations,1.6,deterministic_hours_plus_legacy_normalized_workload
CAPCAL_1be9525a312b9b50,REP_6003efb01f5e,Sheila Stones,MGR_31981a685b7e,Britanny Bold,TEAM_4f4a9410ffcd,Delta,TERR_49c0203db75f,Delta / Germany,2,0.5347334410339257,TERR_3170779e5944:0.46526656|TERR_49c0203db75f:0.53473344,2018-08-01,21,2.0,2.0,6.0,24.0,7.736165558036481,8.0,21,136.0,37.73616555803648,98.26383444196352,35.31805555555555,29.478552927855876,62.6,51.118901852384994,27.281944444444445,21.640348924529118,48.92229336897356,27.61506891169362,0.0,99.80461158671345,101.56800022459936,101.56800022459936,0.5940750689685325,0.584903776440259,0.009171292528273423,23.125,0.0,68.90756302521008,0.6216918016419517,1.4677148762751977,1.3692132762584053,high,high,True,True,synthetic_derived,42,382,619,381,222,16,283.5,396.0,283.0,194.0,13.0,2018-06-01,"distinct_customers: weight=0.4, training_median=283.5; transaction_count: weight=0.25, training_median=396; distinct_cities: weight=0.15, training_median=283; distinct_products: weight=0.1, training_median=194; distributor_count: weight=0.1, training_median=13",2014-08-03,active,experienced,68,11,74.375,20.625,53.0,51.25,47.416666666666664,44.15625,36.583333333333336,84,76,0.0,92.41167739510504,7.392934191608404,168.0,False,99.80461158671345,98.26383444196352,85.0,100.0,120.0,100.0,cadence_aligned_planned_visit_hours + cadence_aligned_planned_travel_hours + unplanned_required_coverage_hours + preparation_follow_up_buffer,cadence-aligned service attributed to servicing reps; uncovered obligations attributed to dynamic portfolio owners; observed excess retained as diagnostics; all served territories retained as fractional transaction allocations,1.6,deterministic_hours_plus_legacy_normalized_workload
CAPCAL_d59a15e7b75e4a3a,REP_6daf09991b71,Jimmy Grey,MGR_4b97498897f6,Alisha Cordwell,TEAM_b9dd960c1753,Charlie,TERR_b74f6941cd2d,Charlie / Poland,2,0.5195246179966044,TERR_938541fb7311:0.48047538|TERR_b74f6941cd2d:0.51952462,2018-08-01,21,1.0,1.0,12.0,18.0,5.787290183082698,8.0,21,152.0,35.787290183082696,116.21270981691731,34.97589285714286,27.55702660651537,63.6,48.3917298824392,28.62410714285714,20.83470327592383,49.45881041878097,23.145943553130827,3.6152859569152827,92.53317205813218,79.62396901673654,79.62396901673654,0.5507926908222154,0.6917423203387936,-0.1409496295165782,18.875,3.625,66.8131868131868,0.5935930339320553,1.8884320828190242,1.3462363150244891,low,low,False,False,synthetic_derived,42,386,589,386,213,15,283.5,396.0,283.0,194.0,13.0,2018-06-01,"distinct_customers: weight=0.4, training_median=283.5; transaction_count: weight=0.25, training_median=396; distinct_cities: weight=0.15, training_median=283; distinct_products: weight=0.1, training_median=194; distributor_count: weight=0.1, training_median=13",2012-08-25,active,senior,49,14,56.875,26.25,38.875,38.0,46.424107142857146,44.40327380952381,37.575892857142854,84,78,13.80952380952381,85.67886301678905,6.854309041343124,168.0,False,92.53317205813218,116.21270981691731,85.0,100.0,120.0,100.0,cadence_aligned_planned_visit_hours + cadence_aligned_planned_travel_hours + unplanned_required_coverage_hours + preparation_follow_up_buffer,cadence-aligned service attributed to servicing reps; uncovered obligations attributed to dynamic portfolio owners; observed excess retained as diagnostics; all served territories retained as fractional transaction allocations,1.6,deterministic_hours_plus_legacy_normalized_workload
CAPCAL_b36d0c27d4cef29a,REP_82f7cb811b80,Stella Given,MGR_4b97498897f6,Alisha Cordwell,TEAM_b9dd960c1753,Charlie,TERR_938541fb7311,Charlie / Germany,2,0.5130718954248366,TERR_938541fb7311:0.51307190|TERR_b74f6941cd2d:0.48692810,2018-08-01,21,0.0,0.0,6.0,19.0,5.32110460840536,8.0,21,168.0,30.32110460840536,137.67889539159464,40.436284722222226,32.06571568060336,64.23333333333333,49.433687154180255,23.797048611111112,17.367971473576894,41.165020084688,17.020632599315697,3.2559503379510066,96.68444364231257,70.22459278694592,70.22459278694592,0.575502640728051,0.8195172344737776,-0.24401459374572654,16.625,4.5,73.13131313131314,0.600645601041546,2.057115822176863,1.3802871034344084,low,low,False,False,synthetic_derived,42,395,612,395,217,15,283.5,396.0,283.0,194.0,13.0,2018-06-01,"distinct_customers: weight=0.4, training_median=283.5; transaction_count: weight=0.25, training_median=396; distinct_cities: weight=0.15, training_median=283; distinct_products: weight=0.1, training_median=194; distributor_count: weight=0.1, training_median=13",2013-04-26,active,senior,47,16,61.875,30.0,48.375,45.25,53.385416666666664,53.802083333333336,30.614583333333332,84,81,15.0,89.52263300214128,7.161810640171303,168.0,False,96.68444364231257,137.67889539159464,85.0,100.0,120.0,100.0,cadence_aligned_planned_visit_hours + cadence_aligned_planned_travel_hours + unplanned_required_coverage_hours + preparation_follow_up_buffer,cadence-aligned service attributed to servicing reps; uncovered obligations attributed to dynamic portfolio owners; observed excess retained as diagnostics; all served territories retained as fractional transaction allocations,1.6,deterministic_hours_plus_legacy_normalized_workload
CAPCAL_d7edf4651f52b591,REP_a132178ac1b8,Alan Ray,MGR_5e1c70ff0ce6,James Goodwill,TEAM_a405eba78bf2,Alfa,TERR_b31415d90eb9,Alfa / Germany,2,0.5373913043478261,TERR_6090deb666aa:0.46260870|TERR_b31415d90eb9:0.53739130,2018-08-01,21,2.0,2.0,9.0,23.0,8.644630141331472,8.0,21,136.0,40.644630141331476,95.35536985866852,34.90677083333333,27.90266966753379,63.68333333333334,50.78768550613146,28.7765625,22.885015838597674,51.66157833859768,10.592051193525275,0.0,79.2736110299438,83.1349206105955,83.1349206105955,0.471866732321094,0.5675914872539793,-0.09572475493288535,8.0,0.0,83.37662337662337,0.6091415118115362,2.264960315141251,1.3486984863010933,low,low,False,False,synthetic_derived,42,386,575,386,220,16,283.5,396.0,283.0,194.0,13.0,2018-06-01,"distinct_customers: weight=0.4, training_median=283.5; transaction_count: weight=0.25, training_median=396; distinct_cities: weight=0.15, training_median=283; distinct_products: weight=0.1, training_median=194; distributor_count: weight=0.1, training_median=13",2012-12-18,active,senior,35,11,48.125,20.625,40.125,40.125,45.80654761904762,47.132440476190474,38.19345238095238,84,81,0.0,73.4014916943924,5.8721193355513925,168.0,False,79.2736110299438,95.35536985866852,85.0,100.0,120.0,100.0,cadence_aligned_planned_visit_hours + cadence_aligned_planned_travel_hours + unplanned_required_coverage_hours + preparation_follow_up_buffer,cadence-aligned service attributed to servicing reps; uncovered obligations attributed to dynamic portfolio owners; observed excess retained as diagnostics; all served territories retained as fractional transaction allocations,1.6,deterministic_hours_plus_legacy_normalized_workload
CAPCAL_d65e5390e1352775,REP_bba68d031906,Steve Pepple,MGR_eb86f856200b,Tracy Banks,TEAM_f144a6907dc4,Bravo,TERR_9efd649c43bb,Bravo / Poland,2,0.5051724137931034,TERR_07a5ea4d7ed4:0.49482759|TERR_9efd649c43bb:0.50517241,2018-08-01,21,0.0,0.0,5.0,19.0,8.250156605541457,8.0,21,168.0,32.250156605541456,135.74984339445854,42.93928571428572,30.68921580056723,69.8,50.86030701141842,26.860714285714284,20.171091210851188,47.031805496565475,16.164393949208698,2.4749999999999996,96.97632710118657,71.43752410777753,71.43752410777753,0.5772400422689676,0.8080347821098722,-0.2307947398409046,13.0,1.75,75.52941176470588,0.5985185308640095,2.365276270760648,1.3169030191002675,low,low,False,False,synthetic_derived,42,368,580,367,221,16,283.5,396.0,283.0,194.0,13.0,2018-06-01,"distinct_customers: weight=0.4, training_median=283.5; transaction_count: weight=0.25, training_median=396; distinct_cities: weight=0.15, training_median=283; distinct_products: weight=0.1, training_median=194; distributor_count: weight=0.1, training_median=13",2016-09-24,active,experienced,41,14,53.125,26.25,40.375,40.125,51.27529761904762,48.986607142857146,32.72470238095238,84,78,6.666666666666667,89.79289546406164,7.183431637124932,168.0,False,96.97632710118657,135.74984339445854,85.0,100.0,120.0,100.0,cadence_aligned_planned_visit_hours + cadence_aligned_planned_travel_hours + unplanned_required_coverage_hours + preparation_follow_up_buffer,cadence-aligned service attributed to servicing reps; uncovered obligations attributed to dynamic portfolio owners; observed excess retained as diagnostics; all served territories retained as fractional transaction allocations,1.6,deterministic_hours_plus_legacy_normalized_workload
CAPCAL_0a661bedefb553cd,REP_c56e2fba156a,Thompson Crawford,MGR_5e1c70ff0ce6,James Goodwill,TEAM_a405eba78bf2,Alfa,TERR_b31415d90eb9,Alfa / Germany,2,0.5040257648953301,TERR_6090deb666aa:0.49597424|TERR_b31415d90eb9:0.50402576,2018-08-01,21,0.0,1.0,12.0,17.0,4.009618651990589,8.0,21,160.0,33.00961865199059,126.99038134800941,38.76817956349206,30.26106365517795,67.11666666666667,52.241265103739856,28.3484871031746,21.980201448561907,50.32868855173651,19.146680126630734,3.4823779948264466,95.22999721292481,74.98992931752272,74.98992931752272,0.5668452215055049,0.7558951270714845,-0.18904990556597967,16.625,3.5,64.05405405405405,0.6241117999042317,2.4417948003314054,1.3907956455655084,low,low,False,False,synthetic_derived,42,393,621,392,220,16,283.5,396.0,283.0,194.0,13.0,2018-06-01,"distinct_customers: weight=0.4, training_median=283.5; transaction_count: weight=0.25, training_median=396; distinct_cities: weight=0.15, training_median=283; distinct_products: weight=0.1, training_median=194; distributor_count: weight=0.1, training_median=13",2014-02-24,active,senior,39,8,46.25,15.0,31.5,29.625,48.486607142857146,45.007440476190474,35.513392857142854,84,77,23.333333333333332,88.17592334530076,7.054073867624061,168.0,False,95.22999721292481,126.99038134800941,85.0,100.0,120.0,100.0,cadence_aligned_planned_visit_hours + cadence_aligned_planned_travel_hours + unplanned_required_coverage_hours + preparation_follow_up_buffer,cadence-aligned service attributed to servicing reps; uncovered obligations attributed to dynamic portfolio owners; observed excess retained as diagnostics; all served territories retained as fractional transaction allocations,1.6,deterministic_hours_plus_legacy_normalized_workload
CAPCAL_5c4d221e024786a1,REP_d21d2dd167c5,Morris Garcia,MGR_eb86f856200b,Tracy Banks,TEAM_f144a6907dc4,Bravo,TERR_07a5ea4d7ed4,Bravo / Germany,2,0.5403087478559176,TERR_07a5ea4d7ed4:0.54030875|TERR_9efd649c43bb:0.45969125,2018-08-01,21,2.0,2.0,6.0,24.0,8.533549530404464,8.0,21,136.0,38.533549530404464,97.46645046959554,39.280034722222226,29.647000080940124,66.91666666666667,51.000120218631416,27.636631944444446,21.353120137691292,48.98975208213574,17.64274856351876,7.34669165145802,93.4953660360156,95.92569092806072,95.92569092806072,0.5565200359286643,0.5801574432714021,-0.023637407342737782,13.75,5.375,76.59574468085107,0.6061084287919611,2.124894682636718,1.3352493327969328,medium,medium,False,False,synthetic_derived,42,377,583,377,218,16,283.5,396.0,283.0,194.0,13.0,2018-06-01,"distinct_customers: weight=0.4, training_median=283.5; transaction_count: weight=0.25, training_median=396; distinct_cities: weight=0.15, training_median=283; distinct_products: weight=0.1, training_median=194; distributor_count: weight=0.1, training_median=13",2014-01-05,active,senior,44,19,58.75,35.625,45.0,45.0,48.913690476190474,47.541666666666664,35.086309523809526,84,79,15.087719298245613,86.56978336668111,6.925582669334489,168.0,False,93.4953660360156,97.46645046959554,85.0,100.0,120.0,100.0,cadence_aligned_planned_visit_hours + cadence_aligned_planned_travel_hours + unplanned_required_coverage_hours + preparation_follow_up_buffer,cadence-aligned service attributed to servicing reps; uncovered obligations attributed to dynamic portfolio owners; observed excess retained as diagnostics; all served territories retained as fractional transaction allocations,1.6,deterministic_hours_plus_legacy_normalized_workload
CAPCAL_f437f72807fa681b,REP_db1cc40d477a,Erica Jones,MGR_5e1c70ff0ce6,James Goodwill,TEAM_a405eba78bf2,Alfa,TERR_b31415d90eb9,Alfa / Germany,2,0.5146299483648882,TERR_6090deb666aa:0.48537005|TERR_b31415d90eb9:0.51462995,2018-08-01,21,1.0,2.0,11.0,24.0,7.378370933298045,8.0,21,144.0,42.378370933298044,101.62162906670196,42.15855654761905,31.845722579278135,69.48333333333333,51.948400121382406,27.324776785714285,20.102677542104274,47.42745432781856,23.817245287510403,5.8592755437631645,105.6472463675602,103.96137843668687,103.96137843668687,0.6288526569497631,0.6048906492065592,0.023962007743203895,19.625,5.5,58.13333333333334,0.6200656440551359,2.708903753014364,1.3318039652740576,high,high,True,True,synthetic_derived,42,378,581,378,210,16,283.5,396.0,283.0,194.0,13.0,2018-06-01,"distinct_customers: weight=0.4, training_median=283.5; transaction_count: weight=0.25, training_median=396; distinct_cities: weight=0.15, training_median=283; distinct_products: weight=0.1, training_median=194; distributor_count: weight=0.1, training_median=13",2013-02-07,active,senior,39,12,46.875,22.5,28.25,27.25,51.358630952380956,50.21577380952381,32.641369047619044,84,79,24.444444444444443,97.82152441440759,7.825721953152607,168.0,False,105.6472463675602,101.62162906670196,85.0,100.0,120.0,100.0,cadence_aligned_planned_visit_hours + cadence_aligned_planned_travel_hours + unplanned_required_coverage_hours + preparation_follow_up_buffer,cadence-aligned service attributed to servicing reps; uncovered obligations attributed to dynamic portfolio owners; observed excess retained as diagnostics; all served territories retained as fractional transaction allocations,1.6,deterministic_hours_plus_legacy_normalized_workload
CAPCAL_1e8c58eddede9794,REP_e7e9152643c7,Jessica Smith,MGR_31981a685b7e,Britanny Bold,TEAM_4f4a9410ffcd,Delta,TERR_49c0203db75f,Delta / Germany,2,0.5141903171953256,TERR_3170779e5944:0.48580968|TERR_49c0203db75f:0.51419032,2018-08-01,21,2.0,1.0,6.0,25.0,5.1419629468930586,8.0,21,144.0,36.14196294689306,107.85803705310694,38.865625,31.528594986457904,65.9,52.45349361744036,27.034375,20.924898630982458,47.95927363098246,17.50136457741637,0.0,94.9272313289842,88.01127289405805,88.01127289405805,0.565043043624906,0.6420121253161127,-0.07696908169120675,13.75,0.0,64.51612903225806,0.6333427743670138,2.565600846729303,1.3644370379976551,medium,medium,False,False,synthetic_derived,42,390,599,390,221,15,283.5,396.0,283.0,194.0,13.0,2018-06-01,"distinct_customers: weight=0.4, training_median=283.5; transaction_count: weight=0.25, training_median=396; distinct_cities: weight=0.15, training_median=283; distinct_products: weight=0.1, training_median=194; distributor_count: weight=0.1, training_median=13",2015-11-19,active,experienced,37,6,38.75,11.25,25.0,25.0,49.78125,48.697916666666664,34.21875,84,78,0.0,87.89558456387427,7.031646765109941,168.0,False,94.9272313289842,107.85803705310694,85.0,100.0,120.0,100.0,cadence_aligned_planned_visit_hours + cadence_aligned_planned_travel_hours + unplanned_required_coverage_hours + preparation_follow_up_buffer,cadence-aligned service attributed to servicing reps; uncovered obligations attributed to dynamic portfolio owners; observed excess retained as diagnostics; all served territories retained as fractional transaction allocations,1.6,deterministic_hours_plus_legacy_normalized_workload
CAPCAL_49baf93472a7fd1c,REP_0dfc420450a6,Abigail Thompson,MGR_eb86f856200b,Tracy Banks,TEAM_f144a6907dc4,Bravo,TERR_07a5ea4d7ed4,Bravo / Germany,2,0.5827067669172933,TERR_07a5ea4d7ed4:0.58270677|TERR_9efd649c43bb:0.41729323,2018-09-01,21,2.0,2.0,5.0,26.0,8.13475690504367,8.0,21,136.0,39.13475690504367,96.86524309495633,34.978075396825396,29.061014549530935,63.71666666666667,51.638906880090815,28.73859126984127,22.577892330559884,51.316483600401156,41.42280740187002,4.910934617183587,113.89884913608445,117.5848482870478,117.5848482870478,0.6779693400957407,0.5765788279461687,0.10139051214957207,34.75,4.5,70.42553191489361,0.6251881351373303,1.1989352540640468,1.3119777187370354,high,high,True,True,synthetic_derived,42,375,532,375,213,18,283.5,396.0,283.0,194.0,13.0,2018-06-01,"distinct_customers: weight=0.4, training_median=283.5; transaction_count: weight=0.25, training_median=396; distinct_cities: weight=0.15, training_median=283; distinct_products: weight=0.1, training_median=194; distributor_count: weight=0.1, training_median=13",2015-02-18,active,experienced,95,26,117.5,48.75,85.75,82.75,46.483630952380956,44.608630952380956,37.516369047619044,84,78,9.230769230769232,105.46189734822634,8.436951787858108,168.0,False,113.89884913608445,96.86524309495633,85.0,100.0,120.0,100.0,cadence_aligned_planned_visit_hours + cadence_aligned_planned_travel_hours + unplanned_required_coverage_hours + preparation_follow_up_buffer,cadence-aligned service attributed to servicing reps; uncovered obligations attributed to dynamic portfolio owners; observed excess retained as diagnostics; all served territories retained as fractional transaction allocations,1.6,deterministic_hours_plus_legacy_normalized_workload
CAPCAL_24c166938dab3031,REP_200ef690040c,Mary Gerrard,MGR_31981a685b7e,Britanny Bold,TEAM_4f4a9410ffcd,Delta,TERR_49c0203db75f,Delta / Germany,2,0.5691202872531418,TERR_3170779e5944:0.43087971|TERR_49c0203db75f:0.56912029,2018-09-01,21,0.0,1.0,10.0,21.0,4.673042813573979,8.0,21,160.0,35.67304281357398,124.32695718642603,38.8781746031746,31.79547638075775,65.8,51.89482655142159,26.921825396825398,20.099350170663833,47.02117556748923,41.63539040289273,9.921550992479872,121.29376469777108,97.56030988186517,97.56030988186517,0.7219866946295898,0.7400414118239644,-0.01805471719437468,34.125,9.0,68.0701754385965,0.6328020177067736,1.4791922524118424,1.3626118644134078,medium,medium,False,False,synthetic_derived,42,389,557,388,214,19,283.5,396.0,283.0,194.0,13.0,2018-06-01,"distinct_customers: weight=0.4, training_median=283.5; transaction_count: weight=0.25, training_median=396; distinct_cities: weight=0.15, training_median=283; distinct_products: weight=0.1, training_median=194; distributor_count: weight=0.1, training_median=13",2015-01-06,active,experienced,82,30,106.875,56.25,75.125,72.75,50.245535714285715,46.35267857142857,33.754464285714285,84,74,16.0,112.30904138682507,8.984723310946006,168.0,False,121.29376469777108,124.32695718642603,85.0,100.0,120.0,100.0,cadence_aligned_planned_visit_hours + cadence_aligned_planned_travel_hours + unplanned_required_coverage_hours + preparation_follow_up_buffer,cadence-aligned service attributed to servicing reps; uncovered obligations attributed to dynamic portfolio owners; observed excess retained as diagnostics; all served territories retained as fractional transaction allocations,1.6,deterministic_hours_plus_legacy_normalized_workload
CAPCAL_e3a3c677f7819e38,REP_2234ec3bee93,Daniel Gates,MGR_4b97498897f6,Alisha Cordwell,TEAM_b9dd960c1753,Charlie,TERR_938541fb7311,Charlie / Germany,2,0.5812720848056537,TERR_938541fb7311:0.58127208|TERR_b74f6941cd2d:0.41872792,2018-09-01,21,1.0,2.0,10.0,16.0,8.799752477796897,8.0,21,144.0,34.7997524777969,109.2002475222031,36.24456845238095,27.819295332244717,65.81666666666666,49.267295254983715,29.572098214285713,21.447999922738997,51.02009813702471,42.96787846024019,6.009865333283832,115.59428162445512,105.85532931228197,105.85532931228197,0.6880612001455662,0.650001473346447,0.038059726799119176,33.75,5.25,69.14285714285714,0.5997230355212515,1.3286699037293692,1.3651196645705042,high,high,True,True,synthetic_derived,42,390,566,389,219,18,283.5,396.0,283.0,194.0,13.0,2018-06-01,"distinct_customers: weight=0.4, training_median=283.5; transaction_count: weight=0.25, training_median=396; distinct_cities: weight=0.15, training_median=283; distinct_products: weight=0.1, training_median=194; distributor_count: weight=0.1, training_median=13",2012-10-27,active,senior,87,28,109.375,52.5,76.5,75.625,46.38690476190476,44.13690476190476,37.61309523809524,84,77,10.0,107.03174224486585,8.562539379589268,168.0,False,115.59428162445512,109.2002475222031,85.0,100.0,120.0,100.0,cadence_aligned_planned_visit_hours + cadence_aligned_planned_travel_hours + unplanned_required_coverage_hours + preparation_follow_up_buffer,cadence-aligned service attributed to servicing reps; uncovered obligations attributed to dynamic portfolio owners; observed excess retained as diagnostics; all served territories retained as fractional transaction allocations,1.6,deterministic_hours_plus_legacy_normalized_workload
CAPCAL_03b33c1048ecc70c,REP_56269a9759c4,Anne Wu,MGR_31981a685b7e,Britanny Bold,TEAM_4f4a9410ffcd,Delta,TERR_49c0203db75f,Delta / Germany,2,0.5442307692307692,TERR_3170779e5944:0.45576923|TERR_49c0203db75f:0.54423077,2018-09-01,21,0.0,1.0,11.0,18.0,8.596927464129049,8.0,21,160.0,37.59692746412905,122.40307253587095,37.18030753968254,30.283125341664164,65.83333333333333,52.65366380538069,28.653025793650794,22.37053846371652,51.02356425736731,22.09044019235731,2.1809031020718734,96.71818291960034,79.01613980421651,79.01613980421651,0.5757034697595258,0.7285897174754223,-0.15288624771589654,20.625,1.75,69.1588785046729,0.6451593136226205,1.696810226659655,1.2715263553921528,low,low,False,False,synthetic_derived,42,357,520,357,217,18,283.5,396.0,283.0,194.0,13.0,2018-06-01,"distinct_customers: weight=0.4, training_median=283.5; transaction_count: weight=0.25, training_median=396; distinct_cities: weight=0.15, training_median=283; distinct_products: weight=0.1, training_median=194; distributor_count: weight=0.1, training_median=13",2015-04-14,active,experienced,57,13,66.875,24.375,49.625,46.25,46.938988095238095,42.57440476190476,37.061011904761905,84,76,7.179487179487179,89.55387307370401,7.164309845896321,168.0,False,96.71818291960034,122.40307253587095,85.0,100.0,120.0,100.0,cadence_aligned_planned_visit_hours + cadence_aligned_planned_travel_hours + unplanned_required_coverage_hours + preparation_follow_up_buffer,cadence-aligned service attributed to servicing reps; uncovered obligations attributed to dynamic portfolio owners; observed excess retained as diagnostics; all served territories retained as fractional transaction allocations,1.6,deterministic_hours_plus_legacy_normalized_workload
CAPCAL_1a7dd926b4d535ea,REP_6003efb01f5e,Sheila Stones,MGR_31981a685b7e,Britanny Bold,TEAM_4f4a9410ffcd,Delta,TERR_49c0203db75f,Delta / Germany,2,0.5642737896494157,TERR_3170779e5944:0.43572621|TERR_49c0203db75f:0.56427379,2018-09-01,21,2.0,1.0,6.0,24.0,4.947386393506874,8.0,21,144.0,34.947386393506875,109.05261360649313,40.70642361111111,33.32427576719605,65.13333333333334,51.36758047563006,24.426909722222224,18.043304708434007,42.47021443065623,37.945601950392245,5.6384704163826065,120.93440543499536,110.89546727543518,110.89546727543518,0.7198476513987819,0.6491227000386496,0.07072495136013235,29.875,4.5,66.80555555555556,0.6243946275074793,1.5912421767762546,1.3804086899273171,high,high,True,True,synthetic_derived,42,394,599,394,222,16,283.5,396.0,283.0,194.0,13.0,2018-06-01,"distinct_customers: weight=0.4, training_median=283.5; transaction_count: weight=0.25, training_median=396; distinct_cities: weight=0.15, training_median=283; distinct_products: weight=0.1, training_median=194; distributor_count: weight=0.1, training_median=13",2014-08-03,active,experienced,76,18,90.0,33.75,60.375,60.125,53.370535714285715,52.19642857142857,30.629464285714285,84,80,13.333333333333334,111.9763013286994,8.958104106295952,168.0,False,120.93440543499536,109.05261360649313,85.0,100.0,120.0,100.0,cadence_aligned_planned_visit_hours + cadence_aligned_planned_travel_hours + unplanned_required_coverage_hours + preparation_follow_up_buffer,cadence-aligned service attributed to servicing reps; uncovered obligations attributed to dynamic portfolio owners; observed excess retained as diagnostics; all served territories retained as fractional transaction allocations,1.6,deterministic_hours_plus_legacy_normalized_workload
CAPCAL_6769500bd74943a9,REP_6daf09991b71,Jimmy Grey,MGR_4b97498897f6,Alisha Cordwell,TEAM_b9dd960c1753,Charlie,TERR_938541fb7311,Charlie / Germany,2,0.5528756957328386,TERR_938541fb7311:0.55287570|TERR_b74f6941cd2d:0.44712430,2018-09-01,21,1.0,0.0,12.0,18.0,4.39669458935212,8.0,21,160.0,34.39669458935212,125.60330541064788,36.61284722222222,28.827819780310833,64.91666666666667,49.64670667300196,28.303819444444443,20.81888689269113,49.122706337135575,17.22597979214578,1.1211759431344048,89.27997853825313,71.08091482653332,71.08091482653332,0.5314284436800781,0.7476387226824278,-0.21621027900234968,15.625,2.625,74.22680412371135,0.6037992423752924,1.7855995707650627,1.3138543326130603,low,low,False,False,synthetic_derived,42,370,539,369,213,19,283.5,396.0,283.0,194.0,13.0,2018-06-01,"distinct_customers: weight=0.4, training_median=283.5; transaction_count: weight=0.25, training_median=396; distinct_cities: weight=0.15, training_median=283; distinct_products: weight=0.1, training_median=194; distributor_count: weight=0.1, training_median=13",2012-08-25,active,senior,50,16,60.625,30.0,46.75,45.0,47.74404761904762,47.413690476190474,36.25595238095238,84,79,8.75,82.66664679467883,6.613331743574307,168.0,False,89.27997853825313,125.60330541064788,85.0,100.0,120.0,100.0,cadence_aligned_planned_visit_hours + cadence_aligned_planned_travel_hours + unplanned_required_coverage_hours + preparation_follow_up_buffer,cadence-aligned service attributed to servicing reps; uncovered obligations attributed to dynamic portfolio owners; observed excess retained as diagnostics; all served territories retained as fractional transaction allocations,1.6,deterministic_hours_plus_legacy_normalized_workload
CAPCAL_3fb60ff3ce69ee5f,REP_82f7cb811b80,Stella Given,MGR_4b97498897f6,Alisha Cordwell,TEAM_b9dd960c1753,Charlie,TERR_938541fb7311,Charlie / Germany,2,0.6053571428571428,TERR_938541fb7311:0.60535714|TERR_b74f6941cd2d:0.39464286,2018-09-01,21,0.0,0.0,6.0,19.0,5.575957211117445,8.0,21,168.0,30.575957211117444,137.42404278888256,41.77405753968254,31.38152915759471,68.53333333333333,50.8967624339833,26.759275793650794,19.515233276388592,46.274509070039386,33.05833772091214,3.498321564595374,114.71103837164453,83.47232117735697,83.47232117735697,0.6828037998312174,0.8180002546957296,-0.13519645486451215,26.0,2.75,67.24409448818898,0.6082252997780239,1.8208101328832467,1.3566259474234899,low,low,False,False,synthetic_derived,42,391,560,391,220,17,283.5,396.0,283.0,194.0,13.0,2018-06-01,"distinct_customers: weight=0.4, training_median=283.5; transaction_count: weight=0.25, training_median=396; distinct_cities: weight=0.15, training_median=283; distinct_products: weight=0.1, training_median=194; distributor_count: weight=0.1, training_median=13",2013-04-26,active,senior,63,14,79.375,26.25,54.25,53.375,51.595238095238095,52.220238095238095,32.404761904761905,84,80,10.476190476190476,106.21392441818938,8.49711395345515,168.0,False,114.71103837164453,137.42404278888256,85.0,100.0,120.0,100.0,cadence_aligned_planned_visit_hours + cadence_aligned_planned_travel_hours + unplanned_required_coverage_hours + preparation_follow_up_buffer,cadence-aligned service attributed to servicing reps; uncovered obligations attributed to dynamic portfolio owners; observed excess retained as diagnostics; all served territories retained as fractional transaction allocations,1.6,deterministic_hours_plus_legacy_normalized_workload
CAPCAL_23a1a065c13b13af,REP_a132178ac1b8,Alan Ray,MGR_5e1c70ff0ce6,James Goodwill,TEAM_a405eba78bf2,Alfa,TERR_b31415d90eb9,Alfa / Germany,2,0.568935427574171,TERR_6090deb666aa:0.43106457|TERR_b31415d90eb9:0.56893543,2018-09-01,21,2.0,1.0,9.0,23.0,7.147750598769786,8.0,21,144.0,39.14775059876979,104.85224940123021,37.63328373015873,29.544141195128997,65.46666666666667,50.73055556743683,27.833382936507935,21.186414372307834,49.01979730881577,25.275530243721317,2.2772330719892677,99.84919158252977,95.22846877652036,95.22846877652036,0.5943404260864867,0.6241205321501798,-0.02978010606369308,21.375,2.625,62.417582417582416,0.6127295501242728,1.8490591033801809,1.3515324021876607,medium,medium,False,False,synthetic_derived,42,372,573,371,222,20,283.5,396.0,283.0,194.0,13.0,2018-06-01,"distinct_customers: weight=0.4, training_median=283.5; transaction_count: weight=0.25, training_median=396; distinct_cities: weight=0.15, training_median=283; distinct_products: weight=0.1, training_median=194; distributor_count: weight=0.1, training_median=13",2012-12-18,active,senior,54,9,56.875,16.875,37.25,35.5,48.217261904761905,45.19940476190476,35.782738095238095,84,75,15.555555555555555,92.45295516900904,7.3962364135207235,168.0,False,99.84919158252977,104.85224940123021,85.0,100.0,120.0,100.0,cadence_aligned_planned_visit_hours + cadence_aligned_planned_travel_hours + unplanned_required_coverage_hours + preparation_follow_up_buffer,cadence-aligned service attributed to servicing reps; uncovered obligations attributed to dynamic portfolio owners; observed excess retained as diagnostics; all served territories retained as fractional transaction allocations,1.6,deterministic_hours_plus_legacy_normalized_workload
CAPCAL_d8d73f5469c8013a,REP_bba68d031906,Steve Pepple,MGR_eb86f856200b,Tracy Banks,TEAM_f144a6907dc4,Bravo,TERR_07a5ea4d7ed4,Bravo / Germany,2,0.5795454545454546,TERR_07a5ea4d7ed4:0.57954545|TERR_9efd649c43bb:0.42045455,2018-09-01,21,0.0,2.0,5.0,19.0,8.210968806659382,8.0,21,152.0,32.21096880665938,119.78903119334062,33.88948412698413,28.165419830940433,59.31666666666667,48.734243734897234,25.42718253968254,20.568823903956797,45.99600644363934,12.326829031578868,1.2374999999999998,80.3322716286637,67.06145865643296,67.06145865643296,0.47816828350395063,0.7130299475794084,-0.23486166407545778,11.5,2.625,72.12121212121212,0.6099633298869471,2.295207760818963,1.2866762891698231,low,low,False,False,synthetic_derived,42,363,528,363,214,18,283.5,396.0,283.0,194.0,13.0,2018-06-01,"distinct_customers: weight=0.4, training_median=283.5; transaction_count: weight=0.25, training_median=396; distinct_cities: weight=0.15, training_median=283; distinct_products: weight=0.1, training_median=194; distributor_count: weight=0.1, training_median=13",2016-09-24,active,experienced,35,9,41.25,16.875,31.5,29.75,46.17559523809524,43.05357142857143,35.82440476190476,82,73,15.555555555555555,74.38173298950343,5.950538639160275,168.0,False,80.3322716286637,119.78903119334062,85.0,100.0,120.0,100.0,cadence_aligned_planned_visit_hours + cadence_aligned_planned_travel_hours + unplanned_required_coverage_hours + preparation_follow_up_buffer,cadence-aligned service attributed to servicing reps; uncovered obligations attributed to dynamic portfolio owners; observed excess retained as diagnostics; all served territories retained as fractional transaction allocations,1.6,deterministic_hours_plus_legacy_normalized_workload
CAPCAL_d8a91f07d67c0891,REP_c56e2fba156a,Thompson Crawford,MGR_5e1c70ff0ce6,James Goodwill,TEAM_a405eba78bf2,Alfa,TERR_b31415d90eb9,Alfa / Germany,2,0.5625,TERR_6090deb666aa:0.43750000|TERR_b31415d90eb9:0.56250000,2018-09-01,21,0.0,2.0,12.0,17.0,8.619933024066432,8.0,21,152.0,37.619933024066434,114.38006697593357,38.99444444444445,30.136053408986932,67.11666666666666,52.61137760186702,28.12222222222222,22.475324192880084,50.59754641510231,21.675844589001823,1.2374999999999998,98.07084983782786,85.74120686470896,85.74120686470896,0.5837550585584992,0.6808337319996046,-0.09707867344110543,18.375,1.75,65.0,0.6255460521047512,2.2288829508597243,1.3657198707281888,medium,medium,False,False,synthetic_derived,42,394,592,394,217,15,283.5,396.0,283.0,194.0,13.0,2018-06-01,"distinct_customers: weight=0.4, training_median=283.5; transaction_count: weight=0.25, training_median=396; distinct_cities: weight=0.15, training_median=283; distinct_products: weight=0.1, training_median=194; distributor_count: weight=0.1, training_median=13",2014-02-24,active,senior,44,13,52.5,24.375,35.625,34.125,48.17559523809524,49.54017857142857,35.82440476190476,84,84,7.179487179487179,90.8063424424332,7.264507395394657,168.0,False,98.07084983782786,114.38006697593357,85.0,100.0,120.0,100.0,cadence_aligned_planned_visit_hours + cadence_aligned_planned_travel_hours + unplanned_required_coverage_hours + preparation_follow_up_buffer,cadence-aligned service attributed to servicing reps; uncovered obligations attributed to dynamic portfolio owners; observed excess retained as diagnostics; all served territories retained as fractional transaction allocations,1.6,deterministic_hours_plus_legacy_normalized_workload
CAPCAL_12e81c8fcab5c4a9,REP_d21d2dd167c5,Morris Garcia,MGR_eb86f856200b,Tracy Banks,TEAM_f144a6907dc4,Bravo,TERR_07a5ea4d7ed4,Bravo / Germany,2,0.5678571428571428,TERR_07a5ea4d7ed4:0.56785714|TERR_9efd649c43bb:0.43214286,2018-09-01,21,2.0,2.0,6.0,24.0,7.241997173934343,8.0,21,136.0,37.241997173934344,98.75800282606565,40.697048611111114,31.35180118225222,66.0,50.37412546060914,25.30295138888889,19.022324278356926,44.32527566724581,22.017105249668575,2.4749999999999996,101.59123144647445,102.86885977777288,102.86885977777288,0.6047097109909194,0.5878452549170574,0.016864456073862,18.875,3.5,59.73333333333334,0.605118487936166,2.5397807861618613,1.3608802062458882,high,high,True,True,synthetic_derived,42,385,560,385,221,19,283.5,396.0,283.0,194.0,13.0,2018-06-01,"distinct_customers: weight=0.4, training_median=283.5; transaction_count: weight=0.25, training_median=396; distinct_cities: weight=0.15, training_median=283; distinct_products: weight=0.1, training_median=194; distributor_count: weight=0.1, training_median=13",2014-01-05,active,senior,40,12,46.875,22.5,29.75,28.0,51.811011904761905,51.032738095238095,32.188988095238095,84,80,15.555555555555555,94.0659550430319,7.525276403442553,168.0,False,101.59123144647445,98.75800282606565,85.0,100.0,120.0,100.0,cadence_aligned_planned_visit_hours + cadence_aligned_planned_travel_hours + unplanned_required_coverage_hours + preparation_follow_up_buffer,cadence-aligned service attributed to servicing reps; uncovered obligations attributed to dynamic portfolio owners; observed excess retained as diagnostics; all served territories retained as fractional transaction allocations,1.6,deterministic_hours_plus_legacy_normalized_workload
CAPCAL_bba18f26a9e82cd0,REP_db1cc40d477a,Erica Jones,MGR_5e1c70ff0ce6,James Goodwill,TEAM_a405eba78bf2,Alfa,TERR_b31415d90eb9,Alfa / Germany,2,0.5740402193784278,TERR_6090deb666aa:0.42595978|TERR_b31415d90eb9:0.57404022,2018-09-01,21,1.0,0.0,11.0,24.0,6.0395276673309475,8.0,21,160.0,41.039527667330944,118.96047233266906,40.496924603174605,31.47852915655024,68.91666666666667,52.562816027870845,28.419742063492063,21.084286871320604,49.504028934812666,13.19619051401203,3.7124999999999995,91.98537581563582,77.32431959281544,77.32431959281544,0.5475319989025942,0.7080980495992206,-0.16056605069662644,11.125,3.625,70.81967213114754,0.6362550483713346,3.0661791938545275,1.3302353406901817,low,low,False,False,synthetic_derived,42,388,547,386,213,16,283.5,396.0,283.0,194.0,13.0,2018-06-01,"distinct_customers: weight=0.4, training_median=283.5; transaction_count: weight=0.25, training_median=396; distinct_cities: weight=0.15, training_median=283; distinct_products: weight=0.1, training_median=194; distributor_count: weight=0.1, training_median=13",2013-02-07,active,senior,30,10,38.125,18.75,28.0,27.0,49.47470238095238,48.529761904761905,34.52529761904762,84,81,19.333333333333332,85.17164427373687,6.81373154189895,168.0,False,91.98537581563582,118.96047233266906,85.0,100.0,120.0,100.0,cadence_aligned_planned_visit_hours + cadence_aligned_planned_travel_hours + unplanned_required_coverage_hours + preparation_follow_up_buffer,cadence-aligned service attributed to servicing reps; uncovered obligations attributed to dynamic portfolio owners; observed excess retained as diagnostics; all served territories retained as fractional transaction allocations,1.6,deterministic_hours_plus_legacy_normalized_workload
CAPCAL_b6193ba7d58b6ac5,REP_e7e9152643c7,Jessica Smith,MGR_31981a685b7e,Britanny Bold,TEAM_4f4a9410ffcd,Delta,TERR_49c0203db75f,Delta / Germany,2,0.545774647887324,TERR_3170779e5944:0.45422535|TERR_49c0203db75f:0.54577465,2018-09-01,21,2.0,2.0,6.0,25.0,7.1140930108867515,8.0,21,136.0,38.11409301088675,97.88590698911325,40.87296626984127,34.67495061958349,63.61666666666667,52.5417277810032,22.743700396825396,17.866777161419705,40.6104775582451,22.002123172466316,8.87122459596385,105.35404326684235,107.62942951385197,107.62942951385197,0.6271074003978712,0.5826542082685313,0.04445319212933985,17.625,6.375,62.4,0.6420579415948447,2.772474822811641,1.3541640052265045,high,high,True,True,synthetic_derived,42,380,568,380,217,19,283.5,396.0,283.0,194.0,13.0,2018-06-01,"distinct_customers: weight=0.4, training_median=283.5; transaction_count: weight=0.25, training_median=396; distinct_cities: weight=0.15, training_median=283; distinct_products: weight=0.1, training_median=194; distributor_count: weight=0.1, training_median=13",2015-11-19,active,experienced,38,11,46.875,20.625,30.125,29.25,54.00595238095238,52.64136904761905,29.99404761904762,84,79,30.909090909090907,97.55004006189107,7.804003204951286,168.0,False,105.35404326684235,97.88590698911325,85.0,100.0,120.0,100.0,cadence_aligned_planned_visit_hours + cadence_aligned_planned_travel_hours + unplanned_required_coverage_hours + preparation_follow_up_buffer,cadence-aligned service attributed to servicing reps; uncovered obligations attributed to dynamic portfolio owners; observed excess retained as diagnostics; all served territories retained as fractional transaction allocations,1.6,deterministic_hours_plus_legacy_normalized_workload
CAPCAL_c19d4889c15d29bd,REP_0dfc420450a6,Abigail Thompson,MGR_eb86f856200b,Tracy Banks,TEAM_f144a6907dc4,Bravo,TERR_07a5ea4d7ed4,Bravo / Germany,2,0.5777202072538861,TERR_07a5ea4d7ed4:0.57772021|TERR_9efd649c43bb:0.42227979,2018-10-01,21,2.0,2.0,5.0,26.0,6.809615337428799,8.0,21,136.0,37.809615337428795,98.1903846625712,32.139161706349206,26.795052900961796,63.333333333333336,51.05717082492619,31.194171626984126,24.26211792396439,55.45628955094852,65.93926905982387,2.4749999999999996,134.86336236050568,137.34884818300716,137.34884818300716,0.8027581092887243,0.5844665753724476,0.21829153391627665,52.625,1.75,58.10945273631841,0.6197413670669372,1.237278553766107,1.6428812634415344,critical,critical,True,True,synthetic_derived,42,474,772,474,233,15,283.5,396.0,283.0,194.0,13.0,2018-06-01,"distinct_customers: weight=0.4, training_median=283.5; transaction_count: weight=0.25, training_median=396; distinct_cities: weight=0.15, training_median=283; distinct_products: weight=0.1, training_median=194; distributor_count: weight=0.1, training_median=13",2015-02-18,active,experienced,109,24,125.625,45.0,74.25,73.0,43.235863095238095,42.38467261904762,40.764136904761905,84,79,3.888888888888889,124.87348366713488,9.989878693370791,168.0,False,134.86336236050568,98.1903846625712,85.0,100.0,120.0,100.0,cadence_aligned_planned_visit_hours + cadence_aligned_planned_travel_hours + unplanned_required_coverage_hours + preparation_follow_up_buffer,cadence-aligned service attributed to servicing reps; uncovered obligations attributed to dynamic portfolio owners; observed excess retained as diagnostics; all served territories retained as fractional transaction allocations,1.6,deterministic_hours_plus_legacy_normalized_workload
CAPCAL_4b8488c5abdc17e2,REP_200ef690040c,Mary Gerrard,MGR_31981a685b7e,Britanny Bold,TEAM_4f4a9410ffcd,Delta,TERR_49c0203db75f,Delta / Germany,2,0.6157024793388429,TERR_3170779e5944:0.38429752|TERR_49c0203db75f:0.61570248,2018-10-01,21,0.0,1.0,10.0,21.0,8.89795204993759,8.0,21,160.0,39.89795204993759,120.10204795006241,35.89248511904762,27.3807579781714,68.78333333333333,52.269175252055895,32.89084821428571,24.888417273884496,57.77926548817021,48.2484478520036,3.7965444598011366,120.44342622516044,100.28424017818578,100.28424017818578,0.7169251561021455,0.7148931425598953,0.002032013542250133,39.5,2.75,65.27472527472527,0.6280247580493952,1.353296923878207,1.5583911966997586,high,high,True,True,synthetic_derived,42,442,726,442,231,16,283.5,396.0,283.0,194.0,13.0,2018-06-01,"distinct_customers: weight=0.4, training_median=283.5; transaction_count: weight=0.25, training_median=396; distinct_cities: weight=0.15, training_median=283; distinct_products: weight=0.1, training_median=194; distributor_count: weight=0.1, training_median=13",2015-01-06,active,experienced,89,32,113.75,60.0,76.5,74.25,43.598214285714285,43.02529761904762,40.401785714285715,84,79,4.583333333333333,111.52169094922263,8.921735275937811,168.0,False,120.44342622516044,120.10204795006241,85.0,100.0,120.0,100.0,cadence_aligned_planned_visit_hours + cadence_aligned_planned_travel_hours + unplanned_required_coverage_hours + preparation_follow_up_buffer,cadence-aligned service attributed to servicing reps; uncovered obligations attributed to dynamic portfolio owners; observed excess retained as diagnostics; all served territories retained as fractional transaction allocations,1.6,deterministic_hours_plus_legacy_normalized_workload
CAPCAL_b2f414f12fe60c25,REP_2234ec3bee93,Daniel Gates,MGR_4b97498897f6,Alisha Cordwell,TEAM_b9dd960c1753,Charlie,TERR_938541fb7311,Charlie / Germany,2,0.6007751937984496,TERR_938541fb7311:0.60077519|TERR_b74f6941cd2d:0.39922481,2018-10-01,21,1.0,1.0,10.0,16.0,7.452048458364322,8.0,21,152.0,33.452048458364324,118.54795154163568,34.17991071428571,25.743109798667383,67.81666666666666,50.06473356012766,33.63675595238095,24.321623761460273,57.958379713841225,53.49093796210681,1.1572041063030398,122.4870751530647,103.32281035665599,103.32281035665599,0.7290897330539565,0.7056425687002124,0.023447164353744165,43.5,1.75,52.972972972972975,0.6052857642345124,1.5310884394133086,1.6132613456982332,high,high,True,True,synthetic_derived,42,456,774,454,228,16,283.5,396.0,283.0,194.0,13.0,2018-06-01,"distinct_customers: weight=0.4, training_median=283.5; transaction_count: weight=0.25, training_median=396; distinct_cities: weight=0.15, training_median=283; distinct_products: weight=0.1, training_median=194; distributor_count: weight=0.1, training_median=13",2012-10-27,active,senior,80,16,92.5,30.0,51.125,49.0,42.53050595238095,39.426339285714285,41.469494047619044,84,76,5.833333333333333,113.4139584750599,9.073116678004792,168.0,False,122.4870751530647,118.54795154163568,85.0,100.0,120.0,100.0,cadence_aligned_planned_visit_hours + cadence_aligned_planned_travel_hours + unplanned_required_coverage_hours + preparation_follow_up_buffer,cadence-aligned service attributed to servicing reps; uncovered obligations attributed to dynamic portfolio owners; observed excess retained as diagnostics; all served territories retained as fractional transaction allocations,1.6,deterministic_hours_plus_legacy_normalized_workload
CAPCAL_325ccd81d052284c,REP_56269a9759c4,Anne Wu,MGR_31981a685b7e,Britanny Bold,TEAM_4f4a9410ffcd,Delta,TERR_49c0203db75f,Delta / Germany,2,0.5991847826086957,TERR_3170779e5944:0.40081522|TERR_49c0203db75f:0.59918478,2018-10-01,21,0.0,0.0,11.0,18.0,6.313411413524355,8.0,21,168.0,35.313411413524356,132.68658858647564,35.54042658730159,27.259736813764835,67.45,50.81769326830923,31.909573412698414,23.557956454544392,55.4675298672428,41.13272137354648,0.0,112.24751555658194,84.59597669392716,84.59597669392716,0.668139973551083,0.7898011225385455,-0.1216611489874625,32.0,0.0,50.76923076923077,0.6100893605158851,2.040863919210581,1.6020982234496008,low,low,False,False,synthetic_derived,42,461,736,461,232,16,283.5,396.0,283.0,194.0,13.0,2018-06-01,"distinct_customers: weight=0.4, training_median=283.5; transaction_count: weight=0.25, training_median=396; distinct_cities: weight=0.15, training_median=283; distinct_products: weight=0.1, training_median=194; distributor_count: weight=0.1, training_median=13",2015-04-14,active,experienced,55,10,65.0,18.75,34.0,33.0,44.68154761904762,41.316964285714285,39.31845238095238,84,75,0.0,103.93288477461292,8.314630781969033,168.0,False,112.24751555658194,132.68658858647564,85.0,100.0,120.0,100.0,cadence_aligned_planned_visit_hours + cadence_aligned_planned_travel_hours + unplanned_required_coverage_hours + preparation_follow_up_buffer,cadence-aligned service attributed to servicing reps; uncovered obligations attributed to dynamic portfolio owners; observed excess retained as diagnostics; all served territories retained as fractional transaction allocations,1.6,deterministic_hours_plus_legacy_normalized_workload
CAPCAL_b5d74d68c7ba1311,REP_6003efb01f5e,Sheila Stones,MGR_31981a685b7e,Britanny Bold,TEAM_4f4a9410ffcd,Delta,TERR_49c0203db75f,Delta / Germany,2,0.6421568627450981,TERR_3170779e5944:0.35784314|TERR_49c0203db75f:0.64215686,2018-10-01,21,2.0,2.0,6.0,24.0,8.118640338442567,8.0,21,136.0,38.11864033844257,97.88135966155744,34.74285714285714,27.41632375474993,68.43333333333334,53.641052352306374,33.69047619047619,26.224728597556442,59.91520478803263,46.04203728585956,6.184525756828154,116.85731563814397,119.3866902157871,119.3866902157871,0.695579259750857,0.5826271408426038,0.11295211890825319,36.625,5.375,62.193548387096776,0.6454176512302097,1.5375962583966312,1.7143767393952571,high,high,True,True,synthetic_derived,42,496,816,495,236,15,283.5,396.0,283.0,194.0,13.0,2018-06-01,"distinct_customers: weight=0.4, training_median=283.5; transaction_count: weight=0.25, training_median=396; distinct_cities: weight=0.15, training_median=283; distinct_products: weight=0.1, training_median=194; distributor_count: weight=0.1, training_median=13",2014-08-03,active,experienced,76,29,96.875,54.375,61.625,60.25,42.47842261904762,41.91592261904762,41.52157738095238,84,77,9.885057471264368,108.20121818346664,8.656097454677331,168.0,False,116.85731563814397,97.88135966155744,85.0,100.0,120.0,100.0,cadence_aligned_planned_visit_hours + cadence_aligned_planned_travel_hours + unplanned_required_coverage_hours + preparation_follow_up_buffer,cadence-aligned service attributed to servicing reps; uncovered obligations attributed to dynamic portfolio owners; observed excess retained as diagnostics; all served territories retained as fractional transaction allocations,1.6,deterministic_hours_plus_legacy_normalized_workload
CAPCAL_34f5fade9ecc9d81,REP_6daf09991b71,Jimmy Grey,MGR_4b97498897f6,Alisha Cordwell,TEAM_b9dd960c1753,Charlie,TERR_938541fb7311,Charlie / Germany,2,0.6064516129032258,TERR_938541fb7311:0.60645161|TERR_b74f6941cd2d:0.39354839,2018-10-01,21,1.0,1.0,12.0,18.0,7.360915893376598,8.0,21,152.0,37.3609158933766,114.6390841066234,34.83529265873016,26.51063444569002,66.91666666666667,48.73924557994243,32.08137400793651,22.228611134252404,54.309985142188914,33.63525508222918,3.7965444598011366,102.57967676158131,89.48054458126524,89.48054458126524,0.6105933140570317,0.6823755006346631,-0.07178218657763147,27.0,3.625,57.647058823529406,0.5871350860180834,2.051593535231626,1.6518165896019465,medium,medium,False,False,synthetic_derived,42,475,775,474,229,16,283.5,396.0,283.0,194.0,13.0,2018-06-01,"distinct_customers: weight=0.4, training_median=283.5; transaction_count: weight=0.25, training_median=396; distinct_cities: weight=0.15, training_median=283; distinct_products: weight=0.1, training_median=194; distributor_count: weight=0.1, training_median=13",2012-08-25,active,senior,50,17,63.75,31.875,37.875,36.75,45.15252976190476,41.24925595238095,38.84747023809524,84,74,11.372549019607844,94.98118218664936,7.598494574931949,168.0,False,102.57967676158131,114.6390841066234,85.0,100.0,120.0,100.0,cadence_aligned_planned_visit_hours + cadence_aligned_planned_travel_hours + unplanned_required_coverage_hours + preparation_follow_up_buffer,cadence-aligned service attributed to servicing reps; uncovered obligations attributed to dynamic portfolio owners; observed excess retained as diagnostics; all served territories retained as fractional transaction allocations,1.6,deterministic_hours_plus_legacy_normalized_workload
CAPCAL_630acd44d333b8b0,REP_82f7cb811b80,Stella Given,MGR_4b97498897f6,Alisha Cordwell,TEAM_b9dd960c1753,Charlie,TERR_938541fb7311,Charlie / Germany,2,0.6270270270270271,TERR_938541fb7311:0.62702703|TERR_b74f6941cd2d:0.37297297,2018-10-01,21,0.0,0.0,6.0,19.0,6.211205772223241,8.0,21,168.0,31.21120577222324,136.78879422777675,32.502157738095235,25.348178192411428,66.43333333333334,50.46251534129126,33.931175595238095,25.114337148879834,59.04551274411793,22.17682132289866,0.0,86.42932983367774,63.18451034063369,63.18451034063369,0.5144602966290341,0.8142190132605759,-0.29975871663154174,20.5,0.0,67.84313725490196,0.6044918465985478,1.8006110382016196,1.6123234719138937,low,low,False,False,synthetic_derived,42,470,740,469,229,15,283.5,396.0,283.0,194.0,13.0,2018-06-01,"distinct_customers: weight=0.4, training_median=283.5; transaction_count: weight=0.25, training_median=396; distinct_cities: weight=0.15, training_median=283; distinct_products: weight=0.1, training_median=194; distributor_count: weight=0.1, training_median=13",2013-04-26,active,senior,48,16,63.75,30.0,46.5,43.25,41.933035714285715,38.17559523809524,42.066964285714285,84,76,0.0,80.02715725340532,6.402172580272426,168.0,False,86.42932983367774,136.78879422777675,85.0,100.0,120.0,100.0,cadence_aligned_planned_visit_hours + cadence_aligned_planned_travel_hours + unplanned_required_coverage_hours + preparation_follow_up_buffer,cadence-aligned service attributed to servicing reps; uncovered obligations attributed to dynamic portfolio owners; observed excess retained as diagnostics; all served territories retained as fractional transaction allocations,1.6,deterministic_hours_plus_legacy_normalized_workload
CAPCAL_e6d04eb56e1750e2,REP_a132178ac1b8,Alan Ray,MGR_5e1c70ff0ce6,James Goodwill,TEAM_a405eba78bf2,Alfa,TERR_b31415d90eb9,Alfa / Germany,2,0.6026143790849673,TERR_6090deb666aa:0.39738562|TERR_b31415d90eb9:0.60261438,2018-10-01,21,2.0,2.0,9.0,23.0,8.326349016968777,8.0,21,136.0,40.32634901696878,95.67365098303122,34.54456845238095,25.801379559028355,69.83333333333333,51.77442589022803,35.28876488095238,25.973046331199676,61.261811212152054,26.65478201972975,0.0,93.96078843363019,98.20968204745857,98.20968204745857,0.5592904073430368,0.5694860177561383,-0.010195610413101464,21.375,0.0,65.45454545454545,0.6173260129837129,1.8423684006594154,1.6208578837944192,medium,medium,False,False,synthetic_derived,42,466,765,465,230,15,283.5,396.0,283.0,194.0,13.0,2018-06-01,"distinct_customers: weight=0.4, training_median=283.5; transaction_count: weight=0.25, training_median=396; distinct_cities: weight=0.15, training_median=283; distinct_products: weight=0.1, training_median=194; distributor_count: weight=0.1, training_median=13",2012-12-18,active,senior,51,14,61.875,26.25,40.75,40.5,41.795386904761905,41.52752976190476,42.204613095238095,84,79,0.0,87.00073003113906,6.960058402491125,168.0,False,93.96078843363019,95.67365098303122,85.0,100.0,120.0,100.0,cadence_aligned_planned_visit_hours + cadence_aligned_planned_travel_hours + unplanned_required_coverage_hours + preparation_follow_up_buffer,cadence-aligned service attributed to servicing reps; uncovered obligations attributed to dynamic portfolio owners; observed excess retained as diagnostics; all served territories retained as fractional transaction allocations,1.6,deterministic_hours_plus_legacy_normalized_workload
CAPCAL_93915df220402b4d,REP_bba68d031906,Steve Pepple,MGR_eb86f856200b,Tracy Banks,TEAM_f144a6907dc4,Bravo,TERR_07a5ea4d7ed4,Bravo / Germany,2,0.6002490660024906,TERR_07a5ea4d7ed4:0.60024907|TERR_9efd649c43bb:0.39975093,2018-10-01,21,0.0,0.0,5.0,19.0,6.095523681676378,8.0,21,168.0,30.095523681676376,137.90447631832362,37.7758060515873,28.978907482099586,70.76666666666667,53.359550396607894,32.99086061507936,24.380642914508307,57.37150352958767,37.19584880454088,3.7965444598011366,112.26660732528599,81.4089653378198,81.4089653378198,0.6682536150314642,0.8208599780852597,-0.1526063630537955,29.625,3.625,60.168067226890756,0.6418003074226225,1.8711101220881,1.6597885068789284,low,low,False,False,synthetic_derived,42,470,803,469,229,16,283.5,396.0,283.0,194.0,13.0,2018-06-01,"distinct_customers: weight=0.4, training_median=283.5; transaction_count: weight=0.25, training_median=396; distinct_cities: weight=0.15, training_median=283; distinct_products: weight=0.1, training_median=194; distributor_count: weight=0.1, training_median=13",2016-09-24,active,experienced,60,21,74.375,39.375,45.625,44.75,45.15252976190476,45.29092261904762,38.84747023809524,84,78,9.206349206349207,103.95056233822777,8.316044987058222,168.0,False,112.26660732528599,137.90447631832362,85.0,100.0,120.0,100.0,cadence_aligned_planned_visit_hours + cadence_aligned_planned_travel_hours + unplanned_required_coverage_hours + preparation_follow_up_buffer,cadence-aligned service attributed to servicing reps; uncovered obligations attributed to dynamic portfolio owners; observed excess retained as diagnostics; all served territories retained as fractional transaction allocations,1.6,deterministic_hours_plus_legacy_normalized_workload
CAPCAL_ed5da610541ba554,REP_c56e2fba156a,Thompson Crawford,MGR_5e1c70ff0ce6,James Goodwill,TEAM_a405eba78bf2,Alfa,TERR_b31415d90eb9,Alfa / Germany,2,0.5842696629213483,TERR_6090deb666aa:0.41573034|TERR_b31415d90eb9:0.58426966,2018-10-01,21,0.0,0.0,12.0,17.0,6.174936013383647,8.0,21,168.0,35.17493601338364,132.82506398661636,36.15220734126984,26.83676702208097,68.13333333333334,50.82399409594091,31.981125992063493,23.987227073859938,55.96835306592343,23.49563895770532,0.0,93.40338238674062,70.32060033199161,70.32060033199161,0.5559725142067894,0.7906253808727164,-0.234652866665927,19.75,0.0,52.83582089552239,0.6125991860742013,2.45798374701949,1.6736590629285795,low,low,False,False,synthetic_derived,42,477,801,476,232,16,283.5,396.0,283.0,194.0,13.0,2018-06-01,"distinct_customers: weight=0.4, training_median=283.5; transaction_count: weight=0.25, training_median=396; distinct_cities: weight=0.15, training_median=283; distinct_products: weight=0.1, training_median=194; distributor_count: weight=0.1, training_median=13",2014-02-24,active,senior,38,7,41.875,13.125,23.375,22.125,43.808035714285715,45.91517857142857,40.191964285714285,84,83,0.0,86.48461332105613,6.918769065684491,168.0,False,93.40338238674062,132.82506398661636,85.0,100.0,120.0,100.0,cadence_aligned_planned_visit_hours + cadence_aligned_planned_travel_hours + unplanned_required_coverage_hours + preparation_follow_up_buffer,cadence-aligned service attributed to servicing reps; uncovered obligations attributed to dynamic portfolio owners; observed excess retained as diagnostics; all served territories retained as fractional transaction allocations,1.6,deterministic_hours_plus_legacy_normalized_workload
CAPCAL_180cae7b56ba6e16,REP_d21d2dd167c5,Morris Garcia,MGR_eb86f856200b,Tracy Banks,TEAM_f144a6907dc4,Bravo,TERR_07a5ea4d7ed4,Bravo / Germany,2,0.626358695652174,TERR_07a5ea4d7ed4:0.62635870|TERR_9efd649c43bb:0.37364130,2018-10-01,21,2.0,2.0,6.0,24.0,7.688084989968304,8.0,21,136.0,37.6880849899683,98.3119150100317,35.63715277777778,27.76540409177077,67.95,52.077244299670255,32.312847222222224,24.31184020789949,56.62468743012171,16.288333168693462,0.0,86.06616124130136,87.5439779934296,87.5439779934296,0.51229857881727,0.5851899702978077,-0.07289139148053769,14.5,0.875,69.06666666666666,0.6252589239526141,2.39072670114726,1.6033882726037232,medium,medium,False,False,synthetic_derived,42,463,736,462,228,16,283.5,396.0,283.0,194.0,13.0,2018-06-01,"distinct_customers: weight=0.4, training_median=283.5; transaction_count: weight=0.25, training_median=396; distinct_cities: weight=0.15, training_median=283; distinct_products: weight=0.1, training_median=194; distributor_count: weight=0.1, training_median=13",2014-01-05,active,senior,36,12,46.875,22.5,34.25,32.375,44.40625,43.291666666666664,39.59375,84,77,3.888888888888889,79.690890038242,6.37527120305936,168.0,False,86.06616124130136,98.3119150100317,85.0,100.0,120.0,100.0,cadence_aligned_planned_visit_hours + cadence_aligned_planned_travel_hours + unplanned_required_coverage_hours + preparation_follow_up_buffer,cadence-aligned service attributed to servicing reps; uncovered obligations attributed to dynamic portfolio owners; observed excess retained as diagnostics; all served territories retained as fractional transaction allocations,1.6,deterministic_hours_plus_legacy_normalized_workload
CAPCAL_5af15b13a855159f,REP_db1cc40d477a,Erica Jones,MGR_5e1c70ff0ce6,James Goodwill,TEAM_a405eba78bf2,Alfa,TERR_b31415d90eb9,Alfa / Germany,2,0.5951742627345844,TERR_6090deb666aa:0.40482574|TERR_b31415d90eb9:0.59517426,2018-10-01,21,1.0,2.0,11.0,24.0,8.083751611830376,8.0,21,144.0,43.08375161183038,100.91624838816962,32.32311507936508,24.923571151941275,67.35,51.33825820451782,35.02688492063492,26.414687052576546,61.44157197321147,19.35335160603823,0.0,82.72804086433216,81.97692857756923,81.97692857756923,0.4924288146686438,0.6006919546914858,-0.10826314002284204,14.875,0.0,55.925925925925924,0.6192763977040372,2.852691064287316,1.6166413860374615,low,low,False,False,synthetic_derived,42,470,746,470,229,15,283.5,396.0,283.0,194.0,13.0,2018-06-01,"distinct_customers: weight=0.4, training_median=283.5; transaction_count: weight=0.25, training_median=396; distinct_cities: weight=0.15, training_median=283; distinct_products: weight=0.1, training_median=194; distributor_count: weight=0.1, training_median=13",2013-02-07,active,senior,29,7,33.75,13.125,18.875,18.875,40.24627976190476,39.270089285714285,43.75372023809524,84,79,0.0,76.60003783734459,6.128003026987567,168.0,False,82.72804086433216,100.91624838816962,85.0,100.0,120.0,100.0,cadence_aligned_planned_visit_hours + cadence_aligned_planned_travel_hours + unplanned_required_coverage_hours + preparation_follow_up_buffer,cadence-aligned service attributed to servicing reps; uncovered obligations attributed to dynamic portfolio owners; observed excess retained as diagnostics; all served territories retained as fractional transaction allocations,1.6,deterministic_hours_plus_legacy_normalized_workload
CAPCAL_f240b44033dea271,REP_e7e9152643c7,Jessica Smith,MGR_31981a685b7e,Britanny Bold,TEAM_4f4a9410ffcd,Delta,TERR_49c0203db75f,Delta / Germany,2,0.5847347994825356,TERR_3170779e5944:0.41526520|TERR_49c0203db75f:0.58473480,2018-10-01,21,2.0,0.0,6.0,25.0,5.102622897569114,8.0,21,152.0,36.10262289756911,115.89737710243088,35.44146825396825,28.27763113348998,65.5,51.51536234314342,30.058531746031747,23.237731209653443,53.29626295568519,17.190144159562674,0.0,87.38198303078258,75.39599705828873,75.39599705828873,0.5201308513737058,0.6898653398954219,-0.16973448852171602,15.25,0.875,53.9622641509434,0.6217405768876361,2.9127327676927526,1.6237603891291372,low,low,False,False,synthetic_derived,42,462,773,460,227,16,283.5,396.0,283.0,194.0,13.0,2018-06-01,"distinct_customers: weight=0.4, training_median=283.5; transaction_count: weight=0.25, training_median=396; distinct_cities: weight=0.15, training_median=283; distinct_products: weight=0.1, training_median=194; distributor_count: weight=0.1, training_median=13",2015-11-19,active,experienced,30,4,33.125,7.5,19.75,17.875,45.48139880952381,43.210565476190474,38.51860119047619,84,78,11.666666666666666,80.9092435470209,6.472739483761672,168.0,False,87.38198303078258,115.89737710243088,85.0,100.0,120.0,100.0,cadence_aligned_planned_visit_hours + cadence_aligned_planned_travel_hours + unplanned_required_coverage_hours + preparation_follow_up_buffer,cadence-aligned service attributed to servicing reps; uncovered obligations attributed to dynamic portfolio owners; observed excess retained as diagnostics; all served territories retained as fractional transaction allocations,1.6,deterministic_hours_plus_legacy_normalized_workload
CAPCAL_506fccbbcebf23c1,REP_0dfc420450a6,Abigail Thompson,MGR_eb86f856200b,Tracy Banks,TEAM_f144a6907dc4,Bravo,TERR_07a5ea4d7ed4,Bravo / Germany,2,0.5588697017268446,TERR_07a5ea4d7ed4:0.55886970|TERR_9efd649c43bb:0.44113030,2018-11-01,21,2.0,1.0,5.0,26.0,6.78941851932256,8.0,21,144.0,37.78941851932256,106.21058148067743,36.858358134920636,31.333865297673313,62.6,52.00218475317445,25.741641865079366,20.668319455501134,46.4099613205805,47.364010425703235,3.837180136162714,124.80073256696096,117.50310640156468,117.50310640156468,0.7428615033747676,0.6322058421468895,0.11065566122787818,39.25,2.75,71.19266055045873,0.6220857208708481,1.144960849238174,1.4482517441014702,high,high,True,True,synthetic_derived,42,415,637,415,228,16,283.5,396.0,283.0,194.0,13.0,2018-06-01,"distinct_customers: weight=0.4, training_median=283.5; transaction_count: weight=0.25, training_median=396; distinct_cities: weight=0.15, training_median=283; distinct_products: weight=0.1, training_median=194; distributor_count: weight=0.1, training_median=13",2015-02-18,active,experienced,109,31,136.25,58.125,99.75,97.0,50.36904761904762,49.71875,33.63095238095238,84,80,4.731182795698925,115.55623385829719,9.244498708663775,168.0,False,124.80073256696096,106.21058148067743,85.0,100.0,120.0,100.0,cadence_aligned_planned_visit_hours + cadence_aligned_planned_travel_hours + unplanned_required_coverage_hours + preparation_follow_up_buffer,cadence-aligned service attributed to servicing reps; uncovered obligations attributed to dynamic portfolio owners; observed excess retained as diagnostics; all served territories retained as fractional transaction allocations,1.6,deterministic_hours_plus_legacy_normalized_workload
CAPCAL_be523547dbbeb8ff,REP_200ef690040c,Mary Gerrard,MGR_31981a685b7e,Britanny Bold,TEAM_4f4a9410ffcd,Delta,TERR_49c0203db75f,Delta / Germany,2,0.5583596214511041,TERR_3170779e5944:0.44164038|TERR_49c0203db75f:0.55835962,2018-11-01,21,0.0,2.0,10.0,21.0,6.269053355524115,8.0,21,152.0,37.269053355524115,114.73094664447589,39.02619047619048,30.41959579564976,67.91666666666667,52.26998326319414,28.89047619047619,21.850387467544383,50.74086365802057,53.48514207724297,7.058929022898251,132.76540261700987,115.71891150555787,115.71891150555787,0.7902702536726778,0.6829223014552136,0.10734795221746418,41.875,5.25,59.63855421686747,0.6282297665778493,1.5086977570114757,1.41626932688248,high,high,True,True,synthetic_derived,42,404,634,403,227,15,283.5,396.0,283.0,194.0,13.0,2018-06-01,"distinct_customers: weight=0.4, training_median=283.5; transaction_count: weight=0.25, training_median=396; distinct_cities: weight=0.15, training_median=283; distinct_products: weight=0.1, training_median=194; distributor_count: weight=0.1, training_median=13",2015-01-06,active,experienced,88,17,103.75,31.875,62.75,61.875,48.42113095238095,48.705357142857146,35.578869047619044,84,80,16.470588235294116,122.9309283490832,9.834474267926657,168.0,False,132.76540261700987,114.73094664447589,85.0,100.0,120.0,100.0,cadence_aligned_planned_visit_hours + cadence_aligned_planned_travel_hours + unplanned_required_coverage_hours + preparation_follow_up_buffer,cadence-aligned service attributed to servicing reps; uncovered obligations attributed to dynamic portfolio owners; observed excess retained as diagnostics; all served territories retained as fractional transaction allocations,1.6,deterministic_hours_plus_legacy_normalized_workload
CAPCAL_7ddcdb78c30ecf31,REP_2234ec3bee93,Daniel Gates,MGR_4b97498897f6,Alisha Cordwell,TEAM_b9dd960c1753,Charlie,TERR_938541fb7311,Charlie / Germany,2,0.5338461538461539,TERR_938541fb7311:0.53384615|TERR_b74f6941cd2d:0.46615385,2018-11-01,21,1.0,2.0,10.0,16.0,6.410653393265786,8.0,21,144.0,32.41065339326579,111.58934660673421,36.65654761904762,28.909054415715474,67.51666666666667,51.285941338477464,30.860119047619047,22.37688692276199,53.23700597038104,32.6969728945545,1.2374999999999998,106.123580923663,95.1018929232252,95.1018929232252,0.6316879816884702,0.6642223012305608,-0.03253431954209063,27.0,0.875,72.12903225806451,0.6181098829876644,1.3265447615457875,1.4690146775331896,medium,medium,False,False,synthetic_derived,42,422,650,422,226,16,283.5,396.0,283.0,194.0,13.0,2018-06-01,"distinct_customers: weight=0.4, training_median=283.5; transaction_count: weight=0.25, training_median=396; distinct_cities: weight=0.15, training_median=283; distinct_products: weight=0.1, training_median=194; distributor_count: weight=0.1, training_median=13",2012-10-27,active,senior,80,23,96.875,43.125,70.75,69.875,46.770089285714285,47.491815476190474,37.229910714285715,84,80,2.0289855072463765,98.2625749293176,7.861005994345407,168.0,False,106.123580923663,111.58934660673421,85.0,100.0,120.0,100.0,cadence_aligned_planned_visit_hours + cadence_aligned_planned_travel_hours + unplanned_required_coverage_hours + preparation_follow_up_buffer,cadence-aligned service attributed to servicing reps; uncovered obligations attributed to dynamic portfolio owners; observed excess retained as diagnostics; all served territories retained as fractional transaction allocations,1.6,deterministic_hours_plus_legacy_normalized_workload
CAPCAL_d6ba604d09f7f403,REP_56269a9759c4,Anne Wu,MGR_31981a685b7e,Britanny Bold,TEAM_4f4a9410ffcd,Delta,TERR_49c0203db75f,Delta / Germany,2,0.5255813953488372,TERR_3170779e5944:0.47441860|TERR_49c0203db75f:0.52558140,2018-11-01,21,0.0,2.0,11.0,18.0,5.950025729490069,8.0,21,152.0,34.95002572949007,117.04997427050992,36.26835317460318,29.59056718541273,65.01666666666667,53.207298919652104,28.74831349206349,23.61673173423937,52.36504522630286,35.60477439064799,3.7965444598011366,109.58079033071701,93.61880770470641,93.61880770470641,0.6522666091114108,0.6967260373244638,-0.04445942821305304,29.75,3.625,60.983606557377044,0.6345489724159095,1.6603150050108637,1.4579017733391284,medium,medium,False,False,synthetic_derived,42,415,645,415,222,17,283.5,396.0,283.0,194.0,13.0,2018-06-01,"distinct_customers: weight=0.4, training_median=283.5; transaction_count: weight=0.25, training_median=396; distinct_cities: weight=0.15, training_median=283; distinct_products: weight=0.1, training_median=194; distributor_count: weight=0.1, training_median=13",2015-04-14,active,experienced,66,16,76.25,30.0,48.875,46.5,46.632440476190474,45.02827380952381,37.367559523809526,84,79,12.083333333333334,101.46369475066389,8.117095580053112,168.0,False,109.58079033071701,117.04997427050992,85.0,100.0,120.0,100.0,cadence_aligned_planned_visit_hours + cadence_aligned_planned_travel_hours + unplanned_required_coverage_hours + preparation_follow_up_buffer,cadence-aligned service attributed to servicing reps; uncovered obligations attributed to dynamic portfolio owners; observed excess retained as diagnostics; all served territories retained as fractional transaction allocations,1.6,deterministic_hours_plus_legacy_normalized_workload
CAPCAL_3df1931a7fa7a373,REP_6003efb01f5e,Sheila Stones,MGR_31981a685b7e,Britanny Bold,TEAM_4f4a9410ffcd,Delta,TERR_49c0203db75f,Delta / Germany,2,0.5740740740740741,TERR_3170779e5944:0.42592593|TERR_49c0203db75f:0.57407407,2018-11-01,21,2.0,2.0,6.0,24.0,7.2959130798263345,8.0,21,136.0,37.295913079826335,98.70408692017367,37.047420634920634,30.009012848754068,65.95,53.000029285631214,28.902579365079365,22.991016436877143,51.89359580195651,29.157007977562895,7.457156288212508,103.91051677813661,105.27478650623009,105.27478650623009,0.6185149808222418,0.5875243269057956,0.030990653916446176,22.875,6.375,71.18110236220473,0.6408127435886408,1.7611951996294342,1.474470432337177,high,high,True,True,synthetic_derived,42,426,648,425,225,16,283.5,396.0,283.0,194.0,13.0,2018-06-01,"distinct_customers: weight=0.4, training_median=283.5; transaction_count: weight=0.25, training_median=396; distinct_cities: weight=0.15, training_median=283; distinct_products: weight=0.1, training_median=194; distributor_count: weight=0.1, training_median=13",2014-08-03,active,experienced,59,20,79.375,37.5,57.375,56.5,46.829613095238095,44.770089285714285,37.170386904761905,84,78,17.0,96.21344146123761,7.697075316899009,168.0,False,103.91051677813661,98.70408692017367,85.0,100.0,120.0,100.0,cadence_aligned_planned_visit_hours + cadence_aligned_planned_travel_hours + unplanned_required_coverage_hours + preparation_follow_up_buffer,cadence-aligned service attributed to servicing reps; uncovered obligations attributed to dynamic portfolio owners; observed excess retained as diagnostics; all served territories retained as fractional transaction allocations,1.6,deterministic_hours_plus_legacy_normalized_workload
CAPCAL_48afb0a0a8fb77a5,REP_6daf09991b71,Jimmy Grey,MGR_4b97498897f6,Alisha Cordwell,TEAM_b9dd960c1753,Charlie,TERR_938541fb7311,Charlie / Germany,2,0.5637982195845698,TERR_938541fb7311:0.56379822|TERR_b74f6941cd2d:0.43620178,2018-11-01,21,1.0,2.0,12.0,18.0,5.521380342705827,8.0,21,144.0,35.521380342705825,108.47861965729417,38.972296626984125,30.421929479712368,67.23333333333333,51.12651699292464,28.261036706349206,20.70458751321227,48.96562421956148,38.129940294971895,7.349320516710528,116.12609971380186,107.04975789760934,107.04975789760934,0.6912267840107253,0.6457060693886558,0.045520714622069525,29.75,5.5,61.300813008130085,0.6172285859748716,1.843271424028601,1.487898104418146,high,high,True,True,synthetic_derived,42,425,674,423,224,16,283.5,396.0,283.0,194.0,13.0,2018-06-01,"distinct_customers: weight=0.4, training_median=283.5; transaction_count: weight=0.25, training_median=396; distinct_cities: weight=0.15, training_median=283; distinct_products: weight=0.1, training_median=194; distributor_count: weight=0.1, training_median=13",2012-08-25,active,senior,63,22,76.875,41.25,47.125,47.125,49.28794642857143,49.73139880952381,34.71205357142857,84,83,13.333333333333334,107.5241664016684,8.601933312133472,168.0,False,116.12609971380186,108.47861965729417,85.0,100.0,120.0,100.0,cadence_aligned_planned_visit_hours + cadence_aligned_planned_travel_hours + unplanned_required_coverage_hours + preparation_follow_up_buffer,cadence-aligned service attributed to servicing reps; uncovered obligations attributed to dynamic portfolio owners; observed excess retained as diagnostics; all served territories retained as fractional transaction allocations,1.6,deterministic_hours_plus_legacy_normalized_workload
CAPCAL_ba122de3a6f86d86,REP_82f7cb811b80,Stella Given,MGR_4b97498897f6,Alisha Cordwell,TEAM_b9dd960c1753,Charlie,TERR_938541fb7311,Charlie / Germany,2,0.5691573926868044,TERR_938541fb7311:0.56915739|TERR_b74f6941cd2d:0.43084261,2018-11-01,21,0.0,1.0,6.0,19.0,4.113253124188098,8.0,21,160.0,29.1132531241881,130.8867468758119,35.12595486111111,27.465618395822503,64.9,49.792490041262255,29.77404513888889,22.32687164543975,52.10091678432864,21.79758297578931,1.2374999999999998,91.14028873134076,69.63293909185212,69.63293909185212,0.5425017186389332,0.7790877790226899,-0.23658606038375674,17.875,1.875,67.5,0.6042624879108422,2.1195415984032735,1.4692230067451675,low,low,False,False,synthetic_derived,42,430,629,430,222,16,283.5,396.0,283.0,194.0,13.0,2018-06-01,"distinct_customers: weight=0.4, training_median=283.5; transaction_count: weight=0.25, training_median=396; distinct_cities: weight=0.15, training_median=283; distinct_products: weight=0.1, training_median=194; distributor_count: weight=0.1, training_median=13",2013-04-26,active,senior,43,15,55.0,28.125,38.125,37.125,45.453125,42.484375,38.546875,84,77,6.666666666666667,84.38915623272293,6.751132498617834,168.0,False,91.14028873134076,130.8867468758119,85.0,100.0,120.0,100.0,cadence_aligned_planned_visit_hours + cadence_aligned_planned_travel_hours + unplanned_required_coverage_hours + preparation_follow_up_buffer,cadence-aligned service attributed to servicing reps; uncovered obligations attributed to dynamic portfolio owners; observed excess retained as diagnostics; all served territories retained as fractional transaction allocations,1.6,deterministic_hours_plus_legacy_normalized_workload
CAPCAL_c19d72d0d7be063f,REP_a132178ac1b8,Alan Ray,MGR_5e1c70ff0ce6,James Goodwill,TEAM_a405eba78bf2,Alfa,TERR_b31415d90eb9,Alfa / Germany,2,0.5402635431918009,TERR_6090deb666aa:0.45973646|TERR_b31415d90eb9:0.54026354,2018-11-01,21,2.0,1.0,9.0,23.0,5.740561938393952,8.0,21,144.0,37.74056193839395,106.25943806160605,40.93634672619048,32.70006323054746,67.61666666666666,52.486175684151355,26.680319940476192,19.786112453603902,46.466432394080094,25.633775077884334,3.7124999999999995,107.21179983739205,100.89626088106532,100.89626088106532,0.6381654752225717,0.6324966551286074,0.0056688200939643,20.625,2.625,68.26923076923077,0.6337532262658194,1.9493054515889463,1.508727676330405,high,high,True,True,synthetic_derived,42,432,683,431,226,16,283.5,396.0,283.0,194.0,13.0,2018-06-01,"distinct_customers: weight=0.4, training_median=283.5; transaction_count: weight=0.25, training_median=396; distinct_cities: weight=0.15, training_median=283; distinct_products: weight=0.1, training_median=194; distributor_count: weight=0.1, training_median=13",2012-12-18,active,senior,55,13,65.0,24.375,44.875,44.375,51.59747023809524,52.63467261904762,32.40252976190476,84,82,10.76923076923077,99.27018503462227,7.941614802769782,168.0,False,107.21179983739205,106.25943806160605,85.0,100.0,120.0,100.0,cadence_aligned_planned_visit_hours + cadence_aligned_planned_travel_hours + unplanned_required_coverage_hours + preparation_follow_up_buffer,cadence-aligned service attributed to servicing reps; uncovered obligations attributed to dynamic portfolio owners; observed excess retained as diagnostics; all served territories retained as fractional transaction allocations,1.6,deterministic_hours_plus_legacy_normalized_workload
CAPCAL_721d7a3ede865af0,REP_bba68d031906,Steve Pepple,MGR_eb86f856200b,Tracy Banks,TEAM_f144a6907dc4,Bravo,TERR_07a5ea4d7ed4,Bravo / Germany,2,0.5585023400936038,TERR_07a5ea4d7ed4:0.55850234|TERR_9efd649c43bb:0.44149766,2018-11-01,21,0.0,2.0,5.0,19.0,6.686812599528636,8.0,21,152.0,30.686812599528636,121.31318740047136,36.765054563492065,29.74437883609939,64.18333333333334,51.55128025875962,27.41827876984127,21.806901422660232,49.225180192501504,19.579238287945962,3.6789647465298128,92.9757654225404,76.64110342399523,76.64110342399523,0.5534271751341691,0.7221023059551867,-0.1686751308210176,16.0,3.625,67.17948717948717,0.6221240181100809,2.32439413556351,1.4370693204768772,low,low,False,False,synthetic_derived,42,409,641,409,224,16,283.5,396.0,283.0,194.0,13.0,2018-06-01,"distinct_customers: weight=0.4, training_median=283.5; transaction_count: weight=0.25, training_median=396; distinct_cities: weight=0.15, training_median=283; distinct_products: weight=0.1, training_median=194; distributor_count: weight=0.1, training_median=13",2016-09-24,active,experienced,40,13,48.75,24.375,33.625,32.75,47.811011904761905,46.93154761904762,36.188988095238095,84,81,14.871794871794872,86.08867168753741,6.887093735002993,168.0,False,92.9757654225404,121.31318740047136,85.0,100.0,120.0,100.0,cadence_aligned_planned_visit_hours + cadence_aligned_planned_travel_hours + unplanned_required_coverage_hours + preparation_follow_up_buffer,cadence-aligned service attributed to servicing reps; uncovered obligations attributed to dynamic portfolio owners; observed excess retained as diagnostics; all served territories retained as fractional transaction allocations,1.6,deterministic_hours_plus_legacy_normalized_workload
CAPCAL_25e263995e1bbb81,REP_c56e2fba156a,Thompson Crawford,MGR_5e1c70ff0ce6,James Goodwill,TEAM_a405eba78bf2,Alfa,TERR_b31415d90eb9,Alfa / Germany,2,0.55052790346908,TERR_6090deb666aa:0.44947210|TERR_b31415d90eb9:0.55052790,2018-11-01,21,0.0,2.0,12.0,17.0,5.476560023520956,8.0,21,152.0,34.47656002352095,117.52343997647904,35.704389880952384,28.598193131682088,65.78333333333333,51.35469722649154,30.078943452380955,22.75650409480945,52.835447547190405,23.832254869440607,3.5686907814284954,95.18562491264109,80.99288527607037,80.99288527607037,0.5665811006704826,0.69954428557428,-0.13296318490379733,20.5,3.625,64.34782608695652,0.6168210737563707,1.9830338523466893,1.499410888737173,low,low,False,False,synthetic_derived,42,430,663,430,224,17,283.5,396.0,283.0,194.0,13.0,2018-06-01,"distinct_customers: weight=0.4, training_median=283.5; transaction_count: weight=0.25, training_median=396; distinct_cities: weight=0.15, training_median=283; distinct_products: weight=0.1, training_median=194; distributor_count: weight=0.1, training_median=13",2014-02-24,active,senior,48,14,57.5,26.25,38.875,37.0,46.363839285714285,42.88467261904762,37.636160714285715,84,76,13.80952380952381,88.13483788207508,7.050787030566006,168.0,False,95.18562491264109,117.52343997647904,85.0,100.0,120.0,100.0,cadence_aligned_planned_visit_hours + cadence_aligned_planned_travel_hours + unplanned_required_coverage_hours + preparation_follow_up_buffer,cadence-aligned service attributed to servicing reps; uncovered obligations attributed to dynamic portfolio owners; observed excess retained as diagnostics; all served territories retained as fractional transaction allocations,1.6,deterministic_hours_plus_legacy_normalized_workload
CAPCAL_fd5e56da6c9c40a1,REP_d21d2dd167c5,Morris Garcia,MGR_eb86f856200b,Tracy Banks,TEAM_f144a6907dc4,Bravo,TERR_07a5ea4d7ed4,Bravo / Germany,2,0.5488,TERR_07a5ea4d7ed4:0.54880000|TERR_9efd649c43bb:0.45120000,2018-11-01,21,2.0,2.0,6.0,24.0,7.180997536307125,8.0,21,136.0,37.180997536307125,98.81900246369287,37.493477182539685,29.293141457354636,66.18333333333334,52.21645829873092,28.689856150793652,22.923316841376284,51.613172992169936,8.589175296554082,0.0,81.40585745136428,82.37874844089187,82.37874844089187,0.48455867530573976,0.5882083479981718,-0.10364967269243203,7.75,0.875,72.44444444444444,0.6158584341308778,3.3919107271401785,1.4455395415580534,low,low,False,False,synthetic_derived,42,422,625,422,226,15,283.5,396.0,283.0,194.0,13.0,2018-06-01,"distinct_customers: weight=0.4, training_median=283.5; transaction_count: weight=0.25, training_median=396; distinct_cities: weight=0.15, training_median=283; distinct_products: weight=0.1, training_median=194; distributor_count: weight=0.1, training_median=13",2014-01-05,active,senior,24,5,28.125,9.375,21.25,20.375,47.564732142857146,45.161458333333336,36.435267857142854,84,77,9.333333333333334,75.37579393644842,6.030063514915874,168.0,False,81.40585745136428,98.81900246369287,85.0,100.0,120.0,100.0,cadence_aligned_planned_visit_hours + cadence_aligned_planned_travel_hours + unplanned_required_coverage_hours + preparation_follow_up_buffer,cadence-aligned service attributed to servicing reps; uncovered obligations attributed to dynamic portfolio owners; observed excess retained as diagnostics; all served territories retained as fractional transaction allocations,1.6,deterministic_hours_plus_legacy_normalized_workload
CAPCAL_eb2ec057bf45b3a3,REP_db1cc40d477a,Erica Jones,MGR_5e1c70ff0ce6,James Goodwill,TEAM_a405eba78bf2,Alfa,TERR_b31415d90eb9,Alfa / Germany,2,0.5665101721439749,TERR_6090deb666aa:0.43348983|TERR_b31415d90eb9:0.56651017,2018-11-01,21,1.0,0.0,11.0,24.0,8.801150180350195,8.0,21,160.0,43.80115018035019,116.19884981964981,36.43499503968254,30.58378881644669,65.0,53.227118440414856,28.56500496031746,22.643329623968167,51.20833458428563,16.8295143918794,1.2374999999999998,90.55616210784932,77.93206408531577,77.93206408531577,0.539024774451484,0.6916598203550584,-0.15263504590357435,13.25,0.875,70.55555555555556,0.6482866046732016,2.321952874560239,1.4521236115086673,low,low,False,False,synthetic_derived,42,419,639,419,218,16,283.5,396.0,283.0,194.0,13.0,2018-06-01,"distinct_customers: weight=0.4, training_median=283.5; transaction_count: weight=0.25, training_median=396; distinct_cities: weight=0.15, training_median=283; distinct_products: weight=0.1, training_median=194; distributor_count: weight=0.1, training_median=13",2013-02-07,active,senior,39,8,45.0,15.0,32.0,31.75,47.176339285714285,46.929315476190474,36.823660714285715,84,80,5.833333333333333,83.84829824800863,6.707863859840691,168.0,False,90.55616210784932,116.19884981964981,85.0,100.0,120.0,100.0,cadence_aligned_planned_visit_hours + cadence_aligned_planned_travel_hours + unplanned_required_coverage_hours + preparation_follow_up_buffer,cadence-aligned service attributed to servicing reps; uncovered obligations attributed to dynamic portfolio owners; observed excess retained as diagnostics; all served territories retained as fractional transaction allocations,1.6,deterministic_hours_plus_legacy_normalized_workload
CAPCAL_f821fa164bd1cebe,REP_e7e9152643c7,Jessica Smith,MGR_31981a685b7e,Britanny Bold,TEAM_4f4a9410ffcd,Delta,TERR_49c0203db75f,Delta / Germany,2,0.5472560975609756,TERR_3170779e5944:0.45274390|TERR_49c0203db75f:0.54725610,2018-11-01,21,2.0,0.0,6.0,25.0,5.657283369065153,8.0,21,152.0,36.657283369065155,115.34271663093485,40.02733134920635,32.50705201625461,68.21666666666667,54.156340115848124,28.18933531746032,21.64928809959351,49.838623417053824,20.712381973379323,6.1753203007456285,100.7065065659475,87.31067683118718,87.31067683118718,0.5994434914639732,0.6865637894698503,-0.08712029800587706,16.75,5.5,62.25352112676056,0.6537600692800353,2.721797474755338,1.4406667942440774,medium,medium,False,False,synthetic_derived,42,411,656,411,220,15,283.5,396.0,283.0,194.0,13.0,2018-06-01,"distinct_customers: weight=0.4, training_median=283.5; transaction_count: weight=0.25, training_median=396; distinct_cities: weight=0.15, training_median=283; distinct_products: weight=0.1, training_median=194; distributor_count: weight=0.1, training_median=13",2015-11-19,active,experienced,37,12,44.375,22.5,28.625,27.625,49.723214285714285,47.40327380952381,34.276785714285715,84,77,24.444444444444443,93.24676533884029,7.459741227107223,168.0,False,100.7065065659475,115.34271663093485,85.0,100.0,120.0,100.0,cadence_aligned_planned_visit_hours + cadence_aligned_planned_travel_hours + unplanned_required_coverage_hours + preparation_follow_up_buffer,cadence-aligned service attributed to servicing reps; uncovered obligations attributed to dynamic portfolio owners; observed excess retained as diagnostics; all served territories retained as fractional transaction allocations,1.6,deterministic_hours_plus_legacy_normalized_workload
CAPCAL_3a2f83b69da09f3c,REP_0dfc420450a6,Abigail Thompson,MGR_eb86f856200b,Tracy Banks,TEAM_f144a6907dc4,Bravo,TERR_9efd649c43bb,Bravo / Poland,2,0.539622641509434,TERR_07a5ea4d7ed4:0.46037736|TERR_9efd649c43bb:0.53962264,2018-12-01,21,2.0,0.0,5.0,26.0,4.585525397255152,8.0,21,152.0,35.585525397255154,116.41447460274485,42.91840277777778,32.56745958912346,67.46666666666667,50.8691704360653,24.54826388888889,18.30171084694184,42.84997473583073,54.28048163615666,13.747053666132086,140.14765152330253,120.38679210772136,120.38679210772136,0.8342122114482293,0.6929433012068146,0.14126891024141475,43.875,11.875,64.9,0.612468386194581,1.3097911357317993,1.3044976039071579,critical,critical,True,True,synthetic_derived,42,371,530,371,216,18,283.5,396.0,283.0,194.0,13.0,2018-06-01,"distinct_customers: weight=0.4, training_median=283.5; transaction_count: weight=0.25, training_median=396; distinct_cities: weight=0.15, training_median=283; distinct_products: weight=0.1, training_median=194; distributor_count: weight=0.1, training_median=13",2015-02-18,active,experienced,107,24,125.0,45.0,83.75,81.125,53.174107142857146,51.944940476190474,30.825892857142858,84,79,26.38888888888889,129.7663440030579,10.381307520244631,168.0,False,140.14765152330253,116.41447460274485,85.0,100.0,120.0,100.0,cadence_aligned_planned_visit_hours + cadence_aligned_planned_travel_hours + unplanned_required_coverage_hours + preparation_follow_up_buffer,cadence-aligned service attributed to servicing reps; uncovered obligations attributed to dynamic portfolio owners; observed excess retained as diagnostics; all served territories retained as fractional transaction allocations,1.6,deterministic_hours_plus_legacy_normalized_workload
CAPCAL_746fbd7406c0117d,REP_200ef690040c,Mary Gerrard,MGR_31981a685b7e,Britanny Bold,TEAM_4f4a9410ffcd,Delta,TERR_49c0203db75f,Delta / Germany,2,0.511340206185567,TERR_3170779e5944:0.48865979|TERR_49c0203db75f:0.51134021,2018-12-01,21,0.0,1.0,10.0,21.0,5.930025731640499,8.0,21,160.0,36.9300257316405,123.0699742683595,40.84722222222222,30.310999159189077,66.51666666666667,49.62243866070671,25.669444444444444,19.311439501517633,44.98088394596208,38.42222104777099,2.599680136162714,118.34687782351686,96.16226746375706,96.16226746375706,0.7044457013304575,0.732559370644997,-0.028113669314539513,32.0,3.625,73.33333333333333,0.5986126145406606,1.2590093385480516,1.199892566100992,medium,medium,False,False,synthetic_derived,42,336,485,335,201,18,283.5,396.0,283.0,194.0,13.0,2018-06-01,"distinct_customers: weight=0.4, training_median=283.5; transaction_count: weight=0.25, training_median=396; distinct_cities: weight=0.15, training_median=283; distinct_products: weight=0.1, training_median=194; distributor_count: weight=0.1, training_median=13",2015-01-06,active,experienced,94,27,120.0,50.625,90.625,88.0,50.635416666666664,50.0,33.364583333333336,84,80,7.160493827160494,109.58044242918228,8.766435394334582,168.0,False,118.34687782351686,123.0699742683595,85.0,100.0,120.0,100.0,cadence_aligned_planned_visit_hours + cadence_aligned_planned_travel_hours + unplanned_required_coverage_hours + preparation_follow_up_buffer,cadence-aligned service attributed to servicing reps; uncovered obligations attributed to dynamic portfolio owners; observed excess retained as diagnostics; all served territories retained as fractional transaction allocations,1.6,deterministic_hours_plus_legacy_normalized_workload
CAPCAL_415c611bd1a0e5fb,REP_2234ec3bee93,Daniel Gates,MGR_4b97498897f6,Alisha Cordwell,TEAM_b9dd960c1753,Charlie,TERR_b74f6941cd2d,Charlie / Poland,2,0.5288270377733598,TERR_938541fb7311:0.47117296|TERR_b74f6941cd2d:0.52882704,2018-12-01,21,1.0,2.0,10.0,16.0,7.691295782666379,8.0,21,144.0,33.69129578266638,110.30870421733363,40.396006944444444,31.224822632946953,64.36666666666666,49.2984630473654,23.970659722222223,18.073640414418445,42.04430013664067,38.65980311056426,13.035874476312317,119.10308330299212,107.97251599323617,107.97251599323617,0.7089469244225721,0.6565994298650811,0.05234749455749099,34.0,11.75,68.73563218390805,0.6048391793306915,1.4178938488451442,1.2044788465433434,high,high,True,True,synthetic_derived,42,342,503,342,209,15,283.5,396.0,283.0,194.0,13.0,2018-06-01,"distinct_customers: weight=0.4, training_median=283.5; transaction_count: weight=0.25, training_median=396; distinct_cities: weight=0.15, training_median=283; distinct_products: weight=0.1, training_median=194; distributor_count: weight=0.1, training_median=13",2012-10-27,active,senior,84,29,108.75,54.375,79.125,74.75,51.625,48.9375,31.375,83,77,21.60919540229885,110.28063268795566,8.822450615036454,168.0,False,119.10308330299212,110.30870421733363,85.0,100.0,120.0,100.0,cadence_aligned_planned_visit_hours + cadence_aligned_planned_travel_hours + unplanned_required_coverage_hours + preparation_follow_up_buffer,cadence-aligned service attributed to servicing reps; uncovered obligations attributed to dynamic portfolio owners; observed excess retained as diagnostics; all served territories retained as fractional transaction allocations,1.6,deterministic_hours_plus_legacy_normalized_workload
CAPCAL_c06918a37c89d042,REP_56269a9759c4,Anne Wu,MGR_31981a685b7e,Britanny Bold,TEAM_4f4a9410ffcd,Delta,TERR_49c0203db75f,Delta / Germany,2,0.5050301810865191,TERR_3170779e5944:0.49496982|TERR_49c0203db75f:0.50503018,2018-12-01,21,0.0,0.0,11.0,18.0,8.090952824275977,8.0,21,168.0,37.09095282427597,130.90904717572403,35.75389384920635,30.14747991207738,59.06666666666667,47.496637905269594,23.312772817460317,17.349157993192215,40.661930810652535,37.17483985361238,2.345253791283987,111.32231070408781,85.03790464127034,85.03790464127034,0.6626328018100465,0.7792205189031192,-0.1165877170930727,29.875,3.5,69.55414012738854,0.6277027575806661,1.4647672461064185,1.2146848185221104,medium,medium,False,False,synthetic_derived,42,336,497,335,215,18,283.5,396.0,283.0,194.0,13.0,2018-06-01,"distinct_customers: weight=0.4, training_median=283.5; transaction_count: weight=0.25, training_median=396; distinct_cities: weight=0.15, training_median=283; distinct_products: weight=0.1, training_median=194; distributor_count: weight=0.1, training_median=13",2015-04-14,active,experienced,76,26,98.125,48.75,70.0,68.25,48.02827380952381,49.24702380952381,29.97172619047619,78,77,7.179487179487179,103.07621361489612,8.24609708919169,168.0,False,111.32231070408781,130.90904717572403,85.0,100.0,120.0,100.0,cadence_aligned_planned_visit_hours + cadence_aligned_planned_travel_hours + unplanned_required_coverage_hours + preparation_follow_up_buffer,cadence-aligned service attributed to servicing reps; uncovered obligations attributed to dynamic portfolio owners; observed excess retained as diagnostics; all served territories retained as fractional transaction allocations,1.6,deterministic_hours_plus_legacy_normalized_workload
CAPCAL_30d10d636bd623f0,REP_6003efb01f5e,Sheila Stones,MGR_31981a685b7e,Britanny Bold,TEAM_4f4a9410ffcd,Delta,TERR_49c0203db75f,Delta / Germany,2,0.5136842105263157,TERR_3170779e5944:0.48631579|TERR_49c0203db75f:0.51368421,2018-12-01,21,2.0,1.0,6.0,24.0,7.928846557670317,8.0,21,144.0,37.92884655767032,106.07115344232969,35.54635416666667,29.338147379773286,60.81666666666666,50.027086558911364,25.2703125,20.688939179138078,45.95925167913808,33.39357044089413,3.7965444598011366,106.1403177463208,100.06520557356691,100.06520557356691,0.631787605632862,0.6313759133472006,0.0004116922856614025,26.875,2.75,67.42424242424242,0.6246312150051532,1.5382654745843596,1.1827054208240988,high,high,True,True,synthetic_derived,42,328,475,328,209,18,283.5,396.0,283.0,194.0,13.0,2018-06-01,"distinct_customers: weight=0.4, training_median=283.5; transaction_count: weight=0.25, training_median=396; distinct_cities: weight=0.15, training_median=283; distinct_products: weight=0.1, training_median=194; distributor_count: weight=0.1, training_median=13",2014-08-03,active,experienced,69,17,82.5,31.875,56.875,55.625,46.96875,44.34375,34.03125,81,75,8.627450980392156,98.27807198733407,7.862245758986726,168.0,False,106.1403177463208,106.07115344232969,85.0,100.0,120.0,100.0,cadence_aligned_planned_visit_hours + cadence_aligned_planned_travel_hours + unplanned_required_coverage_hours + preparation_follow_up_buffer,cadence-aligned service attributed to servicing reps; uncovered obligations attributed to dynamic portfolio owners; observed excess retained as diagnostics; all served territories retained as fractional transaction allocations,1.6,deterministic_hours_plus_legacy_normalized_workload
CAPCAL_710d0ff66c0f09e5,REP_6daf09991b71,Jimmy Grey,MGR_4b97498897f6,Alisha Cordwell,TEAM_b9dd960c1753,Charlie,TERR_938541fb7311,Charlie / Germany,2,0.5009708737864078,TERR_938541fb7311:0.50097087|TERR_b74f6941cd2d:0.49902913,2018-12-01,21,1.0,1.0,12.0,18.0,6.5670909480287385,8.0,21,152.0,36.567090948028735,115.43290905197127,37.690625,31.128602488354236,59.21666666666667,47.84600430873364,21.526041666666668,16.717401820379404,38.24344348704607,24.836381402783775,4.494575861597518,101.14805760242905,87.62497491671915,87.62497491671915,0.60207177144303,0.6871006491188766,-0.08502887767584655,19.5,3.5,73.78151260504202,0.5997081755733508,1.631420283910146,1.2417832451612338,medium,medium,False,False,synthetic_derived,42,347,515,347,218,17,283.5,396.0,283.0,194.0,13.0,2018-06-01,"distinct_customers: weight=0.4, training_median=283.5; transaction_count: weight=0.25, training_median=396; distinct_cities: weight=0.15, training_median=283; distinct_products: weight=0.1, training_median=194; distributor_count: weight=0.1, training_median=13",2012-08-25,active,senior,62,17,74.375,31.875,55.125,54.875,51.90625,48.791666666666664,30.09375,82,74,10.980392156862745,93.655608891138,7.49244871129104,168.0,False,101.14805760242905,115.43290905197127,85.0,100.0,120.0,100.0,cadence_aligned_planned_visit_hours + cadence_aligned_planned_travel_hours + unplanned_required_coverage_hours + preparation_follow_up_buffer,cadence-aligned service attributed to servicing reps; uncovered obligations attributed to dynamic portfolio owners; observed excess retained as diagnostics; all served territories retained as fractional transaction allocations,1.6,deterministic_hours_plus_legacy_normalized_workload
CAPCAL_163599b12e05a00c,REP_82f7cb811b80,Stella Given,MGR_4b97498897f6,Alisha Cordwell,TEAM_b9dd960c1753,Charlie,TERR_938541fb7311,Charlie / Germany,2,0.5102880658436214,TERR_938541fb7311:0.51028807|TERR_b74f6941cd2d:0.48971193,2018-12-01,21,0.0,1.0,6.0,19.0,6.69662893522501,8.0,21,160.0,31.69662893522501,128.30337106477498,39.919270833333336,32.576160553147446,63.18333333333334,50.928102244890624,23.2640625,18.351941691743182,41.61600419174318,18.500285503360082,4.74234071837849,98.27537424102815,76.59609675525442,76.59609675525442,0.5849724657204056,0.763710542052232,-0.17873807633182637,15.75,4.375,74.28571428571429,0.6155259353779019,2.136421179152786,1.2112645669932594,low,low,False,False,synthetic_derived,42,346,486,346,213,16,283.5,396.0,283.0,194.0,13.0,2018-06-01,"distinct_customers: weight=0.4, training_median=283.5; transaction_count: weight=0.25, training_median=396; distinct_cities: weight=0.15, training_median=283; distinct_products: weight=0.1, training_median=194; distributor_count: weight=0.1, training_median=13",2013-04-26,active,senior,46,18,61.25,33.75,47.0,45.5,52.924107142857146,51.65327380952381,31.075892857142858,84,77,12.962962962962962,90.99571688984088,7.279657351187271,168.0,False,98.27537424102815,128.30337106477498,85.0,100.0,120.0,100.0,cadence_aligned_planned_visit_hours + cadence_aligned_planned_travel_hours + unplanned_required_coverage_hours + preparation_follow_up_buffer,cadence-aligned service attributed to servicing reps; uncovered obligations attributed to dynamic portfolio owners; observed excess retained as diagnostics; all served territories retained as fractional transaction allocations,1.6,deterministic_hours_plus_legacy_normalized_workload
CAPCAL_7e9ef1f8d970db6b,REP_a132178ac1b8,Alan Ray,MGR_5e1c70ff0ce6,James Goodwill,TEAM_a405eba78bf2,Alfa,TERR_b31415d90eb9,Alfa / Germany,2,0.5226824457593688,TERR_6090deb666aa:0.47731755|TERR_b31415d90eb9:0.52268245,2018-12-01,21,2.0,1.0,9.0,23.0,5.438041748309047,8.0,21,144.0,37.43804174830905,106.56195825169095,40.940104166666664,34.765962336713294,63.93333333333333,52.85980708667404,22.993229166666666,18.09384474996075,41.08707391662742,13.36982323178065,1.2374999999999998,96.20196091397347,90.27795893798424,90.27795893798424,0.5726307197260325,0.6342973705457795,-0.06166665081974698,12.875,1.75,72.89473684210527,0.6327075610093794,2.6722766920548184,1.2284040829107494,medium,medium,False,False,synthetic_derived,42,348,507,348,213,16,283.5,396.0,283.0,194.0,13.0,2018-06-01,"distinct_customers: weight=0.4, training_median=283.5; transaction_count: weight=0.25, training_median=396; distinct_cities: weight=0.15, training_median=283; distinct_products: weight=0.1, training_median=194; distributor_count: weight=0.1, training_median=13",2012-12-18,active,senior,36,13,47.5,24.375,37.5,34.625,54.947916666666664,52.979166666666664,29.052083333333332,84,78,7.179487179487179,89.07588973516062,7.1260711788128495,168.0,False,96.20196091397347,106.56195825169095,85.0,100.0,120.0,100.0,cadence_aligned_planned_visit_hours + cadence_aligned_planned_travel_hours + unplanned_required_coverage_hours + preparation_follow_up_buffer,cadence-aligned service attributed to servicing reps; uncovered obligations attributed to dynamic portfolio owners; observed excess retained as diagnostics; all served territories retained as fractional transaction allocations,1.6,deterministic_hours_plus_legacy_normalized_workload
CAPCAL_14357e90579d004f,REP_bba68d031906,Steve Pepple,MGR_eb86f856200b,Tracy Banks,TEAM_f144a6907dc4,Bravo,TERR_07a5ea4d7ed4,Bravo / Germany,2,0.5038022813688213,TERR_07a5ea4d7ed4:0.50380228|TERR_9efd649c43bb:0.49619772,2018-12-01,21,0.0,2.0,5.0,19.0,8.09839256789947,8.0,21,152.0,32.09839256789947,119.90160743210053,42.279315476190476,33.323234699117954,65.68333333333334,52.29452879897842,23.404017857142858,18.97129409986047,42.375311957003326,21.150903085690963,5.7698453209122,104.49372952187936,87.14956518081165,87.14956518081165,0.6219864852492819,0.7137000442386936,-0.09171355898941169,17.375,5.375,65.67901234567901,0.6226563707542894,2.3748574891336216,1.2516502745580618,medium,medium,False,False,synthetic_derived,42,353,526,353,216,16,283.5,396.0,283.0,194.0,13.0,2018-06-01,"distinct_customers: weight=0.4, training_median=283.5; transaction_count: weight=0.25, training_median=396; distinct_cities: weight=0.15, training_median=283; distinct_products: weight=0.1, training_median=194; distributor_count: weight=0.1, training_median=13",2016-09-24,active,experienced,44,11,50.625,20.625,34.125,33.25,53.517857142857146,51.017857142857146,30.482142857142858,84,80,26.060606060606062,96.75345326099941,7.740276260879953,168.0,False,104.49372952187936,119.90160743210053,85.0,100.0,120.0,100.0,cadence_aligned_planned_visit_hours + cadence_aligned_planned_travel_hours + unplanned_required_coverage_hours + preparation_follow_up_buffer,cadence-aligned service attributed to servicing reps; uncovered obligations attributed to dynamic portfolio owners; observed excess retained as diagnostics; all served territories retained as fractional transaction allocations,1.6,deterministic_hours_plus_legacy_normalized_workload
CAPCAL_5f70f939a7c0dc2f,REP_c56e2fba156a,Thompson Crawford,MGR_5e1c70ff0ce6,James Goodwill,TEAM_a405eba78bf2,Alfa,TERR_6090deb666aa,Alfa / Poland,2,0.5126811594202898,TERR_6090deb666aa:0.51268116|TERR_b31415d90eb9:0.48731884,2018-12-01,21,0.0,1.0,12.0,17.0,8.074362866018355,8.0,21,160.0,37.074362866018355,122.92563713398164,37.295138888888886,28.52357628412232,65.85,49.58531965558855,28.554861111111112,21.061743371466232,49.616604482577344,13.433655313232483,1.2374999999999998,85.5925601251432,69.62954361737607,69.62954361737607,0.5094795245544238,0.731700221035605,-0.22222069648118115,12.125,1.75,66.55172413793103,0.6060786461433694,2.5174282389747997,1.3141669755181105,low,low,False,False,synthetic_derived,42,372,552,371,220,17,283.5,396.0,283.0,194.0,13.0,2018-06-01,"distinct_customers: weight=0.4, training_median=283.5; transaction_count: weight=0.25, training_median=396; distinct_cities: weight=0.15, training_median=283; distinct_products: weight=0.1, training_median=194; distributor_count: weight=0.1, training_median=13",2014-02-24,active,senior,34,6,36.25,11.25,26.125,24.125,47.0625,45.072916666666664,36.9375,84,75,15.555555555555555,79.25237048624369,6.340189638899496,168.0,False,85.5925601251432,122.92563713398164,85.0,100.0,120.0,100.0,cadence_aligned_planned_visit_hours + cadence_aligned_planned_travel_hours + unplanned_required_coverage_hours + preparation_follow_up_buffer,cadence-aligned service attributed to servicing reps; uncovered obligations attributed to dynamic portfolio owners; observed excess retained as diagnostics; all served territories retained as fractional transaction allocations,1.6,deterministic_hours_plus_legacy_normalized_workload
CAPCAL_4fd857211e3caf78,REP_d21d2dd167c5,Morris Garcia,MGR_eb86f856200b,Tracy Banks,TEAM_f144a6907dc4,Bravo,TERR_9efd649c43bb,Bravo / Poland,2,0.5291902071563088,TERR_07a5ea4d7ed4:0.47080979|TERR_9efd649c43bb:0.52919021,2018-12-01,21,2.0,0.0,6.0,24.0,5.7127860537830815,8.0,21,152.0,35.712786053783084,116.28721394621692,36.995287698412696,30.211487961367258,62.86666666666667,50.455921878883046,25.871378968253968,20.244433917515785,46.115812885769756,15.041098270482651,2.474854057184713,88.82770384468361,76.38647520248152,76.38647520248152,0.528736332408831,0.6921857972989103,-0.16344946489007928,13.25,2.625,68.82352941176471,0.6070481972861738,2.1665293620654538,1.2612264488915916,low,low,False,False,synthetic_derived,42,355,531,355,206,17,283.5,396.0,283.0,194.0,13.0,2018-06-01,"distinct_customers: weight=0.4, training_median=283.5; transaction_count: weight=0.25, training_median=396; distinct_cities: weight=0.15, training_median=283; distinct_products: weight=0.1, training_median=194; distributor_count: weight=0.1, training_median=13",2014-01-05,active,senior,41,8,42.5,15.0,30.75,29.25,49.767857142857146,47.46577380952381,34.232142857142854,84,79,17.5,82.2478739302626,6.579829914421008,168.0,False,88.82770384468361,116.28721394621692,85.0,100.0,120.0,100.0,cadence_aligned_planned_visit_hours + cadence_aligned_planned_travel_hours + unplanned_required_coverage_hours + preparation_follow_up_buffer,cadence-aligned service attributed to servicing reps; uncovered obligations attributed to dynamic portfolio owners; observed excess retained as diagnostics; all served territories retained as fractional transaction allocations,1.6,deterministic_hours_plus_legacy_normalized_workload
CAPCAL_006b58750be8107d,REP_db1cc40d477a,Erica Jones,MGR_5e1c70ff0ce6,James Goodwill,TEAM_a405eba78bf2,Alfa,TERR_b31415d90eb9,Alfa / Germany,2,0.5098814229249012,TERR_6090deb666aa:0.49011858|TERR_b31415d90eb9:0.50988142,2018-12-01,21,1.0,2.0,11.0,24.0,7.216066271035478,8.0,21,144.0,42.21606627103548,101.78393372896451,38.81530257936508,31.218946234172773,64.3,50.85712174308387,25.48469742063492,19.6381755089111,45.12287292954602,12.48698515666334,3.562454920588045,89.1229326878173,87.56090418468048,87.56090418468048,0.5304936469512934,0.6058567483866936,-0.07536310143540015,10.625,2.625,71.1864406779661,0.6276854821339827,2.8749333125102354,1.2558341334788459,medium,medium,False,False,synthetic_derived,42,354,506,354,215,18,283.5,396.0,283.0,194.0,13.0,2018-06-01,"distinct_customers: weight=0.4, training_median=283.5; transaction_count: weight=0.25, training_median=396; distinct_cities: weight=0.15, training_median=283; distinct_products: weight=0.1, training_median=194; distributor_count: weight=0.1, training_median=13",2013-02-07,active,senior,31,7,36.875,13.125,27.25,26.25,49.736607142857146,45.444940476190474,33.263392857142854,83,75,20.0,82.5212339702012,6.601698717616095,168.0,False,89.1229326878173,101.78393372896451,85.0,100.0,120.0,100.0,cadence_aligned_planned_visit_hours + cadence_aligned_planned_travel_hours + unplanned_required_coverage_hours + preparation_follow_up_buffer,cadence-aligned service attributed to servicing reps; uncovered obligations attributed to dynamic portfolio owners; observed excess retained as diagnostics; all served territories retained as fractional transaction allocations,1.6,deterministic_hours_plus_legacy_normalized_workload
CAPCAL_e3b8ccd03b2e0461,REP_e7e9152643c7,Jessica Smith,MGR_31981a685b7e,Britanny Bold,TEAM_4f4a9410ffcd,Delta,TERR_3170779e5944,Delta / Poland,2,0.5243445692883895,TERR_3170779e5944:0.52434457|TERR_49c0203db75f:0.47565543,2018-12-01,21,2.0,2.0,6.0,25.0,7.148820334845395,8.0,21,136.0,38.1488203348454,97.8511796651546,35.45957341269841,27.69412617000357,61.43333333333333,47.91064040968138,25.973759920634922,20.216514239677803,46.190274160312725,13.146542027686053,1.2374999999999998,82.40426093921909,84.21386560816676,84.21386560816676,0.4905015532096374,0.5824474980068727,-0.09194594479723528,10.0,0.875,65.95744680851064,0.5851239635993963,3.0520096644155217,1.2835957584646156,low,low,False,False,synthetic_derived,42,360,534,359,213,18,283.5,396.0,283.0,194.0,13.0,2018-06-01,"distinct_customers: weight=0.4, training_median=283.5; transaction_count: weight=0.25, training_median=396; distinct_cities: weight=0.15, training_median=283; distinct_products: weight=0.1, training_median=194; distributor_count: weight=0.1, training_median=13",2015-11-19,active,experienced,27,6,29.375,11.25,19.375,19.375,47.330357142857146,48.101190476190474,36.669642857142854,84,82,7.777777777777778,76.30024161038804,6.104019328831043,168.0,False,82.40426093921909,97.8511796651546,85.0,100.0,120.0,100.0,cadence_aligned_planned_visit_hours + cadence_aligned_planned_travel_hours + unplanned_required_coverage_hours + preparation_follow_up_buffer,cadence-aligned service attributed to servicing reps; uncovered obligations attributed to dynamic portfolio owners; observed excess retained as diagnostics; all served territories retained as fractional transaction allocations,1.6,deterministic_hours_plus_legacy_normalized_workload
CAPCAL_bba98becd6326856,REP_0dfc420450a6,Abigail Thompson,MGR_eb86f856200b,Tracy Banks,TEAM_f144a6907dc4,Bravo,TERR_07a5ea4d7ed4,Bravo / Germany,1,1.0,TERR_07a5ea4d7ed4:1.00000000,2019-01-01,21,2.0,0.0,5.0,26.0,8.648534692564647,8.0,21,152.0,39.648534692564645,112.35146530743535,34.724392361111114,28.866005689681096,55.95,45.40935182603642,21.22560763888889,16.54334613635532,37.768953775244206,52.27712594636397,11.278724244368075,125.13692591692867,111.37987882446174,111.37987882446174,0.7448626542674326,0.6687587220680675,0.07610393219936507,42.25,9.125,63.45945945945945,0.6333302585325986,1.3455583431927816,0.6786972450343852,high,high,True,True,synthetic_derived,42,208,257,208,159,4,283.5,396.0,283.0,194.0,13.0,2018-06-01,"distinct_customers: weight=0.4, training_median=283.5; transaction_count: weight=0.25, training_median=396; distinct_cities: weight=0.15, training_median=283; distinct_products: weight=0.1, training_median=194; distributor_count: weight=0.1, training_median=13",2015-02-18,active,experienced,93,27,115.625,50.625,75.375,73.375,45.578125,45.02827380952381,27.421875,73,66,18.02469135802469,115.86752399715618,9.269401919772495,168.0,False,125.13692591692867,112.35146530743535,85.0,100.0,120.0,100.0,cadence_aligned_planned_visit_hours + cadence_aligned_planned_travel_hours + unplanned_required_coverage_hours + preparation_follow_up_buffer,cadence-aligned service attributed to servicing reps; uncovered obligations attributed to dynamic portfolio owners; observed excess retained as diagnostics; all served territories retained as fractional transaction allocations,1.6,deterministic_hours_plus_legacy_normalized_workload
CAPCAL_845bbdba12750844,REP_200ef690040c,Mary Gerrard,MGR_31981a685b7e,Britanny Bold,TEAM_4f4a9410ffcd,Delta,TERR_49c0203db75f,Delta / Germany,1,1.0,TERR_49c0203db75f:1.00000000,2019-01-01,21,0.0,2.0,10.0,21.0,4.28624474694995,8.0,21,152.0,35.28624474694995,116.71375525305005,38.02735615079365,31.50175660940851,65.28333333333333,53.61118059055871,27.25597718253968,22.1094239811502,49.36540116368988,41.38324543010535,6.150154295346175,119.78534684553212,102.63173058378806,102.63173058378806,0.7130080169376912,0.6947247336491075,0.01828328328858375,34.375,6.125,71.64948453608247,0.6450675089594575,1.2743122004843843,0.7244206781421576,high,high,True,True,synthetic_derived,42,220,286,220,167,4,283.5,396.0,283.0,194.0,13.0,2018-06-01,"distinct_customers: weight=0.4, training_median=283.5; transaction_count: weight=0.25, training_median=396; distinct_cities: weight=0.15, training_median=283; distinct_products: weight=0.1, training_median=194; distributor_count: weight=0.1, training_median=13",2015-01-06,active,experienced,94,29,121.25,54.375,89.5,86.875,48.83482142857143,46.96279761904762,35.16517857142857,84,76,11.264367816091953,110.91235819030751,8.872988655224601,168.0,False,119.78534684553212,116.71375525305005,85.0,100.0,120.0,100.0,cadence_aligned_planned_visit_hours + cadence_aligned_planned_travel_hours + unplanned_required_coverage_hours + preparation_follow_up_buffer,cadence-aligned service attributed to servicing reps; uncovered obligations attributed to dynamic portfolio owners; observed excess retained as diagnostics; all served territories retained as fractional transaction allocations,1.6,deterministic_hours_plus_legacy_normalized_workload
CAPCAL_8afd0f88595a10ae,REP_2234ec3bee93,Daniel Gates,MGR_4b97498897f6,Alisha Cordwell,TEAM_b9dd960c1753,Charlie,TERR_938541fb7311,Charlie / Germany,1,1.0,TERR_938541fb7311:1.00000000,2019-01-01,21,1.0,2.0,10.0,16.0,8.79392001631122,8.0,21,144.0,34.79392001631122,109.20607998368878,36.70731646825397,28.20341075821284,65.23333333333333,49.60455416056272,28.526016865079367,21.401143402349877,49.927160267429244,39.89498818878551,7.593088919602273,113.1901726484725,103.64823338167507,103.64823338167507,0.6737510276694791,0.6500361903790999,0.023714837290379265,31.875,5.5,68.90243902439023,0.5999111190794976,1.4148771581059063,0.6929225651489868,high,high,True,True,synthetic_derived,42,213,265,212,159,4,283.5,396.0,283.0,194.0,13.0,2018-06-01,"distinct_customers: weight=0.4, training_median=283.5; transaction_count: weight=0.25, training_median=396; distinct_cities: weight=0.15, training_median=283; distinct_products: weight=0.1, training_median=194; distributor_count: weight=0.1, training_median=13",2012-10-27,active,senior,80,26,102.5,48.75,71.625,70.625,47.01264880952381,47.05654761904762,36.98735119047619,84,80,11.282051282051283,104.80571541525231,8.384457233220186,168.0,False,113.1901726484725,109.20607998368878,85.0,100.0,120.0,100.0,cadence_aligned_planned_visit_hours + cadence_aligned_planned_travel_hours + unplanned_required_coverage_hours + preparation_follow_up_buffer,cadence-aligned service attributed to servicing reps; uncovered obligations attributed to dynamic portfolio owners; observed excess retained as diagnostics; all served territories retained as fractional transaction allocations,1.6,deterministic_hours_plus_legacy_normalized_workload
CAPCAL_9ede02831ec4dc11,REP_56269a9759c4,Anne Wu,MGR_31981a685b7e,Britanny Bold,TEAM_4f4a9410ffcd,Delta,TERR_49c0203db75f,Delta / Germany,1,1.0,TERR_49c0203db75f:1.00000000,2019-01-01,21,0.0,1.0,11.0,18.0,5.661408834479782,8.0,21,160.0,34.66140883447978,125.33859116552023,34.749888392857144,27.95102989077447,58.483333333333334,45.995021738403345,23.73344494047619,18.043991847628874,41.777436788105064,42.33020307920584,4.74897648264737,113.43361107186445,90.5017441292808,90.5017441292808,0.6752000659039551,0.7460630426519061,-0.07086297674795106,35.875,4.375,59.29078014184397,0.6312265248466871,1.4542770650239032,0.7784929749178167,medium,medium,False,False,synthetic_derived,42,235,306,235,176,5,283.5,396.0,283.0,194.0,13.0,2018-06-01,"distinct_customers: weight=0.4, training_median=283.5; transaction_count: weight=0.25, training_median=396; distinct_cities: weight=0.15, training_median=283; distinct_products: weight=0.1, training_median=194; distributor_count: weight=0.1, training_median=13",2015-04-14,active,experienced,78,16,88.125,30.0,54.875,52.25,44.280505952380956,43.02827380952381,29.719494047619047,74,66,14.583333333333334,105.03112136283745,8.402489709026996,168.0,False,113.43361107186445,125.33859116552023,85.0,100.0,120.0,100.0,cadence_aligned_planned_visit_hours + cadence_aligned_planned_travel_hours + unplanned_required_coverage_hours + preparation_follow_up_buffer,cadence-aligned service attributed to servicing reps; uncovered obligations attributed to dynamic portfolio owners; observed excess retained as diagnostics; all served territories retained as fractional transaction allocations,1.6,deterministic_hours_plus_legacy_normalized_workload
CAPCAL_8a5c9e1ff8ccb1a8,REP_6003efb01f5e,Sheila Stones,MGR_31981a685b7e,Britanny Bold,TEAM_4f4a9410ffcd,Delta,TERR_49c0203db75f,Delta / Germany,1,1.0,TERR_49c0203db75f:1.00000000,2019-01-01,21,2.0,1.0,6.0,24.0,8.882847144336601,8.0,21,144.0,38.8828471443366,105.11715285566339,36.06552579365079,30.683498317965974,57.983333333333334,48.556357415997894,21.91780753968254,17.87285909803192,39.79066663771446,32.71345648907028,0.0,107.419479048742,102.19024786205914,102.19024786205914,0.6394016610044166,0.6256973384265678,0.013704322577848815,27.625,0.875,63.77049180327868,0.6435088592994549,1.6784293601365938,0.6913806110993828,high,high,True,True,synthetic_derived,42,207,272,207,169,4,283.5,396.0,283.0,194.0,13.0,2018-06-01,"distinct_customers: weight=0.4, training_median=283.5; transaction_count: weight=0.25, training_median=396; distinct_cities: weight=0.15, training_median=283; distinct_products: weight=0.1, training_median=194; distributor_count: weight=0.1, training_median=13",2014-08-03,active,experienced,64,16,76.25,30.0,50.75,48.625,47.68154761904762,46.18452380952381,29.31845238095238,77,74,2.9166666666666665,99.46248060068704,7.956998448054963,168.0,False,107.419479048742,105.11715285566339,85.0,100.0,120.0,100.0,cadence_aligned_planned_visit_hours + cadence_aligned_planned_travel_hours + unplanned_required_coverage_hours + preparation_follow_up_buffer,cadence-aligned service attributed to servicing reps; uncovered obligations attributed to dynamic portfolio owners; observed excess retained as diagnostics; all served territories retained as fractional transaction allocations,1.6,deterministic_hours_plus_legacy_normalized_workload
CAPCAL_adb7425d1ba527fb,REP_6daf09991b71,Jimmy Grey,MGR_4b97498897f6,Alisha Cordwell,TEAM_b9dd960c1753,Charlie,TERR_938541fb7311,Charlie / Germany,1,1.0,TERR_938541fb7311:1.00000000,2019-01-01,21,1.0,2.0,12.0,18.0,7.3980074540094645,8.0,21,144.0,37.398007454009466,106.60199254599053,36.82780257936508,27.127747607340805,62.38333333333333,45.37992130579353,25.555530753968252,18.252173698452726,43.80770445242098,25.868875288003313,3.7965444598011366,97.01037951268592,91.00240736197631,91.00240736197631,0.577442735194559,0.6345356699166103,-0.057092934722051236,20.5,2.75,63.55555555555556,0.6179399475317114,1.9798036635242025,0.6782338481792357,medium,medium,False,False,synthetic_derived,42,208,253,208,163,4,283.5,396.0,283.0,194.0,13.0,2018-06-01,"distinct_customers: weight=0.4, training_median=283.5; transaction_count: weight=0.25, training_median=396; distinct_cities: weight=0.15, training_median=283; distinct_products: weight=0.1, training_median=194; distributor_count: weight=0.1, training_median=13",2012-08-25,active,senior,49,12,56.25,22.5,36.0,35.75,43.90029761904762,43.473214285714285,31.09970238095238,75,71,12.222222222222221,89.82442547470919,7.185954037976735,168.0,False,97.01037951268592,106.60199254599053,85.0,100.0,120.0,100.0,cadence_aligned_planned_visit_hours + cadence_aligned_planned_travel_hours + unplanned_required_coverage_hours + preparation_follow_up_buffer,cadence-aligned service attributed to servicing reps; uncovered obligations attributed to dynamic portfolio owners; observed excess retained as diagnostics; all served territories retained as fractional transaction allocations,1.6,deterministic_hours_plus_legacy_normalized_workload
CAPCAL_4c8ca2c81587e694,REP_82f7cb811b80,Stella Given,MGR_4b97498897f6,Alisha Cordwell,TEAM_b9dd960c1753,Charlie,TERR_938541fb7311,Charlie / Germany,1,1.0,TERR_938541fb7311:1.00000000,2019-01-01,21,0.0,1.0,6.0,19.0,8.59179646814768,8.0,21,160.0,33.59179646814768,126.40820353185232,42.32141617063492,31.884490907320817,66.55,50.0415187910042,24.22858382936508,18.15702788368338,42.38561171304846,33.47707633640768,3.7965444598011366,116.2976220875125,92.00164137939659,92.00164137939659,0.6922477505209077,0.7524297829276924,-0.06018203240678466,26.25,2.75,60.747663551401864,0.60287215682727,2.076743251562723,0.749409174762228,medium,medium,False,False,synthetic_derived,42,233,288,233,179,3,283.5,396.0,283.0,194.0,13.0,2018-06-01,"distinct_customers: weight=0.4, training_median=283.5; transaction_count: weight=0.25, training_median=396; distinct_cities: weight=0.15, training_median=283; distinct_products: weight=0.1, training_median=194; distributor_count: weight=0.1, training_median=13",2013-04-26,active,senior,56,15,66.875,28.125,40.625,40.625,52.88764880952381,51.764880952380956,31.11235119047619,84,78,9.777777777777779,107.68298341436342,8.614638673149074,168.0,False,116.2976220875125,126.40820353185232,85.0,100.0,120.0,100.0,cadence_aligned_planned_visit_hours + cadence_aligned_planned_travel_hours + unplanned_required_coverage_hours + preparation_follow_up_buffer,cadence-aligned service attributed to servicing reps; uncovered obligations attributed to dynamic portfolio owners; observed excess retained as diagnostics; all served territories retained as fractional transaction allocations,1.6,deterministic_hours_plus_legacy_normalized_workload
CAPCAL_2830872bf4889d63,REP_a132178ac1b8,Alan Ray,MGR_5e1c70ff0ce6,James Goodwill,TEAM_a405eba78bf2,Alfa,TERR_b31415d90eb9,Alfa / Germany,1,1.0,TERR_b31415d90eb9:1.00000000,2019-01-01,21,2.0,2.0,9.0,23.0,8.96697210978947,8.0,21,136.0,40.96697210978947,95.03302789021053,41.9515625,33.38391396856525,65.53333333333333,51.2848639257665,23.581770833333334,17.90094995720125,41.48272079053458,18.66922761910351,3.7965444598011366,101.52508041468225,106.83136449358621,106.83136449358621,0.6043159548492991,0.565672785060777,0.038643169788522114,16.375,3.625,72.70833333333333,0.6217932672813051,2.25611289810405,0.7369295101807882,high,high,True,True,synthetic_derived,42,226,289,226,165,4,283.5,396.0,283.0,194.0,13.0,2018-06-01,"distinct_customers: weight=0.4, training_median=283.5; transaction_count: weight=0.25, training_median=396; distinct_cities: weight=0.15, training_median=283; distinct_products: weight=0.1, training_median=194; distributor_count: weight=0.1, training_median=13",2012-12-18,active,senior,45,14,60.0,26.25,45.5,43.625,53.689732142857146,51.11904761904762,30.310267857142858,84,78,13.80952380952381,94.00470408766876,7.5203763270135005,168.0,False,101.52508041468225,95.03302789021053,85.0,100.0,120.0,100.0,cadence_aligned_planned_visit_hours + cadence_aligned_planned_travel_hours + unplanned_required_coverage_hours + preparation_follow_up_buffer,cadence-aligned service attributed to servicing reps; uncovered obligations attributed to dynamic portfolio owners; observed excess retained as diagnostics; all served territories retained as fractional transaction allocations,1.6,deterministic_hours_plus_legacy_normalized_workload
CAPCAL_e45c04d0d84e35a9,REP_bba68d031906,Steve Pepple,MGR_eb86f856200b,Tracy Banks,TEAM_f144a6907dc4,Bravo,TERR_07a5ea4d7ed4,Bravo / Germany,1,1.0,TERR_07a5ea4d7ed4:1.00000000,2019-01-01,21,0.0,0.0,5.0,19.0,7.973751405978349,8.0,21,168.0,31.973751405978348,136.02624859402164,33.748263888888886,28.744443291381362,51.86666666666667,43.48411966688525,18.118402777777778,14.739676375503889,32.858079153281665,27.639032541859002,4.59489168906331,97.3422788998996,71.56139341196078,71.56139341196078,0.5794183267851166,0.8096800511548907,-0.2302617243697741,23.5,5.375,57.27272727272727,0.6373637962749996,2.027964143747908,0.6890371699865587,low,low,False,False,synthetic_derived,42,206,282,205,157,4,283.5,396.0,283.0,194.0,13.0,2018-06-01,"distinct_customers: weight=0.4, training_median=283.5; transaction_count: weight=0.25, training_median=396; distinct_cities: weight=0.15, training_median=283; distinct_products: weight=0.1, training_median=194; distributor_count: weight=0.1, training_median=13",2016-09-24,active,experienced,48,12,55.0,22.5,33.375,31.5,45.098958333333336,40.392857142857146,23.901041666666668,69,61,23.88888888888889,90.13173972212925,7.2105391777703405,168.0,False,97.3422788998996,136.02624859402164,85.0,100.0,120.0,100.0,cadence_aligned_planned_visit_hours + cadence_aligned_planned_travel_hours + unplanned_required_coverage_hours + preparation_follow_up_buffer,cadence-aligned service attributed to servicing reps; uncovered obligations attributed to dynamic portfolio owners; observed excess retained as diagnostics; all served territories retained as fractional transaction allocations,1.6,deterministic_hours_plus_legacy_normalized_workload
CAPCAL_5b9ff9cb07f6a5cd,REP_c56e2fba156a,Thompson Crawford,MGR_5e1c70ff0ce6,James Goodwill,TEAM_a405eba78bf2,Alfa,TERR_b31415d90eb9,Alfa / Germany,1,1.0,TERR_b31415d90eb9:1.00000000,2019-01-01,21,0.0,2.0,12.0,17.0,5.970983732607314,8.0,21,152.0,34.970983732607316,117.02901626739268,35.38857886904762,27.110317502051252,63.35,47.41486845813363,27.96142113095238,20.30455095608238,48.26597208703476,20.80764623691941,3.7965444598011366,89.97106601665973,76.87928078545082,76.87928078545082,0.5355420596229746,0.6966012873059088,-0.16105922768293413,16.375,2.75,65.06666666666666,0.6347449910763703,2.249276650416493,0.7183167565120865,low,low,False,False,synthetic_derived,42,222,284,222,165,3,283.5,396.0,283.0,194.0,13.0,2018-06-01,"distinct_customers: weight=0.4, training_median=283.5; transaction_count: weight=0.25, training_median=396; distinct_cities: weight=0.15, training_median=283; distinct_products: weight=0.1, training_median=194; distributor_count: weight=0.1, training_median=13",2014-02-24,active,senior,40,12,46.875,22.5,30.5,30.5,42.710565476190474,42.069940476190474,33.289434523809526,76,71,12.222222222222221,83.30654260801828,6.664523408641462,168.0,False,89.97106601665973,117.02901626739268,85.0,100.0,120.0,100.0,cadence_aligned_planned_visit_hours + cadence_aligned_planned_travel_hours + unplanned_required_coverage_hours + preparation_follow_up_buffer,cadence-aligned service attributed to servicing reps; uncovered obligations attributed to dynamic portfolio owners; observed excess retained as diagnostics; all served territories retained as fractional transaction allocations,1.6,deterministic_hours_plus_legacy_normalized_workload
CAPCAL_bf09bdbf81b1ae76,REP_d21d2dd167c5,Morris Garcia,MGR_eb86f856200b,Tracy Banks,TEAM_f144a6907dc4,Bravo,TERR_07a5ea4d7ed4,Bravo / Germany,1,1.0,TERR_07a5ea4d7ed4:1.00000000,2019-01-01,21,2.0,1.0,6.0,24.0,5.871156715150694,8.0,21,144.0,35.8711567151507,108.1288432848493,35.82118055555556,29.64649611929111,62.55,50.32073952585274,26.728819444444444,20.67424340656163,47.40306285100608,19.402013081164736,1.2374999999999998,91.65926493649232,84.76856142355068,84.76856142355068,0.5455908627172162,0.643624067171722,-0.0980332044545058,16.25,1.75,61.76470588235294,0.6300185121802424,2.6188361410426375,0.7514799914216146,low,low,False,False,synthetic_derived,42,228,301,228,171,4,283.5,396.0,283.0,194.0,13.0,2018-06-01,"distinct_customers: weight=0.4, training_median=283.5; transaction_count: weight=0.25, training_median=396; distinct_cities: weight=0.15, training_median=283; distinct_products: weight=0.1, training_median=194; distributor_count: weight=0.1, training_median=13",2014-01-05,active,senior,35,10,42.5,18.75,27.375,26.25,47.05654761904762,44.49702380952381,33.94345238095238,81,71,9.333333333333334,84.86968975601141,6.789575180480913,168.0,False,91.65926493649232,108.1288432848493,85.0,100.0,120.0,100.0,cadence_aligned_planned_visit_hours + cadence_aligned_planned_travel_hours + unplanned_required_coverage_hours + preparation_follow_up_buffer,cadence-aligned service attributed to servicing reps; uncovered obligations attributed to dynamic portfolio owners; observed excess retained as diagnostics; all served territories retained as fractional transaction allocations,1.6,deterministic_hours_plus_legacy_normalized_workload
CAPCAL_6378e24425a5676f,REP_db1cc40d477a,Erica Jones,MGR_5e1c70ff0ce6,James Goodwill,TEAM_a405eba78bf2,Alfa,TERR_b31415d90eb9,Alfa / Germany,1,1.0,TERR_b31415d90eb9:1.00000000,2019-01-01,21,1.0,1.0,11.0,24.0,8.301494431569544,8.0,21,152.0,43.301494431569544,108.69850556843045,33.95386904761905,27.483512693782686,58.81666666666667,46.797121129695846,24.86279761904762,19.31360843591316,44.17640605496078,18.837366300332718,0.0,86.69672788507322,79.75889588518201,79.75889588518201,0.5160519516968644,0.6470149140978003,-0.13096296240093597,16.625,0.875,51.63636363636363,0.6402926218246794,2.709272746408538,0.7043460590511093,low,low,False,False,synthetic_derived,42,217,274,216,170,3,283.5,396.0,283.0,194.0,13.0,2018-06-01,"distinct_customers: weight=0.4, training_median=283.5; transaction_count: weight=0.25, training_median=396; distinct_cities: weight=0.15, training_median=283; distinct_products: weight=0.1, training_median=194; distributor_count: weight=0.1, training_median=13",2013-02-07,active,senior,32,5,34.375,9.375,19.625,17.75,42.923363095238095,42.845238095238095,31.076636904761905,74,70,9.333333333333334,80.27474804173445,6.4219798433387565,168.0,False,86.69672788507322,108.69850556843045,85.0,100.0,120.0,100.0,cadence_aligned_planned_visit_hours + cadence_aligned_planned_travel_hours + unplanned_required_coverage_hours + preparation_follow_up_buffer,cadence-aligned service attributed to servicing reps; uncovered obligations attributed to dynamic portfolio owners; observed excess retained as diagnostics; all served territories retained as fractional transaction allocations,1.6,deterministic_hours_plus_legacy_normalized_workload
CAPCAL_1febf733bd3d731d,REP_e7e9152643c7,Jessica Smith,MGR_31981a685b7e,Britanny Bold,TEAM_4f4a9410ffcd,Delta,TERR_49c0203db75f,Delta / Germany,1,1.0,TERR_49c0203db75f:1.00000000,2019-01-01,21,2.0,0.0,6.0,25.0,7.323877713562132,8.0,21,152.0,38.32387771356213,113.67612228643787,35.683705357142856,29.446573063789806,63.21666666666667,51.72292248600421,27.53296130952381,22.276349422214402,49.80931073173821,18.146088410808233,4.85712010385752,89.93847617828015,79.11817747587813,79.11817747587813,0.5353480724897628,0.6766435850383207,-0.14129551254855788,14.875,3.625,68.6842105263158,0.6319652880322799,2.430769626440004,0.7700535048804086,low,low,False,False,synthetic_derived,42,235,304,235,177,4,283.5,396.0,283.0,194.0,13.0,2018-06-01,"distinct_customers: weight=0.4, training_median=283.5; transaction_count: weight=0.25, training_median=396; distinct_cities: weight=0.15, training_median=283; distinct_products: weight=0.1, training_median=194; distributor_count: weight=0.1, training_median=13",2015-11-19,active,experienced,37,15,47.5,28.125,33.125,32.625,46.595238095238095,45.952380952380956,35.404761904761905,82,76,12.88888888888889,83.27636683174089,6.662109346539271,168.0,False,89.93847617828015,113.67612228643787,85.0,100.0,120.0,100.0,cadence_aligned_planned_visit_hours + cadence_aligned_planned_travel_hours + unplanned_required_coverage_hours + preparation_follow_up_buffer,cadence-aligned service attributed to servicing reps; uncovered obligations attributed to dynamic portfolio owners; observed excess retained as diagnostics; all served territories retained as fractional transaction allocations,1.6,deterministic_hours_plus_legacy_normalized_workload
CAPCAL_9b8650068c0df95c,REP_0dfc420450a6,Abigail Thompson,MGR_eb86f856200b,Tracy Banks,TEAM_f144a6907dc4,Bravo,TERR_07a5ea4d7ed4,Bravo / Germany,1,1.0,TERR_07a5ea4d7ed4:1.00000000,2019-02-01,21,2.0,0.0,5.0,26.0,7.405288710006418,8.0,21,152.0,38.40528871000642,113.59471128999358,33.96592261904762,27.426755307109357,65.73333333333333,52.49493755582016,31.767410714285713,25.0681822487108,56.835592962996515,52.413065298054136,6.271544459801136,122.910202682148,108.20063829237004,108.20063829237004,0.7316083492984999,0.6761589957737714,0.05544935352472857,43.0,4.5,65.60000000000001,0.6399131854168977,1.22910202682148,0.8210354272777621,high,high,True,True,synthetic_derived,42,238,326,237,179,8,283.5,396.0,283.0,194.0,13.0,2018-06-01,"distinct_customers: weight=0.4, training_median=283.5; transaction_count: weight=0.25, training_median=396; distinct_cities: weight=0.15, training_median=283; distinct_products: weight=0.1, training_median=194; distributor_count: weight=0.1, training_median=13",2015-02-18,active,experienced,100,26,125.0,48.75,84.75,82.0,42.86011904761905,41.035714285714285,41.13988095238095,84,79,9.230769230769232,113.80574322421111,9.104459457936889,168.0,False,122.910202682148,113.59471128999358,85.0,100.0,120.0,100.0,cadence_aligned_planned_visit_hours + cadence_aligned_planned_travel_hours + unplanned_required_coverage_hours + preparation_follow_up_buffer,cadence-aligned service attributed to servicing reps; uncovered obligations attributed to dynamic portfolio owners; observed excess retained as diagnostics; all served territories retained as fractional transaction allocations,1.6,deterministic_hours_plus_legacy_normalized_workload
CAPCAL_a10cfd06ab502acc,REP_200ef690040c,Mary Gerrard,MGR_31981a685b7e,Britanny Bold,TEAM_4f4a9410ffcd,Delta,TERR_49c0203db75f,Delta / Germany,1,1.0,TERR_49c0203db75f:1.00000000,2019-02-01,21,0.0,2.0,10.0,21.0,7.915736761364874,8.0,21,152.0,38.915736761364876,113.08426323863512,37.86148313492063,32.213779907655756,64.51666666666667,53.37462814103775,26.655183531746033,21.160848233381994,47.816031765128024,35.47686501061112,5.074680136162714,113.99629829744251,100.80650926370079,100.80650926370079,0.678549394627634,0.6731206145156852,0.0054287801119488055,30.625,4.625,74.07407407407408,0.641678328727314,1.2666255366382502,0.8350183775386865,high,high,True,True,synthetic_derived,42,240,342,239,179,8,283.5,396.0,283.0,194.0,13.0,2018-06-01,"distinct_customers: weight=0.4, training_median=283.5; transaction_count: weight=0.25, training_median=396; distinct_cities: weight=0.15, training_median=283; distinct_products: weight=0.1, training_median=194; distributor_count: weight=0.1, training_median=13",2015-01-06,active,experienced,90,29,118.125,54.375,90.5,87.5,50.202380952380956,49.54389880952381,33.797619047619044,84,80,8.505747126436782,105.5521280531875,8.444170244255,168.0,False,113.99629829744251,113.08426323863512,85.0,100.0,120.0,100.0,cadence_aligned_planned_visit_hours + cadence_aligned_planned_travel_hours + unplanned_required_coverage_hours + preparation_follow_up_buffer,cadence-aligned service attributed to servicing reps; uncovered obligations attributed to dynamic portfolio owners; observed excess retained as diagnostics; all served territories retained as fractional transaction allocations,1.6,deterministic_hours_plus_legacy_normalized_workload
CAPCAL_23f31700076ca69a,REP_2234ec3bee93,Daniel Gates,MGR_4b97498897f6,Alisha Cordwell,TEAM_b9dd960c1753,Charlie,TERR_938541fb7311,Charlie / Germany,1,1.0,TERR_938541fb7311:1.00000000,2019-02-01,21,1.0,1.0,10.0,16.0,7.187543647019981,8.0,21,152.0,33.18754364701998,118.81245635298002,34.58368055555555,26.49277487436848,64.48333333333333,48.76093404676185,29.899652777777778,22.268159172393368,52.16781195017115,36.66330419100775,0.0,105.55894039060632,88.84501139931085,88.84501139931085,0.6283270261345615,0.7072170021010715,-0.07888997596651004,29.75,0.0,70.97560975609755,0.5963003991015413,1.319486754882579,0.8395105438909247,medium,medium,False,False,synthetic_derived,42,244,323,243,181,9,283.5,396.0,283.0,194.0,13.0,2018-06-01,"distinct_customers: weight=0.4, training_median=283.5; transaction_count: weight=0.25, training_median=396; distinct_cities: weight=0.15, training_median=283; distinct_products: weight=0.1, training_median=194; distributor_count: weight=0.1, training_median=13",2012-10-27,active,senior,80,27,102.5,50.625,74.0,72.75,44.42857142857143,43.60342261904762,39.57142857142857,84,79,0.0,97.73975962093178,7.819180769674542,168.0,False,105.55894039060632,118.81245635298002,85.0,100.0,120.0,100.0,cadence_aligned_planned_visit_hours + cadence_aligned_planned_travel_hours + unplanned_required_coverage_hours + preparation_follow_up_buffer,cadence-aligned service attributed to servicing reps; uncovered obligations attributed to dynamic portfolio owners; observed excess retained as diagnostics; all served territories retained as fractional transaction allocations,1.6,deterministic_hours_plus_legacy_normalized_workload
CAPCAL_4f3b300e349737b0,REP_56269a9759c4,Anne Wu,MGR_31981a685b7e,Britanny Bold,TEAM_4f4a9410ffcd,Delta,TERR_49c0203db75f,Delta / Germany,1,1.0,TERR_49c0203db75f:1.00000000,2019-02-01,21,0.0,0.0,11.0,18.0,5.7012854049725075,8.0,21,168.0,34.70128540497251,133.2987145950275,39.598660714285714,31.874274283544015,65.38333333333334,52.56809144454279,25.78467261904762,20.693817160998776,46.478489780046395,45.46652231753832,10.096678811885742,126.29461390059748,94.74556021360819,94.74556021360819,0.7517536541702231,0.7934447297323065,-0.0416910755620834,38.375,8.375,60.641025641025635,0.6399328479016948,1.521621854224066,0.837743570126422,medium,medium,False,False,synthetic_derived,42,239,338,239,177,9,283.5,396.0,283.0,194.0,13.0,2018-06-01,"distinct_customers: weight=0.4, training_median=283.5; transaction_count: weight=0.25, training_median=396; distinct_cities: weight=0.15, training_median=283; distinct_products: weight=0.1, training_median=194; distributor_count: weight=0.1, training_median=13",2015-04-14,active,experienced,83,22,97.5,41.25,62.125,59.125,49.80877976190476,45.319940476190474,33.19122023809524,83,75,20.303030303030305,116.93945731536805,9.355156585229444,168.0,False,126.29461390059748,133.2987145950275,85.0,100.0,120.0,100.0,cadence_aligned_planned_visit_hours + cadence_aligned_planned_travel_hours + unplanned_required_coverage_hours + preparation_follow_up_buffer,cadence-aligned service attributed to servicing reps; uncovered obligations attributed to dynamic portfolio owners; observed excess retained as diagnostics; all served territories retained as fractional transaction allocations,1.6,deterministic_hours_plus_legacy_normalized_workload
CAPCAL_3b7ee9bc174a5780,REP_6003efb01f5e,Sheila Stones,MGR_31981a685b7e,Britanny Bold,TEAM_4f4a9410ffcd,Delta,TERR_49c0203db75f,Delta / Germany,1,1.0,TERR_49c0203db75f:1.00000000,2019-02-01,21,2.0,2.0,6.0,24.0,5.3411573079363635,8.0,21,136.0,35.34115730793636,100.65884269206364,34.62679811507937,26.79165718783495,65.96666666666667,49.250260554625726,31.3398685515873,22.458603366790776,53.79847191837808,42.14738097972965,4.884016430678527,111.85110318525548,111.1190037495576,111.1190037495576,0.6657803761027112,0.5991597779289503,0.06662059817376098,33.75,3.625,61.97183098591549,0.5984972285827102,1.4913480424700731,0.9065565240839669,high,high,True,True,synthetic_derived,42,265,367,265,192,8,283.5,396.0,283.0,194.0,13.0,2018-06-01,"distinct_customers: weight=0.4, training_median=283.5; transaction_count: weight=0.25, training_median=396; distinct_cities: weight=0.15, training_median=283; distinct_products: weight=0.1, training_median=194; distributor_count: weight=0.1, training_median=13",2014-08-03,active,experienced,75,20,88.75,37.5,56.25,55.0,44.76488095238095,45.835565476190474,39.235119047619044,84,80,9.666666666666666,103.56583628264397,8.285266902611518,168.0,False,111.85110318525548,100.65884269206364,85.0,100.0,120.0,100.0,cadence_aligned_planned_visit_hours + cadence_aligned_planned_travel_hours + unplanned_required_coverage_hours + preparation_follow_up_buffer,cadence-aligned service attributed to servicing reps; uncovered obligations attributed to dynamic portfolio owners; observed excess retained as diagnostics; all served territories retained as fractional transaction allocations,1.6,deterministic_hours_plus_legacy_normalized_workload
CAPCAL_60f84efc12907586,REP_6daf09991b71,Jimmy Grey,MGR_4b97498897f6,Alisha Cordwell,TEAM_b9dd960c1753,Charlie,TERR_938541fb7311,Charlie / Germany,1,1.0,TERR_938541fb7311:1.00000000,2019-02-01,21,1.0,2.0,12.0,18.0,6.404304742456853,8.0,21,144.0,36.40430474245685,107.59569525754316,36.41341765873016,26.70305866899615,67.08333333333333,48.71043439352573,30.669915674603175,22.00737572452958,52.677291399132756,34.100508567001526,0.0,104.99434368630605,97.58229029050794,97.58229029050794,0.6249663314661075,0.6404505670091855,-0.015484235543077984,28.5,1.75,61.02564102564103,0.5833603298244636,1.749905728105101,0.8231733542408322,medium,medium,False,False,synthetic_derived,42,244,328,244,172,7,283.5,396.0,283.0,194.0,13.0,2018-06-01,"distinct_customers: weight=0.4, training_median=283.5; transaction_count: weight=0.25, training_median=396; distinct_cities: weight=0.15, training_median=283; distinct_products: weight=0.1, training_median=194; distributor_count: weight=0.1, training_median=13",2012-08-25,active,senior,60,15,73.125,28.125,46.625,44.625,45.77455357142857,44.908482142857146,38.22544642857143,84,79,6.222222222222222,97.21698489472783,7.7773587915782265,168.0,False,104.99434368630605,107.59569525754316,85.0,100.0,120.0,100.0,cadence_aligned_planned_visit_hours + cadence_aligned_planned_travel_hours + unplanned_required_coverage_hours + preparation_follow_up_buffer,cadence-aligned service attributed to servicing reps; uncovered obligations attributed to dynamic portfolio owners; observed excess retained as diagnostics; all served territories retained as fractional transaction allocations,1.6,deterministic_hours_plus_legacy_normalized_workload
CAPCAL_16a69c26f3685274,REP_82f7cb811b80,Stella Given,MGR_4b97498897f6,Alisha Cordwell,TEAM_b9dd960c1753,Charlie,TERR_938541fb7311,Charlie / Germany,1,1.0,TERR_938541fb7311:1.00000000,2019-02-01,21,0.0,2.0,6.0,19.0,5.724706803328694,8.0,21,152.0,30.724706803328694,121.2752931966713,38.49821428571428,27.958216200375997,67.61666666666667,48.72595897852136,29.11845238095238,20.767742778145365,49.886195159097745,24.971120571316536,1.181464081813833,98.74175514199936,81.41951467548344,81.41951467548344,0.587748542511901,0.7218767452182815,-0.13412820270638048,22.375,0.875,58.372093023255815,0.5850383411176643,2.100888407276582,0.8829527120425752,low,low,False,False,synthetic_derived,42,262,347,262,182,8,283.5,396.0,283.0,194.0,13.0,2018-06-01,"distinct_customers: weight=0.4, training_median=283.5; transaction_count: weight=0.25, training_median=396; distinct_cities: weight=0.15, training_median=283; distinct_products: weight=0.1, training_median=194; distributor_count: weight=0.1, training_median=13",2013-04-26,active,senior,47,12,53.75,22.5,33.875,31.375,47.788690476190474,44.703125,36.211309523809526,84,76,3.888888888888889,91.42755105740682,7.314204084592546,168.0,False,98.74175514199936,121.2752931966713,85.0,100.0,120.0,100.0,cadence_aligned_planned_visit_hours + cadence_aligned_planned_travel_hours + unplanned_required_coverage_hours + preparation_follow_up_buffer,cadence-aligned service attributed to servicing reps; uncovered obligations attributed to dynamic portfolio owners; observed excess retained as diagnostics; all served territories retained as fractional transaction allocations,1.6,deterministic_hours_plus_legacy_normalized_workload
CAPCAL_51a48596d3290b29,REP_a132178ac1b8,Alan Ray,MGR_5e1c70ff0ce6,James Goodwill,TEAM_a405eba78bf2,Alfa,TERR_b31415d90eb9,Alfa / Germany,1,1.0,TERR_b31415d90eb9:1.00000000,2019-02-01,21,2.0,1.0,9.0,23.0,6.174884261729783,8.0,21,144.0,38.17488426172979,105.82511573827021,38.56454613095238,29.059736851808097,69.75,51.938483593048076,31.18545386904762,22.87874674123998,54.0642006102876,19.473901831199573,3.6756230674749375,94.06603959907684,88.88819912252565,88.88819912252565,0.5599169023754574,0.6299114032039894,-0.06999450082853198,15.875,3.5,75.33980582524272,0.6162922116489685,2.0449139043277573,0.9056962912456944,medium,medium,False,False,synthetic_derived,42,269,364,267,181,8,283.5,396.0,283.0,194.0,13.0,2018-06-01,"distinct_customers: weight=0.4, training_median=283.5; transaction_count: weight=0.25, training_median=396; distinct_cities: weight=0.15, training_median=283; distinct_products: weight=0.1, training_median=194; distributor_count: weight=0.1, training_median=13",2012-12-18,active,senior,46,22,64.375,41.25,49.375,48.5,47.15252976190476,44.87202380952381,36.84747023809524,84,78,8.484848484848486,87.09818481396005,6.967854785116804,168.0,False,94.06603959907684,105.82511573827021,85.0,100.0,120.0,100.0,cadence_aligned_planned_visit_hours + cadence_aligned_planned_travel_hours + unplanned_required_coverage_hours + preparation_follow_up_buffer,cadence-aligned service attributed to servicing reps; uncovered obligations attributed to dynamic portfolio owners; observed excess retained as diagnostics; all served territories retained as fractional transaction allocations,1.6,deterministic_hours_plus_legacy_normalized_workload
CAPCAL_b673bb243b7019d0,REP_bba68d031906,Steve Pepple,MGR_eb86f856200b,Tracy Banks,TEAM_f144a6907dc4,Bravo,TERR_07a5ea4d7ed4,Bravo / Germany,1,1.0,TERR_07a5ea4d7ed4:1.00000000,2019-02-01,21,0.0,2.0,5.0,19.0,8.288413096001687,8.0,21,152.0,32.28841309600169,119.71158690399831,36.898524305555554,30.178752347879325,65.11666666666667,52.77430283036453,28.218142361111113,22.59555048248521,50.81369284359632,19.82172650160218,4.919342578642127,93.85092340744004,78.39752678469043,78.39752678469043,0.5586364488538097,0.7125689696666566,-0.15393252081284692,16.0,3.625,60.0,0.6341798889183329,2.6814549544982866,0.8369555861975689,low,low,False,False,synthetic_derived,42,248,318,248,181,8,283.5,396.0,283.0,194.0,13.0,2018-06-01,"distinct_customers: weight=0.4, training_median=283.5; transaction_count: weight=0.25, training_median=396; distinct_cities: weight=0.15, training_median=283; distinct_products: weight=0.1, training_median=194; distributor_count: weight=0.1, training_median=13",2016-09-24,active,experienced,35,9,40.0,16.875,24.25,24.0,47.58705357142857,46.335565476190474,36.41294642857143,84,74,21.48148148148148,86.89900315503706,6.9519202524029655,168.0,False,93.85092340744004,119.71158690399831,85.0,100.0,120.0,100.0,cadence_aligned_planned_visit_hours + cadence_aligned_planned_travel_hours + unplanned_required_coverage_hours + preparation_follow_up_buffer,cadence-aligned service attributed to servicing reps; uncovered obligations attributed to dynamic portfolio owners; observed excess retained as diagnostics; all served territories retained as fractional transaction allocations,1.6,deterministic_hours_plus_legacy_normalized_workload
CAPCAL_24722c74ad842ddc,REP_c56e2fba156a,Thompson Crawford,MGR_5e1c70ff0ce6,James Goodwill,TEAM_a405eba78bf2,Alfa,TERR_b31415d90eb9,Alfa / Germany,1,1.0,TERR_b31415d90eb9:1.00000000,2019-02-01,21,0.0,0.0,12.0,17.0,6.09069960379595,8.0,21,168.0,35.09069960379595,132.90930039620406,35.04110863095238,27.339478505271117,66.73333333333333,51.64227514321003,31.69222470238095,24.302796637938908,55.99502134031986,16.376315116584372,1.2374999999999998,85.05745443303249,63.996615872234145,63.996615872234145,0.5062943716251934,0.7911267880726432,-0.28483241644744983,14.125,1.875,57.35849056603774,0.6211732137183977,2.5774986191828027,0.8237097255290279,low,low,False,False,synthetic_derived,42,248,306,248,170,8,283.5,396.0,283.0,194.0,13.0,2018-06-01,"distinct_customers: weight=0.4, training_median=283.5; transaction_count: weight=0.25, training_median=396; distinct_cities: weight=0.15, training_median=283; distinct_products: weight=0.1, training_median=194; distributor_count: weight=0.1, training_median=13",2014-02-24,active,senior,33,5,33.125,9.375,20.0,19.0,44.01264880952381,42.979166666666664,39.98735119047619,84,79,20.0,78.75690225280786,6.300552180224629,168.0,False,85.05745443303249,132.90930039620406,85.0,100.0,120.0,100.0,cadence_aligned_planned_visit_hours + cadence_aligned_planned_travel_hours + unplanned_required_coverage_hours + preparation_follow_up_buffer,cadence-aligned service attributed to servicing reps; uncovered obligations attributed to dynamic portfolio owners; observed excess retained as diagnostics; all served territories retained as fractional transaction allocations,1.6,deterministic_hours_plus_legacy_normalized_workload
CAPCAL_36e046fde32c9a43,REP_d21d2dd167c5,Morris Garcia,MGR_eb86f856200b,Tracy Banks,TEAM_f144a6907dc4,Bravo,TERR_07a5ea4d7ed4,Bravo / Germany,1,1.0,TERR_07a5ea4d7ed4:1.00000000,2019-02-01,21,2.0,0.0,6.0,24.0,4.357902195702529,8.0,21,152.0,34.35790219570253,117.64209780429746,36.625,29.471536035299145,65.65,50.97301972966377,29.025000000000002,21.50148369436462,50.52648369436462,24.699848740395122,3.7410898922834686,98.06009555774982,83.35459617600229,83.35459617600229,0.5836910449866061,0.7002505821684373,-0.11655953718183121,19.125,2.75,49.8360655737705,0.6408410495468629,2.801717015935709,0.8468494398125074,low,low,False,False,synthetic_derived,42,251,335,251,183,7,283.5,396.0,283.0,194.0,13.0,2018-06-01,"distinct_customers: weight=0.4, training_median=283.5; transaction_count: weight=0.25, training_median=396; distinct_cities: weight=0.15, training_median=283; distinct_products: weight=0.1, training_median=194; distributor_count: weight=0.1, training_median=13",2014-01-05,active,senior,35,4,38.125,7.5,19.0,19.0,45.988839285714285,45.926339285714285,36.011160714285715,82,78,36.666666666666664,90.79638477569428,7.263710782055543,168.0,False,98.06009555774982,117.64209780429746,85.0,100.0,120.0,100.0,cadence_aligned_planned_visit_hours + cadence_aligned_planned_travel_hours + unplanned_required_coverage_hours + preparation_follow_up_buffer,cadence-aligned service attributed to servicing reps; uncovered obligations attributed to dynamic portfolio owners; observed excess retained as diagnostics; all served territories retained as fractional transaction allocations,1.6,deterministic_hours_plus_legacy_normalized_workload
CAPCAL_8d8a24c00837b03e,REP_db1cc40d477a,Erica Jones,MGR_5e1c70ff0ce6,James Goodwill,TEAM_a405eba78bf2,Alfa,TERR_b31415d90eb9,Alfa / Germany,1,1.0,TERR_b31415d90eb9:1.00000000,2019-02-01,21,1.0,1.0,11.0,24.0,4.265463055014284,8.0,21,152.0,39.26546305501429,112.7345369449857,38.6969246031746,30.26283713191041,67.08333333333333,51.692430142125836,28.38640873015873,21.429593010215427,49.816001740374155,20.17560720342961,3.6988146728576035,96.26619845359579,85.39193140126487,85.39193140126487,0.5730130860333082,0.6710389103868197,-0.09802582435351148,16.75,2.625,66.07594936708861,0.6168970015362433,2.406654961339895,0.8736252166816323,medium,medium,False,False,synthetic_derived,42,248,346,248,188,10,283.5,396.0,283.0,194.0,13.0,2018-06-01,"distinct_customers: weight=0.4, training_median=283.5; transaction_count: weight=0.25, training_median=396; distinct_cities: weight=0.15, training_median=283; distinct_products: weight=0.1, training_median=194; distributor_count: weight=0.1, training_median=13",2013-02-07,active,senior,40,13,49.375,24.375,33.625,32.625,49.05654761904762,46.72842261904762,34.94345238095238,84,77,10.76923076923077,89.13536893851462,7.130829515081169,168.0,False,96.26619845359579,112.7345369449857,85.0,100.0,120.0,100.0,cadence_aligned_planned_visit_hours + cadence_aligned_planned_travel_hours + unplanned_required_coverage_hours + preparation_follow_up_buffer,cadence-aligned service attributed to servicing reps; uncovered obligations attributed to dynamic portfolio owners; observed excess retained as diagnostics; all served territories retained as fractional transaction allocations,1.6,deterministic_hours_plus_legacy_normalized_workload
CAPCAL_4e75d8c53d39c001,REP_e7e9152643c7,Jessica Smith,MGR_31981a685b7e,Britanny Bold,TEAM_4f4a9410ffcd,Delta,TERR_49c0203db75f,Delta / Germany,1,1.0,TERR_49c0203db75f:1.00000000,2019-02-01,21,2.0,1.0,6.0,25.0,5.5789543439071325,8.0,21,144.0,36.578954343907135,107.42104565609287,39.35907738095238,30.855056359676507,67.86666666666666,52.192988455668974,28.507589285714285,21.337932095992468,49.84552138170675,19.676849573866093,1.2374999999999998,97.08226197965458,90.37545798098282,90.37545798098282,0.5778706070217534,0.6394109860481718,-0.0615403790264184,17.25,2.75,41.27659574468085,0.6303458951086098,3.595639332579799,0.8453154640517274,medium,medium,False,False,synthetic_derived,42,251,331,251,170,8,283.5,396.0,283.0,194.0,13.0,2018-06-01,"distinct_customers: weight=0.4, training_median=283.5; transaction_count: weight=0.25, training_median=396; distinct_cities: weight=0.15, training_median=283; distinct_products: weight=0.1, training_median=194; distributor_count: weight=0.1, training_median=13",2015-11-19,active,experienced,27,5,29.375,9.375,14.0,12.125,48.94940476190476,45.833333333333336,35.05059523809524,84,74,29.333333333333332,89.89098331449497,7.191278665159598,168.0,False,97.08226197965458,107.42104565609287,85.0,100.0,120.0,100.0,cadence_aligned_planned_visit_hours + cadence_aligned_planned_travel_hours + unplanned_required_coverage_hours + preparation_follow_up_buffer,cadence-aligned service attributed to servicing reps; uncovered obligations attributed to dynamic portfolio owners; observed excess retained as diagnostics; all served territories retained as fractional transaction allocations,1.6,deterministic_hours_plus_legacy_normalized_workload
CAPCAL_7119f0f168bcb0bb,REP_0dfc420450a6,Abigail Thompson,MGR_eb86f856200b,Tracy Banks,TEAM_f144a6907dc4,Bravo,TERR_07a5ea4d7ed4,Bravo / Germany,1,1.0,TERR_07a5ea4d7ed4:1.00000000,2019-03-01,21,2.0,2.0,5.0,26.0,5.516413731890887,8.0,21,136.0,36.516413731890886,99.48358626810912,38.55536954365079,32.03112456872514,67.51666666666667,53.70349602685943,28.961297123015875,21.672371458134293,50.63366858115017,60.66217514323614,0.0,141.74856279606104,142.48437165709672,142.48437165709672,0.843741445214649,0.59216420397684,0.251577241237809,48.625,0.875,63.64485981308411,0.6494558642905982,1.3629669499621253,0.9336496489255041,critical,critical,True,True,synthetic_derived,42,279,401,278,196,5,283.5,396.0,283.0,194.0,13.0,2018-06-01,"distinct_customers: weight=0.4, training_median=283.5; transaction_count: weight=0.25, training_median=396; distinct_cities: weight=0.15, training_median=283; distinct_products: weight=0.1, training_median=194; distributor_count: weight=0.1, training_median=13",2015-02-18,active,experienced,104,30,133.75,56.25,87.25,85.125,49.319940476190474,48.879464285714285,34.680059523809526,84,79,1.5555555555555556,131.24866925561207,10.499893540448966,168.0,False,141.74856279606104,99.48358626810912,85.0,100.0,120.0,100.0,cadence_aligned_planned_visit_hours + cadence_aligned_planned_travel_hours + unplanned_required_coverage_hours + preparation_follow_up_buffer,cadence-aligned service attributed to servicing reps; uncovered obligations attributed to dynamic portfolio owners; observed excess retained as diagnostics; all served territories retained as fractional transaction allocations,1.6,deterministic_hours_plus_legacy_normalized_workload
CAPCAL_569377d35a2daf74,REP_200ef690040c,Mary Gerrard,MGR_31981a685b7e,Britanny Bold,TEAM_4f4a9410ffcd,Delta,TERR_49c0203db75f,Delta / Germany,1,1.0,TERR_49c0203db75f:1.00000000,2019-03-01,21,0.0,1.0,10.0,21.0,7.842628080911093,8.0,21,160.0,38.84262808091109,121.15737191908892,35.3163566468254,27.037181772534204,67.61666666666666,51.01872872810272,32.30031001984127,23.98154695556852,56.28185697540979,50.09274764823004,4.920489673280443,121.44198895299681,100.23491515984514,100.23491515984514,0.7228689818630762,0.7211748328517198,0.0016941490113564495,39.625,4.5,63.771428571428565,0.6131956176558551,1.4631564934096002,0.933832136619831,high,high,True,True,synthetic_derived,42,279,398,279,199,5,283.5,396.0,283.0,194.0,13.0,2018-06-01,"distinct_customers: weight=0.4, training_median=283.5; transaction_count: weight=0.25, training_median=396; distinct_cities: weight=0.15, training_median=283; distinct_products: weight=0.1, training_median=194; distributor_count: weight=0.1, training_median=13",2015-01-06,active,experienced,83,26,109.375,48.75,70.875,69.75,44.092261904761905,45.27529761904762,39.907738095238095,84,81,9.230769230769232,112.44628606758964,8.995702885407171,168.0,False,121.44198895299681,121.15737191908892,85.0,100.0,120.0,100.0,cadence_aligned_planned_visit_hours + cadence_aligned_planned_travel_hours + unplanned_required_coverage_hours + preparation_follow_up_buffer,cadence-aligned service attributed to servicing reps; uncovered obligations attributed to dynamic portfolio owners; observed excess retained as diagnostics; all served territories retained as fractional transaction allocations,1.6,deterministic_hours_plus_legacy_normalized_workload
CAPCAL_c0ed53d80cae1279,REP_2234ec3bee93,Daniel Gates,MGR_4b97498897f6,Alisha Cordwell,TEAM_b9dd960c1753,Charlie,TERR_938541fb7311,Charlie / Germany,1,1.0,TERR_938541fb7311:1.00000000,2019-03-01,21,1.0,0.0,10.0,16.0,7.199015848382249,8.0,21,160.0,33.199015848382246,126.80098415161775,34.14260912698413,24.75662228134148,67.73333333333333,48.38710246460308,33.59072420634921,23.630480183261604,57.22120438961081,38.24337805201093,0.0,104.91401821716346,82.73911982553406,82.73911982553406,0.624488203673592,0.7547677628072486,-0.13027955913365652,31.375,0.875,68.22784810126582,0.5856255341122738,1.3450515156046596,0.9912539537137306,low,low,False,False,synthetic_derived,42,307,420,305,195,4,283.5,396.0,283.0,194.0,13.0,2018-06-01,"distinct_customers: weight=0.4, training_median=283.5; transaction_count: weight=0.25, training_median=396; distinct_cities: weight=0.15, training_median=283; distinct_products: weight=0.1, training_median=194; distributor_count: weight=0.1, training_median=13",2012-10-27,active,senior,78,28,98.75,52.5,69.25,67.375,42.273809523809526,40.294642857142854,41.726190476190474,84,75,1.6666666666666667,97.14260946033653,7.771408756826923,168.0,False,104.91401821716346,126.80098415161775,85.0,100.0,120.0,100.0,cadence_aligned_planned_visit_hours + cadence_aligned_planned_travel_hours + unplanned_required_coverage_hours + preparation_follow_up_buffer,cadence-aligned service attributed to servicing reps; uncovered obligations attributed to dynamic portfolio owners; observed excess retained as diagnostics; all served territories retained as fractional transaction allocations,1.6,deterministic_hours_plus_legacy_normalized_workload
CAPCAL_d7046171dcc33bcf,REP_56269a9759c4,Anne Wu,MGR_31981a685b7e,Britanny Bold,TEAM_4f4a9410ffcd,Delta,TERR_49c0203db75f,Delta / Germany,1,1.0,TERR_49c0203db75f:1.00000000,2019-03-01,21,0.0,2.0,11.0,18.0,4.693483082304869,8.0,21,152.0,33.693483082304866,118.30651691769513,37.26592261904762,28.59772406423835,67.91666666666667,51.10035931921952,30.650744047619046,22.502635254981175,53.15337930260022,40.21024102168032,6.300134352084605,114.55979872136359,96.83304158219947,96.83304158219947,0.6819035638176404,0.7042054578434234,-0.022301894025782976,35.625,7.25,65.03067484662577,0.6120862047701427,1.414318502732884,0.994096576889098,medium,medium,False,False,synthetic_derived,42,300,433,299,195,5,283.5,396.0,283.0,194.0,13.0,2018-06-01,"distinct_customers: weight=0.4, training_median=283.5; transaction_count: weight=0.25, training_median=396; distinct_cities: weight=0.15, training_median=283; distinct_products: weight=0.1, training_median=194; distributor_count: weight=0.1, training_median=13",2015-04-14,active,experienced,81,28,101.875,52.5,70.125,66.25,46.72172619047619,43.680059523809526,37.27827380952381,84,79,13.80952380952381,106.07388770496628,8.485911016397303,168.0,False,114.55979872136359,118.30651691769513,85.0,100.0,120.0,100.0,cadence_aligned_planned_visit_hours + cadence_aligned_planned_travel_hours + unplanned_required_coverage_hours + preparation_follow_up_buffer,cadence-aligned service attributed to servicing reps; uncovered obligations attributed to dynamic portfolio owners; observed excess retained as diagnostics; all served territories retained as fractional transaction allocations,1.6,deterministic_hours_plus_legacy_normalized_workload
CAPCAL_3bdecb19388b7eaa,REP_6003efb01f5e,Sheila Stones,MGR_31981a685b7e,Britanny Bold,TEAM_4f4a9410ffcd,Delta,TERR_49c0203db75f,Delta / Germany,1,1.0,TERR_49c0203db75f:1.00000000,2019-03-01,21,2.0,0.0,6.0,24.0,6.620538990512521,8.0,21,152.0,36.62053899051252,115.37946100948747,36.35969742063492,28.957068025048464,66.91666666666667,52.973174780474324,30.556969246031745,24.016106755425856,54.5730760014576,38.835645508430034,3.7358831036343894,112.4846038304425,97.49101169851458,97.49101169851458,0.6695512132764434,0.686782506008854,-0.01723129273241064,31.375,3.625,57.815126050420176,0.6367626994169593,1.8142678037168145,0.921828695746009,medium,medium,False,False,synthetic_derived,42,275,397,275,192,5,283.5,396.0,283.0,194.0,13.0,2018-06-01,"distinct_customers: weight=0.4, training_median=283.5; transaction_count: weight=0.25, training_median=396; distinct_cities: weight=0.15, training_median=283; distinct_products: weight=0.1, training_median=194; distributor_count: weight=0.1, training_median=13",2014-08-03,active,experienced,62,15,74.375,28.125,44.375,43.0,45.47544642857143,42.595238095238095,38.52455357142857,84,75,12.88888888888889,104.15241095411342,8.332192876329074,168.0,False,112.4846038304425,115.37946100948747,85.0,100.0,120.0,100.0,cadence_aligned_planned_visit_hours + cadence_aligned_planned_travel_hours + unplanned_required_coverage_hours + preparation_follow_up_buffer,cadence-aligned service attributed to servicing reps; uncovered obligations attributed to dynamic portfolio owners; observed excess retained as diagnostics; all served territories retained as fractional transaction allocations,1.6,deterministic_hours_plus_legacy_normalized_workload
CAPCAL_95fef512da106b11,REP_6daf09991b71,Jimmy Grey,MGR_4b97498897f6,Alisha Cordwell,TEAM_b9dd960c1753,Charlie,TERR_938541fb7311,Charlie / Germany,1,1.0,TERR_938541fb7311:1.00000000,2019-03-01,21,1.0,1.0,12.0,18.0,4.458754346368182,8.0,21,152.0,34.45875434636818,117.54124565363182,35.652901785714285,28.266901266796644,65.45,50.65972664780326,29.797098214285715,22.392825381006617,52.189923595292335,23.79742983125275,0.0,94.73461151446476,80.59690961045862,80.59690961045862,0.5638964971099093,0.6996502717478085,-0.13575377463789917,20.5,0.0,61.86046511627907,0.6167924684640499,2.0156300322226546,0.9230745705432419,low,low,False,False,synthetic_derived,42,276,391,276,198,5,283.5,396.0,283.0,194.0,13.0,2018-06-01,"distinct_customers: weight=0.4, training_median=283.5; transaction_count: weight=0.25, training_median=396; distinct_cities: weight=0.15, training_median=283; distinct_products: weight=0.1, training_median=194; distributor_count: weight=0.1, training_median=13",2012-08-25,active,senior,47,10,53.75,18.75,35.0,33.25,45.82886904761905,42.342261904761905,38.17113095238095,84,74,0.0,87.71723288376367,7.017378630701094,168.0,False,94.73461151446476,117.54124565363182,85.0,100.0,120.0,100.0,cadence_aligned_planned_visit_hours + cadence_aligned_planned_travel_hours + unplanned_required_coverage_hours + preparation_follow_up_buffer,cadence-aligned service attributed to servicing reps; uncovered obligations attributed to dynamic portfolio owners; observed excess retained as diagnostics; all served territories retained as fractional transaction allocations,1.6,deterministic_hours_plus_legacy_normalized_workload
CAPCAL_f91330edda38d500,REP_82f7cb811b80,Stella Given,MGR_4b97498897f6,Alisha Cordwell,TEAM_b9dd960c1753,Charlie,TERR_938541fb7311,Charlie / Germany,1,1.0,TERR_938541fb7311:1.00000000,2019-03-01,21,0.0,2.0,6.0,19.0,6.380153684422375,8.0,21,152.0,31.380153684422375,120.61984631557763,31.974888392857142,23.55135281141807,66.11666666666666,47.305122615716186,34.14177827380952,23.753769804298116,57.89554807810764,35.10779796742244,0.0,97.88476230543347,81.15145665941044,81.15145665941044,0.5826473946751992,0.717975275687962,-0.13532788101276283,29.125,0.875,59.827586206896555,0.5703554818917398,1.6046682345153027,0.9727740051829642,low,low,False,False,synthetic_derived,42,292,414,292,206,5,283.5,396.0,283.0,194.0,13.0,2018-06-01,"distinct_customers: weight=0.4, training_median=283.5; transaction_count: weight=0.25, training_median=396; distinct_cities: weight=0.15, training_median=283; distinct_products: weight=0.1, training_median=194; distributor_count: weight=0.1, training_median=13",2013-04-26,active,senior,61,18,72.5,33.75,45.25,43.375,41.292410714285715,38.72470238095238,42.707589285714285,84,76,2.5925925925925926,90.63403917169765,7.2507231337358125,168.0,False,97.88476230543347,120.61984631557763,85.0,100.0,120.0,100.0,cadence_aligned_planned_visit_hours + cadence_aligned_planned_travel_hours + unplanned_required_coverage_hours + preparation_follow_up_buffer,cadence-aligned service attributed to servicing reps; uncovered obligations attributed to dynamic portfolio owners; observed excess retained as diagnostics; all served territories retained as fractional transaction allocations,1.6,deterministic_hours_plus_legacy_normalized_workload
CAPCAL_8224185c3f6f90ec,REP_a132178ac1b8,Alan Ray,MGR_5e1c70ff0ce6,James Goodwill,TEAM_a405eba78bf2,Alfa,TERR_b31415d90eb9,Alfa / Germany,1,1.0,TERR_b31415d90eb9:1.00000000,2019-03-01,21,2.0,0.0,9.0,23.0,5.482674828652078,8.0,21,152.0,37.48267482865208,114.51732517134792,32.71331845238095,26.317286342864747,66.85,52.039556580841676,34.13668154761905,25.722270237976932,59.85895178559598,28.089878452224227,0.0,94.09012190726753,82.16234684706795,82.16234684706795,0.560060249448021,0.6816507450675472,-0.12159049561952617,21.875,0.0,46.96969696969697,0.6316035935931541,2.412567228391475,0.9727175004176145,low,low,False,False,synthetic_derived,42,298,411,297,188,5,283.5,396.0,283.0,194.0,13.0,2018-06-01,"distinct_customers: weight=0.4, training_median=283.5; transaction_count: weight=0.25, training_median=396; distinct_cities: weight=0.15, training_median=283; distinct_products: weight=0.1, training_median=194; distributor_count: weight=0.1, training_median=13",2012-12-18,active,senior,39,3,41.25,5.625,19.875,19.375,41.667410714285715,40.20386904761905,42.332589285714285,84,79,0.0,87.12048324746993,6.969638659797595,168.0,False,94.09012190726753,114.51732517134792,85.0,100.0,120.0,100.0,cadence_aligned_planned_visit_hours + cadence_aligned_planned_travel_hours + unplanned_required_coverage_hours + preparation_follow_up_buffer,cadence-aligned service attributed to servicing reps; uncovered obligations attributed to dynamic portfolio owners; observed excess retained as diagnostics; all served territories retained as fractional transaction allocations,1.6,deterministic_hours_plus_legacy_normalized_workload
CAPCAL_90e833bd97b14204,REP_bba68d031906,Steve Pepple,MGR_eb86f856200b,Tracy Banks,TEAM_f144a6907dc4,Bravo,TERR_07a5ea4d7ed4,Bravo / Germany,1,1.0,TERR_07a5ea4d7ed4:1.00000000,2019-03-01,21,0.0,1.0,5.0,19.0,5.756949427432712,8.0,21,160.0,29.756949427432712,130.24305057256728,34.411892361111114,27.74427461724483,67.06666666666666,53.03690469422385,32.654774305555556,25.29263007697902,57.94740438253457,34.323062734670025,1.0484972982199616,104.19756809006805,80.00240138111053,80.00240138111053,0.6202236195837384,0.7752562534081386,-0.15503263382440025,26.375,0.875,57.37373737373738,0.6449590086582557,2.0037993863474624,0.9034868807147898,low,low,False,False,synthetic_derived,42,268,396,268,184,5,283.5,396.0,283.0,194.0,13.0,2018-06-01,"distinct_customers: weight=0.4, training_median=283.5; transaction_count: weight=0.25, training_median=396; distinct_cities: weight=0.15, training_median=283; distinct_products: weight=0.1, training_median=194; distributor_count: weight=0.1, training_median=13",2016-09-24,active,experienced,52,13,61.875,24.375,35.5,35.5,43.017113095238095,42.74404761904762,40.982886904761905,84,77,3.5897435897435894,96.47922971302597,7.718338377042078,168.0,False,104.19756809006805,130.24305057256728,85.0,100.0,120.0,100.0,cadence_aligned_planned_visit_hours + cadence_aligned_planned_travel_hours + unplanned_required_coverage_hours + preparation_follow_up_buffer,cadence-aligned service attributed to servicing reps; uncovered obligations attributed to dynamic portfolio owners; observed excess retained as diagnostics; all served territories retained as fractional transaction allocations,1.6,deterministic_hours_plus_legacy_normalized_workload
CAPCAL_82c70827f116e513,REP_c56e2fba156a,Thompson Crawford,MGR_5e1c70ff0ce6,James Goodwill,TEAM_a405eba78bf2,Alfa,TERR_b31415d90eb9,Alfa / Germany,1,1.0,TERR_b31415d90eb9:1.00000000,2019-03-01,21,0.0,2.0,12.0,17.0,4.154132562318683,8.0,21,152.0,33.15413256231868,118.84586743768132,37.28624751984127,29.713016088909008,70.38333333333334,54.284090698252484,33.097085813492065,24.571074609343476,57.66816042283554,28.295963161756593,1.233501839421684,102.91884491214742,86.59858952698924,86.59858952698924,0.6126121720961156,0.7074158776052459,-0.09480370550913031,21.875,0.875,60.67415730337079,0.6549182239486635,2.1441426023364047,0.9247803871931104,medium,medium,False,False,synthetic_derived,42,272,406,272,198,5,283.5,396.0,283.0,194.0,13.0,2018-06-01,"distinct_customers: weight=0.4, training_median=283.5; transaction_count: weight=0.25, training_median=396; distinct_cities: weight=0.15, training_median=283; distinct_products: weight=0.1, training_median=194; distributor_count: weight=0.1, training_median=13",2014-02-24,active,senior,48,13,55.625,24.375,33.75,33.75,45.36904761904762,46.02827380952381,38.63095238095238,84,80,3.5897435897435894,95.29522677050687,7.6236181416405495,168.0,False,102.91884491214742,118.84586743768132,85.0,100.0,120.0,100.0,cadence_aligned_planned_visit_hours + cadence_aligned_planned_travel_hours + unplanned_required_coverage_hours + preparation_follow_up_buffer,cadence-aligned service attributed to servicing reps; uncovered obligations attributed to dynamic portfolio owners; observed excess retained as diagnostics; all served territories retained as fractional transaction allocations,1.6,deterministic_hours_plus_legacy_normalized_workload
CAPCAL_8a408e7e4ad4636e,REP_d21d2dd167c5,Morris Garcia,MGR_eb86f856200b,Tracy Banks,TEAM_f144a6907dc4,Bravo,TERR_07a5ea4d7ed4,Bravo / Germany,1,1.0,TERR_07a5ea4d7ed4:1.00000000,2019-03-01,21,2.0,1.0,6.0,24.0,4.536340713190569,8.0,21,144.0,34.53634071319057,109.46365928680943,37.08561507936508,27.704786925706642,69.08333333333333,51.40820003773798,31.997718253968255,23.703413112031335,55.70113136599959,22.597919093461627,1.2374999999999998,94.379386786416,86.21983533286547,86.21983533286547,0.5617820642048572,0.6515694005167229,-0.08978733631186564,17.625,0.875,59.130434782608695,0.6140374938679044,2.621649632956,0.8832036259932026,medium,medium,False,False,synthetic_derived,42,269,364,269,195,4,283.5,396.0,283.0,194.0,13.0,2018-06-01,"distinct_customers: weight=0.4, training_median=283.5; transaction_count: weight=0.25, training_median=396; distinct_cities: weight=0.15, training_median=283; distinct_products: weight=0.1, training_median=194; distributor_count: weight=0.1, training_median=13",2014-01-05,active,senior,36,9,43.125,16.875,25.5,25.5,45.11904761904762,45.14732142857143,38.88095238095238,84,80,5.185185185185185,87.38832109853334,6.991065687882667,168.0,False,94.379386786416,109.46365928680943,85.0,100.0,120.0,100.0,cadence_aligned_planned_visit_hours + cadence_aligned_planned_travel_hours + unplanned_required_coverage_hours + preparation_follow_up_buffer,cadence-aligned service attributed to servicing reps; uncovered obligations attributed to dynamic portfolio owners; observed excess retained as diagnostics; all served territories retained as fractional transaction allocations,1.6,deterministic_hours_plus_legacy_normalized_workload
CAPCAL_e61044f932f88799,REP_db1cc40d477a,Erica Jones,MGR_5e1c70ff0ce6,James Goodwill,TEAM_a405eba78bf2,Alfa,TERR_b31415d90eb9,Alfa / Germany,1,1.0,TERR_b31415d90eb9:1.00000000,2019-03-01,21,1.0,1.0,11.0,24.0,5.305362932065419,8.0,21,152.0,40.30536293206542,111.69463706793458,35.4585689484127,27.627860575222353,68.91666666666667,53.50695281688048,33.45809771825397,25.87909224165812,59.33718995991209,15.689027376601803,1.1892149599257111,85.0774934522558,76.16972102296212,76.16972102296212,0.5064136515015226,0.6648490301662773,-0.15843537866475466,12.5,0.875,64.91228070175438,0.6373580839543905,2.6586716703829936,0.9428172475660119,low,low,False,False,synthetic_derived,42,286,394,285,196,5,283.5,396.0,283.0,194.0,13.0,2018-06-01,"distinct_customers: weight=0.4, training_median=283.5; transaction_count: weight=0.25, training_median=396; distinct_cities: weight=0.15, training_median=283; distinct_products: weight=0.1, training_median=194; distributor_count: weight=0.1, training_median=13",2013-02-07,active,senior,32,8,35.625,15.0,23.125,23.125,43.34747023809524,42.40029761904762,40.65252976190476,84,77,5.833333333333333,78.77545690023685,6.302036552018948,168.0,False,85.0774934522558,111.69463706793458,85.0,100.0,120.0,100.0,cadence_aligned_planned_visit_hours + cadence_aligned_planned_travel_hours + unplanned_required_coverage_hours + preparation_follow_up_buffer,cadence-aligned service attributed to servicing reps; uncovered obligations attributed to dynamic portfolio owners; observed excess retained as diagnostics; all served territories retained as fractional transaction allocations,1.6,deterministic_hours_plus_legacy_normalized_workload
CAPCAL_baa4f08266bbfdce,REP_e7e9152643c7,Jessica Smith,MGR_31981a685b7e,Britanny Bold,TEAM_4f4a9410ffcd,Delta,TERR_49c0203db75f,Delta / Germany,1,1.0,TERR_49c0203db75f:1.00000000,2019-03-01,21,2.0,0.0,6.0,25.0,6.835499001360246,8.0,21,152.0,37.83549900136025,114.16450099863975,38.26925843253968,29.062236273873918,70.61666666666666,52.51559714816832,32.34740823412698,23.453360874294404,55.80076910842139,15.018772446554538,0.0,88.93828852520558,77.90362831460652,77.90362831460652,0.5293945745547951,0.6795506011823795,-0.15015602662758443,13.875,0.875,55.60000000000001,0.637323503387122,3.176367447328771,0.9235625093398945,low,low,False,False,synthetic_derived,42,279,398,279,194,4,283.5,396.0,283.0,194.0,13.0,2018-06-01,"distinct_customers: weight=0.4, training_median=283.5; transaction_count: weight=0.25, training_median=396; distinct_cities: weight=0.15, training_median=283; distinct_products: weight=0.1, training_median=194; distributor_count: weight=0.1, training_median=13",2015-11-19,active,experienced,28,8,31.25,15.0,19.25,17.375,45.60044642857143,44.43452380952381,38.39955357142857,84,80,5.833333333333333,82.35026715296813,6.58802137223745,168.0,False,88.93828852520558,114.16450099863975,85.0,100.0,120.0,100.0,cadence_aligned_planned_visit_hours + cadence_aligned_planned_travel_hours + unplanned_required_coverage_hours + preparation_follow_up_buffer,cadence-aligned service attributed to servicing reps; uncovered obligations attributed to dynamic portfolio owners; observed excess retained as diagnostics; all served territories retained as fractional transaction allocations,1.6,deterministic_hours_plus_legacy_normalized_workload
CAPCAL_c8632d5c5281bc04,REP_0dfc420450a6,Abigail Thompson,MGR_eb86f856200b,Tracy Banks,TEAM_f144a6907dc4,Bravo,TERR_07a5ea4d7ed4,Bravo / Germany,1,1.0,TERR_07a5ea4d7ed4:1.00000000,2019-04-01,21,2.0,0.0,5.0,26.0,8.554384402494966,8.0,21,152.0,39.55438440249497,112.44561559750503,42.83829365079365,33.54106058945378,69.4,53.874124896313305,26.56170634920635,20.33306430685952,46.894770656065866,43.78818728240514,3.7124999999999995,129.78094484446478,115.41663421454416,115.41663421454416,0.7725056240741951,0.6693191404613394,0.10318648361285565,36.5,3.5,71.92307692307692,0.6517158512682648,1.247893700427546,0.7484594814467437,high,high,True,True,synthetic_derived,42,232,288,232,166,4,283.5,396.0,283.0,194.0,13.0,2018-06-01,"distinct_customers: weight=0.4, training_median=283.5; transaction_count: weight=0.25, training_median=396; distinct_cities: weight=0.15, training_median=283; distinct_products: weight=0.1, training_median=194; distributor_count: weight=0.1, training_median=13",2015-02-18,active,experienced,104,28,130.0,52.5,95.875,93.5,51.46577380952381,49.270833333333336,31.53422619047619,83,77,6.666666666666667,120.16754152265258,9.613403321812207,168.0,False,129.78094484446478,112.44561559750503,85.0,100.0,120.0,100.0,cadence_aligned_planned_visit_hours + cadence_aligned_planned_travel_hours + unplanned_required_coverage_hours + preparation_follow_up_buffer,cadence-aligned service attributed to servicing reps; uncovered obligations attributed to dynamic portfolio owners; observed excess retained as diagnostics; all served territories retained as fractional transaction allocations,1.6,deterministic_hours_plus_legacy_normalized_workload
CAPCAL_837f3a60d7712557,REP_200ef690040c,Mary Gerrard,MGR_31981a685b7e,Britanny Bold,TEAM_4f4a9410ffcd,Delta,TERR_49c0203db75f,Delta / Germany,1,1.0,TERR_49c0203db75f:1.00000000,2019-04-01,21,0.0,2.0,10.0,21.0,4.303070242682222,8.0,21,152.0,35.303070242682224,116.69692975731778,30.30907738095238,24.133315904955072,54.03333333333333,41.94461420047688,23.724255952380954,17.811298295521805,41.53555424790276,49.886552696273476,8.438244572840912,112.6752616607554,96.553749867348,96.553749867348,0.6706860813140202,0.6946245818887963,-0.02393850057477609,40.125,7.375,58.311688311688314,0.6455789295063815,1.4084407707594424,0.7349052523842756,medium,medium,False,False,synthetic_derived,42,221,280,221,176,5,283.5,396.0,283.0,194.0,13.0,2018-06-01,"distinct_customers: weight=0.4, training_median=283.5; transaction_count: weight=0.25, training_median=396; distinct_cities: weight=0.15, training_median=283; distinct_products: weight=0.1, training_median=194; distributor_count: weight=0.1, training_median=13",2015-01-06,active,experienced,80,22,96.25,41.25,58.125,56.125,37.382440476190474,35.791666666666664,28.617559523809522,66,60,17.87878787878788,104.32894598218093,8.346315678574474,168.0,False,112.6752616607554,116.69692975731778,85.0,100.0,120.0,100.0,cadence_aligned_planned_visit_hours + cadence_aligned_planned_travel_hours + unplanned_required_coverage_hours + preparation_follow_up_buffer,cadence-aligned service attributed to servicing reps; uncovered obligations attributed to dynamic portfolio owners; observed excess retained as diagnostics; all served territories retained as fractional transaction allocations,1.6,deterministic_hours_plus_legacy_normalized_workload
CAPCAL_89eb918b3eecc2a7,REP_2234ec3bee93,Daniel Gates,MGR_4b97498897f6,Alisha Cordwell,TEAM_b9dd960c1753,Charlie,TERR_938541fb7311,Charlie / Germany,1,1.0,TERR_938541fb7311:1.00000000,2019-04-01,21,1.0,1.0,10.0,16.0,6.2668583967340385,8.0,21,152.0,32.26685839673404,119.73314160326596,36.317609126984124,27.346859801692187,62.2,45.97304177662885,25.882390873015872,18.626181974936657,44.50857284795253,43.56099351161108,7.584250091458584,115.80349943551039,96.71799961553135,96.71799961553135,0.6893065442589904,0.7126972714480116,-0.023390727189021243,35.625,6.5,62.98701298701299,0.5888016976943113,1.4658670814621568,0.7121905752171195,medium,medium,False,False,synthetic_derived,42,215,282,215,167,4,283.5,396.0,283.0,194.0,13.0,2018-06-01,"distinct_customers: weight=0.4, training_median=283.5; transaction_count: weight=0.25, training_median=396; distinct_cities: weight=0.15, training_median=283; distinct_products: weight=0.1, training_median=194; distributor_count: weight=0.1, training_median=13",2012-10-27,active,senior,79,20,96.25,37.5,62.875,60.625,46.444940476190474,45.104166666666664,32.555059523809526,79,74,17.333333333333336,107.2254624402874,8.578036995222993,168.0,False,115.80349943551039,119.73314160326596,85.0,100.0,120.0,100.0,cadence_aligned_planned_visit_hours + cadence_aligned_planned_travel_hours + unplanned_required_coverage_hours + preparation_follow_up_buffer,cadence-aligned service attributed to servicing reps; uncovered obligations attributed to dynamic portfolio owners; observed excess retained as diagnostics; all served territories retained as fractional transaction allocations,1.6,deterministic_hours_plus_legacy_normalized_workload
CAPCAL_f3d45a9e0199d4c7,REP_56269a9759c4,Anne Wu,MGR_31981a685b7e,Britanny Bold,TEAM_4f4a9410ffcd,Delta,TERR_49c0203db75f,Delta / Germany,1,1.0,TERR_49c0203db75f:1.00000000,2019-04-01,21,0.0,1.0,11.0,18.0,5.599132912811653,8.0,21,160.0,34.599132912811655,125.40086708718835,38.646006944444444,31.5441645289875,62.95,50.2510095291175,24.303993055555555,18.706845000130002,43.01083805568556,42.156774932410904,8.415103710100452,121.33470211831029,96.75746662417339,96.75746662417339,0.722230369751847,0.7464337326618354,-0.02420336290998848,35.25,7.375,57.27272727272727,0.6499763457357373,1.7089394664550746,0.708440355265304,medium,medium,False,False,synthetic_derived,42,218,262,218,158,5,283.5,396.0,283.0,194.0,13.0,2018-06-01,"distinct_customers: weight=0.4, training_median=283.5; transaction_count: weight=0.25, training_median=396; distinct_cities: weight=0.15, training_median=283; distinct_products: weight=0.1, training_median=194; distributor_count: weight=0.1, training_median=13",2015-04-14,active,experienced,71,21,82.5,39.375,49.25,47.25,48.53125,46.958333333333336,29.46875,78,73,18.73015873015873,112.34694640584286,8.987755712467429,168.0,False,121.33470211831029,125.40086708718835,85.0,100.0,120.0,100.0,cadence_aligned_planned_visit_hours + cadence_aligned_planned_travel_hours + unplanned_required_coverage_hours + preparation_follow_up_buffer,cadence-aligned service attributed to servicing reps; uncovered obligations attributed to dynamic portfolio owners; observed excess retained as diagnostics; all served territories retained as fractional transaction allocations,1.6,deterministic_hours_plus_legacy_normalized_workload
CAPCAL_3d67ead7107e2861,REP_6003efb01f5e,Sheila Stones,MGR_31981a685b7e,Britanny Bold,TEAM_4f4a9410ffcd,Delta,TERR_49c0203db75f,Delta / Germany,1,1.0,TERR_49c0203db75f:1.00000000,2019-04-01,21,2.0,2.0,6.0,24.0,5.464491452911576,8.0,21,136.0,35.464491452911574,100.53550854708843,36.015972222222224,29.123402986335982,60.7,49.010613079441036,24.68402777777778,19.887210093105057,44.57123787088283,31.273986640787587,2.3067196820219724,104.12643079729345,103.57179498278772,103.57179498278772,0.619800183317223,0.5984256461136216,0.021374537203601385,25.375,2.625,69.70149253731344,0.6517125143795465,1.5541258327954246,0.72877323158081,high,high,True,True,synthetic_derived,42,220,297,219,163,4,283.5,396.0,283.0,194.0,13.0,2018-06-01,"distinct_customers: weight=0.4, training_median=283.5; transaction_count: weight=0.25, training_median=396; distinct_cities: weight=0.15, training_median=283; distinct_products: weight=0.1, training_median=194; distributor_count: weight=0.1, training_median=13",2014-08-03,active,experienced,67,21,83.75,39.375,59.25,58.375,44.6875,44.479166666666664,31.3125,76,73,6.666666666666667,96.41336184934579,7.713068947947663,168.0,False,104.12643079729345,100.53550854708843,85.0,100.0,120.0,100.0,cadence_aligned_planned_visit_hours + cadence_aligned_planned_travel_hours + unplanned_required_coverage_hours + preparation_follow_up_buffer,cadence-aligned service attributed to servicing reps; uncovered obligations attributed to dynamic portfolio owners; observed excess retained as diagnostics; all served territories retained as fractional transaction allocations,1.6,deterministic_hours_plus_legacy_normalized_workload
CAPCAL_29fc6f9d42016384,REP_6daf09991b71,Jimmy Grey,MGR_4b97498897f6,Alisha Cordwell,TEAM_b9dd960c1753,Charlie,TERR_938541fb7311,Charlie / Germany,1,1.0,TERR_938541fb7311:1.00000000,2019-04-01,21,1.0,2.0,12.0,18.0,5.42421044564918,8.0,21,144.0,35.42421044564918,108.57578955435082,35.70726686507937,26.962562526651237,56.05,41.81508065420201,20.342733134920636,14.852518127550779,35.195251262471416,33.263947190817305,7.179482020624466,103.60847870915174,95.42502903677936,95.42502903677936,0.6167171351735222,0.6462844616330405,-0.029567326459518317,26.75,6.25,58.44660194174758,0.5907290694414981,1.918675531650958,0.6960248836959462,medium,medium,False,False,synthetic_derived,42,214,266,214,159,4,283.5,396.0,283.0,194.0,13.0,2018-06-01,"distinct_customers: weight=0.4, training_median=283.5; transaction_count: weight=0.25, training_median=396; distinct_cities: weight=0.15, training_median=283; distinct_products: weight=0.1, training_median=194; distributor_count: weight=0.1, training_median=13",2012-08-25,active,senior,54,13,64.375,24.375,38.5,37.625,45.642857142857146,43.635416666666664,26.357142857142858,72,68,25.64102564102564,95.9337765825479,7.674702126603833,168.0,False,103.60847870915174,108.57578955435082,85.0,100.0,120.0,100.0,cadence_aligned_planned_visit_hours + cadence_aligned_planned_travel_hours + unplanned_required_coverage_hours + preparation_follow_up_buffer,cadence-aligned service attributed to servicing reps; uncovered obligations attributed to dynamic portfolio owners; observed excess retained as diagnostics; all served territories retained as fractional transaction allocations,1.6,deterministic_hours_plus_legacy_normalized_workload
CAPCAL_b748175e64b57d4a,REP_82f7cb811b80,Stella Given,MGR_4b97498897f6,Alisha Cordwell,TEAM_b9dd960c1753,Charlie,TERR_938541fb7311,Charlie / Germany,1,1.0,TERR_938541fb7311:1.00000000,2019-04-01,21,0.0,1.0,6.0,19.0,5.624228969062899,8.0,21,160.0,30.624228969062898,129.3757710309371,42.033457341269845,31.782729938310844,67.15,50.62549327859403,25.116542658730157,18.842763340283184,43.959305999013345,34.65951486918115,6.869736768807131,117.15375832066279,90.55308995426066,90.55308995426066,0.6973437995277547,0.7700938751841494,-0.07275007565639469,30.375,7.125,65.28571428571428,0.6078318207793525,1.6978805553719245,0.7508486782903014,medium,medium,False,False,synthetic_derived,42,228,300,228,171,4,283.5,396.0,283.0,194.0,13.0,2018-06-01,"distinct_customers: weight=0.4, training_median=283.5; transaction_count: weight=0.25, training_median=396; distinct_cities: weight=0.15, training_median=283; distinct_products: weight=0.1, training_median=194; distributor_count: weight=0.1, training_median=13",2013-04-26,active,senior,69,23,87.5,43.125,60.25,57.125,52.288690476190474,51.083333333333336,31.711309523809522,84,79,16.52173913043478,108.47570214876184,8.678056171900947,168.0,False,117.15375832066279,129.3757710309371,85.0,100.0,120.0,100.0,cadence_aligned_planned_visit_hours + cadence_aligned_planned_travel_hours + unplanned_required_coverage_hours + preparation_follow_up_buffer,cadence-aligned service attributed to servicing reps; uncovered obligations attributed to dynamic portfolio owners; observed excess retained as diagnostics; all served territories retained as fractional transaction allocations,1.6,deterministic_hours_plus_legacy_normalized_workload
CAPCAL_2ddbd68d4476b0b2,REP_a132178ac1b8,Alan Ray,MGR_5e1c70ff0ce6,James Goodwill,TEAM_a405eba78bf2,Alfa,TERR_b31415d90eb9,Alfa / Germany,1,1.0,TERR_b31415d90eb9:1.00000000,2019-04-01,21,2.0,0.0,9.0,23.0,8.765603246018829,8.0,21,152.0,40.76560324601883,111.23439675398117,42.4359375,33.45784665748548,66.75,51.665283752899825,24.3140625,18.20743709541434,42.52149959541434,17.303492581547427,4.949999999999999,100.65305887815555,90.4873508693282,90.4873508693282,0.5991253504652116,0.6621095044879832,-0.06298415402277158,14.375,4.375,73.25581395348837,0.637039523823603,2.4549526555647696,0.705988256741417,medium,medium,False,False,synthetic_derived,42,216,274,216,161,4,283.5,396.0,283.0,194.0,13.0,2018-06-01,"distinct_customers: weight=0.4, training_median=283.5; transaction_count: weight=0.25, training_median=396; distinct_cities: weight=0.15, training_median=283; distinct_products: weight=0.1, training_median=194; distributor_count: weight=0.1, training_median=13",2012-12-18,active,senior,41,12,53.75,22.5,40.5,39.375,52.520833333333336,52.1875,29.479166666666664,82,77,19.444444444444446,93.19727673903292,7.4557821391226335,168.0,False,100.65305887815555,111.23439675398117,85.0,100.0,120.0,100.0,cadence_aligned_planned_visit_hours + cadence_aligned_planned_travel_hours + unplanned_required_coverage_hours + preparation_follow_up_buffer,cadence-aligned service attributed to servicing reps; uncovered obligations attributed to dynamic portfolio owners; observed excess retained as diagnostics; all served territories retained as fractional transaction allocations,1.6,deterministic_hours_plus_legacy_normalized_workload
CAPCAL_f69ec74bcdaecc04,REP_bba68d031906,Steve Pepple,MGR_eb86f856200b,Tracy Banks,TEAM_f144a6907dc4,Bravo,TERR_07a5ea4d7ed4,Bravo / Germany,1,1.0,TERR_07a5ea4d7ed4:1.00000000,2019-04-01,21,0.0,1.0,5.0,19.0,7.473460839226582,8.0,21,160.0,31.473460839226583,128.5265391607734,39.546875,31.99290771887432,58.85,48.542501774673916,19.303125,16.5495940557996,35.8527190557996,23.534183224875797,2.4749999999999996,102.67988321925013,79.89002418466136,79.89002418466136,0.6111897810669651,0.7650389235760322,-0.15384914250906712,19.5,2.625,66.45161290322581,0.6493275139560115,2.184678366367024,0.7390854272229268,low,low,False,False,synthetic_derived,42,228,283,228,169,4,283.5,396.0,283.0,194.0,13.0,2018-06-01,"distinct_customers: weight=0.4, training_median=283.5; transaction_count: weight=0.25, training_median=396; distinct_cities: weight=0.15, training_median=283; distinct_products: weight=0.1, training_median=194; distributor_count: weight=0.1, training_median=13",2016-09-24,active,experienced,47,15,58.125,28.125,39.75,38.625,49.270833333333336,48.833333333333336,25.729166666666664,75,72,9.333333333333334,95.07396594375012,7.60591727550001,168.0,False,102.67988321925013,128.5265391607734,85.0,100.0,120.0,100.0,cadence_aligned_planned_visit_hours + cadence_aligned_planned_travel_hours + unplanned_required_coverage_hours + preparation_follow_up_buffer,cadence-aligned service attributed to servicing reps; uncovered obligations attributed to dynamic portfolio owners; observed excess retained as diagnostics; all served territories retained as fractional transaction allocations,1.6,deterministic_hours_plus_legacy_normalized_workload
CAPCAL_544e6d333b9b3ee6,REP_c56e2fba156a,Thompson Crawford,MGR_5e1c70ff0ce6,James Goodwill,TEAM_a405eba78bf2,Alfa,TERR_b31415d90eb9,Alfa / Germany,1,1.0,TERR_b31415d90eb9:1.00000000,2019-04-01,21,0.0,1.0,12.0,17.0,5.875845303831907,8.0,21,160.0,34.87584530383191,125.12415469616809,38.68474702380952,30.083367915131124,65.98333333333333,51.827419496007835,27.29858630952381,21.74405158087671,49.04263789040052,21.789808323878315,1.2374999999999998,97.80255712384448,78.16440987060643,78.16440987060643,0.5821580781181219,0.7447866350962387,-0.16262855697811673,17.5,0.875,56.92307692307692,0.6191168725375346,2.507757874970371,0.7230204148239922,low,low,False,False,synthetic_derived,42,222,276,222,169,4,283.5,396.0,283.0,194.0,13.0,2018-06-01,"distinct_customers: weight=0.4, training_median=283.5; transaction_count: weight=0.25, training_median=396; distinct_cities: weight=0.15, training_median=283; distinct_products: weight=0.1, training_median=194; distributor_count: weight=0.1, training_median=13",2014-02-24,active,senior,39,5,40.625,9.375,23.375,23.125,48.59077380952381,46.791666666666664,35.40922619047619,84,75,9.333333333333334,90.55792326281896,7.244633861025517,168.0,False,97.80255712384448,125.12415469616809,85.0,100.0,120.0,100.0,cadence_aligned_planned_visit_hours + cadence_aligned_planned_travel_hours + unplanned_required_coverage_hours + preparation_follow_up_buffer,cadence-aligned service attributed to servicing reps; uncovered obligations attributed to dynamic portfolio owners; observed excess retained as diagnostics; all served territories retained as fractional transaction allocations,1.6,deterministic_hours_plus_legacy_normalized_workload
CAPCAL_e2f00d0d9940d962,REP_d21d2dd167c5,Morris Garcia,MGR_eb86f856200b,Tracy Banks,TEAM_f144a6907dc4,Bravo,TERR_07a5ea4d7ed4,Bravo / Germany,1,1.0,TERR_07a5ea4d7ed4:1.00000000,2019-04-01,21,2.0,0.0,6.0,24.0,5.991448916924425,8.0,21,152.0,35.991448916924426,116.00855108307557,32.85225694444444,25.581020842908565,57.93333333333333,44.23652417915459,25.08107638888889,18.65550333624603,43.736579725134916,22.867434778527695,3.6383842931046284,87.80476957115116,75.68818742359153,75.68818742359153,0.5226474379235188,0.6905270897802117,-0.16787965185669296,18.875,2.625,56.231884057971016,0.6032370427214989,2.439021376976421,0.6800488962926884,low,low,False,False,synthetic_derived,42,211,254,211,154,4,283.5,396.0,283.0,194.0,13.0,2018-06-01,"distinct_customers: weight=0.4, training_median=283.5; transaction_count: weight=0.25, training_median=396; distinct_cities: weight=0.15, training_median=283; distinct_products: weight=0.1, training_median=194; distributor_count: weight=0.1, training_median=13",2014-01-05,active,senior,36,9,43.125,16.875,25.25,24.25,42.40625,40.947916666666664,31.59375,74,69,15.555555555555555,81.3007125658807,6.5040570052704565,168.0,False,87.80476957115116,116.00855108307557,85.0,100.0,120.0,100.0,cadence_aligned_planned_visit_hours + cadence_aligned_planned_travel_hours + unplanned_required_coverage_hours + preparation_follow_up_buffer,cadence-aligned service attributed to servicing reps; uncovered obligations attributed to dynamic portfolio owners; observed excess retained as diagnostics; all served territories retained as fractional transaction allocations,1.6,deterministic_hours_plus_legacy_normalized_workload
CAPCAL_a6ede9613fc560a2,REP_db1cc40d477a,Erica Jones,MGR_5e1c70ff0ce6,James Goodwill,TEAM_a405eba78bf2,Alfa,TERR_b31415d90eb9,Alfa / Germany,1,1.0,TERR_b31415d90eb9:1.00000000,2019-04-01,21,1.0,1.0,11.0,24.0,7.145453078813771,8.0,21,152.0,42.14545307881377,109.85454692118623,39.341121031746034,29.932774735960358,69.45,52.77108760188808,30.10887896825397,22.83831286592772,52.94719183418169,15.763397304265432,2.3696518831437734,91.84027651772956,83.60170706781871,83.60170706781871,0.5466683126055332,0.6538961126261085,-0.1072278000205753,13.625,2.625,68.40579710144927,0.6303414064919732,2.624007900506559,0.6988136952432424,low,low,False,False,synthetic_derived,42,210,277,210,166,4,283.5,396.0,283.0,194.0,13.0,2018-06-01,"distinct_customers: weight=0.4, training_median=283.5; transaction_count: weight=0.25, training_median=396; distinct_cities: weight=0.15, training_median=283; distinct_products: weight=0.1, training_median=194; distributor_count: weight=0.1, training_median=13",2013-02-07,active,senior,35,12,43.125,22.5,30.625,29.5,47.486607142857146,44.239583333333336,36.513392857142854,84,74,11.666666666666666,85.03729307197182,6.802983445757746,168.0,False,91.84027651772956,109.85454692118623,85.0,100.0,120.0,100.0,cadence_aligned_planned_visit_hours + cadence_aligned_planned_travel_hours + unplanned_required_coverage_hours + preparation_follow_up_buffer,cadence-aligned service attributed to servicing reps; uncovered obligations attributed to dynamic portfolio owners; observed excess retained as diagnostics; all served territories retained as fractional transaction allocations,1.6,deterministic_hours_plus_legacy_normalized_workload
CAPCAL_ea74cbebc4be3252,REP_e7e9152643c7,Jessica Smith,MGR_31981a685b7e,Britanny Bold,TEAM_4f4a9410ffcd,Delta,TERR_49c0203db75f,Delta / Germany,1,1.0,TERR_49c0203db75f:1.00000000,2019-04-01,21,2.0,0.0,6.0,25.0,8.591355264757038,8.0,21,152.0,39.59135526475704,112.40864473524296,28.15017361111111,23.329128348040115,50.6,41.33387441308694,22.449826388888887,18.004746065046824,40.45457245393571,19.017917796890625,5.118088919602274,76.13699733652521,67.73233278975236,67.73233278975236,0.45319641271741196,0.6690990758050176,-0.21590266308760564,14.875,3.75,55.925925925925924,0.6519931066701168,2.62541370125949,0.6306202370985986,low,low,False,False,synthetic_derived,42,189,245,188,153,4,283.5,396.0,283.0,194.0,13.0,2018-06-01,"distinct_customers: weight=0.4, training_median=283.5; transaction_count: weight=0.25, training_median=396; distinct_cities: weight=0.15, training_median=283; distinct_products: weight=0.1, training_median=194; distributor_count: weight=0.1, training_median=13",2015-11-19,active,experienced,29,8,33.75,15.0,18.875,18.875,35.78125,35.052083333333336,28.21875,64,60,25.0,70.49721975604186,5.639777580483349,168.0,False,76.13699733652521,112.40864473524296,85.0,100.0,120.0,100.0,cadence_aligned_planned_visit_hours + cadence_aligned_planned_travel_hours + unplanned_required_coverage_hours + preparation_follow_up_buffer,cadence-aligned service attributed to servicing reps; uncovered obligations attributed to dynamic portfolio owners; observed excess retained as diagnostics; all served territories retained as fractional transaction allocations,1.6,deterministic_hours_plus_legacy_normalized_workload
