observation_id,model,feature,contribution
obs_e23e597521391cf3,Autoencoder,latitude_dispersion,0.7261022291596181
obs_e23e597521391cf3,Autoencoder,distributor_concentration,0.28307368193631693
obs_e23e597521391cf3,Autoencoder,product_concentration,0.17199183991086614
obs_615f1e87ef3d13b8,Autoencoder,distributor_mix_change,0.9916386397768385
obs_615f1e87ef3d13b8,Autoencoder,channel_mix,0.5530991033662855
obs_615f1e87ef3d13b8,Autoencoder,latitude_dispersion,0.4509805565310761
obs_e34700c8cd07293a,Autoencoder,latitude_dispersion,2.313867441042515
obs_e34700c8cd07293a,Autoencoder,product_mix_change,0.5807907168337593
obs_e34700c8cd07293a,Autoencoder,distributor_mix_change,0.3555521183329109
obs_99444d4e9650045b,Autoencoder,total_quantity_rolling_MAD,0.6275264845427164
obs_99444d4e9650045b,Autoencoder,total_sales_rolling_MAD,0.45836951685191446
obs_99444d4e9650045b,Autoencoder,simulated_actual_payout_rolling_MAD,0.32353351221069515
obs_b860fa3f27bce88a,Autoencoder,simulated_actual_payout_rolling_std,0.4643714051421879
obs_b860fa3f27bce88a,Autoencoder,distinct_customers_lag_2,0.40692217632137584
obs_b860fa3f27bce88a,Autoencoder,channel_mix,0.2929873342895544
obs_614d2c48e59c5a11,Autoencoder,product_class_share,2.082006236635022
obs_614d2c48e59c5a11,Autoencoder,simulated_actual_payout_peer_country_product_class_relative,1.1024960823125838
obs_614d2c48e59c5a11,Autoencoder,simulated_actual_payout_product_class_relative,1.0141000683875443
obs_2b54b4193131acb6,Autoencoder,distributor_mix_change,1.9336173399786314
obs_2b54b4193131acb6,Autoencoder,product_class_share,0.6947753502517164
obs_2b54b4193131acb6,Autoencoder,distinct_customers_lag_6,0.6830098333187444
obs_1f48c1ee3e71a112,Autoencoder,latitude_dispersion,1.3148653477289713
obs_1f48c1ee3e71a112,Autoencoder,distributor_concentration,1.1981875536562665
obs_1f48c1ee3e71a112,Autoencoder,customer_loss_rate,0.7677303941685075
obs_fac9a84a13517c49,Autoencoder,distinct_customers_rolling_MAD,1.290852469138386
obs_fac9a84a13517c49,Autoencoder,total_quantity_product_class_relative,1.0980785489060936
obs_fac9a84a13517c49,Autoencoder,total_quantity_peer_country_product_class_relative,1.0687987313835983
obs_0d38ba308d8034c2,Autoencoder,channel_mix,0.7762036396992105
obs_0d38ba308d8034c2,Autoencoder,latitude_dispersion,0.6564960741717695
obs_0d38ba308d8034c2,Autoencoder,simulated_actual_payout_trend,0.526079764559994
obs_61ac42657d7331dd,Autoencoder,customer_loss_rate,0.5902602660322399
obs_61ac42657d7331dd,Autoencoder,simulated_actual_payout_peer_percentile,0.46533997256365817
obs_61ac42657d7331dd,Autoencoder,simulated_actual_payout_rolling_mean_3,0.4418041965982975
obs_43a512da6ca25bcc,Autoencoder,latitude_dispersion,5.7084214507338515
obs_43a512da6ca25bcc,Autoencoder,total_quantity_lag_3,0.9730579761527491
obs_43a512da6ca25bcc,Autoencoder,channel_mix,0.629690836990526
obs_1753f2f158ae70ac,Autoencoder,subchannel_mix,1.122231584260043
obs_1753f2f158ae70ac,Autoencoder,product_concentration,1.0305784137840692
obs_1753f2f158ae70ac,Autoencoder,distinct_customers_rolling_MAD,0.6836774047208988
obs_f515e3cb78631885,Autoencoder,total_quantity_rolling_MAD,1.3824258468523012
obs_f515e3cb78631885,Autoencoder,distinct_customers_rolling_MAD,0.8250721189477522
obs_f515e3cb78631885,Autoencoder,total_quantity_rolling_std,0.640027430682579
obs_1fc0b0ecd7830d62,Autoencoder,total_quantity_team_relative,0.8843750199593725
obs_1fc0b0ecd7830d62,Autoencoder,total_quantity_lag_6,0.5366981560350038
obs_1fc0b0ecd7830d62,Autoencoder,simulated_actual_payout_lag_6,0.4912460745938558
obs_d814e046eaa60d15,Autoencoder,country_mix,0.7414660021685487
obs_d814e046eaa60d15,Autoencoder,distributor_concentration,0.7045553248018793
obs_d814e046eaa60d15,Autoencoder,total_sales_rolling_std,0.6503365851853554
obs_76bde88d2475a77f,Autoencoder,latitude_dispersion,0.8482462732482595
obs_76bde88d2475a77f,Autoencoder,distinct_customers_rolling_MAD,0.6827005802164604
obs_76bde88d2475a77f,Autoencoder,distributor_concentration,0.6030906651778902
obs_03a31da4d41327a0,Autoencoder,simulated_actual_payout_lag_12,2.054642059110595
obs_03a31da4d41327a0,Autoencoder,total_sales_lag_12,2.0443493254571528
obs_03a31da4d41327a0,Autoencoder,total_quantity_lag_12,1.1137090908955949
obs_33d19603a3759bab,Autoencoder,distributor_mix_change,3.856070062363115
obs_33d19603a3759bab,Autoencoder,total_quantity_lag_12,1.109695131176572
obs_33d19603a3759bab,Autoencoder,total_sales_lag_12,1.0490398488435748
obs_791d08d7ef65ea42,Autoencoder,simulated_actual_payout_peer_median,3.3186763923535425
obs_791d08d7ef65ea42,Autoencoder,distributor_concentration,2.8211592776474745
obs_791d08d7ef65ea42,Autoencoder,simulated_actual_payout_year_over_year_growth,2.713822503354861
obs_5a95dfdf8550b3c1,Autoencoder,total_quantity_lag_12,2.206652395676396
obs_5a95dfdf8550b3c1,Autoencoder,total_sales_lag_12,1.7724701932744082
obs_5a95dfdf8550b3c1,Autoencoder,distinct_customers_rolling_MAD,1.083176579397175
obs_0011949b2bb7fbcd,Autoencoder,new_customers,5.354008263382533
obs_0011949b2bb7fbcd,Autoencoder,total_quantity_rolling_std,1.610463149310549
obs_0011949b2bb7fbcd,Autoencoder,simulated_actual_payout_year_over_year_growth,1.5095453107186574
obs_063693637ef59cce,Autoencoder,distributor_mix_change,3.356598796670861
obs_063693637ef59cce,Autoencoder,new_customers,2.7434298219835083
obs_063693637ef59cce,Autoencoder,latitude_dispersion,2.497920119600642
obs_1b443ebac94ac4d4,Autoencoder,simulated_actual_payout_lag_12,0.7279717052203587
obs_1b443ebac94ac4d4,Autoencoder,distributor_concentration,0.7123715455852019
obs_1b443ebac94ac4d4,Autoencoder,new_customers,0.5772941884765179
obs_b5b4c5d2b06e9f98,Autoencoder,distributor_count,3.4220037789977242
obs_b5b4c5d2b06e9f98,Autoencoder,distinct_customers_history_deviation,2.208832735991611
obs_b5b4c5d2b06e9f98,Autoencoder,total_quantity_peer_median,1.7978858607681802
obs_b06ed11f42fcfbdf,Autoencoder,distinct_customers_rolling_std,3.3463600790769235
obs_b06ed11f42fcfbdf,Autoencoder,latitude_dispersion,3.2275498545356203
obs_b06ed11f42fcfbdf,Autoencoder,distributor_count,2.653125144662752
obs_2df2349d5d6d4af1,Autoencoder,new_customers,6.834870488221623
obs_2df2349d5d6d4af1,Autoencoder,distinct_customers_rolling_MAD,6.744267423401992
obs_2df2349d5d6d4af1,Autoencoder,distinct_customers_lag_2,3.268154417699843
obs_62f13cc5df51a157,Autoencoder,new_customers,13.890952836670007
obs_62f13cc5df51a157,Autoencoder,distinct_customers_rolling_MAD,5.4167099772870255
obs_62f13cc5df51a157,Autoencoder,distinct_customers_rolling_std,3.784724103252534
obs_43336d845ea431bc,Autoencoder,total_sales_team_relative,0.2089626056033893
obs_43336d845ea431bc,Autoencoder,simulated_payout_to_sales_ratio,0.20834986007385137
obs_43336d845ea431bc,Autoencoder,distinct_customers_team_relative,0.17841197533121061
obs_baf5625da2096882,Autoencoder,subchannel_mix,1.5102392506371536
obs_baf5625da2096882,Autoencoder,distributor_concentration,0.6185607327676707
obs_baf5625da2096882,Autoencoder,product_breadth_change,0.40698398625481563
obs_c6bc5c9e95ff4666,Autoencoder,total_sales_rolling_std,2.043287578799188
obs_c6bc5c9e95ff4666,Autoencoder,subchannel_mix,1.7497635557076103
obs_c6bc5c9e95ff4666,Autoencoder,product_breadth_change,1.5068448650214814
obs_de9e824837a99403,Autoencoder,latitude_dispersion,2.109940874540793
obs_de9e824837a99403,Autoencoder,distinct_customers_rolling_MAD,2.0299516301181026
obs_de9e824837a99403,Autoencoder,distributor_concentration,0.6011622956206456
obs_e3f6a3859fd7ad45,Autoencoder,channel_mix,2.2523192795597264
obs_e3f6a3859fd7ad45,Autoencoder,latitude_dispersion,1.1390545108112877
obs_e3f6a3859fd7ad45,Autoencoder,simulated_actual_payout_rolling_std,1.0622842952073686
obs_b5111b97e6ed38c7,Autoencoder,latitude_dispersion,8.803322184676334
obs_b5111b97e6ed38c7,Autoencoder,product_mix_change,1.5857649958162017
obs_b5111b97e6ed38c7,Autoencoder,simulated_actual_payout_rolling_std,1.562181165156928
obs_05c6a0c0b9d9e885,Autoencoder,customer_loss_rate,0.5791448303220087
obs_05c6a0c0b9d9e885,Autoencoder,simulated_actual_payout_rolling_std,0.5483760472827366
obs_05c6a0c0b9d9e885,Autoencoder,channel_mix,0.5095795176806864
obs_de55c5814290b874,Autoencoder,distributor_concentration,2.4717238513876936
obs_de55c5814290b874,Autoencoder,customer_loss_rate,1.8162457017856801
obs_de55c5814290b874,Autoencoder,simulated_actual_payout_rolling_std,0.8068324617964749
obs_70f1c06cda49ce50,Autoencoder,distributor_mix_change,0.5106738717913731
obs_70f1c06cda49ce50,Autoencoder,customer_loss_rate,0.4245694103737347
obs_70f1c06cda49ce50,Autoencoder,total_quantity_rolling_std,0.3415759529889567
obs_309b62ebed7b301b,Autoencoder,customer_loss_rate,1.3697896161327894
obs_309b62ebed7b301b,Autoencoder,simulated_actual_payout_peer_z,0.5674156179447526
obs_309b62ebed7b301b,Autoencoder,total_sales_peer_z,0.43959718431865746
obs_a202012c4ef24643,Autoencoder,latitude_dispersion,2.6854133214137303
obs_a202012c4ef24643,Autoencoder,distributor_concentration,2.607628490578467
obs_a202012c4ef24643,Autoencoder,distributor_count,0.9926837108043247
obs_2efdc8c5fbd6df78,Autoencoder,distributor_mix_change,0.7431722777123455
obs_2efdc8c5fbd6df78,Autoencoder,product_class_share,0.7042427324286791
obs_2efdc8c5fbd6df78,Autoencoder,new_customers,0.6038525512107066
obs_0cadaa8e09752462,Autoencoder,latitude_dispersion,0.8331768046686799
obs_0cadaa8e09752462,Autoencoder,total_sales_year_over_year_growth,0.7616217826613495
obs_0cadaa8e09752462,Autoencoder,simulated_actual_payout_rolling_std,0.6502823335614831
obs_4d5cbeb7f46f0e31,Autoencoder,channel_mix,1.3786304080835414
obs_4d5cbeb7f46f0e31,Autoencoder,distinct_customers_lag_2,1.0867853096351638
obs_4d5cbeb7f46f0e31,Autoencoder,simulated_actual_payout_peer_median,0.8940553812890775
obs_9803f0acde4e76f3,Autoencoder,product_mix_change,0.905443818855648
obs_9803f0acde4e76f3,Autoencoder,country_mix,0.6588599358013906
obs_9803f0acde4e76f3,Autoencoder,distributor_mix_change,0.4775837441080357
obs_e1b37c675c3003b1,Autoencoder,total_quantity_history_deviation,0.5211212863899414
obs_e1b37c675c3003b1,Autoencoder,total_sales_history_deviation,0.499164176427863
obs_e1b37c675c3003b1,Autoencoder,dominant_product_share,0.4659322729938918
obs_0b498f5343e84a61,Autoencoder,latitude_dispersion,1.4910182142368282
obs_0b498f5343e84a61,Autoencoder,total_quantity_lag_12,0.4164121269137609
obs_0b498f5343e84a61,Autoencoder,country_mix,0.39977767012350757
obs_d7a2b25a8cdc5b6a,Autoencoder,distributor_concentration,0.92152123221922
obs_d7a2b25a8cdc5b6a,Autoencoder,total_quantity_acceleration,0.786202345235266
obs_d7a2b25a8cdc5b6a,Autoencoder,distinct_customers_rolling_MAD,0.7292870540232622
obs_2a80e8723ccdd491,Autoencoder,distinct_customers_rolling_std,1.523794083834092
obs_2a80e8723ccdd491,Autoencoder,distinct_customers_rolling_MAD,1.313016914450102
obs_2a80e8723ccdd491,Autoencoder,distributor_concentration,0.6769541279451773
obs_c32b47f34eec76af,Autoencoder,distinct_customers_rolling_std,2.011704779153888
obs_c32b47f34eec76af,Autoencoder,product_mix_change,1.8936959436791696
obs_c32b47f34eec76af,Autoencoder,total_quantity_peer_country_product_class_relative,1.1559589834803283
obs_d537f23061649c08,Autoencoder,distinct_customers_lag_6,1.1658317332893995
obs_d537f23061649c08,Autoencoder,distinct_customers_rolling_std,1.0928563197845473
obs_d537f23061649c08,Autoencoder,distinct_customers_rolling_MAD,0.9564179239818862
obs_06bc80ca1592529b,Autoencoder,customer_loss_rate,2.0464117501813828
obs_06bc80ca1592529b,Autoencoder,new_customers,1.7957071305519985
obs_06bc80ca1592529b,Autoencoder,distinct_customers_rolling_std,1.3056955401343933
obs_593c6b0abfbff40f,Autoencoder,new_customers,2.067625989136038
obs_593c6b0abfbff40f,Autoencoder,latitude_dispersion,1.6092852510641318
obs_593c6b0abfbff40f,Autoencoder,distinct_customers_rolling_MAD,1.3141028471598888
obs_0764cae41bcbe612,Autoencoder,new_customers,2.874138474270582
obs_0764cae41bcbe612,Autoencoder,distinct_customers_rolling_MAD,1.0279482553677395
obs_0764cae41bcbe612,Autoencoder,simulated_actual_payout_rolling_MAD,0.7749460842898448
obs_d05b3b40b386e054,Autoencoder,distributor_mix_change,3.6693984441441145
obs_d05b3b40b386e054,Autoencoder,total_sales_lag_12,3.227645175127551
obs_d05b3b40b386e054,Autoencoder,total_quantity_peer_country_product_class_relative,2.2977543932947597
obs_04e73b8f3403f58d,Autoencoder,new_customers,2.661511710242518
obs_04e73b8f3403f58d,Autoencoder,distinct_customers_rolling_std,2.3052148620337083
obs_04e73b8f3403f58d,Autoencoder,simulated_actual_payout_lag_12,1.7513333202743613
obs_e4f6b17418ade61e,Autoencoder,distinct_customers_rolling_MAD,3.9512299517145193
obs_e4f6b17418ade61e,Autoencoder,distributor_count,3.582512099597978
obs_e4f6b17418ade61e,Autoencoder,distinct_customers_rolling_std,3.335498345724758
obs_3e72ae64b4ee1487,Autoencoder,distinct_customers_rolling_MAD,3.889372699899082
obs_3e72ae64b4ee1487,Autoencoder,distinct_customers_rolling_std,3.5762613426956613
obs_3e72ae64b4ee1487,Autoencoder,simulated_actual_payout_year_over_year_growth,2.564714440225857
obs_979be2c88656c12c,Autoencoder,distributor_concentration,1.3515499165142593
obs_979be2c88656c12c,Autoencoder,median_price,1.1347784339886842
obs_979be2c88656c12c,Autoencoder,subchannel_mix,0.3582463098791178
obs_dfa27919b86c3d52,Autoencoder,channel_mix,4.570285485949319
obs_dfa27919b86c3d52,Autoencoder,subchannel_mix,0.8856501649408547
obs_dfa27919b86c3d52,Autoencoder,distributor_count,0.7391775466903903
obs_68b49514dab5a9ca,Autoencoder,distinct_customers_rolling_std,3.0272143881289004
obs_68b49514dab5a9ca,Autoencoder,customer_loss_rate,2.0424827103605074
obs_68b49514dab5a9ca,Autoencoder,latitude_dispersion,1.387949233122787
obs_308780ad50c636ca,Autoencoder,total_sales_rolling_MAD,19.740202240145596
obs_308780ad50c636ca,Autoencoder,total_quantity_rolling_MAD,12.085776263843323
obs_308780ad50c636ca,Autoencoder,product_breadth_change,1.3097718270628802
obs_a4c24cdcb0026734,Autoencoder,distinct_customers_rolling_MAD,1.2247318549063666
obs_a4c24cdcb0026734,Autoencoder,distinct_customers_rolling_std,1.1086125482289986
obs_a4c24cdcb0026734,Autoencoder,total_quantity_rolling_MAD,0.6521922926046121
obs_182375d528750b6c,Autoencoder,latitude_dispersion,1.2685809953531368
obs_182375d528750b6c,Autoencoder,customer_loss_rate,0.7818506107194433
obs_182375d528750b6c,Autoencoder,simulated_actual_payout_rolling_std,0.48849346766567325
obs_8abab8423ce5b57a,Autoencoder,latitude_dispersion,1.4038537378044882
obs_8abab8423ce5b57a,Autoencoder,total_quantity_rolling_MAD,1.152851992125106
obs_8abab8423ce5b57a,Autoencoder,distinct_customers_rolling_std,0.5536074173945086
obs_047985ea3c9cd755,Autoencoder,channel_mix,1.5927624131662992
obs_047985ea3c9cd755,Autoencoder,total_quantity_rolling_MAD,0.7233154744208464
obs_047985ea3c9cd755,Autoencoder,total_sales_rolling_MAD,0.6303349171076
obs_d9289b44a1d34714,Autoencoder,product_mix_change,1.5953925870304386
obs_d9289b44a1d34714,Autoencoder,latitude_dispersion,1.516375562388686
obs_d9289b44a1d34714,Autoencoder,total_sales_rolling_median,1.2438057757413084
obs_5015dcfd335cfe6b,Autoencoder,product_mix_change,1.8469949472791423
obs_5015dcfd335cfe6b,Autoencoder,distributor_count,0.987162961092836
obs_5015dcfd335cfe6b,Autoencoder,total_quantity_rolling_median,0.4473169595986619
obs_122ff7e4b022803a,Autoencoder,product_breadth_change,0.5326200348777215
obs_122ff7e4b022803a,Autoencoder,channel_mix,0.4130551867178817
obs_122ff7e4b022803a,Autoencoder,product_mix_change,0.4063883231851462
obs_0bdcb50077926fdd,Autoencoder,customer_loss_rate,0.7907785110538239
obs_0bdcb50077926fdd,Autoencoder,total_quantity_rolling_MAD,0.7256392607936537
obs_0bdcb50077926fdd,Autoencoder,simulated_actual_payout_lag_12,0.5498262515331644
obs_a2471ed7d158d3a2,Autoencoder,median_price,0.6291308391557713
obs_a2471ed7d158d3a2,Autoencoder,total_quantity_product_class_relative,0.4185342761988819
obs_a2471ed7d158d3a2,Autoencoder,distinct_customers_lag_6,0.3703764438309169
obs_0fd2277576d131c5,Autoencoder,distinct_customers_lag_3,0.8534221490430579
obs_0fd2277576d131c5,Autoencoder,distinct_customers_trend,0.7789674253016817
obs_0fd2277576d131c5,Autoencoder,distinct_customers_lag_2,0.543192123883968
obs_f919088c73e72be1,Autoencoder,distinct_customers_lag_2,0.8471796430866777
obs_f919088c73e72be1,Autoencoder,distinct_customers_acceleration,0.8341022106449342
obs_f919088c73e72be1,Autoencoder,customer_loss_rate,0.6850471652443657
obs_27e4d2ad8d9be82a,Autoencoder,customer_loss_rate,1.0485803138209993
obs_27e4d2ad8d9be82a,Autoencoder,total_sales_lag_12,0.5567886754094977
obs_27e4d2ad8d9be82a,Autoencoder,total_sales_rolling_std,0.49692258534654177
obs_6eca4269d60b55fa,Autoencoder,latitude_dispersion,1.6797103012891483
obs_6eca4269d60b55fa,Autoencoder,product_mix_change,1.3343947358044503
obs_6eca4269d60b55fa,Autoencoder,total_quantity_lag_12,0.7298271136936297
obs_b6b35315a88c7800,Autoencoder,distinct_customers_rolling_MAD,0.899802251686644
obs_b6b35315a88c7800,Autoencoder,product_class_share,0.7163190481884045
obs_b6b35315a88c7800,Autoencoder,distributor_count,0.6934631885244641
obs_cee5c1e4f3e8006e,Autoencoder,distinct_customers_team_relative,2.1838189561191315
obs_cee5c1e4f3e8006e,Autoencoder,distinct_customers_rolling_MAD,2.066937172516702
obs_cee5c1e4f3e8006e,Autoencoder,median_price,1.3206097419947802
obs_d7ceb393881b22a6,Autoencoder,product_breadth_change,5.031672749426845
obs_d7ceb393881b22a6,Autoencoder,total_sales_lag_12,1.894660786259006
obs_d7ceb393881b22a6,Autoencoder,distinct_customers_month_over_month_growth,1.6145848501961453
obs_fd7a14533175bc3b,Autoencoder,total_quantity_peer_country_product_class_relative,2.598570842056259
obs_fd7a14533175bc3b,Autoencoder,distinct_customers_lag_2,2.513368760164369
obs_fd7a14533175bc3b,Autoencoder,total_quantity_product_class_relative,2.298217797722423
obs_ecd4c7198c8348a5,Autoencoder,simulated_actual_payout_lag_12,2.8163633976610183
obs_ecd4c7198c8348a5,Autoencoder,distinct_customers_lag_3,1.893046365433057
obs_ecd4c7198c8348a5,Autoencoder,new_customers,1.7619203100834702
obs_069f966ef2f3ff89,Autoencoder,new_customers,1.3148047051049856
obs_069f966ef2f3ff89,Autoencoder,total_quantity_lag_2,1.1362814976640219
obs_069f966ef2f3ff89,Autoencoder,product_breadth_change,1.0118233650276247
obs_890c162e5617bff7,Autoencoder,total_quantity_rolling_MAD,1.9882161383120225
obs_890c162e5617bff7,Autoencoder,total_sales_product_class_relative,1.8989305397612453
obs_890c162e5617bff7,Autoencoder,total_sales_history_deviation,1.4969966511003374
obs_6c27798b6101288b,Autoencoder,simulated_payout_to_sales_ratio,4.026937736983213
obs_6c27798b6101288b,Autoencoder,distributor_count,2.7823818639099067
obs_6c27798b6101288b,Autoencoder,total_quantity_lag_6,2.6167056179979546
obs_45857c1a6bd69901,Autoencoder,product_mix_change,9.970674961613863
obs_45857c1a6bd69901,Autoencoder,distributor_mix_change,4.114431073964922
obs_45857c1a6bd69901,Autoencoder,new_customers,3.4030506757939563
obs_414b31aff8f47057,Autoencoder,new_customers,12.04339016737421
obs_414b31aff8f47057,Autoencoder,distributor_count,5.070202042815876
obs_414b31aff8f47057,Autoencoder,total_sales_rolling_MAD,4.338379003211583
obs_2835518b42eb6685,Autoencoder,new_customers,6.4764819803943965
obs_2835518b42eb6685,Autoencoder,distinct_customers_rolling_MAD,4.024398435983749
obs_2835518b42eb6685,Autoencoder,distinct_customers_rolling_std,3.7851996332476525
obs_e31ae31bfcf0fa35,Autoencoder,latitude_dispersion,4.309997773091141
obs_e31ae31bfcf0fa35,Autoencoder,distributor_concentration,0.8165126302259904
obs_e31ae31bfcf0fa35,Autoencoder,average_price,0.27409594989814
obs_e2991b3dc0037036,Autoencoder,customer_loss_rate,0.882188314448909
obs_e2991b3dc0037036,Autoencoder,total_sales_peer_percentile,0.5408367582081494
obs_e2991b3dc0037036,Autoencoder,average_price,0.4056564250986318
obs_ba083d35986c96ef,Autoencoder,distinct_customers_rolling_std,1.3233249883919733
obs_ba083d35986c96ef,Autoencoder,product_mix_change,0.4731968814876546
obs_ba083d35986c96ef,Autoencoder,customer_loss_rate,0.43458737258057434
obs_26248f6afed02ffa,Autoencoder,distinct_customers_history_deviation,0.7319475287120548
obs_26248f6afed02ffa,Autoencoder,total_sales_rolling_MAD,0.6273716732687897
obs_26248f6afed02ffa,Autoencoder,distinct_customers_rolling_MAD,0.6251219193748305
obs_c5929a7675610dae,Autoencoder,latitude_dispersion,2.3684802200227977
obs_c5929a7675610dae,Autoencoder,distinct_customers_rolling_MAD,1.053766680038603
obs_c5929a7675610dae,Autoencoder,total_sales_rolling_std,0.8643177881856341
obs_6a00219cfab950aa,Autoencoder,total_sales_rolling_median,0.7054616059109284
obs_6a00219cfab950aa,Autoencoder,channel_mix,0.4742114766076273
obs_6a00219cfab950aa,Autoencoder,customer_loss_rate,0.44710190302542846
obs_f83caddbc1b9d053,Autoencoder,product_class_share,0.8357658700850567
obs_f83caddbc1b9d053,Autoencoder,channel_mix,0.7666341704590729
obs_f83caddbc1b9d053,Autoencoder,distributor_mix_change,0.45988588988379175
obs_d4083525788fe9dd,Autoencoder,product_mix_change,3.808307562123147
obs_d4083525788fe9dd,Autoencoder,simulated_payout_to_sales_ratio,0.47474819465086615
obs_d4083525788fe9dd,Autoencoder,distinct_customers_lag_6,0.38560945152721293
obs_49fe18ffa6259ad5,Autoencoder,distributor_concentration,1.3073949391796515
obs_49fe18ffa6259ad5,Autoencoder,simulated_actual_payout_month_over_month_growth,0.6755875411501744
obs_49fe18ffa6259ad5,Autoencoder,total_sales_rolling_mean_3,0.4838847242061531
obs_952bf57ffd9a5f43,Autoencoder,distributor_concentration,1.0435253172263734
obs_952bf57ffd9a5f43,Autoencoder,distributor_mix_change,0.4921331490608157
obs_952bf57ffd9a5f43,Autoencoder,simulated_actual_payout_acceleration,0.34875338496306324
obs_6f6703e51e278b47,Autoencoder,latitude_dispersion,2.1865818537319077
obs_6f6703e51e278b47,Autoencoder,channel_mix,0.9525430197875642
obs_6f6703e51e278b47,Autoencoder,distributor_mix_change,0.6532929831993582
obs_9affe7fb434117f8,Autoencoder,total_quantity_lag_6,0.41768366033714927
obs_9affe7fb434117f8,Autoencoder,total_quantity_rolling_std,0.3745651225978543
obs_9affe7fb434117f8,Autoencoder,channel_mix,0.31551580035362736
obs_ba8370d76ad0e8fa,Autoencoder,total_sales_year_over_year_growth,1.8208419207166209
obs_ba8370d76ad0e8fa,Autoencoder,total_quantity_year_over_year_growth,1.273199885905251
obs_ba8370d76ad0e8fa,Autoencoder,subchannel_mix,0.4726523087112217
obs_6fbbb68b8333a761,Autoencoder,total_sales_year_over_year_growth,1.2954145765533274
obs_6fbbb68b8333a761,Autoencoder,distinct_customers_trend,0.7995668210422745
obs_6fbbb68b8333a761,Autoencoder,distinct_customers_lag_2,0.6994692327717056
obs_a4fa64c11bca5df4,Autoencoder,simulated_actual_payout_history_deviation,1.0102844930337647
obs_a4fa64c11bca5df4,Autoencoder,customer_loss_rate,0.8195112947099668
obs_a4fa64c11bca5df4,Autoencoder,simulated_actual_payout_lag_12,0.7181637388270375
obs_0f0a972fdd81380f,Autoencoder,total_quantity_lag_12,0.734553990077542
obs_0f0a972fdd81380f,Autoencoder,total_sales_lag_12,0.5998462864590046
obs_0f0a972fdd81380f,Autoencoder,distributor_concentration,0.48045067300596495
obs_95b0b02329fbc254,Autoencoder,country_mix,0.583996834885379
obs_95b0b02329fbc254,Autoencoder,distinct_customers_team_relative,0.3404460011573596
obs_95b0b02329fbc254,Autoencoder,distinct_customers_lag_6,0.30323104869819073
obs_3f54eb758387db85,Autoencoder,distributor_mix_change,0.7602000574602731
obs_3f54eb758387db85,Autoencoder,product_breadth_change,0.6185425961994261
obs_3f54eb758387db85,Autoencoder,distributor_concentration,0.4973242506274194
obs_5b3678539e95b0b2,Autoencoder,channel_mix,1.733292122010601
obs_5b3678539e95b0b2,Autoencoder,product_breadth_change,1.67027621467703
obs_5b3678539e95b0b2,Autoencoder,distributor_concentration,1.139356451356784
obs_1121c787d49a3276,Autoencoder,simulated_actual_payout_lag_12,1.851354544242261
obs_1121c787d49a3276,Autoencoder,latitude_dispersion,0.8378019989948035
obs_1121c787d49a3276,Autoencoder,distributor_count,0.6688616576491178
obs_988c4ec12efd2894,Autoencoder,distinct_customers_lag_6,1.2015519929992602
obs_988c4ec12efd2894,Autoencoder,total_quantity_month_over_month_growth,0.7400315061779434
obs_988c4ec12efd2894,Autoencoder,total_sales_month_over_month_growth,0.731743843215962
obs_e16591dea25fd1a6,Autoencoder,new_customers,2.1333800010241943
obs_e16591dea25fd1a6,Autoencoder,simulated_actual_payout_lag_12,1.684442935840633
obs_e16591dea25fd1a6,Autoencoder,distinct_customers_rolling_std,1.0651197406645618
obs_3c86f628b67cc3f8,Autoencoder,channel_mix,5.280800472694629
obs_3c86f628b67cc3f8,Autoencoder,new_customers,1.8175691178037976
obs_3c86f628b67cc3f8,Autoencoder,latitude_dispersion,1.2067008005440418
obs_6d502ebf7664cbcb,Autoencoder,latitude_dispersion,1.1680180758535843
obs_6d502ebf7664cbcb,Autoencoder,simulated_actual_payout_lag_12,1.0959186929477263
obs_6d502ebf7664cbcb,Autoencoder,country_mix,1.0395084167433175
obs_9381de55942bf2ca,Autoencoder,distinct_customers_peer_country_product_class_relative,16.705105299934058
obs_9381de55942bf2ca,Autoencoder,distinct_customers_product_class_relative,15.568799421170585
obs_9381de55942bf2ca,Autoencoder,new_customers,12.454218258252835
obs_96ba25e4460616e5,Autoencoder,product_breadth_change,13.954641908893887
obs_96ba25e4460616e5,Autoencoder,new_customers,4.668893473364852
obs_96ba25e4460616e5,Autoencoder,total_quantity_rolling_median,2.706553467887816
obs_927653606ac82639,Autoencoder,distinct_customers_lag_2,2.9875044282600456
obs_927653606ac82639,Autoencoder,new_customers,2.672296002804143
obs_927653606ac82639,Autoencoder,simulated_actual_payout_peer_median,2.6178332489479725
obs_fc0e2698434adc3b,Autoencoder,new_customers,4.539807149830133
obs_fc0e2698434adc3b,Autoencoder,distinct_customers_lag_3,4.152056478300136
obs_fc0e2698434adc3b,Autoencoder,distributor_count,3.321748733177651
obs_f94d749361ef2cd1,Autoencoder,total_sales_team_relative,0.44368488368285464
obs_f94d749361ef2cd1,Autoencoder,latitude_dispersion,0.4349709923001123
obs_f94d749361ef2cd1,Autoencoder,simulated_actual_payout_team_relative,0.4172111938872273
obs_2ee6132f55e95c0b,Autoencoder,customer_loss_rate,0.9937466938397905
obs_2ee6132f55e95c0b,Autoencoder,total_quantity_team_relative,0.5751151267494397
obs_2ee6132f55e95c0b,Autoencoder,distinct_customers_team_relative,0.48383031417677963
obs_cb5adde5518e5a4b,Autoencoder,product_mix_change,2.8203575847321405
obs_cb5adde5518e5a4b,Autoencoder,distinct_customers_rolling_std,0.9930757104804325
obs_cb5adde5518e5a4b,Autoencoder,total_quantity_rolling_std,0.46527866933138534
obs_1a97daaff441e048,Autoencoder,total_quantity_rolling_std,1.4877010095864225
obs_1a97daaff441e048,Autoencoder,latitude_dispersion,1.3559032830892168
obs_1a97daaff441e048,Autoencoder,distributor_concentration,1.1772614528652419
obs_5a31ed1945c06339,Autoencoder,simulated_actual_payout_rolling_std,4.147947444952397
obs_5a31ed1945c06339,Autoencoder,distributor_mix_change,3.8123100004844157
obs_5a31ed1945c06339,Autoencoder,distributor_concentration,2.4022417595557153
obs_9468090f2a09b525,Autoencoder,simulated_actual_payout_rolling_std,2.85707445744256
obs_9468090f2a09b525,Autoencoder,simulated_actual_payout_rolling_mean_6,1.1452463522659801
obs_9468090f2a09b525,Autoencoder,total_sales_rolling_MAD,0.5395833528820119
obs_e066ac342ed4730a,Autoencoder,total_quantity_rolling_MAD,0.8710902614610462
obs_e066ac342ed4730a,Autoencoder,simulated_actual_payout_rolling_median,0.7691585387172287
obs_e066ac342ed4730a,Autoencoder,channel_mix,0.5665586495932972
obs_d5c3421318523173,Autoencoder,total_quantity_rolling_MAD,1.2886098604124336
obs_d5c3421318523173,Autoencoder,channel_mix,1.0758654153172398
obs_d5c3421318523173,Autoencoder,total_sales_history_deviation,0.759218818473709
obs_dd785b0f7ecf3ed4,Autoencoder,total_quantity_peer_z,1.0801903533988957
obs_dd785b0f7ecf3ed4,Autoencoder,simulated_actual_payout_rolling_MAD,0.8331457473940737
obs_dd785b0f7ecf3ed4,Autoencoder,total_quantity_team_relative,0.7652693180553218
obs_0de4ab5f7ac3473c,Autoencoder,latitude_dispersion,1.6471003117368264
obs_0de4ab5f7ac3473c,Autoencoder,total_quantity_lag_1,0.7720506341060577
obs_0de4ab5f7ac3473c,Autoencoder,distinct_customers_rolling_MAD,0.610234496470058
obs_1e0200583c608457,Autoencoder,total_quantity_lag_2,0.9013872858992032
obs_1e0200583c608457,Autoencoder,product_breadth_change,0.5253479402383555
obs_1e0200583c608457,Autoencoder,new_customers,0.4594078739773284
obs_567aec2a1b875305,Autoencoder,latitude_dispersion,6.0532132028909515
obs_567aec2a1b875305,Autoencoder,total_quantity_lag_3,0.9285779797328
obs_567aec2a1b875305,Autoencoder,total_quantity_trend,0.9077715024451128
obs_3ef20d80a429210f,Autoencoder,distributor_mix_change,2.041562312780521
obs_3ef20d80a429210f,Autoencoder,simulated_actual_payout_lag_12,1.126225166132362
obs_3ef20d80a429210f,Autoencoder,simulated_actual_payout_history_deviation,0.6938459339096184
obs_429b6f613b3c4bfa,Autoencoder,channel_mix,1.1186334966081486
obs_429b6f613b3c4bfa,Autoencoder,customer_loss_rate,0.9315751936075477
obs_429b6f613b3c4bfa,Autoencoder,simulated_actual_payout_acceleration,0.712428695019687
obs_1e4d49a2d800aad0,Autoencoder,total_quantity_lag_6,1.7645276142928072
obs_1e4d49a2d800aad0,Autoencoder,total_sales_lag_6,1.0181988401992235
obs_1e4d49a2d800aad0,Autoencoder,distinct_customers_acceleration,0.9401493537152235
obs_a97b8d1e9afeecb2,Autoencoder,product_class_share,1.6120645168648355
obs_a97b8d1e9afeecb2,Autoencoder,latitude_dispersion,0.8842207465946217
obs_a97b8d1e9afeecb2,Autoencoder,distinct_customers_lag_6,0.5553055485921239
obs_bca088b18d8451c4,Autoencoder,total_quantity_lag_12,0.5357114269663955
obs_bca088b18d8451c4,Autoencoder,latitude_dispersion,0.525355672490828
obs_bca088b18d8451c4,Autoencoder,total_sales_lag_12,0.46150158664554075
obs_ccdf622376fdaf22,Autoencoder,distinct_customers_rolling_MAD,1.8371648658284376
obs_ccdf622376fdaf22,Autoencoder,latitude_dispersion,0.9945389705109124
obs_ccdf622376fdaf22,Autoencoder,product_class_share,0.7112013675326495
obs_81799aaea829b660,Autoencoder,distributor_mix_change,1.6848425035546004
obs_81799aaea829b660,Autoencoder,new_customers,1.3917806582052652
obs_81799aaea829b660,Autoencoder,total_sales_lag_12,1.3186363196893143
obs_bfcae23427ce1662,Autoencoder,distributor_mix_change,3.4591060314539726
obs_bfcae23427ce1662,Autoencoder,new_customers,1.1734025542211783
obs_bfcae23427ce1662,Autoencoder,simulated_actual_payout_year_over_year_growth,0.9378784257404443
obs_40fdb640556f75f6,Autoencoder,distinct_customers_lag_6,1.2004741441869455
obs_40fdb640556f75f6,Autoencoder,simulated_actual_payout_peer_median,0.9492086586897484
obs_40fdb640556f75f6,Autoencoder,distinct_customers_rolling_std,0.8195165206507505
obs_09e77e38d95d2087,Autoencoder,new_customers,3.2643395533393362
obs_09e77e38d95d2087,Autoencoder,simulated_actual_payout_lag_12,2.244647507979612
obs_09e77e38d95d2087,Autoencoder,customer_loss_rate,0.973304599630768
obs_d44e23642ed4b765,Autoencoder,new_customers,4.833952976941457
obs_d44e23642ed4b765,Autoencoder,distributor_mix_change,1.187450079404535
obs_d44e23642ed4b765,Autoencoder,total_quantity,1.1483379685474306
obs_d8b8034144828733,Autoencoder,total_quantity_lag_1,1.9049053786564558
obs_d8b8034144828733,Autoencoder,simulated_actual_payout_lag_12,1.5477708075305818
obs_d8b8034144828733,Autoencoder,total_quantity_month_over_month_growth,1.3226000272015495
obs_8a6b05144a4bd5ef,Autoencoder,distributor_count,3.637025780670643
obs_8a6b05144a4bd5ef,Autoencoder,customer_loss_rate,3.0608195358705528
obs_8a6b05144a4bd5ef,Autoencoder,total_quantity_lag_2,2.2170247230151054
obs_be5060a455d194a7,Autoencoder,new_customers,10.90580860102043
obs_be5060a455d194a7,Autoencoder,distinct_customers_lag_6,5.556810312577243
obs_be5060a455d194a7,Autoencoder,total_quantity_lag_3,4.114486008880412
obs_e75cea050177ef45,Autoencoder,new_customers,7.503525292670726
obs_e75cea050177ef45,Autoencoder,distinct_customers_rolling_MAD,6.285148983717626
obs_e75cea050177ef45,Autoencoder,distributor_count,4.814008039870026
obs_29d4e7aacd1322d0,Autoencoder,new_customers,11.201949031074019
obs_29d4e7aacd1322d0,Autoencoder,distributor_count,4.780530642296042
obs_29d4e7aacd1322d0,Autoencoder,distinct_customers_lag_6,4.621814777885621
obs_c7d3b769ce4896a8,Autoencoder,channel_mix,0.9013767458313685
obs_c7d3b769ce4896a8,Autoencoder,latitude_dispersion,0.4946093362059794
obs_c7d3b769ce4896a8,Autoencoder,total_sales_team_relative,0.34754371035640813
obs_9998d4f803eb4b0d,Autoencoder,simulated_actual_payout_peer_percentile,0.3600028367754419
obs_9998d4f803eb4b0d,Autoencoder,distributor_concentration,0.26678492396129905
obs_9998d4f803eb4b0d,Autoencoder,total_quantity_team_relative,0.24918881030755777
obs_a7014d343fbf535b,Autoencoder,customer_loss_rate,1.492947241868342
obs_a7014d343fbf535b,Autoencoder,distinct_customers_rolling_std,0.8155276091417565
obs_a7014d343fbf535b,Autoencoder,latitude_dispersion,0.3466658319153965
obs_db3a5969cf6667b0,Autoencoder,total_sales_rolling_MAD,3.069834783907154
obs_db3a5969cf6667b0,Autoencoder,distinct_customers_rolling_std,1.0874487896740281
obs_db3a5969cf6667b0,Autoencoder,distinct_customers_history_deviation,1.0528304626166363
obs_6e480dc7648c9b09,Autoencoder,customer_loss_rate,1.373390819915685
obs_6e480dc7648c9b09,Autoencoder,simulated_actual_payout_rolling_std,1.118548797549856
obs_6e480dc7648c9b09,Autoencoder,latitude_dispersion,0.7463326699792517
obs_94097bebe7d07fad,Autoencoder,channel_mix,0.7726969526568436
obs_94097bebe7d07fad,Autoencoder,simulated_actual_payout_lag_3,0.7036474599048113
obs_94097bebe7d07fad,Autoencoder,simulated_actual_payout_rolling_std,0.6722615707608698
obs_51dc75ed844c5afa,Autoencoder,customer_loss_rate,2.525969599875239
obs_51dc75ed844c5afa,Autoencoder,product_class_share,0.493692802635897
obs_51dc75ed844c5afa,Autoencoder,distinct_customers_rolling_MAD,0.4574057205069012
obs_039c2328757fd2a3,Autoencoder,distributor_mix_change,0.6338511756116261
obs_039c2328757fd2a3,Autoencoder,representative_rank,0.5314128177761295
obs_039c2328757fd2a3,Autoencoder,channel_mix,0.5028913284670788
obs_9fde3129e39d2362,Autoencoder,distributor_count,0.8416381984901395
obs_9fde3129e39d2362,Autoencoder,subchannel_mix,0.5355697280650334
obs_9fde3129e39d2362,Autoencoder,distributor_concentration,0.4077052739289284
obs_c50b1f5354dee310,Autoencoder,product_breadth_change,0.7115335282845131
obs_c50b1f5354dee310,Autoencoder,latitude_dispersion,0.7027587958025648
obs_c50b1f5354dee310,Autoencoder,distributor_count,0.667869951067987
obs_83b9ae5947472f93,Autoencoder,distinct_customers_rolling_MAD,0.6791129475738074
obs_83b9ae5947472f93,Autoencoder,distributor_count,0.5898356760564323
obs_83b9ae5947472f93,Autoencoder,distributor_mix_change,0.3716979159160524
obs_165738616ce99974,Autoencoder,rank_change,0.4702148659871802
obs_165738616ce99974,Autoencoder,simulated_actual_payout_peer_median,0.33872573412644513
obs_165738616ce99974,Autoencoder,total_quantity_rolling_std,0.3212500491038559
obs_c46ec21ed4c28830,Autoencoder,simulated_actual_payout_lag_12,1.7610780307774654
obs_c46ec21ed4c28830,Autoencoder,simulated_actual_payout_rolling_MAD,0.5598468721211545
obs_c46ec21ed4c28830,Autoencoder,latitude_dispersion,0.39537907799351707
obs_be6752169fc32a9b,Autoencoder,latitude_dispersion,1.5275180068754004
obs_be6752169fc32a9b,Autoencoder,total_sales_rolling_MAD,0.6991841625320001
obs_be6752169fc32a9b,Autoencoder,simulated_actual_payout_history_deviation,0.6533667831017875
obs_c47b80c362e28157,Autoencoder,distinct_customers_team_relative,0.8782302778823942
obs_c47b80c362e28157,Autoencoder,simulated_actual_payout_rolling_median,0.8479543259139081
obs_c47b80c362e28157,Autoencoder,latitude_dispersion,0.7114844457630713
obs_e7f83c2dbc3643cb,Autoencoder,total_quantity_lag_12,0.8853067924680186
obs_e7f83c2dbc3643cb,Autoencoder,distributor_mix_change,0.8330585040115556
obs_e7f83c2dbc3643cb,Autoencoder,total_sales_lag_12,0.8217320773320923
obs_c3a34f040bf7e3a1,Autoencoder,total_quantity_rolling_median,0.6891835658501503
obs_c3a34f040bf7e3a1,Autoencoder,total_quantity_lag_12,0.5840923305759756
obs_c3a34f040bf7e3a1,Autoencoder,total_sales_lag_12,0.5717816958719264
obs_3e8793c64b8fe8b6,Autoencoder,total_sales_rolling_MAD,0.7140828158792335
obs_3e8793c64b8fe8b6,Autoencoder,channel_mix,0.6559336849676609
obs_3e8793c64b8fe8b6,Autoencoder,simulated_actual_payout_acceleration,0.5768596006008397
obs_7b4a92fb0b39fc24,Autoencoder,total_sales_rolling_std,1.18136473186266
obs_7b4a92fb0b39fc24,Autoencoder,new_customers,0.952082250046365
obs_7b4a92fb0b39fc24,Autoencoder,total_quantity_lag_12,0.891973594906262
obs_6323cb430e6a9ff7,Autoencoder,total_sales_rolling_std,2.1187047830363173
obs_6323cb430e6a9ff7,Autoencoder,distributor_mix_change,1.2551517084274186
obs_6323cb430e6a9ff7,Autoencoder,simulated_actual_payout_year_over_year_growth,1.2363254996428956
obs_780ee4c2e8543d69,Autoencoder,total_sales_rolling_std,2.2839421441028347
obs_780ee4c2e8543d69,Autoencoder,simulated_actual_payout_year_over_year_growth,2.0880515230728602
obs_780ee4c2e8543d69,Autoencoder,simulated_actual_payout_lag_12,1.3832277247905447
obs_f6a416351ea5a816,Autoencoder,product_mix_change,3.6835940852948417
obs_f6a416351ea5a816,Autoencoder,new_customers,2.288360566619667
obs_f6a416351ea5a816,Autoencoder,distinct_customers_rolling_std,0.8620529851498754
obs_865b95d23116c43a,Autoencoder,new_customers,2.5656212678550436
obs_865b95d23116c43a,Autoencoder,product_breadth_change,1.2661621761788984
obs_865b95d23116c43a,Autoencoder,simulated_actual_payout_lag_12,0.6177645752758569
obs_fe531257d8203eff,Autoencoder,new_customers,8.967305697133876
obs_fe531257d8203eff,Autoencoder,distinct_customers_rolling_MAD,2.2825479015346586
obs_fe531257d8203eff,Autoencoder,simulated_actual_payout_rolling_MAD,0.5980486201521459
obs_437956653bdaac46,Autoencoder,new_customers,2.5878762113597022
obs_437956653bdaac46,Autoencoder,distributor_mix_change,1.835844472977498
obs_437956653bdaac46,Autoencoder,latitude_dispersion,1.1245536797018576
obs_2d794f00d18f54c4,Autoencoder,new_customers,9.578712042191308
obs_2d794f00d18f54c4,Autoencoder,distinct_customers_rolling_std,3.16547201145958
obs_2d794f00d18f54c4,Autoencoder,simulated_actual_payout_peer_median,1.467944019985135
obs_434a8af6c193eb1f,Autoencoder,distinct_customers_rolling_MAD,3.365746708294039
obs_434a8af6c193eb1f,Autoencoder,distinct_customers_rolling_std,3.355540164692391
obs_434a8af6c193eb1f,Autoencoder,total_sales_lag_12,3.322363983532308
obs_0d031e070c441b8c,Autoencoder,new_customers,8.1852977366874
obs_0d031e070c441b8c,Autoencoder,distinct_customers_rolling_std,3.5079540296262834
obs_0d031e070c441b8c,Autoencoder,distributor_count,3.2733136121873043
obs_f59d8b8ded76d0de,Autoencoder,latitude_dispersion,1.2230133631759479
obs_f59d8b8ded76d0de,Autoencoder,customer_loss_rate,0.6369013700651652
obs_f59d8b8ded76d0de,Autoencoder,distributor_concentration,0.5799155007213609
obs_6acfb85d3311cd62,Autoencoder,subchannel_mix,1.0568689765470543
obs_6acfb85d3311cd62,Autoencoder,latitude_dispersion,0.873524407391774
obs_6acfb85d3311cd62,Autoencoder,distributor_concentration,0.6001441803142382
obs_28f5d0164fb489d7,Autoencoder,simulated_actual_payout_rolling_std,6.1636173135541075
obs_28f5d0164fb489d7,Autoencoder,latitude_dispersion,0.5575402197765579
obs_28f5d0164fb489d7,Autoencoder,product_breadth_change,0.42419769441586436
obs_971d0aad1d87d250,Autoencoder,total_quantity_rolling_MAD,6.826156984692126
obs_971d0aad1d87d250,Autoencoder,total_sales_rolling_MAD,3.208951181017506
obs_971d0aad1d87d250,Autoencoder,simulated_actual_payout_rolling_MAD,2.8681244550724183
obs_e03d7f66d346c839,Autoencoder,distributor_concentration,1.133004895669506
obs_e03d7f66d346c839,Autoencoder,customer_loss_rate,0.6901754744013553
obs_e03d7f66d346c839,Autoencoder,product_mix_change,0.5801676296046973
obs_a522d03a8c5f2b4b,Autoencoder,channel_mix,0.5999642217271276
obs_a522d03a8c5f2b4b,Autoencoder,distinct_customers_rolling_MAD,0.4750328019516503
obs_a522d03a8c5f2b4b,Autoencoder,distributor_concentration,0.4180425793362241
obs_dfc482fa9dc557f5,Autoencoder,latitude_dispersion,3.903517128109552
obs_dfc482fa9dc557f5,Autoencoder,simulated_actual_payout_rolling_std,0.6863080212188798
obs_dfc482fa9dc557f5,Autoencoder,simulated_actual_payout_trend,0.39444206909317675
obs_bc89b5e815f61b20,Autoencoder,latitude_dispersion,1.0886676626057747
obs_bc89b5e815f61b20,Autoencoder,product_mix_change,0.7392714167606853
obs_bc89b5e815f61b20,Autoencoder,distributor_concentration,0.6397667828759286
obs_fc6c6e4cb6c6408b,Autoencoder,subchannel_mix,0.6389386977290036
obs_fc6c6e4cb6c6408b,Autoencoder,channel_mix,0.4823338436439659
obs_fc6c6e4cb6c6408b,Autoencoder,distributor_count,0.3736734374052953
obs_c4b8f427388f2073,Autoencoder,total_quantity_team_relative,0.5447186537896186
obs_c4b8f427388f2073,Autoencoder,simulated_actual_payout_trend,0.4390002489307852
obs_c4b8f427388f2073,Autoencoder,rank_change,0.3032584229055048
obs_c2f75088b2cf61c3,Autoencoder,product_mix_change,1.2996746050329229
obs_c2f75088b2cf61c3,Autoencoder,distinct_customers_rolling_MAD,0.5496977590470469
obs_c2f75088b2cf61c3,Autoencoder,total_quantity_team_relative,0.421684850855375
obs_1dd563122c36a4cc,Autoencoder,subchannel_mix,1.1353475755374853
obs_1dd563122c36a4cc,Autoencoder,new_customers,0.9421172357588544
obs_1dd563122c36a4cc,Autoencoder,dominant_product_share,0.9237969876588348
obs_f6e5f3b1455aecab,Autoencoder,total_quantity_lag_12,1.201210753556225
obs_f6e5f3b1455aecab,Autoencoder,total_sales_year_over_year_growth,1.0696688227522888
obs_f6e5f3b1455aecab,Autoencoder,total_quantity_year_over_year_growth,0.9284734586817174
obs_f9dddcc836ab162b,Autoencoder,distinct_customers_lag_2,1.0023877378878212
obs_f9dddcc836ab162b,Autoencoder,distinct_customers_rolling_MAD,0.9704832709933005
obs_f9dddcc836ab162b,Autoencoder,simulated_actual_payout_history_deviation,0.9636049167430705
obs_aaf4356fdfef9538,Autoencoder,simulated_actual_payout_rolling_MAD,1.367859331663769
obs_aaf4356fdfef9538,Autoencoder,distinct_customers_lag_2,1.0041081462650538
obs_aaf4356fdfef9538,Autoencoder,simulated_actual_payout_history_deviation,0.788754961075108
obs_27b985fccd305872,Autoencoder,total_sales_rolling_MAD,1.586018092122873
obs_27b985fccd305872,Autoencoder,country_mix,1.0173493774652196
obs_27b985fccd305872,Autoencoder,simulated_actual_payout_lag_12,0.9668106423861109
obs_3666de587fdfd7bb,Autoencoder,simulated_actual_payout_lag_12,1.187480210645113
obs_3666de587fdfd7bb,Autoencoder,total_quantity_lag_6,0.9087312323980878
obs_3666de587fdfd7bb,Autoencoder,distributor_mix_change,0.8449715525187548
obs_e4c2855d5fcbf458,Autoencoder,product_mix_change,1.0536088685398919
obs_e4c2855d5fcbf458,Autoencoder,simulated_actual_payout_lag_12,0.7495245660628471
obs_e4c2855d5fcbf458,Autoencoder,distributor_mix_change,0.5493438175768729
obs_5bb52d909b6d58f7,Autoencoder,product_mix_change,1.59251173864049
obs_5bb52d909b6d58f7,Autoencoder,new_customers,1.5922802192727665
obs_5bb52d909b6d58f7,Autoencoder,total_quantity_peer_country_product_class_relative,1.0822373329358845
obs_d71673b68df05c45,Autoencoder,channel_mix,1.4775298979239475
obs_d71673b68df05c45,Autoencoder,total_quantity_rolling_std,1.112259859074026
obs_d71673b68df05c45,Autoencoder,total_quantity_trend,0.8325816868213934
obs_8aae99145fca0de6,Autoencoder,total_quantity_rolling_std,2.1484994575431346
obs_8aae99145fca0de6,Autoencoder,subchannel_mix,1.6469849166437323
obs_8aae99145fca0de6,Autoencoder,distinct_customers_rolling_std,0.947992648203581
obs_86311734d2f92047,Autoencoder,new_customers,1.6333605983966841
obs_86311734d2f92047,Autoencoder,product_mix_change,1.2862163714105326
obs_86311734d2f92047,Autoencoder,distinct_customers_rolling_std,1.0199890253660309
obs_a9e0ce9abccba836,Autoencoder,distinct_customers_rolling_MAD,2.3906678697285018
obs_a9e0ce9abccba836,Autoencoder,new_customers,2.372165041409155
obs_a9e0ce9abccba836,Autoencoder,distributor_mix_change,1.4787491848085583
obs_333f4bb8bbab0ad5,Autoencoder,new_customers,3.3107846581394647
obs_333f4bb8bbab0ad5,Autoencoder,total_sales_lag_12,2.079712845373485
obs_333f4bb8bbab0ad5,Autoencoder,total_quantity_lag_12,1.3254719664660293
obs_2fa61f4345725ed9,Autoencoder,distributor_count,2.409680809848058
obs_2fa61f4345725ed9,Autoencoder,new_customers,2.355276818667845
obs_2fa61f4345725ed9,Autoencoder,total_quantity_peer_median,2.354092935536613
obs_c0c41142faac01a9,Autoencoder,new_customers,6.744252428628212
obs_c0c41142faac01a9,Autoencoder,distinct_customers_lag_6,3.9233394467600182
obs_c0c41142faac01a9,Autoencoder,total_quantity_product_class_relative,3.480548403619035
obs_a3c1436f4a4dc5f8,Autoencoder,distributor_count,6.235393761688053
obs_a3c1436f4a4dc5f8,Autoencoder,new_customers,5.503386693917749
obs_a3c1436f4a4dc5f8,Autoencoder,distinct_customers_rolling_MAD,5.484471130854027
obs_a0202590016b807d,Autoencoder,new_customers,6.263970750112433
obs_a0202590016b807d,Autoencoder,distinct_customers_rolling_std,4.106509014108223
obs_a0202590016b807d,Autoencoder,total_sales_trend,3.9110572882668246
obs_d53cb4ace9236f83,Autoencoder,latitude_dispersion,2.1065174322842988
obs_d53cb4ace9236f83,Autoencoder,subchannel_mix,0.9864217314608169
obs_d53cb4ace9236f83,Autoencoder,product_class_share,0.6438968574026779
obs_30e309db14222915,Autoencoder,product_mix_change,3.6610716451223277
obs_30e309db14222915,Autoencoder,subchannel_mix,1.3165505827525148
obs_30e309db14222915,Autoencoder,distributor_concentration,1.0108489698494592
obs_07957e1a0eac75b4,Autoencoder,product_breadth_change,3.3974870937445094
obs_07957e1a0eac75b4,Autoencoder,total_sales_rolling_median,1.6976670848880024
obs_07957e1a0eac75b4,Autoencoder,simulated_actual_payout_lag_1,0.8430622575691535
obs_fe612689724d1340,Autoencoder,product_mix_change,2.5341931964736317
obs_fe612689724d1340,Autoencoder,distinct_customers_rolling_MAD,2.138790224640233
obs_fe612689724d1340,Autoencoder,simulated_actual_payout_rolling_MAD,0.8921734388831486
obs_29595e61142abe40,Autoencoder,simulated_actual_payout_rolling_std,6.538017438370303
obs_29595e61142abe40,Autoencoder,simulated_actual_payout_rolling_mean_6,5.504198234010343
obs_29595e61142abe40,Autoencoder,simulated_actual_payout_lag_6,0.9300132564893889
obs_c91e044a37b5e69d,Autoencoder,simulated_actual_payout_rolling_std,6.822954512323824
obs_c91e044a37b5e69d,Autoencoder,simulated_actual_payout_rolling_mean_6,4.635142737356006
obs_c91e044a37b5e69d,Autoencoder,total_sales_rolling_std,1.747552157359539
obs_87db4f8b38f8c94e,Autoencoder,product_mix_change,2.7859067028701445
obs_87db4f8b38f8c94e,Autoencoder,simulated_payout_to_sales_ratio,1.7839605305188544
obs_87db4f8b38f8c94e,Autoencoder,simulated_actual_payout_rolling_mean_6,0.9165363241299603
obs_f16961d69302cebb,Autoencoder,total_sales_rolling_MAD,1.726740159502588
obs_f16961d69302cebb,Autoencoder,latitude_dispersion,1.5819328099580967
obs_f16961d69302cebb,Autoencoder,total_sales_rolling_std,0.8901875266229757
obs_156d27aa8e139ed2,Autoencoder,total_sales_rolling_MAD,1.9114329591794024
obs_156d27aa8e139ed2,Autoencoder,simulated_actual_payout_rolling_MAD,1.5708742458970646
obs_156d27aa8e139ed2,Autoencoder,total_sales_history_deviation,1.4737499197816353
obs_8f9269a751b0e534,Autoencoder,latitude_dispersion,0.9829785064406288
obs_8f9269a751b0e534,Autoencoder,total_sales_peer_z,0.7740326333756149
obs_8f9269a751b0e534,Autoencoder,distinct_customers_lag_2,0.6075034649133753
obs_56d3f10b1af993c2,Autoencoder,latitude_dispersion,1.313224888091862
obs_56d3f10b1af993c2,Autoencoder,distinct_customers_rolling_MAD,0.6517120305846099
obs_56d3f10b1af993c2,Autoencoder,product_mix_change,0.6128563680400689
obs_aca0ed8ccec6b7d0,Autoencoder,latitude_dispersion,1.554825905717103
obs_aca0ed8ccec6b7d0,Autoencoder,product_mix_change,0.661181877175254
obs_aca0ed8ccec6b7d0,Autoencoder,distinct_customers_rolling_MAD,0.31265671355569513
obs_6cba36a785573028,Autoencoder,simulated_actual_payout_lag_12,5.554087204458944
obs_6cba36a785573028,Autoencoder,total_sales_lag_12,2.525689944326628
obs_6cba36a785573028,Autoencoder,total_quantity_lag_12,1.0458336242510333
obs_0e6867b30abbbb6d,Autoencoder,simulated_actual_payout_year_over_year_growth,2.092607572666609
obs_0e6867b30abbbb6d,Autoencoder,simulated_actual_payout_lag_12,1.3498502702795958
obs_0e6867b30abbbb6d,Autoencoder,total_quantity_acceleration,0.883820412149297
obs_ec6848bc3eeb9290,Autoencoder,customer_loss_rate,2.3533397422285156
obs_ec6848bc3eeb9290,Autoencoder,simulated_actual_payout_year_over_year_growth,2.295971728515348
obs_ec6848bc3eeb9290,Autoencoder,simulated_actual_payout_lag_12,2.190292247404979
obs_45e4034a8c7912c1,Autoencoder,latitude_dispersion,1.2027641651193082
obs_45e4034a8c7912c1,Autoencoder,simulated_actual_payout_rolling_std,1.0468781327837366
obs_45e4034a8c7912c1,Autoencoder,simulated_actual_payout_lag_12,0.7383960382987056
obs_f5c4e2bdd922a7e0,Autoencoder,channel_mix,0.7896528360224977
obs_f5c4e2bdd922a7e0,Autoencoder,product_mix_change,0.7299099187609684
obs_f5c4e2bdd922a7e0,Autoencoder,distributor_mix_change,0.7280917192315851
obs_31f83a704a4c4b2b,Autoencoder,distinct_customers_rolling_MAD,1.2591124829136922
obs_31f83a704a4c4b2b,Autoencoder,simulated_actual_payout_lag_12,0.3983945997610927
obs_31f83a704a4c4b2b,Autoencoder,total_quantity_lag_2,0.37968626068960865
obs_e8251079bd54c73c,Autoencoder,distinct_customers_rolling_std,1.4981824474560876
obs_e8251079bd54c73c,Autoencoder,total_quantity_lag_6,0.7928091226570382
obs_e8251079bd54c73c,Autoencoder,country_mix,0.7667720975941417
obs_80a3e86ffb4cbc10,Autoencoder,distributor_mix_change,0.717866437484089
obs_80a3e86ffb4cbc10,Autoencoder,distinct_customers_rolling_MAD,0.7070018267914314
obs_80a3e86ffb4cbc10,Autoencoder,latitude_dispersion,0.6994373072579697
obs_14d6c35ff70d6bd8,Autoencoder,distinct_customers_rolling_MAD,2.408848547557456
obs_14d6c35ff70d6bd8,Autoencoder,country_mix,1.832234501127153
obs_14d6c35ff70d6bd8,Autoencoder,total_quantity_rolling_MAD,1.2473091312156972
obs_fdbdb8a5536848d3,Autoencoder,distinct_customers_rolling_MAD,2.60692674735991
obs_fdbdb8a5536848d3,Autoencoder,new_customers,1.5536131009822471
obs_fdbdb8a5536848d3,Autoencoder,total_quantity_rolling_MAD,1.5224416234155373
obs_a37aac9eec58d20b,Autoencoder,distinct_customers_rolling_MAD,1.264496427742589
obs_a37aac9eec58d20b,Autoencoder,new_customers,0.9115526622555117
obs_a37aac9eec58d20b,Autoencoder,total_quantity_team_relative,0.5136723140062162
obs_a09e94fa2819bdb6,Autoencoder,new_customers,2.0253950561919893
obs_a09e94fa2819bdb6,Autoencoder,total_sales_lag_12,0.9135635109679093
obs_a09e94fa2819bdb6,Autoencoder,product_mix_change,0.8716780570245144
obs_a4603a2098b015b4,Autoencoder,simulated_payout_to_sales_ratio,6.598076504156839
obs_a4603a2098b015b4,Autoencoder,distinct_customers_history_deviation,2.991774006155918
obs_a4603a2098b015b4,Autoencoder,channel_mix,2.2236233405987975
obs_c02e50578eb8d285,Autoencoder,product_breadth_change,7.566562942210426
obs_c02e50578eb8d285,Autoencoder,total_quantity_lag_1,4.845776747938782
obs_c02e50578eb8d285,Autoencoder,total_quantity_month_over_month_growth,3.551238754968901
obs_ae8abdc367a19bf1,Autoencoder,distinct_customers_rolling_MAD,10.92751403518566
obs_ae8abdc367a19bf1,Autoencoder,distinct_customers_rolling_std,7.957654659888861
obs_ae8abdc367a19bf1,Autoencoder,customer_growth,5.905624726340283
obs_6fc50b42eec9e24f,Autoencoder,distinct_customers_rolling_MAD,9.438295203611737
obs_6fc50b42eec9e24f,Autoencoder,new_customers,9.002170197272271
obs_6fc50b42eec9e24f,Autoencoder,distinct_customers_rolling_std,4.885541255351018
obs_bda9ae5cd003c988,Autoencoder,distributor_count,0.9729837508408499
obs_bda9ae5cd003c988,Autoencoder,latitude_dispersion,0.8127806001440091
obs_bda9ae5cd003c988,Autoencoder,median_price,0.3045463411545053
obs_271a46d26d667d12,Autoencoder,latitude_dispersion,1.1566273569588932
obs_271a46d26d667d12,Autoencoder,customer_loss_rate,0.8448059806813617
obs_271a46d26d667d12,Autoencoder,distinct_customers_history_deviation,0.6502586470998923
obs_29af730dcb5934b5,Autoencoder,distinct_customers_rolling_std,0.5107780750103063
obs_29af730dcb5934b5,Autoencoder,total_quantity_rolling_std,0.35571907119102875
obs_29af730dcb5934b5,Autoencoder,total_quantity_rolling_mean_6,0.3138024694882338
obs_b941a9451a1dd3ee,Autoencoder,distinct_customers_rolling_MAD,3.1786020874585024
obs_b941a9451a1dd3ee,Autoencoder,total_sales_rolling_median,0.7454950382997114
obs_b941a9451a1dd3ee,Autoencoder,total_quantity_lag_2,0.6093674732131562
obs_7fd702d77fabc354,Autoencoder,subchannel_mix,1.7454304304400177
obs_7fd702d77fabc354,Autoencoder,simulated_payout_to_sales_ratio,1.096097728664025
obs_7fd702d77fabc354,Autoencoder,distributor_concentration,1.0657332512532607
obs_f0369a5723e05d91,Autoencoder,distinct_customers_rolling_MAD,3.789863917815641
obs_f0369a5723e05d91,Autoencoder,customer_loss_rate,1.7614508949681402
obs_f0369a5723e05d91,Autoencoder,channel_mix,1.3317707754918293
obs_9ee27a6297fa7cd5,Autoencoder,distinct_customers_rolling_MAD,1.6277784707043497
obs_9ee27a6297fa7cd5,Autoencoder,total_quantity_trend,0.504039413203666
obs_9ee27a6297fa7cd5,Autoencoder,median_price,0.3885885855857645
obs_74764a3dd73bb4d9,Autoencoder,product_mix_change,0.8026415824627388
obs_74764a3dd73bb4d9,Autoencoder,total_quantity_lag_6,0.7744971128986803
obs_74764a3dd73bb4d9,Autoencoder,simulated_actual_payout_lag_2,0.6010418295994119
obs_15046b2d2f85b636,Autoencoder,product_mix_change,0.8893610178181237
obs_15046b2d2f85b636,Autoencoder,distinct_customers_rolling_MAD,0.7455510174294256
obs_15046b2d2f85b636,Autoencoder,total_quantity_lag_3,0.7290831689972046
obs_827506a58afc0d33,Autoencoder,channel_mix,1.2931946022399192
obs_827506a58afc0d33,Autoencoder,distinct_customers_lag_6,0.5774101241078697
obs_827506a58afc0d33,Autoencoder,product_class_share,0.4390804648027091
obs_ddcfb406be3bbef5,Autoencoder,total_quantity_lag_6,0.6988067327662898
obs_ddcfb406be3bbef5,Autoencoder,distributor_mix_change,0.6474715423583796
obs_ddcfb406be3bbef5,Autoencoder,product_breadth_change,0.6360826814544025
obs_9ac16145a4603183,Autoencoder,latitude_dispersion,7.213450448433396
obs_9ac16145a4603183,Autoencoder,distinct_customers_lag_2,1.2268950265405822
obs_9ac16145a4603183,Autoencoder,distinct_customers_acceleration,0.7313190009279535
obs_c143012a3c7d3e23,Autoencoder,distinct_customers_rolling_MAD,1.1606592892580585
obs_c143012a3c7d3e23,Autoencoder,distinct_customers_lag_3,0.7617556344874858
obs_c143012a3c7d3e23,Autoencoder,average_price,0.6862690697429258
obs_5f9306c678a2af05,Autoencoder,distinct_customers_lag_2,1.5664519690097898
obs_5f9306c678a2af05,Autoencoder,product_mix_change,1.190185570012027
obs_5f9306c678a2af05,Autoencoder,distinct_customers_trend,1.106499969000433
obs_6b6ae26a93859b80,Autoencoder,product_mix_change,2.3511327527826156
obs_6b6ae26a93859b80,Autoencoder,distributor_mix_change,1.1921547972924869
obs_6b6ae26a93859b80,Autoencoder,distinct_customers_acceleration,1.1522664464054466
obs_bf158488277b06be,Autoencoder,distributor_concentration,2.7638612951482733
obs_bf158488277b06be,Autoencoder,median_price,0.7684275517737107
obs_bf158488277b06be,Autoencoder,total_quantity_rolling_MAD,0.7312121962215624
obs_36f2f572c30b9ebd,Autoencoder,distributor_mix_change,2.6030331868038408
obs_36f2f572c30b9ebd,Autoencoder,product_mix_change,2.1948943044017986
obs_36f2f572c30b9ebd,Autoencoder,total_quantity_rolling_MAD,1.3585781928333827
obs_758ab165357f3fbe,Autoencoder,product_mix_change,4.901084375203253
obs_758ab165357f3fbe,Autoencoder,country_mix,1.5118707988523903
obs_758ab165357f3fbe,Autoencoder,simulated_actual_payout_lag_12,1.1801376104076464
obs_79eb15ce7bc39cf5,Autoencoder,channel_mix,1.074687401716654
obs_79eb15ce7bc39cf5,Autoencoder,product_concentration,1.061779109937901
obs_79eb15ce7bc39cf5,Autoencoder,latitude_dispersion,1.039230457351096
obs_f9f357a15a1d30b3,Autoencoder,distinct_customers_rolling_MAD,2.2911991100959326
obs_f9f357a15a1d30b3,Autoencoder,total_quantity_year_over_year_growth,0.9725354793870388
obs_f9f357a15a1d30b3,Autoencoder,distinct_customers_team_relative,0.9484799044832952
obs_c3cf3cd3740cdfd3,Autoencoder,new_customers,3.279677785389642
obs_c3cf3cd3740cdfd3,Autoencoder,simulated_actual_payout_peer_median,2.1924999137181604
obs_c3cf3cd3740cdfd3,Autoencoder,distinct_customers_lag_6,1.7524693143666095
obs_27ff3c8d075ba86a,Autoencoder,new_customers,1.7757642339809718
obs_27ff3c8d075ba86a,Autoencoder,customer_loss_rate,1.676787770589052
obs_27ff3c8d075ba86a,Autoencoder,channel_mix,1.4791626771921704
obs_e008358a19621c85,Autoencoder,new_customers,2.1524216173444977
obs_e008358a19621c85,Autoencoder,product_mix_change,1.9170864435556176
obs_e008358a19621c85,Autoencoder,latitude_dispersion,1.3999012837061404
obs_f0314e62e3031f0c,Autoencoder,distributor_concentration,0.9429599667355024
obs_f0314e62e3031f0c,Autoencoder,distinct_customers_rolling_MAD,0.8296414021849038
obs_f0314e62e3031f0c,Autoencoder,subchannel_mix,0.8217151332494684
obs_cb5f1207a1207b21,Autoencoder,distributor_mix_change,2.6044886505213123
obs_cb5f1207a1207b21,Autoencoder,new_customers,2.3016136930627495
obs_cb5f1207a1207b21,Autoencoder,distributor_count,2.286040006964943
obs_b0d0ade04ca42c02,Autoencoder,new_customers,2.700968731947597
obs_b0d0ade04ca42c02,Autoencoder,simulated_actual_payout_peer_median,2.6029474307518106
obs_b0d0ade04ca42c02,Autoencoder,total_quantity_lag_6,2.2440466415961384
obs_6d9eb6a98e6ce65e,Autoencoder,distributor_count,6.42314020957059
obs_6d9eb6a98e6ce65e,Autoencoder,distinct_customers_rolling_MAD,4.68022830079955
obs_6d9eb6a98e6ce65e,Autoencoder,new_customers,4.314696600794107
obs_f9b7ebabd09145e0,Autoencoder,distinct_customers_rolling_MAD,3.993125466633623
obs_f9b7ebabd09145e0,Autoencoder,distinct_customers_rolling_std,3.0227946049081824
obs_f9b7ebabd09145e0,Autoencoder,latitude_dispersion,2.1573155055176554
obs_fdf88c2e4f1544de,Autoencoder,product_class_share,0.3993993393646555
obs_fdf88c2e4f1544de,Autoencoder,dominant_product_share,0.2552743437967006
obs_fdf88c2e4f1544de,Autoencoder,distributor_concentration,0.2468497298950375
obs_d31eaeda39d0b201,Autoencoder,subchannel_mix,0.5233865788016263
obs_d31eaeda39d0b201,Autoencoder,customer_concentration,0.3771144098969231
obs_d31eaeda39d0b201,Autoencoder,city_concentration,0.3559423490613681
obs_03f44d5b4a20739c,Autoencoder,distributor_mix_change,0.3966255546514547
obs_03f44d5b4a20739c,Autoencoder,latitude_dispersion,0.3636312664984252
obs_03f44d5b4a20739c,Autoencoder,product_breadth_change,0.3536272898235382
obs_5f6edc7de04065f8,Autoencoder,total_sales_rolling_MAD,7.667605579048789
obs_5f6edc7de04065f8,Autoencoder,total_quantity_rolling_MAD,5.565750933808745
obs_5f6edc7de04065f8,Autoencoder,simulated_actual_payout_rolling_MAD,0.7076589508500549
obs_2ef5e8a43e4fc8a4,Autoencoder,distributor_mix_change,1.8557370902286494
obs_2ef5e8a43e4fc8a4,Autoencoder,distributor_concentration,1.0722542644356037
obs_2ef5e8a43e4fc8a4,Autoencoder,product_mix_change,1.0592208230737696
obs_d1d278704aeda347,Autoencoder,product_mix_change,1.1822453544277092
obs_d1d278704aeda347,Autoencoder,channel_mix,0.8202427246132838
obs_d1d278704aeda347,Autoencoder,simulated_actual_payout_lag_3,0.49803653755597066
obs_f59085eb20e60d62,Autoencoder,product_mix_change,0.6875154578259036
obs_f59085eb20e60d62,Autoencoder,distinct_customers_lag_6,0.5304363677751799
obs_f59085eb20e60d62,Autoencoder,latitude_dispersion,0.5106559725029417
obs_898919677b598cdb,Autoencoder,total_quantity_rolling_MAD,1.0612999934787493
obs_898919677b598cdb,Autoencoder,subchannel_mix,0.7494766673474973
obs_898919677b598cdb,Autoencoder,product_mix_change,0.60449610269793
obs_bbf6c37af35e8fa5,Autoencoder,customer_loss_rate,0.709211493559427
obs_bbf6c37af35e8fa5,Autoencoder,simulated_actual_payout_rolling_MAD,0.6893398208767144
obs_bbf6c37af35e8fa5,Autoencoder,distributor_concentration,0.6354895118522768
obs_a0cafc24c286c5a3,Autoencoder,distributor_concentration,0.5015099521229345
obs_a0cafc24c286c5a3,Autoencoder,distinct_customers_rolling_MAD,0.34501228619632124
obs_a0cafc24c286c5a3,Autoencoder,median_price,0.3141795102917606
obs_a13a6f78c9a23b37,Autoencoder,latitude_dispersion,1.8811446337505375
obs_a13a6f78c9a23b37,Autoencoder,total_sales_rolling_MAD,0.48069594492456486
obs_a13a6f78c9a23b37,Autoencoder,distributor_concentration,0.43738022719424674
obs_5413499f6550af82,Autoencoder,channel_mix,1.3097866465782988
obs_5413499f6550af82,Autoencoder,product_mix_change,0.6503895625830336
obs_5413499f6550af82,Autoencoder,simulated_actual_payout_rolling_MAD,0.6221381047492324
obs_ba72091ed4fc516f,Autoencoder,customer_loss_rate,1.6429471842768482
obs_ba72091ed4fc516f,Autoencoder,latitude_dispersion,0.44215466539042836
obs_ba72091ed4fc516f,Autoencoder,distinct_customers_rolling_MAD,0.4301772995869439
obs_2ced491060bc0e02,Autoencoder,distinct_customers_lag_2,1.466097119706994
obs_2ced491060bc0e02,Autoencoder,latitude_dispersion,0.8175970993339648
obs_2ced491060bc0e02,Autoencoder,distinct_customers_acceleration,0.7060766553246974
obs_2b72eba85df8a400,Autoencoder,simulated_actual_payout_rolling_std,2.3562876784104585
obs_2b72eba85df8a400,Autoencoder,distinct_customers_acceleration,1.4675968645476358
obs_2b72eba85df8a400,Autoencoder,distinct_customers_lag_3,1.4400871546041414
obs_687e9a16ccb18a71,Autoencoder,distinct_customers_rolling_MAD,0.6249899582992571
obs_687e9a16ccb18a71,Autoencoder,simulated_actual_payout_history_deviation,0.6014893430924861
obs_687e9a16ccb18a71,Autoencoder,product_class_share,0.5632812557113775
obs_25be00379e2cd9c1,Autoencoder,product_breadth_change,0.7729728586410808
obs_25be00379e2cd9c1,Autoencoder,total_quantity_history_deviation,0.6976167904544291
obs_25be00379e2cd9c1,Autoencoder,simulated_actual_payout_history_deviation,0.5887814018911287
obs_9c9817d8c98930a9,Autoencoder,latitude_dispersion,1.0485029642552268
obs_9c9817d8c98930a9,Autoencoder,distinct_customers_acceleration,0.679826359927339
obs_9c9817d8c98930a9,Autoencoder,simulated_actual_payout_peer_median,0.5825611287608807
obs_57f00a19cab0d769,Autoencoder,simulated_payout_delta,54.99660469229754
obs_57f00a19cab0d769,Autoencoder,simulated_payout_delta_pct,16.890637240504184
obs_57f00a19cab0d769,Autoencoder,distributor_concentration,3.4254789842085045
obs_12b72c9640d22d65,Autoencoder,new_customers,1.320791362255851
obs_12b72c9640d22d65,Autoencoder,simulated_actual_payout_trend,1.084163110949908
obs_12b72c9640d22d65,Autoencoder,simulated_actual_payout_rolling_MAD,1.0338343124132616
obs_1366e77458f74fd4,Autoencoder,distinct_customers_rolling_MAD,2.9147780627014606
obs_1366e77458f74fd4,Autoencoder,customer_loss_rate,1.669393038314436
obs_1366e77458f74fd4,Autoencoder,simulated_actual_payout_year_over_year_growth,1.3125630712444547
obs_540588694e9cdd91,Autoencoder,distinct_customers_rolling_MAD,2.8452243922526113
obs_540588694e9cdd91,Autoencoder,latitude_dispersion,2.3006430888690095
obs_540588694e9cdd91,Autoencoder,channel_mix,0.9910577434600173
obs_31a004ba64edc6bd,Autoencoder,distinct_customers_rolling_MAD,2.2327939246973174
obs_31a004ba64edc6bd,Autoencoder,distributor_mix_change,1.9431134819332556
obs_31a004ba64edc6bd,Autoencoder,distinct_customers_team_relative,1.3962965750157608
obs_2031544166a18f49,Autoencoder,new_customers,6.846802836355971
obs_2031544166a18f49,Autoencoder,distinct_customers_rolling_MAD,2.4321571619660616
obs_2031544166a18f49,Autoencoder,country_mix,1.321447788340858
obs_1440a4b8b224df45,Autoencoder,new_customers,2.9659851118157046
obs_1440a4b8b224df45,Autoencoder,distributor_count,2.601446478368638
obs_1440a4b8b224df45,Autoencoder,product_class_share,1.6529488568234345
obs_505c2d519359e370,Autoencoder,simulated_actual_payout_peer_median,3.6272792954641386
obs_505c2d519359e370,Autoencoder,distinct_customers_lag_6,2.720043187247836
obs_505c2d519359e370,Autoencoder,distinct_products,2.195917835984138
obs_e4f9db585bca2fe8,Autoencoder,new_customers,7.344397311818887
obs_e4f9db585bca2fe8,Autoencoder,product_breadth_change,4.827838230355733
obs_e4f9db585bca2fe8,Autoencoder,distributor_count,4.633121829108072
obs_013dfe8d1044aceb,Autoencoder,distinct_customers_rolling_MAD,3.6179164078458492
obs_013dfe8d1044aceb,Autoencoder,distinct_customers_rolling_std,3.048548462592135
obs_013dfe8d1044aceb,Autoencoder,new_customers,2.808442523585458
obs_ea119cd8b582a91a,Autoencoder,channel_mix,3.7522277722604276
obs_ea119cd8b582a91a,Autoencoder,distributor_concentration,0.5204714398228124
obs_ea119cd8b582a91a,Autoencoder,product_class_share,0.2887176800297619
obs_29e6404898639c43,Autoencoder,total_quantity_history_deviation,0.46244839413929867
obs_29e6404898639c43,Autoencoder,latitude_dispersion,0.32750236808378247
obs_29e6404898639c43,Autoencoder,total_sales_history_deviation,0.22441539124881038
obs_3c46ed10a05688e5,Autoencoder,distinct_customers_rolling_std,0.9595630106617205
obs_3c46ed10a05688e5,Autoencoder,latitude_dispersion,0.9227386189560718
obs_3c46ed10a05688e5,Autoencoder,total_sales_peer_z,0.4598419965891675
obs_bb4bd199498fac5e,Autoencoder,distinct_customers_rolling_MAD,5.3998895566472545
obs_bb4bd199498fac5e,Autoencoder,customer_loss_rate,0.7732339665212743
obs_bb4bd199498fac5e,Autoencoder,product_mix_change,0.7443619749363473
obs_e9ac9fd753c35046,Autoencoder,simulated_actual_payout_rolling_std,1.172170512410147
obs_e9ac9fd753c35046,Autoencoder,simulated_actual_payout_rolling_mean_6,0.5747194150236501
obs_e9ac9fd753c35046,Autoencoder,product_breadth_change,0.5388181205730462
obs_a5ec35f7cd908c51,Autoencoder,total_quantity_rolling_MAD,2.8068900171981515
obs_a5ec35f7cd908c51,Autoencoder,simulated_actual_payout_rolling_std,1.3373661634292069
obs_a5ec35f7cd908c51,Autoencoder,distributor_concentration,0.8504244299542767
obs_79f025bb263690b4,Autoencoder,product_class_share,0.5803082562399392
obs_79f025bb263690b4,Autoencoder,channel_mix,0.4222981167247077
obs_79f025bb263690b4,Autoencoder,product_breadth_change,0.3395766099704409
obs_1f844b72e5f364c8,Autoencoder,distinct_customers_rolling_MAD,1.5190428453177482
obs_1f844b72e5f364c8,Autoencoder,distributor_mix_change,1.0819425991381446
obs_1f844b72e5f364c8,Autoencoder,product_breadth_change,0.8775517838014792
obs_c89e98db60cfa754,Autoencoder,distinct_customers_rolling_MAD,1.2654402425777298
obs_c89e98db60cfa754,Autoencoder,simulated_actual_payout_rolling_MAD,0.7098068708313328
obs_c89e98db60cfa754,Autoencoder,product_breadth_change,0.5469932990264564
obs_41423822fd53cf18,Autoencoder,distinct_customers_rolling_MAD,1.6941363980128017
obs_41423822fd53cf18,Autoencoder,customer_loss_rate,1.057682650309726
obs_41423822fd53cf18,Autoencoder,product_mix_change,0.9385420489201565
obs_98574d9990103b33,Autoencoder,distinct_customers_rolling_MAD,1.3016577469253814
obs_98574d9990103b33,Autoencoder,customer_loss_rate,1.0996932913152697
obs_98574d9990103b33,Autoencoder,distinct_customers_rolling_std,0.7394015170404952
obs_0d63ec705e2fafe9,Autoencoder,product_mix_change,4.491844445161805
obs_0d63ec705e2fafe9,Autoencoder,customer_loss_rate,1.4950415116868339
obs_0d63ec705e2fafe9,Autoencoder,distinct_customers_rolling_MAD,0.9516060681285287
obs_6e033e03991c566a,Autoencoder,distinct_customers_rolling_MAD,2.139153725082862
obs_6e033e03991c566a,Autoencoder,product_breadth_change,1.6992031245320132
obs_6e033e03991c566a,Autoencoder,simulated_actual_payout_lag_12,0.6443889706818761
obs_1da0dd151ad70305,Autoencoder,product_mix_change,3.2490911294940727
obs_1da0dd151ad70305,Autoencoder,distinct_customers_rolling_MAD,2.5740222555272694
obs_1da0dd151ad70305,Autoencoder,distinct_customers_lag_3,0.743977857947349
obs_5a676355300925de,Autoencoder,distinct_customers_lag_2,0.7670628209941718
obs_5a676355300925de,Autoencoder,distinct_customers_acceleration,0.6765539393284088
obs_5a676355300925de,Autoencoder,product_mix_change,0.607939814204962
obs_030647de3fbd3ed3,Autoencoder,simulated_actual_payout_lag_12,0.5603094550792405
obs_030647de3fbd3ed3,Autoencoder,latitude_dispersion,0.40544458383128484
obs_030647de3fbd3ed3,Autoencoder,product_mix_change,0.3358172362420227
obs_d983232522da960c,Autoencoder,simulated_actual_payout_lag_12,1.2941066372934131
obs_d983232522da960c,Autoencoder,distinct_customers_rolling_MAD,1.0978731666168264
obs_d983232522da960c,Autoencoder,total_sales_lag_12,0.7164494505400352
obs_3e520ca6a4f92327,Autoencoder,new_customers,0.5318178347342885
obs_3e520ca6a4f92327,Autoencoder,latitude_dispersion,0.3351220117705576
obs_3e520ca6a4f92327,Autoencoder,customer_loss_rate,0.32050521535671317
obs_64dc226cbbe48716,Autoencoder,distinct_customers_rolling_MAD,2.891405857403497
obs_64dc226cbbe48716,Autoencoder,product_mix_change,2.731850363574873
obs_64dc226cbbe48716,Autoencoder,new_customers,1.2799547348425433
obs_d5bb39d965bf44e1,Autoencoder,simulated_payout_delta,43.22099325287185
obs_d5bb39d965bf44e1,Autoencoder,simulated_payout_delta_pct,18.703095721068188
obs_d5bb39d965bf44e1,Autoencoder,simulated_actual_payout,1.5697474595003607
obs_c9d5c7a6cd1c0ddb,Autoencoder,new_customers,2.7756773392044254
obs_c9d5c7a6cd1c0ddb,Autoencoder,distinct_customers_rolling_MAD,2.3960196056696117
obs_c9d5c7a6cd1c0ddb,Autoencoder,simulated_actual_payout_month_over_month_growth,1.140788569170243
obs_2a3a9d586a42d313,Autoencoder,new_customers,4.459808927884004
obs_2a3a9d586a42d313,Autoencoder,distinct_customers_lag_6,1.7236068870962697
obs_2a3a9d586a42d313,Autoencoder,simulated_actual_payout_lag_12,1.608186225100988
obs_4ae98a1dd3053168,Autoencoder,simulated_actual_payout_trend,2.9808580934702564
obs_4ae98a1dd3053168,Autoencoder,new_customers,2.4971260674836238
obs_4ae98a1dd3053168,Autoencoder,simulated_actual_payout_lag_3,1.9616920343881095
obs_52a0b609d3df34dc,Autoencoder,new_customers,7.0752816843048345
obs_52a0b609d3df34dc,Autoencoder,latitude_dispersion,0.9774030495706745
obs_52a0b609d3df34dc,Autoencoder,subchannel_mix,0.959289320184786
obs_544200e66770d25d,Autoencoder,simulated_payout_to_sales_ratio,153.98569246083434
obs_544200e66770d25d,Autoencoder,customer_loss_rate,75.93576746967265
obs_544200e66770d25d,Autoencoder,total_sales_rolling_MAD,14.494489733643567
obs_6761f6d2bc1f430a,Autoencoder,total_sales_month_over_month_growth,29.55994343871446
obs_6761f6d2bc1f430a,Autoencoder,total_sales_acceleration,13.222873887833124
obs_6761f6d2bc1f430a,Autoencoder,new_customers,10.276439577979994
obs_b7ff122d6e4264f7,Autoencoder,new_customers,18.40949955829993
obs_b7ff122d6e4264f7,Autoencoder,total_sales_lag_2,14.160838925062066
obs_b7ff122d6e4264f7,Autoencoder,total_sales_acceleration,13.009391475295068
obs_df3487c4a9702f65,Autoencoder,total_sales_lag_3,15.976537715163753
obs_df3487c4a9702f65,Autoencoder,total_sales_trend,13.062070592578989
obs_df3487c4a9702f65,Autoencoder,distinct_customers_lag_6,6.143881060667223
obs_220618d6ebb74e72,Autoencoder,distributor_count,0.3556475060999196
obs_220618d6ebb74e72,Autoencoder,channel_mix,0.3260929426723134
obs_220618d6ebb74e72,Autoencoder,product_class_share,0.21207259450427615
obs_8d0c9b21ff277234,Autoencoder,channel_mix,1.5166240013985703
obs_8d0c9b21ff277234,Autoencoder,product_mix_change,0.531122457377331
obs_8d0c9b21ff277234,Autoencoder,subchannel_mix,0.4889759403457538
obs_460efe3930c7226d,Autoencoder,latitude_dispersion,0.4810004727582794
obs_460efe3930c7226d,Autoencoder,total_sales_rolling_std,0.3413708844285497
obs_460efe3930c7226d,Autoencoder,distributor_mix_change,0.3368648323334202
obs_b85150d9017d6ac5,Autoencoder,total_quantity_rolling_MAD,10.892399946805002
obs_b85150d9017d6ac5,Autoencoder,total_sales_rolling_MAD,3.931847382074488
obs_b85150d9017d6ac5,Autoencoder,total_quantity_history_deviation,1.815499836841916
obs_a02b9608b4dc1543,Autoencoder,product_breadth_change,2.2189277835846597
obs_a02b9608b4dc1543,Autoencoder,distributor_mix_change,1.999349797764757
obs_a02b9608b4dc1543,Autoencoder,latitude_dispersion,0.9726326530982027
obs_18a134012c80a257,Autoencoder,simulated_actual_payout_rolling_std,0.7072796611233593
obs_18a134012c80a257,Autoencoder,total_quantity_history_deviation,0.5925950671629513
obs_18a134012c80a257,Autoencoder,latitude_dispersion,0.5560093240684237
obs_aca7bb4d66b6ccdb,Autoencoder,distributor_concentration,0.7708636348513916
obs_aca7bb4d66b6ccdb,Autoencoder,customer_loss_rate,0.6313477673108381
obs_aca7bb4d66b6ccdb,Autoencoder,product_mix_change,0.3296587414471038
obs_82e573d1027ade26,Autoencoder,simulated_actual_payout_rolling_MAD,0.6230637607373624
obs_82e573d1027ade26,Autoencoder,product_breadth_change,0.5864699277105017
obs_82e573d1027ade26,Autoencoder,distinct_customers_history_deviation,0.4663705466590044
obs_47030c7ee6393c51,Autoencoder,customer_loss_rate,1.303142010201137
obs_47030c7ee6393c51,Autoencoder,distinct_customers_rolling_MAD,1.03136345350204
obs_47030c7ee6393c51,Autoencoder,latitude_dispersion,0.708575885736434
obs_31cda9fd77ac38eb,Autoencoder,customer_loss_rate,1.2673279868509286
obs_31cda9fd77ac38eb,Autoencoder,latitude_dispersion,0.851743704744753
obs_31cda9fd77ac38eb,Autoencoder,distinct_customers_rolling_MAD,0.8476519518933313
obs_e42e64505762034d,Autoencoder,distinct_customers_lag_2,1.053852028826257
obs_e42e64505762034d,Autoencoder,customer_loss_rate,1.0151246363945592
obs_e42e64505762034d,Autoencoder,latitude_dispersion,0.919358403882462
obs_76b95deab9fc0586,Autoencoder,distinct_customers_lag_3,1.223476978294146
obs_76b95deab9fc0586,Autoencoder,distinct_customers_team_relative,0.7455698046825947
obs_76b95deab9fc0586,Autoencoder,distinct_customers_rolling_MAD,0.7163810989770051
obs_6f7636554830f20b,Autoencoder,total_quantity_rolling_median,0.7043856187624217
obs_6f7636554830f20b,Autoencoder,total_quantity_year_over_year_growth,0.647134019630592
obs_6f7636554830f20b,Autoencoder,distinct_customers_rolling_MAD,0.48594599673979305
obs_464d7b13032ffc34,Autoencoder,product_breadth_change,0.7739172542674277
obs_464d7b13032ffc34,Autoencoder,distinct_customers_lag_2,0.6745414088513925
obs_464d7b13032ffc34,Autoencoder,total_quantity_rolling_MAD,0.5353932153798782
obs_dfc2144b90132e20,Autoencoder,customer_loss_rate,0.7878012955994518
obs_dfc2144b90132e20,Autoencoder,distributor_mix_change,0.719466155480668
obs_dfc2144b90132e20,Autoencoder,product_mix_change,0.6713335602266752
obs_018b6cdb3d6be9a0,Autoencoder,distributor_concentration,1.1400034524851557
obs_018b6cdb3d6be9a0,Autoencoder,product_breadth_change,0.4879752798864639
obs_018b6cdb3d6be9a0,Autoencoder,distributor_mix_change,0.48058351611541666
obs_c2070daf0f4d7c4a,Autoencoder,simulated_actual_payout_rolling_MAD,0.786305941286137
obs_c2070daf0f4d7c4a,Autoencoder,new_customers,0.5432942239971843
obs_c2070daf0f4d7c4a,Autoencoder,distinct_customers_rolling_MAD,0.491118653746292
obs_7a911d3ed08817e4,Autoencoder,total_sales_year_over_year_growth,1.230484280023285
obs_7a911d3ed08817e4,Autoencoder,total_quantity_year_over_year_growth,1.1636198633841364
obs_7a911d3ed08817e4,Autoencoder,channel_mix,0.8010067961966201
obs_a3b64a1d9c420961,Autoencoder,latitude_dispersion,0.9476458710418899
obs_a3b64a1d9c420961,Autoencoder,simulated_actual_payout_lag_12,0.9424755138116737
obs_a3b64a1d9c420961,Autoencoder,simulated_actual_payout_rolling_std,0.7981664858530789
obs_d898c82ae6184281,Autoencoder,distinct_customers_rolling_std,1.1115810922268239
obs_d898c82ae6184281,Autoencoder,total_quantity_rolling_median,0.8874363633507804
obs_d898c82ae6184281,Autoencoder,distinct_customers_lag_6,0.8205473227262794
obs_785cb2443567e3c5,Autoencoder,total_quantity_rolling_median,1.666312632735925
obs_785cb2443567e3c5,Autoencoder,distinct_customers_rolling_MAD,1.2380540914294003
obs_785cb2443567e3c5,Autoencoder,total_sales_rolling_median,1.2197247929455506
obs_6fee769e25886197,Autoencoder,new_customers,3.448128262162183
obs_6fee769e25886197,Autoencoder,simulated_actual_payout_lag_12,1.7594024211527934
obs_6fee769e25886197,Autoencoder,distinct_customers_rolling_std,1.7577975958856475
obs_5c7c9a00cb1afea5,Autoencoder,distinct_customers_rolling_MAD,4.557105455304624
obs_5c7c9a00cb1afea5,Autoencoder,new_customers,3.5468152921298643
obs_5c7c9a00cb1afea5,Autoencoder,distinct_customers_rolling_std,1.3678766683569827
obs_6a0f452b826e0edd,Autoencoder,product_mix_change,5.000934016973424
obs_6a0f452b826e0edd,Autoencoder,new_customers,3.290056885544087
obs_6a0f452b826e0edd,Autoencoder,distributor_concentration,1.995109951890401
obs_b3f68c2042acdbc1,Autoencoder,new_customers,7.008445104277611
obs_b3f68c2042acdbc1,Autoencoder,latitude_dispersion,2.002141628993001
obs_b3f68c2042acdbc1,Autoencoder,distributor_count,1.3801865476874455
obs_87560cbf7dfb56cf,Autoencoder,new_customers,3.029689311825645
obs_87560cbf7dfb56cf,Autoencoder,distinct_customers_lag_6,2.2649463376130705
obs_87560cbf7dfb56cf,Autoencoder,simulated_actual_payout_peer_median,1.3429511392663755
obs_bdbb5cd3eeada6d3,Autoencoder,product_mix_change,9.203910179339216
obs_bdbb5cd3eeada6d3,Autoencoder,new_customers,5.526696917762741
obs_bdbb5cd3eeada6d3,Autoencoder,distinct_customers_rolling_MAD,2.938336464329996
obs_82d2ebba38eb998a,Autoencoder,new_customers,17.35066292691264
obs_82d2ebba38eb998a,Autoencoder,distributor_concentration,4.857526514566106
obs_82d2ebba38eb998a,Autoencoder,distinct_customers_rolling_MAD,4.161340508908317
obs_4b1e4f723392580c,Autoencoder,latitude_dispersion,2.73229780878004
obs_4b1e4f723392580c,Autoencoder,subchannel_mix,0.33248898581846115
obs_4b1e4f723392580c,Autoencoder,product_class_share,0.2305591105056865
obs_b02041cefb822f98,Autoencoder,distributor_concentration,1.1682286638633392
obs_b02041cefb822f98,Autoencoder,distributor_mix_change,0.4273077271429229
obs_b02041cefb822f98,Autoencoder,distinct_customers_history_deviation,0.3286662299265412
obs_a2890d47f268917e,Autoencoder,distinct_customers_rolling_std,2.2791879019718815
obs_a2890d47f268917e,Autoencoder,product_mix_change,0.5115476799150592
obs_a2890d47f268917e,Autoencoder,distinct_customers_trend,0.42203502175259333
obs_b623d1b9ab87cc4e,Autoencoder,latitude_dispersion,4.435991462083005
obs_b623d1b9ab87cc4e,Autoencoder,simulated_actual_payout_rolling_MAD,2.096533961270457
obs_b623d1b9ab87cc4e,Autoencoder,distinct_customers_rolling_MAD,1.495131786303969
obs_4b2b254e670a4daa,Autoencoder,subchannel_mix,3.077660184488503
obs_4b2b254e670a4daa,Autoencoder,simulated_actual_payout_rolling_MAD,2.527114876493335
obs_4b2b254e670a4daa,Autoencoder,distributor_mix_change,2.0522045470752293
obs_986e27d057aebeef,Autoencoder,simulated_actual_payout_rolling_MAD,3.4534925176218048
obs_986e27d057aebeef,Autoencoder,total_sales_rolling_MAD,1.6981853711276522
obs_986e27d057aebeef,Autoencoder,simulated_actual_payout_history_deviation,1.5307463754600987
obs_6df6c63d321a3bc5,Autoencoder,simulated_actual_payout_rolling_MAD,1.543606043679616
obs_6df6c63d321a3bc5,Autoencoder,total_sales_rolling_MAD,1.3574164705303495
obs_6df6c63d321a3bc5,Autoencoder,simulated_actual_payout_history_deviation,1.275894690827879
obs_2cb1ed1b720138fe,Autoencoder,total_quantity_rolling_MAD,1.3284185278011902
obs_2cb1ed1b720138fe,Autoencoder,simulated_actual_payout_rolling_median,0.6940974281891252
obs_2cb1ed1b720138fe,Autoencoder,latitude_dispersion,0.6893087428923496
obs_0bd852db3417d874,Autoencoder,total_quantity_rolling_MAD,2.6559201886221535
obs_0bd852db3417d874,Autoencoder,latitude_dispersion,2.58106252185232
obs_0bd852db3417d874,Autoencoder,total_quantity_history_deviation,0.8158783300995236
obs_a8c028f293e60c30,Autoencoder,product_breadth_change,0.5554334409680147
obs_a8c028f293e60c30,Autoencoder,product_mix_change,0.4827683940797087
obs_a8c028f293e60c30,Autoencoder,total_sales_history_deviation,0.3343193648493346
obs_a630c5ce5ee491e2,Autoencoder,product_mix_change,1.6005736346858173
obs_a630c5ce5ee491e2,Autoencoder,distributor_mix_change,0.87352365479856
obs_a630c5ce5ee491e2,Autoencoder,latitude_dispersion,0.5735456369528623
obs_e829c5936286fd07,Autoencoder,customer_loss_rate,0.8160708414244168
obs_e829c5936286fd07,Autoencoder,simulated_actual_payout_history_deviation,0.7878389299089965
obs_e829c5936286fd07,Autoencoder,total_sales_rolling_MAD,0.7594414181637658
obs_7411414a25388997,Autoencoder,total_quantity_peer_median,1.0327928754417883
obs_7411414a25388997,Autoencoder,total_sales_peer_median,0.881039544284307
obs_7411414a25388997,Autoencoder,total_quantity_rolling_MAD,0.7967489757217873
obs_7e69d007fcbc1812,Autoencoder,total_sales_peer_z,0.9382607958817956
obs_7e69d007fcbc1812,Autoencoder,customer_loss_rate,0.7900874686764058
obs_7e69d007fcbc1812,Autoencoder,distinct_customers_lag_2,0.6657625931936939
obs_f3e078cb43e091fb,Autoencoder,latitude_dispersion,2.225951384477513
obs_f3e078cb43e091fb,Autoencoder,distributor_mix_change,0.6324428083857679
obs_f3e078cb43e091fb,Autoencoder,product_class_share,0.5059628997796484
obs_eda8448f318d7d99,Autoencoder,distributor_concentration,1.0938405699482785
obs_eda8448f318d7d99,Autoencoder,total_quantity_peer_median,0.8269138646156065
obs_eda8448f318d7d99,Autoencoder,total_quantity_rolling_MAD,0.7939915519534736
obs_235da8cf622eed41,Autoencoder,total_quantity_lag_12,0.6700089118581293
obs_235da8cf622eed41,Autoencoder,distributor_mix_change,0.5762387741272514
obs_235da8cf622eed41,Autoencoder,total_sales_lag_12,0.516726791397499
obs_ccac97308d514ae7,Autoencoder,latitude_dispersion,1.798157808670413
obs_ccac97308d514ae7,Autoencoder,distinct_customers_rolling_MAD,1.2013022973948695
obs_ccac97308d514ae7,Autoencoder,total_sales_peer_z,0.7640377702597484
obs_0a2c57408a82d081,Autoencoder,distinct_customers_rolling_MAD,2.559634734214872
obs_0a2c57408a82d081,Autoencoder,distinct_customers_rolling_std,1.0862454889846587
obs_0a2c57408a82d081,Autoencoder,simulated_actual_payout_lag_12,0.6033202143967394
obs_99666595eaf64012,Autoencoder,distinct_customers_rolling_std,2.891317708189282
obs_99666595eaf64012,Autoencoder,distinct_customers_rolling_MAD,2.484773664783409
obs_99666595eaf64012,Autoencoder,country_mix,1.2105157477501642
obs_cb214b6fe2efad71,Autoencoder,distinct_customers_rolling_MAD,3.528731827128954
obs_cb214b6fe2efad71,Autoencoder,distinct_customers_rolling_std,2.8550316764140002
obs_cb214b6fe2efad71,Autoencoder,simulated_actual_payout_year_over_year_growth,1.342423094298038
obs_33f64c9fdbca41fc,Autoencoder,distinct_customers_rolling_MAD,1.817017164090062
obs_33f64c9fdbca41fc,Autoencoder,latitude_dispersion,1.6769678101784538
obs_33f64c9fdbca41fc,Autoencoder,distinct_customers_rolling_std,1.5682203839052924
obs_5a9f60cbcf4e7567,Autoencoder,distinct_customers_rolling_MAD,1.7849009817660375
obs_5a9f60cbcf4e7567,Autoencoder,distinct_customers_rolling_std,1.1262738729380786
obs_5a9f60cbcf4e7567,Autoencoder,distributor_mix_change,0.9540538305643194
obs_ab532998711e3596,Autoencoder,latitude_dispersion,3.0116095248351082
obs_ab532998711e3596,Autoencoder,new_customers,1.5598715209544864
obs_ab532998711e3596,Autoencoder,total_quantity_rolling_MAD,1.2561540982024193
obs_dc9dbb42301f79c4,Autoencoder,new_customers,5.076529299807692
obs_dc9dbb42301f79c4,Autoencoder,total_quantity_peer_median,1.3654122125114898
obs_dc9dbb42301f79c4,Autoencoder,distributor_count,1.0811587512210579
obs_f5e46cff1749afa3,Autoencoder,new_customers,12.367714982643074
obs_f5e46cff1749afa3,Autoencoder,simulated_actual_payout_peer_median,2.9922268382084263
obs_f5e46cff1749afa3,Autoencoder,distinct_customers_lag_6,2.2549087413569127
obs_bbea40fafaf3160d,Autoencoder,simulated_payout_delta,50.00043115123887
obs_bbea40fafaf3160d,Autoencoder,simulated_payout_delta_pct,19.22135163624952
obs_bbea40fafaf3160d,Autoencoder,distributor_count,5.176309017260008
obs_c2446c7ada9c04b4,Autoencoder,new_customers,5.499341687924309
obs_c2446c7ada9c04b4,Autoencoder,distinct_customers_rolling_MAD,4.7096281428474915
obs_c2446c7ada9c04b4,Autoencoder,distinct_customers_rolling_std,3.566976275121956
obs_55c0ac9d93c87406,Autoencoder,channel_mix,2.072385651502443
obs_55c0ac9d93c87406,Autoencoder,latitude_dispersion,1.534026545079052
obs_55c0ac9d93c87406,Autoencoder,distributor_concentration,0.5471254044497312
obs_99292efbee0bba6e,Autoencoder,total_quantity_peer_median,0.6515297004469548
obs_99292efbee0bba6e,Autoencoder,product_breadth_change,0.45070783611798987
obs_99292efbee0bba6e,Autoencoder,distributor_concentration,0.4387319721279938
obs_5ca60e71a0e55f7e,Autoencoder,total_sales_rolling_std,1.510888332137151
obs_5ca60e71a0e55f7e,Autoencoder,latitude_dispersion,1.337025180608977
obs_5ca60e71a0e55f7e,Autoencoder,total_quantity_peer_country_product_class_relative,0.6150381773881113
obs_9a50740a1690c2a2,Autoencoder,distributor_concentration,1.333832945025119
obs_9a50740a1690c2a2,Autoencoder,distinct_customers_rolling_MAD,1.1717261372032877
obs_9a50740a1690c2a2,Autoencoder,total_quantity_lag_1,0.874213311442271
obs_f1a9fbc1233c1ba8,Autoencoder,simulated_actual_payout_rolling_std,1.4302684541425348
obs_f1a9fbc1233c1ba8,Autoencoder,total_sales_rolling_MAD,1.2968954974928515
obs_f1a9fbc1233c1ba8,Autoencoder,total_quantity_rolling_MAD,1.1490551152251949
obs_2eeedc6f4e05fb88,Autoencoder,simulated_actual_payout_rolling_std,1.8340460795363203
obs_2eeedc6f4e05fb88,Autoencoder,simulated_actual_payout_peer_z,1.2903705043094535
obs_2eeedc6f4e05fb88,Autoencoder,product_mix_change,1.1400161389817387
obs_0308328d3d22cd88,Autoencoder,channel_mix,4.951011136183683
obs_0308328d3d22cd88,Autoencoder,distributor_mix_change,1.1795763960487762
obs_0308328d3d22cd88,Autoencoder,product_mix_change,0.6664263813181858
obs_45950e1d8e9d509e,Autoencoder,product_mix_change,0.5267168194307407
obs_45950e1d8e9d509e,Autoencoder,total_quantity_history_deviation,0.4680737226371487
obs_45950e1d8e9d509e,Autoencoder,latitude_dispersion,0.39019957901267516
obs_f372f7bbdcaf4ed9,Autoencoder,total_quantity_rolling_MAD,2.3638547624378816
obs_f372f7bbdcaf4ed9,Autoencoder,total_sales_rolling_MAD,1.2302053171629896
obs_f372f7bbdcaf4ed9,Autoencoder,distributor_concentration,1.1635159086112896
obs_b287274dc3e2bfc4,Autoencoder,total_sales_peer_z,1.7964844443493675
obs_b287274dc3e2bfc4,Autoencoder,total_quantity_lag_6,0.9595621283986574
obs_b287274dc3e2bfc4,Autoencoder,latitude_dispersion,0.6692223448078485
obs_0c0d159935f7ba75,Autoencoder,channel_mix,0.5019347229408649
obs_0c0d159935f7ba75,Autoencoder,product_breadth_change,0.3617581629687897
obs_0c0d159935f7ba75,Autoencoder,product_class_share,0.3298254994480357
obs_8317edcb7213f4f0,Autoencoder,product_mix_change,1.189879247585322
obs_8317edcb7213f4f0,Autoencoder,new_customers,1.0240585956641306
obs_8317edcb7213f4f0,Autoencoder,distinct_customers_rolling_MAD,0.871317062415559
obs_5c78a14fe3cb1b79,Autoencoder,product_mix_change,1.2118515876318103
obs_5c78a14fe3cb1b79,Autoencoder,product_breadth_change,0.8381309250747011
obs_5c78a14fe3cb1b79,Autoencoder,simulated_actual_payout_lag_12,0.7703049115986823
obs_8c2c30ad7d34d40f,Autoencoder,latitude_dispersion,1.2139550750343946
obs_8c2c30ad7d34d40f,Autoencoder,country_mix,0.46544277475927526
obs_8c2c30ad7d34d40f,Autoencoder,product_mix_change,0.4485217439832313
obs_92eea3b84d8c6330,Autoencoder,channel_mix,4.486641149609995
obs_92eea3b84d8c6330,Autoencoder,distributor_concentration,2.6968198223294246
obs_92eea3b84d8c6330,Autoencoder,total_sales_year_over_year_growth,1.9360242612508933
obs_7ecbbd24eedbbb7a,Autoencoder,simulated_actual_payout_peer_median,1.7069246566647234
obs_7ecbbd24eedbbb7a,Autoencoder,product_mix_change,1.42615848802887
obs_7ecbbd24eedbbb7a,Autoencoder,country_mix,0.7045722994320957
obs_7f83d8a69acb1c6a,Autoencoder,total_sales_rolling_MAD,2.370163023040624
obs_7f83d8a69acb1c6a,Autoencoder,total_quantity_rolling_std,2.113711990717561
obs_7f83d8a69acb1c6a,Autoencoder,total_sales_rolling_std,1.9136619853581442
obs_a939b40c6b9a5cf9,Autoencoder,distributor_mix_change,2.4065685393928815
obs_a939b40c6b9a5cf9,Autoencoder,total_quantity_rolling_std,1.0415899755399427
obs_a939b40c6b9a5cf9,Autoencoder,total_sales_rolling_std,0.9653478329154138
obs_d69487577a66e73f,Autoencoder,distributor_mix_change,1.3109021915530825
obs_d69487577a66e73f,Autoencoder,total_sales_peer_median,1.2680032385733233
obs_d69487577a66e73f,Autoencoder,product_mix_change,1.2187138850051207
obs_861c756cce74bbdd,Autoencoder,distributor_concentration,1.2545324603762937
obs_861c756cce74bbdd,Autoencoder,country_mix,0.8587745666928825
obs_861c756cce74bbdd,Autoencoder,total_sales_peer_country_product_class_relative,0.7030247125513716
obs_b79a469d0bc13e12,Autoencoder,new_customers,1.2375955446843907
obs_b79a469d0bc13e12,Autoencoder,distinct_customers_lag_6,1.1659178428457984
obs_b79a469d0bc13e12,Autoencoder,total_quantity_rolling_median,0.7080532370588148
obs_1ec60d200bdb767e,Autoencoder,distinct_customers_rolling_MAD,2.4319939677508726
obs_1ec60d200bdb767e,Autoencoder,new_customers,2.2699788981638203
obs_1ec60d200bdb767e,Autoencoder,product_mix_change,1.9645338970691753
obs_14a4bb5dfce4659d,Autoencoder,new_customers,2.5038846349773936
obs_14a4bb5dfce4659d,Autoencoder,distinct_customers_rolling_MAD,2.07238510625287
obs_14a4bb5dfce4659d,Autoencoder,product_mix_change,1.863013292813217
obs_f820b020c2316376,Autoencoder,new_customers,1.9312944432460382
obs_f820b020c2316376,Autoencoder,product_class_share,1.6674505765215966
obs_f820b020c2316376,Autoencoder,distributor_count,0.9221715982594176
obs_5f9377be2bcbc53f,Autoencoder,new_customers,4.836696484821467
obs_5f9377be2bcbc53f,Autoencoder,distributor_count,2.6284300364826807
obs_5f9377be2bcbc53f,Autoencoder,total_quantity_peer_country_product_class_relative,2.3402841264245993
obs_1f76a87ebe43803c,Autoencoder,new_customers,5.142017647070946
obs_1f76a87ebe43803c,Autoencoder,simulated_actual_payout_peer_median,2.946278271487947
obs_1f76a87ebe43803c,Autoencoder,distinct_customers_lag_6,2.80275693611407
obs_464290d1950a19cb,Autoencoder,distinct_customers_rolling_MAD,4.657879238888745
obs_464290d1950a19cb,Autoencoder,total_sales_lag_12,4.104163592617061
obs_464290d1950a19cb,Autoencoder,distributor_count,3.232940272716863
obs_d5f0a6bcbc4941e9,Autoencoder,new_customers,5.162378229926175
obs_d5f0a6bcbc4941e9,Autoencoder,distinct_customers_rolling_MAD,3.8785192699533266
obs_d5f0a6bcbc4941e9,Autoencoder,distributor_count,2.9811421426526894
obs_dbdd6564b80c07ad,Autoencoder,simulated_payout_to_sales_ratio,2.2731281284992453
obs_dbdd6564b80c07ad,Autoencoder,latitude_dispersion,1.9312338788765262
obs_dbdd6564b80c07ad,Autoencoder,customer_loss_rate,1.2038069461609782
obs_91f1be5d8a6fed77,Autoencoder,product_breadth_change,0.801752758502014
obs_91f1be5d8a6fed77,Autoencoder,simulated_payout_to_sales_ratio,0.5172409416872872
obs_91f1be5d8a6fed77,Autoencoder,simulated_actual_payout_peer_percentile,0.3950383524951666
obs_db60a9b442d1664a,Autoencoder,distributor_mix_change,2.0515751289756183
obs_db60a9b442d1664a,Autoencoder,simulated_payout_to_sales_ratio,0.7624568060288665
obs_db60a9b442d1664a,Autoencoder,distinct_customers_rolling_std,0.6582156196012248
obs_6e536b1d10b9f955,Autoencoder,total_sales_rolling_MAD,3.213990850526119
obs_6e536b1d10b9f955,Autoencoder,distinct_customers_rolling_MAD,1.065219866710366
obs_6e536b1d10b9f955,Autoencoder,simulated_actual_payout_rolling_MAD,1.0651157650179068
obs_08a7588135104db9,Autoencoder,distinct_customers_lag_6,0.6156450028174313
obs_08a7588135104db9,Autoencoder,total_sales_rolling_std,0.5654439610046724
obs_08a7588135104db9,Autoencoder,simulated_actual_payout_rolling_MAD,0.48385342615451576
obs_a0d15e4c6ba6ca93,Autoencoder,distributor_concentration,1.162904959662689
obs_a0d15e4c6ba6ca93,Autoencoder,latitude_dispersion,0.7530646331239479
obs_a0d15e4c6ba6ca93,Autoencoder,simulated_actual_payout_peer_median,0.5259416981952166
obs_f3a7cf1c3a77ff65,Autoencoder,subchannel_mix,3.412786775153314
obs_f3a7cf1c3a77ff65,Autoencoder,distributor_concentration,1.2425153943475162
obs_f3a7cf1c3a77ff65,Autoencoder,channel_mix,1.047316948675552
obs_a0c9ed0605d9a493,Autoencoder,total_quantity_peer_z,1.8459509491206922
obs_a0c9ed0605d9a493,Autoencoder,latitude_dispersion,0.93514184997016
obs_a0c9ed0605d9a493,Autoencoder,product_mix_change,0.5248103572498138
obs_6b0e65cd1e96dfe4,Autoencoder,distributor_concentration,1.0738100722298567
obs_6b0e65cd1e96dfe4,Autoencoder,customer_loss_rate,0.7506453730790665
obs_6b0e65cd1e96dfe4,Autoencoder,product_breadth_change,0.4224046760534586
obs_266d802b401ed0de,Autoencoder,simulated_actual_payout_peer_percentile,0.9855888918725806
obs_266d802b401ed0de,Autoencoder,simulated_actual_payout_rolling_mean_3,0.5001403880515267
obs_266d802b401ed0de,Autoencoder,total_sales_rolling_median,0.4771445771244447
obs_8cf109bd240a4e94,Autoencoder,simulated_actual_payout_peer_country_product_class_relative,0.656793530685309
obs_8cf109bd240a4e94,Autoencoder,distributor_concentration,0.6242777218069557
obs_8cf109bd240a4e94,Autoencoder,simulated_actual_payout_product_class_relative,0.6162746489506674
obs_138d7bd1d969d130,Autoencoder,latitude_dispersion,2.3422400195471558
obs_138d7bd1d969d130,Autoencoder,distinct_customers_history_deviation,0.5393367746048027
obs_138d7bd1d969d130,Autoencoder,total_sales_rolling_std,0.5331828472491896
obs_b67ea80e8371d573,Autoencoder,total_quantity_lag_12,1.0126370784694851
obs_b67ea80e8371d573,Autoencoder,total_quantity_history_deviation,0.5686934246816177
obs_b67ea80e8371d573,Autoencoder,total_sales_rolling_median,0.4961573827790983
obs_cd84ea3afe39023a,Autoencoder,product_mix_change,4.233006582390779
obs_cd84ea3afe39023a,Autoencoder,distinct_customers_lag_2,0.9953446330943315
obs_cd84ea3afe39023a,Autoencoder,distinct_customers_acceleration,0.7923987574637229
obs_a9483caf598e01c7,Autoencoder,total_quantity_rolling_MAD,3.7880117798273196
obs_a9483caf598e01c7,Autoencoder,total_quantity_peer_z,1.3652648799401756
obs_a9483caf598e01c7,Autoencoder,total_sales_rolling_MAD,1.17984458245461
obs_b3d8b0f27abf386d,Autoencoder,total_quantity_rolling_MAD,4.877149483917125
obs_b3d8b0f27abf386d,Autoencoder,latitude_dispersion,1.2438279021917433
obs_b3d8b0f27abf386d,Autoencoder,total_quantity_history_deviation,0.9050293705255126
obs_3aae6362be77bd2e,Autoencoder,distinct_customers_lag_2,0.737007628359203
obs_3aae6362be77bd2e,Autoencoder,total_quantity_rolling_MAD,0.6095048367588656
obs_3aae6362be77bd2e,Autoencoder,distinct_customers_lag_3,0.5035949291365358
obs_92bdacf19f342eef,Autoencoder,product_mix_change,1.1500289870251215
obs_92bdacf19f342eef,Autoencoder,country_mix,0.996469561653873
obs_92bdacf19f342eef,Autoencoder,total_sales_rolling_std,0.8512293279336156
obs_ae7dda38a96ed030,Autoencoder,total_quantity_rolling_median,1.6708551159894847
obs_ae7dda38a96ed030,Autoencoder,total_sales_rolling_std,1.6241568030182536
obs_ae7dda38a96ed030,Autoencoder,distinct_customers_lag_6,1.4411686371615786
obs_e7382207e41716dc,Autoencoder,channel_mix,1.2175747007139142
obs_e7382207e41716dc,Autoencoder,simulated_actual_payout_year_over_year_growth,1.2111252293205614
obs_e7382207e41716dc,Autoencoder,distributor_concentration,0.9765261046175436
obs_faee8c8204593261,Autoencoder,product_mix_change,9.685758364481908
obs_faee8c8204593261,Autoencoder,distinct_customers_lag_6,4.0911716143716035
obs_faee8c8204593261,Autoencoder,subchannel_mix,2.1886593541781174
obs_9183a9714680d267,Autoencoder,product_mix_change,9.8043453558275
obs_9183a9714680d267,Autoencoder,distributor_concentration,3.066104329215019
obs_9183a9714680d267,Autoencoder,distinct_customers_rolling_MAD,2.6184232130510305
obs_cf1767593ec77b46,Autoencoder,new_customers,3.383314382589343
obs_cf1767593ec77b46,Autoencoder,distinct_customers_rolling_MAD,1.8725241451927332
obs_cf1767593ec77b46,Autoencoder,total_sales_rolling_median,1.2767983660630224
obs_2a1b5c051b1331a7,Autoencoder,distinct_customers_rolling_MAD,1.8793225149805253
obs_2a1b5c051b1331a7,Autoencoder,total_sales_rolling_median,1.5730232841131027
obs_2a1b5c051b1331a7,Autoencoder,distributor_concentration,1.3783643479971899
obs_9ea6572debcf3e83,Autoencoder,distributor_concentration,8.94478766001804
obs_9ea6572debcf3e83,Autoencoder,simulated_payout_to_sales_ratio,5.296417583850996
obs_9ea6572debcf3e83,Autoencoder,distributor_count,2.2729274590292605
obs_a5a9c54946a2608d,Autoencoder,customer_loss_rate,5.479075101845605
obs_a5a9c54946a2608d,Autoencoder,distinct_customers_lag_6,4.6080533778353665
obs_a5a9c54946a2608d,Autoencoder,simulated_payout_to_sales_ratio,2.6026603511101145
obs_41a75f482cf8e6c5,Autoencoder,simulated_payout_to_sales_ratio,5.851611606465835
obs_41a75f482cf8e6c5,Autoencoder,new_customers,4.714762960883249
obs_41a75f482cf8e6c5,Autoencoder,distributor_count,3.6518431837819234
obs_aab8018119f29bef,Autoencoder,new_customers,16.91021234210501
obs_aab8018119f29bef,Autoencoder,distributor_concentration,6.4647864381725855
obs_aab8018119f29bef,Autoencoder,total_sales_rolling_std,3.383167448034803
obs_3cb714ccb1aaf5d0,Autoencoder,total_quantity_peer_percentile,0.2666818829031234
obs_3cb714ccb1aaf5d0,Autoencoder,distributor_count,0.21317782925066728
obs_3cb714ccb1aaf5d0,Autoencoder,product_class_share,0.19454895410299522
obs_790dd810588a0a1e,Autoencoder,product_breadth_change,1.276858606310715
obs_790dd810588a0a1e,Autoencoder,distributor_mix_change,0.9341248880296497
obs_790dd810588a0a1e,Autoencoder,latitude_dispersion,0.632155170127886
obs_95b0af9a0690b258,Autoencoder,total_quantity_rolling_std,1.7611533279096314
obs_95b0af9a0690b258,Autoencoder,distinct_customers_rolling_std,0.917475409375492
obs_95b0af9a0690b258,Autoencoder,total_sales_rolling_std,0.5193968268029374
obs_03ca759dbf91f94f,Autoencoder,product_breadth_change,0.5688598618617152
obs_03ca759dbf91f94f,Autoencoder,channel_mix,0.5637897217500936
obs_03ca759dbf91f94f,Autoencoder,distinct_customers_peer_percentile,0.548497010458
obs_5dffe6f84639d3a8,Autoencoder,total_quantity_team_relative,1.4242441112217978
obs_5dffe6f84639d3a8,Autoencoder,total_quantity,0.9579028851321187
obs_5dffe6f84639d3a8,Autoencoder,distinct_customers_rolling_std,0.9153950744378786
obs_524e922f6065e5f1,Autoencoder,distinct_customers_lag_2,1.1971732957002532
obs_524e922f6065e5f1,Autoencoder,total_quantity_rolling_mean_3,0.6121044604187184
obs_524e922f6065e5f1,Autoencoder,simulated_actual_payout_peer_median,0.5807329868727795
obs_347d5795c05721b5,Autoencoder,latitude_dispersion,2.4907016603564474
obs_347d5795c05721b5,Autoencoder,product_breadth_change,1.5312625891203824
obs_347d5795c05721b5,Autoencoder,distributor_mix_change,1.1055808530687832
obs_841e02eec3e98165,Autoencoder,distinct_customers_rolling_MAD,1.33205007372322
obs_841e02eec3e98165,Autoencoder,latitude_dispersion,1.282160343016137
obs_841e02eec3e98165,Autoencoder,total_quantity_rolling_std,1.0156880359306693
obs_4bd8f51ec7106311,Autoencoder,total_quantity_rolling_std,1.2903667349173593
obs_4bd8f51ec7106311,Autoencoder,latitude_dispersion,1.1838415434928846
obs_4bd8f51ec7106311,Autoencoder,customer_loss_rate,0.9180631772408653
obs_2d8e2943c2d9d097,Autoencoder,distributor_count,1.2197569067097798
obs_2d8e2943c2d9d097,Autoencoder,total_quantity_rolling_MAD,1.1822050970413396
obs_2d8e2943c2d9d097,Autoencoder,total_quantity_rolling_std,0.849357878139547
obs_243f3aff2c289395,Autoencoder,channel_mix,3.0711153194212657
obs_243f3aff2c289395,Autoencoder,product_mix_change,1.0584048070081535
obs_243f3aff2c289395,Autoencoder,total_quantity_rolling_std,0.8763933683429239
obs_7fea92946e9a8b12,Autoencoder,channel_mix,0.421527468377659
obs_7fea92946e9a8b12,Autoencoder,simulated_actual_payout_peer_median,0.3494574468396877
obs_7fea92946e9a8b12,Autoencoder,distinct_customers_lag_6,0.31853810326002546
obs_0c53c3fb9ffe70a0,Autoencoder,customer_loss_rate,0.80732247195789
obs_0c53c3fb9ffe70a0,Autoencoder,product_breadth_change,0.5491868707015223
obs_0c53c3fb9ffe70a0,Autoencoder,simulated_actual_payout_lag_12,0.4537931696145897
obs_827be26708e746ab,Autoencoder,product_mix_change,1.0965276897968785
obs_827be26708e746ab,Autoencoder,total_quantity_history_deviation,0.6948112392241964
obs_827be26708e746ab,Autoencoder,total_quantity_lag_12,0.6947619197253813
obs_da68f773afd87d0e,Autoencoder,total_quantity_peer_z,1.5510135011400945
obs_da68f773afd87d0e,Autoencoder,product_class_share,1.018511257358997
obs_da68f773afd87d0e,Autoencoder,distinct_customers_lag_2,0.581610470151467
obs_a2cf8265882a677c,Autoencoder,latitude_dispersion,4.259788305677161
obs_a2cf8265882a677c,Autoencoder,subchannel_mix,2.175054448928697
obs_a2cf8265882a677c,Autoencoder,product_breadth_change,0.34980634384621534
obs_5673e640ccadf13f,Autoencoder,total_quantity_lag_12,1.7465394516944506
obs_5673e640ccadf13f,Autoencoder,total_quantity_year_over_year_growth,1.0813192206717073
obs_5673e640ccadf13f,Autoencoder,total_sales_lag_12,0.7539079244680945
obs_d788dee1ac93c08b,Autoencoder,latitude_dispersion,0.9201676581806282
obs_d788dee1ac93c08b,Autoencoder,product_breadth_change,0.7457766121114136
obs_d788dee1ac93c08b,Autoencoder,distributor_mix_change,0.6953368588389365
obs_88fe2597af817bfc,Autoencoder,simulated_actual_payout_lag_12,1.3061411480926255
obs_88fe2597af817bfc,Autoencoder,distributor_mix_change,0.8107166903201144
obs_88fe2597af817bfc,Autoencoder,latitude_dispersion,0.6544251874099499
obs_5353c6054677cc60,Autoencoder,latitude_dispersion,2.3210589141213975
obs_5353c6054677cc60,Autoencoder,channel_mix,1.565697530824465
obs_5353c6054677cc60,Autoencoder,distinct_customers_lag_6,1.0936401840840249
obs_ac34e43a2a14a617,Autoencoder,simulated_actual_payout_year_over_year_growth,1.3393652248930459
obs_ac34e43a2a14a617,Autoencoder,product_breadth_change,0.9142352393878644
obs_ac34e43a2a14a617,Autoencoder,latitude_dispersion,0.9135441221469663
obs_5cda62473b417485,Autoencoder,customer_loss_rate,1.733030138288597
obs_5cda62473b417485,Autoencoder,distinct_customers_team_relative,1.5957383929427638
obs_5cda62473b417485,Autoencoder,distinct_customers_rolling_std,1.1139223479979257
obs_9e7be3dd8ac1f14f,Autoencoder,product_class_share,1.674024368030066
obs_9e7be3dd8ac1f14f,Autoencoder,distinct_customers_team_relative,1.394131638319377
obs_9e7be3dd8ac1f14f,Autoencoder,latitude_dispersion,1.1638918393176407
obs_27f03e0ee71dd02a,Autoencoder,distributor_mix_change,3.357177221794846
obs_27f03e0ee71dd02a,Autoencoder,distributor_count,1.0297845929515423
obs_27f03e0ee71dd02a,Autoencoder,total_sales_history_deviation,0.7346199472327011
obs_d703f142fb27a25a,Autoencoder,distributor_count,1.8015893607975173
obs_d703f142fb27a25a,Autoencoder,total_quantity_lag_1,1.5744776583814413
obs_d703f142fb27a25a,Autoencoder,total_quantity_peer_median,1.4609845970186122
obs_ae10458373d458b2,Autoencoder,simulated_actual_payout_peer_median,3.6865752185556104
obs_ae10458373d458b2,Autoencoder,new_customers,2.842321641406989
obs_ae10458373d458b2,Autoencoder,total_quantity_month_over_month_growth,2.7621860636044753
obs_069672d49c871b7c,Autoencoder,new_customers,4.8393976776270975
obs_069672d49c871b7c,Autoencoder,simulated_actual_payout_peer_median,3.7747540899397825
obs_069672d49c871b7c,Autoencoder,distinct_customers_rolling_MAD,3.3614522885479112
obs_06ce9659f15e1481,Autoencoder,new_customers,6.226567025266494
obs_06ce9659f15e1481,Autoencoder,distinct_customers_rolling_MAD,2.8867739516103765
obs_06ce9659f15e1481,Autoencoder,total_quantity_peer_country_product_class_relative,2.1486844387531607
obs_df4bac1f5a15c041,Autoencoder,latitude_dispersion,0.5812843234597981
obs_df4bac1f5a15c041,Autoencoder,total_quantity_peer_z,0.34565829265309467
obs_df4bac1f5a15c041,Autoencoder,product_class_share,0.31858742864086853
obs_f6eb12411025d18a,Autoencoder,simulated_actual_payout_peer_median,1.1864023366921572
obs_f6eb12411025d18a,Autoencoder,product_mix_change,0.7800533483123594
obs_f6eb12411025d18a,Autoencoder,total_sales_rolling_std,0.43331175390983595
obs_821c8335f76ca49e,Autoencoder,customer_loss_rate,1.1533327807740206
obs_821c8335f76ca49e,Autoencoder,total_quantity_rolling_std,0.8110861321908781
obs_821c8335f76ca49e,Autoencoder,total_quantity_peer_z,0.7893813854513356
obs_eb0c6b2f5a9eb719,Autoencoder,total_quantity_rolling_MAD,2.1393322770455336
obs_eb0c6b2f5a9eb719,Autoencoder,total_quantity_history_deviation,1.1464530980605607
obs_eb0c6b2f5a9eb719,Autoencoder,total_quantity_rolling_median,1.1189739779736867
obs_8c3672e30e33b57c,Autoencoder,simulated_actual_payout_rolling_std,4.201830619412147
obs_8c3672e30e33b57c,Autoencoder,simulated_actual_payout_rolling_mean_6,3.0481677853330438
obs_8c3672e30e33b57c,Autoencoder,latitude_dispersion,1.3539671126198916
obs_82d4ed5b2deb1464,Autoencoder,simulated_actual_payout_rolling_std,4.0605833120774575
obs_82d4ed5b2deb1464,Autoencoder,simulated_actual_payout_rolling_mean_6,2.3235456695220056
obs_82d4ed5b2deb1464,Autoencoder,latitude_dispersion,0.510760840779775
obs_58fbc3ff242645dc,Autoencoder,simulated_actual_payout_rolling_std,1.0475965135448801
obs_58fbc3ff242645dc,Autoencoder,simulated_actual_payout_rolling_median,0.49633145582004407
obs_58fbc3ff242645dc,Autoencoder,simulated_actual_payout_rolling_mean_6,0.4377247679888495
obs_84648df48633e0d1,Autoencoder,product_breadth_change,0.3906672612687186
obs_84648df48633e0d1,Autoencoder,simulated_actual_payout_rolling_std,0.3629139791844082
obs_84648df48633e0d1,Autoencoder,new_customers,0.29810009217321454
obs_8e8a26b368bd60a9,Autoencoder,product_mix_change,1.5733614645016956
obs_8e8a26b368bd60a9,Autoencoder,product_breadth_change,1.1249420022801027
obs_8e8a26b368bd60a9,Autoencoder,distinct_customers_rolling_MAD,0.9292251569792191
obs_ae02fcb8930f451b,Autoencoder,channel_mix,2.6589970952428694
obs_ae02fcb8930f451b,Autoencoder,product_mix_change,1.7015220800013724
obs_ae02fcb8930f451b,Autoencoder,distinct_customers_rolling_MAD,1.6094493429156607
obs_be2c52f7863ca133,Autoencoder,distinct_customers_rolling_std,2.104416931185189
obs_be2c52f7863ca133,Autoencoder,distinct_customers_rolling_MAD,0.6928078168868017
obs_be2c52f7863ca133,Autoencoder,product_class_share,0.4227131805010592
obs_ddae4dc32c3e3ee2,Autoencoder,latitude_dispersion,2.8422823924004343
obs_ddae4dc32c3e3ee2,Autoencoder,distributor_concentration,2.254931902275762
obs_ddae4dc32c3e3ee2,Autoencoder,distinct_customers_rolling_std,1.8046218770781122
obs_b1b0ef1d6ba28f65,Autoencoder,simulated_actual_payout_lag_12,2.085978092480825
obs_b1b0ef1d6ba28f65,Autoencoder,distinct_customers_rolling_MAD,1.8323956695015193
obs_b1b0ef1d6ba28f65,Autoencoder,customer_loss_rate,1.6681980961755416
obs_c20c4ca2bb756b5f,Autoencoder,simulated_actual_payout_year_over_year_growth,2.072154764044933
obs_c20c4ca2bb756b5f,Autoencoder,distinct_customers_rolling_MAD,1.511373610272018
obs_c20c4ca2bb756b5f,Autoencoder,total_sales_rolling_mean_3,1.1765927247917307
obs_3af21b57432e8ddf,Autoencoder,distinct_customers_lag_2,1.0405703564347624
obs_3af21b57432e8ddf,Autoencoder,distinct_customers_acceleration,0.9626064927610538
obs_3af21b57432e8ddf,Autoencoder,total_quantity_lag_12,0.7111714222175994
obs_53d29c3be7473ccc,Autoencoder,distributor_mix_change,1.7322163423928194
obs_53d29c3be7473ccc,Autoencoder,product_mix_change,1.2482357145714766
obs_53d29c3be7473ccc,Autoencoder,latitude_dispersion,0.6722186938047772
obs_36f419828ca66e50,Autoencoder,total_sales_rolling_std,1.6821384136557302
obs_36f419828ca66e50,Autoencoder,distributor_concentration,1.0647087588744943
obs_36f419828ca66e50,Autoencoder,total_quantity_rolling_std,0.851195967030178
obs_42729cb1a0fa7678,Autoencoder,customer_loss_rate,1.2656059121633134
obs_42729cb1a0fa7678,Autoencoder,total_quantity_peer_percentile,1.0007842587864675
obs_42729cb1a0fa7678,Autoencoder,simulated_actual_payout_year_over_year_growth,0.7119572177024838
obs_92795b00ed546285,Autoencoder,distinct_customers_rolling_MAD,1.560366450588808
obs_92795b00ed546285,Autoencoder,new_customers,1.4190089830065726
obs_92795b00ed546285,Autoencoder,simulated_actual_payout_rolling_MAD,1.0415367824356159
obs_0ebabf9b622cb155,Autoencoder,product_mix_change,1.6679217362051564
obs_0ebabf9b622cb155,Autoencoder,distinct_customers_rolling_MAD,1.5979914121411447
obs_0ebabf9b622cb155,Autoencoder,country_mix,1.2143899474552826
obs_902671b2e686348b,Autoencoder,distinct_customers_rolling_MAD,1.391846414209839
obs_902671b2e686348b,Autoencoder,latitude_dispersion,1.1856489161371322
obs_902671b2e686348b,Autoencoder,distributor_mix_change,1.1048610968297543
obs_503c4f86e2369ccc,Autoencoder,new_customers,5.273826492375475
obs_503c4f86e2369ccc,Autoencoder,distributor_mix_change,1.77878142491352
obs_503c4f86e2369ccc,Autoencoder,distinct_customers_rolling_std,0.9382617173265463
obs_5ccd7a72a6f26908,Autoencoder,new_customers,11.590319999629122
obs_5ccd7a72a6f26908,Autoencoder,total_sales_lag_12,3.5414464186774626
obs_5ccd7a72a6f26908,Autoencoder,total_quantity_lag_12,2.406308767089524
obs_246493ef18ed4231,Autoencoder,distinct_customers_rolling_MAD,1.9756104773562957
obs_246493ef18ed4231,Autoencoder,new_customers,1.9626832560125362
obs_246493ef18ed4231,Autoencoder,total_quantity_history_deviation,0.8791949658725928
obs_e969db9c0d07986b,Autoencoder,distributor_concentration,3.3263561526479415
obs_e969db9c0d07986b,Autoencoder,new_customers,2.7549619966087406
obs_e969db9c0d07986b,Autoencoder,distributor_count,2.460130185822026
obs_c20c24e5b7049874,Autoencoder,distinct_customers_lag_6,4.985423223279851
obs_c20c24e5b7049874,Autoencoder,simulated_actual_payout_peer_median,1.7295551023572568
obs_c20c24e5b7049874,Autoencoder,new_customers,1.712122259225869
obs_f44ef6ec38987263,Autoencoder,new_customers,8.026525462762713
obs_f44ef6ec38987263,Autoencoder,distributor_count,5.892839048359848
obs_f44ef6ec38987263,Autoencoder,distinct_customers_rolling_MAD,3.130767165412958
obs_cbc4cb3011569ad5,Autoencoder,new_customers,6.492326641884708
obs_cbc4cb3011569ad5,Autoencoder,distributor_concentration,4.249546015030637
obs_cbc4cb3011569ad5,Autoencoder,distinct_customers_rolling_MAD,3.843311158783108
obs_b8fbbd15de93807f,Autoencoder,total_quantity_peer_country_product_class_relative,1.0919829751280161
obs_b8fbbd15de93807f,Autoencoder,total_quantity_product_class_relative,0.9796147724851857
obs_b8fbbd15de93807f,Autoencoder,latitude_dispersion,0.9362675228340631
obs_fc6d22a2f2635a2e,Autoencoder,subchannel_mix,0.7531471281568002
obs_fc6d22a2f2635a2e,Autoencoder,total_quantity_rolling_mean_6,0.6184816437695996
obs_fc6d22a2f2635a2e,Autoencoder,distributor_concentration,0.45625707699560375
obs_3920e97b47144a32,Autoencoder,total_quantity_rolling_std,0.8126286009287956
obs_3920e97b47144a32,Autoencoder,subchannel_mix,0.7793048646382865
obs_3920e97b47144a32,Autoencoder,representative_rank,0.3876449890997935
obs_118517a1bc2f2c91,Autoencoder,total_quantity_history_deviation,0.7306166791990693
obs_118517a1bc2f2c91,Autoencoder,total_quantity_lag_3,0.6988060680996178
obs_118517a1bc2f2c91,Autoencoder,customer_loss_rate,0.5855314410218343
obs_2372415654ace84b,Autoencoder,latitude_dispersion,1.437784390305564
obs_2372415654ace84b,Autoencoder,total_quantity_peer_percentile,0.9408134477385676
obs_2372415654ace84b,Autoencoder,simulated_actual_payout_rolling_std,0.9064213602567033
obs_5999cba5128c4876,Autoencoder,simulated_actual_payout_rolling_std,1.4112429252353784
obs_5999cba5128c4876,Autoencoder,product_mix_change,0.5387750078444203
obs_5999cba5128c4876,Autoencoder,distributor_mix_change,0.47645893195353106
obs_b00d2f82c2c07be4,Autoencoder,total_quantity_lag_6,0.9316165160718474
obs_b00d2f82c2c07be4,Autoencoder,total_quantity_rolling_MAD,0.7214179898076744
obs_b00d2f82c2c07be4,Autoencoder,total_sales_lag_6,0.37887056501868055
obs_789c260027f642df,Autoencoder,customer_loss_rate,0.6950603436634215
obs_789c260027f642df,Autoencoder,simulated_actual_payout_rolling_MAD,0.6596005844447805
obs_789c260027f642df,Autoencoder,total_quantity_rolling_MAD,0.6494233492767681
obs_afd78942aaf7cb23,Autoencoder,latitude_dispersion,2.310369170779623
obs_afd78942aaf7cb23,Autoencoder,total_quantity_rolling_MAD,0.41224462995879696
obs_afd78942aaf7cb23,Autoencoder,product_mix_change,0.3893491743730383
obs_8dc60318c514a294,Autoencoder,channel_mix,2.2935455553030684
obs_8dc60318c514a294,Autoencoder,latitude_dispersion,0.952873245005151
obs_8dc60318c514a294,Autoencoder,subchannel_mix,0.73376163081446
obs_0aeb6fccec776755,Autoencoder,distributor_mix_change,1.337458755035115
obs_0aeb6fccec776755,Autoencoder,product_mix_change,0.9970463569784039
obs_0aeb6fccec776755,Autoencoder,total_quantity_rolling_MAD,0.9718878125755682
obs_c58ae2c6a4703bbb,Autoencoder,simulated_actual_payout_peer_percentile,1.488585054672374
obs_c58ae2c6a4703bbb,Autoencoder,total_quantity_rolling_std,0.6191963060604095
obs_c58ae2c6a4703bbb,Autoencoder,simulated_actual_payout_peer_z,0.5849450207867851
obs_e5e359da0f8d215d,Autoencoder,simulated_actual_payout_lag_12,1.2110997026664105
obs_e5e359da0f8d215d,Autoencoder,total_quantity_rolling_std,1.203051576637338
obs_e5e359da0f8d215d,Autoencoder,latitude_dispersion,1.1637527778041663
obs_0006914c84cb3c1b,Autoencoder,total_sales_rolling_MAD,1.8948660938327788
obs_0006914c84cb3c1b,Autoencoder,total_quantity_rolling_std,1.781569267424028
obs_0006914c84cb3c1b,Autoencoder,total_sales_rolling_std,1.4457430372796385
obs_8f0374c4aeb0e7cf,Autoencoder,distributor_mix_change,4.361656270568103
obs_8f0374c4aeb0e7cf,Autoencoder,distributor_concentration,2.1241286591156516
obs_8f0374c4aeb0e7cf,Autoencoder,total_quantity_rolling_std,0.8148357134125306
obs_053858f2f390d004,Autoencoder,distributor_concentration,3.3872505202841476
obs_053858f2f390d004,Autoencoder,distributor_mix_change,0.6481688033592473
obs_053858f2f390d004,Autoencoder,product_breadth_change,0.2680868270810549
obs_cfa2e0ab970da1dd,Autoencoder,total_quantity_peer_percentile,0.8259127511286262
obs_cfa2e0ab970da1dd,Autoencoder,simulated_actual_payout_lag_12,0.7901820469294645
obs_cfa2e0ab970da1dd,Autoencoder,latitude_dispersion,0.7160544862174362
obs_631b63bebbb34a02,Autoencoder,country_mix,0.840992118923687
obs_631b63bebbb34a02,Autoencoder,distributor_mix_change,0.8134564919261048
obs_631b63bebbb34a02,Autoencoder,total_quantity_rolling_MAD,0.7256373362166165
obs_98d6b7eee87cf8b0,Autoencoder,distributor_concentration,0.9444263709578634
obs_98d6b7eee87cf8b0,Autoencoder,new_customers,0.8307674310803695
obs_98d6b7eee87cf8b0,Autoencoder,total_quantity_rolling_MAD,0.7235583788678988
obs_9a3b25c8db702217,Autoencoder,simulated_payout_delta,45.02949481604829
obs_9a3b25c8db702217,Autoencoder,simulated_adjustment,45.00581387699069
obs_9a3b25c8db702217,Autoencoder,simulated_payout_delta_pct,16.934013276260128
obs_4ca18be3dbb72b0c,Autoencoder,total_sales_lag_12,3.4060651172692973
obs_4ca18be3dbb72b0c,Autoencoder,total_quantity_lag_12,2.5711965169583384
obs_4ca18be3dbb72b0c,Autoencoder,distributor_concentration,1.8029194704893192
obs_dede2ac82e7fa087,Autoencoder,new_customers,4.586180251018618
obs_dede2ac82e7fa087,Autoencoder,simulated_actual_payout_lag_12,1.5762352150632408
obs_dede2ac82e7fa087,Autoencoder,product_mix_change,0.8446319962857087
obs_c7287770a01ef9f9,Autoencoder,new_customers,1.7765036076339058
obs_c7287770a01ef9f9,Autoencoder,distributor_mix_change,1.7304603954507685
obs_c7287770a01ef9f9,Autoencoder,channel_mix,0.9365719960429044
obs_54a6e597c0264f7a,Autoencoder,new_customers,3.296758045808649
obs_54a6e597c0264f7a,Autoencoder,product_breadth_change,1.128915709151543
obs_54a6e597c0264f7a,Autoencoder,distinct_customers_lag_2,0.9971899210755804
obs_4a2437a93da623cd,Autoencoder,new_customers,4.944530289906768
obs_4a2437a93da623cd,Autoencoder,distributor_count,2.221859850519166
obs_4a2437a93da623cd,Autoencoder,distinct_customers_rolling_std,1.749759127657964
obs_39c3c4016a1c8103,Autoencoder,simulated_payout_delta,54.16250299184172
obs_39c3c4016a1c8103,Autoencoder,simulated_payout_delta_pct,16.944017931319795
obs_39c3c4016a1c8103,Autoencoder,latitude_dispersion,4.937404880550038
obs_6e814f7a9360ccb8,Autoencoder,new_customers,8.886114748834895
obs_6e814f7a9360ccb8,Autoencoder,distributor_count,4.031115078802469
obs_6e814f7a9360ccb8,Autoencoder,distinct_customers_rolling_std,3.3041694947081863
obs_519103e60f991e45,Autoencoder,distinct_customers_lag_6,5.667655886025679
obs_519103e60f991e45,Autoencoder,new_customers,4.741948733832987
obs_519103e60f991e45,Autoencoder,distinct_customers_rolling_std,3.8663313499100944
obs_c9ecf1c69bdc8241,Autoencoder,latitude_dispersion,0.428447550233461
obs_c9ecf1c69bdc8241,Autoencoder,distributor_count,0.28259781183360533
obs_c9ecf1c69bdc8241,Autoencoder,total_quantity_peer_z,0.16424910542779106
obs_f12a2fd32147e8df,Autoencoder,distributor_concentration,1.10887771975044
obs_f12a2fd32147e8df,Autoencoder,distributor_count,0.41566912049046245
obs_f12a2fd32147e8df,Autoencoder,distinct_customers_rolling_mean_6,0.3045684140517684
obs_68e881da971a2378,Autoencoder,total_quantity_history_deviation,1.4126212998966992
obs_68e881da971a2378,Autoencoder,customer_loss_rate,1.1209657049981374
obs_68e881da971a2378,Autoencoder,total_sales_history_deviation,1.068368421963847
obs_a3ab35c5561fde28,Autoencoder,channel_mix,0.884243270067174
obs_a3ab35c5561fde28,Autoencoder,simulated_actual_payout_trend,0.8051003896210074
obs_a3ab35c5561fde28,Autoencoder,latitude_dispersion,0.7244939942469719
obs_3e71930e34fe5e72,Autoencoder,latitude_dispersion,1.8018913322910446
obs_3e71930e34fe5e72,Autoencoder,total_sales_rolling_MAD,1.5277317089543678
obs_3e71930e34fe5e72,Autoencoder,simulated_actual_payout_lag_3,0.8655456404751537
obs_ced1c4e255370d70,Autoencoder,latitude_dispersion,0.9843870233292124
obs_ced1c4e255370d70,Autoencoder,distinct_customers_rolling_MAD,0.6021090408414258
obs_ced1c4e255370d70,Autoencoder,total_sales_rolling_MAD,0.533047627325187
obs_c9cfd8ad04b1ffa5,Autoencoder,total_quantity_team_relative,1.0543589415538581
obs_c9cfd8ad04b1ffa5,Autoencoder,total_quantity_product_class_relative,0.7215437717681363
obs_c9cfd8ad04b1ffa5,Autoencoder,total_quantity_peer_country_product_class_relative,0.7117430182849576
obs_6853dc742e6a2e25,Autoencoder,total_quantity_lag_6,0.6026193353899604
obs_6853dc742e6a2e25,Autoencoder,distributor_mix_change,0.5372174615267568
obs_6853dc742e6a2e25,Autoencoder,latitude_dispersion,0.41370211275802043
obs_afe0f136ae61afc5,Autoencoder,distinct_customers_lag_2,0.30563113582638995
obs_afe0f136ae61afc5,Autoencoder,total_quantity_rolling_median,0.2954507072789314
obs_afe0f136ae61afc5,Autoencoder,new_customers,0.2642820447625206
obs_3deb1f7badc4174b,Autoencoder,latitude_dispersion,3.167839814577032
obs_3deb1f7badc4174b,Autoencoder,product_class_share,0.5365202161554935
obs_3deb1f7badc4174b,Autoencoder,total_quantity_team_relative,0.4859789144612797
obs_d14e4870a8f88595,Autoencoder,latitude_dispersion,0.7354988421172024
obs_d14e4870a8f88595,Autoencoder,product_breadth_change,0.6640367539859582
obs_d14e4870a8f88595,Autoencoder,total_quantity_rolling_std,0.41166586735768546
obs_152dac2ba73e8aa1,Autoencoder,subchannel_mix,2.3780543866172383
obs_152dac2ba73e8aa1,Autoencoder,latitude_dispersion,1.5237843185977933
obs_152dac2ba73e8aa1,Autoencoder,total_quantity_rolling_std,0.4189992290713736
obs_80aba4f56f072a33,Autoencoder,total_quantity_lag_6,0.8097324060547115
obs_80aba4f56f072a33,Autoencoder,total_sales_lag_6,0.5270144781590895
obs_80aba4f56f072a33,Autoencoder,total_quantity_rolling_std,0.5031587897177594
obs_89ab9f059cc9a575,Autoencoder,distinct_customers_lag_2,1.4337908524818046
obs_89ab9f059cc9a575,Autoencoder,distributor_mix_change,1.0777166841780812
obs_89ab9f059cc9a575,Autoencoder,latitude_dispersion,1.0304059991947947
obs_6b8453e7f8bea27b,Autoencoder,total_sales_lag_12,2.006343984355274
obs_6b8453e7f8bea27b,Autoencoder,total_quantity_lag_12,1.6707824890962122
obs_6b8453e7f8bea27b,Autoencoder,latitude_dispersion,1.26702114477556
obs_40aa4f59dd8a11d9,Autoencoder,latitude_dispersion,0.6927774498923547
obs_40aa4f59dd8a11d9,Autoencoder,country_mix,0.5468348307716415
obs_40aa4f59dd8a11d9,Autoencoder,product_class_share,0.5019818909400088
obs_b45890ab0fb7b9df,Autoencoder,latitude_dispersion,1.1014568831958258
obs_b45890ab0fb7b9df,Autoencoder,total_quantity_rolling_MAD,0.8384284506302994
obs_b45890ab0fb7b9df,Autoencoder,simulated_actual_payout_lag_12,0.6423191403354699
obs_87fc8c8c3aa54364,Autoencoder,total_quantity_rolling_MAD,1.2777144074027806
obs_87fc8c8c3aa54364,Autoencoder,distinct_customers_rolling_MAD,1.1754650388035641
obs_87fc8c8c3aa54364,Autoencoder,latitude_dispersion,0.7983106707430864
obs_86804c7876360ac5,Autoencoder,distributor_mix_change,1.5332337039047639
obs_86804c7876360ac5,Autoencoder,total_quantity_rolling_MAD,0.9381653339326708
obs_86804c7876360ac5,Autoencoder,total_sales_history_deviation,0.7987525728040168
obs_0f1d69367bdf1b0e,Autoencoder,distinct_customers_peer_country_product_class_relative,22.806247689876315
obs_0f1d69367bdf1b0e,Autoencoder,distinct_customers_product_class_relative,22.24715254252845
obs_0f1d69367bdf1b0e,Autoencoder,distinct_customers_peer_percentile,8.927657631300391
obs_0a689c59289a9a8d,Autoencoder,distinct_customers_rolling_std,3.534358214087367
obs_0a689c59289a9a8d,Autoencoder,product_breadth_change,3.2491672324430803
obs_0a689c59289a9a8d,Autoencoder,distinct_customers_lag_1,2.823589931072063
obs_97edebdcaa3ad902,Autoencoder,distinct_customers_lag_2,7.704503562810522
obs_97edebdcaa3ad902,Autoencoder,distinct_customers_rolling_std,4.572258883295666
obs_97edebdcaa3ad902,Autoencoder,distinct_customers_rolling_mean_3,1.8455588353994854
obs_188c283f9ef7994f,Autoencoder,distinct_customers_lag_3,7.290260663108671
obs_188c283f9ef7994f,Autoencoder,distinct_customers_rolling_std,3.4205760247956767
obs_188c283f9ef7994f,Autoencoder,distinct_customers_lag_2,3.2926100862504435
obs_8a717a29ad23b8d3,Autoencoder,distinct_customers_rolling_std,6.075805517636729
obs_8a717a29ad23b8d3,Autoencoder,distinct_customers_rolling_mean_6,2.56135176883255
obs_8a717a29ad23b8d3,Autoencoder,distributor_mix_change,1.4255483658983357
obs_6dbf7453e066a433,Autoencoder,distinct_customers_rolling_std,12.989297313766455
obs_6dbf7453e066a433,Autoencoder,product_concentration,12.720361108094767
obs_6dbf7453e066a433,Autoencoder,distinct_customers_rolling_mean_6,3.6306999453843134
obs_e19db1d4c736fe1a,Autoencoder,distinct_customers_lag_6,43.35090716319116
obs_e19db1d4c736fe1a,Autoencoder,distinct_customers_rolling_std,16.52395371502528
obs_e19db1d4c736fe1a,Autoencoder,simulated_actual_payout_peer_median,7.793478603502431
obs_af344527ea86884a,Autoencoder,new_customers,6.05293631853504
obs_af344527ea86884a,Autoencoder,distributor_count,5.851598081841569
obs_af344527ea86884a,Autoencoder,distinct_customers_rolling_MAD,4.110870692832391
obs_6e1bd7223c85ebfd,Autoencoder,new_customers,8.599428832136754
obs_6e1bd7223c85ebfd,Autoencoder,distinct_customers_rolling_MAD,4.072128061034026
obs_6e1bd7223c85ebfd,Autoencoder,simulated_actual_payout_year_over_year_growth,3.5365248620516576
obs_e7d010ea8ce4d62b,Autoencoder,latitude_dispersion,1.3689587662179676
obs_e7d010ea8ce4d62b,Autoencoder,distributor_concentration,1.2482539457224047
obs_e7d010ea8ce4d62b,Autoencoder,channel_mix,0.4597425478047899
obs_36a9dbfd122b14b1,Autoencoder,distributor_mix_change,1.0495978789602773
obs_36a9dbfd122b14b1,Autoencoder,distinct_customers_history_deviation,0.4994958474381467
obs_36a9dbfd122b14b1,Autoencoder,distinct_customers_team_relative,0.39087775620969145
obs_d03ac9eb92ccce96,Autoencoder,distributor_mix_change,1.64874548377462
obs_d03ac9eb92ccce96,Autoencoder,distributor_concentration,0.6928153973350346
obs_d03ac9eb92ccce96,Autoencoder,total_sales_rolling_std,0.6226403350594306
obs_cd6ce9d7391bac20,Autoencoder,simulated_actual_payout_rolling_MAD,11.401375306781917
obs_cd6ce9d7391bac20,Autoencoder,total_quantity_rolling_MAD,3.4980612389269
obs_cd6ce9d7391bac20,Autoencoder,latitude_dispersion,1.6096635149581744
obs_6b30339ad2a0e4ee,Autoencoder,simulated_actual_payout_rolling_std,2.4040644097564434
obs_6b30339ad2a0e4ee,Autoencoder,simulated_actual_payout_rolling_mean_6,1.4183172703485336
obs_6b30339ad2a0e4ee,Autoencoder,distinct_customers_rolling_MAD,0.738692813841401
obs_37032ab932a7a2d6,Autoencoder,total_quantity_rolling_MAD,5.174657456977687
obs_37032ab932a7a2d6,Autoencoder,simulated_actual_payout_rolling_std,2.0602006708376788
obs_37032ab932a7a2d6,Autoencoder,simulated_actual_payout_trend,1.198157685159822
obs_21ee9d23cfdc913a,Autoencoder,latitude_dispersion,2.8398924123544105
obs_21ee9d23cfdc913a,Autoencoder,product_mix_change,0.9251317561449361
obs_21ee9d23cfdc913a,Autoencoder,distributor_mix_change,0.5464757526674633
obs_ed467d9949cad18b,Autoencoder,total_quantity_rolling_MAD,4.414511585299054
obs_ed467d9949cad18b,Autoencoder,total_quantity_lag_6,1.2893711018060627
obs_ed467d9949cad18b,Autoencoder,total_sales_rolling_MAD,0.8007579731391583
obs_6135e32b3c741234,Autoencoder,total_quantity_rolling_MAD,1.712217425424999
obs_6135e32b3c741234,Autoencoder,total_quantity_team_relative,1.1973743506760506
obs_6135e32b3c741234,Autoencoder,total_quantity_peer_country_product_class_relative,1.0082803288553048
obs_2477ec671ed821d1,Autoencoder,total_quantity_rolling_std,2.655808044650763
obs_2477ec671ed821d1,Autoencoder,total_quantity_trend,1.3298128699304077
obs_2477ec671ed821d1,Autoencoder,total_quantity_rolling_MAD,1.112940006996521
obs_26c8c7b44128cd19,Autoencoder,product_mix_change,3.1318390916612415
obs_26c8c7b44128cd19,Autoencoder,total_quantity_rolling_std,1.983491478273741
obs_26c8c7b44128cd19,Autoencoder,distributor_mix_change,0.8723685613366968
obs_97de9ca2a1e84c74,Autoencoder,new_customers,1.0151823555988404
obs_97de9ca2a1e84c74,Autoencoder,distributor_mix_change,0.9550900939294288
obs_97de9ca2a1e84c74,Autoencoder,total_quantity_rolling_std,0.818522123797171
obs_319d8b138bef8e19,Autoencoder,latitude_dispersion,1.9905647227073262
obs_319d8b138bef8e19,Autoencoder,simulated_actual_payout_lag_12,1.5063439968255727
obs_319d8b138bef8e19,Autoencoder,total_quantity_rolling_std,1.1959164295491345
obs_63318be6a86c28aa,Autoencoder,simulated_actual_payout_year_over_year_growth,2.3158860180988863
obs_63318be6a86c28aa,Autoencoder,total_quantity_rolling_std,2.17831154339442
obs_63318be6a86c28aa,Autoencoder,simulated_actual_payout_lag_12,1.5642231287334192
obs_020a3daac8d5a886,Autoencoder,latitude_dispersion,3.2366687777851064
obs_020a3daac8d5a886,Autoencoder,total_quantity_lag_6,2.1116280739150217
obs_020a3daac8d5a886,Autoencoder,simulated_actual_payout_year_over_year_growth,1.679179313720821
obs_b736e2a838b4cc2d,Autoencoder,total_quantity_rolling_median,0.9957973011988921
obs_b736e2a838b4cc2d,Autoencoder,simulated_actual_payout_rolling_std,0.737977466064083
obs_b736e2a838b4cc2d,Autoencoder,total_quantity_rolling_std,0.7056118215967426
obs_7ee56118602d5484,Autoencoder,distributor_concentration,1.4452743392629719
obs_7ee56118602d5484,Autoencoder,total_quantity_rolling_median,0.7491480386502262
obs_7ee56118602d5484,Autoencoder,total_quantity_team_relative,0.6624972129188702
obs_0440c545ba985eb1,Autoencoder,distributor_concentration,1.1786379325595873
obs_0440c545ba985eb1,Autoencoder,country_mix,0.9819559242457322
obs_0440c545ba985eb1,Autoencoder,simulated_actual_payout_trend,0.7187083329765136
obs_48f0d611bca2c6ed,Autoencoder,distributor_concentration,4.3161745715786894
obs_48f0d611bca2c6ed,Autoencoder,latitude_dispersion,1.0946393551594544
obs_48f0d611bca2c6ed,Autoencoder,distinct_customers_rolling_MAD,0.7413223020930402
obs_bd3145d07fd9cac8,Autoencoder,product_mix_change,8.748773444469164
obs_bd3145d07fd9cac8,Autoencoder,distinct_customers_team_relative,0.8784369364423227
obs_bd3145d07fd9cac8,Autoencoder,distributor_mix_change,0.7930577526645842
obs_5c6a61e0c9792ecc,Autoencoder,distinct_customers_rolling_MAD,2.8821458028695632
obs_5c6a61e0c9792ecc,Autoencoder,country_mix,1.5203055220255732
obs_5c6a61e0c9792ecc,Autoencoder,distributor_count,0.9738844320465543
obs_5fe4bb7aac642e27,Autoencoder,distinct_customers_rolling_MAD,1.8524724158439683
obs_5fe4bb7aac642e27,Autoencoder,product_mix_change,1.098850692950562
obs_5fe4bb7aac642e27,Autoencoder,new_customers,1.061819680127653
obs_cdfe529bad55d8c9,Autoencoder,distinct_customers_rolling_MAD,2.3270224664579637
obs_cdfe529bad55d8c9,Autoencoder,country_mix,1.1806673617273937
obs_cdfe529bad55d8c9,Autoencoder,new_customers,0.7152102864923857
obs_a23f8156bc3bc3fe,Autoencoder,product_breadth_change,1.5341259093270938
obs_a23f8156bc3bc3fe,Autoencoder,total_sales_year_over_year_growth,0.7137248598953628
obs_a23f8156bc3bc3fe,Autoencoder,new_customers,0.7009225198663835
obs_c4103f019ef5a7a9,Autoencoder,new_customers,2.4313206878673617
obs_c4103f019ef5a7a9,Autoencoder,simulated_actual_payout_peer_median,1.693898749168556
obs_c4103f019ef5a7a9,Autoencoder,distributor_count,1.3626059286738488
obs_2377e7f08916fe5a,Autoencoder,total_quantity_month_over_month_growth,3.965399613333778
obs_2377e7f08916fe5a,Autoencoder,latitude_dispersion,3.7534994792072585
obs_2377e7f08916fe5a,Autoencoder,new_customers,2.842309775078063
obs_0c6472ff7367b6e1,Autoencoder,new_customers,5.970519071328538
obs_0c6472ff7367b6e1,Autoencoder,distributor_count,5.738705387668237
obs_0c6472ff7367b6e1,Autoencoder,distinct_customers_rolling_MAD,4.998393420178038
obs_de8639cf7c1808d7,Autoencoder,distributor_mix_change,5.862213056155483
obs_de8639cf7c1808d7,Autoencoder,new_customers,5.584633290524231
obs_de8639cf7c1808d7,Autoencoder,distinct_customers_rolling_MAD,3.42353202487522
obs_154c1d1a1ba3152c,Autoencoder,channel_mix,1.6391814146557409
obs_154c1d1a1ba3152c,Autoencoder,median_price,0.8350740865702788
obs_154c1d1a1ba3152c,Autoencoder,subchannel_mix,0.5473945444783878
obs_a8268acde4b8eaf8,Autoencoder,latitude_dispersion,1.285747213847906
obs_a8268acde4b8eaf8,Autoencoder,customer_loss_rate,0.8398372729702258
obs_a8268acde4b8eaf8,Autoencoder,product_mix_change,0.6762125522905968
obs_f18114503d67d0f3,Autoencoder,total_quantity_rolling_std,1.4481422212973822
obs_f18114503d67d0f3,Autoencoder,total_sales_history_deviation,0.6938471664554334
obs_f18114503d67d0f3,Autoencoder,latitude_dispersion,0.5429970297635691
obs_d854c829244150d9,Autoencoder,total_sales_rolling_MAD,1.3961451652397499
obs_d854c829244150d9,Autoencoder,total_quantity_rolling_MAD,0.766531847127047
obs_d854c829244150d9,Autoencoder,distinct_customers_rolling_std,0.4322837318937497
obs_ebeb8afb53f24cc0,Autoencoder,simulated_actual_payout_rolling_std,4.018741386602578
obs_ebeb8afb53f24cc0,Autoencoder,simulated_actual_payout_rolling_mean_6,2.0302188915490627
obs_ebeb8afb53f24cc0,Autoencoder,median_price,1.4909448321743606
obs_4bebf820e8e4332d,Autoencoder,simulated_actual_payout_rolling_std,3.8895929203952946
obs_4bebf820e8e4332d,Autoencoder,simulated_actual_payout_rolling_mean_6,1.544739716301107
obs_4bebf820e8e4332d,Autoencoder,product_breadth_change,1.0814068311220673
obs_028db214774bf3fd,Autoencoder,channel_mix,2.693393351472052
obs_028db214774bf3fd,Autoencoder,product_mix_change,0.7630475894520801
obs_028db214774bf3fd,Autoencoder,product_breadth_change,0.6227878499270388
obs_089b36475b709e7c,Autoencoder,median_price,0.5366371437852464
obs_089b36475b709e7c,Autoencoder,distributor_mix_change,0.36990961006046075
obs_089b36475b709e7c,Autoencoder,simulated_actual_payout_history_deviation,0.2853405722509268
obs_29273ce4af30e523,Autoencoder,customer_loss_rate,2.5647746608036455
obs_29273ce4af30e523,Autoencoder,latitude_dispersion,0.6943152191931768
obs_29273ce4af30e523,Autoencoder,median_price,0.39969848406326747
obs_47df8de1f8b499ed,Autoencoder,total_quantity_rolling_MAD,0.7028877594494035
obs_47df8de1f8b499ed,Autoencoder,product_class_share,0.4247177146706166
obs_47df8de1f8b499ed,Autoencoder,channel_mix,0.41415795880584955
obs_6b6ff1c7fb151f8e,Autoencoder,customer_loss_rate,1.1708061640839238
obs_6b6ff1c7fb151f8e,Autoencoder,distinct_customers_rolling_MAD,0.8299701899604002
obs_6b6ff1c7fb151f8e,Autoencoder,product_class_share,0.7434200122300243
obs_b53d6350e9a049b1,Autoencoder,channel_mix,1.0456023448851186
obs_b53d6350e9a049b1,Autoencoder,customer_loss_rate,0.954109649694254
obs_b53d6350e9a049b1,Autoencoder,simulated_actual_payout_history_deviation,0.6935671920570023
obs_b952e4043d62e0d6,Autoencoder,simulated_actual_payout_lag_12,1.450229892539819
obs_b952e4043d62e0d6,Autoencoder,total_sales_year_over_year_growth,0.8942111295801672
obs_b952e4043d62e0d6,Autoencoder,product_mix_change,0.7770543211876866
obs_118404618c74dca2,Autoencoder,simulated_actual_payout_year_over_year_growth,0.9148113808776356
obs_118404618c74dca2,Autoencoder,total_quantity_rolling_std,0.8711124381591766
obs_118404618c74dca2,Autoencoder,total_sales_peer_z,0.7255095183950276
obs_4889326aedd448a7,Autoencoder,product_mix_change,3.242215387631831
obs_4889326aedd448a7,Autoencoder,simulated_actual_payout_year_over_year_growth,1.1625049027912537
obs_4889326aedd448a7,Autoencoder,simulated_actual_payout_lag_12,0.5321000513116579
obs_d58927a034600285,Autoencoder,subchannel_mix,0.8767274608984957
obs_d58927a034600285,Autoencoder,product_mix_change,0.7710199995644942
obs_d58927a034600285,Autoencoder,median_price,0.769501922815197
obs_8ff6c0b7bf653105,Autoencoder,simulated_actual_payout_lag_12,0.35500290463051254
obs_8ff6c0b7bf653105,Autoencoder,country_mix,0.34864930165061364
obs_8ff6c0b7bf653105,Autoencoder,total_sales_year_over_year_growth,0.32118507944830654
obs_e47ca23204bbb3b2,Autoencoder,product_concentration,1.4244871115198874
obs_e47ca23204bbb3b2,Autoencoder,subchannel_mix,0.7677623220884874
obs_e47ca23204bbb3b2,Autoencoder,distributor_mix_change,0.6901971476641131
obs_4beb8f6a4d8a2e19,Autoencoder,channel_mix,1.3866359677396258
obs_4beb8f6a4d8a2e19,Autoencoder,distinct_customers_rolling_std,1.0169279646393699
obs_4beb8f6a4d8a2e19,Autoencoder,total_quantity_peer_z,0.7652239819776133
obs_0419ff12a579654b,Autoencoder,product_mix_change,4.682225297089385
obs_0419ff12a579654b,Autoencoder,total_quantity_peer_z,1.2075251195617374
obs_0419ff12a579654b,Autoencoder,distinct_customers_rolling_std,1.2043462602215478
obs_0fa459ae12407e95,Autoencoder,distinct_customers_rolling_std,1.2232454040256384
obs_0fa459ae12407e95,Autoencoder,country_mix,1.160627497754778
obs_0fa459ae12407e95,Autoencoder,distributor_count,1.0009948788583856
obs_bda94eddac6e3229,Autoencoder,simulated_payout_delta,61.20748256147658
obs_bda94eddac6e3229,Autoencoder,simulated_payout_delta_pct,32.62771642040865
obs_bda94eddac6e3229,Autoencoder,simulated_payout_to_sales_ratio,2.2740297626716863
obs_39b8dd5eeaeca1e9,Autoencoder,simulated_actual_payout_trend,1.3749057861535734
obs_39b8dd5eeaeca1e9,Autoencoder,simulated_actual_payout_rolling_MAD,0.9941779872330202
obs_39b8dd5eeaeca1e9,Autoencoder,new_customers,0.9665642239637322
obs_da569ddaf01a28dd,Autoencoder,distributor_concentration,2.046555723003512
obs_da569ddaf01a28dd,Autoencoder,country_mix,1.2359125189995914
obs_da569ddaf01a28dd,Autoencoder,total_sales_lag_12,1.164806032230613
obs_4b6156e52f599913,Autoencoder,distributor_count,3.2764250048432637
obs_4b6156e52f599913,Autoencoder,median_price,1.3535803181503085
obs_4b6156e52f599913,Autoencoder,total_quantity_team_relative,1.2620947500284723
obs_a60cd302ff931258,Autoencoder,distinct_customers_rolling_MAD,2.7690751590486107
obs_a60cd302ff931258,Autoencoder,latitude_dispersion,2.3400781311204226
obs_a60cd302ff931258,Autoencoder,distinct_customers_rolling_std,1.886407577059703
obs_7eb0ce7600bf8974,Autoencoder,distinct_customers_rolling_MAD,6.893006380802275
obs_7eb0ce7600bf8974,Autoencoder,new_customers,5.644046833784182
obs_7eb0ce7600bf8974,Autoencoder,distinct_customers_rolling_std,3.675111545076008
obs_f753afdb6e06e37c,Autoencoder,distinct_customers_rolling_MAD,4.991504839148711
obs_f753afdb6e06e37c,Autoencoder,distributor_mix_change,4.736408305122059
obs_f753afdb6e06e37c,Autoencoder,distinct_customers_rolling_std,3.4075571447545
obs_1a0e10c779fcf4ec,Autoencoder,subchannel_mix,0.6652611942588771
obs_1a0e10c779fcf4ec,Autoencoder,distributor_concentration,0.3278863965479523
obs_1a0e10c779fcf4ec,Autoencoder,product_class_share,0.3268790610837765
obs_314a98cd4e2b871c,Autoencoder,distributor_concentration,5.397150739623182
obs_314a98cd4e2b871c,Autoencoder,distinct_customers_history_deviation,1.1190296195497855
obs_314a98cd4e2b871c,Autoencoder,channel_mix,0.7051840386342361
obs_f145d72eab09f819,Autoencoder,product_mix_change,1.358920976335632
obs_f145d72eab09f819,Autoencoder,distinct_customers_rolling_median,0.715168836141779
obs_f145d72eab09f819,Autoencoder,distributor_mix_change,0.504136460146132
obs_0ef32fe52a570a0a,Autoencoder,distinct_customers_rolling_MAD,1.9618987232665654
obs_0ef32fe52a570a0a,Autoencoder,subchannel_mix,0.9632775824834543
obs_0ef32fe52a570a0a,Autoencoder,total_sales_rolling_MAD,0.7143011248094504
obs_841b343ef7d93d8f,Autoencoder,simulated_actual_payout_lag_12,0.6969745363240736
obs_841b343ef7d93d8f,Autoencoder,product_class_share,0.5392347890610603
obs_841b343ef7d93d8f,Autoencoder,simulated_actual_payout_rolling_std,0.33404164830384014
obs_2ec7bd68440d75fe,Autoencoder,channel_mix,1.865436854715241
obs_2ec7bd68440d75fe,Autoencoder,subchannel_mix,0.9413193990685627
obs_2ec7bd68440d75fe,Autoencoder,product_mix_change,0.8428410746590864
obs_6c43cd2fe99b518c,Autoencoder,product_breadth_change,1.932177971575344
obs_6c43cd2fe99b518c,Autoencoder,total_quantity_team_relative,0.6138944744518698
obs_6c43cd2fe99b518c,Autoencoder,simulated_actual_payout_peer_median,0.27056157219599614
obs_45d6504b2b111753,Autoencoder,product_breadth_change,0.8838955126527571
obs_45d6504b2b111753,Autoencoder,product_mix_change,0.7152799009928816
obs_45d6504b2b111753,Autoencoder,distributor_count,0.5290700220100334
obs_10f7714a6ea99690,Autoencoder,customer_loss_rate,1.2228722829470204
obs_10f7714a6ea99690,Autoencoder,latitude_dispersion,0.962171551065377
obs_10f7714a6ea99690,Autoencoder,repeat_customer_ratio,0.5612585793010877
obs_af849a5e76efc113,Autoencoder,latitude_dispersion,0.9201447975084577
obs_af849a5e76efc113,Autoencoder,product_breadth_change,0.6065361467562393
obs_af849a5e76efc113,Autoencoder,simulated_actual_payout_peer_median,0.46354496218057856
obs_7bd95a9694ac5a71,Autoencoder,distinct_customers_rolling_MAD,0.6381688445661644
obs_7bd95a9694ac5a71,Autoencoder,latitude_dispersion,0.5976486185762122
obs_7bd95a9694ac5a71,Autoencoder,distinct_customers_history_deviation,0.42729687102375236
obs_e910a18031034c1d,Autoencoder,latitude_dispersion,1.550995120082468
obs_e910a18031034c1d,Autoencoder,product_mix_change,0.9002866465130636
obs_e910a18031034c1d,Autoencoder,total_quantity_rolling_median,0.5602999798453386
obs_e7f5d4735bdff3d6,Autoencoder,distinct_customers_rolling_MAD,2.708490685293731
obs_e7f5d4735bdff3d6,Autoencoder,product_breadth_change,1.7082275505353983
obs_e7f5d4735bdff3d6,Autoencoder,country_mix,0.9075928965904835
obs_85871b41c90627a9,Autoencoder,distinct_customers_rolling_MAD,1.8496347911009403
obs_85871b41c90627a9,Autoencoder,simulated_actual_payout_rolling_MAD,1.6457783505828396
obs_85871b41c90627a9,Autoencoder,simulated_actual_payout_trend,0.9854539970213966
obs_9319aa5248630ad5,Autoencoder,distinct_customers_rolling_MAD,3.875482814908717
obs_9319aa5248630ad5,Autoencoder,latitude_dispersion,2.9347165830612565
obs_9319aa5248630ad5,Autoencoder,distributor_mix_change,1.956611912756403
obs_b9bf282772d12bb6,Autoencoder,distributor_concentration,0.7893998753404614
obs_b9bf282772d12bb6,Autoencoder,product_mix_change,0.4234674212738583
obs_b9bf282772d12bb6,Autoencoder,latitude_dispersion,0.29692311163437096
obs_eaecbbfc5084df63,Autoencoder,customer_loss_rate,2.762768130858038
obs_eaecbbfc5084df63,Autoencoder,total_quantity_rolling_MAD,2.5271330735696487
obs_eaecbbfc5084df63,Autoencoder,simulated_actual_payout_rolling_MAD,0.47468028131808093
obs_6f5d602835b95c31,Autoencoder,simulated_actual_payout_rolling_MAD,1.7876112324641107
obs_6f5d602835b95c31,Autoencoder,product_mix_change,1.4013909908857558
obs_6f5d602835b95c31,Autoencoder,total_quantity_rolling_MAD,1.268063586701787
obs_9535f59e1da49fb9,Autoencoder,product_mix_change,1.0939680423095568
obs_9535f59e1da49fb9,Autoencoder,distinct_customers_lag_6,0.961908520615367
obs_9535f59e1da49fb9,Autoencoder,total_quantity_history_deviation,0.6817116785315368
obs_b6d0806d153187c5,Autoencoder,distinct_customers_lag_6,0.693073562049313
obs_b6d0806d153187c5,Autoencoder,total_sales_rolling_std,0.5819973670493748
obs_b6d0806d153187c5,Autoencoder,total_quantity_rolling_std,0.41625382966183194
obs_13f1aa61197ea45d,Autoencoder,distinct_customers_lag_6,1.8327353677242988
obs_13f1aa61197ea45d,Autoencoder,distinct_customers_team_relative,0.66779692468229
obs_13f1aa61197ea45d,Autoencoder,product_breadth_change,0.6151935830556561
obs_c2746c6d1a230f77,Autoencoder,simulated_actual_payout_year_over_year_growth,1.2206978737745546
obs_c2746c6d1a230f77,Autoencoder,simulated_actual_payout_lag_12,1.209202768276844
obs_c2746c6d1a230f77,Autoencoder,distinct_customers_rolling_MAD,0.878564070455638
obs_97e49fd0497d2bc9,Autoencoder,distinct_customers_lag_6,2.541688884003925
obs_97e49fd0497d2bc9,Autoencoder,simulated_actual_payout_history_deviation,1.3394664295111605
obs_97e49fd0497d2bc9,Autoencoder,simulated_actual_payout_year_over_year_growth,1.2516420377926292
obs_3fbd7c27458da79a,Autoencoder,distinct_customers_rolling_MAD,2.260289279118458
obs_3fbd7c27458da79a,Autoencoder,channel_mix,1.9040841404188737
obs_3fbd7c27458da79a,Autoencoder,new_customers,1.729136031876234
obs_b8ce099d96f0602e,Autoencoder,distributor_count,2.266383147692963
obs_b8ce099d96f0602e,Autoencoder,distributor_mix_change,1.81248905659838
obs_b8ce099d96f0602e,Autoencoder,total_quantity_peer_median,1.423071003135489
obs_c99f5a8d215c53ad,Autoencoder,new_customers,6.116026513291222
obs_c99f5a8d215c53ad,Autoencoder,distinct_customers_lag_6,2.153327775809468
obs_c99f5a8d215c53ad,Autoencoder,simulated_actual_payout_peer_median,2.02580486249241
obs_0b872227274ab87b,Autoencoder,new_customers,5.936236728272388
obs_0b872227274ab87b,Autoencoder,distributor_count,4.383022588544641
obs_0b872227274ab87b,Autoencoder,simulated_actual_payout_peer_median,3.148049637632959
obs_29409348634dab0b,Autoencoder,distinct_customers_rolling_std,2.4115000599663725
obs_29409348634dab0b,Autoencoder,distinct_customers_lag_6,1.991392903911973
obs_29409348634dab0b,Autoencoder,new_customers,1.8214369294504562
obs_80394ba55aa01467,Autoencoder,latitude_dispersion,0.48887962042852057
obs_80394ba55aa01467,Autoencoder,distinct_products,0.2750225029463913
obs_80394ba55aa01467,Autoencoder,average_price,0.13982726409274898
obs_647f912e8f747fce,Autoencoder,distinct_products,0.6591376435241096
obs_647f912e8f747fce,Autoencoder,total_quantity_month_over_month_growth,0.21492530031305368
obs_647f912e8f747fce,Autoencoder,total_quantity_history_deviation,0.20964255563793577
obs_82297644314f444d,Autoencoder,latitude_dispersion,1.148331548850456
obs_82297644314f444d,Autoencoder,total_quantity_rolling_std,1.0490282691093922
obs_82297644314f444d,Autoencoder,product_breadth_change,0.8177699923898906
obs_82b535f9b798fe87,Autoencoder,total_sales_rolling_MAD,4.369547506561777
obs_82b535f9b798fe87,Autoencoder,distributor_count,3.339423847872526
obs_82b535f9b798fe87,Autoencoder,distinct_customers_rolling_MAD,1.2651718978284914
obs_fbe856870eb02757,Autoencoder,product_breadth_change,1.4059297276398215
obs_fbe856870eb02757,Autoencoder,latitude_dispersion,0.8503673532744267
obs_fbe856870eb02757,Autoencoder,total_quantity_rolling_MAD,0.4842141340059992
obs_1aa0b80892769768,Autoencoder,total_sales_rolling_MAD,1.0474068331076232
obs_1aa0b80892769768,Autoencoder,product_mix_change,0.8183412229008848
obs_1aa0b80892769768,Autoencoder,simulated_actual_payout_rolling_std,0.7565357269577083
obs_839771c75eddabf4,Autoencoder,distributor_mix_change,2.0134623647329946
obs_839771c75eddabf4,Autoencoder,total_quantity_rolling_MAD,0.43983282411198604
obs_839771c75eddabf4,Autoencoder,latitude_dispersion,0.2777525875935875
obs_fecdb2eb900a099c,Autoencoder,simulated_actual_payout_rolling_mean_3,0.24721550374049073
obs_fecdb2eb900a099c,Autoencoder,average_price,0.22318167385245075
obs_fecdb2eb900a099c,Autoencoder,distributor_count,0.21530336099857605
obs_7b4eff6f4a2cea3f,Autoencoder,distributor_mix_change,2.0862428672320044
obs_7b4eff6f4a2cea3f,Autoencoder,channel_mix,1.579003352432288
obs_7b4eff6f4a2cea3f,Autoencoder,subchannel_mix,0.6376648745806992
obs_2ca11d9d5d498566,Autoencoder,distributor_mix_change,0.5534752806974704
obs_2ca11d9d5d498566,Autoencoder,distributor_count,0.4457726529020688
obs_2ca11d9d5d498566,Autoencoder,product_mix_change,0.3889224611383028
obs_4e2467ccf8a0c613,Autoencoder,distributor_concentration,1.633918579461239
obs_4e2467ccf8a0c613,Autoencoder,distinct_customers_rolling_std,0.4495273597516146
obs_4e2467ccf8a0c613,Autoencoder,distributor_mix_change,0.4115629944224156
obs_81a9d571ad0f3c40,Autoencoder,new_customers,0.9103070921062497
obs_81a9d571ad0f3c40,Autoencoder,distributor_concentration,0.488078787816261
obs_81a9d571ad0f3c40,Autoencoder,product_mix_change,0.45475668142933284
obs_396d12c62b02a8b1,Autoencoder,distinct_customers_rolling_MAD,0.6407832883187499
obs_396d12c62b02a8b1,Autoencoder,distributor_concentration,0.4669369206378334
obs_396d12c62b02a8b1,Autoencoder,simulated_actual_payout_rolling_std,0.3527549788620614
obs_e092fd0c3e760969,Autoencoder,product_mix_change,0.5364516957210296
obs_e092fd0c3e760969,Autoencoder,distinct_customers_lag_2,0.4785248360570818
obs_e092fd0c3e760969,Autoencoder,total_quantity_peer_median,0.4335688593263876
obs_9e6330523666fc18,Autoencoder,distinct_customers_lag_2,0.6616739787382746
obs_9e6330523666fc18,Autoencoder,distinct_customers_acceleration,0.5885195609186574
obs_9e6330523666fc18,Autoencoder,product_mix_change,0.45135779032914647
obs_f54ae4a669026e09,Autoencoder,total_quantity_year_over_year_growth,2.0335873759315772
obs_f54ae4a669026e09,Autoencoder,channel_mix,1.853132637204346
obs_f54ae4a669026e09,Autoencoder,total_sales_year_over_year_growth,1.4234509330570846
obs_419eb1119f5a9b55,Autoencoder,total_quantity_rolling_std,1.2550459062601138
obs_419eb1119f5a9b55,Autoencoder,simulated_actual_payout_rolling_MAD,1.1288592407111309
obs_419eb1119f5a9b55,Autoencoder,latitude_dispersion,0.7704583156103755
obs_65421b8620999480,Autoencoder,total_quantity_rolling_std,1.374840989989843
obs_65421b8620999480,Autoencoder,simulated_actual_payout_rolling_MAD,0.8866360551578959
obs_65421b8620999480,Autoencoder,total_sales_rolling_median,0.6511169197482212
obs_eff8caabec843516,Autoencoder,total_quantity_rolling_std,2.9885467672602957
obs_eff8caabec843516,Autoencoder,distributor_concentration,1.4527234523073045
obs_eff8caabec843516,Autoencoder,distinct_customers_rolling_std,1.2860296165546123
obs_7549f5a41db1d2a3,Autoencoder,total_quantity_rolling_std,3.13540195384926
obs_7549f5a41db1d2a3,Autoencoder,total_sales_rolling_std,1.0980613324075275
obs_7549f5a41db1d2a3,Autoencoder,total_sales_rolling_MAD,1.0513092701373057
obs_a50d859059b89990,Autoencoder,total_quantity_rolling_std,3.971238173060171
obs_a50d859059b89990,Autoencoder,total_sales_rolling_std,1.6114002717715838
obs_a50d859059b89990,Autoencoder,total_sales_rolling_MAD,1.5480095930629334
obs_9d34fa66d4e5582c,Autoencoder,total_sales_rolling_MAD,6.981775407242038
obs_9d34fa66d4e5582c,Autoencoder,total_quantity_rolling_std,5.3508017163650505
obs_9d34fa66d4e5582c,Autoencoder,total_sales_rolling_std,2.6666383577790422
obs_6e06b428693eb0e4,Autoencoder,total_sales_rolling_MAD,2.4013136822190253
obs_6e06b428693eb0e4,Autoencoder,distinct_customers_rolling_MAD,2.0797835365491064
obs_6e06b428693eb0e4,Autoencoder,latitude_dispersion,1.9532356370336783
obs_23aa8ee0609ca1c3,Autoencoder,distributor_mix_change,3.1600997135839104
obs_23aa8ee0609ca1c3,Autoencoder,new_customers,1.6732170797320027
obs_23aa8ee0609ca1c3,Autoencoder,latitude_dispersion,0.7965204542635062
obs_a0ec10f16ce2ec5f,Autoencoder,new_customers,3.664192995566601
obs_a0ec10f16ce2ec5f,Autoencoder,total_sales_rolling_MAD,2.8182709984261396
obs_a0ec10f16ce2ec5f,Autoencoder,distributor_count,1.9101925978803973
obs_2eca01bffa44d368,Autoencoder,new_customers,12.682194733301838
obs_2eca01bffa44d368,Autoencoder,channel_mix,5.973769554426034
obs_2eca01bffa44d368,Autoencoder,distributor_count,3.770928914862484
obs_5002acba73ef80f1,Autoencoder,new_customers,6.21928033865819
obs_5002acba73ef80f1,Autoencoder,distinct_customers_rolling_MAD,3.9611664150066743
obs_5002acba73ef80f1,Autoencoder,distributor_count,3.908517366469429
obs_fc763aa90deb982e,Autoencoder,new_customers,8.814597033367013
obs_fc763aa90deb982e,Autoencoder,total_quantity_lag_12,5.431617874262359
obs_fc763aa90deb982e,Autoencoder,distinct_customers_rolling_MAD,5.104875129545411
obs_64ac8dadff02984d,Autoencoder,latitude_dispersion,2.96970369581491
obs_64ac8dadff02984d,Autoencoder,channel_mix,1.8792986180427274
obs_64ac8dadff02984d,Autoencoder,distributor_concentration,0.32913723678274803
obs_38676a738b01b2da,Autoencoder,product_breadth_change,0.6949689720803593
obs_38676a738b01b2da,Autoencoder,distributor_concentration,0.5946800590624158
obs_38676a738b01b2da,Autoencoder,latitude_dispersion,0.3038791708515371
obs_cb3f9ee2f5c22bed,Autoencoder,total_quantity_rolling_std,44.55668893835677
obs_cb3f9ee2f5c22bed,Autoencoder,total_sales_rolling_std,4.498433745348328
obs_cb3f9ee2f5c22bed,Autoencoder,median_price,1.6953453145387665
obs_a24356479fcd3a45,Autoencoder,total_quantity_rolling_MAD,29.46843215297225
obs_a24356479fcd3a45,Autoencoder,simulated_actual_payout_rolling_MAD,5.288646570054433
obs_a24356479fcd3a45,Autoencoder,total_sales_rolling_std,2.9267994145736345
obs_48e33304ef0d79b4,Autoencoder,total_sales_rolling_MAD,8.038544181652528
obs_48e33304ef0d79b4,Autoencoder,simulated_actual_payout_rolling_MAD,1.6049165404761703
obs_48e33304ef0d79b4,Autoencoder,total_sales_rolling_std,1.4709505564276597
obs_0df14494be69de5b,Autoencoder,total_sales_rolling_MAD,6.792488608930731
obs_0df14494be69de5b,Autoencoder,simulated_actual_payout_rolling_MAD,1.2769482104635608
obs_0df14494be69de5b,Autoencoder,distributor_count,0.9492266399717951
obs_2a0f8b970fd2cf99,Autoencoder,total_sales_rolling_MAD,5.8685577582656885
obs_2a0f8b970fd2cf99,Autoencoder,total_quantity_rolling_MAD,2.0813193020792453
obs_2a0f8b970fd2cf99,Autoencoder,latitude_dispersion,0.8055236912437941
obs_278ad958b9c21d1d,Autoencoder,total_sales_rolling_MAD,2.22640469122992
obs_278ad958b9c21d1d,Autoencoder,total_quantity_rolling_MAD,1.1133367108307148
obs_278ad958b9c21d1d,Autoencoder,total_quantity_peer_country_product_class_relative,0.9138153008435924
obs_0a0c51cc5fbc8297,Autoencoder,latitude_dispersion,1.0483858459907012
obs_0a0c51cc5fbc8297,Autoencoder,distributor_concentration,0.5922855387467829
obs_0a0c51cc5fbc8297,Autoencoder,total_sales_rolling_MAD,0.541467204200536
obs_2d78342e88e2905d,Autoencoder,product_mix_change,5.363063371661781
obs_2d78342e88e2905d,Autoencoder,product_breadth_change,1.471989479799792
obs_2d78342e88e2905d,Autoencoder,distinct_customers_rolling_MAD,0.8189507505071899
obs_c4c3d58644e26467,Autoencoder,total_sales_rolling_median,0.8342614167336766
obs_c4c3d58644e26467,Autoencoder,new_customers,0.7504263156933068
obs_c4c3d58644e26467,Autoencoder,product_breadth_change,0.6469147454997484
obs_f84e516d55fa22fb,Autoencoder,latitude_dispersion,0.7996560361419285
obs_f84e516d55fa22fb,Autoencoder,product_breadth_change,0.6114626815164974
obs_f84e516d55fa22fb,Autoencoder,product_mix_change,0.5243408909449466
obs_3f2ccc085c72a579,Autoencoder,distributor_concentration,1.2119793903831018
obs_3f2ccc085c72a579,Autoencoder,channel_mix,0.9237359539010851
obs_3f2ccc085c72a579,Autoencoder,product_breadth_change,0.6829536706222183
obs_9f746b2b79caeaeb,Autoencoder,distinct_customers_acceleration,1.430871013062852
obs_9f746b2b79caeaeb,Autoencoder,total_sales_rolling_MAD,1.3389211163706014
obs_9f746b2b79caeaeb,Autoencoder,distinct_customers_lag_2,1.3134512398820166
obs_8fef2e625aee0cee,Autoencoder,product_mix_change,5.083108509266908
obs_8fef2e625aee0cee,Autoencoder,subchannel_mix,1.4430981611635938
obs_8fef2e625aee0cee,Autoencoder,distinct_customers_acceleration,0.6625922578493074
obs_8ee538feda162af2,Autoencoder,product_mix_change,2.476086646417272
obs_8ee538feda162af2,Autoencoder,distributor_mix_change,0.5986598876066412
obs_8ee538feda162af2,Autoencoder,latitude_dispersion,0.5862592481708807
obs_4697f4e2d9fe010b,Autoencoder,latitude_dispersion,0.918674750109316
obs_4697f4e2d9fe010b,Autoencoder,simulated_actual_payout_peer_z,0.8637718627377281
obs_4697f4e2d9fe010b,Autoencoder,product_breadth_change,0.5573656615430059
obs_03a50dbaf024fc40,Autoencoder,latitude_dispersion,1.207450043278818
obs_03a50dbaf024fc40,Autoencoder,product_mix_change,1.0994751822734554
obs_03a50dbaf024fc40,Autoencoder,total_sales_year_over_year_growth,0.48270135769157463
obs_c2339ed6bd9d90e6,Autoencoder,distinct_customers_rolling_MAD,0.9318160395786846
obs_c2339ed6bd9d90e6,Autoencoder,total_sales_year_over_year_growth,0.8392659987712623
obs_c2339ed6bd9d90e6,Autoencoder,total_quantity_year_over_year_growth,0.7552375560502718
obs_2f32ddd0a2e94a9f,Autoencoder,latitude_dispersion,0.649629162666007
obs_2f32ddd0a2e94a9f,Autoencoder,total_sales_lag_12,0.6130838157807141
obs_2f32ddd0a2e94a9f,Autoencoder,total_sales_rolling_MAD,0.5389986133377574
obs_ff228098000f31a4,Autoencoder,simulated_payout_delta,37.62497491347222
obs_ff228098000f31a4,Autoencoder,simulated_payout_delta_pct,16.844973203641196
obs_ff228098000f31a4,Autoencoder,new_customers,1.077664498667547
obs_e10040da5653d166,Autoencoder,new_customers,2.3044578574699406
obs_e10040da5653d166,Autoencoder,simulated_actual_payout_lag_12,1.5724572075580365
obs_e10040da5653d166,Autoencoder,simulated_actual_payout_year_over_year_growth,0.8479496243912102
obs_a40688e3012fb701,Autoencoder,product_mix_change,4.898146649239945
obs_a40688e3012fb701,Autoencoder,new_customers,1.9707514014081695
obs_a40688e3012fb701,Autoencoder,channel_mix,1.562931557801337
obs_832b2a61982038e4,Autoencoder,new_customers,4.292320608486031
obs_832b2a61982038e4,Autoencoder,channel_mix,1.2856181291180397
obs_832b2a61982038e4,Autoencoder,distributor_mix_change,1.2239171524030448
obs_db0fcfce59c29ec3,Autoencoder,distributor_count,3.211978538636772
obs_db0fcfce59c29ec3,Autoencoder,latitude_dispersion,1.3934664754039332
obs_db0fcfce59c29ec3,Autoencoder,distributor_concentration,1.3766669129998312
obs_b7104111d63806bf,Autoencoder,new_customers,6.827778281732795
obs_b7104111d63806bf,Autoencoder,distinct_customers_lag_6,2.7534337713258417
obs_b7104111d63806bf,Autoencoder,distributor_count,2.5479261299826144
obs_93f16dd623a75aba,Autoencoder,new_customers,7.230729331596907
obs_93f16dd623a75aba,Autoencoder,distinct_customers_rolling_MAD,4.790032275057934
obs_93f16dd623a75aba,Autoencoder,customer_loss_rate,3.4965245874246818
obs_81e5813f62b2c57a,Autoencoder,new_customers,11.989593847907967
obs_81e5813f62b2c57a,Autoencoder,distinct_customers_rolling_MAD,4.76124554875214
obs_81e5813f62b2c57a,Autoencoder,distinct_customers_rolling_std,3.3716057036004474
obs_1aa795299e0cb6ce,Autoencoder,subchannel_mix,0.8846687056352676
obs_1aa795299e0cb6ce,Autoencoder,distributor_concentration,0.36922242951497053
obs_1aa795299e0cb6ce,Autoencoder,latitude_dispersion,0.21048818144071177
obs_a52a27f658b8e268,Autoencoder,subchannel_mix,3.07614138315529
obs_a52a27f658b8e268,Autoencoder,distributor_count,1.0553298752462226
obs_a52a27f658b8e268,Autoencoder,representative_rank,0.6876863281740175
obs_947acac2d689eb52,Autoencoder,total_quantity_rolling_std,2.855352694435253
obs_947acac2d689eb52,Autoencoder,distinct_customers_rolling_std,2.4990753897359457
obs_947acac2d689eb52,Autoencoder,total_sales_rolling_median,0.46237858260614056
obs_eafee8335b376eb9,Autoencoder,total_quantity_rolling_std,1.99143031952544
obs_eafee8335b376eb9,Autoencoder,total_sales_rolling_MAD,1.079667217144873
obs_eafee8335b376eb9,Autoencoder,product_breadth_change,0.9098514636957604
obs_497a2f5d75cba8c8,Autoencoder,product_mix_change,4.1040403829615375
obs_497a2f5d75cba8c8,Autoencoder,simulated_actual_payout_rolling_std,3.376111035490138
obs_497a2f5d75cba8c8,Autoencoder,distributor_mix_change,1.9197807875888775
obs_a0e029c774718100,Autoencoder,simulated_actual_payout_rolling_std,1.8183461646866217
obs_a0e029c774718100,Autoencoder,total_quantity_rolling_MAD,1.234981433134083
obs_a0e029c774718100,Autoencoder,simulated_actual_payout_rolling_mean_6,0.743300178822626
obs_aff9c9691d68d316,Autoencoder,total_quantity_rolling_MAD,1.09712801727713
obs_aff9c9691d68d316,Autoencoder,distinct_customers_rolling_MAD,1.0609910555534043
obs_aff9c9691d68d316,Autoencoder,simulated_actual_payout_rolling_std,0.40425413047865993
obs_2d91acc0ed1eb224,Autoencoder,channel_mix,1.0018730097508224
obs_2d91acc0ed1eb224,Autoencoder,total_quantity_rolling_MAD,0.8359301506805268
obs_2d91acc0ed1eb224,Autoencoder,simulated_actual_payout_team_relative,0.46941308810102356
obs_c2868c88c9f66634,Autoencoder,latitude_dispersion,1.8635044540979329
obs_c2868c88c9f66634,Autoencoder,distributor_mix_change,0.32063393692524794
obs_c2868c88c9f66634,Autoencoder,total_quantity_lag_2,0.30166175104640436
obs_6707daeefe0bf398,Autoencoder,product_breadth_change,0.42497675925058215
obs_6707daeefe0bf398,Autoencoder,product_mix_change,0.4087140223068342
obs_6707daeefe0bf398,Autoencoder,distinct_customers_lag_3,0.36596053838924814
obs_650926c97abe489d,Autoencoder,distributor_concentration,8.697260831742824
obs_650926c97abe489d,Autoencoder,distributor_count,2.8120983628827725
obs_650926c97abe489d,Autoencoder,total_quantity_rolling_median,1.1753619287122645
obs_ef23e537a280a2c6,Autoencoder,distributor_mix_change,1.2691807451108559
obs_ef23e537a280a2c6,Autoencoder,distributor_count,0.5175765277801107
obs_ef23e537a280a2c6,Autoencoder,total_sales_rolling_std,0.5078927242573935
obs_87b552f43a581274,Autoencoder,subchannel_mix,2.1620079057941
obs_87b552f43a581274,Autoencoder,simulated_actual_payout_lag_12,1.6080186010325583
obs_87b552f43a581274,Autoencoder,distributor_count,0.8206724343002506
obs_8200b59379acc241,Autoencoder,distinct_customers_lag_2,1.320051435047785
obs_8200b59379acc241,Autoencoder,latitude_dispersion,1.2651727448069712
obs_8200b59379acc241,Autoencoder,distinct_customers_trend,1.1278750800002575
obs_5fe352327795efd4,Autoencoder,distinct_customers_lag_2,1.26727274986785
obs_5fe352327795efd4,Autoencoder,distinct_customers_acceleration,1.2566710093918096
obs_5fe352327795efd4,Autoencoder,distinct_customers_lag_3,0.9489733922914201
obs_a7abda0717fdafce,Autoencoder,simulated_actual_payout_rolling_MAD,1.8915054535233258
obs_a7abda0717fdafce,Autoencoder,simulated_actual_payout_history_deviation,0.810943997223178
obs_a7abda0717fdafce,Autoencoder,customer_loss_rate,0.7268522867457046
obs_743e3830c1000d77,Autoencoder,product_mix_change,0.7130799154416263
obs_743e3830c1000d77,Autoencoder,customer_loss_rate,0.6283944179720881
obs_743e3830c1000d77,Autoencoder,total_quantity_lag_12,0.45570417016625825
obs_408f08c4ec4b9aae,Autoencoder,channel_mix,1.8761238171389503
obs_408f08c4ec4b9aae,Autoencoder,distributor_concentration,0.6152903760401501
obs_408f08c4ec4b9aae,Autoencoder,latitude_dispersion,0.5957258684148251
obs_3abbeaeaec1941c9,Autoencoder,simulated_actual_payout_lag_12,1.352563006920879
obs_3abbeaeaec1941c9,Autoencoder,distinct_customers_rolling_std,1.0621181012837475
obs_3abbeaeaec1941c9,Autoencoder,simulated_actual_payout_year_over_year_growth,0.971052105295368
obs_d25e74c6df97189c,Autoencoder,distributor_mix_change,2.368458181028292
obs_d25e74c6df97189c,Autoencoder,simulated_actual_payout_peer_median,1.8165247172278247
obs_d25e74c6df97189c,Autoencoder,country_mix,1.2871754267585136
obs_8d0ba40c6ed54109,Autoencoder,distinct_customers_rolling_MAD,1.7861926234606844
obs_8d0ba40c6ed54109,Autoencoder,distinct_customers_lag_6,1.50960522061455
obs_8d0ba40c6ed54109,Autoencoder,new_customers,1.2335104502928531
obs_0cf0ac05045e9dd9,Autoencoder,distinct_customers_rolling_MAD,2.777456600493637
obs_0cf0ac05045e9dd9,Autoencoder,distinct_customers_rolling_std,2.0284210442958432
obs_0cf0ac05045e9dd9,Autoencoder,total_quantity_year_over_year_growth,1.9508689576077591
obs_2850203b29d86c7b,Autoencoder,distinct_customers_rolling_MAD,5.854116225686293
obs_2850203b29d86c7b,Autoencoder,new_customers,3.7791970673421322
obs_2850203b29d86c7b,Autoencoder,distributor_mix_change,1.7743262659594174
obs_4f95d43413528ed7,Autoencoder,distinct_customers_rolling_MAD,4.375757917192018
obs_4f95d43413528ed7,Autoencoder,new_customers,1.6318671828075209
obs_4f95d43413528ed7,Autoencoder,total_quantity_lag_12,1.406533833797499
obs_94a0c4eb8176a145,Autoencoder,new_customers,3.7565111010444765
obs_94a0c4eb8176a145,Autoencoder,product_class_share,2.7202970711283334
obs_94a0c4eb8176a145,Autoencoder,distinct_customers_history_deviation,2.261245670234511
obs_15d69bb41dff4fe7,Autoencoder,new_customers,6.757846049124939
obs_15d69bb41dff4fe7,Autoencoder,total_sales_lag_1,4.051000275653022
obs_15d69bb41dff4fe7,Autoencoder,distinct_customers_rolling_std,2.8077890229717517
obs_b4c23df3fe6a3030,Autoencoder,new_customers,12.441775520188493
obs_b4c23df3fe6a3030,Autoencoder,distinct_customers_rolling_MAD,4.083939554500204
obs_b4c23df3fe6a3030,Autoencoder,distinct_customers_rolling_std,3.41078352347281
obs_e4d904bef15cb6d9,Autoencoder,total_quantity_lag_3,5.8386663171103095
obs_e4d904bef15cb6d9,Autoencoder,channel_mix,5.7949025693465375
obs_e4d904bef15cb6d9,Autoencoder,distinct_customers_rolling_std,4.807040543395293
obs_9c3dcfd269f1daed,Autoencoder,channel_mix,0.47040153317949673
obs_9c3dcfd269f1daed,Autoencoder,latitude_dispersion,0.35490971309027586
obs_9c3dcfd269f1daed,Autoencoder,distinct_customers_history_deviation,0.2664301137699723
obs_5db6a16e24782000,Autoencoder,product_mix_change,1.06244311868717
obs_5db6a16e24782000,Autoencoder,product_breadth_change,0.6952949431369491
obs_5db6a16e24782000,Autoencoder,customer_loss_rate,0.5400904422127957
obs_9ff330ee056b6bf3,Autoencoder,city_concentration,0.511487915090115
obs_9ff330ee056b6bf3,Autoencoder,product_mix_change,0.4983019029715299
obs_9ff330ee056b6bf3,Autoencoder,customer_concentration,0.4643110355936831
obs_a9b92a41baf4fcfd,Autoencoder,total_quantity_rolling_MAD,2.895750882439766
obs_a9b92a41baf4fcfd,Autoencoder,total_sales_rolling_MAD,2.236991098845617
obs_a9b92a41baf4fcfd,Autoencoder,latitude_dispersion,0.741813109432484
obs_b49cf9291af38640,Autoencoder,total_quantity_rolling_MAD,5.34896707381533
obs_b49cf9291af38640,Autoencoder,total_sales_rolling_MAD,0.8129448220356376
obs_b49cf9291af38640,Autoencoder,subchannel_mix,0.6047830907846676
obs_1ecc14141825d009,Autoencoder,total_quantity_rolling_MAD,5.250489251226256
obs_1ecc14141825d009,Autoencoder,simulated_actual_payout_rolling_MAD,0.8075686543354382
obs_1ecc14141825d009,Autoencoder,product_breadth_change,0.800186823399825
obs_1b6de767e8ff2313,Autoencoder,product_breadth_change,1.893062581724197
obs_1b6de767e8ff2313,Autoencoder,simulated_actual_payout_lag_12,1.0487726671339919
obs_1b6de767e8ff2313,Autoencoder,latitude_dispersion,0.994128378525846
obs_88347e381f25c2a3,Autoencoder,total_sales_rolling_MAD,0.8409301091321488
obs_88347e381f25c2a3,Autoencoder,distributor_mix_change,0.7624046422540911
obs_88347e381f25c2a3,Autoencoder,total_quantity_rolling_MAD,0.7438709834609669
obs_f1287555d5f46daa,Autoencoder,latitude_dispersion,1.1161658737151843
obs_f1287555d5f46daa,Autoencoder,total_quantity_rolling_MAD,0.9259800802289143
obs_f1287555d5f46daa,Autoencoder,subchannel_mix,0.8662461739442535
obs_5f4f5b630be891ef,Autoencoder,customer_loss_rate,0.842813493128339
obs_5f4f5b630be891ef,Autoencoder,latitude_dispersion,0.8133723524827323
obs_5f4f5b630be891ef,Autoencoder,distinct_customers_rolling_MAD,0.44440941956851154
obs_b8596af14b0de19a,Autoencoder,distributor_mix_change,1.7042982875503685
obs_b8596af14b0de19a,Autoencoder,distributor_concentration,1.290496156680111
obs_b8596af14b0de19a,Autoencoder,customer_loss_rate,0.7597937060129872
obs_9cfab4050a288096,Autoencoder,total_quantity_lag_6,3.373567475243493
obs_9cfab4050a288096,Autoencoder,distinct_customers_lag_6,1.2216314187826778
obs_9cfab4050a288096,Autoencoder,distributor_count,0.7085985333549589
obs_846f3c1b9f22cc40,Autoencoder,simulated_actual_payout_rolling_std,1.24665022326945
obs_846f3c1b9f22cc40,Autoencoder,total_quantity_rolling_MAD,1.0847196278328322
obs_846f3c1b9f22cc40,Autoencoder,product_breadth_change,0.7812784721870721
obs_11d1908dd080d16d,Autoencoder,simulated_actual_payout_rolling_std,1.1973616042243007
obs_11d1908dd080d16d,Autoencoder,total_sales_rolling_std,1.0324217934814446
obs_11d1908dd080d16d,Autoencoder,distributor_mix_change,0.8577929355151459
obs_0b5365c4f5e77a73,Autoencoder,simulated_actual_payout_history_deviation,0.7950230950926259
obs_0b5365c4f5e77a73,Autoencoder,channel_mix,0.7416535359012101
obs_0b5365c4f5e77a73,Autoencoder,distinct_customers_lag_2,0.47643897879008335
obs_af37b35f684f563e,Autoencoder,customer_loss_rate,1.0720948075952494
obs_af37b35f684f563e,Autoencoder,product_mix_change,0.7309032081273366
obs_af37b35f684f563e,Autoencoder,distinct_customers_rolling_MAD,0.48605488926132884
obs_b8e5434a0f5313f8,Autoencoder,customer_loss_rate,0.8764570629678847
obs_b8e5434a0f5313f8,Autoencoder,latitude_dispersion,0.5901527348126029
obs_b8e5434a0f5313f8,Autoencoder,channel_mix,0.5611546723350601
obs_ad65eea82bf5323a,Autoencoder,distributor_mix_change,3.1707954415375337
obs_ad65eea82bf5323a,Autoencoder,total_quantity_lag_12,1.5071295194532839
obs_ad65eea82bf5323a,Autoencoder,total_quantity_year_over_year_growth,1.0949821059222762
obs_5dcdeaf28a91fe21,Autoencoder,distributor_mix_change,1.0458998100936951
obs_5dcdeaf28a91fe21,Autoencoder,distinct_customers_team_relative,0.8751967263838649
obs_5dcdeaf28a91fe21,Autoencoder,distinct_customers_rolling_std,0.8058421457123106
obs_f71b9b50c4274c0f,Autoencoder,distributor_mix_change,1.7993510748601604
obs_f71b9b50c4274c0f,Autoencoder,simulated_actual_payout_lag_12,0.8417124369948581
obs_f71b9b50c4274c0f,Autoencoder,subchannel_mix,0.7894184441354172
obs_732536e08786e6c7,Autoencoder,product_concentration,1.5365408889302916
obs_732536e08786e6c7,Autoencoder,distinct_customers_lag_6,1.180135232552125
obs_732536e08786e6c7,Autoencoder,distributor_concentration,0.7945389106363633
obs_f65d22be8bfa06d9,Autoencoder,distinct_customers_team_relative,1.3308846138382806
obs_f65d22be8bfa06d9,Autoencoder,new_customers,1.1838624855170157
obs_f65d22be8bfa06d9,Autoencoder,distinct_customers_lag_6,0.9662931190749686
obs_54820cc69d912153,Autoencoder,new_customers,1.4963576196302382
obs_54820cc69d912153,Autoencoder,distinct_customers_rolling_std,0.9809763361496691
obs_54820cc69d912153,Autoencoder,distributor_concentration,0.9073955751642779
obs_7bee3b75cbfd01b5,Autoencoder,product_mix_change,5.743322779686815
obs_7bee3b75cbfd01b5,Autoencoder,new_customers,3.117652528625617
obs_7bee3b75cbfd01b5,Autoencoder,product_concentration,1.7668246639954541
obs_baf102b14125479d,Autoencoder,new_customers,3.200365635422154
obs_baf102b14125479d,Autoencoder,distributor_count,3.1485624953974973
obs_baf102b14125479d,Autoencoder,total_quantity_peer_median,2.2269882006384507
obs_cf31dd46a83fc1e5,Autoencoder,product_mix_change,8.325621061598499
obs_cf31dd46a83fc1e5,Autoencoder,new_customers,5.999201160881925
obs_cf31dd46a83fc1e5,Autoencoder,distinct_customers_lag_6,3.8140429708738095
obs_75a12c5a719bc3f8,Autoencoder,distributor_count,4.6986974750773305
obs_75a12c5a719bc3f8,Autoencoder,distinct_customers_rolling_MAD,3.477610463802627
obs_75a12c5a719bc3f8,Autoencoder,new_customers,1.639900494878013
obs_570846473486eb2a,Autoencoder,new_customers,7.116084856238607
obs_570846473486eb2a,Autoencoder,distributor_count,2.591318354026588
obs_570846473486eb2a,Autoencoder,distinct_customers_rolling_MAD,1.8751556797727535
obs_7c90c9b465b3ce03,Autoencoder,distributor_concentration,0.502137863209415
obs_7c90c9b465b3ce03,Autoencoder,simulated_actual_payout_peer_percentile,0.23393122510997036
obs_7c90c9b465b3ce03,Autoencoder,median_price,0.20683667452914703
obs_4624815e1b6571f4,Autoencoder,latitude_dispersion,1.5563435032511748
obs_4624815e1b6571f4,Autoencoder,distributor_mix_change,1.0044527594689434
obs_4624815e1b6571f4,Autoencoder,rank_change,0.321745398948048
obs_788da99fadf55c29,Autoencoder,distinct_customers_rolling_std,5.397369639119955
obs_788da99fadf55c29,Autoencoder,total_sales_rolling_std,5.115604509063488
obs_788da99fadf55c29,Autoencoder,total_quantity_rolling_std,2.015559381682057
obs_be640ec06b900c95,Autoencoder,distinct_customers_history_deviation,0.26557719878767844
obs_be640ec06b900c95,Autoencoder,product_concentration,0.23687351162509995
obs_be640ec06b900c95,Autoencoder,total_quantity_rolling_std,0.20780186574316545
obs_d20fdf27a33e0234,Autoencoder,total_sales_lag_1,0.31574851732492526
obs_d20fdf27a33e0234,Autoencoder,simulated_payout_to_sales_ratio,0.2795537597790985
obs_d20fdf27a33e0234,Autoencoder,total_sales_lag_2,0.22254130826048907
obs_58d925454f9e05fc,Autoencoder,total_sales_lag_2,907.6309030277077
obs_58d925454f9e05fc,Autoencoder,distinct_customers_lag_6,23.374240866649203
obs_58d925454f9e05fc,Autoencoder,total_quantity_lag_2,18.939891347995957
obs_65323f996fed38ad,Autoencoder,total_sales_lag_3,1354.3684849252224
obs_65323f996fed38ad,Autoencoder,simulated_actual_payout_lag_6,18.568110034262563
obs_65323f996fed38ad,Autoencoder,total_sales_rolling_MAD,8.513683344896595
obs_f5f9917acc9d5593,Autoencoder,distributor_mix_change,0.9051435025008251
obs_f5f9917acc9d5593,Autoencoder,latitude_dispersion,0.6868409707464347
obs_f5f9917acc9d5593,Autoencoder,subchannel_mix,0.5067780250191688
obs_e80cef77c45a5f5e,Autoencoder,product_breadth_change,1.094535713358767
obs_e80cef77c45a5f5e,Autoencoder,total_sales_rolling_median,0.5942050373846747
obs_e80cef77c45a5f5e,Autoencoder,latitude_dispersion,0.5017388287514134
obs_7c9ad99ab054b16d,Autoencoder,distinct_customers_trend,3.1891399027052514
obs_7c9ad99ab054b16d,Autoencoder,distinct_customers_lag_6,2.7071418870569315
obs_7c9ad99ab054b16d,Autoencoder,distinct_customers_peer_median,2.48718229187197
obs_c9d9306b6ae8157e,Autoencoder,latitude_dispersion,1.2376632517201658
obs_c9d9306b6ae8157e,Autoencoder,total_quantity_rolling_MAD,0.7771414840724622
obs_c9d9306b6ae8157e,Autoencoder,product_mix_change,0.6715348731830343
obs_f8232747ddf33b37,Autoencoder,latitude_dispersion,0.8224325211913515
obs_f8232747ddf33b37,Autoencoder,product_breadth_change,0.8018152341113962
obs_f8232747ddf33b37,Autoencoder,total_sales_lag_6,0.5274457369623738
obs_161d6f5cb3beed1f,Autoencoder,product_breadth_change,1.4073869758417323
obs_161d6f5cb3beed1f,Autoencoder,total_quantity_rolling_MAD,0.963283068961455
obs_161d6f5cb3beed1f,Autoencoder,simulated_actual_payout_rolling_std,0.9448020603568823
obs_9de119baa3b059b5,Autoencoder,distinct_customers_lag_2,1.7940897016668376
obs_9de119baa3b059b5,Autoencoder,distinct_customers_acceleration,1.6165702147785312
obs_9de119baa3b059b5,Autoencoder,customer_loss_rate,0.959093387875572
obs_08a026b4d2571082,Autoencoder,subchannel_mix,0.7481206330420385
obs_08a026b4d2571082,Autoencoder,latitude_dispersion,0.6069104459516019
obs_08a026b4d2571082,Autoencoder,simulated_actual_payout_rolling_std,0.5655306939434912
obs_155361f7eadc6348,Autoencoder,total_sales_lag_12,1.4723783805756334
obs_155361f7eadc6348,Autoencoder,distinct_customers_rolling_MAD,0.7559995533686287
obs_155361f7eadc6348,Autoencoder,total_sales_lag_1,0.44610808106118044
obs_d8848fed50d11de1,Autoencoder,channel_mix,1.0490086707337267
obs_d8848fed50d11de1,Autoencoder,customer_loss_rate,0.675054162269837
obs_d8848fed50d11de1,Autoencoder,distributor_mix_change,0.6061231948688947
obs_e3fcdac9c6a4c5c6,Autoencoder,distinct_customers_rolling_MAD,2.1421214437041436
obs_e3fcdac9c6a4c5c6,Autoencoder,latitude_dispersion,1.283309072197761
obs_e3fcdac9c6a4c5c6,Autoencoder,total_quantity,0.772586582557293
obs_4f83bbe75832bd5b,Autoencoder,total_quantity_lag_1,1.735329222799579
obs_4f83bbe75832bd5b,Autoencoder,distinct_customers_rolling_MAD,1.6115117209989684
obs_4f83bbe75832bd5b,Autoencoder,total_quantity_trend,1.388742123916505
obs_7b7ec58e8a1270ed,Autoencoder,distinct_customers_rolling_std,1.3335708749824702
obs_7b7ec58e8a1270ed,Autoencoder,median_price,1.2628755942600511
obs_7b7ec58e8a1270ed,Autoencoder,total_quantity_lag_2,1.2159007418889525
obs_1c1b4c9da23469ae,Autoencoder,total_quantity_lag_3,1.6713349899372871
obs_1c1b4c9da23469ae,Autoencoder,distinct_customers_rolling_std,1.0855499470893264
obs_1c1b4c9da23469ae,Autoencoder,distinct_customers_rolling_MAD,1.0458071571229466
obs_e9fe998905709e1d,Autoencoder,product_mix_change,1.7740603291639712
obs_e9fe998905709e1d,Autoencoder,distinct_customers_team_relative,1.2043549744179223
obs_e9fe998905709e1d,Autoencoder,distinct_customers_rolling_std,1.1100363688249828
obs_0a141093362c3096,Autoencoder,new_customers,3.0865252973382744
obs_0a141093362c3096,Autoencoder,total_quantity_product_class_relative,2.0766936415389154
obs_0a141093362c3096,Autoencoder,total_quantity_peer_country_product_class_relative,1.4873960037919323
obs_c6dfad417a3890fc,Autoencoder,total_quantity_lag_6,3.3761744417200243
obs_c6dfad417a3890fc,Autoencoder,total_sales_lag_6,2.112841907289157
obs_c6dfad417a3890fc,Autoencoder,median_price,1.3878328155614295
obs_86c4a6b685d8f5e6,Autoencoder,distributor_count,3.5885554071561567
obs_86c4a6b685d8f5e6,Autoencoder,new_customers,2.1540807058206455
obs_86c4a6b685d8f5e6,Autoencoder,total_quantity_lag_2,2.0293927026147935
obs_b2acf47a04294fcd,Autoencoder,simulated_payout_to_sales_ratio,4.668213666161628
obs_b2acf47a04294fcd,Autoencoder,simulated_actual_payout_peer_median,3.0813667667106666
obs_b2acf47a04294fcd,Autoencoder,distinct_customers_rolling_MAD,2.8257205001173546
obs_75dbaa4dbb0c93da,Autoencoder,new_customers,9.782113267585133
obs_75dbaa4dbb0c93da,Autoencoder,simulated_actual_payout_year_over_year_growth,6.18948263479839
obs_75dbaa4dbb0c93da,Autoencoder,distributor_count,2.891913807269807
obs_cd9f5091b691e0dd,Autoencoder,new_customers,3.990994740466265
obs_cd9f5091b691e0dd,Autoencoder,distinct_customers_rolling_std,2.897977304878852
obs_cd9f5091b691e0dd,Autoencoder,channel_mix,2.7777684628151604
obs_900a98b2fa1dd5d2,Autoencoder,latitude_dispersion,0.9948587671903776
obs_900a98b2fa1dd5d2,Autoencoder,distributor_count,0.2292144807631268
obs_900a98b2fa1dd5d2,Autoencoder,total_quantity_peer_median,0.1998700446661937
obs_49941b43ad514681,Autoencoder,customer_loss_rate,1.3560826549122575
obs_49941b43ad514681,Autoencoder,distributor_mix_change,0.7646144807759608
obs_49941b43ad514681,Autoencoder,product_mix_change,0.5325592666981079
obs_9872583637a9443a,Autoencoder,distinct_customers_rolling_std,0.6616347799649138
obs_9872583637a9443a,Autoencoder,distributor_concentration,0.43312637391892284
obs_9872583637a9443a,Autoencoder,distributor_mix_change,0.3901697770034004
obs_796b446d5c201de7,Autoencoder,customer_loss_rate,0.3344559263409641
obs_796b446d5c201de7,Autoencoder,distinct_customers_rolling_std,0.2819972594406163
obs_796b446d5c201de7,Autoencoder,distinct_customers_rolling_MAD,0.2337756496540944
obs_fdf518b8ae53a4d8,Autoencoder,product_mix_change,1.6407579034774025
obs_fdf518b8ae53a4d8,Autoencoder,product_breadth_change,1.1897311105211503
obs_fdf518b8ae53a4d8,Autoencoder,distinct_customers_rolling_std,0.9867678509711737
obs_427eb79a1ed182ca,Autoencoder,latitude_dispersion,1.4260107457771876
obs_427eb79a1ed182ca,Autoencoder,distinct_customers_lag_2,1.0024598981667792
obs_427eb79a1ed182ca,Autoencoder,distinct_customers_acceleration,0.8238831653862779
obs_0060b9c28244647e,Autoencoder,total_quantity_lag_3,0.23358536759460444
obs_0060b9c28244647e,Autoencoder,product_class_share,0.232815894691287
obs_0060b9c28244647e,Autoencoder,total_quantity_rolling_MAD,0.22167299667399815
obs_d2edd6a25a82f42d,Autoencoder,total_quantity_lag_6,0.41776688890261426
obs_d2edd6a25a82f42d,Autoencoder,simulated_actual_payout_product_class_relative,0.3759649763482475
obs_d2edd6a25a82f42d,Autoencoder,distinct_customers_rolling_MAD,0.36888769543586614
obs_193e15cd476de669,Autoencoder,product_breadth_change,1.1827556338996934
obs_193e15cd476de669,Autoencoder,distributor_concentration,0.8081923969050229
obs_193e15cd476de669,Autoencoder,subchannel_mix,0.4468037394081089
obs_879dc48fd82bd515,Autoencoder,latitude_dispersion,1.1909233679857787
obs_879dc48fd82bd515,Autoencoder,distinct_customers_rolling_MAD,1.1895057911036362
obs_879dc48fd82bd515,Autoencoder,distinct_customers_lag_6,0.9880272071097312
obs_ef93e4f99b59d101,Autoencoder,distinct_customers_rolling_MAD,1.1382827915130889
obs_ef93e4f99b59d101,Autoencoder,latitude_dispersion,1.0859312881291654
obs_ef93e4f99b59d101,Autoencoder,distributor_count,0.7988988462359626
obs_410eae61eac6c92d,Autoencoder,latitude_dispersion,1.830095068769471
obs_410eae61eac6c92d,Autoencoder,distributor_concentration,1.4775286031398438
obs_410eae61eac6c92d,Autoencoder,distinct_customers_rolling_MAD,1.3325533952031439
obs_34f2956a032ddbc7,Autoencoder,distinct_customers_rolling_MAD,0.8011097194867842
obs_34f2956a032ddbc7,Autoencoder,channel_mix,0.722114666501486
obs_34f2956a032ddbc7,Autoencoder,simulated_actual_payout_lag_12,0.6390238171877654
obs_5122b66ff9e538cb,Autoencoder,country_mix,1.3701940978569813
obs_5122b66ff9e538cb,Autoencoder,distinct_customers_rolling_MAD,1.3213873203939048
obs_5122b66ff9e538cb,Autoencoder,customer_loss_rate,1.3003402674047997
obs_1de566a2e8bd77d1,Autoencoder,latitude_dispersion,0.9179093337202843
obs_1de566a2e8bd77d1,Autoencoder,total_quantity_year_over_year_growth,0.7306383338815643
obs_1de566a2e8bd77d1,Autoencoder,dominant_product_share,0.648807050400857
obs_67b7822b7c5131b2,Autoencoder,distributor_concentration,2.744913676146769
obs_67b7822b7c5131b2,Autoencoder,total_quantity_peer_country_product_class_relative,1.804695942949966
obs_67b7822b7c5131b2,Autoencoder,total_quantity_product_class_relative,1.7471695571553978
obs_3d87973f8b310e5f,Autoencoder,distributor_mix_change,3.2213764310641504
obs_3d87973f8b310e5f,Autoencoder,total_quantity_trend,1.1185654999172592
obs_3d87973f8b310e5f,Autoencoder,total_quantity_lag_1,0.7526237497863191
obs_ade2ee1e771e5f33,Autoencoder,distinct_customers_rolling_MAD,1.3716405794790105
obs_ade2ee1e771e5f33,Autoencoder,total_quantity_lag_2,1.200602857680825
obs_ade2ee1e771e5f33,Autoencoder,total_sales_rolling_MAD,0.9574422906038824
obs_a83cddd2da17568b,Autoencoder,total_sales_rolling_MAD,5.117871294682381
obs_a83cddd2da17568b,Autoencoder,latitude_dispersion,1.9634433408570686
obs_a83cddd2da17568b,Autoencoder,total_quantity_rolling_std,1.6736308503914998
obs_fffd8da94d1acdaf,Autoencoder,total_sales_rolling_MAD,3.3231824004074344
obs_fffd8da94d1acdaf,Autoencoder,total_quantity_rolling_std,2.453127991496629
obs_fffd8da94d1acdaf,Autoencoder,total_sales_rolling_std,1.9665684411814885
obs_44038fa39e94b163,Autoencoder,latitude_dispersion,4.385482354967192
obs_44038fa39e94b163,Autoencoder,total_sales_rolling_MAD,3.323225713292869
obs_44038fa39e94b163,Autoencoder,total_sales_rolling_std,1.5998599659015542
obs_3ab658cf89b7aac7,Autoencoder,simulated_actual_payout_lag_12,1.742114026073066
obs_3ab658cf89b7aac7,Autoencoder,total_sales_rolling_std,1.5837626769167819
obs_3ab658cf89b7aac7,Autoencoder,total_quantity_lag_6,1.4344702141012982
obs_d4ef4ce81469a50a,Autoencoder,distributor_concentration,3.362285543509677
obs_d4ef4ce81469a50a,Autoencoder,total_quantity_year_over_year_growth,2.5852749609186367
obs_d4ef4ce81469a50a,Autoencoder,total_sales_year_over_year_growth,2.4719032975319966
obs_c4e7dd5ed759585a,Autoencoder,latitude_dispersion,1.4279182368312209
obs_c4e7dd5ed759585a,Autoencoder,new_customers,1.0051012850228516
obs_c4e7dd5ed759585a,Autoencoder,total_quantity_rolling_MAD,0.6832764541065938
obs_84db3e00ddd03327,Autoencoder,new_customers,3.8223992983632438
obs_84db3e00ddd03327,Autoencoder,distributor_concentration,2.984166964991245
obs_84db3e00ddd03327,Autoencoder,distributor_count,2.5660860881790195
obs_0deef46e6f835f36,Autoencoder,new_customers,4.554924172598944
obs_0deef46e6f835f36,Autoencoder,channel_mix,3.5926179017446325
obs_0deef46e6f835f36,Autoencoder,total_sales_lag_6,2.8597401186839866
obs_dae0b526a7776639,Autoencoder,distributor_count,4.887913929380713
obs_dae0b526a7776639,Autoencoder,new_customers,4.72102520081047
obs_dae0b526a7776639,Autoencoder,total_sales_lag_12,4.406104429154813
obs_d59c2b4863b3bc0b,Autoencoder,new_customers,4.357830496082859
obs_d59c2b4863b3bc0b,Autoencoder,distinct_customers_rolling_std,2.8827187690061957
obs_d59c2b4863b3bc0b,Autoencoder,distinct_customers_lag_6,2.57129840967198
obs_b456484b52b4e4f1,Autoencoder,channel_mix,0.5282647828665341
obs_b456484b52b4e4f1,Autoencoder,distributor_count,0.4445521087036672
obs_b456484b52b4e4f1,Autoencoder,latitude_dispersion,0.26871347331615897
obs_9dd3730aaed3d08b,Autoencoder,product_breadth_change,1.2175512165177425
obs_9dd3730aaed3d08b,Autoencoder,customer_loss_rate,0.94804694991652
obs_9dd3730aaed3d08b,Autoencoder,channel_mix,0.5487746569404456
obs_7c853d39bb1b9102,Autoencoder,customer_loss_rate,1.2413969810799335
obs_7c853d39bb1b9102,Autoencoder,total_quantity_team_relative,0.7217307215458809
obs_7c853d39bb1b9102,Autoencoder,total_quantity_peer_z,0.6362725065817265
obs_0e4abbc6c11b00de,Autoencoder,total_quantity_rolling_MAD,2.7162436623850645
obs_0e4abbc6c11b00de,Autoencoder,channel_mix,1.437510233162725
obs_0e4abbc6c11b00de,Autoencoder,total_sales_rolling_MAD,1.3614506563373552
obs_408ce70b542c7cf5,Autoencoder,customer_loss_rate,1.435974301157863
obs_408ce70b542c7cf5,Autoencoder,simulated_actual_payout_rolling_std,0.7431948018488537
obs_408ce70b542c7cf5,Autoencoder,latitude_dispersion,0.6864642474319222
obs_db21fbee777446a6,Autoencoder,simulated_actual_payout_rolling_std,0.7919445144128479
obs_db21fbee777446a6,Autoencoder,distinct_customers_rolling_MAD,0.785330002463466
obs_db21fbee777446a6,Autoencoder,product_breadth_change,0.4335506512166435
obs_02498a937b0d485c,Autoencoder,channel_mix,0.7725038555475052
obs_02498a937b0d485c,Autoencoder,latitude_dispersion,0.5315218627579024
obs_02498a937b0d485c,Autoencoder,total_quantity_rolling_MAD,0.42190156211385066
obs_ff60c748c8e496b9,Autoencoder,channel_mix,0.7346838290830335
obs_ff60c748c8e496b9,Autoencoder,subchannel_mix,0.44957445812715396
obs_ff60c748c8e496b9,Autoencoder,simulated_actual_payout_rolling_std,0.34837994083864093
obs_982eb68099f6a917,Autoencoder,total_quantity_lag_6,0.8679332828948751
obs_982eb68099f6a917,Autoencoder,distributor_mix_change,0.636411262967613
obs_982eb68099f6a917,Autoencoder,total_sales_lag_6,0.6007784015726315
obs_01f0c01107cd4029,Autoencoder,total_quantity_history_deviation,1.187272819752664
obs_01f0c01107cd4029,Autoencoder,distinct_customers_lag_6,0.726958148892932
obs_01f0c01107cd4029,Autoencoder,product_class_share,0.6712225097946748
obs_541b5b8a6a16fdaf,Autoencoder,new_customers,1.4023840439661748
obs_541b5b8a6a16fdaf,Autoencoder,repeat_customer_ratio,0.3162036529129339
obs_541b5b8a6a16fdaf,Autoencoder,distributor_count,0.2645504148885808
obs_65f811d5639d7483,Autoencoder,channel_mix,1.3317413285976667
obs_65f811d5639d7483,Autoencoder,new_customers,1.1996311948854133
obs_65f811d5639d7483,Autoencoder,distinct_customers_team_relative,1.0680368359567234
obs_87bcd398c16122ca,Autoencoder,distinct_customers_rolling_MAD,1.4743428175741347
obs_87bcd398c16122ca,Autoencoder,total_quantity_year_over_year_growth,0.9446415643850024
obs_87bcd398c16122ca,Autoencoder,subchannel_mix,0.9047228226910797
obs_966701c56227ca17,Autoencoder,distinct_customers_rolling_MAD,2.87972583867573
obs_966701c56227ca17,Autoencoder,distinct_customers_lag_3,0.9927093740541358
obs_966701c56227ca17,Autoencoder,latitude_dispersion,0.6249972920661127
obs_d9a52392c28710a8,Autoencoder,distributor_count,0.6717396398871781
obs_d9a52392c28710a8,Autoencoder,customer_loss_rate,0.451272436041052
obs_d9a52392c28710a8,Autoencoder,product_class_share,0.4409311325762443
obs_41916127eaa3e4de,Autoencoder,distributor_concentration,0.7074177412166069
obs_41916127eaa3e4de,Autoencoder,distinct_customers_history_deviation,0.6178320320877313
obs_41916127eaa3e4de,Autoencoder,total_sales_lag_6,0.5733983952003969
obs_ce11fd5eaef5bcc2,Autoencoder,distributor_concentration,1.7125516899311333
obs_ce11fd5eaef5bcc2,Autoencoder,latitude_dispersion,1.1556901812138
obs_ce11fd5eaef5bcc2,Autoencoder,simulated_actual_payout_lag_12,1.014476332599065
obs_5927199c7eebd454,Autoencoder,product_breadth_change,1.3065273453936779
obs_5927199c7eebd454,Autoencoder,total_sales_rolling_MAD,1.099359702311045
obs_5927199c7eebd454,Autoencoder,total_quantity_month_over_month_growth,0.5692192704985838
obs_73bdc503445cb9af,Autoencoder,product_breadth_change,1.759263998057141
obs_73bdc503445cb9af,Autoencoder,distinct_customers_lag_6,0.7375822548632518
obs_73bdc503445cb9af,Autoencoder,distributor_concentration,0.5211184489725795
obs_888624f62fe4cfee,Autoencoder,channel_mix,3.5785709874103078
obs_888624f62fe4cfee,Autoencoder,total_sales_rolling_MAD,1.9962372727877713
obs_888624f62fe4cfee,Autoencoder,new_customers,1.031549521828178
obs_40a6f45b08428bcc,Autoencoder,distributor_concentration,2.1825836942897223
obs_40a6f45b08428bcc,Autoencoder,new_customers,1.2029179918938377
obs_40a6f45b08428bcc,Autoencoder,total_quantity_rolling_std,0.973832817917663
obs_b108a68b96f29533,Autoencoder,distinct_customers_rolling_MAD,3.5420437631240773
obs_b108a68b96f29533,Autoencoder,total_quantity_rolling_MAD,2.4301379745277867
obs_b108a68b96f29533,Autoencoder,new_customers,1.7642688896353709
obs_b162a97feff97b66,Autoencoder,new_customers,4.378150854205074
obs_b162a97feff97b66,Autoencoder,total_quantity_rolling_MAD,1.4777814222340437
obs_b162a97feff97b66,Autoencoder,distributor_mix_change,1.3496580460615883
obs_4b1db870abc01152,Autoencoder,new_customers,6.007313056661738
obs_4b1db870abc01152,Autoencoder,simulated_actual_payout_rolling_MAD,0.6462374626326234
obs_4b1db870abc01152,Autoencoder,simulated_actual_payout_lag_6,0.6064458232745166
obs_1faa474944514701,Autoencoder,new_customers,9.474034233251334
obs_1faa474944514701,Autoencoder,distributor_count,2.390408877593412
obs_1faa474944514701,Autoencoder,distinct_customers_history_deviation,1.778497221434861
obs_13c0551c97421ce1,Autoencoder,new_customers,7.1741028619780804
obs_13c0551c97421ce1,Autoencoder,channel_mix,5.697601952248259
obs_13c0551c97421ce1,Autoencoder,distinct_customers_rolling_std,4.444580036125593
obs_889e417ddd683809,Autoencoder,distinct_customers_rolling_MAD,7.133924923193925
obs_889e417ddd683809,Autoencoder,distinct_customers_lag_2,4.228419395486809
obs_889e417ddd683809,Autoencoder,distinct_customers_rolling_std,4.0557309607604415
obs_a190a3470aca3529,Autoencoder,new_customers,12.131758756050543
obs_a190a3470aca3529,Autoencoder,distinct_customers_rolling_MAD,6.464350828623299
obs_a190a3470aca3529,Autoencoder,distinct_customers_lag_6,4.946968828124302
obs_ed1716315ce2f89a,Autoencoder,distributor_concentration,0.4352687841662677
obs_ed1716315ce2f89a,Autoencoder,simulated_payout_to_sales_ratio,0.1097222155160251
obs_ed1716315ce2f89a,Autoencoder,total_quantity_product_class_relative,0.10062893633931666
obs_1c93ed3f616ce45b,Autoencoder,product_mix_change,1.400716850538903
obs_1c93ed3f616ce45b,Autoencoder,total_quantity_month_over_month_growth,0.3042331794195741
obs_1c93ed3f616ce45b,Autoencoder,customer_loss_rate,0.25194554648034634
obs_dd731e0c61511cf4,Autoencoder,distinct_customers_rolling_std,1.73263530018875
obs_dd731e0c61511cf4,Autoencoder,total_quantity_rolling_std,0.7020212100865082
obs_dd731e0c61511cf4,Autoencoder,average_price,0.3938258028456532
obs_2c80cfc92072f711,Autoencoder,distinct_customers_rolling_MAD,3.3094514089488185
obs_2c80cfc92072f711,Autoencoder,distinct_customers_rolling_std,2.2844163425581496
obs_2c80cfc92072f711,Autoencoder,total_quantity_rolling_MAD,2.0314029960558457
obs_0aca714c8947d562,Autoencoder,total_sales_rolling_MAD,1.1215281191179571
obs_0aca714c8947d562,Autoencoder,distinct_customers_rolling_MAD,1.0844488727865291
obs_0aca714c8947d562,Autoencoder,total_quantity_rolling_MAD,0.7746837258341432
obs_0d3c9c4be99aa1d8,Autoencoder,product_class_share,0.7581971394228816
obs_0d3c9c4be99aa1d8,Autoencoder,distinct_customers_rolling_MAD,0.7326800489003769
obs_0d3c9c4be99aa1d8,Autoencoder,distributor_mix_change,0.6799649595024153
obs_8b56840a414b53fa,Autoencoder,distributor_mix_change,0.7815978764941122
obs_8b56840a414b53fa,Autoencoder,total_sales_rolling_MAD,0.5374894400129698
obs_8b56840a414b53fa,Autoencoder,distributor_count,0.44622582124115867
obs_96d2e226d31577e9,Autoencoder,latitude_dispersion,1.345023976462831
obs_96d2e226d31577e9,Autoencoder,new_customers,0.4203813069066505
obs_96d2e226d31577e9,Autoencoder,total_quantity_rolling_median,0.3185558947404511
obs_6b020e5bfb1650f3,Autoencoder,distinct_customers_lag_3,0.663439360117321
obs_6b020e5bfb1650f3,Autoencoder,distinct_customers_lag_2,0.5103870701726573
obs_6b020e5bfb1650f3,Autoencoder,latitude_dispersion,0.47714910957856704
obs_b2f32696ec50e6f8,Autoencoder,simulated_actual_payout_lag_2,0.21463110171457642
obs_b2f32696ec50e6f8,Autoencoder,distinct_customers_rolling_MAD,0.2010673592862092
obs_b2f32696ec50e6f8,Autoencoder,simulated_actual_payout_trend,0.18372020372808667
obs_a5d2109ed12e13d6,Autoencoder,latitude_dispersion,1.5174690672330051
obs_a5d2109ed12e13d6,Autoencoder,total_quantity_team_relative,0.6287616632507368
obs_a5d2109ed12e13d6,Autoencoder,subchannel_mix,0.582324079826322
obs_e2f7f8bf9ea4bf2f,Autoencoder,distinct_customers_team_relative,0.8936222159333329
obs_e2f7f8bf9ea4bf2f,Autoencoder,customer_loss_rate,0.5036524754687501
obs_e2f7f8bf9ea4bf2f,Autoencoder,total_quantity_peer_country_product_class_relative,0.3540747327499497
obs_ba5ecd10c0998bd2,Autoencoder,simulated_actual_payout_lag_12,0.7978857511280623
obs_ba5ecd10c0998bd2,Autoencoder,total_quantity_lag_1,0.513872807640206
obs_ba5ecd10c0998bd2,Autoencoder,simulated_actual_payout_history_deviation,0.4246920539489637
obs_149c8d214e505346,Autoencoder,distinct_customers_rolling_MAD,1.2943368345274415
obs_149c8d214e505346,Autoencoder,distinct_customers_history_deviation,0.6940187020425258
obs_149c8d214e505346,Autoencoder,simulated_actual_payout_acceleration,0.5958708442806121
obs_24442b9a94e1a6f7,Autoencoder,distinct_customers_rolling_MAD,1.0415238171418424
obs_24442b9a94e1a6f7,Autoencoder,distinct_customers_history_deviation,0.7331374169327576
obs_24442b9a94e1a6f7,Autoencoder,product_mix_change,0.5243680896234982
obs_a989ff2712f9c12f,Autoencoder,product_mix_change,2.397624019612374
obs_a989ff2712f9c12f,Autoencoder,distributor_concentration,0.6113779676374534
obs_a989ff2712f9c12f,Autoencoder,latitude_dispersion,0.5469895168181876
obs_d528493d6805d843,Autoencoder,distributor_concentration,0.5863869315011283
obs_d528493d6805d843,Autoencoder,total_sales_lag_12,0.582941148183388
obs_d528493d6805d843,Autoencoder,distributor_mix_change,0.5323156722593408
obs_092f3b1e6b398f1e,Autoencoder,total_quantity_lag_6,0.9459476359069703
obs_092f3b1e6b398f1e,Autoencoder,distinct_customers_rolling_MAD,0.5143386253952087
obs_092f3b1e6b398f1e,Autoencoder,simulated_actual_payout_rolling_MAD,0.4786024303204263
obs_3770032df4a3e2f1,Autoencoder,distinct_customers_rolling_MAD,2.6091082609890055
obs_3770032df4a3e2f1,Autoencoder,distributor_concentration,2.3481976898768164
obs_3770032df4a3e2f1,Autoencoder,distributor_mix_change,1.8905885118768488
obs_6e40a3bd41969dcb,Autoencoder,distinct_customers_rolling_MAD,2.2336673688953326
obs_6e40a3bd41969dcb,Autoencoder,latitude_dispersion,1.5858260500792791
obs_6e40a3bd41969dcb,Autoencoder,country_mix,1.1648537212117167
obs_f78d6eb89d7c1767,Autoencoder,new_customers,2.514761839658618
obs_f78d6eb89d7c1767,Autoencoder,distinct_customers_rolling_MAD,1.3068288658817764
obs_f78d6eb89d7c1767,Autoencoder,latitude_dispersion,0.9719844753626085
obs_d58b09b05a6b6144,Autoencoder,distinct_customers_rolling_MAD,2.411756862206967
obs_d58b09b05a6b6144,Autoencoder,distributor_mix_change,2.0797318739176416
obs_d58b09b05a6b6144,Autoencoder,simulated_actual_payout_lag_12,1.228941728287407
obs_f9e45f05702360d0,Autoencoder,distinct_customers_rolling_MAD,1.6829796891408573
obs_f9e45f05702360d0,Autoencoder,new_customers,0.7658101185022649
obs_f9e45f05702360d0,Autoencoder,channel_mix,0.7025361642438858
obs_d65eb48503f91821,Autoencoder,distinct_customers_rolling_MAD,2.3433867063764
obs_d65eb48503f91821,Autoencoder,latitude_dispersion,1.2047865657370038
obs_d65eb48503f91821,Autoencoder,simulated_actual_payout_lag_12,1.1878324273812557
obs_f9409e706a67bb78,Autoencoder,distributor_count,2.327904142429456
obs_f9409e706a67bb78,Autoencoder,distributor_concentration,0.8432715335453467
obs_f9409e706a67bb78,Autoencoder,distinct_customers_year_over_year_growth,0.8395634534100954
obs_6973de100a5d6b7b,Autoencoder,average_price,21.47256380929467
obs_6973de100a5d6b7b,Autoencoder,median_price,11.773092071890705
obs_6973de100a5d6b7b,Autoencoder,new_customers,3.963578008934079
obs_392b8f8d5d2be289,Autoencoder,new_customers,11.03013125238087
obs_392b8f8d5d2be289,Autoencoder,distributor_count,4.478349694404332
obs_392b8f8d5d2be289,Autoencoder,distinct_customers_lag_6,2.569532076024352
obs_0e3e4e142988957b,Autoencoder,new_customers,13.239087630219554
obs_0e3e4e142988957b,Autoencoder,distinct_customers_lag_6,4.976676947778619
obs_0e3e4e142988957b,Autoencoder,distributor_count,4.958646722350376
obs_bd73c32a613a01a5,Autoencoder,total_quantity_peer_country_product_class_relative,0.30794161582305946
obs_bd73c32a613a01a5,Autoencoder,total_quantity_product_class_relative,0.3009692781399192
obs_bd73c32a613a01a5,Autoencoder,subchannel_mix,0.29735900415230887
obs_75d8eca18ba89778,Autoencoder,distributor_count,0.5322923442407913
obs_75d8eca18ba89778,Autoencoder,subchannel_mix,0.4601720629017349
obs_75d8eca18ba89778,Autoencoder,channel_mix,0.3088557716907529
obs_0bc960191a55d7f9,Autoencoder,latitude_dispersion,1.5323111140820334
obs_0bc960191a55d7f9,Autoencoder,simulated_actual_payout_peer_z,0.9023793294359562
obs_0bc960191a55d7f9,Autoencoder,total_quantity_rolling_std,0.8807853414396553
obs_cd64c7cb8e44bcc2,Autoencoder,simulated_actual_payout_rolling_MAD,4.665809869316789
obs_cd64c7cb8e44bcc2,Autoencoder,distinct_customers_rolling_MAD,2.951846479145
obs_cd64c7cb8e44bcc2,Autoencoder,total_quantity_peer_z,1.3608642086896774
obs_fa92e2cc98cbc505,Autoencoder,simulated_actual_payout_rolling_std,2.689532470432267
obs_fa92e2cc98cbc505,Autoencoder,total_quantity_peer_country_product_class_relative,1.3402385676296231
obs_fa92e2cc98cbc505,Autoencoder,total_quantity_product_class_relative,1.3044655896220136
obs_54a3917b64f9bde1,Autoencoder,latitude_dispersion,2.7971812374959937
obs_54a3917b64f9bde1,Autoencoder,simulated_actual_payout_rolling_std,1.9048660958160823
obs_54a3917b64f9bde1,Autoencoder,total_quantity_rolling_std,1.6430607172544676
obs_e315a185e103df51,Autoencoder,total_quantity_rolling_std,1.023567907572865
obs_e315a185e103df51,Autoencoder,simulated_actual_payout_rolling_median,0.7814269334296263
obs_e315a185e103df51,Autoencoder,simulated_actual_payout_peer_median,0.5529085359108634
obs_eca2bb43009c3b5f,Autoencoder,distributor_count,1.8276835770771078
obs_eca2bb43009c3b5f,Autoencoder,total_quantity_rolling_std,1.6862441676110305
obs_eca2bb43009c3b5f,Autoencoder,total_quantity_lag_3,0.8237060884272777
obs_f206ee28d3c9ee51,Autoencoder,distributor_concentration,1.0760753349257326
obs_f206ee28d3c9ee51,Autoencoder,distinct_customers_rolling_std,0.9405466770162819
obs_f206ee28d3c9ee51,Autoencoder,customer_loss_rate,0.5249853268307084
obs_1993aa4c5400524c,Autoencoder,distinct_customers_rolling_MAD,2.558342943285456
obs_1993aa4c5400524c,Autoencoder,channel_mix,1.0006349784102684
obs_1993aa4c5400524c,Autoencoder,total_quantity_rolling_std,0.8458006995183833
obs_048d304ecf78185d,Autoencoder,distinct_customers_rolling_MAD,1.8297363287947754
obs_048d304ecf78185d,Autoencoder,distinct_customers_rolling_std,1.5149848640309975
obs_048d304ecf78185d,Autoencoder,total_quantity_rolling_median,0.9383288714776985
obs_30263cfb7575a80a,Autoencoder,distinct_customers_rolling_MAD,5.130072726425445
obs_30263cfb7575a80a,Autoencoder,latitude_dispersion,3.602795119035242
obs_30263cfb7575a80a,Autoencoder,total_sales_rolling_std,2.6951938668865485
obs_b59cbd08569fb1fb,Autoencoder,distributor_mix_change,3.555844169914933
obs_b59cbd08569fb1fb,Autoencoder,simulated_actual_payout_lag_12,1.9858392736302948
obs_b59cbd08569fb1fb,Autoencoder,total_sales_rolling_std,1.2492448302815375
obs_00596573c5f20356,Autoencoder,distinct_customers_rolling_MAD,2.0431557935451283
obs_00596573c5f20356,Autoencoder,distributor_mix_change,1.466775073863523
obs_00596573c5f20356,Autoencoder,distributor_concentration,1.1276031176982848
obs_ad56092096392851,Autoencoder,distributor_concentration,2.089176457179849
obs_ad56092096392851,Autoencoder,distributor_mix_change,1.61777144259556
obs_ad56092096392851,Autoencoder,total_sales_rolling_median,0.8753809981564562
obs_4b9df30d99de2528,Autoencoder,product_mix_change,1.3544963875363514
obs_4b9df30d99de2528,Autoencoder,channel_mix,0.7445279907324188
obs_4b9df30d99de2528,Autoencoder,total_quantity_peer_median,0.7247689471286164
obs_c684edf8178fb200,Autoencoder,total_quantity_lag_12,1.3234180927222032
obs_c684edf8178fb200,Autoencoder,latitude_dispersion,0.6137030146201862
obs_c684edf8178fb200,Autoencoder,country_mix,0.6033817790178743
obs_18fe79a3239e7368,Autoencoder,channel_mix,1.3787508108462028
obs_18fe79a3239e7368,Autoencoder,dominant_product_share,0.7133697918005433
obs_18fe79a3239e7368,Autoencoder,distinct_customers_rolling_MAD,0.5615705464090319
obs_451ac52478edfc8d,Autoencoder,distinct_customers_rolling_MAD,3.6232274757228304
obs_451ac52478edfc8d,Autoencoder,simulated_actual_payout_year_over_year_growth,1.1422477967498232
obs_451ac52478edfc8d,Autoencoder,simulated_actual_payout_lag_12,1.1386760789864054
obs_a943a1d9a04eea0a,Autoencoder,distributor_concentration,4.848336219186138
obs_a943a1d9a04eea0a,Autoencoder,distinct_customers_rolling_MAD,3.3242017788917377
obs_a943a1d9a04eea0a,Autoencoder,channel_mix,3.2867669048372297
obs_69eb056c724f001f,Autoencoder,new_customers,4.218791734947954
obs_69eb056c724f001f,Autoencoder,distinct_customers_rolling_MAD,3.8212445407731743
obs_69eb056c724f001f,Autoencoder,country_mix,1.3303663656568283
obs_848ab056cb80733d,Autoencoder,distinct_customers_rolling_MAD,5.107889948782366
obs_848ab056cb80733d,Autoencoder,new_customers,2.448874361485802
obs_848ab056cb80733d,Autoencoder,distinct_customers_rolling_std,2.4367900608788124
obs_1ef450087534d063,Autoencoder,total_quantity,418.7065541579012
obs_1ef450087534d063,Autoencoder,new_customers,12.14396089233237
obs_1ef450087534d063,Autoencoder,distinct_customers_lag_3,9.65506414550817
obs_438e87ccdfc7619e,Autoencoder,total_quantity_lag_1,474.7018000663716
obs_438e87ccdfc7619e,Autoencoder,distinct_customers_rolling_MAD,11.220003758949906
obs_438e87ccdfc7619e,Autoencoder,median_price,10.569708294333532
obs_a1e4ca82ef0309af,Autoencoder,total_quantity_lag_2,449.7895883781478
obs_a1e4ca82ef0309af,Autoencoder,simulated_payout_to_sales_ratio,15.450554148264263
obs_a1e4ca82ef0309af,Autoencoder,total_sales_lag_2,12.77427997658246
obs_6503b2dd1b66b41d,Autoencoder,total_quantity_lag_3,610.7200848195494
obs_6503b2dd1b66b41d,Autoencoder,distinct_customers_lag_6,8.59719825607142
obs_6503b2dd1b66b41d,Autoencoder,simulated_actual_payout_trend,6.553621248653625
obs_91ba83492f3c9342,Autoencoder,new_customers,11.77161842168597
obs_91ba83492f3c9342,Autoencoder,distinct_customers_rolling_MAD,3.531618623860161
obs_91ba83492f3c9342,Autoencoder,distributor_count,2.720099392698408
obs_7200cb8bd36c4c13,Autoencoder,new_customers,5.327574580744929
obs_7200cb8bd36c4c13,Autoencoder,channel_mix,4.009980196784816
obs_7200cb8bd36c4c13,Autoencoder,distinct_customers_rolling_std,3.1986026541556543
obs_d11687b67e281458,Autoencoder,distributor_concentration,0.8031907594926037
obs_d11687b67e281458,Autoencoder,latitude_dispersion,0.7711927291056678
obs_d11687b67e281458,Autoencoder,channel_mix,0.33179769620783156
obs_eb566018c674d79a,Autoencoder,total_quantity_history_deviation,0.7875878229329116
obs_eb566018c674d79a,Autoencoder,customer_loss_rate,0.7534428537712536
obs_eb566018c674d79a,Autoencoder,channel_mix,0.6732421413250771
obs_e807748135c8dedd,Autoencoder,latitude_dispersion,3.1761863066097744
obs_e807748135c8dedd,Autoencoder,distributor_mix_change,0.5995320335876333
obs_e807748135c8dedd,Autoencoder,total_quantity_rolling_median,0.5893521809513063
obs_98f1081ab65cc75e,Autoencoder,total_quantity_rolling_MAD,10.317409843197602
obs_98f1081ab65cc75e,Autoencoder,total_quantity_rolling_std,1.4464174234074605
obs_98f1081ab65cc75e,Autoencoder,simulated_actual_payout_rolling_MAD,1.2359381577834871
obs_74422b86aacae2d2,Autoencoder,total_quantity_rolling_std,1.3500798051063814
obs_74422b86aacae2d2,Autoencoder,total_sales_rolling_MAD,1.279594515835706
obs_74422b86aacae2d2,Autoencoder,subchannel_mix,1.2147641171994121
obs_cf7d2172be882e15,Autoencoder,total_quantity_rolling_std,1.6283640751419848
obs_cf7d2172be882e15,Autoencoder,total_sales_rolling_MAD,1.627572840816036
obs_cf7d2172be882e15,Autoencoder,simulated_actual_payout_rolling_std,1.6200522720004435
obs_5e5c09b685f1bf17,Autoencoder,total_quantity_rolling_std,1.7038786821395686
obs_5e5c09b685f1bf17,Autoencoder,total_sales_rolling_std,0.9850285523590037
obs_5e5c09b685f1bf17,Autoencoder,product_breadth_change,0.9531002237904613
obs_cab75bcadeb80081,Autoencoder,total_sales_rolling_MAD,1.650570855762015
obs_cab75bcadeb80081,Autoencoder,total_quantity_rolling_std,1.3557911358395913
obs_cab75bcadeb80081,Autoencoder,latitude_dispersion,1.119725802969372
obs_e2b6bfa92eb956c6,Autoencoder,total_quantity_peer_median,1.4303829519571896
obs_e2b6bfa92eb956c6,Autoencoder,total_quantity_peer_country_product_class_relative,0.8299783747099695
obs_e2b6bfa92eb956c6,Autoencoder,distinct_customers_rolling_MAD,0.7103719830675621
obs_aaa50611211a6ad3,Autoencoder,distributor_mix_change,0.8124335789405489
obs_aaa50611211a6ad3,Autoencoder,total_quantity_rolling_std,0.7177436879442559
obs_aaa50611211a6ad3,Autoencoder,total_quantity_lag_1,0.5196415068207875
obs_df737925c58762c3,Autoencoder,product_mix_change,10.255202653828588
obs_df737925c58762c3,Autoencoder,distributor_mix_change,1.7329182677420722
obs_df737925c58762c3,Autoencoder,latitude_dispersion,1.0836480311581964
obs_c0e042a749e1d752,Autoencoder,total_sales_peer_z,0.7573897152001354
obs_c0e042a749e1d752,Autoencoder,new_customers,0.6117769062954624
obs_c0e042a749e1d752,Autoencoder,latitude_dispersion,0.545126518911044
obs_4e3ae75c3fa87163,Autoencoder,product_mix_change,5.125696603143714
obs_4e3ae75c3fa87163,Autoencoder,latitude_dispersion,1.2467697096642105
obs_4e3ae75c3fa87163,Autoencoder,simulated_actual_payout_lag_12,0.8141253342077478
obs_4b309b0dde35281b,Autoencoder,total_quantity_lag_12,1.6703227347917053
obs_4b309b0dde35281b,Autoencoder,total_sales_lag_12,1.0774879216797508
obs_4b309b0dde35281b,Autoencoder,distinct_customers_lag_3,0.767943062233696
obs_71a8785cd0972f04,Autoencoder,total_quantity_lag_6,1.34577402604618
obs_71a8785cd0972f04,Autoencoder,simulated_actual_payout_year_over_year_growth,1.276668103254427
obs_71a8785cd0972f04,Autoencoder,distributor_mix_change,0.7735480529975958
obs_1f1963680bbeeb26,Autoencoder,simulated_actual_payout_peer_z,1.0874545698150593
obs_1f1963680bbeeb26,Autoencoder,total_quantity_year_over_year_growth,0.9919396432665978
obs_1f1963680bbeeb26,Autoencoder,simulated_actual_payout_year_over_year_growth,0.8239306024659835
obs_738e85a119e6eb35,Autoencoder,distributor_mix_change,1.1923833740166527
obs_738e85a119e6eb35,Autoencoder,latitude_dispersion,1.0468725866695598
obs_738e85a119e6eb35,Autoencoder,product_class_share,0.259677626437506
obs_440cf65a65a2e366,Autoencoder,total_sales_year_over_year_growth,1.7727742590501498
obs_440cf65a65a2e366,Autoencoder,total_quantity_year_over_year_growth,0.9609114421095724
obs_440cf65a65a2e366,Autoencoder,simulated_actual_payout_year_over_year_growth,0.9259637534340794
obs_3e2813855b634f69,Autoencoder,customer_loss_rate,2.611895414792898
obs_3e2813855b634f69,Autoencoder,distributor_mix_change,1.1567597191347587
obs_3e2813855b634f69,Autoencoder,distributor_concentration,0.7653920782959076
obs_f4ef65b329725b1d,Autoencoder,average_price,13.76632695715284
obs_f4ef65b329725b1d,Autoencoder,latitude_dispersion,2.609542493867839
obs_f4ef65b329725b1d,Autoencoder,distinct_customers_rolling_MAD,2.490137252188547
obs_5fb5b0bced9c02ff,Autoencoder,total_sales_month_over_month_growth,3.75196753022988
obs_5fb5b0bced9c02ff,Autoencoder,total_sales_lag_1,2.4926412983742106
obs_5fb5b0bced9c02ff,Autoencoder,latitude_dispersion,2.2719851572621916
obs_8a4675ad028e63e6,Autoencoder,total_sales_lag_2,2.324382383793183
obs_8a4675ad028e63e6,Autoencoder,simulated_actual_payout_peer_z,1.9010246118063987
obs_8a4675ad028e63e6,Autoencoder,simulated_actual_payout_lag_12,1.5054922562492117
obs_c391486438f5a080,Autoencoder,total_sales_trend,2.4660318612973744
obs_c391486438f5a080,Autoencoder,total_sales_lag_3,2.0531947761222202
obs_c391486438f5a080,Autoencoder,distributor_mix_change,1.3762637911460056
obs_28022f8d6683c03e,Autoencoder,latitude_dispersion,4.305648338460666
obs_28022f8d6683c03e,Autoencoder,total_quantity_team_relative,2.174033177971289
obs_28022f8d6683c03e,Autoencoder,total_quantity_peer_country_product_class_relative,1.9129062577584566
obs_7cf5dbfadbb0dd0d,Autoencoder,total_quantity_peer_country_product_class_relative,2.566843916013165
obs_7cf5dbfadbb0dd0d,Autoencoder,total_quantity_product_class_relative,2.2913027106836537
obs_7cf5dbfadbb0dd0d,Autoencoder,distributor_count,1.1426143503082737
obs_a093dd93e57cf6d1,Autoencoder,simulated_actual_payout_peer_median,5.41435873155458
obs_a093dd93e57cf6d1,Autoencoder,new_customers,4.139425532521019
obs_a093dd93e57cf6d1,Autoencoder,total_quantity_lag_6,3.7699270389561916
obs_0d6759992602f406,Autoencoder,distinct_customers_rolling_MAD,9.147709187772575
obs_0d6759992602f406,Autoencoder,distributor_count,6.573222070049487
obs_0d6759992602f406,Autoencoder,distinct_customers_rolling_std,2.9022186781986234
obs_0c4f481a7326995f,Autoencoder,distinct_customers_rolling_MAD,8.400516163193727
obs_0c4f481a7326995f,Autoencoder,distinct_customers_rolling_std,4.575624464387135
obs_0c4f481a7326995f,Autoencoder,new_customers,4.000937401097417
obs_45d0000ddc5b8b92,Autoencoder,median_price,0.7303048560264322
obs_45d0000ddc5b8b92,Autoencoder,subchannel_mix,0.5765516274276901
obs_45d0000ddc5b8b92,Autoencoder,distinct_customers_peer_percentile,0.3475795458791978
obs_d32febf883bab2bd,Autoencoder,simulated_actual_payout_peer_median,0.95062411345781
obs_d32febf883bab2bd,Autoencoder,channel_mix,0.8560731067714549
obs_d32febf883bab2bd,Autoencoder,median_price,0.62629085979604
obs_b46f9e80805342c1,Autoencoder,total_quantity_rolling_std,1.9276490609493475
obs_b46f9e80805342c1,Autoencoder,total_sales_rolling_std,1.7489561952826451
obs_b46f9e80805342c1,Autoencoder,distinct_customers_rolling_std,0.8372311708610453
obs_13dafee7e70e41b9,Autoencoder,channel_mix,1.2124537918856122
obs_13dafee7e70e41b9,Autoencoder,average_price,0.7891323151698225
obs_13dafee7e70e41b9,Autoencoder,total_sales_rolling_MAD,0.6960556615851956
obs_c7ace9c3db3422d3,Autoencoder,simulated_actual_payout_rolling_std,1.9135167136276683
obs_c7ace9c3db3422d3,Autoencoder,latitude_dispersion,1.758945233405388
obs_c7ace9c3db3422d3,Autoencoder,simulated_actual_payout_rolling_mean_6,0.6227125048846882
obs_b45afd788e07ea13,Autoencoder,simulated_actual_payout_rolling_std,1.0198333463232518
obs_b45afd788e07ea13,Autoencoder,distributor_mix_change,0.5818993796778322
obs_b45afd788e07ea13,Autoencoder,total_quantity_rolling_MAD,0.5509533071933685
obs_53a3f4b5b6ef655d,Autoencoder,channel_mix,1.4989290182036765
obs_53a3f4b5b6ef655d,Autoencoder,subchannel_mix,0.8355415104435129
obs_53a3f4b5b6ef655d,Autoencoder,distributor_concentration,0.686997813190786
obs_9362df50c664d001,Autoencoder,distributor_count,1.1766720503865864
obs_9362df50c664d001,Autoencoder,customer_loss_rate,0.7859588781297181
obs_9362df50c664d001,Autoencoder,simulated_actual_payout_peer_percentile,0.5931664393250614
obs_1b1075c78359f83c,Autoencoder,distributor_mix_change,1.8163483257744206
obs_1b1075c78359f83c,Autoencoder,total_quantity_rolling_MAD,1.5945712576155975
obs_1b1075c78359f83c,Autoencoder,subchannel_mix,1.0721648606067136
obs_08ef5f4baba26ce7,Autoencoder,total_quantity_rolling_MAD,3.241082413371637
obs_08ef5f4baba26ce7,Autoencoder,total_quantity_rolling_std,1.3099188065414529
obs_08ef5f4baba26ce7,Autoencoder,total_sales_rolling_std,1.304043679686366
obs_ea1abb7d972a552d,Autoencoder,channel_mix,4.087246024156349
obs_ea1abb7d972a552d,Autoencoder,latitude_dispersion,2.6940028847835005
obs_ea1abb7d972a552d,Autoencoder,distinct_customers_rolling_std,1.0920394018847919
obs_433656d2edc018ad,Autoencoder,product_mix_change,10.511333673894365
obs_433656d2edc018ad,Autoencoder,distinct_customers_rolling_std,0.9143014512076272
obs_433656d2edc018ad,Autoencoder,distinct_customers_rolling_MAD,0.8796416581798343
obs_8b314bfe391f9c8b,Autoencoder,product_breadth_change,1.2532821929929776
obs_8b314bfe391f9c8b,Autoencoder,latitude_dispersion,0.9685180019989407
obs_8b314bfe391f9c8b,Autoencoder,distinct_customers_rolling_MAD,0.5612050367209653
obs_e4133424a7d0041d,Autoencoder,distinct_customers_rolling_MAD,4.224158680813744
obs_e4133424a7d0041d,Autoencoder,simulated_actual_payout_lag_12,1.7243161659179609
obs_e4133424a7d0041d,Autoencoder,total_sales_lag_12,1.1057231858916028
obs_de1bdbbc146298ff,Autoencoder,total_quantity_lag_6,1.5796462728624663
obs_de1bdbbc146298ff,Autoencoder,total_sales_lag_12,0.9502005350739972
obs_de1bdbbc146298ff,Autoencoder,total_sales_year_over_year_growth,0.8509694851711674
obs_38c87787d6b8bdff,Autoencoder,distributor_concentration,2.3065034672207627
obs_38c87787d6b8bdff,Autoencoder,subchannel_mix,1.2609608212214451
obs_38c87787d6b8bdff,Autoencoder,total_quantity_peer_country_product_class_relative,0.5913160562467025
obs_0ffeba0f27397a0d,Autoencoder,latitude_dispersion,1.473599336925939
obs_0ffeba0f27397a0d,Autoencoder,simulated_actual_payout_rolling_mean_3,1.0690019523790104
obs_0ffeba0f27397a0d,Autoencoder,simulated_actual_payout_rolling_MAD,0.9400592859906239
obs_1ea520309ab1fd1d,Autoencoder,total_quantity_rolling_MAD,1.2128792749436013
obs_1ea520309ab1fd1d,Autoencoder,latitude_dispersion,0.611142709217414
obs_1ea520309ab1fd1d,Autoencoder,total_quantity_peer_median,0.5537612606370479
obs_633d6005a490d842,Autoencoder,customer_loss_rate,0.6830954299506024
obs_633d6005a490d842,Autoencoder,distinct_customers_rolling_std,0.5853803543024556
obs_633d6005a490d842,Autoencoder,distinct_customers_team_relative,0.46745517058629504
obs_d61298e8afbdef33,Autoencoder,distinct_customers_rolling_MAD,1.6843676870421247
obs_d61298e8afbdef33,Autoencoder,distinct_customers_rolling_std,1.1990005178099366
obs_d61298e8afbdef33,Autoencoder,simulated_actual_payout_rolling_MAD,1.0106135357724308
obs_ecef6fb95deac46c,Autoencoder,distinct_customers_rolling_MAD,1.855321926439081
obs_ecef6fb95deac46c,Autoencoder,simulated_actual_payout_lag_12,1.772286859512855
obs_ecef6fb95deac46c,Autoencoder,total_sales_lag_12,1.3536652098835862
obs_814948edc63189b0,Autoencoder,distributor_mix_change,1.288584045008434
obs_814948edc63189b0,Autoencoder,simulated_actual_payout_lag_12,1.1312790077694221
obs_814948edc63189b0,Autoencoder,total_sales_rolling_std,1.0185110095766272
obs_a7e55e2a1ec76bc7,Autoencoder,new_customers,1.6707198644580263
obs_a7e55e2a1ec76bc7,Autoencoder,total_sales_rolling_std,1.3612797090335231
obs_a7e55e2a1ec76bc7,Autoencoder,distributor_mix_change,1.0985892335946252
obs_86266d57f1974de3,Autoencoder,product_mix_change,2.394427063192374
obs_86266d57f1974de3,Autoencoder,new_customers,1.8281381464610948
obs_86266d57f1974de3,Autoencoder,distinct_customers_product_class_relative,1.3955983949582278
obs_6d466a58064bbf32,Autoencoder,distributor_count,3.4504781112948097
obs_6d466a58064bbf32,Autoencoder,simulated_payout_to_sales_ratio,2.29758331685553
obs_6d466a58064bbf32,Autoencoder,total_quantity_peer_median,2.2856546750019247
obs_f1b3c08527ad249a,Autoencoder,new_customers,6.314660398273866
obs_f1b3c08527ad249a,Autoencoder,distributor_count,6.205114437029469
obs_f1b3c08527ad249a,Autoencoder,simulated_actual_payout_peer_median,3.048898504709689
obs_774860ee00f8f643,Autoencoder,distributor_count,5.256913329508755
obs_774860ee00f8f643,Autoencoder,new_customers,3.8296076305778777
obs_774860ee00f8f643,Autoencoder,distributor_mix_change,2.660037144796097
obs_7ce0a356cf1fdf0d,Autoencoder,new_customers,3.4245964728917615
obs_7ce0a356cf1fdf0d,Autoencoder,channel_mix,3.403013111579268
obs_7ce0a356cf1fdf0d,Autoencoder,distinct_customers_rolling_MAD,3.3796599288245197
obs_a693b1e4720f37b7,Autoencoder,subchannel_mix,1.518305669080081
obs_a693b1e4720f37b7,Autoencoder,latitude_dispersion,1.3594958143453804
obs_a693b1e4720f37b7,Autoencoder,channel_mix,0.9935791476705594
obs_73e9acd8c52fc5c4,Autoencoder,distributor_concentration,0.8224745400696831
obs_73e9acd8c52fc5c4,Autoencoder,product_concentration,0.6176128852945773
obs_73e9acd8c52fc5c4,Autoencoder,subchannel_mix,0.49770661530020915
obs_6a2f4fe0164aff97,Autoencoder,total_sales_peer_z,0.7192315292969705
obs_6a2f4fe0164aff97,Autoencoder,channel_mix,0.6209198207747195
obs_6a2f4fe0164aff97,Autoencoder,customer_loss_rate,0.5958075713510887
obs_99dcb3232f8bd51a,Autoencoder,latitude_dispersion,1.103848468509841
obs_99dcb3232f8bd51a,Autoencoder,distributor_concentration,0.8211078597227546
obs_99dcb3232f8bd51a,Autoencoder,simulated_actual_payout_trend,0.3198709165325206
obs_ea0a55627efbc7de,Autoencoder,simulated_actual_payout_rolling_std,0.5388288715437118
obs_ea0a55627efbc7de,Autoencoder,product_breadth_change,0.5010511189850653
obs_ea0a55627efbc7de,Autoencoder,rank_change,0.43418756370939493
obs_ef3430d4df211b40,Autoencoder,latitude_dispersion,2.002582019576238
obs_ef3430d4df211b40,Autoencoder,simulated_actual_payout_peer_median,1.3203749081541514
obs_ef3430d4df211b40,Autoencoder,product_mix_change,1.1904851651866513
obs_05b0f6df06f16e76,Autoencoder,subchannel_mix,1.0959111314803889
obs_05b0f6df06f16e76,Autoencoder,latitude_dispersion,0.9088137589666061
obs_05b0f6df06f16e76,Autoencoder,product_mix_change,0.8303298175191169
obs_a162fa5c4cdedf4c,Autoencoder,product_breadth_change,1.970831984738747
obs_a162fa5c4cdedf4c,Autoencoder,customer_loss_rate,1.2170245284342454
obs_a162fa5c4cdedf4c,Autoencoder,distributor_concentration,0.7205308444013186
obs_3361a16617e0093b,Autoencoder,total_quantity_lag_3,0.5924820961592162
obs_3361a16617e0093b,Autoencoder,distinct_customers_lag_6,0.3106805183512815
obs_3361a16617e0093b,Autoencoder,simulated_actual_payout_peer_z,0.27865804268242433
obs_d98fbee3187ea3db,Autoencoder,product_mix_change,3.875866001788274
obs_d98fbee3187ea3db,Autoencoder,distributor_mix_change,2.5738457743005707
obs_d98fbee3187ea3db,Autoencoder,latitude_dispersion,1.7063949239725937
obs_7e547f00a67a0898,Autoencoder,latitude_dispersion,1.624922455134775
obs_7e547f00a67a0898,Autoencoder,total_quantity_rolling_median,0.8123108660993533
obs_7e547f00a67a0898,Autoencoder,distinct_customers_lag_2,0.5194618894830144
obs_529ee7ef8986470d,Autoencoder,total_quantity_lag_6,0.872250397154045
obs_529ee7ef8986470d,Autoencoder,product_mix_change,0.4589145142351506
obs_529ee7ef8986470d,Autoencoder,total_quantity_lag_2,0.3086158037005147
obs_265363b36e36ab69,Autoencoder,simulated_actual_payout_peer_z,2.8112391022914007
obs_265363b36e36ab69,Autoencoder,channel_mix,0.9477595549549537
obs_265363b36e36ab69,Autoencoder,total_quantity_lag_3,0.5428192013293444
obs_ff8bebacc8bd4bf7,Autoencoder,distinct_customers_lag_2,0.754796234888722
obs_ff8bebacc8bd4bf7,Autoencoder,customer_loss_rate,0.7281526692611698
obs_ff8bebacc8bd4bf7,Autoencoder,distinct_customers_acceleration,0.618635313967544
obs_7dfc439258a33da7,Autoencoder,simulated_actual_payout_rolling_MAD,0.6920066675611224
obs_7dfc439258a33da7,Autoencoder,simulated_actual_payout_lag_12,0.6239638758508979
obs_7dfc439258a33da7,Autoencoder,simulated_actual_payout_year_over_year_growth,0.4557321328427467
obs_779a4547c5588516,Autoencoder,product_mix_change,1.3504009758871298
obs_779a4547c5588516,Autoencoder,total_quantity_lag_6,0.7561600956230615
obs_779a4547c5588516,Autoencoder,total_sales_rolling_std,0.46206349236520533
obs_6e932623d2a294a4,Autoencoder,customer_loss_rate,0.49833947498630604
obs_6e932623d2a294a4,Autoencoder,new_customers,0.47149807395945914
obs_6e932623d2a294a4,Autoencoder,total_quantity_peer_median,0.3870344998757394
obs_20ccb4d24d7c2ad4,Autoencoder,total_quantity_year_over_year_growth,1.8735160348924766
obs_20ccb4d24d7c2ad4,Autoencoder,total_sales_year_over_year_growth,1.740216353217855
obs_20ccb4d24d7c2ad4,Autoencoder,simulated_actual_payout_year_over_year_growth,1.392191128543316
obs_8b66e74c01c18008,Autoencoder,distributor_concentration,2.2703762589551624
obs_8b66e74c01c18008,Autoencoder,total_quantity_lag_6,1.0744478714292103
obs_8b66e74c01c18008,Autoencoder,distributor_mix_change,0.9974219661162729
obs_7777ca5d48381645,Autoencoder,distinct_customers_rolling_MAD,1.1011873075976646
obs_7777ca5d48381645,Autoencoder,distinct_customers_lag_6,0.9124143828612133
obs_7777ca5d48381645,Autoencoder,simulated_actual_payout_peer_median,0.8969591594531675
obs_dfc83b5b25c1c2b5,Autoencoder,new_customers,2.482945521719715
obs_dfc83b5b25c1c2b5,Autoencoder,distinct_customers_lag_6,2.047779546892272
obs_dfc83b5b25c1c2b5,Autoencoder,latitude_dispersion,1.5945440755594027
obs_961e175161b790a9,Autoencoder,distinct_products,1.5541038241188987
obs_961e175161b790a9,Autoencoder,total_quantity_lag_12,1.3843530743946622
obs_961e175161b790a9,Autoencoder,distinct_customers_rolling_std,1.2241917347612448
obs_6c771815a75e414e,Autoencoder,product_breadth_change,1.5203858123956242
obs_6c771815a75e414e,Autoencoder,total_quantity_peer_median,1.4141870699178145
obs_6c771815a75e414e,Autoencoder,distinct_customers_lag_6,1.23096547126253
obs_88135179e9776079,Autoencoder,product_mix_change,1.7869401049193951
obs_88135179e9776079,Autoencoder,distributor_concentration,0.9467569939848699
obs_88135179e9776079,Autoencoder,distinct_customers_rolling_MAD,0.7930591928035953
obs_ac773a96bb138aa8,Autoencoder,new_customers,3.799125203366084
obs_ac773a96bb138aa8,Autoencoder,distributor_count,1.064138490237589
obs_ac773a96bb138aa8,Autoencoder,total_quantity_peer_median,0.9899782260893386
obs_d5ca598502762b8a,Autoencoder,simulated_actual_payout_peer_median,2.682672628586795
obs_d5ca598502762b8a,Autoencoder,simulated_actual_payout_team_relative,2.318803010041839
obs_d5ca598502762b8a,Autoencoder,distinct_customers_lag_6,2.11171070941819
obs_1a58e4d3c759c7d0,Autoencoder,distinct_customers_rolling_MAD,6.063648680988402
obs_1a58e4d3c759c7d0,Autoencoder,subchannel_mix,4.383611994382488
obs_1a58e4d3c759c7d0,Autoencoder,distinct_customers_lag_6,4.274648673147429
obs_9393cf3bd272aba4,Autoencoder,new_customers,8.425170575822778
obs_9393cf3bd272aba4,Autoencoder,distinct_customers_lag_6,6.342702945011836
obs_9393cf3bd272aba4,Autoencoder,distinct_customers_rolling_std,3.438214871683564
obs_f7a43f9660ca17e3,Autoencoder,subchannel_mix,0.8214023902029082
obs_f7a43f9660ca17e3,Autoencoder,distributor_concentration,0.7365267991038577
obs_f7a43f9660ca17e3,Autoencoder,channel_mix,0.6278751086253833
obs_d2f819093ae640b0,Autoencoder,simulated_actual_payout_peer_median,0.7179315459427041
obs_d2f819093ae640b0,Autoencoder,distributor_mix_change,0.5768951151876706
obs_d2f819093ae640b0,Autoencoder,distinct_customers_product_class_relative,0.4968717217829109
obs_6073c97338d52c0e,Autoencoder,distinct_customers_rolling_std,2.394978422044448
obs_6073c97338d52c0e,Autoencoder,latitude_dispersion,1.6513329136077717
obs_6073c97338d52c0e,Autoencoder,product_mix_change,0.34347429643327654
obs_69396bae196c921a,Autoencoder,total_quantity_rolling_MAD,1.0050408155375425
obs_69396bae196c921a,Autoencoder,distributor_concentration,0.928217314607897
obs_69396bae196c921a,Autoencoder,distinct_customers_rolling_MAD,0.8986346664495041
obs_3635e8c427192ea7,Autoencoder,total_quantity_peer_z,2.7948099588950672
obs_3635e8c427192ea7,Autoencoder,total_sales_peer_z,1.8849200881700214
obs_3635e8c427192ea7,Autoencoder,simulated_actual_payout_rolling_std,1.8776244514555158
obs_8dc7fed7a389fd89,Autoencoder,simulated_actual_payout_rolling_std,2.8755080937601813
obs_8dc7fed7a389fd89,Autoencoder,total_quantity_rolling_MAD,1.5201486367299015
obs_8dc7fed7a389fd89,Autoencoder,simulated_actual_payout_rolling_mean_6,0.9051389957775315
obs_7168f625808ebdbb,Autoencoder,total_quantity_rolling_MAD,2.16095067193111
obs_7168f625808ebdbb,Autoencoder,customer_loss_rate,1.8175226921145822
obs_7168f625808ebdbb,Autoencoder,total_sales_rolling_std,0.8171322781804758
obs_7fd81698e140b320,Autoencoder,latitude_dispersion,2.668449755216203
obs_7fd81698e140b320,Autoencoder,customer_loss_rate,1.2644243749058686
obs_7fd81698e140b320,Autoencoder,total_quantity_lag_3,1.0387393276703178
obs_07faa0093b1b83a4,Autoencoder,product_breadth_change,0.8511962302139542
obs_07faa0093b1b83a4,Autoencoder,product_mix_change,0.6624604578014484
obs_07faa0093b1b83a4,Autoencoder,latitude_dispersion,0.42144602281971943
obs_3a669adbb7df7796,Autoencoder,channel_mix,0.8627513738076525
obs_3a669adbb7df7796,Autoencoder,total_quantity_history_deviation,0.6696455913290049
obs_3a669adbb7df7796,Autoencoder,simulated_actual_payout_rolling_mean_3,0.5262279263689871
obs_ece23a8d928453f3,Autoencoder,distributor_concentration,3.535412364500988
obs_ece23a8d928453f3,Autoencoder,total_quantity_lag_6,2.151343627853566
obs_ece23a8d928453f3,Autoencoder,total_sales_lag_6,1.2546896462665276
obs_c620dd787f8d23cf,Autoencoder,product_concentration,1.1322437590466998
obs_c620dd787f8d23cf,Autoencoder,dominant_product_share,0.7427213200511757
obs_c620dd787f8d23cf,Autoencoder,distributor_count,0.611959433710647
obs_d2644044d6da3e96,Autoencoder,simulated_actual_payout_lag_12,1.1536320732537741
obs_d2644044d6da3e96,Autoencoder,channel_mix,0.45264314484195445
obs_d2644044d6da3e96,Autoencoder,total_quantity_team_relative,0.3375805021567304
obs_63f6d3343a634da0,Autoencoder,simulated_actual_payout_rolling_MAD,2.615831867222174
obs_63f6d3343a634da0,Autoencoder,distinct_customers_lag_2,1.2776458625154254
obs_63f6d3343a634da0,Autoencoder,simulated_actual_payout_history_deviation,0.9899756021734384
obs_e5e80f98d5036969,Autoencoder,simulated_actual_payout_history_deviation,1.230932353547524
obs_e5e80f98d5036969,Autoencoder,simulated_actual_payout_rolling_MAD,0.8845870285810062
obs_e5e80f98d5036969,Autoencoder,distinct_customers_rolling_MAD,0.8082005538586177
obs_68e2ec0229a13cda,Autoencoder,simulated_actual_payout_history_deviation,1.91820494993392
obs_68e2ec0229a13cda,Autoencoder,simulated_actual_payout_rolling_MAD,1.3436863218259993
obs_68e2ec0229a13cda,Autoencoder,distinct_customers_rolling_MAD,0.9244236998926155
obs_d819a4a94915350c,Autoencoder,simulated_actual_payout_year_over_year_growth,0.601996869058762
obs_d819a4a94915350c,Autoencoder,total_quantity_product_class_relative,0.5087861389437827
obs_d819a4a94915350c,Autoencoder,total_quantity_peer_country_product_class_relative,0.49036820121816466
obs_00311e0c09a25f8c,Autoencoder,distinct_customers_rolling_MAD,2.2752982456378734
obs_00311e0c09a25f8c,Autoencoder,total_quantity_lag_12,0.8538639431056171
obs_00311e0c09a25f8c,Autoencoder,total_quantity_year_over_year_growth,0.8445973980638934
obs_3f6d6e7383bf34c5,Autoencoder,distributor_mix_change,1.601874957818186
obs_3f6d6e7383bf34c5,Autoencoder,distinct_customers_rolling_MAD,1.275712669344554
obs_3f6d6e7383bf34c5,Autoencoder,distinct_customers_rolling_std,1.1388867505296052
obs_0b259d033a6e191e,Autoencoder,distinct_customers_rolling_std,1.4870288202866981
obs_0b259d033a6e191e,Autoencoder,distinct_customers_rolling_MAD,1.3573370988647333
obs_0b259d033a6e191e,Autoencoder,distinct_customers_team_relative,0.9373253166924604
obs_766fe3a476b2f940,Autoencoder,distinct_customers_rolling_MAD,2.476369712805711
obs_766fe3a476b2f940,Autoencoder,new_customers,2.421514360632411
obs_766fe3a476b2f940,Autoencoder,distributor_mix_change,2.1841325032076395
obs_92762d44fa55a27c,Autoencoder,new_customers,3.7347588758269397
obs_92762d44fa55a27c,Autoencoder,product_mix_change,1.847058895452508
obs_92762d44fa55a27c,Autoencoder,simulated_actual_payout_peer_median,0.9209374223960353
obs_83dc9887f0271c97,Autoencoder,new_customers,5.754409564359306
obs_83dc9887f0271c97,Autoencoder,total_sales_rolling_MAD,1.5584167134945595
obs_83dc9887f0271c97,Autoencoder,product_mix_change,1.5191034164233963
obs_3696fd0ba387683b,Autoencoder,new_customers,7.284213834690609
obs_3696fd0ba387683b,Autoencoder,distinct_customers_lag_2,0.6808234373177782
obs_3696fd0ba387683b,Autoencoder,total_quantity_rolling_median,0.4857539475392548
obs_bdef240254c3c291,Autoencoder,new_customers,5.1068733853972965
obs_bdef240254c3c291,Autoencoder,distributor_count,4.093061972378393
obs_bdef240254c3c291,Autoencoder,total_quantity_rolling_median,2.9283775658115183
obs_fce724102d01ef18,Autoencoder,new_customers,5.158384089953678
obs_fce724102d01ef18,Autoencoder,distinct_customers_lag_6,3.940556846401921
obs_fce724102d01ef18,Autoencoder,distinct_customers_rolling_std,2.482942480857168
obs_d66050ec3113da29,Autoencoder,new_customers,5.6712305044699285
obs_d66050ec3113da29,Autoencoder,distributor_count,5.255162708170724
obs_d66050ec3113da29,Autoencoder,distinct_customers_rolling_std,2.7389395629218125
obs_d24a62812072f37a,Autoencoder,new_customers,10.20503234088858
obs_d24a62812072f37a,Autoencoder,distinct_customers_lag_6,6.51276612679942
obs_d24a62812072f37a,Autoencoder,distinct_customers_rolling_std,4.615895403527545
obs_e90cc232be59aba2,Autoencoder,latitude_dispersion,1.68336470286963
obs_e90cc232be59aba2,Autoencoder,total_quantity_peer_median,0.4401977975305445
obs_e90cc232be59aba2,Autoencoder,distinct_customers_peer_z,0.1281119133309752
obs_588145622e0b71f2,Autoencoder,total_quantity_peer_z,0.38997240235481534
obs_588145622e0b71f2,Autoencoder,total_quantity_product_class_relative,0.3368473922441321
obs_588145622e0b71f2,Autoencoder,total_quantity_peer_country_product_class_relative,0.332453615045305
obs_c28019ea673bd80c,Autoencoder,distinct_customers_rolling_std,0.5616480287976929
obs_c28019ea673bd80c,Autoencoder,total_quantity_peer_percentile,0.48505433050666263
obs_c28019ea673bd80c,Autoencoder,customer_loss_rate,0.44557775414234657
obs_1398abdce4708efe,Autoencoder,distinct_customers_rolling_MAD,0.9901657612119947
obs_1398abdce4708efe,Autoencoder,total_quantity_rolling_MAD,0.7516752080928971
obs_1398abdce4708efe,Autoencoder,distributor_concentration,0.6340540430928301
obs_1dd29706deab1968,Autoencoder,total_sales_peer_percentile,0.7430491507190713
obs_1dd29706deab1968,Autoencoder,channel_mix,0.5871407770620357
obs_1dd29706deab1968,Autoencoder,product_mix_change,0.4843085990530482
obs_e08f153bead0da34,Autoencoder,product_breadth_change,1.2950700601963292
obs_e08f153bead0da34,Autoencoder,distributor_concentration,0.9466808890153806
obs_e08f153bead0da34,Autoencoder,simulated_actual_payout_rolling_std,0.4188434844022773
obs_5f57983318fffd6e,Autoencoder,product_mix_change,0.5761237992793179
obs_5f57983318fffd6e,Autoencoder,average_price,0.38364504770348357
obs_5f57983318fffd6e,Autoencoder,total_quantity_rolling_MAD,0.3273855915169208
obs_330e1cc1cc2e3c2e,Autoencoder,total_quantity_rolling_MAD,0.7641753205835864
obs_330e1cc1cc2e3c2e,Autoencoder,total_sales_rolling_MAD,0.5057948158752206
obs_330e1cc1cc2e3c2e,Autoencoder,total_quantity_peer_percentile,0.44696307729219387
obs_266e5b7884c84062,Autoencoder,product_breadth_change,0.9582556292850588
obs_266e5b7884c84062,Autoencoder,subchannel_mix,0.7776141223458327
obs_266e5b7884c84062,Autoencoder,distinct_customers_lag_6,0.5511073858496923
obs_b93166c4530f273d,Autoencoder,distributor_mix_change,0.5341188163650357
obs_b93166c4530f273d,Autoencoder,distributor_count,0.3551809362649865
obs_b93166c4530f273d,Autoencoder,total_quantity_rolling_median,0.29429473800983036
obs_c50e16976d711d4c,Autoencoder,latitude_dispersion,1.415264369315541
obs_c50e16976d711d4c,Autoencoder,total_quantity_trend,0.5800902411622482
obs_c50e16976d711d4c,Autoencoder,total_sales_rolling_median,0.5140367162801566
obs_dc8750e2367c6e19,Autoencoder,total_quantity_peer_percentile,0.9993512333760788
obs_dc8750e2367c6e19,Autoencoder,distributor_mix_change,0.49512253781723964
obs_dc8750e2367c6e19,Autoencoder,simulated_actual_payout_peer_percentile,0.34738571918725364
obs_81f83a6282e48455,Autoencoder,customer_loss_rate,0.7893532934015424
obs_81f83a6282e48455,Autoencoder,distributor_concentration,0.7604292751150215
obs_81f83a6282e48455,Autoencoder,latitude_dispersion,0.6433379865582136
obs_6be1d05f2c0fd4a0,Autoencoder,simulated_actual_payout_rolling_mean_3,1.0209595055400102
obs_6be1d05f2c0fd4a0,Autoencoder,total_sales_rolling_median,0.8084733533932734
obs_6be1d05f2c0fd4a0,Autoencoder,total_sales_rolling_mean_3,0.7585414961261727
obs_baa6dcd2ae6ba2fc,Autoencoder,distributor_concentration,0.6744318337591219
obs_baa6dcd2ae6ba2fc,Autoencoder,distributor_mix_change,0.44043425132893455
obs_baa6dcd2ae6ba2fc,Autoencoder,total_sales_rolling_mean_6,0.4167297812238303
obs_27c558fb9c2f290c,Autoencoder,total_sales_rolling_std,0.7942475268096802
obs_27c558fb9c2f290c,Autoencoder,total_sales_rolling_MAD,0.7886748782235424
obs_27c558fb9c2f290c,Autoencoder,total_quantity_lag_6,0.6719786256712341
obs_59227d080bd5a67c,Autoencoder,simulated_actual_payout_peer_z,0.9456228526707589
obs_59227d080bd5a67c,Autoencoder,simulated_actual_payout_peer_percentile,0.8637423524535432
obs_59227d080bd5a67c,Autoencoder,total_sales_lag_6,0.36615240687397965
obs_3dafc4b5eb647e2d,Autoencoder,product_mix_change,2.619740201262561
obs_3dafc4b5eb647e2d,Autoencoder,distinct_customers_rolling_MAD,0.9131639886289047
obs_3dafc4b5eb647e2d,Autoencoder,simulated_actual_payout_peer_median,0.7397297558553406
obs_d91968c24a57f672,Autoencoder,distinct_customers_rolling_MAD,1.974164783932236
obs_d91968c24a57f672,Autoencoder,simulated_actual_payout_rolling_median,1.0637496609576018
obs_d91968c24a57f672,Autoencoder,distinct_customers_rolling_std,0.8989893975224036
obs_eeb54bf126948756,Autoencoder,distinct_customers_rolling_MAD,2.8970063790192926
obs_eeb54bf126948756,Autoencoder,new_customers,2.5058420310065697
obs_eeb54bf126948756,Autoencoder,subchannel_mix,2.419146609922903
obs_5869cc04a6d3c608,Autoencoder,new_customers,3.208307811753094
obs_5869cc04a6d3c608,Autoencoder,country_mix,1.0794541626930951
obs_5869cc04a6d3c608,Autoencoder,simulated_actual_payout_rolling_median,1.053053409933594
obs_dda7a903327b9dd2,Autoencoder,simulated_actual_payout_year_over_year_growth,2.092575262150595
obs_dda7a903327b9dd2,Autoencoder,latitude_dispersion,1.7452833676825987
obs_dda7a903327b9dd2,Autoencoder,total_sales_peer_z,1.5430464081156647
obs_475498238e5d1e8d,Autoencoder,distributor_mix_change,3.1804280840063353
obs_475498238e5d1e8d,Autoencoder,total_sales_lag_12,2.083036518496544
obs_475498238e5d1e8d,Autoencoder,new_customers,2.0350096963614064
obs_4b77c7a3ecd392cf,Autoencoder,new_customers,6.830922130713371
obs_4b77c7a3ecd392cf,Autoencoder,distributor_concentration,2.293303516978583
obs_4b77c7a3ecd392cf,Autoencoder,simulated_actual_payout_lag_12,1.2795487207671303
obs_439ed5ddc4725821,Autoencoder,distributor_count,3.5711360018833296
obs_439ed5ddc4725821,Autoencoder,distinct_customers_lag_6,2.7592123983035415
obs_439ed5ddc4725821,Autoencoder,latitude_dispersion,2.3280570022683458
obs_517f0b361f499a26,Autoencoder,new_customers,8.140856657466752
obs_517f0b361f499a26,Autoencoder,distinct_customers_lag_6,5.622364764545528
obs_517f0b361f499a26,Autoencoder,simulated_actual_payout_peer_median,3.741052998136747
obs_b3f7eae2e1c434f2,Autoencoder,new_customers,6.870509517989835
obs_b3f7eae2e1c434f2,Autoencoder,distributor_count,4.816752849863817
obs_b3f7eae2e1c434f2,Autoencoder,distinct_customers_rolling_MAD,3.5612213674846114
obs_cf6d4a789a91eb96,Autoencoder,new_customers,6.6267062786755675
obs_cf6d4a789a91eb96,Autoencoder,distributor_mix_change,3.416114010484251
obs_cf6d4a789a91eb96,Autoencoder,distinct_customers_rolling_std,2.8464392024655005
obs_6251c1a84b617f8e,Autoencoder,total_quantity_peer_z,0.4149104671621085
obs_6251c1a84b617f8e,Autoencoder,product_class_share,0.15047593486337074
obs_6251c1a84b617f8e,Autoencoder,distinct_customers_peer_z,0.11426681072430751
obs_a2e9ab498e13ed91,Autoencoder,distributor_mix_change,0.7607035207958736
obs_a2e9ab498e13ed91,Autoencoder,customer_loss_rate,0.44263102194085946
obs_a2e9ab498e13ed91,Autoencoder,distinct_customers_rolling_mean_6,0.42679661632195437
obs_0a16da559a66f0b7,Autoencoder,total_sales_rolling_std,4.46145609260507
obs_0a16da559a66f0b7,Autoencoder,latitude_dispersion,2.6178645271583987
obs_0a16da559a66f0b7,Autoencoder,product_breadth_change,1.0719418633342033
obs_903c9372d91c3625,Autoencoder,total_quantity_history_deviation,0.5511317027096679
obs_903c9372d91c3625,Autoencoder,total_sales_history_deviation,0.42891476692922853
obs_903c9372d91c3625,Autoencoder,dominant_product_share,0.3697471552801188
obs_c3860532d86d8a86,Autoencoder,simulated_actual_payout_rolling_std,2.9337320193509155
obs_c3860532d86d8a86,Autoencoder,latitude_dispersion,1.9266144962979286
obs_c3860532d86d8a86,Autoencoder,simulated_actual_payout_rolling_mean_6,1.0196309318160537
obs_a0852ea50e37e563,Autoencoder,simulated_actual_payout_rolling_std,2.131231050030841
obs_a0852ea50e37e563,Autoencoder,product_breadth_change,0.6129533811679735
obs_a0852ea50e37e563,Autoencoder,total_sales_rolling_median,0.47456238470515877
obs_c3c1670909474058,Autoencoder,simulated_actual_payout_rolling_median,1.4134785987926277
obs_c3c1670909474058,Autoencoder,distinct_customers_lag_6,0.9890842972691514
obs_c3c1670909474058,Autoencoder,simulated_actual_payout_rolling_mean_3,0.9858078326342365
obs_4be340a44ff817bb,Autoencoder,distributor_concentration,1.9097015633596524
obs_4be340a44ff817bb,Autoencoder,latitude_dispersion,1.141721365340128
obs_4be340a44ff817bb,Autoencoder,total_sales_rolling_std,1.0755357043312312
obs_2f96440e690c74fd,Autoencoder,total_quantity_rolling_MAD,0.9838985310106529
obs_2f96440e690c74fd,Autoencoder,latitude_dispersion,0.6740206186454138
obs_2f96440e690c74fd,Autoencoder,total_quantity_lag_6,0.6303013418698082
obs_59b1255bd35fc547,Autoencoder,latitude_dispersion,0.6592251309279618
obs_59b1255bd35fc547,Autoencoder,total_quantity_lag_6,0.4705076439953801
obs_59b1255bd35fc547,Autoencoder,customer_loss_rate,0.4480910643667266
obs_af6ca94b8e10f3c9,Autoencoder,latitude_dispersion,0.8124653795071389
obs_af6ca94b8e10f3c9,Autoencoder,distinct_customers_rolling_MAD,0.5266672570471735
obs_af6ca94b8e10f3c9,Autoencoder,distributor_count,0.4236560763511264
obs_a75d1c019358e93b,Autoencoder,distributor_concentration,0.9064345783780019
obs_a75d1c019358e93b,Autoencoder,product_mix_change,0.8749251657414053
obs_a75d1c019358e93b,Autoencoder,distinct_customers_lag_6,0.8448011475928363
obs_d31a1c551b05c6ba,Autoencoder,product_breadth_change,1.0743461565399308
obs_d31a1c551b05c6ba,Autoencoder,simulated_actual_payout_lag_12,0.8052856466878671
obs_d31a1c551b05c6ba,Autoencoder,latitude_dispersion,0.3299882031865268
obs_a5825b9906cc66d5,Autoencoder,distinct_customers_lag_2,0.9638785492183388
obs_a5825b9906cc66d5,Autoencoder,distinct_customers_acceleration,0.631936953763078
obs_a5825b9906cc66d5,Autoencoder,distinct_customers_lag_3,0.5797226351327107
obs_77885cf8dbc70089,Autoencoder,distinct_customers_acceleration,0.9326426699224163
obs_77885cf8dbc70089,Autoencoder,total_sales_year_over_year_growth,0.6452426578289796
obs_77885cf8dbc70089,Autoencoder,simulated_actual_payout_lag_12,0.630496800698039
obs_19cbd92d5e85e00b,Autoencoder,simulated_actual_payout_history_deviation,1.2075623616943616
obs_19cbd92d5e85e00b,Autoencoder,total_sales_lag_12,1.120980446395487
obs_19cbd92d5e85e00b,Autoencoder,total_sales_year_over_year_growth,0.9773009196169856
obs_a505a7efe7559ca7,Autoencoder,total_quantity_lag_12,0.7975959990957328
obs_a505a7efe7559ca7,Autoencoder,total_sales_year_over_year_growth,0.7268461545194053
obs_a505a7efe7559ca7,Autoencoder,customer_loss_rate,0.6573414423781555
obs_7c842a62bfdcc660,Autoencoder,distinct_customers_lag_2,0.9990906110835115
obs_7c842a62bfdcc660,Autoencoder,distributor_mix_change,0.902066279764204
obs_7c842a62bfdcc660,Autoencoder,simulated_actual_payout_lag_12,0.7397540784532436
obs_ef3b252342c829c8,Autoencoder,total_sales_year_over_year_growth,2.166096152199773
obs_ef3b252342c829c8,Autoencoder,total_sales_history_deviation,1.8034594357138056
obs_ef3b252342c829c8,Autoencoder,total_quantity_peer_percentile,1.7444251289496784
obs_8fd59f66e79f833b,Autoencoder,total_sales_lag_1,1.5874664286752962
obs_8fd59f66e79f833b,Autoencoder,distinct_customers_rolling_MAD,1.0528806378739064
obs_8fd59f66e79f833b,Autoencoder,total_quantity_rolling_median,0.9432152374634174
obs_6b82c69c3e6de82a,Autoencoder,total_quantity_rolling_median,2.652421234628684
obs_6b82c69c3e6de82a,Autoencoder,distinct_customers_lag_6,2.5392589757031656
obs_6b82c69c3e6de82a,Autoencoder,total_sales_lag_2,1.675039449908942
obs_22fca9b762c9104f,Autoencoder,new_customers,2.3434807018512296
obs_22fca9b762c9104f,Autoencoder,total_quantity_rolling_MAD,1.8908854741221413
obs_22fca9b762c9104f,Autoencoder,total_quantity_rolling_std,1.4387483784575343
obs_8889a36d1477e3b6,Autoencoder,new_customers,2.4394401902013216
obs_8889a36d1477e3b6,Autoencoder,distributor_mix_change,1.557296671156696
obs_8889a36d1477e3b6,Autoencoder,total_quantity_rolling_median,1.4365238336987665
obs_6f7d485c264e0882,Autoencoder,distinct_customers_rolling_MAD,2.5345742703195153
obs_6f7d485c264e0882,Autoencoder,new_customers,2.0327744908046195
obs_6f7d485c264e0882,Autoencoder,total_quantity_rolling_median,1.7715809616380722
obs_1fe6e1661f3a50b1,Autoencoder,new_customers,5.413964940814212
obs_1fe6e1661f3a50b1,Autoencoder,total_sales_lag_6,2.898273726086324
obs_1fe6e1661f3a50b1,Autoencoder,total_quantity_peer_median,2.633094132843292
obs_dc9158abb896ea55,Autoencoder,distributor_count,4.533756328958431
obs_dc9158abb896ea55,Autoencoder,simulated_actual_payout_peer_median,4.518301709090152
obs_dc9158abb896ea55,Autoencoder,new_customers,4.219340876109517
obs_649d97eead1025ee,Autoencoder,distinct_customers_rolling_MAD,7.402503239827774
obs_649d97eead1025ee,Autoencoder,new_customers,5.147709129506223
obs_649d97eead1025ee,Autoencoder,distributor_count,3.8705834217902657
obs_6dc3d0265d5c6e00,Autoencoder,new_customers,6.539144286878793
obs_6dc3d0265d5c6e00,Autoencoder,distinct_customers_rolling_MAD,4.081342079908883
obs_6dc3d0265d5c6e00,Autoencoder,distinct_customers_lag_6,3.818705986976373
obs_5a3021ba8bfa112d,Autoencoder,distinct_products,0.5135944525521589
obs_5a3021ba8bfa112d,Autoencoder,distributor_count,0.38178057495863804
obs_5a3021ba8bfa112d,Autoencoder,total_quantity_peer_country_product_class_relative,0.17129748034732173
obs_77d87a742b738a24,Autoencoder,product_breadth_change,1.2611060406744332
obs_77d87a742b738a24,Autoencoder,distinct_customers_team_relative,0.3650146371760342
obs_77d87a742b738a24,Autoencoder,average_price,0.3141976015880809
obs_194d717e9eb573dd,Autoencoder,distinct_customers_rolling_std,1.9448068383836927
obs_194d717e9eb573dd,Autoencoder,total_sales_rolling_std,1.1823274274590385
obs_194d717e9eb573dd,Autoencoder,product_mix_change,1.120988339994118
obs_34ad6bb7659614b6,Autoencoder,latitude_dispersion,1.8976934424174128
obs_34ad6bb7659614b6,Autoencoder,distinct_customers_rolling_std,0.921654358819621
obs_34ad6bb7659614b6,Autoencoder,total_sales_rolling_MAD,0.9087434334686142
obs_83b812cb4bf863ee,Autoencoder,simulated_actual_payout_rolling_std,1.6608804872204477
obs_83b812cb4bf863ee,Autoencoder,distinct_customers_rolling_std,1.0127720444466008
obs_83b812cb4bf863ee,Autoencoder,channel_mix,0.722415209908358
obs_80e7e3ff190fc716,Autoencoder,distributor_concentration,4.824869045646858
obs_80e7e3ff190fc716,Autoencoder,simulated_actual_payout_rolling_std,1.5084831730683397
obs_80e7e3ff190fc716,Autoencoder,channel_mix,0.998336727533995
obs_d633a2cf7c82d92d,Autoencoder,latitude_dispersion,1.9337627419955967
obs_d633a2cf7c82d92d,Autoencoder,distinct_customers_rolling_std,1.2294816755598375
obs_d633a2cf7c82d92d,Autoencoder,distinct_customers_rolling_MAD,0.5503375486552136
obs_8d301510829d7347,Autoencoder,distributor_concentration,0.9034298627072298
obs_8d301510829d7347,Autoencoder,product_breadth_change,0.8742748054066914
obs_8d301510829d7347,Autoencoder,subchannel_mix,0.44197957899009044
obs_1d48e6ef47bbb986,Autoencoder,distinct_customers_rolling_MAD,1.2088393087588434
obs_1d48e6ef47bbb986,Autoencoder,customer_loss_rate,0.9232991695125449
obs_1d48e6ef47bbb986,Autoencoder,simulated_actual_payout_history_deviation,0.649758459945413
obs_28fef1b36e9a7ca4,Autoencoder,total_sales_rolling_MAD,1.5546103955233048
obs_28fef1b36e9a7ca4,Autoencoder,total_sales_history_deviation,0.904194433198449
obs_28fef1b36e9a7ca4,Autoencoder,latitude_dispersion,0.7115444105714701
obs_d174e690ff41fa5d,Autoencoder,simulated_actual_payout_rolling_MAD,0.44990670324800275
obs_d174e690ff41fa5d,Autoencoder,total_quantity_trend,0.37841751012147096
obs_d174e690ff41fa5d,Autoencoder,customer_loss_rate,0.35205922602579365
obs_7bcf3ba85d207e95,Autoencoder,distinct_customers_rolling_MAD,2.6756098409475806
obs_7bcf3ba85d207e95,Autoencoder,product_mix_change,1.1727286754280883
obs_7bcf3ba85d207e95,Autoencoder,latitude_dispersion,0.8695952787521163
obs_9936346df25db8a9,Autoencoder,simulated_actual_payout_rolling_std,0.5051789382781651
obs_9936346df25db8a9,Autoencoder,total_quantity_history_deviation,0.40899991027905835
obs_9936346df25db8a9,Autoencoder,simulated_actual_payout_lag_12,0.3806259088823397
obs_d4c56e701930911b,Autoencoder,distinct_customers_lag_2,1.4223108939456317
obs_d4c56e701930911b,Autoencoder,simulated_actual_payout_lag_12,1.0837446004171971
obs_d4c56e701930911b,Autoencoder,distributor_mix_change,0.8860856803632967
obs_e8d76798f21d0ff8,Autoencoder,product_mix_change,1.1628807598899789
obs_e8d76798f21d0ff8,Autoencoder,distinct_customers_acceleration,0.8872026893583549
obs_e8d76798f21d0ff8,Autoencoder,distinct_customers_lag_3,0.739251182768691
obs_9c92f1a4118b82e1,Autoencoder,latitude_dispersion,3.1548337872448715
obs_9c92f1a4118b82e1,Autoencoder,channel_mix,1.330732231791787
obs_9c92f1a4118b82e1,Autoencoder,distributor_mix_change,0.8905442553150114
obs_30221ccee23a2683,Autoencoder,total_quantity_rolling_MAD,0.7991969521858087
obs_30221ccee23a2683,Autoencoder,distributor_concentration,0.7248203540396152
obs_30221ccee23a2683,Autoencoder,subchannel_mix,0.540057960300709
obs_43c2ece06fc95513,Autoencoder,distinct_customers_rolling_MAD,1.7838849821661247
obs_43c2ece06fc95513,Autoencoder,simulated_actual_payout_history_deviation,1.0254718643145253
obs_43c2ece06fc95513,Autoencoder,total_quantity_rolling_std,1.0022387582370211
obs_b743ccdc0a262747,Autoencoder,distinct_customers_rolling_MAD,3.7127036490629655
obs_b743ccdc0a262747,Autoencoder,simulated_actual_payout_year_over_year_growth,1.027296617835791
obs_b743ccdc0a262747,Autoencoder,total_quantity_rolling_std,1.0044933119793567
obs_48e8349ce3511672,Autoencoder,distinct_customers_rolling_MAD,3.005935767965057
obs_48e8349ce3511672,Autoencoder,distinct_customers_rolling_std,1.617221944716435
obs_48e8349ce3511672,Autoencoder,product_mix_change,1.2735660345748367
obs_5e5033af7fe74082,Autoencoder,latitude_dispersion,3.6306867286555047
obs_5e5033af7fe74082,Autoencoder,distinct_customers_rolling_std,1.1587400518400668
obs_5e5033af7fe74082,Autoencoder,simulated_actual_payout_year_over_year_growth,0.8967715534146131
obs_e1eaedfe7e44a601,Autoencoder,customer_loss_rate,2.2148486057966315
obs_e1eaedfe7e44a601,Autoencoder,new_customers,2.0225750226335504
obs_e1eaedfe7e44a601,Autoencoder,product_mix_change,1.5446379342372227
obs_31c1d344ab799778,Autoencoder,distributor_mix_change,3.3519692349178363
obs_31c1d344ab799778,Autoencoder,new_customers,0.9874388175659898
obs_31c1d344ab799778,Autoencoder,channel_mix,0.7649990188588865
obs_2d0cae3b27e68c95,Autoencoder,new_customers,1.7225002630238189
obs_2d0cae3b27e68c95,Autoencoder,total_sales_team_relative,1.6294841299728364
obs_2d0cae3b27e68c95,Autoencoder,simulated_target_attainment_pct,1.3808775381073288
obs_873f9650d3b744ad,Autoencoder,distinct_customers_history_deviation,4.60686338219416
obs_873f9650d3b744ad,Autoencoder,simulated_payout_to_sales_ratio,3.6029167355047376
obs_873f9650d3b744ad,Autoencoder,total_quantity_history_deviation,1.910918351526622
obs_9dab0a349f801ef0,Autoencoder,new_customers,3.428509034138971
obs_9dab0a349f801ef0,Autoencoder,distributor_count,2.8709199115373463
obs_9dab0a349f801ef0,Autoencoder,product_breadth_change,2.2960879721100764
obs_7ae2aed251841dc3,Autoencoder,distinct_customers_rolling_MAD,5.001379532713488
obs_7ae2aed251841dc3,Autoencoder,new_customers,3.5975926264570117
obs_7ae2aed251841dc3,Autoencoder,total_sales_lag_3,2.8853308880152264
obs_1a8e037d17118727,Autoencoder,distributor_mix_change,4.321064991380036
obs_1a8e037d17118727,Autoencoder,distinct_customers_rolling_MAD,4.014954495291798
obs_1a8e037d17118727,Autoencoder,distinct_customers_rolling_std,4.003794012999443
obs_da72f212534ddc49,Autoencoder,latitude_dispersion,0.4329559346398195
obs_da72f212534ddc49,Autoencoder,average_price,0.41946449633687327
obs_da72f212534ddc49,Autoencoder,median_price,0.32703561417562665
obs_a8a6e8f24bef5bd4,Autoencoder,channel_mix,0.7283026783319736
obs_a8a6e8f24bef5bd4,Autoencoder,median_price,0.4813595036473746
obs_a8a6e8f24bef5bd4,Autoencoder,latitude_dispersion,0.4554731901293792
obs_7775930664b81687,Autoencoder,distributor_mix_change,1.9626571369255272
obs_7775930664b81687,Autoencoder,total_quantity_rolling_std,1.02473258834552
obs_7775930664b81687,Autoencoder,channel_mix,0.864938993119123
obs_09c0c5c3ae15134a,Autoencoder,total_quantity_rolling_MAD,2.080567247381452
obs_09c0c5c3ae15134a,Autoencoder,total_sales_history_deviation,1.417175883741154
obs_09c0c5c3ae15134a,Autoencoder,latitude_dispersion,1.0809155988891928
obs_eaa48f3fce1e6d85,Autoencoder,distributor_mix_change,1.1619812860500707
obs_eaa48f3fce1e6d85,Autoencoder,latitude_dispersion,0.8337715851583095
obs_eaa48f3fce1e6d85,Autoencoder,customer_loss_rate,0.822114056926892
obs_db71f2609fe2d288,Autoencoder,latitude_dispersion,1.3412943467584204
obs_db71f2609fe2d288,Autoencoder,median_price,0.9335083677778743
obs_db71f2609fe2d288,Autoencoder,product_breadth_change,0.7914533557848952
obs_12de259ce4ffe190,Autoencoder,latitude_dispersion,1.8777936272377689
obs_12de259ce4ffe190,Autoencoder,channel_mix,1.1873743467889244
obs_12de259ce4ffe190,Autoencoder,customer_loss_rate,1.0434474972231762
obs_f6c20a71b17148b0,Autoencoder,median_price,0.47898825785479343
obs_f6c20a71b17148b0,Autoencoder,product_breadth_change,0.4085920637477044
obs_f6c20a71b17148b0,Autoencoder,total_sales_lag_6,0.38757697087570353
obs_b2374cd3e207c6fe,Autoencoder,latitude_dispersion,1.7408305059286677
obs_b2374cd3e207c6fe,Autoencoder,total_quantity_rolling_MAD,0.8442302143397726
obs_b2374cd3e207c6fe,Autoencoder,total_quantity_lag_3,0.25001393224931445
obs_d38f74f35def6555,Autoencoder,distributor_mix_change,0.9160759578396118
obs_d38f74f35def6555,Autoencoder,channel_mix,0.8950257228666127
obs_d38f74f35def6555,Autoencoder,product_breadth_change,0.6236489792717602
obs_559d8fb95bdae153,Autoencoder,latitude_dispersion,0.47400260197278077
obs_559d8fb95bdae153,Autoencoder,distinct_customers_rolling_MAD,0.3956740226720877
obs_559d8fb95bdae153,Autoencoder,distinct_customers_lag_6,0.3422487422080339
obs_97dbb8eef8ecbb00,Autoencoder,product_mix_change,3.6224601112081243
obs_97dbb8eef8ecbb00,Autoencoder,latitude_dispersion,1.3835450189605494
obs_97dbb8eef8ecbb00,Autoencoder,distributor_concentration,0.4946558658495745
obs_ff442b772b9e8e85,Autoencoder,product_mix_change,6.681887591986485
obs_ff442b772b9e8e85,Autoencoder,channel_mix,2.235396560617745
obs_ff442b772b9e8e85,Autoencoder,total_sales_year_over_year_growth,0.40109195615181437
obs_aa953a10c3d0c25f,Autoencoder,country_mix,0.845228178315392
obs_aa953a10c3d0c25f,Autoencoder,distinct_customers_acceleration,0.7443309791786882
obs_aa953a10c3d0c25f,Autoencoder,distinct_customers_lag_2,0.6308810665948265
obs_9ec58fc19ac85e9b,Autoencoder,distinct_customers_rolling_MAD,0.8466355520010745
obs_9ec58fc19ac85e9b,Autoencoder,product_breadth_change,0.5195235081924492
obs_9ec58fc19ac85e9b,Autoencoder,total_quantity_peer_z,0.43491984481916385
obs_26410fddfc967281,Autoencoder,distributor_concentration,0.9467259993086213
obs_26410fddfc967281,Autoencoder,total_sales_peer_percentile,0.8690586079715422
obs_26410fddfc967281,Autoencoder,total_quantity_rolling_std,0.7571033355348603
obs_e663f1b564f750b2,Autoencoder,latitude_dispersion,1.6996936429291025
obs_e663f1b564f750b2,Autoencoder,simulated_actual_payout_lag_12,1.2352804076134762
obs_e663f1b564f750b2,Autoencoder,product_mix_change,0.5593099573000115
obs_38bc8aabe35c9371,Autoencoder,latitude_dispersion,5.076498938328749
obs_38bc8aabe35c9371,Autoencoder,channel_mix,1.0336473088996379
obs_38bc8aabe35c9371,Autoencoder,product_mix_change,0.7002432803780615
obs_7d82079d3bf1ac48,Autoencoder,distinct_customers_rolling_std,1.848742165804697
obs_7d82079d3bf1ac48,Autoencoder,distinct_customers_rolling_MAD,0.7294643387288964
obs_7d82079d3bf1ac48,Autoencoder,simulated_actual_payout_lag_12,0.6608121274083113
obs_444af7278196ca87,Autoencoder,distinct_customers_rolling_std,3.1132437045325156
obs_444af7278196ca87,Autoencoder,distinct_customers_rolling_MAD,2.728440260025499
obs_444af7278196ca87,Autoencoder,country_mix,1.1180717406013232
obs_9d2cfd0637048f0f,Autoencoder,distinct_customers_rolling_MAD,2.572071295272898
obs_9d2cfd0637048f0f,Autoencoder,distinct_customers_rolling_std,2.383607447832578
obs_9d2cfd0637048f0f,Autoencoder,latitude_dispersion,2.1286623808126826
obs_144cbb989002bef5,Autoencoder,distinct_customers_rolling_std,2.493814334616895
obs_144cbb989002bef5,Autoencoder,distinct_customers_rolling_MAD,1.0949848609968376
obs_144cbb989002bef5,Autoencoder,distributor_mix_change,1.0564679339202685
obs_faf4cc9fc17832da,Autoencoder,distinct_customers_rolling_MAD,1.9562560449002988
obs_faf4cc9fc17832da,Autoencoder,distinct_customers_rolling_std,0.7929097615217032
obs_faf4cc9fc17832da,Autoencoder,simulated_actual_payout_rolling_MAD,0.7296051198991181
obs_e1d4402110e3ea1b,Autoencoder,distinct_customers_rolling_MAD,3.2192951787719
obs_e1d4402110e3ea1b,Autoencoder,new_customers,2.1244626369875834
obs_e1d4402110e3ea1b,Autoencoder,product_mix_change,2.0610886752487416
obs_300d5f992010ea9b,Autoencoder,product_mix_change,5.898906252463492
obs_300d5f992010ea9b,Autoencoder,channel_mix,4.190544632118883
obs_300d5f992010ea9b,Autoencoder,distributor_count,2.6785631920727613
obs_84a8e8aef44fcfaa,Autoencoder,new_customers,7.4511353558398135
obs_84a8e8aef44fcfaa,Autoencoder,simulated_actual_payout_year_over_year_growth,4.667727522754674
obs_84a8e8aef44fcfaa,Autoencoder,total_sales_year_over_year_growth,2.662815443555066
obs_ec1f3b73133cdbbe,Autoencoder,distributor_count,3.9293353623790193
obs_ec1f3b73133cdbbe,Autoencoder,distinct_customers_rolling_std,3.006654922219926
obs_ec1f3b73133cdbbe,Autoencoder,new_customers,2.9756391057990617
obs_fead628ba2864762,Autoencoder,simulated_payout_to_sales_ratio,4.452718406187702
obs_fead628ba2864762,Autoencoder,customer_loss_rate,3.7324696708380554
obs_fead628ba2864762,Autoencoder,simulated_actual_payout_rolling_median,3.263002579120216
obs_b4a94c019834034d,Autoencoder,latitude_dispersion,0.728606690946554
obs_b4a94c019834034d,Autoencoder,subchannel_mix,0.18025703698802
obs_b4a94c019834034d,Autoencoder,total_quantity_peer_median,0.1509490135832053
obs_d372b0510d828553,Autoencoder,distributor_concentration,1.6524809835612158
obs_d372b0510d828553,Autoencoder,distributor_mix_change,1.0489265099037437
obs_d372b0510d828553,Autoencoder,latitude_dispersion,0.6518824531861189
obs_2bc5df5f8b01c585,Autoencoder,channel_mix,2.15696442765408
obs_2bc5df5f8b01c585,Autoencoder,distributor_mix_change,0.4852751999106659
obs_2bc5df5f8b01c585,Autoencoder,distinct_customers_history_deviation,0.41068089373248173
obs_20174a2925a65bba,Autoencoder,latitude_dispersion,4.026463581529563
obs_20174a2925a65bba,Autoencoder,simulated_actual_payout_rolling_MAD,0.9927048986765689
obs_20174a2925a65bba,Autoencoder,total_quantity_rolling_median,0.9522837241015545
obs_e5735a7678a8a76e,Autoencoder,latitude_dispersion,1.569957930139352
obs_e5735a7678a8a76e,Autoencoder,distinct_customers_rolling_std,0.8343651609789754
obs_e5735a7678a8a76e,Autoencoder,distributor_mix_change,0.7275779087472048
obs_bcb153d6b0aa7ee0,Autoencoder,simulated_actual_payout_trend,0.8663089072103854
obs_bcb153d6b0aa7ee0,Autoencoder,simulated_actual_payout_lag_3,0.7851481739958255
obs_bcb153d6b0aa7ee0,Autoencoder,customer_loss_rate,0.7312739692467333
obs_2b14db8ef4838450,Autoencoder,latitude_dispersion,2.537518124549396
obs_2b14db8ef4838450,Autoencoder,product_breadth_change,0.7291234523682413
obs_2b14db8ef4838450,Autoencoder,total_quantity_lag_2,0.5264576843893279
obs_690f54d86e679d04,Autoencoder,distributor_mix_change,0.7850318518258913
obs_690f54d86e679d04,Autoencoder,product_mix_change,0.6332985309676209
obs_690f54d86e679d04,Autoencoder,distinct_customers_lag_3,0.4998505261143765
obs_53cf40bef1326153,Autoencoder,product_breadth_change,0.8357314497792306
obs_53cf40bef1326153,Autoencoder,product_mix_change,0.6366479874335197
obs_53cf40bef1326153,Autoencoder,customer_loss_rate,0.47713870991567536
obs_fa72854f29e548d1,Autoencoder,distributor_mix_change,2.1851931961723183
obs_fa72854f29e548d1,Autoencoder,channel_mix,1.3949234558539234
obs_fa72854f29e548d1,Autoencoder,total_quantity_lag_6,0.4595768370653276
obs_bad46d4d73f0caea,Autoencoder,customer_loss_rate,6.949503610215489
obs_bad46d4d73f0caea,Autoencoder,distinct_customers_rolling_std,1.2697772239087932
obs_bad46d4d73f0caea,Autoencoder,simulated_actual_payout_lag_12,0.5703790564266131
obs_68b0fd3b78a4c411,Autoencoder,subchannel_mix,1.2956895056632116
obs_68b0fd3b78a4c411,Autoencoder,channel_mix,0.7411035282782624
obs_68b0fd3b78a4c411,Autoencoder,new_customers,0.4672633435133176
obs_9791a7744762bf14,Autoencoder,simulated_actual_payout_lag_12,0.5330819090432256
obs_9791a7744762bf14,Autoencoder,distinct_customers_lag_3,0.5329134741179227
obs_9791a7744762bf14,Autoencoder,simulated_actual_payout_rolling_std,0.3940792280387954
obs_000e0d96022360cf,Autoencoder,channel_mix,0.8617607766760013
obs_000e0d96022360cf,Autoencoder,total_sales_lag_12,0.8344310154381637
obs_000e0d96022360cf,Autoencoder,total_sales_year_over_year_growth,0.8214927448141871
obs_9ba2f807644f3492,Autoencoder,product_mix_change,3.077506105858805
obs_9ba2f807644f3492,Autoencoder,simulated_actual_payout_lag_12,0.9144843387429754
obs_9ba2f807644f3492,Autoencoder,latitude_dispersion,0.71535793805414
obs_c12e93e8fa307c87,Autoencoder,latitude_dispersion,2.357018967702341
obs_c12e93e8fa307c87,Autoencoder,distributor_mix_change,1.603919253448575
obs_c12e93e8fa307c87,Autoencoder,total_quantity_lag_12,0.9595480449017788
obs_6d7647a79470d97f,Autoencoder,distinct_customers_peer_country_product_class_relative,1.020959958701326
obs_6d7647a79470d97f,Autoencoder,product_mix_change,1.0129555638416796
obs_6d7647a79470d97f,Autoencoder,total_sales_rolling_MAD,1.0051221225457794
obs_930347be8cb19a44,Autoencoder,total_sales_rolling_MAD,0.47983373539799856
obs_930347be8cb19a44,Autoencoder,product_class_share,0.46005355534973236
obs_930347be8cb19a44,Autoencoder,total_sales_lag_12,0.43825836865716344
obs_fa405646abcdad26,Autoencoder,total_quantity_rolling_std,0.9998627619905959
obs_fa405646abcdad26,Autoencoder,simulated_actual_payout_rolling_MAD,0.8538867287320744
obs_fa405646abcdad26,Autoencoder,distinct_customers_rolling_MAD,0.6913095551749818
obs_0f7e286919c243d5,Autoencoder,simulated_actual_payout_year_over_year_growth,1.74015725005558
obs_0f7e286919c243d5,Autoencoder,latitude_dispersion,1.6251300773534563
obs_0f7e286919c243d5,Autoencoder,simulated_actual_payout_lag_12,1.542182157964631
obs_ace1c0c4a7f1a4ac,Autoencoder,distinct_customers_lag_6,1.1864563889342326
obs_ace1c0c4a7f1a4ac,Autoencoder,distinct_customers_team_relative,1.0970316594510434
obs_ace1c0c4a7f1a4ac,Autoencoder,total_quantity_lag_6,0.768323851874827
obs_87bc85f6a35b423c,Autoencoder,simulated_actual_payout_lag_12,1.811910818657879
obs_87bc85f6a35b423c,Autoencoder,distributor_mix_change,1.781993888754048
obs_87bc85f6a35b423c,Autoencoder,distributor_concentration,1.3715685341524102
obs_b2ce7582d0911ee6,Autoencoder,new_customers,1.3394862612441387
obs_b2ce7582d0911ee6,Autoencoder,country_mix,1.133520354376044
obs_b2ce7582d0911ee6,Autoencoder,total_quantity_year_over_year_growth,0.6754913439762317
obs_2102b14c60fdbb23,Autoencoder,product_breadth_change,0.912906479094651
obs_2102b14c60fdbb23,Autoencoder,subchannel_mix,0.6267495870673867
obs_2102b14c60fdbb23,Autoencoder,distributor_count,0.6218728508706446
obs_5202c1ed7e2bbce2,Autoencoder,distributor_concentration,2.227241387258226
obs_5202c1ed7e2bbce2,Autoencoder,distinct_customers_history_deviation,1.812643156803216
obs_5202c1ed7e2bbce2,Autoencoder,total_quantity_peer_median,1.0983894108760863
obs_61544e16a880582b,Autoencoder,distributor_mix_change,4.242881688277566
obs_61544e16a880582b,Autoencoder,distinct_customers_rolling_MAD,3.204216761466417
obs_61544e16a880582b,Autoencoder,simulated_actual_payout_peer_median,2.92170865907416
obs_129946494823134d,Autoencoder,distinct_customers_rolling_MAD,6.460688755523236
obs_129946494823134d,Autoencoder,new_customers,5.315133671684388
obs_129946494823134d,Autoencoder,distributor_count,4.864996491822599
obs_b4ef81e9df72d62e,Autoencoder,new_customers,4.817051296397803
obs_b4ef81e9df72d62e,Autoencoder,distinct_customers_rolling_MAD,3.448683164634009
obs_b4ef81e9df72d62e,Autoencoder,distributor_count,3.0894018955567883
obs_653fa09d1b900869,Autoencoder,latitude_dispersion,1.160294508877275
obs_653fa09d1b900869,Autoencoder,distinct_customers_peer_percentile,0.24759775073113022
obs_653fa09d1b900869,Autoencoder,simulated_payout_to_sales_ratio,0.15038834321715622
obs_9f918922618ca348,Autoencoder,product_breadth_change,2.9256502329604763
obs_9f918922618ca348,Autoencoder,distinct_products,0.5731050299356375
obs_9f918922618ca348,Autoencoder,distinct_customers_acceleration,0.5650867675179464
obs_55ab1cafda85cb14,Autoencoder,distinct_customers_rolling_std,1.0601613363397286
obs_55ab1cafda85cb14,Autoencoder,latitude_dispersion,0.5346607841217611
obs_55ab1cafda85cb14,Autoencoder,distributor_mix_change,0.39776102600700464
obs_ebe4851d166bbf9c,Autoencoder,total_quantity_rolling_MAD,1.6707885672096345
obs_ebe4851d166bbf9c,Autoencoder,channel_mix,1.6123263203222582
obs_ebe4851d166bbf9c,Autoencoder,total_quantity_rolling_std,1.0310744825842675
obs_b383baf0d6a67b15,Autoencoder,total_quantity_team_relative,1.0850933312535784
obs_b383baf0d6a67b15,Autoencoder,customer_loss_rate,0.6561427201755542
obs_b383baf0d6a67b15,Autoencoder,total_quantity_acceleration,0.4703855884300113
obs_e66673c8d46f928b,Autoencoder,customer_loss_rate,1.474903020696585
obs_e66673c8d46f928b,Autoencoder,total_quantity_trend,0.9435487001380956
obs_e66673c8d46f928b,Autoencoder,total_quantity_acceleration,0.4954217346473487
obs_9d6e397f55cb95c6,Autoencoder,total_quantity_rolling_MAD,0.5688534573849146
obs_9d6e397f55cb95c6,Autoencoder,distributor_count,0.5167900712777093
obs_9d6e397f55cb95c6,Autoencoder,distributor_concentration,0.5000133857898587
obs_44c9dc8158f6542d,Autoencoder,distributor_mix_change,0.6229297553365774
obs_44c9dc8158f6542d,Autoencoder,latitude_dispersion,0.5359714064750575
obs_44c9dc8158f6542d,Autoencoder,total_quantity_lag_3,0.35790747247067606
obs_82b968436e6b45bc,Autoencoder,latitude_dispersion,5.354564882217377
obs_82b968436e6b45bc,Autoencoder,distributor_mix_change,1.8988893431985696
obs_82b968436e6b45bc,Autoencoder,total_quantity_rolling_std,0.7043544989572529
obs_c85040a116f3ef52,Autoencoder,product_mix_change,2.542381257192775
obs_c85040a116f3ef52,Autoencoder,total_sales_rolling_MAD,0.7434896630204756
obs_c85040a116f3ef52,Autoencoder,distinct_customers_team_relative,0.7245377459204158
obs_06c7977ec95652d1,Autoencoder,latitude_dispersion,3.9808624472269862
obs_06c7977ec95652d1,Autoencoder,distinct_customers_rolling_std,0.8794073446968602
obs_06c7977ec95652d1,Autoencoder,total_quantity_lag_6,0.7610167342488825
obs_17783d4374d5de8f,Autoencoder,latitude_dispersion,1.8168085954968234
obs_17783d4374d5de8f,Autoencoder,new_customers,1.4162961078900331
obs_17783d4374d5de8f,Autoencoder,distributor_concentration,1.058679497001484
obs_2deedff6988b7699,Autoencoder,customer_loss_rate,0.9739656308568436
obs_2deedff6988b7699,Autoencoder,latitude_dispersion,0.5174596879989056
obs_2deedff6988b7699,Autoencoder,simulated_actual_payout_history_deviation,0.5097419670583166
obs_e932b61e11fcbcb7,Autoencoder,distinct_customers_lag_3,0.8175379771527098
obs_e932b61e11fcbcb7,Autoencoder,distinct_customers_acceleration,0.6959135397054339
obs_e932b61e11fcbcb7,Autoencoder,simulated_actual_payout_lag_12,0.603203762474231
obs_712963d3d146e24c,Autoencoder,distinct_customers_acceleration,0.8646682170728133
obs_712963d3d146e24c,Autoencoder,distributor_mix_change,0.7559693129997442
obs_712963d3d146e24c,Autoencoder,distinct_customers_lag_2,0.5395580577586189
obs_c676e9e9ccea02a9,Autoencoder,distributor_mix_change,1.1128710222239149
obs_c676e9e9ccea02a9,Autoencoder,total_sales_rolling_std,0.591062461374648
obs_c676e9e9ccea02a9,Autoencoder,simulated_actual_payout_rolling_std,0.43699051175177844
obs_087f6873f93d2c1f,Autoencoder,total_quantity_lag_12,1.1371788609852167
obs_087f6873f93d2c1f,Autoencoder,total_sales_rolling_std,0.4901649665276519
obs_087f6873f93d2c1f,Autoencoder,total_quantity_peer_percentile,0.4744425325729947
obs_7ba2d42fc68fb60f,Autoencoder,distinct_customers_rolling_MAD,2.525450700715856
obs_7ba2d42fc68fb60f,Autoencoder,product_class_share,0.7753081702297723
obs_7ba2d42fc68fb60f,Autoencoder,representative_rank,0.75473908577559
obs_14d98f3ce289b097,Autoencoder,distinct_customers_rolling_MAD,2.3552732631428133
obs_14d98f3ce289b097,Autoencoder,product_mix_change,1.7314198706479091
obs_14d98f3ce289b097,Autoencoder,simulated_actual_payout_lag_12,1.5137750034569655
obs_b9ebdd2edc49933c,Autoencoder,distributor_concentration,2.5182498478015627
obs_b9ebdd2edc49933c,Autoencoder,total_sales_rolling_std,1.0237598913850519
obs_b9ebdd2edc49933c,Autoencoder,simulated_actual_payout_year_over_year_growth,0.8816840060754983
obs_b56068573c533851,Autoencoder,product_mix_change,9.15683203672653
obs_b56068573c533851,Autoencoder,distributor_mix_change,3.1278652199304964
obs_b56068573c533851,Autoencoder,new_customers,1.4318348415833284
obs_2164ec6c045ed458,Autoencoder,new_customers,3.8236194239173558
obs_2164ec6c045ed458,Autoencoder,distributor_mix_change,1.4154356447593197
obs_2164ec6c045ed458,Autoencoder,total_sales_year_over_year_growth,1.2056989374328813
obs_e145ec19c526bbb6,Autoencoder,new_customers,2.9411848168127737
obs_e145ec19c526bbb6,Autoencoder,distinct_customers_rolling_MAD,0.6395584311553848
obs_e145ec19c526bbb6,Autoencoder,total_quantity_rolling_MAD,0.42849255492317717
obs_64bcb9c347f912f5,Autoencoder,new_customers,3.8739924448471705
obs_64bcb9c347f912f5,Autoencoder,total_sales_lag_12,0.844025388631799
obs_64bcb9c347f912f5,Autoencoder,total_quantity_rolling_median,0.7612693789024068
obs_52fb9768362acfa7,Autoencoder,new_customers,2.783267957489835
obs_52fb9768362acfa7,Autoencoder,total_quantity_team_relative,2.0816163294647416
obs_52fb9768362acfa7,Autoencoder,distinct_customers_history_deviation,1.77284624830947
obs_9f666e58c57f88a2,Autoencoder,new_customers,4.966349329068853
obs_9f666e58c57f88a2,Autoencoder,distributor_count,4.895410114781082
obs_9f666e58c57f88a2,Autoencoder,distinct_customers_rolling_std,2.650021967431203
obs_60e7e0b3687019a9,Autoencoder,distributor_count,6.870621544434262
obs_60e7e0b3687019a9,Autoencoder,distinct_customers_rolling_MAD,5.3106158659719735
obs_60e7e0b3687019a9,Autoencoder,distinct_customers_rolling_std,3.357559963930461
obs_b380d2170ca43351,Autoencoder,new_customers,11.18725701757082
obs_b380d2170ca43351,Autoencoder,distinct_customers_lag_6,5.814368896881353
obs_b380d2170ca43351,Autoencoder,distinct_customers_rolling_std,4.265431871928857
obs_b672eacc3c0f8834,Autoencoder,channel_mix,0.8551987613704184
obs_b672eacc3c0f8834,Autoencoder,distributor_count,0.5102314658462227
obs_b672eacc3c0f8834,Autoencoder,distributor_concentration,0.3659783119057542
obs_96beed11b0588d08,Autoencoder,product_breadth_change,0.7807921143137332
obs_96beed11b0588d08,Autoencoder,total_sales_rolling_mean_6,0.6156087551295265
obs_96beed11b0588d08,Autoencoder,distributor_mix_change,0.6143411561575891
obs_db91f6bbfb78f48b,Autoencoder,distinct_customers_rolling_std,2.4855895963080106
obs_db91f6bbfb78f48b,Autoencoder,total_sales_rolling_std,1.5149500022546998
obs_db91f6bbfb78f48b,Autoencoder,distinct_customers_history_deviation,0.589759727982304
obs_0bb28d588c4391a3,Autoencoder,latitude_dispersion,2.8659368665355713
obs_0bb28d588c4391a3,Autoencoder,distributor_mix_change,1.5616478959339517
obs_0bb28d588c4391a3,Autoencoder,distinct_customers_lag_2,0.7181062946887631
obs_47ec1b53fd683158,Autoencoder,simulated_actual_payout_rolling_std,4.922944750707487
obs_47ec1b53fd683158,Autoencoder,simulated_actual_payout_rolling_mean_6,3.3514517135058073
obs_47ec1b53fd683158,Autoencoder,distinct_customers_rolling_std,1.0020678172372561
obs_9dd540b021d14318,Autoencoder,simulated_actual_payout_rolling_std,4.813983911351068
obs_9dd540b021d14318,Autoencoder,customer_loss_rate,3.363275100692864
obs_9dd540b021d14318,Autoencoder,simulated_actual_payout_rolling_mean_6,2.549245351480167
obs_a4322d504e197fea,Autoencoder,latitude_dispersion,2.5269032506565776
obs_a4322d504e197fea,Autoencoder,product_mix_change,1.2999573078228217
obs_a4322d504e197fea,Autoencoder,simulated_actual_payout_rolling_std,1.0171401449718573
obs_a3ace4dacdf6331f,Autoencoder,total_quantity_lag_6,0.8564208102626215
obs_a3ace4dacdf6331f,Autoencoder,product_class_share,0.41142817125967146
obs_a3ace4dacdf6331f,Autoencoder,product_mix_change,0.36786499844383447
obs_71be97fea9fd8b83,Autoencoder,distributor_mix_change,1.367058708728817
obs_71be97fea9fd8b83,Autoencoder,latitude_dispersion,0.9488647390246004
obs_71be97fea9fd8b83,Autoencoder,distinct_customers_rolling_MAD,0.7287189455465629
obs_ec4b1def1b562289,Autoencoder,product_class_share,1.0396472615633383
obs_ec4b1def1b562289,Autoencoder,total_sales_rolling_std,0.5197395284835714
obs_ec4b1def1b562289,Autoencoder,distinct_customers_lag_6,0.5054853481577085
obs_5c3b3186494602b7,Autoencoder,customer_loss_rate,2.631145777283016
obs_5c3b3186494602b7,Autoencoder,total_sales_rolling_std,0.4720487582455679
obs_5c3b3186494602b7,Autoencoder,simulated_actual_payout_rolling_std,0.3969780256704901
obs_4fb55720c69353ba,Autoencoder,channel_mix,1.0298524419100925
obs_4fb55720c69353ba,Autoencoder,distributor_count,0.5068961012369193
obs_4fb55720c69353ba,Autoencoder,customer_loss_rate,0.3862407808033061
obs_6e32ebcba355bee2,Autoencoder,simulated_actual_payout_lag_12,3.363636283938635
obs_6e32ebcba355bee2,Autoencoder,distinct_customers_rolling_MAD,0.9633260038304433
obs_6e32ebcba355bee2,Autoencoder,customer_loss_rate,0.9054868661686055
obs_0055e9c8b873ca14,Autoencoder,latitude_dispersion,1.3068259827124165
obs_0055e9c8b873ca14,Autoencoder,simulated_actual_payout_year_over_year_growth,1.2259751899362195
obs_0055e9c8b873ca14,Autoencoder,simulated_actual_payout_lag_12,1.0055500818720315
obs_c251b0079088f19e,Autoencoder,distinct_customers_acceleration,0.7195482091653617
obs_c251b0079088f19e,Autoencoder,latitude_dispersion,0.7103622183383209
obs_c251b0079088f19e,Autoencoder,country_mix,0.6372765532730722
obs_44a4d8e4ebc8f5f8,Autoencoder,distributor_concentration,0.996472866427077
obs_44a4d8e4ebc8f5f8,Autoencoder,simulated_actual_payout_trend,0.7027652313532415
obs_44a4d8e4ebc8f5f8,Autoencoder,total_quantity_trend,0.6909830694840636
obs_7c8c5003fe32b868,Autoencoder,channel_mix,0.8935269165719559
obs_7c8c5003fe32b868,Autoencoder,country_mix,0.6007726905692337
obs_7c8c5003fe32b868,Autoencoder,latitude_dispersion,0.4673071646946284
obs_e2920c314e63316c,Autoencoder,product_class_share,1.3827985477851468
obs_e2920c314e63316c,Autoencoder,total_quantity_rolling_MAD,1.0145397623126151
obs_e2920c314e63316c,Autoencoder,distributor_mix_change,0.9346365606098481
obs_6d18cc6b86cd16d0,Autoencoder,distributor_mix_change,0.9086312117385353
obs_6d18cc6b86cd16d0,Autoencoder,simulated_actual_payout_rolling_MAD,0.8319634600161343
obs_6d18cc6b86cd16d0,Autoencoder,new_customers,0.6336299510109783
obs_b8e3f42f291f949f,Autoencoder,latitude_dispersion,1.3105437380749116
obs_b8e3f42f291f949f,Autoencoder,new_customers,1.2718816805299307
obs_b8e3f42f291f949f,Autoencoder,product_breadth_change,0.5235054848717193
obs_2360cb2cc804e447,Autoencoder,new_customers,2.6767312413758666
obs_2360cb2cc804e447,Autoencoder,distributor_concentration,0.992621892500623
obs_2360cb2cc804e447,Autoencoder,distinct_customers_lag_6,0.772151386040967
obs_55c330ed875989ab,Autoencoder,product_concentration,10.14918005272626
obs_55c330ed875989ab,Autoencoder,customer_concentration,0.7269681584675156
obs_55c330ed875989ab,Autoencoder,city_concentration,0.7224945256799596
obs_10ea485da97a841e,Autoencoder,new_customers,3.0309219181450637
obs_10ea485da97a841e,Autoencoder,latitude_dispersion,1.0792177190470462
obs_10ea485da97a841e,Autoencoder,product_mix_change,1.0248038798192904
obs_d4df2cd22a222e6f,Autoencoder,new_customers,3.6937900473761336
obs_d4df2cd22a222e6f,Autoencoder,country_mix,0.9379198015170691
obs_d4df2cd22a222e6f,Autoencoder,product_breadth_change,0.8675741157384133
obs_37c6a7f423beddce,Autoencoder,new_customers,4.405603208430317
obs_37c6a7f423beddce,Autoencoder,distributor_count,2.2058240184072755
obs_37c6a7f423beddce,Autoencoder,distinct_customers_history_deviation,2.1365461267435486
obs_dacbe183b6f4d5ae,Autoencoder,new_customers,9.250888539163881
obs_dacbe183b6f4d5ae,Autoencoder,distributor_count,3.107479635898325
obs_dacbe183b6f4d5ae,Autoencoder,distinct_customers_lag_6,2.5091253811329985
obs_61acc28c63c70642,Autoencoder,new_customers,9.811919249169812
obs_61acc28c63c70642,Autoencoder,distinct_customers_rolling_MAD,6.408939444290234
obs_61acc28c63c70642,Autoencoder,distributor_count,4.29583238143985
obs_601b04da3fa5a22e,Autoencoder,distinct_customers_lag_6,4.325918675005502
obs_601b04da3fa5a22e,Autoencoder,distributor_count,3.2434966160861287
obs_601b04da3fa5a22e,Autoencoder,distinct_customers_rolling_std,3.010200215957416
obs_cbd46fa107e1f4f6,Autoencoder,latitude_dispersion,1.5720302521086535
obs_cbd46fa107e1f4f6,Autoencoder,median_price,0.23831227589538895
obs_cbd46fa107e1f4f6,Autoencoder,total_quantity_team_relative,0.15368456480652526
obs_89d34a302c50535d,Autoencoder,distributor_concentration,0.5428354583677234
obs_89d34a302c50535d,Autoencoder,distinct_customers_rolling_mean_6,0.4002480381002247
obs_89d34a302c50535d,Autoencoder,distinct_customers_history_deviation,0.28207758341937395
obs_ac84a4c36df4ada5,Autoencoder,latitude_dispersion,1.2904593232347918
obs_ac84a4c36df4ada5,Autoencoder,total_sales_rolling_std,0.7363667224869611
obs_ac84a4c36df4ada5,Autoencoder,subchannel_mix,0.503789332626826
obs_9100c93b8bdf31e5,Autoencoder,total_quantity_rolling_MAD,13.368002349329332
obs_9100c93b8bdf31e5,Autoencoder,total_sales_rolling_MAD,1.9687811849730905
obs_9100c93b8bdf31e5,Autoencoder,distinct_customers_rolling_MAD,1.2285786367392115
obs_c610e64784f513b8,Autoencoder,distributor_mix_change,0.5070937510955136
obs_c610e64784f513b8,Autoencoder,channel_mix,0.4852582881730946
obs_c610e64784f513b8,Autoencoder,total_sales_history_deviation,0.31924304111964075
obs_c13ce06e873b174b,Autoencoder,total_quantity_team_relative,2.2236238032511344
obs_c13ce06e873b174b,Autoencoder,total_quantity_product_class_relative,1.7706550882022027
obs_c13ce06e873b174b,Autoencoder,total_quantity_peer_country_product_class_relative,1.7449124021059748
obs_b43042ad34cc6d9b,Autoencoder,total_quantity_rolling_std,1.345393915251606
obs_b43042ad34cc6d9b,Autoencoder,total_quantity_trend,1.3065979920783473
obs_b43042ad34cc6d9b,Autoencoder,total_quantity_lag_1,0.9240381174979805
obs_a261d5a15218af0d,Autoencoder,total_quantity_lag_2,1.5318940964970553
obs_a261d5a15218af0d,Autoencoder,total_quantity_rolling_std,1.3851553642961458
obs_a261d5a15218af0d,Autoencoder,product_mix_change,1.1478261954387972
obs_9422da56757e90e0,Autoencoder,total_quantity_lag_3,1.698445376169068
obs_9422da56757e90e0,Autoencoder,total_quantity_rolling_std,1.3477958243477215
obs_9422da56757e90e0,Autoencoder,latitude_dispersion,1.075912173530327
obs_b1f2b62c881fbbdb,Autoencoder,channel_mix,0.8375730385691202
obs_b1f2b62c881fbbdb,Autoencoder,distinct_customers_rolling_std,0.6749109253983094
obs_b1f2b62c881fbbdb,Autoencoder,median_price,0.5476254298637985
obs_da0518f21371255c,Autoencoder,latitude_dispersion,1.9977386944526478
obs_da0518f21371255c,Autoencoder,distinct_customers_rolling_std,1.0290973899621427
obs_da0518f21371255c,Autoencoder,product_breadth_change,0.9270899157787
obs_56b8827f9a6baf0e,Autoencoder,total_quantity_lag_6,1.9344733385158452
obs_56b8827f9a6baf0e,Autoencoder,total_sales_lag_6,1.9052116757248578
obs_56b8827f9a6baf0e,Autoencoder,product_class_share,1.5877344342662394
obs_014376334ebd1804,Autoencoder,total_sales_year_over_year_growth,2.7901110044948214
obs_014376334ebd1804,Autoencoder,total_quantity_year_over_year_growth,2.5491792915316855
obs_014376334ebd1804,Autoencoder,product_breadth_change,2.036147265452616
obs_076f361542fe1a45,Autoencoder,latitude_dispersion,1.4946365180947672
obs_076f361542fe1a45,Autoencoder,distributor_mix_change,0.9901092737835344
obs_076f361542fe1a45,Autoencoder,subchannel_mix,0.4124664946018784
obs_2529328866b74d13,Autoencoder,total_sales_rolling_MAD,0.5509493724477446
obs_2529328866b74d13,Autoencoder,simulated_actual_payout_rolling_MAD,0.5358688701540879
obs_2529328866b74d13,Autoencoder,product_breadth_change,0.4518790273849841
obs_b3bb063f5567f03b,Autoencoder,distributor_concentration,1.59868304599809
obs_b3bb063f5567f03b,Autoencoder,total_quantity_peer_median,0.9273887084945027
obs_b3bb063f5567f03b,Autoencoder,product_class_share,0.8065213387550237
obs_1a09d512bfc26af6,Autoencoder,distributor_mix_change,4.213737749609194
obs_1a09d512bfc26af6,Autoencoder,product_class_share,0.962011646550147
obs_1a09d512bfc26af6,Autoencoder,channel_mix,0.7974850193969306
obs_6dc8ac1d0c021358,Autoencoder,latitude_dispersion,1.2550527535307896
obs_6dc8ac1d0c021358,Autoencoder,total_quantity_lag_12,1.2052479089011938
obs_6dc8ac1d0c021358,Autoencoder,channel_mix,1.0095469691189674
obs_8729cfb19aabaa9a,Autoencoder,simulated_payout_to_sales_ratio,18.927378194452256
obs_8729cfb19aabaa9a,Autoencoder,median_price,2.596641023082212
obs_8729cfb19aabaa9a,Autoencoder,total_quantity_peer_median,2.5318821554920836
obs_81ac4aaa9d548179,Autoencoder,total_sales_month_over_month_growth,8.492206961657315
obs_81ac4aaa9d548179,Autoencoder,total_sales_lag_1,5.565208448286473
obs_81ac4aaa9d548179,Autoencoder,distinct_customers_rolling_std,2.525384770453452
obs_9830d9d609b5684e,Autoencoder,total_sales_lag_2,7.308040164246823
obs_9830d9d609b5684e,Autoencoder,total_sales_acceleration,4.7599775437842675
obs_9830d9d609b5684e,Autoencoder,subchannel_mix,2.094431787113002
obs_b693334e5ccb6aea,Autoencoder,total_sales_lag_3,8.56618757992193
obs_b693334e5ccb6aea,Autoencoder,total_sales_trend,8.3862595616172
obs_b693334e5ccb6aea,Autoencoder,total_sales_rolling_MAD,2.000890794743028
obs_72fdb01eba809279,Autoencoder,distinct_customers_rolling_MAD,3.35786968657112
obs_72fdb01eba809279,Autoencoder,simulated_actual_payout_rolling_MAD,1.8258019964777914
obs_72fdb01eba809279,Autoencoder,new_customers,1.6687649094436898
obs_ce617f4fc8762849,Autoencoder,new_customers,3.0502040188491315
obs_ce617f4fc8762849,Autoencoder,latitude_dispersion,1.647756865210688
obs_ce617f4fc8762849,Autoencoder,distinct_customers_rolling_MAD,1.0610060950897033
obs_26b49ab82e74261f,Autoencoder,total_quantity_lag_12,4.073828079366583
obs_26b49ab82e74261f,Autoencoder,total_sales_lag_12,3.823056077702062
obs_26b49ab82e74261f,Autoencoder,total_quantity_peer_median,3.720647098898329
obs_cb398e9509b390d5,Autoencoder,new_customers,12.067696806184683
obs_cb398e9509b390d5,Autoencoder,simulated_actual_payout_peer_median,3.8142083029592198
obs_cb398e9509b390d5,Autoencoder,distinct_customers_rolling_std,3.2972471351364865
obs_ac723ce5c2f43a3a,Autoencoder,distinct_customers_rolling_MAD,5.816508005013379
obs_ac723ce5c2f43a3a,Autoencoder,latitude_dispersion,4.9736021871048095
obs_ac723ce5c2f43a3a,Autoencoder,distributor_count,3.51198803305191
obs_49643e3e73b66e9f,Autoencoder,new_customers,19.345558079196426
obs_49643e3e73b66e9f,Autoencoder,distinct_customers_rolling_MAD,4.9669561137073455
obs_49643e3e73b66e9f,Autoencoder,distributor_mix_change,4.331403633443805
obs_631cdf877fa29895,Autoencoder,distributor_concentration,0.6411275159217634
obs_631cdf877fa29895,Autoencoder,subchannel_mix,0.6380173148292944
obs_631cdf877fa29895,Autoencoder,channel_mix,0.45538565568471273
obs_52a496a7ba01ba76,Autoencoder,channel_mix,1.249551199023047
obs_52a496a7ba01ba76,Autoencoder,subchannel_mix,0.6839329962859816
obs_52a496a7ba01ba76,Autoencoder,total_quantity_peer_median,0.5760910223686015
obs_ea425068714558ae,Autoencoder,distributor_mix_change,0.6378444663301532
obs_ea425068714558ae,Autoencoder,distributor_count,0.5373309112552493
obs_ea425068714558ae,Autoencoder,representative_rank,0.4407711019397329
obs_f7cdfded6e78e457,Autoencoder,channel_mix,3.8271501006506408
obs_f7cdfded6e78e457,Autoencoder,total_quantity_rolling_MAD,0.9448334059361113
obs_f7cdfded6e78e457,Autoencoder,simulated_actual_payout_history_deviation,0.7248641946604569
obs_2c7b955b8e09649f,Autoencoder,customer_loss_rate,2.439606984745752
obs_2c7b955b8e09649f,Autoencoder,distributor_concentration,1.0186924042085457
obs_2c7b955b8e09649f,Autoencoder,simulated_actual_payout_rolling_std,0.8923490718281156
obs_995eb5c90e7c225d,Autoencoder,simulated_actual_payout_rolling_std,1.3750444691165005
obs_995eb5c90e7c225d,Autoencoder,distributor_mix_change,1.0305531588834937
obs_995eb5c90e7c225d,Autoencoder,channel_mix,0.9189466129428887
obs_40e0e61cf7f50598,Autoencoder,latitude_dispersion,0.6685660998216715
obs_40e0e61cf7f50598,Autoencoder,total_sales_rolling_MAD,0.6346373285953048
obs_40e0e61cf7f50598,Autoencoder,distributor_mix_change,0.5666134983113357
obs_119caf27a8b2f82d,Autoencoder,distinct_customers_rolling_MAD,1.2699697049421927
obs_119caf27a8b2f82d,Autoencoder,product_breadth_change,0.6046987803809718
obs_119caf27a8b2f82d,Autoencoder,channel_mix,0.5668033438196565
obs_26051653028b5abd,Autoencoder,distinct_customers_rolling_MAD,1.0301878935573827
obs_26051653028b5abd,Autoencoder,total_quantity_peer_median,0.6457594081372452
obs_26051653028b5abd,Autoencoder,customer_loss_rate,0.5817541807541439
obs_7c26608e3ee5546e,Autoencoder,total_quantity_rolling_MAD,0.5200420697548439
obs_7c26608e3ee5546e,Autoencoder,distinct_customers_acceleration,0.4354833186144805
obs_7c26608e3ee5546e,Autoencoder,distributor_concentration,0.40622447475668966
obs_91afe70dc6939f09,Autoencoder,distinct_customers_rolling_MAD,1.528467817544728
obs_91afe70dc6939f09,Autoencoder,distributor_mix_change,0.9998342404610301
obs_91afe70dc6939f09,Autoencoder,total_quantity_rolling_std,0.8265105625161662
obs_808754a4352cc44b,Autoencoder,product_mix_change,1.3339870855737257
obs_808754a4352cc44b,Autoencoder,total_quantity_rolling_std,0.8676570654796758
obs_808754a4352cc44b,Autoencoder,total_sales_rolling_std,0.8144005400277148
obs_2bbb13bb654b6577,Autoencoder,total_quantity_rolling_std,0.8620656002886701
obs_2bbb13bb654b6577,Autoencoder,total_sales_rolling_std,0.5825788328617733
obs_2bbb13bb654b6577,Autoencoder,product_breadth_change,0.4813513447325462
obs_9528b1b7591d286b,Autoencoder,product_mix_change,2.882161653594392
obs_9528b1b7591d286b,Autoencoder,latitude_dispersion,1.4607786465899264
obs_9528b1b7591d286b,Autoencoder,total_quantity_rolling_std,1.4121862531473635
obs_658998285580395d,Autoencoder,total_quantity_rolling_std,0.9596619727941621
obs_658998285580395d,Autoencoder,total_quantity_rolling_MAD,0.8326195302495787
obs_658998285580395d,Autoencoder,total_sales_rolling_std,0.7813840784955018
obs_1aed0db99720d44c,Autoencoder,distributor_concentration,1.0780778572530314
obs_1aed0db99720d44c,Autoencoder,distinct_customers_lag_6,0.9602320090288625
obs_1aed0db99720d44c,Autoencoder,total_sales_rolling_std,0.796022348874053
obs_066c669e310f70ce,Autoencoder,latitude_dispersion,1.5822548602610045
obs_066c669e310f70ce,Autoencoder,simulated_actual_payout_lag_12,1.0984710818536403
obs_066c669e310f70ce,Autoencoder,total_quantity_rolling_std,0.9391437266174383
obs_ad8d98ce7635d999,Autoencoder,product_mix_change,1.551757019824353
obs_ad8d98ce7635d999,Autoencoder,latitude_dispersion,0.9549550603252286
obs_ad8d98ce7635d999,Autoencoder,simulated_actual_payout_rolling_mean_3,0.7631261911891218
obs_79ff0f0f028b602b,Autoencoder,total_sales_peer_median,1.5393091303170534
obs_79ff0f0f028b602b,Autoencoder,simulated_actual_payout_lag_12,1.1043005647548778
obs_79ff0f0f028b602b,Autoencoder,product_mix_change,1.031082889002301
obs_26922596f0214a38,Autoencoder,distinct_customers_rolling_std,0.9520167567068052
obs_26922596f0214a38,Autoencoder,total_quantity_product_class_relative,0.9406505159384928
obs_26922596f0214a38,Autoencoder,total_quantity_rolling_std,0.8120682160896144
obs_1b9b1154434e719c,Autoencoder,product_concentration,2.4379772730784772
obs_1b9b1154434e719c,Autoencoder,channel_mix,2.1890385688775553
obs_1b9b1154434e719c,Autoencoder,total_sales_rolling_median,1.9299427014764239
obs_7bfecb6bb5bca86d,Autoencoder,customer_loss_rate,2.9811393239366715
obs_7bfecb6bb5bca86d,Autoencoder,distinct_customers_rolling_MAD,2.3737234340365228
obs_7bfecb6bb5bca86d,Autoencoder,new_customers,1.3573496024887741
obs_49466129e0f7227a,Autoencoder,total_quantity_product_class_relative,4.157006210140829
obs_49466129e0f7227a,Autoencoder,total_quantity_peer_country_product_class_relative,3.6481577125968307
obs_49466129e0f7227a,Autoencoder,distinct_customers_rolling_MAD,2.466491645681015
obs_5915c3e57d080a01,Autoencoder,total_quantity_trend,3.228417927164079
obs_5915c3e57d080a01,Autoencoder,total_quantity_rolling_std,2.5212173053880345
obs_5915c3e57d080a01,Autoencoder,total_quantity_lag_1,2.1053473489843104
obs_2366d4e13ed79fdb,Autoencoder,latitude_dispersion,6.513318547000317
obs_2366d4e13ed79fdb,Autoencoder,total_quantity_lag_2,3.820351362049618
obs_2366d4e13ed79fdb,Autoencoder,distributor_count,3.0545105044470375
obs_b6ee1a3db0d15b8b,Autoencoder,new_customers,4.756313609016872
obs_b6ee1a3db0d15b8b,Autoencoder,distinct_customers_rolling_MAD,3.3457442317374384
obs_b6ee1a3db0d15b8b,Autoencoder,total_quantity_lag_3,2.9444534002506586
obs_1bdef114730fee3c,Autoencoder,distinct_customers_rolling_MAD,4.492163301575096
obs_1bdef114730fee3c,Autoencoder,new_customers,4.119214278132074
obs_1bdef114730fee3c,Autoencoder,distributor_mix_change,3.0172012549117753
obs_d60c7a5318db3cb4,Autoencoder,new_customers,3.9903013176775137
obs_d60c7a5318db3cb4,Autoencoder,distinct_customers_rolling_MAD,3.515909761918573
obs_d60c7a5318db3cb4,Autoencoder,total_quantity_rolling_std,2.592342808685742
obs_83a3dbcc9d2b1e1f,Autoencoder,distributor_concentration,0.7131827403808664
obs_83a3dbcc9d2b1e1f,Autoencoder,average_price,0.6921981834808749
obs_83a3dbcc9d2b1e1f,Autoencoder,subchannel_mix,0.5865422554648558
obs_284866c1d356813f,Autoencoder,simulated_actual_payout_peer_median,0.8155570639812193
obs_284866c1d356813f,Autoencoder,average_price,0.4555595969446094
obs_284866c1d356813f,Autoencoder,channel_mix,0.35780251444634653
obs_4c60fee6172513bd,Autoencoder,latitude_dispersion,1.867782486727392
obs_4c60fee6172513bd,Autoencoder,median_price,0.9104692573118371
obs_4c60fee6172513bd,Autoencoder,product_breadth_change,0.880709501309315
obs_b4e21c7da57a318a,Autoencoder,total_quantity_history_deviation,1.588820932156044
obs_b4e21c7da57a318a,Autoencoder,total_quantity_rolling_MAD,1.2468326548163804
obs_b4e21c7da57a318a,Autoencoder,distinct_customers_rolling_MAD,1.2225549765869983
obs_4d046d4141612b3e,Autoencoder,product_breadth_change,0.6178669500876154
obs_4d046d4141612b3e,Autoencoder,total_sales_rolling_MAD,0.35466142255938676
obs_4d046d4141612b3e,Autoencoder,simulated_actual_payout_peer_median,0.35228606641355314
obs_d4b46760f75a5536,Autoencoder,latitude_dispersion,1.5692300394291026
obs_d4b46760f75a5536,Autoencoder,distinct_customers_rolling_MAD,1.3011659667123416
obs_d4b46760f75a5536,Autoencoder,simulated_actual_payout_rolling_std,0.8170740839271352
obs_7af91d45ed60d5e7,Autoencoder,subchannel_mix,1.8361306188307276
obs_7af91d45ed60d5e7,Autoencoder,distinct_customers_rolling_MAD,0.8285906500486832
obs_7af91d45ed60d5e7,Autoencoder,product_mix_change,0.5335527209904583
obs_69709a51329859d7,Autoencoder,distributor_concentration,2.8613487462257785
obs_69709a51329859d7,Autoencoder,total_quantity_lag_3,0.5964288995414998
obs_69709a51329859d7,Autoencoder,simulated_actual_payout_trend,0.5591978620848
obs_71096dd1ba3c00b2,Autoencoder,simulated_actual_payout_rolling_std,1.2252447911411932
obs_71096dd1ba3c00b2,Autoencoder,total_quantity_lag_6,0.9447578169488072
obs_71096dd1ba3c00b2,Autoencoder,total_quantity_rolling_MAD,0.9212481517589339
obs_077ec24744447e1d,Autoencoder,channel_mix,5.277438284556598
obs_077ec24744447e1d,Autoencoder,total_sales_rolling_std,2.4510948156028296
obs_077ec24744447e1d,Autoencoder,total_quantity_rolling_MAD,1.9039087043070455
obs_f93a975377221a1e,Autoencoder,total_quantity_rolling_MAD,2.398501961002199
obs_f93a975377221a1e,Autoencoder,total_sales_rolling_std,1.8228657808935955
obs_f93a975377221a1e,Autoencoder,product_breadth_change,1.586049854790781
obs_d5e716c382707284,Autoencoder,total_quantity_rolling_MAD,4.352643356044398
obs_d5e716c382707284,Autoencoder,total_sales_rolling_std,2.9561585257473735
obs_d5e716c382707284,Autoencoder,total_quantity_rolling_std,1.9760205907827602
obs_5958156a8fb4b18c,Autoencoder,total_sales_rolling_std,2.2725341364128573
obs_5958156a8fb4b18c,Autoencoder,total_quantity_rolling_std,1.9587192599029115
obs_5958156a8fb4b18c,Autoencoder,distinct_customers_lag_6,0.8377592061122998
obs_99813cbb5982238f,Autoencoder,total_quantity_history_deviation,1.1571251529505782
obs_99813cbb5982238f,Autoencoder,distinct_customers_lag_2,0.8494861857094717
obs_99813cbb5982238f,Autoencoder,distinct_customers_acceleration,0.8153743646153618
obs_a36d92b0139c7f39,Autoencoder,channel_mix,1.1976828392954084
obs_a36d92b0139c7f39,Autoencoder,distinct_customers_acceleration,1.0320292704344922
obs_a36d92b0139c7f39,Autoencoder,product_mix_change,0.9748201562449565
obs_ad122f99baf2aaa7,Autoencoder,distributor_mix_change,0.6811208918618347
obs_ad122f99baf2aaa7,Autoencoder,total_quantity_lag_2,0.46731371039230396
obs_ad122f99baf2aaa7,Autoencoder,total_quantity_rolling_MAD,0.384473467287624
obs_ff653c25b99d8e76,Autoencoder,customer_loss_rate,1.5841565169173877
obs_ff653c25b99d8e76,Autoencoder,new_customers,1.5330680564488626
obs_ff653c25b99d8e76,Autoencoder,distributor_mix_change,1.1428462171488873
obs_3485a99c96e2d20f,Autoencoder,customer_loss_rate,0.6458568240437514
obs_3485a99c96e2d20f,Autoencoder,total_quantity_year_over_year_growth,0.6021306291883486
obs_3485a99c96e2d20f,Autoencoder,distinct_customers_rolling_MAD,0.6008032745623143
obs_3717f0183f9d9999,Autoencoder,total_sales_lag_12,2.5306472651430996
obs_3717f0183f9d9999,Autoencoder,simulated_actual_payout_lag_12,1.9246770087527003
obs_3717f0183f9d9999,Autoencoder,total_quantity_lag_12,1.8718180929667128
obs_ab2134c11b5ff949,Autoencoder,country_mix,0.7900791786767781
obs_ab2134c11b5ff949,Autoencoder,total_quantity_peer_median,0.7567228911303312
obs_ab2134c11b5ff949,Autoencoder,distinct_customers_rolling_MAD,0.6699475017487299
obs_c871abafd365e3d3,Autoencoder,new_customers,3.610247032708938
obs_c871abafd365e3d3,Autoencoder,channel_mix,0.697201112671378
obs_c871abafd365e3d3,Autoencoder,median_price,0.6090575015138476
obs_01a72951313acd7d,Autoencoder,new_customers,2.6565882563077734
obs_01a72951313acd7d,Autoencoder,distributor_mix_change,1.3698264412493093
obs_01a72951313acd7d,Autoencoder,simulated_actual_payout_trend,0.976913097720963
obs_c1303e3983fb074f,Autoencoder,new_customers,2.0943030734264734
obs_c1303e3983fb074f,Autoencoder,distributor_concentration,1.1999795945452327
obs_c1303e3983fb074f,Autoencoder,distinct_customers_peer_country_product_class_relative,0.839766905536869
obs_a49df09ba3837ebc,Autoencoder,total_sales_lag_12,1.6708832224596204
obs_a49df09ba3837ebc,Autoencoder,new_customers,1.4304702037981656
obs_a49df09ba3837ebc,Autoencoder,simulated_actual_payout_lag_12,1.3597543060319217
obs_00826b1cafdb233e,Autoencoder,channel_mix,3.928746987700846
obs_00826b1cafdb233e,Autoencoder,product_mix_change,3.267558610202124
obs_00826b1cafdb233e,Autoencoder,distributor_count,1.7393517977843074
obs_45712c66dd35cc62,Autoencoder,simulated_actual_payout_year_over_year_growth,3.815475095443062
obs_45712c66dd35cc62,Autoencoder,new_customers,3.8129085093626607
obs_45712c66dd35cc62,Autoencoder,channel_mix,3.561558817997441
obs_5cc9f52a7b53c7f7,Autoencoder,new_customers,7.364429373617691
obs_5cc9f52a7b53c7f7,Autoencoder,product_breadth_change,2.621273851970238
obs_5cc9f52a7b53c7f7,Autoencoder,distinct_customers_rolling_std,2.383338099527547
obs_f54cc5c841a39019,Autoencoder,new_customers,8.178133226845045
obs_f54cc5c841a39019,Autoencoder,simulated_actual_payout_peer_median,4.114590919938646
obs_f54cc5c841a39019,Autoencoder,simulated_actual_payout_rolling_median,4.074342869238106
obs_86de6fa51ea2cdb7,Autoencoder,latitude_dispersion,1.4279480838199377
obs_86de6fa51ea2cdb7,Autoencoder,total_quantity_peer_z,0.41604565118383413
obs_86de6fa51ea2cdb7,Autoencoder,channel_mix,0.31950494815218583
obs_f891ddf0e9ea98fb,Autoencoder,latitude_dispersion,2.3156879498341603
obs_f891ddf0e9ea98fb,Autoencoder,channel_mix,1.2092188172627014
obs_f891ddf0e9ea98fb,Autoencoder,product_concentration,0.6536107837323271
obs_031b0a10125fdc81,Autoencoder,distributor_mix_change,0.7012855386766756
obs_031b0a10125fdc81,Autoencoder,latitude_dispersion,0.4711878678839465
obs_031b0a10125fdc81,Autoencoder,total_quantity_peer_z,0.3511856963296512
obs_28cdb8fa4057829f,Autoencoder,total_sales_rolling_MAD,4.487730657882134
obs_28cdb8fa4057829f,Autoencoder,latitude_dispersion,1.1621200629852497
obs_28cdb8fa4057829f,Autoencoder,simulated_actual_payout_rolling_MAD,0.8765984149324423
obs_e76e46472b64c2eb,Autoencoder,latitude_dispersion,5.733539116740798
obs_e76e46472b64c2eb,Autoencoder,distributor_concentration,2.85547550121379
obs_e76e46472b64c2eb,Autoencoder,distributor_mix_change,1.0158435715898766
obs_1e7f3be29afc0068,Autoencoder,simulated_actual_payout_rolling_std,1.7974669622571309
obs_1e7f3be29afc0068,Autoencoder,customer_loss_rate,1.1137618167479852
obs_1e7f3be29afc0068,Autoencoder,simulated_actual_payout_rolling_mean_6,0.9921117237393762
obs_5d90def18f4be306,Autoencoder,channel_mix,1.5774851577712516
obs_5d90def18f4be306,Autoencoder,distributor_concentration,0.6503130505460176
obs_5d90def18f4be306,Autoencoder,representative_rank,0.3545977564162701
obs_24baad46a6effc15,Autoencoder,distributor_mix_change,7.555490532872452
obs_24baad46a6effc15,Autoencoder,simulated_actual_payout_peer_z,0.9360792680554892
obs_24baad46a6effc15,Autoencoder,latitude_dispersion,0.7535714989472517
obs_afb562c6cf829b8e,Autoencoder,latitude_dispersion,1.4473678961360703
obs_afb562c6cf829b8e,Autoencoder,distributor_count,0.5318765333035973
obs_afb562c6cf829b8e,Autoencoder,distributor_concentration,0.47589232332448933
obs_32287083ec91525a,Autoencoder,channel_mix,2.1468425670982403
obs_32287083ec91525a,Autoencoder,simulated_actual_payout_peer_median,1.012199733676703
obs_32287083ec91525a,Autoencoder,latitude_dispersion,0.7299877517113667
obs_75b8efd714ff5dbf,Autoencoder,latitude_dispersion,1.1876848008860845
obs_75b8efd714ff5dbf,Autoencoder,customer_loss_rate,0.8867384451224694
obs_75b8efd714ff5dbf,Autoencoder,product_class_share,0.8569963074667035
obs_b92e5452a5769eea,Autoencoder,simulated_actual_payout_rolling_median,1.7765808556392706
obs_b92e5452a5769eea,Autoencoder,simulated_actual_payout_history_deviation,1.3409621766660544
obs_b92e5452a5769eea,Autoencoder,distributor_mix_change,0.9901171743003985
obs_b81ec307ab3cc515,Autoencoder,customer_loss_rate,1.2008212213211527
obs_b81ec307ab3cc515,Autoencoder,product_mix_change,1.1096085714549238
obs_b81ec307ab3cc515,Autoencoder,simulated_actual_payout_lag_12,1.083121995068674
obs_a62aebddce9add5a,Autoencoder,total_quantity_lag_12,0.808555133584632
obs_a62aebddce9add5a,Autoencoder,product_mix_change,0.665197419994769
obs_a62aebddce9add5a,Autoencoder,total_sales_lag_12,0.6611951687613484
obs_f23b0bb1d31b70fd,Autoencoder,distinct_customers_lag_2,0.9894423172562717
obs_f23b0bb1d31b70fd,Autoencoder,simulated_actual_payout_year_over_year_growth,0.9064961830268684
obs_f23b0bb1d31b70fd,Autoencoder,distinct_customers_acceleration,0.7621456545408701
obs_5efa7953fb538f31,Autoencoder,latitude_dispersion,0.8258748494208654
obs_5efa7953fb538f31,Autoencoder,total_quantity_lag_6,0.4254154751638007
obs_5efa7953fb538f31,Autoencoder,total_quantity_rolling_std,0.38545020511734374
obs_192c9765c2546b02,Autoencoder,customer_loss_rate,1.4333560490835382
obs_192c9765c2546b02,Autoencoder,total_quantity_lag_12,0.7996727800806724
obs_192c9765c2546b02,Autoencoder,simulated_actual_payout_lag_12,0.7508521295777565
obs_242ae224edbbae07,Autoencoder,distinct_customers_rolling_MAD,1.5262090901064547
obs_242ae224edbbae07,Autoencoder,customer_loss_rate,1.4209118305936204
obs_242ae224edbbae07,Autoencoder,distributor_mix_change,1.0994405939216725
obs_58f4d3993b5b45bd,Autoencoder,distinct_customers_rolling_MAD,1.4947998783993115
obs_58f4d3993b5b45bd,Autoencoder,customer_loss_rate,1.2520802596831324
obs_58f4d3993b5b45bd,Autoencoder,new_customers,0.7303349814448385
obs_4b3970619f911fd6,Autoencoder,total_sales_lag_12,1.5339312456322916
obs_4b3970619f911fd6,Autoencoder,distinct_customers_rolling_MAD,1.4412995324621434
obs_4b3970619f911fd6,Autoencoder,country_mix,1.4204062989361772
obs_eec6f2c7fad38d76,Autoencoder,new_customers,3.123430166585785
obs_eec6f2c7fad38d76,Autoencoder,simulated_actual_payout_year_over_year_growth,1.7405583455367808
obs_eec6f2c7fad38d76,Autoencoder,simulated_actual_payout_lag_12,1.3670313420700086
obs_0e905af3b93b5145,Autoencoder,distributor_mix_change,3.761132926617584
obs_0e905af3b93b5145,Autoencoder,channel_mix,2.5173181651080556
obs_0e905af3b93b5145,Autoencoder,simulated_actual_payout_year_over_year_growth,2.2883110345230615
obs_052a52cabcac1091,Autoencoder,new_customers,1.4689561735571601
obs_052a52cabcac1091,Autoencoder,total_quantity_rolling_median,1.4155649066331208
obs_052a52cabcac1091,Autoencoder,distinct_customers_lag_6,1.2968191441999992
obs_e722fff5f7b3ad81,Autoencoder,total_sales_peer_percentile,1.8999925415973764
obs_e722fff5f7b3ad81,Autoencoder,representative_rank,1.6670701751127117
obs_e722fff5f7b3ad81,Autoencoder,total_quantity_year_over_year_growth,1.6653336979586582
obs_80915f1f5725ff14,Autoencoder,distributor_mix_change,1.290921480496489
obs_80915f1f5725ff14,Autoencoder,total_quantity_rolling_MAD,1.040302259458796
obs_80915f1f5725ff14,Autoencoder,distinct_customers_year_over_year_growth,0.9031174552073568
obs_4d21f10b7b1d31e2,Autoencoder,simulated_actual_payout_peer_median,5.391372536016392
obs_4d21f10b7b1d31e2,Autoencoder,distributor_count,1.616832773324423
obs_4d21f10b7b1d31e2,Autoencoder,distinct_products,1.3610717781876445
obs_d9117c8cd8db883f,Autoencoder,simulated_actual_payout_peer_median,5.370241183867272
obs_d9117c8cd8db883f,Autoencoder,distinct_customers_rolling_MAD,4.444653916609415
obs_d9117c8cd8db883f,Autoencoder,distributor_count,4.114882403350512
obs_a414c34d53169a46,Autoencoder,new_customers,4.823748617867358
obs_a414c34d53169a46,Autoencoder,distinct_customers_rolling_std,2.4794355950064406
obs_a414c34d53169a46,Autoencoder,distinct_customers_lag_6,2.1313020788375776
obs_7333e38741215bcb,Autoencoder,latitude_dispersion,0.738003157530397
obs_7333e38741215bcb,Autoencoder,subchannel_mix,0.6559720267601032
obs_7333e38741215bcb,Autoencoder,total_quantity_peer_z,0.22840214551253188
obs_d2bb63224e190063,Autoencoder,simulated_actual_payout_peer_z,1.0577425243891116
obs_d2bb63224e190063,Autoencoder,simulated_actual_payout_peer_median,1.043418873782414
obs_d2bb63224e190063,Autoencoder,distinct_customers_team_relative,0.578837713624224
obs_c166cfa6a58be327,Autoencoder,subchannel_mix,3.9506133243040624
obs_c166cfa6a58be327,Autoencoder,distributor_mix_change,1.3071433891304114
obs_c166cfa6a58be327,Autoencoder,distinct_customers_rolling_std,1.1734521632115409
obs_272ed8093b4c5d13,Autoencoder,simulated_actual_payout_rolling_MAD,0.9140373301904468
obs_272ed8093b4c5d13,Autoencoder,latitude_dispersion,0.7082136633989553
obs_272ed8093b4c5d13,Autoencoder,product_mix_change,0.6349336194095556
obs_5de06f88b51a2ab3,Autoencoder,product_class_share,1.1109528407465805
obs_5de06f88b51a2ab3,Autoencoder,simulated_actual_payout_rolling_std,1.0959013437801275
obs_5de06f88b51a2ab3,Autoencoder,channel_mix,0.7470269618169126
obs_0bfd9913cb478b4c,Autoencoder,simulated_actual_payout_rolling_std,1.5546655275645351
obs_0bfd9913cb478b4c,Autoencoder,subchannel_mix,1.392557087887899
obs_0bfd9913cb478b4c,Autoencoder,distinct_customers_rolling_MAD,1.116111928901842
obs_62e5c72221b343c4,Autoencoder,channel_mix,0.4671073167179597
obs_62e5c72221b343c4,Autoencoder,simulated_actual_payout_acceleration,0.4290226496259286
obs_62e5c72221b343c4,Autoencoder,distributor_mix_change,0.4217299287376162
obs_4516c561e963f6c0,Autoencoder,simulated_actual_payout_rolling_MAD,0.7497591909156283
obs_4516c561e963f6c0,Autoencoder,total_sales_peer_z,0.5529794550821071
obs_4516c561e963f6c0,Autoencoder,distributor_mix_change,0.5233356861451491
obs_4d20be4ada41bef6,Autoencoder,product_mix_change,1.6885916547329074
obs_4d20be4ada41bef6,Autoencoder,total_sales_peer_percentile,0.5183427321189235
obs_4d20be4ada41bef6,Autoencoder,average_price,0.39455685566986765
obs_1130753106cf2c76,Autoencoder,distinct_customers_lag_6,0.6427020727597943
obs_1130753106cf2c76,Autoencoder,simulated_actual_payout_rolling_std,0.62484738461173
obs_1130753106cf2c76,Autoencoder,distinct_customers_rolling_MAD,0.48882065954608667
obs_361217757d53024d,Autoencoder,latitude_dispersion,1.0301196812071138
obs_361217757d53024d,Autoencoder,total_sales_rolling_MAD,1.0258779457157794
obs_361217757d53024d,Autoencoder,simulated_actual_payout_rolling_MAD,0.7440462206176003
obs_b79dfaced0fc80bd,Autoencoder,distributor_mix_change,1.184250168313221
obs_b79dfaced0fc80bd,Autoencoder,distributor_count,0.9367668974304844
obs_b79dfaced0fc80bd,Autoencoder,product_breadth_change,0.7448178847176854
obs_00ab52f275e8561b,Autoencoder,distinct_customers_rolling_MAD,1.687867530353782
obs_00ab52f275e8561b,Autoencoder,total_sales_rolling_MAD,0.9896878620794768
obs_00ab52f275e8561b,Autoencoder,distinct_customers_team_relative,0.8882062758601288
obs_7c809c13225d7e4a,Autoencoder,distinct_customers_rolling_MAD,2.6328188958641263
obs_7c809c13225d7e4a,Autoencoder,total_quantity_rolling_MAD,0.7803278964684397
obs_7c809c13225d7e4a,Autoencoder,distinct_customers_history_deviation,0.6459793605173048
obs_0bc036bec65e6788,Autoencoder,distinct_customers_lag_2,1.594443011096357
obs_0bc036bec65e6788,Autoencoder,total_quantity_rolling_MAD,1.1094440383851738
obs_0bc036bec65e6788,Autoencoder,distinct_customers_acceleration,0.832407323524343
obs_4ec4edbed5d2f0ec,Autoencoder,distributor_mix_change,0.57004158315529
obs_4ec4edbed5d2f0ec,Autoencoder,total_sales_lag_6,0.4962434172264946
obs_4ec4edbed5d2f0ec,Autoencoder,simulated_actual_payout_lag_3,0.37665335058723776
obs_362839ad7ca89b45,Autoencoder,distributor_mix_change,1.112331725789818
obs_362839ad7ca89b45,Autoencoder,customer_loss_rate,0.3794274358448046
obs_362839ad7ca89b45,Autoencoder,total_sales_rolling_std,0.34056520674164786
obs_5101c6b74efbdfcd,Autoencoder,simulated_actual_payout_peer_percentile,0.5347117676620425
obs_5101c6b74efbdfcd,Autoencoder,simulated_actual_payout_peer_z,0.41971670359190677
obs_5101c6b74efbdfcd,Autoencoder,customer_loss_rate,0.41816851393514304
obs_3b553f832b1c8c18,Autoencoder,new_customers,0.9777780724405011
obs_3b553f832b1c8c18,Autoencoder,simulated_actual_payout_peer_median,0.8599025665073634
obs_3b553f832b1c8c18,Autoencoder,distinct_customers_lag_6,0.7875244818053959
obs_2deb4f556c2b4161,Autoencoder,new_customers,1.1787630173181667
obs_2deb4f556c2b4161,Autoencoder,distinct_customers_rolling_MAD,1.0151172550485452
obs_2deb4f556c2b4161,Autoencoder,distinct_customers_rolling_std,0.9192445151843652
obs_99a75cbb4009c142,Autoencoder,new_customers,1.959721573979513
obs_99a75cbb4009c142,Autoencoder,simulated_actual_payout_year_over_year_growth,0.9721671479275287
obs_99a75cbb4009c142,Autoencoder,subchannel_mix,0.7234738033078215
obs_9e78d27f6225ce5a,Autoencoder,new_customers,8.075580200646826
obs_9e78d27f6225ce5a,Autoencoder,simulated_actual_payout_peer_median,1.7102510164729312
obs_9e78d27f6225ce5a,Autoencoder,simulated_actual_payout_year_over_year_growth,1.0704086384577027
obs_4676c55d8a7efb87,Autoencoder,new_customers,4.0158931452758475
obs_4676c55d8a7efb87,Autoencoder,channel_mix,3.5078024534284244
obs_4676c55d8a7efb87,Autoencoder,total_sales_lag_12,1.7201566539814888
obs_28a00261025228a0,Autoencoder,new_customers,5.874367813752915
obs_28a00261025228a0,Autoencoder,distributor_count,1.5646795890532919
obs_28a00261025228a0,Autoencoder,subchannel_mix,0.8776734458926052
obs_b7354cf6fdcb20cb,Autoencoder,distributor_count,4.7792506232760195
obs_b7354cf6fdcb20cb,Autoencoder,latitude_dispersion,4.171406146878624
obs_b7354cf6fdcb20cb,Autoencoder,new_customers,2.555765060883037
obs_2a64fbe2d47aa63e,Autoencoder,new_customers,16.19510433275519
obs_2a64fbe2d47aa63e,Autoencoder,distinct_customers_rolling_MAD,3.0056083060968244
obs_2a64fbe2d47aa63e,Autoencoder,simulated_actual_payout_peer_median,2.948626031779683
obs_98eb32fd0eeef011,Autoencoder,new_customers,17.73312511230505
obs_98eb32fd0eeef011,Autoencoder,distinct_customers_rolling_MAD,6.135840515140241
obs_98eb32fd0eeef011,Autoencoder,distinct_customers_rolling_std,3.0815139001317937
obs_6429b60561dd55f7,Autoencoder,new_customers,7.198165484704881
obs_6429b60561dd55f7,Autoencoder,distinct_customers_rolling_MAD,4.49151228745571
obs_6429b60561dd55f7,Autoencoder,distinct_customers_rolling_std,4.380756831618639
obs_278adef27dea2ab1,Autoencoder,total_quantity_peer_median,0.5345131086106362
obs_278adef27dea2ab1,Autoencoder,dominant_product_share,0.5328352953330991
obs_278adef27dea2ab1,Autoencoder,latitude_dispersion,0.4032063960370806
obs_47f9f55ccb122c3a,Autoencoder,latitude_dispersion,0.8778741057820266
obs_47f9f55ccb122c3a,Autoencoder,distinct_customers_rolling_mean_6,0.6193451121380485
obs_47f9f55ccb122c3a,Autoencoder,customer_loss_rate,0.4534156454833857
obs_2fe2076e769a0e04,Autoencoder,total_sales_rolling_std,1.256358616753194
obs_2fe2076e769a0e04,Autoencoder,total_quantity_rolling_std,1.2047497042623858
obs_2fe2076e769a0e04,Autoencoder,distributor_mix_change,0.778770347901598
obs_f8fe87ad51c60d69,Autoencoder,latitude_dispersion,2.314089727099301
obs_f8fe87ad51c60d69,Autoencoder,simulated_actual_payout_peer_z,1.9102523632047512
obs_f8fe87ad51c60d69,Autoencoder,total_quantity_history_deviation,0.8812870012766434
obs_0e1b58afca253ca9,Autoencoder,product_mix_change,2.021117770197339
obs_0e1b58afca253ca9,Autoencoder,distinct_customers_rolling_MAD,1.1570215122598568
obs_0e1b58afca253ca9,Autoencoder,total_sales_peer_z,0.5254959064201427
obs_cd6ce9e3328af4f0,Autoencoder,latitude_dispersion,0.6880621098342552
obs_cd6ce9e3328af4f0,Autoencoder,simulated_payout_to_sales_ratio,0.4136456569651247
obs_cd6ce9e3328af4f0,Autoencoder,simulated_actual_payout_history_deviation,0.2657933359933238
obs_dd4c560e45d219cb,Autoencoder,latitude_dispersion,2.6541533246365288
obs_dd4c560e45d219cb,Autoencoder,subchannel_mix,0.41544230464007886
obs_dd4c560e45d219cb,Autoencoder,simulated_actual_payout_trend,0.38357577744598675
obs_0bf451f599dcc51c,Autoencoder,latitude_dispersion,0.8089715542966125
obs_0bf451f599dcc51c,Autoencoder,total_quantity_rolling_MAD,0.7811163802966948
obs_0bf451f599dcc51c,Autoencoder,distinct_customers_rolling_std,0.6153774469224939
obs_561550360f8465a1,Autoencoder,product_breadth_change,1.5645602722978824
obs_561550360f8465a1,Autoencoder,total_quantity_rolling_MAD,1.5139238466425167
obs_561550360f8465a1,Autoencoder,product_mix_change,0.8892216842927221
obs_37425032394b7dd2,Autoencoder,distributor_mix_change,0.5726246402682094
obs_37425032394b7dd2,Autoencoder,simulated_actual_payout_rolling_std,0.5341547077395054
obs_37425032394b7dd2,Autoencoder,distinct_customers_rolling_std,0.4980274789774884
obs_f85b941c64ff71ed,Autoencoder,distributor_mix_change,0.7963341203239915
obs_f85b941c64ff71ed,Autoencoder,latitude_dispersion,0.6919084663499233
obs_f85b941c64ff71ed,Autoencoder,total_quantity_lag_6,0.5630854523105744
obs_4cdace3f20c85067,Autoencoder,simulated_actual_payout_rolling_std,0.5066449792759955
obs_4cdace3f20c85067,Autoencoder,simulated_actual_payout_peer_percentile,0.46739462148321514
obs_4cdace3f20c85067,Autoencoder,average_price,0.4536145842553748
obs_a9a546a4d53fc50c,Autoencoder,product_mix_change,1.7885919794287168
obs_a9a546a4d53fc50c,Autoencoder,latitude_dispersion,1.0272032917205478
obs_a9a546a4d53fc50c,Autoencoder,customer_loss_rate,0.9859376509226445
obs_e68fc7896a5e47df,Autoencoder,simulated_actual_payout_history_deviation,0.5268447647956891
obs_e68fc7896a5e47df,Autoencoder,simulated_actual_payout_lag_1,0.43212623058743715
obs_e68fc7896a5e47df,Autoencoder,total_quantity_lag_2,0.4297888884527572
obs_7c7df77b19c761b1,Autoencoder,simulated_actual_payout_lag_2,1.0423109146746692
obs_7c7df77b19c761b1,Autoencoder,total_quantity_trend,0.7142211429763881
obs_7c7df77b19c761b1,Autoencoder,distributor_mix_change,0.48197703997942903
obs_0f8d4e41db9e0aa4,Autoencoder,distributor_concentration,1.0526774600481086
obs_0f8d4e41db9e0aa4,Autoencoder,country_mix,0.4980503196652125
obs_0f8d4e41db9e0aa4,Autoencoder,simulated_actual_payout_lag_12,0.418059871004812
obs_5ad5d19172c357a7,Autoencoder,distributor_concentration,1.0304334828241453
obs_5ad5d19172c357a7,Autoencoder,simulated_actual_payout_peer_percentile,0.9353897216354045
obs_5ad5d19172c357a7,Autoencoder,total_quantity_lag_12,0.7244033784601379
obs_907d282003c9c3a0,Autoencoder,distributor_mix_change,0.8215982408396233
obs_907d282003c9c3a0,Autoencoder,total_quantity_history_deviation,0.739421280215445
obs_907d282003c9c3a0,Autoencoder,total_sales_peer_z,0.548519151364379
obs_bb8178536d0155f7,Autoencoder,new_customers,1.0144062632176927
obs_bb8178536d0155f7,Autoencoder,distinct_customers_rolling_MAD,0.8296897452410906
obs_bb8178536d0155f7,Autoencoder,latitude_dispersion,0.7774429211884717
obs_767b15ff7e3610f9,Autoencoder,simulated_actual_payout_peer_median,1.3841014103888318
obs_767b15ff7e3610f9,Autoencoder,distinct_customers_lag_6,0.6945990775521088
obs_767b15ff7e3610f9,Autoencoder,total_quantity_rolling_std,0.6620034803275572
obs_26caa4d4b13383df,Autoencoder,new_customers,3.1366619371115823
obs_26caa4d4b13383df,Autoencoder,total_quantity_acceleration,1.7480509539134357
obs_26caa4d4b13383df,Autoencoder,total_quantity_month_over_month_growth,1.5493877763354817
obs_32b0ee52e4974c09,Autoencoder,distributor_mix_change,1.8463302146139313
obs_32b0ee52e4974c09,Autoencoder,new_customers,1.6557202115601086
obs_32b0ee52e4974c09,Autoencoder,distributor_concentration,0.9564021202308395
obs_1f0e4884ec36bce7,Autoencoder,new_customers,3.808687439059953
obs_1f0e4884ec36bce7,Autoencoder,distributor_mix_change,1.864207031510069
obs_1f0e4884ec36bce7,Autoencoder,distributor_concentration,1.3262290579632994
obs_86f4e52429bb32d5,Autoencoder,new_customers,1.91010777474998
obs_86f4e52429bb32d5,Autoencoder,total_quantity_lag_12,1.7965330259180923
obs_86f4e52429bb32d5,Autoencoder,total_sales_lag_12,1.545490519024702
obs_a38e9669fc4913f4,Autoencoder,distributor_count,3.5858525833184216
obs_a38e9669fc4913f4,Autoencoder,channel_mix,2.8976502069889727
obs_a38e9669fc4913f4,Autoencoder,new_customers,1.602815228181976
obs_ea6b56f3e9c18bb2,Autoencoder,new_customers,20.173752054522517
obs_ea6b56f3e9c18bb2,Autoencoder,simulated_actual_payout_peer_median,5.91122731557021
obs_ea6b56f3e9c18bb2,Autoencoder,distinct_customers_lag_6,2.554336039951478
obs_f9d1029a6941a846,Autoencoder,new_customers,9.425778727732666
obs_f9d1029a6941a846,Autoencoder,distinct_customers_rolling_MAD,4.10439604701728
obs_f9d1029a6941a846,Autoencoder,distributor_count,2.938874862238582
obs_cd66821449168102,Autoencoder,distinct_customers_rolling_MAD,6.3201769922999445
obs_cd66821449168102,Autoencoder,new_customers,5.27652181245241
obs_cd66821449168102,Autoencoder,distinct_customers_rolling_std,3.4723421123084868
obs_77a99877de3c1484,Autoencoder,latitude_dispersion,1.75314508871852
obs_77a99877de3c1484,Autoencoder,distributor_count,0.8406643634838606
obs_77a99877de3c1484,Autoencoder,subchannel_mix,0.33216923124239756
obs_b99e185dbc13e970,Autoencoder,distributor_concentration,1.3151528521457634
obs_b99e185dbc13e970,Autoencoder,latitude_dispersion,0.5723564827371896
obs_b99e185dbc13e970,Autoencoder,total_quantity_month_over_month_growth,0.33561306755464326
obs_1ac5b7bdda595109,Autoencoder,latitude_dispersion,0.8258536247060337
obs_1ac5b7bdda595109,Autoencoder,total_quantity_rolling_std,0.5135986144577984
obs_1ac5b7bdda595109,Autoencoder,distinct_customers_rolling_std,0.30535629102289474
obs_4d3c5b907c744439,Autoencoder,latitude_dispersion,1.1047115084312027
obs_4d3c5b907c744439,Autoencoder,distinct_customers_rolling_MAD,0.843375359886908
obs_4d3c5b907c744439,Autoencoder,subchannel_mix,0.4688531996535778
obs_28af5876f0a448b4,Autoencoder,distributor_mix_change,0.8131296749629201
obs_28af5876f0a448b4,Autoencoder,product_class_share,0.6546556732981149
obs_28af5876f0a448b4,Autoencoder,total_quantity_peer_country_product_class_relative,0.5641917200926604
obs_8d5f4d007c254c68,Autoencoder,total_sales_acceleration,0.7848070593841909
obs_8d5f4d007c254c68,Autoencoder,total_quantity_acceleration,0.5951062268793169
obs_8d5f4d007c254c68,Autoencoder,distinct_customers_rolling_MAD,0.5070318125615472
obs_2979534ddb1ec7be,Autoencoder,total_sales_rolling_median,0.4516408888858461
obs_2979534ddb1ec7be,Autoencoder,total_quantity_rolling_MAD,0.31612412084433034
obs_2979534ddb1ec7be,Autoencoder,simulated_actual_payout_rolling_std,0.2836422416803104
obs_f30678984d366dd1,Autoencoder,latitude_dispersion,2.357084498886475
obs_f30678984d366dd1,Autoencoder,distributor_concentration,0.5022198743717478
obs_f30678984d366dd1,Autoencoder,total_quantity_lag_3,0.4324658704604057
obs_172f8a576131e5d5,Autoencoder,latitude_dispersion,1.2070032512975934
obs_172f8a576131e5d5,Autoencoder,product_breadth_change,0.4801747354086415
obs_172f8a576131e5d5,Autoencoder,total_sales_rolling_MAD,0.4159492760910676
obs_fb92fb95e352914b,Autoencoder,product_mix_change,0.795490519565995
obs_fb92fb95e352914b,Autoencoder,latitude_dispersion,0.5577919512370276
obs_fb92fb95e352914b,Autoencoder,total_sales_rolling_MAD,0.4192637168601764
obs_d06901f1df737f79,Autoencoder,total_quantity_lag_6,0.8394860317380677
obs_d06901f1df737f79,Autoencoder,total_sales_rolling_MAD,0.7958432909795801
obs_d06901f1df737f79,Autoencoder,total_sales_lag_6,0.6139139561566721
obs_7fb926aba0f08d33,Autoencoder,latitude_dispersion,1.91807917390096
obs_7fb926aba0f08d33,Autoencoder,total_quantity_team_relative,1.326386952568703
obs_7fb926aba0f08d33,Autoencoder,total_quantity_trend,0.9217730612614661
obs_a0eaec0824425112,Autoencoder,total_quantity_rolling_std,0.9753378136863158
obs_a0eaec0824425112,Autoencoder,channel_mix,0.9417779591287493
obs_a0eaec0824425112,Autoencoder,distributor_concentration,0.6790026140651606
obs_b6b752c377e35af7,Autoencoder,total_quantity_lag_12,0.8944464855412965
obs_b6b752c377e35af7,Autoencoder,total_sales_lag_12,0.7556783600375514
obs_b6b752c377e35af7,Autoencoder,total_quantity_rolling_std,0.6999585864331409
obs_f61f16c90004c6bb,Autoencoder,total_quantity_rolling_std,1.0932679150960083
obs_f61f16c90004c6bb,Autoencoder,distinct_customers_lag_2,1.0679641183484239
obs_f61f16c90004c6bb,Autoencoder,customer_loss_rate,0.6455578472568393
obs_8a6286557c28fd32,Autoencoder,total_sales_rolling_MAD,9.325848150475554
obs_8a6286557c28fd32,Autoencoder,total_quantity_rolling_std,3.965827710237415
obs_8a6286557c28fd32,Autoencoder,distributor_concentration,2.3046142647645613
obs_4757f6d9472fda96,Autoencoder,total_sales_rolling_MAD,6.784047184120417
obs_4757f6d9472fda96,Autoencoder,total_quantity_rolling_std,4.250442028437012
obs_4757f6d9472fda96,Autoencoder,total_sales_rolling_std,2.3979520809435755
obs_49c82dc0de060b8e,Autoencoder,total_quantity_rolling_std,3.016905217397199
obs_49c82dc0de060b8e,Autoencoder,total_sales_rolling_std,2.14637051274491
obs_49c82dc0de060b8e,Autoencoder,total_sales_rolling_MAD,1.669803561581796
obs_bd9ac0d063ee0847,Autoencoder,simulated_actual_payout_lag_12,1.4351312937124723
obs_bd9ac0d063ee0847,Autoencoder,distributor_mix_change,1.156815915331601
obs_bd9ac0d063ee0847,Autoencoder,distinct_customers_lag_6,0.8575665988871659
obs_44110b4bb25c937b,Autoencoder,distinct_customers_lag_6,1.5237917979808033
obs_44110b4bb25c937b,Autoencoder,new_customers,1.2717945287867163
obs_44110b4bb25c937b,Autoencoder,total_sales_rolling_MAD,0.9759743284751178
obs_a6bf95db374f44b4,Autoencoder,new_customers,7.324038013282861
obs_a6bf95db374f44b4,Autoencoder,channel_mix,3.5896820652177457
obs_a6bf95db374f44b4,Autoencoder,simulated_actual_payout_year_over_year_growth,1.3663690666411925
obs_fa7053de17982c41,Autoencoder,product_breadth_change,0.8821508165993946
obs_fa7053de17982c41,Autoencoder,new_customers,0.8327627113267604
obs_fa7053de17982c41,Autoencoder,subchannel_mix,0.8013244117034669
obs_5c38a7c18c2ddbb2,Autoencoder,new_customers,3.4356016661389837
obs_5c38a7c18c2ddbb2,Autoencoder,distributor_mix_change,1.281637759598323
obs_5c38a7c18c2ddbb2,Autoencoder,total_quantity_team_relative,0.779213961841256
obs_e5449791e7b4c89b,Autoencoder,total_quantity_lag_12,2.1270670701321173
obs_e5449791e7b4c89b,Autoencoder,new_customers,1.8794850410068478
obs_e5449791e7b4c89b,Autoencoder,total_sales_lag_12,1.684368562597204
obs_5be129f93c304a45,Autoencoder,total_quantity_peer_country_product_class_relative,3.081735062802938
obs_5be129f93c304a45,Autoencoder,distributor_count,3.0452358107997504
obs_5be129f93c304a45,Autoencoder,total_quantity_product_class_relative,2.9015047382880814
obs_8336a042f33369e2,Autoencoder,total_sales_rolling_MAD,3.706295030350805
obs_8336a042f33369e2,Autoencoder,new_customers,3.509769203489893
obs_8336a042f33369e2,Autoencoder,simulated_actual_payout_peer_median,3.375544125971555
obs_4ee1ce5944c5064a,Autoencoder,new_customers,5.775896141925188
obs_4ee1ce5944c5064a,Autoencoder,distinct_customers_rolling_MAD,5.748596379804343
obs_4ee1ce5944c5064a,Autoencoder,simulated_actual_payout_peer_median,2.841006903858195
obs_92fced08c02c0033,Autoencoder,distinct_customers_rolling_MAD,5.2839394021252115
obs_92fced08c02c0033,Autoencoder,new_customers,4.019991474457755
obs_92fced08c02c0033,Autoencoder,distinct_customers_rolling_std,3.4669502300541004
obs_b233f5b5eb920fbf,Autoencoder,channel_mix,0.9541399100533358
obs_b233f5b5eb920fbf,Autoencoder,total_quantity_team_relative,0.32157220695900307
obs_b233f5b5eb920fbf,Autoencoder,distributor_count,0.3105031011888139
obs_9bfbbc88e3dfbf62,Autoencoder,channel_mix,1.4795166625505216
obs_9bfbbc88e3dfbf62,Autoencoder,product_breadth_change,0.7640329464611555
obs_9bfbbc88e3dfbf62,Autoencoder,latitude_dispersion,0.7283424286898144
obs_99508b8a31a6044c,Autoencoder,product_breadth_change,0.9863203221898889
obs_99508b8a31a6044c,Autoencoder,latitude_dispersion,0.9336599263388968
obs_99508b8a31a6044c,Autoencoder,distinct_customers_rolling_std,0.7913343659530145
obs_7973615dff37ffd1,Autoencoder,latitude_dispersion,2.878410802311916
obs_7973615dff37ffd1,Autoencoder,distinct_customers_rolling_MAD,1.4150293325154344
obs_7973615dff37ffd1,Autoencoder,distributor_mix_change,1.1982616007673066
obs_4ba076ed610ee970,Autoencoder,total_quantity_rolling_MAD,1.4379961305328437
obs_4ba076ed610ee970,Autoencoder,simulated_actual_payout_rolling_std,0.5410662991045796
obs_4ba076ed610ee970,Autoencoder,product_class_share,0.3439985734949117
obs_c4a21a6fff5101f5,Autoencoder,subchannel_mix,1.2929737959205672
obs_c4a21a6fff5101f5,Autoencoder,total_quantity_rolling_MAD,0.6776729619442463
obs_c4a21a6fff5101f5,Autoencoder,distributor_concentration,0.6637762978201782
obs_8939e2a596e98823,Autoencoder,latitude_dispersion,5.734651455845986
obs_8939e2a596e98823,Autoencoder,customer_loss_rate,1.12164722586386
obs_8939e2a596e98823,Autoencoder,distinct_customers_lag_6,0.28834853981963765
obs_724f40891fd547bd,Autoencoder,channel_mix,1.0837168534417614
obs_724f40891fd547bd,Autoencoder,distinct_customers_history_deviation,0.44419786424990665
obs_724f40891fd547bd,Autoencoder,total_quantity_peer_percentile,0.3073561215310453
obs_c07aa415e6eb4f30,Autoencoder,latitude_dispersion,0.8986374902579197
obs_c07aa415e6eb4f30,Autoencoder,distinct_customers_rolling_MAD,0.6089908448572313
obs_c07aa415e6eb4f30,Autoencoder,product_breadth_change,0.3533427859115274
obs_df52d35a45f8bf68,Autoencoder,product_mix_change,0.9079640955756271
obs_df52d35a45f8bf68,Autoencoder,channel_mix,0.7072223155395604
obs_df52d35a45f8bf68,Autoencoder,customer_loss_rate,0.5777453981699503
obs_4126a2b775dedf7f,Autoencoder,distributor_count,1.6510493514087448
obs_4126a2b775dedf7f,Autoencoder,distributor_concentration,1.1567754192608517
obs_4126a2b775dedf7f,Autoencoder,product_mix_change,0.9212986391036385
obs_c151ba8ea4c9d3e9,Autoencoder,distinct_customers_rolling_MAD,1.5991502196050265
obs_c151ba8ea4c9d3e9,Autoencoder,channel_mix,0.9059356814781624
obs_c151ba8ea4c9d3e9,Autoencoder,product_mix_change,0.8133572320176489
obs_93efa5e520a14da4,Autoencoder,distinct_customers_rolling_MAD,1.8197762860114974
obs_93efa5e520a14da4,Autoencoder,latitude_dispersion,0.8980367323107565
obs_93efa5e520a14da4,Autoencoder,customer_loss_rate,0.440604042356769
obs_5a1c8547afd06027,Autoencoder,product_mix_change,0.9284909821197147
obs_5a1c8547afd06027,Autoencoder,country_mix,0.7519509828087662
obs_5a1c8547afd06027,Autoencoder,distinct_customers_acceleration,0.609660594693044
obs_5908dc161f3ca50d,Autoencoder,channel_mix,1.0807148925383134
obs_5908dc161f3ca50d,Autoencoder,distributor_concentration,0.8527869834357321
obs_5908dc161f3ca50d,Autoencoder,distributor_mix_change,0.5144420345869442
obs_713f7c47e95bec5f,Autoencoder,distributor_mix_change,1.0505582901770731
obs_713f7c47e95bec5f,Autoencoder,subchannel_mix,0.6191958607952801
obs_713f7c47e95bec5f,Autoencoder,channel_mix,0.4762661888324833
obs_222604120f61a2f5,Autoencoder,latitude_dispersion,0.737682854386567
obs_222604120f61a2f5,Autoencoder,customer_loss_rate,0.4367426820088861
obs_222604120f61a2f5,Autoencoder,distributor_concentration,0.3668215138198044
obs_3fa24be50b0003a7,Autoencoder,product_mix_change,1.6091115013192472
obs_3fa24be50b0003a7,Autoencoder,latitude_dispersion,0.7613118292521893
obs_3fa24be50b0003a7,Autoencoder,average_price,0.7499643239484673
obs_68618141fb96333c,Autoencoder,simulated_actual_payout_year_over_year_growth,1.6307805439040208
obs_68618141fb96333c,Autoencoder,simulated_actual_payout_lag_12,1.2429371539301384
obs_68618141fb96333c,Autoencoder,channel_mix,1.0988454111730603
obs_63edf6dab59a7f17,Autoencoder,distributor_mix_change,1.1002382062971636
obs_63edf6dab59a7f17,Autoencoder,total_sales_rolling_median,0.6690598933997606
obs_63edf6dab59a7f17,Autoencoder,simulated_actual_payout_lag_12,0.5968195287889392
obs_953f59ce7800444e,Autoencoder,new_customers,2.20327375767624
obs_953f59ce7800444e,Autoencoder,distinct_customers_lag_6,0.9764140501681627
obs_953f59ce7800444e,Autoencoder,total_sales_rolling_std,0.5638132337227599
obs_d613301fbe34d91c,Autoencoder,new_customers,1.9827487501381196
obs_d613301fbe34d91c,Autoencoder,latitude_dispersion,1.763060292039712
obs_d613301fbe34d91c,Autoencoder,distributor_mix_change,1.268303219859599
obs_584bf1df6e76f200,Autoencoder,new_customers,1.3853165229710014
obs_584bf1df6e76f200,Autoencoder,distinct_customers_rolling_MAD,1.1918152143164118
obs_584bf1df6e76f200,Autoencoder,simulated_actual_payout_trend,1.0554922296894487
obs_2ba1e1a3bc6df4b8,Autoencoder,distinct_customers_rolling_MAD,2.529653520251698
obs_2ba1e1a3bc6df4b8,Autoencoder,new_customers,2.277130264011873
obs_2ba1e1a3bc6df4b8,Autoencoder,distinct_customers_lag_6,1.1442103500319691
obs_fb399c34ea4c6dcd,Autoencoder,distributor_mix_change,1.7220399096649743
obs_fb399c34ea4c6dcd,Autoencoder,total_quantity_peer_median,1.1564261063502939
obs_fb399c34ea4c6dcd,Autoencoder,distributor_count,1.1170931569666045
obs_c0d1c6de3bdde231,Autoencoder,distinct_customers_lag_6,3.4491728285139858
obs_c0d1c6de3bdde231,Autoencoder,total_quantity_lag_6,1.4444529535445767
obs_c0d1c6de3bdde231,Autoencoder,distinct_customers_history_deviation,1.4183981098704066
obs_b216b604baf6e880,Autoencoder,distributor_count,3.416100688086975
obs_b216b604baf6e880,Autoencoder,distributor_concentration,3.2400900783985964
obs_b216b604baf6e880,Autoencoder,latitude_dispersion,2.3901000593702877
obs_b777ee20cf495f39,Autoencoder,distributor_count,2.6805933737854755
obs_b777ee20cf495f39,Autoencoder,distinct_customers_rolling_MAD,2.413824925284871
obs_b777ee20cf495f39,Autoencoder,new_customers,2.2242253701996924
obs_b244789d21a3e211,Autoencoder,distributor_concentration,2.3154148528543237
obs_b244789d21a3e211,Autoencoder,latitude_dispersion,1.9439432205198204
obs_b244789d21a3e211,Autoencoder,total_quantity_team_relative,0.6363359197255902
obs_7bf68159f37a5ee0,Autoencoder,product_breadth_change,0.6370897449898264
obs_7bf68159f37a5ee0,Autoencoder,distinct_products,0.3431734641808462
obs_7bf68159f37a5ee0,Autoencoder,total_quantity_peer_country_product_class_relative,0.32193727672559125
obs_5d3274ab7bdf9b15,Autoencoder,total_sales_rolling_std,4.10453705550606
obs_5d3274ab7bdf9b15,Autoencoder,median_price,0.6663386265422494
obs_5d3274ab7bdf9b15,Autoencoder,channel_mix,0.5613383598699512
obs_28552404d75b3d69,Autoencoder,total_quantity_rolling_MAD,1.203458907226831
obs_28552404d75b3d69,Autoencoder,total_sales_rolling_std,1.1557515501188416
obs_28552404d75b3d69,Autoencoder,distinct_customers_rolling_MAD,0.6035303639530843
obs_6aa1c350bc61fdfe,Autoencoder,simulated_actual_payout_rolling_std,2.4520210217843927
obs_6aa1c350bc61fdfe,Autoencoder,distinct_customers_rolling_std,0.985332456518372
obs_6aa1c350bc61fdfe,Autoencoder,customer_loss_rate,0.9189566943328199
obs_e15e3c3869dcda4a,Autoencoder,simulated_actual_payout_rolling_std,3.251939194601118
obs_e15e3c3869dcda4a,Autoencoder,distinct_customers_rolling_MAD,1.539095514323112
obs_e15e3c3869dcda4a,Autoencoder,latitude_dispersion,1.3430432870913824
obs_33643078426ff90d,Autoencoder,channel_mix,1.6925482945911159
obs_33643078426ff90d,Autoencoder,average_price,0.7585181573120863
obs_33643078426ff90d,Autoencoder,simulated_actual_payout_rolling_std,0.3436459761637826
obs_48eee27141148124,Autoencoder,latitude_dispersion,4.859826844411959
obs_48eee27141148124,Autoencoder,customer_loss_rate,0.6850332312944578
obs_48eee27141148124,Autoencoder,total_quantity_lag_3,0.5265035677404314
obs_6d0b7b4fd9f3baf4,Autoencoder,distributor_mix_change,0.8470275345723536
obs_6d0b7b4fd9f3baf4,Autoencoder,customer_loss_rate,0.641301984821512
obs_6d0b7b4fd9f3baf4,Autoencoder,total_quantity_peer_country_product_class_relative,0.5345163014027
obs_7cbd8cc9e41782e9,Autoencoder,latitude_dispersion,1.3085906006261983
obs_7cbd8cc9e41782e9,Autoencoder,average_price,0.8494551411638649
obs_7cbd8cc9e41782e9,Autoencoder,total_sales_rolling_median,0.776138197473751
obs_b6c55f9422a11484,Autoencoder,product_breadth_change,1.5462608037496266
obs_b6c55f9422a11484,Autoencoder,total_sales_rolling_median,0.8559731972418712
obs_b6c55f9422a11484,Autoencoder,total_quantity_lag_6,0.8069987450379236
obs_05bc3e5d59c3fa68,Autoencoder,total_quantity_month_over_month_growth,1.188551872731931
obs_05bc3e5d59c3fa68,Autoencoder,total_quantity_acceleration,1.0136138422861518
obs_05bc3e5d59c3fa68,Autoencoder,simulated_actual_payout_team_relative,0.7896102062593416
obs_80395d20ba2cee99,Autoencoder,channel_mix,1.4371431696489607
obs_80395d20ba2cee99,Autoencoder,simulated_actual_payout_lag_12,0.8640340573485513
obs_80395d20ba2cee99,Autoencoder,distinct_customers_rolling_MAD,0.5851202451434204
obs_9e0903bc45ffae24,Autoencoder,distinct_customers_lag_2,1.6470402746383181
obs_9e0903bc45ffae24,Autoencoder,distinct_customers_acceleration,1.552228956802628
obs_9e0903bc45ffae24,Autoencoder,latitude_dispersion,1.5447311613164247
obs_d726d5ba2e2d76ce,Autoencoder,latitude_dispersion,1.564791551997316
obs_d726d5ba2e2d76ce,Autoencoder,total_quantity_lag_6,0.9218417428627398
obs_d726d5ba2e2d76ce,Autoencoder,distinct_customers_acceleration,0.9085260266435309
obs_318521c6adc15704,Autoencoder,simulated_actual_payout_year_over_year_growth,0.9304246824707031
obs_318521c6adc15704,Autoencoder,product_breadth_change,0.5305043704465512
obs_318521c6adc15704,Autoencoder,simulated_actual_payout_lag_12,0.5082373362054331
obs_6589eb701a410167,Autoencoder,distinct_customers_rolling_MAD,2.1068012727233976
obs_6589eb701a410167,Autoencoder,total_quantity_lag_6,1.4115170823617693
obs_6589eb701a410167,Autoencoder,product_breadth_change,1.252161149995689
obs_a92839872466a678,Autoencoder,distinct_customers_rolling_MAD,4.8640321901061
obs_a92839872466a678,Autoencoder,country_mix,1.4264143802304725
obs_a92839872466a678,Autoencoder,total_quantity_rolling_MAD,1.055274829081203
obs_6754e1cd36efe08c,Autoencoder,latitude_dispersion,4.299192384032785
obs_6754e1cd36efe08c,Autoencoder,distinct_customers_rolling_MAD,2.5749881973113684
obs_6754e1cd36efe08c,Autoencoder,new_customers,1.1222137692350245
obs_a4443d30223db44c,Autoencoder,total_quantity_peer_median,1.0723905742900326
obs_a4443d30223db44c,Autoencoder,total_sales_lag_12,0.9553098406055727
obs_a4443d30223db44c,Autoencoder,total_quantity_lag_12,0.9083421317674857
obs_8966e5e271ad1b1e,Autoencoder,country_mix,1.1041285532158243
obs_8966e5e271ad1b1e,Autoencoder,latitude_dispersion,1.0195382277401623
obs_8966e5e271ad1b1e,Autoencoder,total_quantity_lag_6,0.6819682275472618
obs_d1ccc5d0742f68ae,Autoencoder,product_mix_change,3.324945845541118
obs_d1ccc5d0742f68ae,Autoencoder,distinct_customers_rolling_MAD,2.91952052857866
obs_d1ccc5d0742f68ae,Autoencoder,simulated_actual_payout_year_over_year_growth,2.0344628772351308
obs_542377b2933417c9,Autoencoder,new_customers,3.3477561246507057
obs_542377b2933417c9,Autoencoder,distinct_customers_rolling_MAD,2.9117968345399516
obs_542377b2933417c9,Autoencoder,distributor_mix_change,0.9645442179321185
obs_73e46e98c829288a,Autoencoder,distinct_customers_rolling_MAD,4.299743036874989
obs_73e46e98c829288a,Autoencoder,new_customers,1.9943011031335136
obs_73e46e98c829288a,Autoencoder,distinct_customers_lag_2,1.1623860817453529
obs_5a210aa8f1cba883,Autoencoder,distributor_count,2.498377475262646
obs_5a210aa8f1cba883,Autoencoder,distinct_customers_rolling_std,1.3048341368881036
obs_5a210aa8f1cba883,Autoencoder,latitude_dispersion,1.1596389663950706
obs_58f27ea1af851e20,Autoencoder,new_customers,3.9754054551821874
obs_58f27ea1af851e20,Autoencoder,simulated_actual_payout_peer_median,2.9398492743081213
obs_58f27ea1af851e20,Autoencoder,distributor_count,2.4487073298354254
obs_4d13e89d6197649d,Autoencoder,distinct_customers_rolling_MAD,4.800480626963308
obs_4d13e89d6197649d,Autoencoder,distributor_count,2.90639879633206
obs_4d13e89d6197649d,Autoencoder,distinct_customers_rolling_std,2.423438355886077
obs_875a762049353ec8,Autoencoder,distinct_customers_rolling_std,5.016690751423691
obs_875a762049353ec8,Autoencoder,new_customers,4.465929743903545
obs_875a762049353ec8,Autoencoder,distinct_customers_rolling_MAD,4.3916463381555895
obs_17a7feac9427b114,Autoencoder,distributor_concentration,0.3081350256181346
obs_17a7feac9427b114,Autoencoder,total_quantity_peer_median,0.26652216884457935
obs_17a7feac9427b114,Autoencoder,distinct_customers_team_relative,0.25172157311443444
obs_44ac73bb7b958d05,Autoencoder,product_breadth_change,1.2005458497204728
obs_44ac73bb7b958d05,Autoencoder,average_price,0.4509870400234918
obs_44ac73bb7b958d05,Autoencoder,distinct_products,0.44674110826794583
obs_27524602b896e1a8,Autoencoder,distinct_customers_rolling_std,5.348878775687735
obs_27524602b896e1a8,Autoencoder,product_breadth_change,0.5944479379007699
obs_27524602b896e1a8,Autoencoder,total_sales_rolling_std,0.45608759973576185
obs_4793801fa7bdd012,Autoencoder,distinct_customers_rolling_MAD,4.008635783319317
obs_4793801fa7bdd012,Autoencoder,latitude_dispersion,3.6894876208001284
obs_4793801fa7bdd012,Autoencoder,total_sales_rolling_MAD,0.9000205282999203
obs_cd8ba18276cb08a1,Autoencoder,distinct_customers_rolling_std,0.9203357906775927
obs_cd8ba18276cb08a1,Autoencoder,latitude_dispersion,0.8336736499146646
obs_cd8ba18276cb08a1,Autoencoder,distinct_customers_rolling_MAD,0.6445449799459018
obs_25bf323de42ea0d6,Autoencoder,distinct_customers_lag_2,0.8588157902881164
obs_25bf323de42ea0d6,Autoencoder,distinct_customers_rolling_MAD,0.7348563147705144
obs_25bf323de42ea0d6,Autoencoder,distinct_customers_trend,0.6481935522746133
obs_4a8e791302735fd2,Autoencoder,distinct_customers_lag_6,0.4914316862556015
obs_4a8e791302735fd2,Autoencoder,product_mix_change,0.4542474965390259
obs_4a8e791302735fd2,Autoencoder,distributor_mix_change,0.31094135054092403
obs_71e8208d4e32623d,Autoencoder,total_quantity_rolling_MAD,1.4233482999581875
obs_71e8208d4e32623d,Autoencoder,total_sales_rolling_MAD,1.0834546503184759
obs_71e8208d4e32623d,Autoencoder,total_quantity_rolling_std,0.9195876013696116
obs_a57fe324acbc57da,Autoencoder,latitude_dispersion,2.6576923776533
obs_a57fe324acbc57da,Autoencoder,distinct_customers_rolling_MAD,1.2099680863788322
obs_a57fe324acbc57da,Autoencoder,distinct_customers_lag_6,0.8568346419032907
obs_1c99d9744f6847f0,Autoencoder,distinct_customers_lag_2,0.8181873879616387
obs_1c99d9744f6847f0,Autoencoder,total_quantity_lag_2,0.5372546152821908
obs_1c99d9744f6847f0,Autoencoder,distinct_customers_acceleration,0.5057756540694234
obs_5e6d3a86d859b772,Autoencoder,latitude_dispersion,0.5313998349844876
obs_5e6d3a86d859b772,Autoencoder,total_quantity_rolling_median,0.4553999576420018
obs_5e6d3a86d859b772,Autoencoder,distinct_customers_trend,0.3914421691264749
obs_adfd95ec7094e88d,Autoencoder,latitude_dispersion,2.8160694343169483
obs_adfd95ec7094e88d,Autoencoder,customer_loss_rate,0.8161735890030598
obs_adfd95ec7094e88d,Autoencoder,product_class_share,0.7392216898671109
obs_7f121eebf008c4bf,Autoencoder,product_mix_change,0.975809040792343
obs_7f121eebf008c4bf,Autoencoder,total_quantity_rolling_MAD,0.9742051093147197
obs_7f121eebf008c4bf,Autoencoder,channel_mix,0.5760732690563735
obs_9a3cb056d4ba571e,Autoencoder,product_mix_change,8.557598880768362
obs_9a3cb056d4ba571e,Autoencoder,distinct_customers_lag_2,1.1218386633534172
obs_9a3cb056d4ba571e,Autoencoder,distinct_customers_acceleration,0.9557276166820585
obs_02028f589373a591,Autoencoder,distinct_customers_acceleration,0.56253375439177
obs_02028f589373a591,Autoencoder,distinct_customers_lag_2,0.5376234552391956
obs_02028f589373a591,Autoencoder,product_class_share,0.43970481920131804
obs_2fd84dda41c28895,Autoencoder,total_quantity_lag_12,0.8835081718611928
obs_2fd84dda41c28895,Autoencoder,simulated_actual_payout_lag_12,0.8772323074162915
obs_2fd84dda41c28895,Autoencoder,total_sales_lag_12,0.7337311463702048
obs_6aafa6965a8aabf0,Autoencoder,total_sales_lag_12,3.1473252271837797
obs_6aafa6965a8aabf0,Autoencoder,total_quantity_lag_12,2.2597045410955148
obs_6aafa6965a8aabf0,Autoencoder,total_sales_year_over_year_growth,1.464344791160511
obs_51b2c6914adbe267,Autoencoder,latitude_dispersion,0.6869854993433718
obs_51b2c6914adbe267,Autoencoder,customer_loss_rate,0.659506476895677
obs_51b2c6914adbe267,Autoencoder,distinct_customers_rolling_MAD,0.6489173689925462
obs_8ef8d500d512af95,Autoencoder,distinct_customers_rolling_std,1.0407378663310118
obs_8ef8d500d512af95,Autoencoder,distinct_customers_rolling_MAD,0.9689892349129452
obs_8ef8d500d512af95,Autoencoder,simulated_actual_payout_lag_12,0.7004230950459002
obs_365429a5c5b577bf,Autoencoder,simulated_adjustment,36.04510049937354
obs_365429a5c5b577bf,Autoencoder,simulated_payout_delta,35.75888371515505
obs_365429a5c5b577bf,Autoencoder,simulated_payout_delta_pct,16.950686394613545
obs_8455d03f04957712,Autoencoder,distinct_customers_rolling_MAD,1.9889490240327474
obs_8455d03f04957712,Autoencoder,distinct_customers_rolling_std,1.578811491308108
obs_8455d03f04957712,Autoencoder,country_mix,1.2504793770631182
obs_4bb49cf16a76c278,Autoencoder,distinct_customers_team_relative,1.5040631626763672
obs_4bb49cf16a76c278,Autoencoder,distributor_concentration,1.3646047153517515
obs_4bb49cf16a76c278,Autoencoder,distinct_customers_rolling_MAD,1.3417445183688375
obs_bcb0558290f0833e,Autoencoder,distinct_customers_rolling_MAD,1.5898485382733514
obs_bcb0558290f0833e,Autoencoder,new_customers,1.4981247049185713
obs_bcb0558290f0833e,Autoencoder,country_mix,1.3614368150908576
obs_778dcf4b0d025611,Autoencoder,channel_mix,3.2581316677486796
obs_778dcf4b0d025611,Autoencoder,distinct_customers_rolling_MAD,2.045685539173929
obs_778dcf4b0d025611,Autoencoder,new_customers,1.877956326406253
obs_8fdc05181cc4a0c0,Autoencoder,distributor_count,2.6112585951536653
obs_8fdc05181cc4a0c0,Autoencoder,distributor_concentration,1.1789434075048069
obs_8fdc05181cc4a0c0,Autoencoder,representative_rank,1.090520458900638
obs_655bf660d59bbffc,Autoencoder,new_customers,4.98910897631144
obs_655bf660d59bbffc,Autoencoder,latitude_dispersion,4.868203031614198
obs_655bf660d59bbffc,Autoencoder,distinct_customers_lag_6,3.064887370770633
obs_e59761ef2fa5cdb1,Autoencoder,product_breadth_change,3.5843643026431042
obs_e59761ef2fa5cdb1,Autoencoder,distributor_count,3.5246764948693428
obs_e59761ef2fa5cdb1,Autoencoder,distinct_customers_rolling_MAD,3.1049538184757997
obs_ae4b69b411dcc307,Autoencoder,channel_mix,7.113199676458586
obs_ae4b69b411dcc307,Autoencoder,new_customers,5.572508244149648
obs_ae4b69b411dcc307,Autoencoder,distinct_customers_rolling_MAD,3.5495678674595905
obs_247172c195d58c25,Autoencoder,distinct_products,0.6972418373219534
obs_247172c195d58c25,Autoencoder,distributor_concentration,0.350089001067675
obs_247172c195d58c25,Autoencoder,total_sales_team_relative,0.20472666886424415
obs_db323f875a093bc9,Autoencoder,distributor_concentration,1.4857077681979884
obs_db323f875a093bc9,Autoencoder,distinct_customers_team_relative,0.8536018788214801
obs_db323f875a093bc9,Autoencoder,distinct_products,0.8299156299006263
obs_69201ab862b11414,Autoencoder,product_breadth_change,0.67271974227826
obs_69201ab862b11414,Autoencoder,latitude_dispersion,0.649057781257101
obs_69201ab862b11414,Autoencoder,simulated_actual_payout_peer_z,0.4700934410850183
obs_73882243e74ed5de,Autoencoder,channel_mix,4.3093135234051765
obs_73882243e74ed5de,Autoencoder,product_class_share,1.3584846917905218
obs_73882243e74ed5de,Autoencoder,city_concentration,0.8175296450410836
obs_9ffac94ca00ad0a0,Autoencoder,total_quantity_rolling_median,0.7732279465903814
obs_9ffac94ca00ad0a0,Autoencoder,total_sales_rolling_std,0.7169848417712379
obs_9ffac94ca00ad0a0,Autoencoder,total_quantity_rolling_MAD,0.5423178782846586
obs_15d3ba810bc0030d,Autoencoder,total_quantity_rolling_median,1.1782255368163284
obs_15d3ba810bc0030d,Autoencoder,latitude_dispersion,0.5874923359763561
obs_15d3ba810bc0030d,Autoencoder,total_quantity_product_class_relative,0.5772156445335166
obs_97a3d472958afbb6,Autoencoder,product_mix_change,1.1037549937758997
obs_97a3d472958afbb6,Autoencoder,customer_loss_rate,0.7728087989580829
obs_97a3d472958afbb6,Autoencoder,total_sales_rolling_median,0.665456531680142
obs_ac8bf90f15106c25,Autoencoder,latitude_dispersion,2.515062720162327
obs_ac8bf90f15106c25,Autoencoder,channel_mix,0.4734069468429953
obs_ac8bf90f15106c25,Autoencoder,product_breadth_change,0.44597324150629186
obs_0213507f5e6126fa,Autoencoder,distributor_mix_change,2.0791053076576604
obs_0213507f5e6126fa,Autoencoder,distributor_count,0.3655824009975494
obs_0213507f5e6126fa,Autoencoder,product_class_share,0.2775953921475882
obs_4d776ed3e396c974,Autoencoder,distributor_mix_change,3.216275393715448
obs_4d776ed3e396c974,Autoencoder,distributor_concentration,0.37349583092906935
obs_4d776ed3e396c974,Autoencoder,latitude_dispersion,0.33942884659374234
obs_49a2950a39c620d1,Autoencoder,new_customers,0.7721703214714426
obs_49a2950a39c620d1,Autoencoder,distributor_mix_change,0.5419144547039271
obs_49a2950a39c620d1,Autoencoder,product_class_share,0.30261048845352806
obs_751f6d35f922d3b3,Autoencoder,total_quantity_team_relative,1.463372944682054
obs_751f6d35f922d3b3,Autoencoder,customer_loss_rate,1.2362530285971791
obs_751f6d35f922d3b3,Autoencoder,distributor_mix_change,0.6077684080979608
obs_40f8b14b2da153f0,Autoencoder,latitude_dispersion,0.5563309678510596
obs_40f8b14b2da153f0,Autoencoder,product_class_share,0.4503543183840055
obs_40f8b14b2da153f0,Autoencoder,total_quantity_lag_12,0.41285256092012007
obs_45a1bbdd2f732ba5,Autoencoder,total_sales_year_over_year_growth,0.982302656304132
obs_45a1bbdd2f732ba5,Autoencoder,total_quantity_lag_12,0.8855405733460354
obs_45a1bbdd2f732ba5,Autoencoder,total_sales_lag_12,0.7614479963959295
obs_8672dbff7862e4e0,Autoencoder,distinct_customers_rolling_MAD,0.7105771448833629
obs_8672dbff7862e4e0,Autoencoder,product_class_share,0.6045351632964382
obs_8672dbff7862e4e0,Autoencoder,country_mix,0.47925558615156716
obs_0bcfd7a76fd44d9a,Autoencoder,distributor_concentration,2.7048161812448566
obs_0bcfd7a76fd44d9a,Autoencoder,simulated_actual_payout_lag_12,1.6044457300681287
obs_0bcfd7a76fd44d9a,Autoencoder,total_sales_lag_12,1.0478660603444532
obs_b8ed73a20b2bdd57,Autoencoder,customer_loss_rate,0.5685356857691901
obs_b8ed73a20b2bdd57,Autoencoder,total_sales_peer_percentile,0.2657723708853181
obs_b8ed73a20b2bdd57,Autoencoder,simulated_actual_payout_rolling_std,0.23930533923553818
obs_0c13bd63c129a0e3,Autoencoder,representative_rank,0.5384071854956716
obs_0c13bd63c129a0e3,Autoencoder,distinct_customers_rolling_MAD,0.505390512224532
obs_0c13bd63c129a0e3,Autoencoder,simulated_actual_payout_lag_12,0.4205180454677903
obs_c70382dae6903d56,Autoencoder,new_customers,1.624751100373175
obs_c70382dae6903d56,Autoencoder,distinct_customers_rolling_std,0.5405821629774832
obs_c70382dae6903d56,Autoencoder,distinct_customers_rolling_MAD,0.4595502666062567
obs_0a579a3ef4551465,Autoencoder,distributor_concentration,11.452108523986862
obs_0a579a3ef4551465,Autoencoder,simulated_actual_payout_year_over_year_growth,1.3253919497607909
obs_0a579a3ef4551465,Autoencoder,distinct_customers_rolling_MAD,1.2996577469393307
obs_444bffabe4c932e2,Autoencoder,new_customers,1.407758243198451
obs_444bffabe4c932e2,Autoencoder,country_mix,1.3809403239623181
obs_444bffabe4c932e2,Autoencoder,distinct_customers_rolling_MAD,0.9961474130065412
obs_e32a6b13f2b590dc,Autoencoder,new_customers,2.3802789183608812
obs_e32a6b13f2b590dc,Autoencoder,distinct_customers_rolling_std,1.3733346765903813
obs_e32a6b13f2b590dc,Autoencoder,simulated_actual_payout_lag_12,1.361142871941094
obs_8ed139ed60ada8e2,Autoencoder,new_customers,4.835477350508286
obs_8ed139ed60ada8e2,Autoencoder,distinct_customers_rolling_std,1.203926331435077
obs_8ed139ed60ada8e2,Autoencoder,distinct_customers_rolling_MAD,0.9254330504298631
obs_5587bf70f00382f6,Autoencoder,new_customers,2.4577664076681125
obs_5587bf70f00382f6,Autoencoder,distinct_customers_rolling_std,1.5235638231044055
obs_5587bf70f00382f6,Autoencoder,distinct_customers_rolling_MAD,1.4110962939264202
obs_829f61fac3d09df7,Autoencoder,new_customers,6.014245076577978
obs_829f61fac3d09df7,Autoencoder,distributor_count,2.782280173175556
obs_829f61fac3d09df7,Autoencoder,product_mix_change,1.9127942181662596
obs_e1cdc5984added2c,Autoencoder,new_customers,17.32338878272335
obs_e1cdc5984added2c,Autoencoder,distributor_count,3.913479045428272
obs_e1cdc5984added2c,Autoencoder,distinct_customers_rolling_std,2.203130557429191
obs_23df2ae63ff8e1e8,Autoencoder,new_customers,8.072240458684792
obs_23df2ae63ff8e1e8,Autoencoder,distinct_customers_rolling_std,2.9123477681232215
obs_23df2ae63ff8e1e8,Autoencoder,distributor_count,2.6064774218709914
obs_9506fd6f5bcc4b52,Autoencoder,new_customers,9.93658156633421
obs_9506fd6f5bcc4b52,Autoencoder,distinct_customers_rolling_MAD,5.7107329588867115
obs_9506fd6f5bcc4b52,Autoencoder,distinct_customers_rolling_std,3.41716272901753
obs_9a24f1d93ed16b84,Autoencoder,latitude_dispersion,0.7329170271675556
obs_9a24f1d93ed16b84,Autoencoder,distinct_products,0.19439467301030836
obs_9a24f1d93ed16b84,Autoencoder,channel_mix,0.19248304313207662
obs_d4549f7568038f3f,Autoencoder,product_breadth_change,1.7523437928204244
obs_d4549f7568038f3f,Autoencoder,total_sales_lag_12,0.7996502246232043
obs_d4549f7568038f3f,Autoencoder,distinct_customers_history_deviation,0.5780426448339084
obs_e9564f9b03b1f81d,Autoencoder,total_quantity_rolling_median,0.8057117511720288
obs_e9564f9b03b1f81d,Autoencoder,product_mix_change,0.7827463239482477
obs_e9564f9b03b1f81d,Autoencoder,total_quantity_rolling_std,0.6863346437560757
obs_4be8cf97d2c5206c,Autoencoder,simulated_actual_payout_rolling_MAD,1.0233186885794623
obs_4be8cf97d2c5206c,Autoencoder,simulated_actual_payout_lag_3,0.9847820289506917
obs_4be8cf97d2c5206c,Autoencoder,product_mix_change,0.800250204805193
obs_4f12db2e0e6e094e,Autoencoder,total_quantity_rolling_std,0.9700142562040358
obs_4f12db2e0e6e094e,Autoencoder,latitude_dispersion,0.7634211756438278
obs_4f12db2e0e6e094e,Autoencoder,total_quantity_lag_3,0.560865440269509
obs_cc984462b5ffbbd0,Autoencoder,latitude_dispersion,0.9668785901848361
obs_cc984462b5ffbbd0,Autoencoder,product_mix_change,0.7576066195136237
obs_cc984462b5ffbbd0,Autoencoder,total_quantity_rolling_std,0.7198817674415475
obs_1c29eae7a281f6b3,Autoencoder,subchannel_mix,1.075702847127078
obs_1c29eae7a281f6b3,Autoencoder,distributor_mix_change,0.6328008559743522
obs_1c29eae7a281f6b3,Autoencoder,total_quantity_rolling_std,0.40408503560632875
obs_67fb95aabddf902e,Autoencoder,distributor_mix_change,1.2206179327945412
obs_67fb95aabddf902e,Autoencoder,latitude_dispersion,0.7300851325946265
obs_67fb95aabddf902e,Autoencoder,total_quantity_lag_6,0.6878636390624877
obs_a5dfe380447e5cc9,Autoencoder,product_mix_change,0.6875727128804537
obs_a5dfe380447e5cc9,Autoencoder,customer_loss_rate,0.6649937861450673
obs_a5dfe380447e5cc9,Autoencoder,distributor_mix_change,0.527280914966223
obs_2256f2ec45290909,Autoencoder,latitude_dispersion,2.279385208680742
obs_2256f2ec45290909,Autoencoder,customer_loss_rate,1.348710670908649
obs_2256f2ec45290909,Autoencoder,distributor_concentration,0.7597594952613406
obs_7bd86e0624a6cd91,Autoencoder,total_quantity_rolling_MAD,2.033338789560873
obs_7bd86e0624a6cd91,Autoencoder,product_concentration,0.9364254112959748
obs_7bd86e0624a6cd91,Autoencoder,dominant_product_share,0.8614213646527218
obs_4e63c465f7c026df,Autoencoder,latitude_dispersion,2.954610520766518
obs_4e63c465f7c026df,Autoencoder,total_quantity_rolling_MAD,0.4536696296497794
obs_4e63c465f7c026df,Autoencoder,distributor_mix_change,0.3671902693315178
obs_52d6c32ef5eb1a9d,Autoencoder,customer_loss_rate,1.4670184139887419
obs_52d6c32ef5eb1a9d,Autoencoder,total_sales_lag_12,0.9827262422428862
obs_52d6c32ef5eb1a9d,Autoencoder,total_quantity_lag_12,0.6936370128086019
obs_d6afaf5b1e936788,Autoencoder,simulated_actual_payout_lag_12,1.1762023797756622
obs_d6afaf5b1e936788,Autoencoder,total_quantity_lag_12,1.1075609776666206
obs_d6afaf5b1e936788,Autoencoder,total_sales_lag_12,0.5654386261201635
obs_0fd5045162b0ec4f,Autoencoder,distributor_mix_change,0.4183448912788426
obs_0fd5045162b0ec4f,Autoencoder,total_quantity_rolling_MAD,0.37919233790708046
obs_0fd5045162b0ec4f,Autoencoder,product_mix_change,0.278458380251779
obs_2ee9b800b6f3f7f7,Autoencoder,distributor_mix_change,1.0563704680924912
obs_2ee9b800b6f3f7f7,Autoencoder,channel_mix,1.0180897566411602
obs_2ee9b800b6f3f7f7,Autoencoder,country_mix,0.5829036808376774
obs_0fef442039fc2632,Autoencoder,latitude_dispersion,1.3004116774649743
obs_0fef442039fc2632,Autoencoder,distributor_mix_change,0.40897330469485216
obs_0fef442039fc2632,Autoencoder,distributor_concentration,0.3715782016514089
obs_0afba209e524765f,Autoencoder,dominant_product_share,0.569639892656684
obs_0afba209e524765f,Autoencoder,product_concentration,0.492330857151803
obs_0afba209e524765f,Autoencoder,distributor_concentration,0.4775441997469368
obs_66056234fb0552b0,Autoencoder,distributor_concentration,3.3627047827497347
obs_66056234fb0552b0,Autoencoder,total_sales_lag_12,0.5717326651046001
obs_66056234fb0552b0,Autoencoder,customer_loss_rate,0.462134403673549
obs_febfa2b0137387b6,Autoencoder,total_sales_year_over_year_growth,3.2720787055736698
obs_febfa2b0137387b6,Autoencoder,simulated_actual_payout_year_over_year_growth,2.837762734422255
obs_febfa2b0137387b6,Autoencoder,total_quantity_year_over_year_growth,2.773080816067577
obs_ed59145c0ff7799f,Autoencoder,total_quantity_rolling_median,1.2155038207663336
obs_ed59145c0ff7799f,Autoencoder,total_quantity_rolling_std,1.1185796196873914
obs_ed59145c0ff7799f,Autoencoder,distinct_customers_lag_6,1.0090214385397498
obs_bee2572f3f0acf28,Autoencoder,distinct_customers_rolling_MAD,1.2637179670226129
obs_bee2572f3f0acf28,Autoencoder,simulated_actual_payout_lag_12,1.1739814027165465
obs_bee2572f3f0acf28,Autoencoder,distinct_customers_lag_6,0.9294902419225949
obs_7b984662169c715e,Autoencoder,new_customers,1.0657546464261627
obs_7b984662169c715e,Autoencoder,total_quantity_rolling_std,0.805470529277621
obs_7b984662169c715e,Autoencoder,total_quantity_rolling_median,0.7677105063083791
obs_0b6fd5ed0688000e,Autoencoder,total_quantity_rolling_std,1.6613697496653383
obs_0b6fd5ed0688000e,Autoencoder,total_sales_rolling_std,1.492111490904077
obs_0b6fd5ed0688000e,Autoencoder,simulated_actual_payout_lag_12,1.4462835399493459
obs_3fb95259921af67c,Autoencoder,total_quantity_rolling_std,4.350372841724645
obs_3fb95259921af67c,Autoencoder,total_sales_rolling_std,3.8003376980809906
obs_3fb95259921af67c,Autoencoder,distributor_count,3.461705649560012
obs_b41e3317a598f9b8,Autoencoder,total_sales_rolling_std,3.4666260546972403
obs_b41e3317a598f9b8,Autoencoder,total_quantity_rolling_std,2.9795604936158133
obs_b41e3317a598f9b8,Autoencoder,distinct_customers_rolling_std,2.274144936127071
obs_513a75c19be2b19d,Autoencoder,new_customers,20.71476894249066
obs_513a75c19be2b19d,Autoencoder,distributor_count,6.026382403608159
obs_513a75c19be2b19d,Autoencoder,distinct_customers_rolling_MAD,3.85484876287445
obs_983f2fc32fe7e3de,Autoencoder,new_customers,6.511164759292415
obs_983f2fc32fe7e3de,Autoencoder,distinct_customers_rolling_std,3.7668616781185857
obs_983f2fc32fe7e3de,Autoencoder,distinct_customers_lag_6,3.5239098892984995
obs_be6753e66d2c7210,Autoencoder,latitude_dispersion,3.4654972207674404
obs_be6753e66d2c7210,Autoencoder,distributor_concentration,0.8373269932864523
obs_be6753e66d2c7210,Autoencoder,channel_mix,0.27204794308379054
obs_708d7474998c3d76,Autoencoder,distinct_products,0.3665270818174236
obs_708d7474998c3d76,Autoencoder,distributor_count,0.3402469773552517
obs_708d7474998c3d76,Autoencoder,rank_change,0.19299803120811412
obs_14251f0e4353be88,Autoencoder,total_sales_rolling_std,4.704879596806897
obs_14251f0e4353be88,Autoencoder,total_quantity_rolling_std,1.279470756479838
obs_14251f0e4353be88,Autoencoder,simulated_actual_payout_peer_percentile,0.4272437250445686
obs_1ab8ffa792483b91,Autoencoder,total_sales_rolling_MAD,3.287443452382758
obs_1ab8ffa792483b91,Autoencoder,total_quantity_rolling_MAD,3.2616408699060266
obs_1ab8ffa792483b91,Autoencoder,channel_mix,0.9996838574566195
obs_6d0f2fb4f735c0a7,Autoencoder,total_sales_rolling_MAD,3.180900999923027
obs_6d0f2fb4f735c0a7,Autoencoder,total_quantity_rolling_MAD,2.7763172843459643
obs_6d0f2fb4f735c0a7,Autoencoder,latitude_dispersion,0.8665498556932414
obs_8a3eaa37448ed6e4,Autoencoder,total_sales_rolling_MAD,1.4896038986758477
obs_8a3eaa37448ed6e4,Autoencoder,total_sales_history_deviation,1.328696543895904
obs_8a3eaa37448ed6e4,Autoencoder,total_quantity_rolling_MAD,0.8801202467734635
obs_ab3795304350519f,Autoencoder,simulated_actual_payout_peer_z,2.014309735386713
obs_ab3795304350519f,Autoencoder,total_sales_rolling_median,1.0018771119858247
obs_ab3795304350519f,Autoencoder,product_class_share,0.9633176376121444
obs_bc91ca3dd15ba955,Autoencoder,latitude_dispersion,1.4771179117299147
obs_bc91ca3dd15ba955,Autoencoder,total_sales_rolling_median,0.8301111816748843
obs_bc91ca3dd15ba955,Autoencoder,distinct_customers_lag_2,0.3979760177663621
obs_713af2d33a020488,Autoencoder,total_sales_rolling_median,1.0052909117205442
obs_713af2d33a020488,Autoencoder,distributor_concentration,0.6643201600326885
obs_713af2d33a020488,Autoencoder,channel_mix,0.5944403895155453
obs_11df24090b7d4535,Autoencoder,total_quantity_lag_6,1.3216143647633987
obs_11df24090b7d4535,Autoencoder,distinct_customers_rolling_MAD,1.2833250017444977
obs_11df24090b7d4535,Autoencoder,distributor_mix_change,1.0554913323608035
obs_ae38daf22ee9012c,Autoencoder,simulated_actual_payout_rolling_median,1.0590062820513229
obs_ae38daf22ee9012c,Autoencoder,total_quantity_rolling_median,0.7191091065581613
obs_ae38daf22ee9012c,Autoencoder,total_sales_rolling_median,0.6331698694367637
obs_b263258762fe77d8,Autoencoder,channel_mix,2.976645377051298
obs_b263258762fe77d8,Autoencoder,distinct_customers_rolling_MAD,1.904532518080052
obs_b263258762fe77d8,Autoencoder,simulated_actual_payout_rolling_median,0.9011866505302772
obs_7c2af4dfbc89053c,Autoencoder,total_quantity_peer_median,2.095352943753719
obs_7c2af4dfbc89053c,Autoencoder,total_sales_peer_median,1.746902333731153
obs_7c2af4dfbc89053c,Autoencoder,product_mix_change,0.5904903645761793
obs_e16da9b66fad50d2,Autoencoder,total_sales_year_over_year_growth,0.5845426514809483
obs_e16da9b66fad50d2,Autoencoder,simulated_actual_payout_peer_median,0.3870742815072745
obs_e16da9b66fad50d2,Autoencoder,simulated_actual_payout_rolling_median,0.36851896708279175
obs_d76dcb24ce7b3c66,Autoencoder,distributor_mix_change,2.4085175624191564
obs_d76dcb24ce7b3c66,Autoencoder,distinct_customers_trend,0.5362579038123968
obs_d76dcb24ce7b3c66,Autoencoder,representative_rank,0.5318685217389877
obs_a7263c47a58a51a0,Autoencoder,latitude_dispersion,1.2131279680750535
obs_a7263c47a58a51a0,Autoencoder,total_quantity_peer_median,0.4406258820404762
obs_a7263c47a58a51a0,Autoencoder,distributor_concentration,0.3375724591271435
obs_2133b846cece10c4,Autoencoder,distributor_concentration,1.0313438559235157
obs_2133b846cece10c4,Autoencoder,channel_mix,0.3433265233341343
obs_2133b846cece10c4,Autoencoder,total_quantity_month_over_month_growth,0.28073675031083106
obs_fbd97bc8466b2c1c,Autoencoder,product_mix_change,7.170458704210775
obs_fbd97bc8466b2c1c,Autoencoder,distinct_customers_rolling_MAD,2.451031606263298
obs_fbd97bc8466b2c1c,Autoencoder,latitude_dispersion,1.5475220163416292
obs_74c0e46c4f12267e,Autoencoder,distinct_customers_rolling_MAD,2.0872580969141925
obs_74c0e46c4f12267e,Autoencoder,distributor_concentration,1.6766648465452092
obs_74c0e46c4f12267e,Autoencoder,distributor_mix_change,1.3994808733320485
obs_164431e9c2e6eef5,Autoencoder,total_quantity_rolling_MAD,1.4098415863238596
obs_164431e9c2e6eef5,Autoencoder,simulated_actual_payout_lag_12,1.2934648408872496
obs_164431e9c2e6eef5,Autoencoder,distinct_customers_rolling_MAD,0.6225163028688505
obs_13188499c4444596,Autoencoder,simulated_actual_payout_year_over_year_growth,2.8673772643862896
obs_13188499c4444596,Autoencoder,total_quantity_year_over_year_growth,2.4520104783514385
obs_13188499c4444596,Autoencoder,simulated_actual_payout_lag_12,1.9041582452635348
obs_ca491fddea4b6c1e,Autoencoder,distributor_mix_change,1.3470011027654964
obs_ca491fddea4b6c1e,Autoencoder,distributor_concentration,1.1101182888948284
obs_ca491fddea4b6c1e,Autoencoder,total_sales_lag_12,1.066418004506503
obs_5490d0977481f5cc,Autoencoder,simulated_payout_delta,36.79593203146332
obs_5490d0977481f5cc,Autoencoder,simulated_payout_delta_pct,18.6918057928575
obs_5490d0977481f5cc,Autoencoder,simulated_actual_payout,1.9507066545795706
obs_a8dfe3531fbd879f,Autoencoder,new_customers,3.168232553101232
obs_a8dfe3531fbd879f,Autoencoder,simulated_actual_payout_month_over_month_growth,1.7717893170544485
obs_a8dfe3531fbd879f,Autoencoder,simulated_actual_payout_lag_1,1.655927016732388
obs_994fec176aea5485,Autoencoder,new_customers,3.270641848681849
obs_994fec176aea5485,Autoencoder,simulated_actual_payout_lag_2,3.085551460352432
obs_994fec176aea5485,Autoencoder,distributor_count,2.3776043406103615
obs_709a6e1aa5eed464,Autoencoder,new_customers,5.800692494586774
obs_709a6e1aa5eed464,Autoencoder,simulated_actual_payout_peer_median,4.436618653849388
obs_709a6e1aa5eed464,Autoencoder,simulated_actual_payout_trend,3.801198871550478
obs_8767d7a2091cd223,Autoencoder,distributor_count,3.4391423645290007
obs_8767d7a2091cd223,Autoencoder,distinct_customers_rolling_MAD,2.9687811871332115
obs_8767d7a2091cd223,Autoencoder,new_customers,2.834608153678279
obs_504529fd7ee68958,Autoencoder,new_customers,6.726458293879768
obs_504529fd7ee68958,Autoencoder,distinct_customers_rolling_std,2.2672455332154806
obs_504529fd7ee68958,Autoencoder,distinct_customers_lag_6,2.0878113008033448
obs_18137fdb0ad2dbb6,Autoencoder,total_quantity_peer_z,1.6876044746768508
obs_18137fdb0ad2dbb6,Autoencoder,total_quantity_peer_country_product_class_relative,0.9938906961768889
obs_18137fdb0ad2dbb6,Autoencoder,total_quantity_product_class_relative,0.9842328823415074
obs_2f974247aba7852d,Autoencoder,total_quantity_rolling_mean_6,2.140193601698121
obs_2f974247aba7852d,Autoencoder,total_quantity_rolling_mean_3,1.2780339891363424
obs_2f974247aba7852d,Autoencoder,total_quantity_lag_1,0.7586607397310166
obs_b4b227a7b8c98e8b,Autoencoder,product_mix_change,2.1419645663094555
obs_b4b227a7b8c98e8b,Autoencoder,latitude_dispersion,1.4649481241125901
obs_b4b227a7b8c98e8b,Autoencoder,total_quantity_rolling_median,1.0519830179411942
obs_f6cbae282b348a61,Autoencoder,distinct_customers_rolling_MAD,2.759558701076432
obs_f6cbae282b348a61,Autoencoder,distinct_customers_rolling_std,1.023653206943737
obs_f6cbae282b348a61,Autoencoder,total_quantity_rolling_median,0.954195876325813
obs_0b14b76bbe8c7a8c,Autoencoder,total_quantity_rolling_std,0.8536499197938034
obs_0b14b76bbe8c7a8c,Autoencoder,distinct_customers_rolling_MAD,0.7363741371075403
obs_0b14b76bbe8c7a8c,Autoencoder,total_quantity_peer_percentile,0.7304794338607882
obs_2eee857cbdcd6596,Autoencoder,distinct_customers_rolling_MAD,1.1637233622773426
obs_2eee857cbdcd6596,Autoencoder,channel_mix,1.0490328178289081
obs_2eee857cbdcd6596,Autoencoder,distributor_mix_change,0.9483209788566885
obs_605f864f1f85947e,Autoencoder,total_quantity_lag_6,2.0021856537741383
obs_605f864f1f85947e,Autoencoder,distributor_mix_change,0.797685827638302
obs_605f864f1f85947e,Autoencoder,distinct_customers_rolling_MAD,0.7917412133374284
obs_d5da4e5f65795530,Autoencoder,latitude_dispersion,1.3692856446011292
obs_d5da4e5f65795530,Autoencoder,channel_mix,0.655174416835796
obs_d5da4e5f65795530,Autoencoder,total_sales_rolling_std,0.5687943033496426
obs_92b0e820465724ca,Autoencoder,total_sales_rolling_std,1.2239348893547626
obs_92b0e820465724ca,Autoencoder,distinct_customers_rolling_MAD,1.0714014567715782
obs_92b0e820465724ca,Autoencoder,total_quantity_rolling_MAD,1.0087558404789232
obs_9d0c933c9454dc1e,Autoencoder,total_sales_rolling_std,1.1370024027481211
obs_9d0c933c9454dc1e,Autoencoder,subchannel_mix,0.6986537926284445
obs_9d0c933c9454dc1e,Autoencoder,simulated_actual_payout_peer_z,0.6257319662116378
obs_29fa7ad39eb92e58,Autoencoder,latitude_dispersion,1.0163725536274595
obs_29fa7ad39eb92e58,Autoencoder,distributor_count,0.4046936489635375
obs_29fa7ad39eb92e58,Autoencoder,average_price,0.37002106738179924
obs_a4c84d6051f73841,Autoencoder,customer_loss_rate,1.2404809232501766
obs_a4c84d6051f73841,Autoencoder,latitude_dispersion,0.7881575182463476
obs_a4c84d6051f73841,Autoencoder,distinct_customers_rolling_MAD,0.7548767038450509
obs_29833edc90218b7d,Autoencoder,simulated_actual_payout_lag_12,1.0540118609135705
obs_29833edc90218b7d,Autoencoder,product_breadth_change,0.8517661710762605
obs_29833edc90218b7d,Autoencoder,total_quantity_lag_12,0.3972517134382159
obs_5a9f776c733f2470,Autoencoder,distributor_mix_change,1.3382689099790286
obs_5a9f776c733f2470,Autoencoder,distinct_customers_acceleration,0.7232982835215728
obs_5a9f776c733f2470,Autoencoder,distinct_customers_rolling_MAD,0.7013584195451504
obs_e14a4caeb5a51564,Autoencoder,latitude_dispersion,1.7565814699766469
obs_e14a4caeb5a51564,Autoencoder,simulated_actual_payout_peer_median,0.9947518004938763
obs_e14a4caeb5a51564,Autoencoder,customer_loss_rate,0.7819249730894614
obs_8c533dbbd0223c47,Autoencoder,total_sales_lag_12,1.4488945197369416
obs_8c533dbbd0223c47,Autoencoder,simulated_actual_payout_lag_12,1.24683563956595
obs_8c533dbbd0223c47,Autoencoder,latitude_dispersion,1.0015938377360734
obs_58df5a587eb0ebce,Autoencoder,country_mix,1.412228813676177
obs_58df5a587eb0ebce,Autoencoder,distributor_concentration,0.9186047047727598
obs_58df5a587eb0ebce,Autoencoder,simulated_actual_payout_peer_country_product_class_relative,0.603362182688771
obs_af1de9484f76d99b,Autoencoder,distinct_customers_rolling_MAD,2.4708061935366126
obs_af1de9484f76d99b,Autoencoder,total_quantity_product_class_relative,0.7937783952377044
obs_af1de9484f76d99b,Autoencoder,total_quantity_peer_country_product_class_relative,0.7361355290391055
obs_83fd385d1a58f2e7,Autoencoder,latitude_dispersion,3.2818149200705897
obs_83fd385d1a58f2e7,Autoencoder,total_sales_year_over_year_growth,2.4710798961623976
obs_83fd385d1a58f2e7,Autoencoder,total_quantity_year_over_year_growth,2.068862897488725
obs_0e6390af2cae1a61,Autoencoder,distributor_mix_change,5.520331617105078
obs_0e6390af2cae1a61,Autoencoder,distributor_concentration,2.357676575765594
obs_0e6390af2cae1a61,Autoencoder,distinct_customers_rolling_MAD,1.4132385123577644
obs_65d8d8b0f7a771ad,Autoencoder,country_mix,1.5681843471289865
obs_65d8d8b0f7a771ad,Autoencoder,new_customers,1.5308850462665216
obs_65d8d8b0f7a771ad,Autoencoder,latitude_dispersion,1.4409446717283219
obs_5dcb1b75eef8ab59,Autoencoder,product_breadth_change,1.3913490163244113
obs_5dcb1b75eef8ab59,Autoencoder,total_sales_year_over_year_growth,1.3076040378971123
obs_5dcb1b75eef8ab59,Autoencoder,product_mix_change,1.0573014172290007
obs_4ad7da690ee91842,Autoencoder,distinct_customers_team_relative,0.8041162917201278
obs_4ad7da690ee91842,Autoencoder,simulated_actual_payout_peer_percentile,0.7437396089185896
obs_4ad7da690ee91842,Autoencoder,distributor_mix_change,0.7213308436575866
obs_85162be80c0fee03,Autoencoder,new_customers,1.5487956334895756
obs_85162be80c0fee03,Autoencoder,distinct_customers_team_relative,1.0698859340756703
obs_85162be80c0fee03,Autoencoder,total_quantity_peer_country_product_class_relative,0.7356990305852655
obs_2a5e6b8477a80d33,Autoencoder,distributor_count,2.800757322825127
obs_2a5e6b8477a80d33,Autoencoder,total_quantity_peer_country_product_class_relative,2.4766479496339544
obs_2a5e6b8477a80d33,Autoencoder,total_quantity_product_class_relative,2.1528001323071173
obs_d4a744b7c90aa0ad,Autoencoder,distinct_customers_rolling_MAD,3.360011118174348
obs_d4a744b7c90aa0ad,Autoencoder,simulated_actual_payout_peer_median,2.7167275011282697
obs_d4a744b7c90aa0ad,Autoencoder,distinct_customers_rolling_std,2.5859074925980226
obs_66248c0aba5c1747,Autoencoder,new_customers,5.065663611180761
obs_66248c0aba5c1747,Autoencoder,distributor_count,4.429939059763794
obs_66248c0aba5c1747,Autoencoder,distinct_customers_rolling_MAD,3.7302551729447524
obs_f47c5f94a5509dbb,Autoencoder,new_customers,8.48802033696858
obs_f47c5f94a5509dbb,Autoencoder,total_sales_lag_12,5.401229662091665
obs_f47c5f94a5509dbb,Autoencoder,distributor_mix_change,4.817382688846638
obs_77dd3dce735539fe,Autoencoder,distributor_count,0.3839239072027827
obs_77dd3dce735539fe,Autoencoder,total_quantity_peer_percentile,0.37525823753180343
obs_77dd3dce735539fe,Autoencoder,total_sales_peer_percentile,0.36750713149628367
obs_2e583d38c07650d3,Autoencoder,customer_loss_rate,1.0754003544162223
obs_2e583d38c07650d3,Autoencoder,simulated_payout_to_sales_ratio,1.0074246989045303
obs_2e583d38c07650d3,Autoencoder,distributor_mix_change,0.602980486961272
obs_87350adf27a08528,Autoencoder,distinct_customers_rolling_std,0.7960871487394162
obs_87350adf27a08528,Autoencoder,simulated_payout_to_sales_ratio,0.5183861231438001
obs_87350adf27a08528,Autoencoder,total_quantity_history_deviation,0.4650049960752976
obs_aa95024dad7cee59,Autoencoder,simulated_actual_payout_rolling_MAD,1.6633193487728237
obs_aa95024dad7cee59,Autoencoder,total_quantity_rolling_MAD,1.6088799060543737
obs_aa95024dad7cee59,Autoencoder,latitude_dispersion,0.9499422352399984
obs_69ca057897a09098,Autoencoder,latitude_dispersion,4.105098513904331
obs_69ca057897a09098,Autoencoder,distributor_mix_change,1.46537489879834
obs_69ca057897a09098,Autoencoder,total_sales_rolling_MAD,1.0782681793040614
obs_43c6e0c7c6471507,Autoencoder,product_breadth_change,0.8281916463385303
obs_43c6e0c7c6471507,Autoencoder,product_mix_change,0.7602010224002343
obs_43c6e0c7c6471507,Autoencoder,latitude_dispersion,0.7594042558707074
obs_73b8c10b22658dee,Autoencoder,product_breadth_change,1.009974186614537
obs_73b8c10b22658dee,Autoencoder,total_sales_peer_median,0.4779103860151331
obs_73b8c10b22658dee,Autoencoder,total_quantity_peer_country_product_class_relative,0.3244804988890373
obs_ad48ad4b848c4869,Autoencoder,distributor_mix_change,4.582883734408142
obs_ad48ad4b848c4869,Autoencoder,channel_mix,1.340000377629646
obs_ad48ad4b848c4869,Autoencoder,product_mix_change,0.6457556274870401
obs_bf7317cb51cdadcb,Autoencoder,average_price,0.8262664147274693
obs_bf7317cb51cdadcb,Autoencoder,median_price,0.47076844080488184
obs_bf7317cb51cdadcb,Autoencoder,customer_loss_rate,0.3774256620795721
obs_626a7a2afd57e58b,Autoencoder,latitude_dispersion,4.329979919741641
obs_626a7a2afd57e58b,Autoencoder,total_quantity_peer_percentile,1.0299642448725965
obs_626a7a2afd57e58b,Autoencoder,simulated_actual_payout_peer_z,0.8567209586498297
obs_bd141bb37e2f3bf8,Autoencoder,product_mix_change,1.1269809635569465
obs_bd141bb37e2f3bf8,Autoencoder,customer_loss_rate,0.901579402445769
obs_bd141bb37e2f3bf8,Autoencoder,total_quantity_trend,0.544380864229556
obs_a2551526538ada8b,Autoencoder,latitude_dispersion,1.7210103732576885
obs_a2551526538ada8b,Autoencoder,simulated_actual_payout_peer_median,0.8670864269337663
obs_a2551526538ada8b,Autoencoder,total_sales_peer_percentile,0.4638043816655048
obs_90f6e5179ad5e577,Autoencoder,total_quantity_year_over_year_growth,1.0917550998728027
obs_90f6e5179ad5e577,Autoencoder,total_sales_year_over_year_growth,0.9874409066649623
obs_90f6e5179ad5e577,Autoencoder,simulated_actual_payout_rolling_std,0.9146761189330279
obs_e3c425ee6ea11f9f,Autoencoder,distinct_customers_acceleration,1.6094656127713183
obs_e3c425ee6ea11f9f,Autoencoder,distributor_mix_change,1.2670269911793584
obs_e3c425ee6ea11f9f,Autoencoder,distinct_customers_lag_2,1.1850191434693096
obs_5fd2ae0ead16f43d,Autoencoder,country_mix,0.7915059295449677
obs_5fd2ae0ead16f43d,Autoencoder,distinct_customers_trend,0.7148145881815835
obs_5fd2ae0ead16f43d,Autoencoder,total_quantity_rolling_MAD,0.6772084481191694
obs_c5c3225cad924e3c,Autoencoder,total_quantity_rolling_MAD,0.8133313261839803
obs_c5c3225cad924e3c,Autoencoder,total_quantity_lag_6,0.5221554626645227
obs_c5c3225cad924e3c,Autoencoder,distinct_customers_lag_2,0.5064850676441434
obs_ba4615ca68392dff,Autoencoder,average_price,0.5943079184221529
obs_ba4615ca68392dff,Autoencoder,customer_loss_rate,0.5081093778827476
obs_ba4615ca68392dff,Autoencoder,total_sales_year_over_year_growth,0.44410111285271714
obs_3d2619e0bcd8352e,Autoencoder,distinct_customers_rolling_MAD,1.7208284070045028
obs_3d2619e0bcd8352e,Autoencoder,distributor_mix_change,1.1389705403262425
obs_3d2619e0bcd8352e,Autoencoder,distributor_concentration,1.1150170449482693
obs_7216f335bda97895,Autoencoder,distributor_mix_change,3.077559366873099
obs_7216f335bda97895,Autoencoder,channel_mix,1.3460495791128821
obs_7216f335bda97895,Autoencoder,distinct_customers_rolling_MAD,1.1429839856172388
obs_73bc6665a6add3d8,Autoencoder,total_quantity_product_class_relative,2.9194226962999705
obs_73bc6665a6add3d8,Autoencoder,total_quantity_year_over_year_growth,2.8325130833350105
obs_73bc6665a6add3d8,Autoencoder,total_quantity_team_relative,2.5368608592776827
obs_7b1d41c62eee039c,Autoencoder,total_quantity_rolling_std,4.234353430370097
obs_7b1d41c62eee039c,Autoencoder,total_quantity_trend,2.9949937576983636
obs_7b1d41c62eee039c,Autoencoder,distributor_mix_change,2.2224503087031273
obs_11c45d0687f2ab7e,Autoencoder,total_quantity_rolling_std,3.6445165682424
obs_11c45d0687f2ab7e,Autoencoder,distinct_customers_rolling_MAD,3.265082394554801
obs_11c45d0687f2ab7e,Autoencoder,total_quantity_lag_2,2.195435687711137
obs_5c20b3dd6cbeed3e,Autoencoder,total_quantity_rolling_std,3.0955113677431365
obs_5c20b3dd6cbeed3e,Autoencoder,distinct_customers_rolling_MAD,1.798209223029885
obs_5c20b3dd6cbeed3e,Autoencoder,new_customers,1.7337666125786293
obs_83cbe38d645eaa7b,Autoencoder,total_quantity_rolling_std,3.2678865564025683
obs_83cbe38d645eaa7b,Autoencoder,distinct_customers_rolling_MAD,1.087584866202326
obs_83cbe38d645eaa7b,Autoencoder,total_sales_rolling_std,0.9994744630809489
obs_9c7437eb4c478fc9,Autoencoder,distributor_concentration,5.302893252736518
obs_9c7437eb4c478fc9,Autoencoder,total_quantity_rolling_std,4.122539287648795
obs_9c7437eb4c478fc9,Autoencoder,simulated_actual_payout_peer_median,2.8860062869304755
obs_6be2b26857aa2441,Autoencoder,new_customers,10.770515725492706
obs_6be2b26857aa2441,Autoencoder,total_sales_lag_6,5.294378743711397
obs_6be2b26857aa2441,Autoencoder,simulated_actual_payout_peer_median,3.780821338859828
obs_08605942ae2f08e9,Autoencoder,distinct_customers_rolling_MAD,2.574406870474596
obs_08605942ae2f08e9,Autoencoder,distinct_customers_lag_2,2.4632288211288453
obs_08605942ae2f08e9,Autoencoder,new_customers,2.450613487965299
obs_94a7d64759033a11,Autoencoder,new_customers,7.130732904016373
obs_94a7d64759033a11,Autoencoder,distinct_customers_rolling_MAD,5.005250581642729
obs_94a7d64759033a11,Autoencoder,distinct_customers_rolling_std,3.479927097187634
obs_4bdf25bfc511bc04,Autoencoder,distributor_count,0.5859794371549661
obs_4bdf25bfc511bc04,Autoencoder,total_quantity_peer_median,0.20679025937731985
obs_4bdf25bfc511bc04,Autoencoder,distinct_customers_history_deviation,0.17662718552902162
obs_df4a590003964a49,Autoencoder,distributor_count,0.7271616107171905
obs_df4a590003964a49,Autoencoder,latitude_dispersion,0.7155743784967669
obs_df4a590003964a49,Autoencoder,product_breadth_change,0.5451568327427994
obs_737762458ee1173d,Autoencoder,distinct_customers_rolling_std,1.1690076786244814
obs_737762458ee1173d,Autoencoder,product_breadth_change,1.101590538925934
obs_737762458ee1173d,Autoencoder,total_sales_rolling_std,0.4065942002249344
obs_0ee2bb6350ce0d55,Autoencoder,total_sales_rolling_MAD,6.011885856313531
obs_0ee2bb6350ce0d55,Autoencoder,total_quantity_rolling_MAD,4.347402100792069
obs_0ee2bb6350ce0d55,Autoencoder,rank_change,0.5167138954587479
obs_e42f647bfaae561b,Autoencoder,total_sales_rolling_MAD,1.3565999452336983
obs_e42f647bfaae561b,Autoencoder,total_quantity_rolling_std,0.7925671460218691
obs_e42f647bfaae561b,Autoencoder,rank_change,0.5696570892952572
obs_fe45b3727f588964,Autoencoder,total_sales_rolling_MAD,4.204673121101849
obs_fe45b3727f588964,Autoencoder,customer_loss_rate,1.0373159967961563
obs_fe45b3727f588964,Autoencoder,product_class_share,0.8793103218544297
obs_fd6311aea139b9cf,Autoencoder,total_sales_rolling_MAD,1.9898389594372234
obs_fd6311aea139b9cf,Autoencoder,product_mix_change,1.212959519175083
obs_fd6311aea139b9cf,Autoencoder,distributor_mix_change,0.9620426265827572
obs_959cf626cf8b0281,Autoencoder,total_sales_rolling_MAD,1.3168653415486011
obs_959cf626cf8b0281,Autoencoder,total_quantity_rolling_std,0.8479697210012335
obs_959cf626cf8b0281,Autoencoder,product_mix_change,0.4691384206568789
obs_cb5961c34b34f824,Autoencoder,total_quantity_lag_6,0.8041848442063366
obs_cb5961c34b34f824,Autoencoder,channel_mix,0.7740933818535924
obs_cb5961c34b34f824,Autoencoder,total_sales_rolling_MAD,0.7122562130314152
obs_1535a94daa9bce14,Autoencoder,product_breadth_change,1.340873532038187
obs_1535a94daa9bce14,Autoencoder,distinct_customers_rolling_MAD,0.4709254723885592
obs_1535a94daa9bce14,Autoencoder,simulated_actual_payout_lag_12,0.38674155376822683
obs_91c31b8ff6f47940,Autoencoder,product_mix_change,16.2437909982751
obs_91c31b8ff6f47940,Autoencoder,product_concentration,0.5454262390785618
obs_91c31b8ff6f47940,Autoencoder,city_concentration,0.5368737308516072
obs_047509cc32370e7d,Autoencoder,product_breadth_change,1.075237353820374
obs_047509cc32370e7d,Autoencoder,product_mix_change,0.7269527664821318
obs_047509cc32370e7d,Autoencoder,distinct_products,0.5569718109461939
obs_d067341622c2be58,Autoencoder,product_breadth_change,2.739432309838771
obs_d067341622c2be58,Autoencoder,latitude_dispersion,1.4751521428140906
obs_d067341622c2be58,Autoencoder,country_mix,0.8770003287474979
obs_69def97dfb457caf,Autoencoder,latitude_dispersion,0.9862072379223974
obs_69def97dfb457caf,Autoencoder,simulated_actual_payout_rolling_MAD,0.8567290746706451
obs_69def97dfb457caf,Autoencoder,country_mix,0.8160438049337154
obs_26a847b1d4497868,Autoencoder,customer_loss_rate,0.5188462879167612
obs_26a847b1d4497868,Autoencoder,country_mix,0.46674308311310353
obs_26a847b1d4497868,Autoencoder,total_quantity_rolling_std,0.3870876609288747
obs_c64b17f78af3fc20,Autoencoder,subchannel_mix,2.9992629469438836
obs_c64b17f78af3fc20,Autoencoder,channel_mix,0.8048559376629548
obs_c64b17f78af3fc20,Autoencoder,total_quantity_peer_percentile,0.5948230271876611
obs_912a45deec5c9877,Autoencoder,total_quantity_peer_percentile,0.3874531098441385
obs_912a45deec5c9877,Autoencoder,total_sales_peer_percentile,0.32817640599999437
obs_912a45deec5c9877,Autoencoder,total_sales_rolling_MAD,0.2732725057422084
obs_f86621dad8423568,Autoencoder,distinct_customers_rolling_MAD,1.4475349490953937
obs_f86621dad8423568,Autoencoder,country_mix,0.5485663339764311
obs_f86621dad8423568,Autoencoder,total_quantity_rolling_std,0.4745109465814368
obs_21eccc1a36ef728f,Autoencoder,distributor_concentration,2.5694259532551977
obs_21eccc1a36ef728f,Autoencoder,simulated_actual_payout_lag_12,1.597476469907486
obs_21eccc1a36ef728f,Autoencoder,distinct_customers_rolling_MAD,0.9707814658711238
obs_cf88aeb5ef9c08d1,Autoencoder,customer_loss_rate,1.359498828996477
obs_cf88aeb5ef9c08d1,Autoencoder,distributor_mix_change,0.7299168319378108
obs_cf88aeb5ef9c08d1,Autoencoder,distinct_customers_lag_2,0.6696379350710001
obs_abde4f835ce4cb5a,Autoencoder,new_customers,1.5141219890474904
obs_abde4f835ce4cb5a,Autoencoder,latitude_dispersion,1.4077049258935677
obs_abde4f835ce4cb5a,Autoencoder,distinct_customers_product_class_relative,1.0443920102027109
obs_3b182b15539aec0a,Autoencoder,new_customers,1.7401987975427713
obs_3b182b15539aec0a,Autoencoder,latitude_dispersion,0.7278027805259643
obs_3b182b15539aec0a,Autoencoder,customer_loss_rate,0.7113704254787113
obs_944c60e265db1b64,Autoencoder,customer_loss_rate,1.7336400786842177
obs_944c60e265db1b64,Autoencoder,distinct_customers_lag_6,1.236334888524831
obs_944c60e265db1b64,Autoencoder,simulated_actual_payout_team_relative,1.0450079274426163
obs_9ca10903a999c6d7,Autoencoder,distinct_customers_rolling_MAD,3.4559330375829886
obs_9ca10903a999c6d7,Autoencoder,new_customers,2.288005477702632
obs_9ca10903a999c6d7,Autoencoder,simulated_actual_payout_rolling_MAD,1.9166116926686978
obs_5327c3840f4cea12,Autoencoder,new_customers,3.5164999017964305
obs_5327c3840f4cea12,Autoencoder,distributor_count,2.6233153089607852
obs_5327c3840f4cea12,Autoencoder,total_quantity_peer_median,2.3326939829102744
obs_c48289e0bca93184,Autoencoder,new_customers,4.905283956953201
obs_c48289e0bca93184,Autoencoder,simulated_actual_payout_peer_median,3.572500941634136
obs_c48289e0bca93184,Autoencoder,distinct_customers_lag_6,3.542056512937027
obs_51f13243c9343e52,Autoencoder,new_customers,13.202124730433034
obs_51f13243c9343e52,Autoencoder,distinct_customers_rolling_MAD,6.090097536121278
obs_51f13243c9343e52,Autoencoder,simulated_actual_payout_peer_median,5.8894677327567795
obs_8e9ea3ff8597b66e,Autoencoder,distinct_customers_lag_6,7.007572089479469
obs_8e9ea3ff8597b66e,Autoencoder,new_customers,5.712124835043217
obs_8e9ea3ff8597b66e,Autoencoder,distinct_customers_rolling_std,4.87991530685148
obs_4b5741ed50ba64eb,Autoencoder,latitude_dispersion,0.759670065418041
obs_4b5741ed50ba64eb,Autoencoder,total_quantity_peer_percentile,0.30068437143159155
obs_4b5741ed50ba64eb,Autoencoder,total_sales_peer_percentile,0.27888647989494775
obs_ff161deeacca9cba,Autoencoder,simulated_actual_payout_peer_median,1.1007892828241912
obs_ff161deeacca9cba,Autoencoder,latitude_dispersion,0.8469966585424802
obs_ff161deeacca9cba,Autoencoder,distinct_products,0.3461698515239978
obs_96f4af0799efbbc0,Autoencoder,distinct_customers_rolling_std,5.5759105052604765
obs_96f4af0799efbbc0,Autoencoder,total_quantity_rolling_std,2.8626296267873332
obs_96f4af0799efbbc0,Autoencoder,channel_mix,1.7507957295601924
obs_9ea2069f2f280202,Autoencoder,distinct_customers_rolling_MAD,5.68910443307816
obs_9ea2069f2f280202,Autoencoder,latitude_dispersion,0.8695595030197353
obs_9ea2069f2f280202,Autoencoder,distributor_count,0.4177901146642868
obs_684cebe21c44031c,Autoencoder,distinct_customers_rolling_MAD,1.840913231162274
obs_684cebe21c44031c,Autoencoder,total_quantity_peer_z,0.6734675901383215
obs_684cebe21c44031c,Autoencoder,total_quantity_peer_percentile,0.6723421517489183
obs_d6747d3fed5fe293,Autoencoder,simulated_actual_payout_rolling_MAD,2.161637511940506
obs_d6747d3fed5fe293,Autoencoder,distributor_concentration,1.1077691079213918
obs_d6747d3fed5fe293,Autoencoder,simulated_actual_payout_rolling_std,0.9756854754180864
obs_ae527233d11b8c58,Autoencoder,latitude_dispersion,0.5131906820875446
obs_ae527233d11b8c58,Autoencoder,product_breadth_change,0.4483274652838474
obs_ae527233d11b8c58,Autoencoder,total_sales_rolling_MAD,0.44209857922166806
obs_e0aa7af3118372d2,Autoencoder,latitude_dispersion,0.5549457468764802
obs_e0aa7af3118372d2,Autoencoder,product_class_share,0.5121775950211451
obs_e0aa7af3118372d2,Autoencoder,distributor_count,0.5021260795629582
obs_0229e81d5958fde5,Autoencoder,distributor_mix_change,1.4340354056636202
obs_0229e81d5958fde5,Autoencoder,distinct_customers_rolling_MAD,0.5861888811950554
obs_0229e81d5958fde5,Autoencoder,total_quantity_rolling_std,0.5345329323545109
obs_cad1ebb4b0087903,Autoencoder,distinct_customers_peer_percentile,0.3597407604233164
obs_cad1ebb4b0087903,Autoencoder,simulated_actual_payout_rolling_std,0.26046841999806913
obs_cad1ebb4b0087903,Autoencoder,latitude_dispersion,0.24485471327569755
obs_29b4c5dcc875026b,Autoencoder,total_sales_peer_median,1.0743377135934238
obs_29b4c5dcc875026b,Autoencoder,total_quantity_peer_median,1.0151529669804913
obs_29b4c5dcc875026b,Autoencoder,latitude_dispersion,0.8996108898077001
obs_8c7da68229dfd4dd,Autoencoder,latitude_dispersion,0.5145022264526239
obs_8c7da68229dfd4dd,Autoencoder,simulated_actual_payout_rolling_std,0.43460879210795655
obs_8c7da68229dfd4dd,Autoencoder,total_quantity_lag_6,0.43402114148264054
obs_c55be8b0c5d1aa36,Autoencoder,distinct_customers_rolling_MAD,0.7325817070483651
obs_c55be8b0c5d1aa36,Autoencoder,simulated_actual_payout_lag_12,0.7121168504741707
obs_c55be8b0c5d1aa36,Autoencoder,distinct_customers_rolling_std,0.41162792630009515
obs_856d745d7b285dd5,Autoencoder,total_quantity_lag_12,0.7772139096565788
obs_856d745d7b285dd5,Autoencoder,total_sales_year_over_year_growth,0.759868946171565
obs_856d745d7b285dd5,Autoencoder,channel_mix,0.7366673671748383
obs_c680775d3c45bb03,Autoencoder,total_sales_rolling_MAD,0.6772051828190502
obs_c680775d3c45bb03,Autoencoder,customer_loss_rate,0.5915299959109663
obs_c680775d3c45bb03,Autoencoder,total_quantity_history_deviation,0.5709353688230647
obs_ee269b31b2258a76,Autoencoder,simulated_actual_payout_peer_z,1.012123124973713
obs_ee269b31b2258a76,Autoencoder,total_sales_rolling_MAD,0.8328954110581749
obs_ee269b31b2258a76,Autoencoder,product_class_share,0.6404721389546006
obs_bcb97222de1e5531,Autoencoder,total_quantity_trend,0.7686056031733495
obs_bcb97222de1e5531,Autoencoder,latitude_dispersion,0.6890741007712005
obs_bcb97222de1e5531,Autoencoder,total_quantity_rolling_std,0.5829333975628941
obs_b89117199cbaf8fe,Autoencoder,total_sales_peer_z,0.9832840228632497
obs_b89117199cbaf8fe,Autoencoder,latitude_dispersion,0.8898433619491195
obs_b89117199cbaf8fe,Autoencoder,distributor_concentration,0.7315293285314544
obs_e7efc862635bfca3,Autoencoder,simulated_actual_payout_peer_median,0.9292051433382008
obs_e7efc862635bfca3,Autoencoder,distinct_customers_rolling_MAD,0.7965039294150574
obs_e7efc862635bfca3,Autoencoder,new_customers,0.7911830658509401
obs_157d22d466b324c7,Autoencoder,distinct_customers_rolling_MAD,1.753621609380196
obs_157d22d466b324c7,Autoencoder,new_customers,1.45147602564899
obs_157d22d466b324c7,Autoencoder,distributor_concentration,1.1828244561277008
obs_c4b4fb806e71be32,Autoencoder,new_customers,3.3231490347707093
obs_c4b4fb806e71be32,Autoencoder,total_quantity_trend,1.1264895469694771
obs_c4b4fb806e71be32,Autoencoder,country_mix,1.0810108698513266
obs_ee02843b8d5b905f,Autoencoder,distinct_customers_rolling_std,1.944523328456155
obs_ee02843b8d5b905f,Autoencoder,new_customers,1.6001506205234688
obs_ee02843b8d5b905f,Autoencoder,distributor_mix_change,1.1039741462161785
obs_936198b6db928724,Autoencoder,new_customers,4.773152401267445
obs_936198b6db928724,Autoencoder,product_mix_change,1.2486344731350327
obs_936198b6db928724,Autoencoder,distributor_mix_change,1.1999162283575142
obs_632a94bba6e0c262,Autoencoder,total_quantity_rolling_std,1.97436529056347
obs_632a94bba6e0c262,Autoencoder,distinct_customers_rolling_MAD,1.4145440409793428
obs_632a94bba6e0c262,Autoencoder,new_customers,1.2905797511461605
obs_f11ed02c849df06f,Autoencoder,new_customers,9.708469205457451
obs_f11ed02c849df06f,Autoencoder,subchannel_mix,2.535243195151276
obs_f11ed02c849df06f,Autoencoder,total_quantity_rolling_std,1.6942029499202094
obs_33372ad63a7d545f,Autoencoder,new_customers,6.78681591883226
obs_33372ad63a7d545f,Autoencoder,distinct_customers_rolling_MAD,5.4826916890682735
obs_33372ad63a7d545f,Autoencoder,product_breadth_change,4.252880637478242
obs_6658ec4b6b16eb6f,Autoencoder,new_customers,6.42651973168483
obs_6658ec4b6b16eb6f,Autoencoder,distributor_count,5.181887493175879
obs_6658ec4b6b16eb6f,Autoencoder,distinct_customers_rolling_std,3.444290463680819
obs_8fc1c60a30ed360f,Autoencoder,new_customers,6.097595623391706
obs_8fc1c60a30ed360f,Autoencoder,distributor_count,3.8339545311026577
obs_8fc1c60a30ed360f,Autoencoder,distinct_customers_lag_6,3.700693364997448
obs_7cd9291ab9e23889,Autoencoder,product_class_share,0.35084665595109
obs_7cd9291ab9e23889,Autoencoder,distributor_count,0.3323238685448226
obs_7cd9291ab9e23889,Autoencoder,total_quantity_peer_country_product_class_relative,0.2832384107949892
obs_35014e9dd1664d42,Autoencoder,latitude_dispersion,3.4952800606915377
obs_35014e9dd1664d42,Autoencoder,channel_mix,2.60345741815088
obs_35014e9dd1664d42,Autoencoder,product_breadth_change,0.5310339099856656
obs_e67ea1210406939c,Autoencoder,distributor_count,1.222141379644517
obs_e67ea1210406939c,Autoencoder,distinct_customers_history_deviation,0.9847360417588688
obs_e67ea1210406939c,Autoencoder,total_sales_history_deviation,0.6506268178594105
obs_b1ccbb453e9c0135,Autoencoder,latitude_dispersion,1.8734226619107885
obs_b1ccbb453e9c0135,Autoencoder,distinct_customers_rolling_MAD,1.1034666346601363
obs_b1ccbb453e9c0135,Autoencoder,customer_loss_rate,1.0875750866143146
obs_2f39d6c9fe4e897e,Autoencoder,simulated_actual_payout_rolling_std,2.856027253997481
obs_2f39d6c9fe4e897e,Autoencoder,distributor_mix_change,1.8250438637947262
obs_2f39d6c9fe4e897e,Autoencoder,simulated_actual_payout_rolling_mean_6,1.3474541019274549
obs_934fef4e832aff1c,Autoencoder,simulated_actual_payout_rolling_std,3.6063615507235767
obs_934fef4e832aff1c,Autoencoder,simulated_actual_payout_rolling_mean_6,1.1770920620289982
obs_934fef4e832aff1c,Autoencoder,total_quantity_rolling_median,0.8518511506208871
obs_f98e680761efb923,Autoencoder,latitude_dispersion,2.8836375001707113
obs_f98e680761efb923,Autoencoder,product_mix_change,1.737534296130749
obs_f98e680761efb923,Autoencoder,subchannel_mix,1.4961005794543984
obs_22e6af2dcecc25cf,Autoencoder,total_quantity_rolling_std,1.6288230088490723
obs_22e6af2dcecc25cf,Autoencoder,total_sales_rolling_MAD,1.0005219286465017
obs_22e6af2dcecc25cf,Autoencoder,simulated_actual_payout_rolling_median,0.823249444044932
obs_b930465323cdf45f,Autoencoder,total_quantity_rolling_std,2.401973981730847
obs_b930465323cdf45f,Autoencoder,subchannel_mix,1.6388697312718647
obs_b930465323cdf45f,Autoencoder,total_quantity_rolling_mean_3,0.8993768341783314
obs_aff0d3b25f8b847b,Autoencoder,total_quantity_rolling_std,2.80095551376989
obs_aff0d3b25f8b847b,Autoencoder,customer_loss_rate,2.703055264651993
obs_aff0d3b25f8b847b,Autoencoder,total_sales_rolling_MAD,1.9634759554637207
obs_93c8a88af7e3824d,Autoencoder,product_mix_change,11.861227233385442
obs_93c8a88af7e3824d,Autoencoder,total_quantity_rolling_std,3.034489817730373
obs_93c8a88af7e3824d,Autoencoder,total_sales_rolling_MAD,1.4426788097218772
obs_1f1b3fd393d99e28,Autoencoder,latitude_dispersion,2.113223177026981
obs_1f1b3fd393d99e28,Autoencoder,new_customers,0.9720218766828201
obs_1f1b3fd393d99e28,Autoencoder,total_quantity_rolling_std,0.6879349899138493
obs_5c2e84244ceccaea,Autoencoder,distinct_customers_rolling_MAD,1.9006341018065187
obs_5c2e84244ceccaea,Autoencoder,simulated_actual_payout_lag_12,1.8800989436088162
obs_5c2e84244ceccaea,Autoencoder,simulated_actual_payout_peer_median,0.5781815828400545
obs_20d3d2a2e4e17f46,Autoencoder,latitude_dispersion,0.8710190922465664
obs_20d3d2a2e4e17f46,Autoencoder,simulated_actual_payout_trend,0.4578040551066246
obs_20d3d2a2e4e17f46,Autoencoder,distributor_mix_change,0.40653593945424893
obs_2dd788baad324c83,Autoencoder,total_sales_year_over_year_growth,1.339571805822509
obs_2dd788baad324c83,Autoencoder,total_quantity_year_over_year_growth,1.193274601017377
obs_2dd788baad324c83,Autoencoder,latitude_dispersion,0.9371429656973712
obs_1281ff9b7d79031c,Autoencoder,distributor_mix_change,1.1721061133349264
obs_1281ff9b7d79031c,Autoencoder,latitude_dispersion,0.7680627003876779
obs_1281ff9b7d79031c,Autoencoder,product_mix_change,0.5871225117493712
obs_2a7bc1113ffef823,Autoencoder,customer_loss_rate,1.049006820587759
obs_2a7bc1113ffef823,Autoencoder,total_sales_rolling_MAD,0.7563138210854424
obs_2a7bc1113ffef823,Autoencoder,distributor_mix_change,0.6026171005508699
obs_043ebf753eede07f,Autoencoder,product_mix_change,3.4995274742660434
obs_043ebf753eede07f,Autoencoder,simulated_actual_payout_lag_12,2.515691004348345
obs_043ebf753eede07f,Autoencoder,total_quantity_lag_12,1.7376950411354013
obs_80c63ffe914d53d1,Autoencoder,simulated_actual_payout_year_over_year_growth,1.4196448684493963
obs_80c63ffe914d53d1,Autoencoder,distributor_mix_change,1.2295350000854657
obs_80c63ffe914d53d1,Autoencoder,total_sales_year_over_year_growth,1.1632872055176193
obs_b561b25e5070268d,Autoencoder,subchannel_mix,1.364273680987533
obs_b561b25e5070268d,Autoencoder,distinct_customers_rolling_MAD,1.2458072064093977
obs_b561b25e5070268d,Autoencoder,simulated_actual_payout_trend,1.2060666912363855
obs_e73d82a12c2c46af,Autoencoder,country_mix,1.5728215606695395
obs_e73d82a12c2c46af,Autoencoder,distinct_customers_lag_6,1.2561778807275654
obs_e73d82a12c2c46af,Autoencoder,latitude_dispersion,1.2422422409740828
obs_2321a847c7af5a11,Autoencoder,distinct_customers_rolling_std,1.281597104832904
obs_2321a847c7af5a11,Autoencoder,new_customers,1.0752747782855636
obs_2321a847c7af5a11,Autoencoder,simulated_actual_payout_rolling_std,0.5382801830968693
obs_66a3a3e725623d23,Autoencoder,new_customers,2.511442679431789
obs_66a3a3e725623d23,Autoencoder,distributor_mix_change,1.839525064424283
obs_66a3a3e725623d23,Autoencoder,distinct_customers_rolling_MAD,1.0857491363799636
obs_a64442afd0c679c5,Autoencoder,average_price,11.460547662087306
obs_a64442afd0c679c5,Autoencoder,new_customers,2.967449341628115
obs_a64442afd0c679c5,Autoencoder,distinct_customers_rolling_MAD,2.676883012703683
obs_08e3ffcfe50579d8,Autoencoder,distributor_count,1.7382546973870168
obs_08e3ffcfe50579d8,Autoencoder,distinct_customers_rolling_std,1.306010191221791
obs_08e3ffcfe50579d8,Autoencoder,new_customers,1.2887038817619623
obs_d46736be5597657e,Autoencoder,new_customers,6.82305074977143
obs_d46736be5597657e,Autoencoder,distinct_customers_rolling_MAD,3.9467706956804665
obs_d46736be5597657e,Autoencoder,simulated_actual_payout_peer_median,3.4629736610325863
obs_c5a8d498671eed1d,Autoencoder,simulated_payout_delta,84.1292098607827
obs_c5a8d498671eed1d,Autoencoder,simulated_payout_delta_pct,32.36888330395253
obs_c5a8d498671eed1d,Autoencoder,simulated_payout_to_sales_ratio,16.721747035464894
obs_902988302cf00c77,Autoencoder,new_customers,21.02667679914548
obs_902988302cf00c77,Autoencoder,simulated_actual_payout_trend,6.492224707405521
obs_902988302cf00c77,Autoencoder,distinct_customers_lag_6,6.481754301019676
obs_d3f01262ad4045cd,Autoencoder,distributor_concentration,0.9224393781485934
obs_d3f01262ad4045cd,Autoencoder,total_sales_peer_percentile,0.19316849454796897
obs_d3f01262ad4045cd,Autoencoder,product_class_share,0.18316758411086762
obs_7b8ed877916254b4,Autoencoder,total_quantity_month_over_month_growth,0.6305353597843297
obs_7b8ed877916254b4,Autoencoder,product_breadth_change,0.5870739814881246
obs_7b8ed877916254b4,Autoencoder,total_quantity,0.47747442708607024
obs_2a8b2584fb5642b5,Autoencoder,simulated_payout_to_sales_ratio,1.0789001926999815
obs_2a8b2584fb5642b5,Autoencoder,product_mix_change,1.0644566217419211
obs_2a8b2584fb5642b5,Autoencoder,total_quantity_rolling_std,0.9296791431057299
obs_2f7c264d425def13,Autoencoder,latitude_dispersion,1.4594772155526765
obs_2f7c264d425def13,Autoencoder,simulated_payout_to_sales_ratio,1.2584048684917253
obs_2f7c264d425def13,Autoencoder,distinct_customers_rolling_std,0.9843929818741337
obs_b5c639f7cc222bb1,Autoencoder,customer_loss_rate,1.9602423181904132
obs_b5c639f7cc222bb1,Autoencoder,distinct_customers_rolling_MAD,0.37254828823267855
obs_b5c639f7cc222bb1,Autoencoder,simulated_actual_payout_rolling_std,0.311955214199783
obs_147d84ddc706e3e6,Autoencoder,customer_loss_rate,2.25093576715878
obs_147d84ddc706e3e6,Autoencoder,latitude_dispersion,0.6256307008965293
obs_147d84ddc706e3e6,Autoencoder,distinct_customers_acceleration,0.5079152505108272
obs_02d90b7c36a77e71,Autoencoder,simulated_actual_payout_lag_3,0.7687144411239012
obs_02d90b7c36a77e71,Autoencoder,simulated_actual_payout_rolling_MAD,0.7212495936270793
obs_02d90b7c36a77e71,Autoencoder,channel_mix,0.7124225056670778
obs_748765f00024da5c,Autoencoder,simulated_actual_payout_rolling_MAD,5.647461987730537
obs_748765f00024da5c,Autoencoder,total_quantity_lag_6,1.5926487655542283
obs_748765f00024da5c,Autoencoder,product_mix_change,1.2908131498240363
obs_c38319956cd44f75,Autoencoder,simulated_actual_payout_history_deviation,2.8219461923753073
obs_c38319956cd44f75,Autoencoder,simulated_actual_payout_rolling_MAD,2.5565442531323326
obs_c38319956cd44f75,Autoencoder,total_sales_lag_6,1.0606392800382125
obs_dd3c9633e41e6035,Autoencoder,latitude_dispersion,2.2124324052698605
obs_dd3c9633e41e6035,Autoencoder,customer_loss_rate,0.9488722878485517
obs_dd3c9633e41e6035,Autoencoder,simulated_actual_payout_rolling_std,0.34973104497650215
obs_bf974ba023a14a2a,Autoencoder,total_quantity_month_over_month_growth,0.674995182228253
obs_bf974ba023a14a2a,Autoencoder,latitude_dispersion,0.6071980080513371
obs_bf974ba023a14a2a,Autoencoder,total_quantity_acceleration,0.5472252305075992
obs_b737010e5a567cb0,Autoencoder,latitude_dispersion,5.304903561010345
obs_b737010e5a567cb0,Autoencoder,total_quantity_history_deviation,0.6762449699360825
obs_b737010e5a567cb0,Autoencoder,product_concentration,0.5419929376046931
obs_4df3b3bce7e94fd9,Autoencoder,product_mix_change,0.6952709728745531
obs_4df3b3bce7e94fd9,Autoencoder,total_quantity_rolling_MAD,0.6884783264578532
obs_4df3b3bce7e94fd9,Autoencoder,total_sales_lag_12,0.5890518533647611
obs_646b38202b90e7f4,Autoencoder,total_sales_year_over_year_growth,1.901773433211753
obs_646b38202b90e7f4,Autoencoder,total_sales_lag_12,1.7598354811633112
obs_646b38202b90e7f4,Autoencoder,total_quantity_lag_12,1.5354743759148521
obs_4fa92ce6ce27c5b3,Autoencoder,total_quantity_rolling_MAD,1.3758163948970663
obs_4fa92ce6ce27c5b3,Autoencoder,total_sales_rolling_std,0.9672027397287274
obs_4fa92ce6ce27c5b3,Autoencoder,product_breadth_change,0.8447588563434022
obs_148589c47958c750,Autoencoder,total_quantity_rolling_MAD,1.0719238478054487
obs_148589c47958c750,Autoencoder,channel_mix,0.7054117075116406
obs_148589c47958c750,Autoencoder,total_sales_rolling_std,0.3742657569891194
obs_df5e49cf0f6ccd0f,Autoencoder,total_quantity_rolling_MAD,0.6843691262063158
obs_df5e49cf0f6ccd0f,Autoencoder,product_breadth_change,0.5700641172061437
obs_df5e49cf0f6ccd0f,Autoencoder,total_sales_lag_6,0.5018496296284107
obs_142930539284638f,Autoencoder,latitude_dispersion,1.4797900435864277
obs_142930539284638f,Autoencoder,distinct_customers_rolling_MAD,0.9262076520360699
obs_142930539284638f,Autoencoder,product_breadth_change,0.5745805967806243
obs_5d8aea770b79e5ec,Autoencoder,simulated_payout_to_sales_ratio,378.7138214708754
obs_5d8aea770b79e5ec,Autoencoder,customer_loss_rate,138.48572591809548
obs_5d8aea770b79e5ec,Autoencoder,median_price,25.293029324355516
obs_280bd9281188dddf,Autoencoder,total_sales_month_over_month_growth,21.098992084043807
obs_280bd9281188dddf,Autoencoder,total_sales_lag_1,14.15499826195049
obs_280bd9281188dddf,Autoencoder,total_sales_acceleration,11.6734207535333
obs_c6b0474c323eb704,Autoencoder,total_sales_lag_2,10.945552338000821
obs_c6b0474c323eb704,Autoencoder,total_sales_acceleration,10.091043740866576
obs_c6b0474c323eb704,Autoencoder,total_sales_lag_1,3.20109301552694
obs_bd593f383b0e6676,Autoencoder,total_sales_lag_3,16.345211738833644
obs_bd593f383b0e6676,Autoencoder,total_sales_trend,9.193825643014518
obs_bd593f383b0e6676,Autoencoder,distributor_concentration,4.076651672557177
obs_03d9d98392f40653,Autoencoder,distributor_mix_change,6.86716034882187
obs_03d9d98392f40653,Autoencoder,total_sales_lag_3,5.406512546929349
obs_03d9d98392f40653,Autoencoder,new_customers,4.304294057486182
obs_2f8eb50592cf1dcd,Autoencoder,new_customers,3.9881063209478715
obs_2f8eb50592cf1dcd,Autoencoder,latitude_dispersion,1.0696828328111418
obs_2f8eb50592cf1dcd,Autoencoder,distributor_concentration,0.9454380620801835
obs_b1b7fef11e1d4dc9,Autoencoder,total_quantity_lag_6,24.034143935577127
obs_b1b7fef11e1d4dc9,Autoencoder,total_sales_lag_6,16.839617982953847
obs_b1b7fef11e1d4dc9,Autoencoder,total_quantity_peer_median,2.4615371620773194
obs_3f0ccaf0362e81e1,Autoencoder,total_quantity_lag_6,11.000068799856772
obs_3f0ccaf0362e81e1,Autoencoder,total_sales_lag_6,6.17396668990523
obs_3f0ccaf0362e81e1,Autoencoder,simulated_actual_payout_peer_median,4.092154445775641
obs_544e87c9754de2a1,Autoencoder,new_customers,5.4566721916485195
obs_544e87c9754de2a1,Autoencoder,distinct_customers_rolling_MAD,4.142644630498631
obs_544e87c9754de2a1,Autoencoder,distributor_count,3.0478881912407076
obs_1e7998d0440ce97f,Autoencoder,new_customers,5.292846911130289
obs_1e7998d0440ce97f,Autoencoder,latitude_dispersion,2.870041486447005
obs_1e7998d0440ce97f,Autoencoder,distinct_customers_lag_6,2.73650129919318
obs_6e13fd082165ead9,Autoencoder,distributor_concentration,0.7989301200220719
obs_6e13fd082165ead9,Autoencoder,average_price,0.5948364678017993
obs_6e13fd082165ead9,Autoencoder,latitude_dispersion,0.588943410303614
obs_9b97af6148b25f1a,Autoencoder,product_breadth_change,1.6316207249352257
obs_9b97af6148b25f1a,Autoencoder,customer_loss_rate,0.905466127381643
obs_9b97af6148b25f1a,Autoencoder,total_quantity_peer_percentile,0.3692344888501223
obs_f6eb93cbbf7375ff,Autoencoder,total_sales_rolling_std,0.4010950681845219
obs_f6eb93cbbf7375ff,Autoencoder,distributor_count,0.3321182339960292
obs_f6eb93cbbf7375ff,Autoencoder,total_quantity_acceleration,0.2850172927712778
obs_2bb90c5f64009fad,Autoencoder,total_sales_rolling_MAD,3.5820770555373254
obs_2bb90c5f64009fad,Autoencoder,total_quantity_rolling_MAD,3.200580009426232
obs_2bb90c5f64009fad,Autoencoder,latitude_dispersion,1.6240697485654318
obs_a4e1978d459c3f78,Autoencoder,customer_loss_rate,3.12148786644004
obs_a4e1978d459c3f78,Autoencoder,product_breadth_change,2.1377237360674393
obs_a4e1978d459c3f78,Autoencoder,subchannel_mix,0.699336709006935
obs_36d9ce091d0620ff,Autoencoder,total_quantity_product_class_relative,1.9390688495128703
obs_36d9ce091d0620ff,Autoencoder,total_quantity_peer_country_product_class_relative,1.5378977531804519
obs_36d9ce091d0620ff,Autoencoder,distinct_customers_rolling_MAD,1.4848511128602548
obs_17f088e62032bc1a,Autoencoder,total_quantity_lag_1,0.7944553141497834
obs_17f088e62032bc1a,Autoencoder,distributor_mix_change,0.6821696422334235
obs_17f088e62032bc1a,Autoencoder,total_quantity_rolling_MAD,0.6501117744136212
obs_907add980b3e9986,Autoencoder,total_quantity_rolling_MAD,1.1985273300964938
obs_907add980b3e9986,Autoencoder,distinct_customers_rolling_MAD,0.9012308019624973
obs_907add980b3e9986,Autoencoder,total_quantity_lag_2,0.6684695018293532
obs_83db82e8e13f2f6e,Autoencoder,latitude_dispersion,2.8806981465246917
obs_83db82e8e13f2f6e,Autoencoder,distinct_customers_rolling_MAD,1.220051987272923
obs_83db82e8e13f2f6e,Autoencoder,total_quantity_lag_3,0.777879644202049
obs_dff1b66938b8f8cb,Autoencoder,simulated_actual_payout_peer_z,1.274953413216835
obs_dff1b66938b8f8cb,Autoencoder,total_sales_peer_percentile,0.865309735528704
obs_dff1b66938b8f8cb,Autoencoder,product_mix_change,0.7769360579350241
obs_c3301c211f9b71cc,Autoencoder,product_mix_change,0.6073449203845637
obs_c3301c211f9b71cc,Autoencoder,new_customers,0.4711472131920818
obs_c3301c211f9b71cc,Autoencoder,repeat_customer_ratio,0.3145953829908952
obs_062bad93b51845e8,Autoencoder,total_quantity_lag_6,2.4010110043192734
obs_062bad93b51845e8,Autoencoder,total_quantity_rolling_std,0.7277138092804072
obs_062bad93b51845e8,Autoencoder,total_sales_lag_6,0.6648113576861758
obs_780058a1c73c5452,Autoencoder,distributor_mix_change,1.9479057760484886
obs_780058a1c73c5452,Autoencoder,distinct_customers_rolling_std,1.1823603693687625
obs_780058a1c73c5452,Autoencoder,distinct_customers_rolling_MAD,1.136797331261943
obs_d73fe1615c68fdfc,Autoencoder,distinct_customers_rolling_MAD,1.7282993000389129
obs_d73fe1615c68fdfc,Autoencoder,simulated_actual_payout_rolling_median,0.6765017506734443
obs_d73fe1615c68fdfc,Autoencoder,country_mix,0.6418862178937642
obs_ce537d6fe6c5d260,Autoencoder,distinct_customers_lag_2,0.9107328695063917
obs_ce537d6fe6c5d260,Autoencoder,distinct_customers_rolling_MAD,0.7606198631157902
obs_ce537d6fe6c5d260,Autoencoder,latitude_dispersion,0.43151202843623393
obs_6534540a6fb12523,Autoencoder,simulated_actual_payout_rolling_MAD,1.8052157663649144
obs_6534540a6fb12523,Autoencoder,total_sales_year_over_year_growth,1.5636250052474676
obs_6534540a6fb12523,Autoencoder,total_sales_lag_12,1.2840817271289662
obs_14541eefb04e6a1c,Autoencoder,latitude_dispersion,2.061983767348342
obs_14541eefb04e6a1c,Autoencoder,simulated_payout_to_sales_ratio,1.8221887106293113
obs_14541eefb04e6a1c,Autoencoder,product_mix_change,1.365024025284373
obs_2e324c032723d014,Autoencoder,total_sales_month_over_month_growth,1.4428210873070473
obs_2e324c032723d014,Autoencoder,distinct_customers_rolling_MAD,1.0257270121347029
obs_2e324c032723d014,Autoencoder,total_sales_lag_1,0.6427118014803445
obs_ebe5b8bf5d5ad451,Autoencoder,distributor_concentration,2.129172510588521
obs_ebe5b8bf5d5ad451,Autoencoder,product_mix_change,1.3377324380377826
obs_ebe5b8bf5d5ad451,Autoencoder,new_customers,1.3277403218102373
obs_052848da90300067,Autoencoder,total_sales_trend,1.5352662127761239
obs_052848da90300067,Autoencoder,simulated_actual_payout_rolling_MAD,1.5147818107417286
obs_052848da90300067,Autoencoder,distinct_customers_rolling_MAD,1.2745809573065576
obs_65a51d0317d5d6b6,Autoencoder,distinct_customers_rolling_MAD,2.2287522418387145
obs_65a51d0317d5d6b6,Autoencoder,distinct_customers_lag_6,1.2237990243277177
obs_65a51d0317d5d6b6,Autoencoder,total_sales_lag_12,1.0916416444093657
obs_b39eb0301781b477,Autoencoder,distinct_customers_rolling_std,3.285470946018346
obs_b39eb0301781b477,Autoencoder,distinct_customers_rolling_MAD,2.9431676898110206
obs_b39eb0301781b477,Autoencoder,product_mix_change,2.288375233589565
obs_87a8cb1c321eb328,Autoencoder,distinct_customers_rolling_MAD,2.4650450322284603
obs_87a8cb1c321eb328,Autoencoder,new_customers,2.155494057469567
obs_87a8cb1c321eb328,Autoencoder,distinct_customers_rolling_std,1.772749809738394
obs_b3e2742a6ccab663,Autoencoder,distinct_customers_rolling_MAD,2.611129271658086
obs_b3e2742a6ccab663,Autoencoder,distributor_concentration,1.6125527497862986
obs_b3e2742a6ccab663,Autoencoder,distinct_customers_rolling_std,1.4868640832933404
obs_97d0242a52bba266,Autoencoder,new_customers,14.944200179538994
obs_97d0242a52bba266,Autoencoder,total_quantity_rolling_median,2.9715418134450315
obs_97d0242a52bba266,Autoencoder,distributor_count,2.6502820323965683
obs_ef32f788a96725c8,Autoencoder,new_customers,8.621420933348887
obs_ef32f788a96725c8,Autoencoder,distributor_count,2.6567004572936286
obs_ef32f788a96725c8,Autoencoder,distinct_customers_lag_6,2.5793627265650914
obs_e01f280f5f460ee7,Autoencoder,distributor_count,5.120571047167582
obs_e01f280f5f460ee7,Autoencoder,new_customers,5.069167610005803
obs_e01f280f5f460ee7,Autoencoder,product_breadth_change,4.358540696137629
obs_e6d005d98582fb46,Autoencoder,new_customers,8.905767645455205
obs_e6d005d98582fb46,Autoencoder,distinct_customers_lag_6,3.698286663050953
obs_e6d005d98582fb46,Autoencoder,distinct_customers_rolling_std,2.0780983348346354
obs_5c4929a697dbbdfe,Autoencoder,distinct_products,0.3621795650135172
obs_5c4929a697dbbdfe,Autoencoder,total_quantity,0.2865098144920833
obs_5c4929a697dbbdfe,Autoencoder,average_price,0.27507842359047163
obs_16ad5f7ddf147b74,Autoencoder,product_breadth_change,1.8056693006083016
obs_16ad5f7ddf147b74,Autoencoder,latitude_dispersion,0.6779225426198958
obs_16ad5f7ddf147b74,Autoencoder,total_quantity_month_over_month_growth,0.5660726557483989
obs_384a5033d3110712,Autoencoder,latitude_dispersion,1.7076088336447062
obs_384a5033d3110712,Autoencoder,distinct_customers_rolling_std,1.6619639760632918
obs_384a5033d3110712,Autoencoder,distinct_customers_history_deviation,0.8517092354745122
obs_3e3926de8a10965d,Autoencoder,product_mix_change,2.0936530752035782
obs_3e3926de8a10965d,Autoencoder,simulated_payout_to_sales_ratio,1.45869899409977
obs_3e3926de8a10965d,Autoencoder,total_quantity_rolling_MAD,0.990829911956066
obs_8d639df99c79a561,Autoencoder,channel_mix,0.8994321361604954
obs_8d639df99c79a561,Autoencoder,distributor_concentration,0.8170736547858434
obs_8d639df99c79a561,Autoencoder,distinct_customers_lag_3,0.5737957260048256
obs_b372b06ae2e6a419,Autoencoder,total_quantity_rolling_MAD,2.316121253096697
obs_b372b06ae2e6a419,Autoencoder,latitude_dispersion,0.71250591279704
obs_b372b06ae2e6a419,Autoencoder,total_sales_rolling_median,0.5539827148944111
obs_98bbb26f2aeb5380,Autoencoder,latitude_dispersion,1.603397626048843
obs_98bbb26f2aeb5380,Autoencoder,total_quantity_lag_6,0.9832494083275696
obs_98bbb26f2aeb5380,Autoencoder,channel_mix,0.9317688516668895
obs_4f0aafcd3b129198,Autoencoder,distributor_mix_change,0.6644674235798688
obs_4f0aafcd3b129198,Autoencoder,distinct_customers_rolling_MAD,0.433886593017129
obs_4f0aafcd3b129198,Autoencoder,average_price,0.35831652989005885
obs_60af4f1c0a28dc54,Autoencoder,distinct_customers_lag_6,0.5785526655780499
obs_60af4f1c0a28dc54,Autoencoder,customer_loss_rate,0.5416227178952916
obs_60af4f1c0a28dc54,Autoencoder,simulated_actual_payout_trend,0.47509050934976654
obs_e7e0599feffde74f,Autoencoder,latitude_dispersion,9.536191951651196
obs_e7e0599feffde74f,Autoencoder,channel_mix,1.5376968200407406
obs_e7e0599feffde74f,Autoencoder,distinct_customers_lag_6,0.6346620413484058
obs_285b8a25ad929712,Autoencoder,channel_mix,0.6618174059590651
obs_285b8a25ad929712,Autoencoder,distributor_concentration,0.36748204307085364
obs_285b8a25ad929712,Autoencoder,latitude_dispersion,0.3595156468573818
obs_e409e0b87cd6c57a,Autoencoder,subchannel_mix,3.340327960156561
obs_e409e0b87cd6c57a,Autoencoder,distributor_concentration,1.3222383138749572
obs_e409e0b87cd6c57a,Autoencoder,latitude_dispersion,0.9868628186373475
obs_4b01603ccbad5716,Autoencoder,total_quantity_history_deviation,1.23918388044107
obs_4b01603ccbad5716,Autoencoder,total_quantity_rolling_MAD,0.9493014094356582
obs_4b01603ccbad5716,Autoencoder,distinct_customers_rolling_std,0.6799984809995643
obs_a3e184d42bede7e7,Autoencoder,distinct_customers_rolling_MAD,1.0161503195006008
obs_a3e184d42bede7e7,Autoencoder,total_sales_year_over_year_growth,0.7347378717584369
obs_a3e184d42bede7e7,Autoencoder,product_mix_change,0.7306512762563162
obs_985d7b9ca766f221,Autoencoder,distinct_customers_lag_2,0.7392055547780035
obs_985d7b9ca766f221,Autoencoder,simulated_actual_payout_lag_12,0.632820701881147
obs_985d7b9ca766f221,Autoencoder,distributor_mix_change,0.6167079164842287
obs_343e1fbf672a0a53,Autoencoder,product_mix_change,0.800577838188873
obs_343e1fbf672a0a53,Autoencoder,simulated_actual_payout_rolling_median,0.6807594367284078
obs_343e1fbf672a0a53,Autoencoder,total_quantity_rolling_median,0.6662390774721294
obs_086e9144f8bbba1c,Autoencoder,total_sales_year_over_year_growth,2.690709219590669
obs_086e9144f8bbba1c,Autoencoder,simulated_actual_payout_year_over_year_growth,1.8206346082260354
obs_086e9144f8bbba1c,Autoencoder,total_quantity_year_over_year_growth,1.4009548481333844
obs_0b0bab2652c11fe0,Autoencoder,distributor_concentration,0.8601915339673007
obs_0b0bab2652c11fe0,Autoencoder,country_mix,0.8120155979185647
obs_0b0bab2652c11fe0,Autoencoder,product_mix_change,0.5748614486748826
obs_fb3c719b2d7a3038,Autoencoder,simulated_actual_payout_peer_median,1.0320253889461666
obs_fb3c719b2d7a3038,Autoencoder,total_sales_rolling_MAD,0.9321946562690845
obs_fb3c719b2d7a3038,Autoencoder,latitude_dispersion,0.8207364071212648
obs_f3d3295a0ffa2297,Autoencoder,total_quantity_peer_median,0.9521541069144206
obs_f3d3295a0ffa2297,Autoencoder,simulated_actual_payout_peer_median,0.8898835515166382
obs_f3d3295a0ffa2297,Autoencoder,distinct_customers_lag_6,0.6423948656631047
obs_384517c9a0db6481,Autoencoder,country_mix,0.9658627316045373
obs_384517c9a0db6481,Autoencoder,distinct_customers_lag_6,0.8246335087832397
obs_384517c9a0db6481,Autoencoder,distinct_customers_team_relative,0.7797173884050556
obs_3bb7216504ef8629,Autoencoder,customer_loss_rate,1.8639882903044003
obs_3bb7216504ef8629,Autoencoder,product_mix_change,1.2886824325650288
obs_3bb7216504ef8629,Autoencoder,total_sales_rolling_std,1.153473015956165
obs_ac208950ac875d7b,Autoencoder,new_customers,3.652996732415407
obs_ac208950ac875d7b,Autoencoder,total_sales_rolling_std,1.2054546557849484
obs_ac208950ac875d7b,Autoencoder,distinct_customers_rolling_std,0.5975241687809144
obs_20c75b0c1c5d3c7d,Autoencoder,distributor_mix_change,1.9108967290466539
obs_20c75b0c1c5d3c7d,Autoencoder,new_customers,1.2952146899848571
obs_20c75b0c1c5d3c7d,Autoencoder,latitude_dispersion,1.1069749203510457
obs_17f53ec8367d9e62,Autoencoder,distributor_count,4.881214396116405
obs_17f53ec8367d9e62,Autoencoder,new_customers,2.8998627327847006
obs_17f53ec8367d9e62,Autoencoder,total_sales_lag_1,2.647389747487671
obs_9967bf55d0b81cf9,Autoencoder,simulated_actual_payout_peer_median,3.277954667997136
obs_9967bf55d0b81cf9,Autoencoder,new_customers,2.396580413284577
obs_9967bf55d0b81cf9,Autoencoder,product_concentration,1.9934030410081232
obs_e24f5f74b36d7230,Autoencoder,distributor_count,6.694205619031665
obs_e24f5f74b36d7230,Autoencoder,distinct_customers_rolling_MAD,6.628703323020544
obs_e24f5f74b36d7230,Autoencoder,new_customers,4.0924669201911685
obs_780a2f8eae014516,Autoencoder,distinct_customers_rolling_MAD,3.0115089763224168
obs_780a2f8eae014516,Autoencoder,distinct_customers_lag_6,2.9055860342416295
obs_780a2f8eae014516,Autoencoder,distributor_mix_change,2.4414096652952595
obs_59c7d31794f68754,Autoencoder,channel_mix,3.279759876171934
obs_59c7d31794f68754,Autoencoder,distributor_concentration,0.5415257256848388
obs_59c7d31794f68754,Autoencoder,product_class_share,0.38890998791589904
obs_c44addd8177a87e0,Autoencoder,subchannel_mix,0.9055720443156611
obs_c44addd8177a87e0,Autoencoder,latitude_dispersion,0.6317739992379866
obs_c44addd8177a87e0,Autoencoder,product_class_share,0.5535102659119312
obs_d19aa9c60179ccbe,Autoencoder,distinct_customers_rolling_std,0.4422183141143434
obs_d19aa9c60179ccbe,Autoencoder,distinct_products,0.4113200187102358
obs_d19aa9c60179ccbe,Autoencoder,customer_loss_rate,0.3970425417509356
obs_df28f7f597eefdf1,Autoencoder,distributor_mix_change,1.7887548775622708
obs_df28f7f597eefdf1,Autoencoder,total_sales_history_deviation,0.8516720596406682
obs_df28f7f597eefdf1,Autoencoder,product_mix_change,0.7648844448065717
obs_7ebd3a3ed2f5e1bc,Autoencoder,latitude_dispersion,2.67815546931141
obs_7ebd3a3ed2f5e1bc,Autoencoder,simulated_actual_payout_rolling_std,0.538503613360094
obs_7ebd3a3ed2f5e1bc,Autoencoder,simulated_actual_payout_peer_percentile,0.41644991247180446
obs_719970dc4eb17e4c,Autoencoder,simulated_actual_payout_rolling_std,1.3887676023092261
obs_719970dc4eb17e4c,Autoencoder,channel_mix,0.9847567084788821
obs_719970dc4eb17e4c,Autoencoder,total_quantity_rolling_MAD,0.6040982596664879
obs_4d55ec17f95a25c0,Autoencoder,customer_loss_rate,0.9426337971740807
obs_4d55ec17f95a25c0,Autoencoder,total_sales_rolling_MAD,0.7495353740589846
obs_4d55ec17f95a25c0,Autoencoder,total_quantity_rolling_MAD,0.7457698593822567
obs_8cc839ab27e58c58,Autoencoder,total_quantity_rolling_MAD,0.68583255741279
obs_8cc839ab27e58c58,Autoencoder,product_breadth_change,0.5706186202750422
obs_8cc839ab27e58c58,Autoencoder,total_sales_peer_median,0.5075592838456077
obs_766866195c1e9dad,Autoencoder,total_quantity_rolling_MAD,1.4881750362545292
obs_766866195c1e9dad,Autoencoder,product_breadth_change,0.7979693097799555
obs_766866195c1e9dad,Autoencoder,distributor_concentration,0.684856672865912
obs_cab3309d22318b0c,Autoencoder,total_quantity_rolling_MAD,0.9660060213556216
obs_cab3309d22318b0c,Autoencoder,customer_loss_rate,0.8449561084951543
obs_cab3309d22318b0c,Autoencoder,total_sales_rolling_MAD,0.7527992191299447
obs_9c7361113cb93f10,Autoencoder,total_quantity_rolling_MAD,0.7788743723995654
obs_9c7361113cb93f10,Autoencoder,total_quantity_history_deviation,0.6423415238950299
obs_9c7361113cb93f10,Autoencoder,latitude_dispersion,0.6077386290027667
obs_1970b262e4e4648b,Autoencoder,simulated_actual_payout_acceleration,0.49748074556688693
obs_1970b262e4e4648b,Autoencoder,latitude_dispersion,0.4442808570028249
obs_1970b262e4e4648b,Autoencoder,distributor_mix_change,0.383313185588678
obs_49aadfdd1752bbba,Autoencoder,simulated_actual_payout_lag_12,1.4878033303733778
obs_49aadfdd1752bbba,Autoencoder,product_mix_change,1.0961883392372471
obs_49aadfdd1752bbba,Autoencoder,product_class_share,0.7514982123765777
obs_2bd1432f147a9005,Autoencoder,total_quantity_lag_3,0.5681101004186061
obs_2bd1432f147a9005,Autoencoder,total_sales_year_over_year_growth,0.4269642527411531
obs_2bd1432f147a9005,Autoencoder,total_sales_lag_12,0.3816113965972621
obs_6189e656cd0d7f74,Autoencoder,total_sales_rolling_MAD,0.9861673164557923
obs_6189e656cd0d7f74,Autoencoder,channel_mix,0.8807622610105199
obs_6189e656cd0d7f74,Autoencoder,total_sales_lag_12,0.4693044960906974
obs_bcd0a51d0c87394e,Autoencoder,distributor_concentration,0.9976948996229141
obs_bcd0a51d0c87394e,Autoencoder,channel_mix,0.7472044139927891
obs_bcd0a51d0c87394e,Autoencoder,product_breadth_change,0.5114416916514037
obs_d06a3a74960c6745,Autoencoder,country_mix,1.284028401226393
obs_d06a3a74960c6745,Autoencoder,simulated_actual_payout_lag_12,0.6985616968274687
obs_d06a3a74960c6745,Autoencoder,distributor_concentration,0.5965232226591818
obs_7a1242795f867518,Autoencoder,distinct_customers_rolling_MAD,2.0424141942787077
obs_7a1242795f867518,Autoencoder,distributor_count,0.9119871295412121
obs_7a1242795f867518,Autoencoder,total_sales_rolling_MAD,0.39414887117201125
obs_3711f3e17bfef239,Autoencoder,distinct_customers_rolling_MAD,1.6440196663311832
obs_3711f3e17bfef239,Autoencoder,total_sales_rolling_MAD,1.041453982675309
obs_3711f3e17bfef239,Autoencoder,distinct_customers_rolling_std,0.8262954369076034
obs_25d9ae24b9549e5f,Autoencoder,distinct_customers_rolling_MAD,2.7813755807349483
obs_25d9ae24b9549e5f,Autoencoder,simulated_actual_payout_lag_12,2.3850810708091954
obs_25d9ae24b9549e5f,Autoencoder,total_sales_lag_12,1.7428873034534045
obs_faa6f16cc44cb549,Autoencoder,distinct_customers_lag_6,1.2918448870974728
obs_faa6f16cc44cb549,Autoencoder,simulated_actual_payout_rolling_MAD,1.0321363281614362
obs_faa6f16cc44cb549,Autoencoder,total_quantity_rolling_median,0.9461545474406602
obs_bb4ae453f0c97385,Autoencoder,simulated_actual_payout_lag_12,1.1471268032891508
obs_bb4ae453f0c97385,Autoencoder,simulated_actual_payout_rolling_MAD,1.0701918493953464
obs_bb4ae453f0c97385,Autoencoder,distinct_customers_rolling_std,0.9592189531714932
obs_5e6619ebd95ab77d,Autoencoder,new_customers,1.8240259149459976
obs_5e6619ebd95ab77d,Autoencoder,total_sales_rolling_MAD,0.9358616664418474
obs_5e6619ebd95ab77d,Autoencoder,total_quantity_rolling_std,0.9261535338542215
obs_6eb49e7dd6fe56ba,Autoencoder,total_sales_rolling_MAD,3.802395269008799
obs_6eb49e7dd6fe56ba,Autoencoder,simulated_actual_payout_rolling_MAD,0.9519565660428592
obs_6eb49e7dd6fe56ba,Autoencoder,product_breadth_change,0.7795234214825274
obs_b17f7244f4cf1790,Autoencoder,new_customers,3.8652536926798833
obs_b17f7244f4cf1790,Autoencoder,distributor_count,3.2138103801530113
obs_b17f7244f4cf1790,Autoencoder,distributor_concentration,2.283378844836072
obs_5412c0f05e9b9ddb,Autoencoder,new_customers,8.656216250128239
obs_5412c0f05e9b9ddb,Autoencoder,product_breadth_change,2.5698820368718827
obs_5412c0f05e9b9ddb,Autoencoder,channel_mix,1.7956572596438662
obs_2955b429d1e88562,Autoencoder,distinct_customers_rolling_MAD,6.678427062735236
obs_2955b429d1e88562,Autoencoder,distributor_count,4.80953243540219
obs_2955b429d1e88562,Autoencoder,new_customers,3.7394842032189857
obs_0602b94b7f772aca,Autoencoder,distinct_customers_rolling_MAD,4.786510350993968
obs_0602b94b7f772aca,Autoencoder,distinct_customers_rolling_std,2.8946987141166676
obs_0602b94b7f772aca,Autoencoder,distinct_customers_lag_6,2.806615912523067
obs_3fef06f636736c87,Autoencoder,latitude_dispersion,0.46990698240393836
obs_3fef06f636736c87,Autoencoder,product_class_share,0.3613565068876362
obs_3fef06f636736c87,Autoencoder,distributor_count,0.21707103858671326
obs_4bb757d351a70f08,Autoencoder,channel_mix,2.0000540269944005
obs_4bb757d351a70f08,Autoencoder,customer_loss_rate,0.934669540990784
obs_4bb757d351a70f08,Autoencoder,distinct_customers_rolling_mean_6,0.4169769647709274
obs_b2fae231c46d3473,Autoencoder,total_quantity_rolling_std,1.3808012873013622
obs_b2fae231c46d3473,Autoencoder,total_sales_rolling_std,0.7608147330692765
obs_b2fae231c46d3473,Autoencoder,distinct_customers_team_relative,0.4442388395048983
obs_f2747becabf0296c,Autoencoder,distinct_customers_rolling_MAD,5.132603085519049
obs_f2747becabf0296c,Autoencoder,distinct_customers_rolling_std,1.1435453721335407
obs_f2747becabf0296c,Autoencoder,distributor_count,0.5699896399950839
obs_ec8d78cd8367c133,Autoencoder,total_quantity_rolling_MAD,1.8936181648260615
obs_ec8d78cd8367c133,Autoencoder,latitude_dispersion,1.2783466978643192
obs_ec8d78cd8367c133,Autoencoder,channel_mix,0.9340806113407484
obs_4c066f9972a9ddd9,Autoencoder,distinct_customers_rolling_MAD,5.220039180769591
obs_4c066f9972a9ddd9,Autoencoder,simulated_actual_payout_peer_median,0.5021477311658409
obs_4c066f9972a9ddd9,Autoencoder,simulated_actual_payout_rolling_std,0.4773127515308564
obs_4216aedacef4997c,Autoencoder,total_sales_rolling_MAD,0.9148887148068149
obs_4216aedacef4997c,Autoencoder,distinct_customers_rolling_MAD,0.8840359981918533
obs_4216aedacef4997c,Autoencoder,distributor_mix_change,0.49460289490649867
obs_f2720fae36425a69,Autoencoder,simulated_actual_payout_rolling_MAD,0.7831783446795432
obs_f2720fae36425a69,Autoencoder,customer_loss_rate,0.6445277312596297
obs_f2720fae36425a69,Autoencoder,total_quantity_rolling_median,0.50260516645194
obs_c960963b4bd53129,Autoencoder,distributor_mix_change,0.9024938565387877
obs_c960963b4bd53129,Autoencoder,total_quantity_lag_6,0.7793809689075764
obs_c960963b4bd53129,Autoencoder,distributor_count,0.6314281557612476
obs_66814a3fd3e0c188,Autoencoder,customer_loss_rate,0.8213597021468104
obs_66814a3fd3e0c188,Autoencoder,simulated_actual_payout_peer_z,0.398991303666089
obs_66814a3fd3e0c188,Autoencoder,distinct_customers_team_relative,0.39824835373930606
obs_ec63b173f7d9d9e7,Autoencoder,distributor_concentration,0.6038845240696499
obs_ec63b173f7d9d9e7,Autoencoder,subchannel_mix,0.4921252641835516
obs_ec63b173f7d9d9e7,Autoencoder,product_breadth_change,0.25004577346920087
obs_eb93599d4bf3b2b8,Autoencoder,latitude_dispersion,1.2651650006802118
obs_eb93599d4bf3b2b8,Autoencoder,new_customers,0.6283560464461694
obs_eb93599d4bf3b2b8,Autoencoder,distributor_mix_change,0.6125152030358252
obs_ad216a42e18ac3b6,Autoencoder,distributor_concentration,0.7903944247609674
obs_ad216a42e18ac3b6,Autoencoder,latitude_dispersion,0.3718716542844906
obs_ad216a42e18ac3b6,Autoencoder,distinct_customers_rolling_MAD,0.36894855639487745
obs_28c8068ffafb61bb,Autoencoder,customer_loss_rate,1.4428167499146929
obs_28c8068ffafb61bb,Autoencoder,distinct_customers_rolling_MAD,1.0598471203890476
obs_28c8068ffafb61bb,Autoencoder,total_quantity_peer_z,0.5780257759763986
obs_0a5fb9967db25ee0,Autoencoder,total_quantity_year_over_year_growth,0.6591472587422613
obs_0a5fb9967db25ee0,Autoencoder,distinct_customers_rolling_MAD,0.5185754796721735
obs_0a5fb9967db25ee0,Autoencoder,total_sales_year_over_year_growth,0.37355266885738314
obs_23835a06e3aeecbc,Autoencoder,distributor_concentration,1.346593125117464
obs_23835a06e3aeecbc,Autoencoder,latitude_dispersion,0.8241661449941101
obs_23835a06e3aeecbc,Autoencoder,country_mix,0.7333747780291722
obs_19405248072e8f53,Autoencoder,total_quantity_lag_6,0.8556853586676824
obs_19405248072e8f53,Autoencoder,product_breadth_change,0.3507085381465655
obs_19405248072e8f53,Autoencoder,product_class_share,0.31404433031362333
obs_61961bcfe011357d,Autoencoder,distributor_mix_change,0.33925026777620965
obs_61961bcfe011357d,Autoencoder,total_quantity_lag_6,0.29589141827632975
obs_61961bcfe011357d,Autoencoder,total_quantity_rolling_MAD,0.28549697967230553
obs_7f1719a3c16c32d7,Autoencoder,distributor_concentration,5.092065715312643
obs_7f1719a3c16c32d7,Autoencoder,total_quantity_rolling_MAD,1.6481840268862966
obs_7f1719a3c16c32d7,Autoencoder,new_customers,1.4160541344861304
obs_bcb8ad1c743f6e8e,Autoencoder,total_quantity_rolling_MAD,1.4441662872892023
obs_bcb8ad1c743f6e8e,Autoencoder,new_customers,1.0618996793514763
obs_bcb8ad1c743f6e8e,Autoencoder,distributor_concentration,0.8497948179395686
obs_710879126547cbf8,Autoencoder,latitude_dispersion,2.1758541138451033
obs_710879126547cbf8,Autoencoder,total_quantity_rolling_MAD,2.1474034390666024
obs_710879126547cbf8,Autoencoder,distinct_customers_lag_6,2.010406621068207
obs_67b00a0e4ea8af25,Autoencoder,simulated_payout_delta,78.23086428657714
obs_67b00a0e4ea8af25,Autoencoder,simulated_payout_delta_pct,32.669378637331484
obs_67b00a0e4ea8af25,Autoencoder,simulated_payout_to_sales_ratio,22.52574631478081
obs_8d5350dc9c8cb67a,Autoencoder,simulated_actual_payout_trend,4.242437774789872
obs_8d5350dc9c8cb67a,Autoencoder,simulated_actual_payout_rolling_mean_3,3.615118974988871
obs_8d5350dc9c8cb67a,Autoencoder,simulated_actual_payout_rolling_std,3.343959920207468
obs_6d703926f7a662fd,Autoencoder,new_customers,3.903078615619731
obs_6d703926f7a662fd,Autoencoder,simulated_actual_payout_rolling_std,2.5356604740248323
obs_6d703926f7a662fd,Autoencoder,channel_mix,2.3851585259011676
obs_4b557e3d4debf2cf,Autoencoder,new_customers,7.102295714284379
obs_4b557e3d4debf2cf,Autoencoder,distributor_count,4.167703599271703
obs_4b557e3d4debf2cf,Autoencoder,simulated_actual_payout_rolling_mean_3,1.656464857409415
obs_b1149f89397db108,Autoencoder,new_customers,12.252313712858145
obs_b1149f89397db108,Autoencoder,simulated_actual_payout_rolling_std,1.7636145508450423
obs_b1149f89397db108,Autoencoder,distributor_count,1.7538175690663749
obs_3e8881e2a4c249ff,Autoencoder,new_customers,10.880519426977013
obs_3e8881e2a4c249ff,Autoencoder,distinct_customers_rolling_MAD,5.654730204808726
obs_3e8881e2a4c249ff,Autoencoder,distributor_count,2.996167147616882
obs_892b1b9eb570ead3,Autoencoder,new_customers,23.54232957551847
obs_892b1b9eb570ead3,Autoencoder,distributor_concentration,6.949506957635664
obs_892b1b9eb570ead3,Autoencoder,distinct_customers_lag_6,3.4158999424166936
obs_4eb263de493ead37,Autoencoder,latitude_dispersion,1.5434128947506016
obs_4eb263de493ead37,Autoencoder,simulated_actual_payout_history_deviation,0.18801376475920675
obs_4eb263de493ead37,Autoencoder,product_class_share,0.1727060960939954
obs_cd5ea23d6f66dfce,Autoencoder,latitude_dispersion,2.0493525061119024
obs_cd5ea23d6f66dfce,Autoencoder,distributor_mix_change,0.19956063481106215
obs_cd5ea23d6f66dfce,Autoencoder,distinct_customers_acceleration,0.16740252505362224
obs_1b5aa7b992dd2b62,Autoencoder,distinct_customers_rolling_std,1.6352493610571364
obs_1b5aa7b992dd2b62,Autoencoder,latitude_dispersion,0.7411864841172917
obs_1b5aa7b992dd2b62,Autoencoder,representative_rank,0.45607826304563925
obs_6138503e8a811838,Autoencoder,total_quantity_rolling_MAD,1.6592997093228719
obs_6138503e8a811838,Autoencoder,total_sales_rolling_MAD,1.0218664005953424
obs_6138503e8a811838,Autoencoder,simulated_actual_payout_rolling_std,0.749846432110858
obs_797df6c58cb547b3,Autoencoder,total_sales_rolling_MAD,4.570295033800552
obs_797df6c58cb547b3,Autoencoder,distributor_concentration,2.4566552738969243
obs_797df6c58cb547b3,Autoencoder,customer_loss_rate,1.4472490748410893
obs_84f08c6be8e71260,Autoencoder,total_sales_rolling_MAD,2.09492734192999
obs_84f08c6be8e71260,Autoencoder,total_quantity_history_deviation,1.2977978792496119
obs_84f08c6be8e71260,Autoencoder,simulated_actual_payout_rolling_MAD,0.7365762107015965
obs_25f272a71c57029d,Autoencoder,total_sales_rolling_MAD,0.7277926905357842
obs_25f272a71c57029d,Autoencoder,latitude_dispersion,0.5505013769460998
obs_25f272a71c57029d,Autoencoder,total_quantity_history_deviation,0.4582929935537392
obs_e36e9e0cc0a3aa4a,Autoencoder,latitude_dispersion,4.05926454540525
obs_e36e9e0cc0a3aa4a,Autoencoder,total_quantity_rolling_median,0.5843501646033047
obs_e36e9e0cc0a3aa4a,Autoencoder,distinct_customers_rolling_MAD,0.5020794795468685
obs_12892cfcfded270f,Autoencoder,latitude_dispersion,2.28773415670618
obs_12892cfcfded270f,Autoencoder,simulated_actual_payout_rolling_std,0.7082633562346343
obs_12892cfcfded270f,Autoencoder,product_class_share,0.5191633456491291
obs_76f5eded394f2abb,Autoencoder,product_mix_change,10.85845448028183
obs_76f5eded394f2abb,Autoencoder,distributor_count,1.2034474413972516
obs_76f5eded394f2abb,Autoencoder,distributor_concentration,0.80297373285872
obs_dd30e597b4ec3869,Autoencoder,total_quantity_team_relative,0.5657415652214848
obs_dd30e597b4ec3869,Autoencoder,product_mix_change,0.3845104137121212
obs_dd30e597b4ec3869,Autoencoder,total_quantity_product_class_relative,0.38434811272365066
obs_a974ef93f9d4d140,Autoencoder,latitude_dispersion,0.4797070807993697
obs_a974ef93f9d4d140,Autoencoder,distinct_customers_team_relative,0.351581645688063
obs_a974ef93f9d4d140,Autoencoder,total_quantity_lag_6,0.3505467160628912
obs_240d860aa9223d3c,Autoencoder,total_quantity_rolling_MAD,1.5076785740290108
obs_240d860aa9223d3c,Autoencoder,total_quantity_history_deviation,0.826980089804015
obs_240d860aa9223d3c,Autoencoder,total_sales_lag_12,0.7485447528430178
obs_0098199d9fffa2c0,Autoencoder,total_quantity_rolling_MAD,1.679200631557313
obs_0098199d9fffa2c0,Autoencoder,total_quantity_history_deviation,0.9107610778765648
obs_0098199d9fffa2c0,Autoencoder,distinct_customers_history_deviation,0.8243315256933108
obs_a9802de466942194,Autoencoder,total_quantity_rolling_median,0.8813894823504778
obs_a9802de466942194,Autoencoder,latitude_dispersion,0.7962612008698109
obs_a9802de466942194,Autoencoder,distributor_mix_change,0.7564694624903859
obs_dd262125eaa3bca7,Autoencoder,customer_loss_rate,0.8700439572856145
obs_dd262125eaa3bca7,Autoencoder,product_mix_change,0.57166639791253
obs_dd262125eaa3bca7,Autoencoder,total_sales_rolling_std,0.34647143978240635
obs_70a61ca794f27a9a,Autoencoder,channel_mix,0.5600408600933036
obs_70a61ca794f27a9a,Autoencoder,simulated_actual_payout_peer_z,0.5347886193889957
obs_70a61ca794f27a9a,Autoencoder,total_quantity_rolling_MAD,0.47578105855774827
obs_3c29f8a0188dbcce,Autoencoder,distributor_mix_change,2.398088342565546
obs_3c29f8a0188dbcce,Autoencoder,simulated_actual_payout_peer_percentile,0.5607885355221013
obs_3c29f8a0188dbcce,Autoencoder,total_quantity_year_over_year_growth,0.5381170424943292
obs_f5103d4cd447072a,Autoencoder,distinct_customers_rolling_std,1.35578246187788
obs_f5103d4cd447072a,Autoencoder,simulated_actual_payout_lag_12,0.8344153457573347
obs_f5103d4cd447072a,Autoencoder,distributor_mix_change,0.5591337543792352
obs_f7cc83ab7f3dd98c,Autoencoder,product_mix_change,5.313893554623454
obs_f7cc83ab7f3dd98c,Autoencoder,distributor_mix_change,1.484241182639009
obs_f7cc83ab7f3dd98c,Autoencoder,distinct_customers_rolling_MAD,1.1951251256262878
obs_1e84307f72827ac8,Autoencoder,distinct_customers_rolling_MAD,0.9494144082374658
obs_1e84307f72827ac8,Autoencoder,distinct_customers_rolling_std,0.8426756087071702
obs_1e84307f72827ac8,Autoencoder,total_quantity_rolling_median,0.5728538095071773
obs_86645a58c711266e,Autoencoder,new_customers,2.3689172239274114
obs_86645a58c711266e,Autoencoder,distinct_customers_rolling_MAD,1.7833329122531187
obs_86645a58c711266e,Autoencoder,distinct_customers_rolling_std,1.4711389897197695
obs_4c08eca9ff75fa34,Autoencoder,new_customers,4.95290453104135
obs_4c08eca9ff75fa34,Autoencoder,distinct_customers_rolling_MAD,2.4430219559147437
obs_4c08eca9ff75fa34,Autoencoder,distributor_concentration,0.5248686571361209
obs_d5e35c98ca26b7c5,Autoencoder,distinct_customers_rolling_MAD,3.1260962591385026
obs_d5e35c98ca26b7c5,Autoencoder,new_customers,2.798404699944556
obs_d5e35c98ca26b7c5,Autoencoder,total_quantity_rolling_median,1.7173484484768082
obs_88c8b91535ce54d1,Autoencoder,new_customers,4.666858699434253
obs_88c8b91535ce54d1,Autoencoder,product_mix_change,3.7006271920945424
obs_88c8b91535ce54d1,Autoencoder,subchannel_mix,3.20806137551694
obs_e8d8a4698ce154e2,Autoencoder,distinct_customers_lag_6,3.770285917276
obs_e8d8a4698ce154e2,Autoencoder,distributor_count,3.552621766792489
obs_e8d8a4698ce154e2,Autoencoder,new_customers,2.810735453260338
obs_3f73d0bb74545019,Autoencoder,new_customers,7.703333401906928
obs_3f73d0bb74545019,Autoencoder,product_mix_change,4.187931795864822
obs_3f73d0bb74545019,Autoencoder,distinct_customers_rolling_MAD,2.2662181335730636
obs_048c6f5bbec93802,Autoencoder,new_customers,6.873719720877732
obs_048c6f5bbec93802,Autoencoder,distinct_customers_lag_6,3.388382481475986
obs_048c6f5bbec93802,Autoencoder,distinct_customers_rolling_std,2.7629849346495097
obs_a64ac48dfaeba6c4,Autoencoder,latitude_dispersion,1.1955588855055295
obs_a64ac48dfaeba6c4,Autoencoder,product_class_share,0.8664063352216277
obs_a64ac48dfaeba6c4,Autoencoder,channel_mix,0.39882702027911443
obs_621cc65a01845bb4,Autoencoder,latitude_dispersion,0.25472153148516585
obs_621cc65a01845bb4,Autoencoder,channel_mix,0.1749864296993885
obs_621cc65a01845bb4,Autoencoder,distributor_concentration,0.12638063163084062
obs_c63b51b4118d7be2,Autoencoder,product_breadth_change,0.560751126865488
obs_c63b51b4118d7be2,Autoencoder,latitude_dispersion,0.3699712482496002
obs_c63b51b4118d7be2,Autoencoder,total_quantity_history_deviation,0.36784375444819617
obs_b540270ab6bda12b,Autoencoder,simulated_actual_payout_rolling_MAD,2.41236818030377
obs_b540270ab6bda12b,Autoencoder,total_quantity_rolling_MAD,1.8242582655897774
obs_b540270ab6bda12b,Autoencoder,total_sales_rolling_MAD,1.541462833698787
obs_814d91f813e6e7a2,Autoencoder,product_mix_change,0.24586060349314645
obs_814d91f813e6e7a2,Autoencoder,total_quantity_team_relative,0.2421605090242138
obs_814d91f813e6e7a2,Autoencoder,distinct_customers_history_deviation,0.2389625368800725
obs_9ed19992a9626c3c,Autoencoder,customer_loss_rate,0.7819515255319884
obs_9ed19992a9626c3c,Autoencoder,total_sales_rolling_MAD,0.7777667909288124
obs_9ed19992a9626c3c,Autoencoder,rank_change,0.7357852056726946
obs_0a814af6e1a18d20,Autoencoder,distributor_concentration,3.785847808011392
obs_0a814af6e1a18d20,Autoencoder,latitude_dispersion,1.7277201530775335
obs_0a814af6e1a18d20,Autoencoder,channel_mix,0.632163240453125
obs_4dca7706e248943c,Autoencoder,distinct_customers_rolling_MAD,0.4361591902213557
obs_4dca7706e248943c,Autoencoder,customer_loss_rate,0.40042960105745373
obs_4dca7706e248943c,Autoencoder,distributor_mix_change,0.3903327889417701
obs_5a15b81eda60f699,Autoencoder,customer_loss_rate,0.4156364328034981
obs_5a15b81eda60f699,Autoencoder,total_quantity_rolling_median,0.26086657513084366
obs_5a15b81eda60f699,Autoencoder,rank_change,0.2598286171260904
obs_cc17839a3b1ac428,Autoencoder,simulated_actual_payout_rolling_std,0.4721906806520192
obs_cc17839a3b1ac428,Autoencoder,total_quantity_rolling_MAD,0.44488803646244873
obs_cc17839a3b1ac428,Autoencoder,simulated_actual_payout_peer_z,0.42994373863752056
obs_2260e2672d022302,Autoencoder,distinct_customers_rolling_std,1.2709842000152818
obs_2260e2672d022302,Autoencoder,distributor_count,0.8844539933694326
obs_2260e2672d022302,Autoencoder,distinct_customers_rolling_MAD,0.7337244283497758
obs_fca5540590761641,Autoencoder,total_sales_rolling_MAD,2.695442615098608
obs_fca5540590761641,Autoencoder,distributor_mix_change,2.003506997904398
obs_fca5540590761641,Autoencoder,product_class_share,1.3744348459437685
obs_d584fdb82d57a65b,Autoencoder,distinct_customers_rolling_MAD,0.46032404223238654
obs_d584fdb82d57a65b,Autoencoder,channel_mix,0.38585507313474443
obs_d584fdb82d57a65b,Autoencoder,distributor_count,0.27425293953191027
obs_9609c1be78825052,Autoencoder,channel_mix,1.5092274668140164
obs_9609c1be78825052,Autoencoder,distributor_mix_change,1.4657197662634938
obs_9609c1be78825052,Autoencoder,customer_loss_rate,1.1386875262888845
obs_c54ba8d0179f235b,Autoencoder,latitude_dispersion,0.8531001147353335
obs_c54ba8d0179f235b,Autoencoder,total_quantity_lag_12,0.44482604137798665
obs_c54ba8d0179f235b,Autoencoder,distributor_count,0.43254438535469547
obs_91775617ba3c8b6d,Autoencoder,distributor_mix_change,0.44602612771298783
obs_91775617ba3c8b6d,Autoencoder,customer_loss_rate,0.42194291168978154
obs_91775617ba3c8b6d,Autoencoder,simulated_actual_payout_lag_12,0.3079331746168205
obs_e09d82d6378f6e4e,Autoencoder,distinct_customers_rolling_MAD,0.682426417593401
obs_e09d82d6378f6e4e,Autoencoder,product_mix_change,0.5193482645338107
obs_e09d82d6378f6e4e,Autoencoder,distributor_mix_change,0.36487629896861895
obs_e89372b1e711d9d7,Autoencoder,distributor_mix_change,0.8724558661083366
obs_e89372b1e711d9d7,Autoencoder,distinct_customers_rolling_MAD,0.7014104945313017
obs_e89372b1e711d9d7,Autoencoder,latitude_dispersion,0.6346292539240133
obs_007a6e625825cdea,Autoencoder,distributor_concentration,2.350323824197445
obs_007a6e625825cdea,Autoencoder,distinct_customers_rolling_std,2.058781384308103
obs_007a6e625825cdea,Autoencoder,distinct_customers_rolling_MAD,0.8407260122791069
obs_f53f164b263b19ed,Autoencoder,simulated_actual_payout_year_over_year_growth,1.334032024429627
obs_f53f164b263b19ed,Autoencoder,distinct_customers_rolling_MAD,0.9976385429645152
obs_f53f164b263b19ed,Autoencoder,total_sales_peer_country_product_class_relative,0.9631045759966829
obs_04aa0c5b55d1fe2b,Autoencoder,new_customers,3.010516056288282
obs_04aa0c5b55d1fe2b,Autoencoder,channel_mix,1.689580547816797
obs_04aa0c5b55d1fe2b,Autoencoder,total_sales_year_over_year_growth,1.6509582093637625
obs_9a215af32e8a23d9,Autoencoder,new_customers,3.617687838009124
obs_9a215af32e8a23d9,Autoencoder,customer_loss_rate,1.018566833392993
obs_9a215af32e8a23d9,Autoencoder,distinct_customers_rolling_MAD,0.9174769597321578
obs_4ad4358b27a13918,Autoencoder,customer_loss_rate,1.24251243326188
obs_4ad4358b27a13918,Autoencoder,new_customers,1.183291933737757
obs_4ad4358b27a13918,Autoencoder,distinct_customers_rolling_std,0.8007791583795569
obs_e6e84951193c58f9,Autoencoder,new_customers,3.395572821554112
obs_e6e84951193c58f9,Autoencoder,product_mix_change,1.456465869802546
obs_e6e84951193c58f9,Autoencoder,simulated_actual_payout_rolling_MAD,0.9687150260043923
obs_a9212861cf9a8564,Autoencoder,new_customers,4.056968540551929
obs_a9212861cf9a8564,Autoencoder,distributor_count,3.0807261913711046
obs_a9212861cf9a8564,Autoencoder,total_quantity_peer_country_product_class_relative,2.381200276198568
obs_75671c1d1f78294a,Autoencoder,simulated_actual_payout_peer_median,3.300990180355049
obs_75671c1d1f78294a,Autoencoder,distinct_customers_rolling_MAD,2.684153623187695
obs_75671c1d1f78294a,Autoencoder,product_mix_change,2.5828993010813432
obs_1c99701da118d567,Autoencoder,distinct_customers_rolling_MAD,6.761580336600327
obs_1c99701da118d567,Autoencoder,distributor_count,5.137368783611903
obs_1c99701da118d567,Autoencoder,new_customers,3.735458266871357
obs_49cdf2b48b15da9f,Autoencoder,new_customers,9.01628311275835
obs_49cdf2b48b15da9f,Autoencoder,distinct_customers_rolling_std,4.303847470554647
obs_49cdf2b48b15da9f,Autoencoder,distributor_count,3.4224719201577467
obs_6ba0fc6742eb4749,Autoencoder,product_class_share,1.9043374913015998
obs_6ba0fc6742eb4749,Autoencoder,distributor_concentration,0.5216087964376377
obs_6ba0fc6742eb4749,Autoencoder,latitude_dispersion,0.2844955985460976
obs_c19fb56b4d5a491d,Autoencoder,distributor_concentration,0.7070312063816406
obs_c19fb56b4d5a491d,Autoencoder,product_breadth_change,0.3773527402623512
obs_c19fb56b4d5a491d,Autoencoder,distinct_customers_history_deviation,0.2933563537573682
obs_176f20e078cc7116,Autoencoder,distinct_customers_rolling_std,1.155798391709804
obs_176f20e078cc7116,Autoencoder,distinct_customers_team_relative,0.3738008795807828
obs_176f20e078cc7116,Autoencoder,distinct_customers_acceleration,0.294085964732117
obs_0f42853a9aea6211,Autoencoder,total_quantity_rolling_MAD,0.7841675869130451
obs_0f42853a9aea6211,Autoencoder,total_sales_rolling_MAD,0.7227257215816003
obs_0f42853a9aea6211,Autoencoder,subchannel_mix,0.6645141469469006
obs_276aae9fb6681991,Autoencoder,simulated_actual_payout_rolling_std,1.2487789542551062
obs_276aae9fb6681991,Autoencoder,total_quantity_rolling_MAD,1.2301366375761962
obs_276aae9fb6681991,Autoencoder,distinct_customers_rolling_MAD,0.8501597827982486
obs_0149b7c188d5dc5e,Autoencoder,simulated_actual_payout_rolling_std,1.1532702231581409
obs_0149b7c188d5dc5e,Autoencoder,customer_loss_rate,0.9894854719670845
obs_0149b7c188d5dc5e,Autoencoder,total_sales_rolling_MAD,0.5302468411260927
obs_5a5773f5b5221947,Autoencoder,distributor_mix_change,2.5422171269825515
obs_5a5773f5b5221947,Autoencoder,subchannel_mix,2.5169177783201557
obs_5a5773f5b5221947,Autoencoder,latitude_dispersion,1.033400132781926
obs_9d49cf9098ac7d2a,Autoencoder,distinct_customers_rolling_MAD,1.8670001883864527
obs_9d49cf9098ac7d2a,Autoencoder,simulated_actual_payout_rolling_std,0.6278483721454388
obs_9d49cf9098ac7d2a,Autoencoder,total_sales_rolling_MAD,0.3782797697080779
obs_f2aadf6de35c6ead,Autoencoder,distinct_customers_history_deviation,0.4561669908758509
obs_f2aadf6de35c6ead,Autoencoder,total_sales_history_deviation,0.455347626844198
obs_f2aadf6de35c6ead,Autoencoder,simulated_actual_payout_rolling_std,0.44369395407171647
obs_f90db3653cdc8663,Autoencoder,product_mix_change,1.2802276183777048
obs_f90db3653cdc8663,Autoencoder,simulated_actual_payout_rolling_std,0.285517459162876
obs_f90db3653cdc8663,Autoencoder,total_sales_peer_median,0.22407991385102027
obs_3d79b4b383508178,Autoencoder,customer_loss_rate,2.329433865499683
obs_3d79b4b383508178,Autoencoder,latitude_dispersion,1.1131792457364027
obs_3d79b4b383508178,Autoencoder,distinct_customers_history_deviation,0.5747573833307038
obs_8c4449523df0d9ea,Autoencoder,distinct_customers_rolling_MAD,0.8337167377551877
obs_8c4449523df0d9ea,Autoencoder,simulated_actual_payout_history_deviation,0.8281487661990837
obs_8c4449523df0d9ea,Autoencoder,total_quantity_history_deviation,0.5099434488822441
obs_779ca905d5821aa2,Autoencoder,customer_loss_rate,1.902055178625436
obs_779ca905d5821aa2,Autoencoder,total_quantity_rolling_MAD,0.9376205696404925
obs_779ca905d5821aa2,Autoencoder,total_quantity_history_deviation,0.8328483480662695
obs_992bcf9dda39f7bc,Autoencoder,simulated_payout_to_sales_ratio,2.1209283994661923
obs_992bcf9dda39f7bc,Autoencoder,customer_loss_rate,1.1905194413133395
obs_992bcf9dda39f7bc,Autoencoder,simulated_actual_payout_rolling_mean_3,0.4766663749239256
obs_f6281721df45a358,Autoencoder,simulated_actual_payout_year_over_year_growth,1.6436206706887626
obs_f6281721df45a358,Autoencoder,total_sales_year_over_year_growth,0.5724357340569791
obs_f6281721df45a358,Autoencoder,total_quantity_history_deviation,0.5553572920888344
obs_729cdfaf5fc8dc10,Autoencoder,distributor_concentration,4.7230372573714465
obs_729cdfaf5fc8dc10,Autoencoder,simulated_actual_payout_rolling_std,1.0779477557744244
obs_729cdfaf5fc8dc10,Autoencoder,simulated_actual_payout_trend,0.9492322726382267
obs_b3e16ae890e5fa33,Autoencoder,total_quantity_month_over_month_growth,1.2084066055952203
obs_b3e16ae890e5fa33,Autoencoder,simulated_actual_payout_rolling_std,0.9591423050134035
obs_b3e16ae890e5fa33,Autoencoder,simulated_actual_payout_rolling_mean_3,0.9233625854227522
obs_cb7f65d07f06aab3,Autoencoder,simulated_actual_payout_rolling_mean_3,1.2990914207691764
obs_cb7f65d07f06aab3,Autoencoder,total_sales_rolling_std,1.049309512178827
obs_cb7f65d07f06aab3,Autoencoder,simulated_actual_payout_rolling_std,0.961824021589825
obs_56c0e047d64c1970,Autoencoder,simulated_actual_payout_rolling_std,1.543608629907849
obs_56c0e047d64c1970,Autoencoder,total_sales_rolling_std,1.4167878276241226
obs_56c0e047d64c1970,Autoencoder,total_quantity_lag_3,1.2176129238144886
obs_f7c73bb6a1482607,Autoencoder,customer_loss_rate,2.0217763072798354
obs_f7c73bb6a1482607,Autoencoder,distinct_customers_rolling_MAD,1.430016941007509
obs_f7c73bb6a1482607,Autoencoder,distributor_concentration,1.416039196602833
obs_2de0ae3481ab4e3a,Autoencoder,total_sales_rolling_std,1.9549125923041697
obs_2de0ae3481ab4e3a,Autoencoder,distinct_customers_lag_6,1.5868481249746818
obs_2de0ae3481ab4e3a,Autoencoder,simulated_actual_payout_rolling_std,1.295043605363919
obs_5ca7335930051c72,Autoencoder,new_customers,2.9727607469305695
obs_5ca7335930051c72,Autoencoder,distinct_customers_team_relative,1.0990081566679029
obs_5ca7335930051c72,Autoencoder,total_quantity_lag_6,0.9188776180279912
obs_7bb1065d6ddcf649,Autoencoder,channel_mix,1.5269839261185532
obs_7bb1065d6ddcf649,Autoencoder,distributor_mix_change,1.5263129863994076
obs_7bb1065d6ddcf649,Autoencoder,new_customers,1.3103596267264839
obs_fa9ba3c194926fe8,Autoencoder,distributor_mix_change,2.9800208664624277
obs_fa9ba3c194926fe8,Autoencoder,total_sales_lag_12,1.4640533163059928
obs_fa9ba3c194926fe8,Autoencoder,product_breadth_change,1.313414985867929
obs_053492ba661cdc3d,Autoencoder,simulated_payout_to_sales_ratio,11.127724719914632
obs_053492ba661cdc3d,Autoencoder,distinct_customers_history_deviation,5.927835551870098
obs_053492ba661cdc3d,Autoencoder,latitude_dispersion,3.546202080476091
obs_36d0b37184997cfa,Autoencoder,new_customers,16.667479617373868
obs_36d0b37184997cfa,Autoencoder,total_quantity_lag_1,7.064451764244013
obs_36d0b37184997cfa,Autoencoder,total_quantity_month_over_month_growth,5.269987617156657
obs_e43c1d5c2e90b7e1,Autoencoder,product_mix_change,14.375306400224813
obs_e43c1d5c2e90b7e1,Autoencoder,distinct_customers_rolling_MAD,7.971155019672604
obs_e43c1d5c2e90b7e1,Autoencoder,channel_mix,5.2443860619395934
obs_240dbaec0a530417,Autoencoder,new_customers,6.169305428308448
obs_240dbaec0a530417,Autoencoder,total_quantity_lag_3,4.271904485677586
obs_240dbaec0a530417,Autoencoder,distinct_customers_rolling_MAD,4.083207856128881
obs_4a7a18a2c9e2173c,Autoencoder,simulated_payout_to_sales_ratio,17.798924028152662
obs_4a7a18a2c9e2173c,Autoencoder,customer_loss_rate,8.722004030265076
obs_4a7a18a2c9e2173c,Autoencoder,latitude_dispersion,8.492122222436162
obs_fcb4340788a3e905,Autoencoder,product_concentration,1.0062011616660096
obs_fcb4340788a3e905,Autoencoder,simulated_payout_to_sales_ratio,0.9595687042239822
obs_fcb4340788a3e905,Autoencoder,simulated_actual_payout_month_over_month_growth,0.9146895948841319
obs_b15a88eb5845a081,Autoencoder,distinct_customers_rolling_std,1.1618494843963951
obs_b15a88eb5845a081,Autoencoder,product_mix_change,0.9571395950524635
obs_b15a88eb5845a081,Autoencoder,distributor_mix_change,0.9556651093137477
obs_5d5eee0555ed1832,Autoencoder,total_sales_rolling_MAD,3.6700601793180083
obs_5d5eee0555ed1832,Autoencoder,distinct_customers_rolling_MAD,2.9743708363215653
obs_5d5eee0555ed1832,Autoencoder,simulated_actual_payout_rolling_MAD,2.5741315593024408
obs_7f70e3433ecc4b44,Autoencoder,latitude_dispersion,2.2759102955835777
obs_7f70e3433ecc4b44,Autoencoder,distributor_mix_change,0.6244513252238182
obs_7f70e3433ecc4b44,Autoencoder,total_sales_rolling_MAD,0.5580283246019178
obs_53891aecf5fe8f8a,Autoencoder,distinct_customers_rolling_MAD,1.3184085674517847
obs_53891aecf5fe8f8a,Autoencoder,total_quantity_rolling_MAD,1.1823251048778356
obs_53891aecf5fe8f8a,Autoencoder,distributor_mix_change,1.0341696121025272
obs_f28c83fc0eea81d6,Autoencoder,channel_mix,0.5108563699143026
obs_f28c83fc0eea81d6,Autoencoder,latitude_dispersion,0.4392425386149512
obs_f28c83fc0eea81d6,Autoencoder,simulated_actual_payout_lag_2,0.31445135528015317
obs_904ef408849db5df,Autoencoder,channel_mix,3.805976708697712
obs_904ef408849db5df,Autoencoder,product_mix_change,1.8599197457510415
obs_904ef408849db5df,Autoencoder,customer_loss_rate,0.9740351662199763
obs_93b697e2fbd87e48,Autoencoder,customer_loss_rate,1.0720329045586452
obs_93b697e2fbd87e48,Autoencoder,latitude_dispersion,0.48864408378811686
obs_93b697e2fbd87e48,Autoencoder,total_quantity_peer_percentile,0.333511151067542
obs_913da1832f821023,Autoencoder,latitude_dispersion,2.2664715304956258
obs_913da1832f821023,Autoencoder,average_price,0.6344529175130001
obs_913da1832f821023,Autoencoder,simulated_actual_payout_rolling_median,0.44963670300271
obs_b6bf3dcf82459ebf,Autoencoder,latitude_dispersion,1.1603373517569895
obs_b6bf3dcf82459ebf,Autoencoder,simulated_actual_payout_rolling_median,0.5231886467331851
obs_b6bf3dcf82459ebf,Autoencoder,simulated_actual_payout_lag_3,0.46378151691953046
obs_1361d935c1ca8622,Autoencoder,average_price,0.5317776830292227
obs_1361d935c1ca8622,Autoencoder,subchannel_mix,0.38424832476296034
obs_1361d935c1ca8622,Autoencoder,simulated_actual_payout_rolling_median,0.36006520881931675
obs_b10b29c051380592,Autoencoder,total_sales_lag_12,3.459396102432302
obs_b10b29c051380592,Autoencoder,total_sales_year_over_year_growth,2.777376496417372
obs_b10b29c051380592,Autoencoder,total_quantity_lag_12,1.205092849665767
obs_2b2bd21b41f91189,Autoencoder,simulated_actual_payout_lag_12,1.8192615503973149
obs_2b2bd21b41f91189,Autoencoder,distinct_customers_lag_2,1.3946720083006294
obs_2b2bd21b41f91189,Autoencoder,distinct_customers_acceleration,1.3717163312235037
obs_d1204efe2d439ece,Autoencoder,product_mix_change,0.8894132740554342
obs_d1204efe2d439ece,Autoencoder,customer_loss_rate,0.6521163597606833
obs_d1204efe2d439ece,Autoencoder,total_sales_lag_12,0.49882156217053897
obs_adabdf4d271d373b,Autoencoder,total_quantity_product_class_relative,1.791130937699334
obs_adabdf4d271d373b,Autoencoder,total_quantity_peer_country_product_class_relative,1.7682082917983055
obs_adabdf4d271d373b,Autoencoder,distributor_concentration,1.2870340752440383
obs_ae237d32a62be1f4,Autoencoder,distributor_concentration,1.0611572810699157
obs_ae237d32a62be1f4,Autoencoder,distinct_customers_rolling_MAD,1.028537162003157
obs_ae237d32a62be1f4,Autoencoder,total_quantity_rolling_std,0.6751262388983945
obs_15711fe65046fa35,Autoencoder,total_sales_lag_12,1.9643712431966343
obs_15711fe65046fa35,Autoencoder,total_quantity_year_over_year_growth,1.7950011049970702
obs_15711fe65046fa35,Autoencoder,distributor_concentration,1.552969700933291
obs_4e50e8b4a8259fb1,Autoencoder,total_quantity_peer_z,1.6160525267363852
obs_4e50e8b4a8259fb1,Autoencoder,total_quantity_rolling_std,0.890694363913633
obs_4e50e8b4a8259fb1,Autoencoder,distinct_customers_lag_6,0.8646892973007081
obs_f9f3303f72545037,Autoencoder,total_quantity_rolling_MAD,3.261591408585908
obs_f9f3303f72545037,Autoencoder,total_quantity_trend,1.802705182805965
obs_f9f3303f72545037,Autoencoder,total_sales_rolling_median,1.4626985224010032
obs_16c8b6367b06dec1,Autoencoder,total_sales_rolling_median,1.4296167010167793
obs_16c8b6367b06dec1,Autoencoder,total_quantity_rolling_median,1.0123330428898623
obs_16c8b6367b06dec1,Autoencoder,distinct_customers_rolling_std,0.7386793742076817
obs_b47d8202048cc8bb,Autoencoder,new_customers,4.515480992739959
obs_b47d8202048cc8bb,Autoencoder,median_price,1.9736367494068245
obs_b47d8202048cc8bb,Autoencoder,total_quantity_rolling_median,1.8222124795706116
obs_319fdaf8fe9a02a4,Autoencoder,customer_loss_rate,1.8987585752104135
obs_319fdaf8fe9a02a4,Autoencoder,new_customers,1.5515453852440428
obs_319fdaf8fe9a02a4,Autoencoder,distributor_mix_change,1.1910444483603473
obs_d954614e60baaa47,Autoencoder,new_customers,1.3725984997393788
obs_d954614e60baaa47,Autoencoder,channel_mix,1.1468218089107152
obs_d954614e60baaa47,Autoencoder,total_sales_lag_6,1.1393102372180366
obs_4291c6491ce84f7b,Autoencoder,total_quantity_lag_6,2.7507325900530355
obs_4291c6491ce84f7b,Autoencoder,total_sales_lag_6,1.7438540609518205
obs_4291c6491ce84f7b,Autoencoder,distributor_concentration,1.4359074339706275
obs_019dc3ab4ec01427,Autoencoder,latitude_dispersion,5.89936362176413
obs_019dc3ab4ec01427,Autoencoder,new_customers,2.976151350428496
obs_019dc3ab4ec01427,Autoencoder,simulated_actual_payout_peer_median,2.010556615936005
obs_51b0a62afb27b490,Autoencoder,distinct_customers_rolling_MAD,4.99061395632515
obs_51b0a62afb27b490,Autoencoder,distributor_count,4.86934065821439
obs_51b0a62afb27b490,Autoencoder,new_customers,2.8099752804750686
obs_4ccbaeb6d09341f9,Autoencoder,new_customers,5.821371057779681
obs_4ccbaeb6d09341f9,Autoencoder,distributor_count,3.4951140430623067
obs_4ccbaeb6d09341f9,Autoencoder,distinct_customers_rolling_MAD,3.395200944812714
obs_4cc1c26e005d95a1,Autoencoder,latitude_dispersion,0.45049390793539207
obs_4cc1c26e005d95a1,Autoencoder,customer_loss_rate,0.41687786010329153
obs_4cc1c26e005d95a1,Autoencoder,simulated_payout_to_sales_ratio,0.3993973702502851
obs_290bd7871d4cbc5d,Autoencoder,customer_loss_rate,0.6396399392950253
obs_290bd7871d4cbc5d,Autoencoder,distributor_count,0.5333295173560325
obs_290bd7871d4cbc5d,Autoencoder,total_quantity_month_over_month_growth,0.4083250190372892
obs_3da2378dd6475b9b,Autoencoder,distinct_customers_rolling_std,1.1966286688012886
obs_3da2378dd6475b9b,Autoencoder,distributor_concentration,0.5338267390582152
obs_3da2378dd6475b9b,Autoencoder,simulated_actual_payout_rolling_std,0.4913201725635639
obs_9d85dfa6ae050e95,Autoencoder,simulated_actual_payout_rolling_std,1.4156228559068658
obs_9d85dfa6ae050e95,Autoencoder,latitude_dispersion,1.1227306771178613
obs_9d85dfa6ae050e95,Autoencoder,distinct_customers_rolling_std,1.0438620150099016
obs_fa4b2575a990e285,Autoencoder,distinct_customers_rolling_MAD,1.94185762135222
obs_fa4b2575a990e285,Autoencoder,product_breadth_change,1.6176252638348643
obs_fa4b2575a990e285,Autoencoder,distinct_customers_rolling_std,1.388067816890602
obs_3159819b1eafc1bf,Autoencoder,distinct_customers_lag_2,1.090611674861792
obs_3159819b1eafc1bf,Autoencoder,distinct_customers_acceleration,0.5646079531803675
obs_3159819b1eafc1bf,Autoencoder,latitude_dispersion,0.406581971838644
obs_fc815ce024859e61,Autoencoder,customer_loss_rate,1.3885591059139875
obs_fc815ce024859e61,Autoencoder,channel_mix,0.8860958952060667
obs_fc815ce024859e61,Autoencoder,product_class_share,0.6955135632953873
obs_929b890a84c71b1f,Autoencoder,distinct_customers_rolling_MAD,0.7578689932764524
obs_929b890a84c71b1f,Autoencoder,distributor_mix_change,0.7503974911092799
obs_929b890a84c71b1f,Autoencoder,distributor_count,0.5951437835091439
obs_58134935bf305d70,Autoencoder,product_breadth_change,0.9122340684290408
obs_58134935bf305d70,Autoencoder,distinct_customers_rolling_std,0.650038488687805
obs_58134935bf305d70,Autoencoder,distinct_customers_rolling_MAD,0.5244382356611528
obs_6696d94774495cf9,Autoencoder,product_breadth_change,4.707261332670382
obs_6696d94774495cf9,Autoencoder,distinct_customers_lag_6,1.1278291610619433
obs_6696d94774495cf9,Autoencoder,distinct_customers_rolling_std,0.727383838614886
obs_c5baf5cb243f5f59,Autoencoder,distributor_concentration,1.3049348824836713
obs_c5baf5cb243f5f59,Autoencoder,product_breadth_change,1.1524667796304349
obs_c5baf5cb243f5f59,Autoencoder,distinct_customers_lag_2,0.7574732357677939
obs_7f6b332aa413c775,Autoencoder,simulated_actual_payout_rolling_MAD,0.931461385013935
obs_7f6b332aa413c775,Autoencoder,distinct_customers_lag_3,0.8233069897968126
obs_7f6b332aa413c775,Autoencoder,simulated_actual_payout_history_deviation,0.8053891482160782
obs_3ba9cc864f86cb05,Autoencoder,total_quantity_year_over_year_growth,3.1882973936989933
obs_3ba9cc864f86cb05,Autoencoder,total_sales_year_over_year_growth,2.663031087549106
obs_3ba9cc864f86cb05,Autoencoder,total_quantity_lag_12,1.6663735339745276
obs_ecaad660a4f97527,Autoencoder,channel_mix,3.591398097525036
obs_ecaad660a4f97527,Autoencoder,simulated_actual_payout_history_deviation,1.4672872109295838
obs_ecaad660a4f97527,Autoencoder,distinct_customers_acceleration,0.49824287209590207
obs_91484a9f563ab46e,Autoencoder,latitude_dispersion,1.482707009352751
obs_91484a9f563ab46e,Autoencoder,total_sales_rolling_median,0.6026374815010263
obs_91484a9f563ab46e,Autoencoder,simulated_actual_payout_rolling_MAD,0.5538191751389124
obs_cd2e0ba5f933c5ae,Autoencoder,distributor_mix_change,0.878546110316856
obs_cd2e0ba5f933c5ae,Autoencoder,country_mix,0.8380995491602025
obs_cd2e0ba5f933c5ae,Autoencoder,total_sales_lag_12,0.7018925439873042
obs_a79bc03e67cdde50,Autoencoder,channel_mix,1.7045084225553016
obs_a79bc03e67cdde50,Autoencoder,distinct_customers_rolling_MAD,0.9790969118824255
obs_a79bc03e67cdde50,Autoencoder,country_mix,0.4743119164707025
obs_38d52cc19f5e370d,Autoencoder,product_breadth_change,1.0100429180718355
obs_38d52cc19f5e370d,Autoencoder,distinct_customers_rolling_MAD,0.9574880244482149
obs_38d52cc19f5e370d,Autoencoder,total_quantity_peer_percentile,0.5546170300440997
obs_0ffd32d44a6c26b0,Autoencoder,distinct_customers_rolling_MAD,2.6523476407969286
obs_0ffd32d44a6c26b0,Autoencoder,distributor_mix_change,1.6289355191050217
obs_0ffd32d44a6c26b0,Autoencoder,distinct_customers_rolling_std,0.8430457682088905
obs_a8397cb0f17f2f0c,Autoencoder,distinct_customers_rolling_MAD,4.028484424876525
obs_a8397cb0f17f2f0c,Autoencoder,distinct_customers_rolling_std,1.0694200660487079
obs_a8397cb0f17f2f0c,Autoencoder,total_quantity_product_class_relative,0.836559053647725
obs_e99ff49fbbe757b4,Autoencoder,distinct_customers_rolling_MAD,2.18035313041537
obs_e99ff49fbbe757b4,Autoencoder,country_mix,1.5499112999788673
obs_e99ff49fbbe757b4,Autoencoder,distinct_customers_lag_6,1.150656654911272
obs_ae76078112de1e19,Autoencoder,distinct_customers_rolling_MAD,2.045543966901614
obs_ae76078112de1e19,Autoencoder,simulated_actual_payout_lag_12,1.69112668702132
obs_ae76078112de1e19,Autoencoder,distinct_customers_team_relative,1.2198869931557255
obs_cab2f02823010593,Autoencoder,new_customers,1.8822385770324028
obs_cab2f02823010593,Autoencoder,distinct_customers_lag_6,0.8801235646980013
obs_cab2f02823010593,Autoencoder,simulated_actual_payout_peer_median,0.729607077467895
obs_ad162f0da1ddaea0,Autoencoder,distinct_customers_rolling_MAD,2.4027354978404345
obs_ad162f0da1ddaea0,Autoencoder,new_customers,1.534110047973066
obs_ad162f0da1ddaea0,Autoencoder,distinct_customers_lag_2,1.3291895031530934
obs_719dd21e1e34c0bc,Autoencoder,subchannel_mix,6.2070033573850765
obs_719dd21e1e34c0bc,Autoencoder,channel_mix,5.596711586180782
obs_719dd21e1e34c0bc,Autoencoder,new_customers,4.594616667689505
obs_b3ea536c255a1fa0,Autoencoder,distributor_count,4.206117768437007
obs_b3ea536c255a1fa0,Autoencoder,distinct_customers_rolling_std,2.1353004753865807
obs_b3ea536c255a1fa0,Autoencoder,simulated_actual_payout_peer_median,1.8868611970297973
obs_40d2a5c507a80451,Autoencoder,distributor_count,6.373893721696862
obs_40d2a5c507a80451,Autoencoder,distinct_customers_rolling_MAD,6.311212344930789
obs_40d2a5c507a80451,Autoencoder,new_customers,3.8498192948488494
obs_029ecd95fba21f9c,Autoencoder,new_customers,5.009554761147177
obs_029ecd95fba21f9c,Autoencoder,distinct_customers_rolling_MAD,4.83045679837317
obs_029ecd95fba21f9c,Autoencoder,distributor_mix_change,4.11429650588624
obs_283347040803c6fd,Autoencoder,simulated_payout_to_sales_ratio,1.2696216503983702
obs_283347040803c6fd,Autoencoder,customer_loss_rate,1.1831032150919174
obs_283347040803c6fd,Autoencoder,distinct_products,0.5821381472063246
obs_222be41c80285855,Autoencoder,channel_mix,0.757206067155134
obs_222be41c80285855,Autoencoder,distinct_customers_team_relative,0.7515845341743531
obs_222be41c80285855,Autoencoder,customer_loss_rate,0.4924550198895401
obs_7df95534430eb52e,Autoencoder,total_sales_rolling_std,0.8858926223981856
obs_7df95534430eb52e,Autoencoder,latitude_dispersion,0.7999308580290819
obs_7df95534430eb52e,Autoencoder,total_quantity_rolling_std,0.6233949399115756
obs_d7588b4ecd54fe15,Autoencoder,simulated_actual_payout_rolling_MAD,2.5027580688598055
obs_d7588b4ecd54fe15,Autoencoder,simulated_actual_payout_lag_3,1.2732531783417464
obs_d7588b4ecd54fe15,Autoencoder,total_sales_rolling_MAD,1.2478878340479105
obs_7a3cb9bbbabd3d02,Autoencoder,simulated_actual_payout_rolling_MAD,3.2093959749198557
obs_7a3cb9bbbabd3d02,Autoencoder,total_sales_rolling_MAD,1.3835025740143638
obs_7a3cb9bbbabd3d02,Autoencoder,latitude_dispersion,1.3481576334012362
obs_31045847f351a000,Autoencoder,simulated_actual_payout_rolling_MAD,1.2987691142562077
obs_31045847f351a000,Autoencoder,product_mix_change,0.7744453596963132
obs_31045847f351a000,Autoencoder,simulated_actual_payout_rolling_median,0.7149484096820085
obs_f5a2bc00a25b9fe0,Autoencoder,simulated_actual_payout_rolling_std,0.7961779140812845
obs_f5a2bc00a25b9fe0,Autoencoder,customer_loss_rate,0.761974823890888
obs_f5a2bc00a25b9fe0,Autoencoder,distinct_customers_rolling_MAD,0.4925348963619205
obs_46b36b716e668282,Autoencoder,distinct_customers_lag_2,0.5239890612472012
obs_46b36b716e668282,Autoencoder,product_mix_change,0.47382475078525627
obs_46b36b716e668282,Autoencoder,distinct_customers_acceleration,0.35596153067478586
obs_3771f7c1c99a1778,Autoencoder,distinct_customers_lag_3,0.7770889064862128
obs_3771f7c1c99a1778,Autoencoder,distributor_mix_change,0.5726335787823982
obs_3771f7c1c99a1778,Autoencoder,distinct_customers_acceleration,0.480497531826649
obs_152b6d99c0c4df97,Autoencoder,product_mix_change,1.4064911451642421
obs_152b6d99c0c4df97,Autoencoder,latitude_dispersion,0.5047366556859738
obs_152b6d99c0c4df97,Autoencoder,distributor_mix_change,0.3434675610625481
obs_f475e4fedd906f56,Autoencoder,customer_loss_rate,1.1857877634348946
obs_f475e4fedd906f56,Autoencoder,simulated_actual_payout_rolling_std,0.45258283824076695
obs_f475e4fedd906f56,Autoencoder,total_quantity_history_deviation,0.35248369573951205
obs_ab519ebdd644e5c5,Autoencoder,channel_mix,2.744334650185259
obs_ab519ebdd644e5c5,Autoencoder,distinct_customers_rolling_MAD,1.143911782102448
obs_ab519ebdd644e5c5,Autoencoder,distributor_concentration,0.7335338816782203
obs_2c519e675a4e2e1f,Autoencoder,distinct_customers_rolling_MAD,3.2437471445004418
obs_2c519e675a4e2e1f,Autoencoder,total_quantity_rolling_MAD,0.7333708284993495
obs_2c519e675a4e2e1f,Autoencoder,median_price,0.6352172982519375
obs_1da4f5589c48ff4d,Autoencoder,total_quantity_month_over_month_growth,0.5657300204995763
obs_1da4f5589c48ff4d,Autoencoder,total_quantity_acceleration,0.5196259035912378
obs_1da4f5589c48ff4d,Autoencoder,total_quantity_lag_1,0.5178742469773469
obs_65f07f4f4eb1e0db,Autoencoder,total_quantity_rolling_MAD,1.3347387115909093
obs_65f07f4f4eb1e0db,Autoencoder,latitude_dispersion,1.0068569658316344
obs_65f07f4f4eb1e0db,Autoencoder,simulated_actual_payout_acceleration,0.7674707626523445
obs_2dc57f17872057ae,Autoencoder,total_quantity_rolling_MAD,1.7632742884119446
obs_2dc57f17872057ae,Autoencoder,distributor_concentration,0.734626486807159
obs_2dc57f17872057ae,Autoencoder,total_quantity_history_deviation,0.6655091169116284
obs_82dcc2fae6ada85d,Autoencoder,latitude_dispersion,1.2327749492209246
obs_82dcc2fae6ada85d,Autoencoder,total_quantity_rolling_MAD,0.6646717996248643
obs_82dcc2fae6ada85d,Autoencoder,distinct_customers_rolling_MAD,0.6611544373662247
obs_764b11dc03c59828,Autoencoder,distinct_customers_rolling_MAD,0.5782160071177436
obs_764b11dc03c59828,Autoencoder,total_quantity_rolling_MAD,0.3881778512690456
obs_764b11dc03c59828,Autoencoder,distributor_mix_change,0.36101012398215776
obs_814d909eb1b13241,Autoencoder,distributor_concentration,4.859555157707116
obs_814d909eb1b13241,Autoencoder,simulated_actual_payout_year_over_year_growth,1.7040999525014846
obs_814d909eb1b13241,Autoencoder,total_quantity_lag_6,1.576103569061387
obs_715980a25487fbb7,Autoencoder,new_customers,1.7437876297797554
obs_715980a25487fbb7,Autoencoder,distinct_customers_rolling_MAD,1.6907713558087254
obs_715980a25487fbb7,Autoencoder,distinct_customers_rolling_std,1.4092566584543842
obs_db498019c207f8e7,Autoencoder,total_quantity_rolling_median,0.9577022647890796
obs_db498019c207f8e7,Autoencoder,distinct_customers_lag_6,0.9010375607661399
obs_db498019c207f8e7,Autoencoder,country_mix,0.759948574290134
obs_869858b4a85fea8e,Autoencoder,new_customers,2.271407285706983
obs_869858b4a85fea8e,Autoencoder,product_mix_change,1.4182184681561867
obs_869858b4a85fea8e,Autoencoder,distinct_customers_rolling_std,1.1575248003888592
obs_0d5a0dc193224e6f,Autoencoder,new_customers,1.1118441209785868
obs_0d5a0dc193224e6f,Autoencoder,total_quantity_rolling_std,0.8528526079912897
obs_0d5a0dc193224e6f,Autoencoder,distinct_customers_lag_6,0.5015923589111712
obs_9750cd1cd2a5da29,Autoencoder,new_customers,3.1854498404589364
obs_9750cd1cd2a5da29,Autoencoder,customer_loss_rate,1.210477280823917
obs_9750cd1cd2a5da29,Autoencoder,distributor_mix_change,1.0283782080494699
obs_d3b36dade48871aa,Autoencoder,distributor_count,3.104113559794293
obs_d3b36dade48871aa,Autoencoder,new_customers,2.9289896468166683
obs_d3b36dade48871aa,Autoencoder,distinct_customers_history_deviation,1.8895890043433548
obs_ecaec85bcc962090,Autoencoder,new_customers,11.766155381170314
obs_ecaec85bcc962090,Autoencoder,product_breadth_change,4.322559856778831
obs_ecaec85bcc962090,Autoencoder,distinct_customers_rolling_std,3.07480134872222
obs_83c232f4208bd0fe,Autoencoder,new_customers,4.545406840222578
obs_83c232f4208bd0fe,Autoencoder,distinct_customers_rolling_MAD,4.277691463382337
obs_83c232f4208bd0fe,Autoencoder,distributor_count,3.5405003836276108
obs_f2502bed51b9399e,Autoencoder,new_customers,6.7578848157285885
obs_f2502bed51b9399e,Autoencoder,distinct_customers_rolling_std,3.7031107577510713
obs_f2502bed51b9399e,Autoencoder,distinct_customers_lag_6,3.368152786801257
obs_83055e50e6f6811e,Autoencoder,product_class_share,0.7125141706225483
obs_83055e50e6f6811e,Autoencoder,distinct_products,0.2830460812166888
obs_83055e50e6f6811e,Autoencoder,distributor_count,0.13836592615383492
obs_b9bc7db691e69391,Autoencoder,product_breadth_change,1.6206982838960542
obs_b9bc7db691e69391,Autoencoder,distinct_customers_history_deviation,0.5379091019123267
obs_b9bc7db691e69391,Autoencoder,distinct_customers_acceleration,0.25066303889542624
obs_cbef484e3c7c0382,Autoencoder,product_breadth_change,0.6656908062658653
obs_cbef484e3c7c0382,Autoencoder,total_quantity_history_deviation,0.5066457504677013
obs_cbef484e3c7c0382,Autoencoder,customer_loss_rate,0.4809113513075523
obs_a52ce93450ef5679,Autoencoder,simulated_actual_payout_peer_z,1.1992070134060118
obs_a52ce93450ef5679,Autoencoder,latitude_dispersion,1.1884830921112295
obs_a52ce93450ef5679,Autoencoder,customer_loss_rate,0.8080001936591266
obs_fa54618d2a4094a5,Autoencoder,customer_loss_rate,1.6354320887055507
obs_fa54618d2a4094a5,Autoencoder,latitude_dispersion,1.4737949238325128
obs_fa54618d2a4094a5,Autoencoder,product_mix_change,0.8435774723968913
obs_cd8dac85daf8eeee,Autoencoder,product_mix_change,0.4263943366291947
obs_cd8dac85daf8eeee,Autoencoder,channel_mix,0.2544015415654639
obs_cd8dac85daf8eeee,Autoencoder,product_class_share,0.24204266126305007
obs_d10cb88749985b04,Autoencoder,simulated_actual_payout_trend,0.6080549427578081
obs_d10cb88749985b04,Autoencoder,simulated_actual_payout_rolling_MAD,0.5205276434930524
obs_d10cb88749985b04,Autoencoder,simulated_actual_payout_rolling_std,0.5032438045830443
obs_11f4affb67725d32,Autoencoder,channel_mix,1.9673562094682016
obs_11f4affb67725d32,Autoencoder,customer_loss_rate,1.1638556955975368
obs_11f4affb67725d32,Autoencoder,simulated_actual_payout_peer_z,0.8776442645453058
obs_c46a04bd3ca97237,Autoencoder,simulated_actual_payout_rolling_median,0.5444869287335178
obs_c46a04bd3ca97237,Autoencoder,customer_loss_rate,0.5050391094878834
obs_c46a04bd3ca97237,Autoencoder,distributor_concentration,0.49909525003636573
obs_f1851f3b6216586c,Autoencoder,product_mix_change,0.5498603395293497
obs_f1851f3b6216586c,Autoencoder,distributor_mix_change,0.5352987718960199
obs_f1851f3b6216586c,Autoencoder,latitude_dispersion,0.37199050079960105
obs_ac8617af5e0b678b,Autoencoder,total_sales_rolling_std,0.25815782720317965
obs_ac8617af5e0b678b,Autoencoder,total_quantity_rolling_median,0.24792952446271407
obs_ac8617af5e0b678b,Autoencoder,total_quantity_rolling_std,0.21811232560945687
obs_3bbdff331f9137e3,Autoencoder,latitude_dispersion,0.8190895517057882
obs_3bbdff331f9137e3,Autoencoder,channel_mix,0.5131897027041435
obs_3bbdff331f9137e3,Autoencoder,total_quantity_rolling_median,0.38668249495493
obs_0f31c86e24af9cf8,Autoencoder,product_breadth_change,1.854663455998198
obs_0f31c86e24af9cf8,Autoencoder,total_sales_year_over_year_growth,1.2306212893068382
obs_0f31c86e24af9cf8,Autoencoder,total_quantity_year_over_year_growth,0.6814358134011397
obs_22572d8972a11a7a,Autoencoder,distinct_customers_lag_2,1.3847567173417656
obs_22572d8972a11a7a,Autoencoder,distinct_customers_acceleration,1.2348648138771223
obs_22572d8972a11a7a,Autoencoder,total_sales_lag_12,0.5529612145363988
obs_2bab812330fccd0a,Autoencoder,latitude_dispersion,0.9193134062911986
obs_2bab812330fccd0a,Autoencoder,simulated_actual_payout_history_deviation,0.4344223400037095
obs_2bab812330fccd0a,Autoencoder,total_sales_lag_6,0.3996110577099213
obs_69b988b1c5807b4f,Autoencoder,simulated_actual_payout_lag_12,0.9167898676434999
obs_69b988b1c5807b4f,Autoencoder,product_class_share,0.6778823589431895
obs_69b988b1c5807b4f,Autoencoder,customer_loss_rate,0.5848745418883222
obs_bbe7ee5daf199a40,Autoencoder,distributor_mix_change,1.680279093429033
obs_bbe7ee5daf199a40,Autoencoder,latitude_dispersion,1.6484675908836002
obs_bbe7ee5daf199a40,Autoencoder,simulated_actual_payout_year_over_year_growth,1.2116608240602815
obs_e88018f46dc0d3cc,Autoencoder,total_sales_lag_12,1.1634008682582377
obs_e88018f46dc0d3cc,Autoencoder,total_quantity_lag_12,0.9405690183055126
obs_e88018f46dc0d3cc,Autoencoder,country_mix,0.8857718873068244
obs_4747f4b35ab970e0,Autoencoder,distinct_customers_rolling_std,1.6383102994371754
obs_4747f4b35ab970e0,Autoencoder,latitude_dispersion,1.5248762702892436
obs_4747f4b35ab970e0,Autoencoder,distinct_customers_team_relative,0.7236284135871842
obs_4f173c57255b3b98,Autoencoder,customer_loss_rate,1.1526327472151936
obs_4f173c57255b3b98,Autoencoder,distributor_mix_change,0.7681691169763948
obs_4f173c57255b3b98,Autoencoder,distinct_customers_rolling_std,0.6925484855339
obs_3b41febb948ea3f7,Autoencoder,distributor_count,0.7269758737440561
obs_3b41febb948ea3f7,Autoencoder,simulated_actual_payout_lag_12,0.6262481179447417
obs_3b41febb948ea3f7,Autoencoder,distinct_customers_lag_6,0.4724420587706597
obs_dd82569e4f306d85,Autoencoder,new_customers,2.715539802132483
obs_dd82569e4f306d85,Autoencoder,simulated_actual_payout_lag_12,1.9761751099158829
obs_dd82569e4f306d85,Autoencoder,simulated_actual_payout_year_over_year_growth,0.905360857532666
obs_7d82e1e05976e84b,Autoencoder,product_mix_change,1.8759460083091073
obs_7d82e1e05976e84b,Autoencoder,new_customers,1.748626359021105
obs_7d82e1e05976e84b,Autoencoder,product_breadth_change,1.0220656836204534
obs_997531eee4ab4fe4,Autoencoder,new_customers,5.997096457829102
obs_997531eee4ab4fe4,Autoencoder,distinct_customers_lag_2,1.2046880338164456
obs_997531eee4ab4fe4,Autoencoder,simulated_actual_payout_history_deviation,1.0509078849284526
obs_26bade2dab6a60d7,Autoencoder,new_customers,4.365025094891275
obs_26bade2dab6a60d7,Autoencoder,distributor_concentration,2.021798347452447
obs_26bade2dab6a60d7,Autoencoder,latitude_dispersion,1.7004885039626398
obs_c63e90bc4e49d113,Autoencoder,new_customers,7.486270864981005
obs_c63e90bc4e49d113,Autoencoder,product_mix_change,7.148130110072559
obs_c63e90bc4e49d113,Autoencoder,distinct_customers_rolling_std,2.1036127586528455
obs_a902eaa844131036,Autoencoder,new_customers,17.9434680019013
obs_a902eaa844131036,Autoencoder,distributor_count,5.049318825106105
obs_a902eaa844131036,Autoencoder,distinct_customers_rolling_std,2.0354674754098174
obs_b15c31a8737cf97b,Autoencoder,new_customers,23.884518048229324
obs_b15c31a8737cf97b,Autoencoder,distributor_count,4.585095545839103
obs_b15c31a8737cf97b,Autoencoder,distinct_customers_rolling_MAD,4.341483972465022
obs_2e8f6e2448deb5b1,Autoencoder,distributor_concentration,0.25321344811848145
obs_2e8f6e2448deb5b1,Autoencoder,channel_mix,0.10682039788455432
obs_2e8f6e2448deb5b1,Autoencoder,subchannel_mix,0.09082525119785877
obs_295fa136ae45538b,Autoencoder,latitude_dispersion,0.6748215932935954
obs_295fa136ae45538b,Autoencoder,product_mix_change,0.46258968990496807
obs_295fa136ae45538b,Autoencoder,customer_loss_rate,0.29979105309478365
obs_1a40591823016b5e,Autoencoder,distributor_mix_change,0.5150815559748668
obs_1a40591823016b5e,Autoencoder,total_quantity_peer_percentile,0.3771871403088897
obs_1a40591823016b5e,Autoencoder,simulated_actual_payout_peer_percentile,0.31388188233052783
obs_cec78ecd285f9d4c,Autoencoder,latitude_dispersion,0.46809507865234123
obs_cec78ecd285f9d4c,Autoencoder,customer_loss_rate,0.4337138581328986
obs_cec78ecd285f9d4c,Autoencoder,total_quantity_history_deviation,0.3434087632881047
obs_8bf010896264ce28,Autoencoder,simulated_actual_payout_rolling_MAD,1.61779318837263
obs_8bf010896264ce28,Autoencoder,latitude_dispersion,1.0338452934579536
obs_8bf010896264ce28,Autoencoder,total_sales_rolling_MAD,0.8253703507115349
obs_80ff6c04046a9a5b,Autoencoder,total_quantity_rolling_MAD,1.6063384516558312
obs_80ff6c04046a9a5b,Autoencoder,customer_loss_rate,1.0345792190484495
obs_80ff6c04046a9a5b,Autoencoder,channel_mix,0.7987552487800987
obs_872d280f7c2861d3,Autoencoder,product_mix_change,8.177382950955526
obs_872d280f7c2861d3,Autoencoder,latitude_dispersion,0.8355144520499117
obs_872d280f7c2861d3,Autoencoder,total_sales_rolling_MAD,0.8239047233492962
obs_b3dee67a1a9c8025,Autoencoder,channel_mix,1.338824761951236
obs_b3dee67a1a9c8025,Autoencoder,distributor_concentration,0.9716709607751866
obs_b3dee67a1a9c8025,Autoencoder,new_customers,0.6006759121728542
obs_25faf1088c7da548,Autoencoder,distributor_concentration,0.6014226171255643
obs_25faf1088c7da548,Autoencoder,product_mix_change,0.4885488141034738
obs_25faf1088c7da548,Autoencoder,subchannel_mix,0.367229723322925
obs_cb9bf4bec2a9ea30,Autoencoder,channel_mix,0.8784193253883763
obs_cb9bf4bec2a9ea30,Autoencoder,distributor_concentration,0.5852306689247808
obs_cb9bf4bec2a9ea30,Autoencoder,simulated_actual_payout_peer_median,0.31324086562249953
obs_3746053215667910,Autoencoder,total_quantity_rolling_MAD,4.385385937363666
obs_3746053215667910,Autoencoder,total_quantity_rolling_std,0.9401656792307641
obs_3746053215667910,Autoencoder,product_breadth_change,0.6203083412520723
obs_4acb0549f6bbaac9,Autoencoder,total_quantity_rolling_MAD,3.3370970572118126
obs_4acb0549f6bbaac9,Autoencoder,total_quantity_history_deviation,1.528578676739041
obs_4acb0549f6bbaac9,Autoencoder,total_quantity_rolling_std,0.9544260399202894
obs_ea8244c706b522d3,Autoencoder,total_quantity_rolling_MAD,1.4404466372064328
obs_ea8244c706b522d3,Autoencoder,total_quantity_history_deviation,0.9516075384768307
obs_ea8244c706b522d3,Autoencoder,total_sales_year_over_year_growth,0.8783879054315968
obs_5911d2aecb8e93dd,Autoencoder,total_quantity_rolling_MAD,2.386699481748884
obs_5911d2aecb8e93dd,Autoencoder,distinct_customers_rolling_MAD,1.7243944146868182
obs_5911d2aecb8e93dd,Autoencoder,distinct_customers_acceleration,1.0449696872577252
obs_c709399fb6797db1,Autoencoder,subchannel_mix,1.1184037720738589
obs_c709399fb6797db1,Autoencoder,country_mix,0.6511152587470758
obs_c709399fb6797db1,Autoencoder,distinct_customers_lag_2,0.49293576529757804
obs_176094043ab442f9,Autoencoder,simulated_actual_payout_acceleration,0.3771206893221572
obs_176094043ab442f9,Autoencoder,latitude_dispersion,0.37067519449277514
obs_176094043ab442f9,Autoencoder,total_quantity_month_over_month_growth,0.34688012099126614
obs_c57ea7aea4685d25,Autoencoder,distributor_concentration,1.1034443413786301
obs_c57ea7aea4685d25,Autoencoder,product_class_share,1.036822202170514
obs_c57ea7aea4685d25,Autoencoder,channel_mix,1.0226950280669034
obs_429836da470579c8,Autoencoder,distinct_customers_rolling_MAD,0.692462354700109
obs_429836da470579c8,Autoencoder,total_quantity_rolling_std,0.5733167449695479
obs_429836da470579c8,Autoencoder,simulated_actual_payout_rolling_median,0.5174763937030836
obs_9a1db00dd0321e4b,Autoencoder,distinct_customers_rolling_MAD,1.3690283288080314
obs_9a1db00dd0321e4b,Autoencoder,distinct_customers_rolling_std,1.1338237787168088
obs_9a1db00dd0321e4b,Autoencoder,customer_loss_rate,0.9598672188417868
obs_cf38fafc4c2ba121,Autoencoder,simulated_actual_payout_peer_z,2.262286474146306
obs_cf38fafc4c2ba121,Autoencoder,total_sales_product_class_relative,1.1672458479172465
obs_cf38fafc4c2ba121,Autoencoder,channel_mix,1.1056162687946656
obs_ba930e8fb32ad5b2,Autoencoder,latitude_dispersion,1.8009584198754287
obs_ba930e8fb32ad5b2,Autoencoder,simulated_actual_payout_year_over_year_growth,1.5863681441505102
obs_ba930e8fb32ad5b2,Autoencoder,simulated_actual_payout_lag_12,1.1971016327652535
obs_6fe7350a9a462d35,Autoencoder,new_customers,1.366925586485052
obs_6fe7350a9a462d35,Autoencoder,distributor_mix_change,1.2287169476071447
obs_6fe7350a9a462d35,Autoencoder,distinct_customers_rolling_MAD,1.1614701218897159
obs_654b1292d0f5301d,Autoencoder,new_customers,3.8810344320365346
obs_654b1292d0f5301d,Autoencoder,channel_mix,1.2550808387070171
obs_654b1292d0f5301d,Autoencoder,distributor_concentration,0.8902021472829945
obs_02698c74129539a0,Autoencoder,new_customers,2.1596369406280833
obs_02698c74129539a0,Autoencoder,latitude_dispersion,0.8870541732292364
obs_02698c74129539a0,Autoencoder,simulated_actual_payout_rolling_MAD,0.49494411019570556
obs_d92fafc603dde4d2,Autoencoder,distributor_count,3.846077628546573
obs_d92fafc603dde4d2,Autoencoder,total_quantity_peer_median,2.297889688426815
obs_d92fafc603dde4d2,Autoencoder,total_quantity_peer_country_product_class_relative,1.9697045430322837
obs_f313d14aab3a2339,Autoencoder,new_customers,14.102928831639671
obs_f313d14aab3a2339,Autoencoder,simulated_actual_payout_peer_median,6.107991129911683
obs_f313d14aab3a2339,Autoencoder,distinct_customers_rolling_std,3.372346779928944
obs_ede105cce39324b6,Autoencoder,distinct_customers_rolling_MAD,7.5557650336980915
obs_ede105cce39324b6,Autoencoder,distributor_count,6.077189165186545
obs_ede105cce39324b6,Autoencoder,distinct_customers_rolling_std,4.351151583229655
obs_eb4e2baa04cbd2b4,Autoencoder,distinct_customers_lag_6,8.101342150894752
obs_eb4e2baa04cbd2b4,Autoencoder,distinct_customers_rolling_MAD,4.897783580968015
obs_eb4e2baa04cbd2b4,Autoencoder,distinct_customers_rolling_std,4.677215593937539
obs_f07bc33e8836907a,Autoencoder,distributor_count,0.3852402624478495
obs_f07bc33e8836907a,Autoencoder,representative_rank,0.195194382629079
obs_f07bc33e8836907a,Autoencoder,total_sales_peer_percentile,0.16643171857211703
obs_491a9a8c5417d328,Autoencoder,customer_loss_rate,0.8758497734062496
obs_491a9a8c5417d328,Autoencoder,distinct_customers_team_relative,0.41235669841186157
obs_491a9a8c5417d328,Autoencoder,dominant_product_share,0.22216383880747262
obs_a87dc342c7f5200e,Autoencoder,total_quantity_rolling_std,0.732865612092688
obs_a87dc342c7f5200e,Autoencoder,product_mix_change,0.6565237439505291
obs_a87dc342c7f5200e,Autoencoder,distributor_mix_change,0.5682574010263587
obs_b3c8277239037954,Autoencoder,simulated_actual_payout_rolling_MAD,6.137459790608154
obs_b3c8277239037954,Autoencoder,total_sales_rolling_MAD,2.385231478911901
obs_b3c8277239037954,Autoencoder,customer_loss_rate,1.4719976295777533
obs_18d835e8cd38b706,Autoencoder,distinct_customers_rolling_MAD,1.6154465093416228
obs_18d835e8cd38b706,Autoencoder,distributor_count,0.5049645127040373
obs_18d835e8cd38b706,Autoencoder,total_quantity_lag_3,0.3854412041917251
obs_289ab9e18df66978,Autoencoder,channel_mix,1.0314300948881714
obs_289ab9e18df66978,Autoencoder,distinct_customers_rolling_MAD,0.9998343902302864
obs_289ab9e18df66978,Autoencoder,distributor_concentration,0.8507377406817285
obs_ddd83c2b117e8f5b,Autoencoder,product_breadth_change,0.6398204062498581
obs_ddd83c2b117e8f5b,Autoencoder,distributor_concentration,0.6136523954858234
obs_ddd83c2b117e8f5b,Autoencoder,representative_rank,0.588714915342129
obs_bb5e472971df2c98,Autoencoder,distributor_mix_change,1.0364661360546101
obs_bb5e472971df2c98,Autoencoder,simulated_actual_payout_team_relative,0.8266886289256203
obs_bb5e472971df2c98,Autoencoder,product_breadth_change,0.6061669047013556
obs_dab91bf277f11629,Autoencoder,distributor_mix_change,1.3301180214981172
obs_dab91bf277f11629,Autoencoder,product_breadth_change,0.5386039415977342
obs_dab91bf277f11629,Autoencoder,distributor_concentration,0.4879706880838444
obs_4064bef7e4437eb3,Autoencoder,latitude_dispersion,2.402094222680415
obs_4064bef7e4437eb3,Autoencoder,customer_loss_rate,1.0628460891698341
obs_4064bef7e4437eb3,Autoencoder,channel_mix,0.9695993310212557
obs_2042510e8fde8b3a,Autoencoder,latitude_dispersion,1.0704443648892124
obs_2042510e8fde8b3a,Autoencoder,subchannel_mix,1.0511618968291176
obs_2042510e8fde8b3a,Autoencoder,distributor_mix_change,0.8366444434019047
obs_6df61fd7f1db7619,Autoencoder,simulated_actual_payout_history_deviation,0.6682547529969426
obs_6df61fd7f1db7619,Autoencoder,distinct_customers_rolling_MAD,0.6636116301991906
obs_6df61fd7f1db7619,Autoencoder,channel_mix,0.6362493527971301
obs_c6d22efbf62c3353,Autoencoder,distinct_customers_lag_3,0.4467022597816989
obs_c6d22efbf62c3353,Autoencoder,simulated_actual_payout_lag_12,0.3778667651954277
obs_c6d22efbf62c3353,Autoencoder,distinct_customers_lag_2,0.36454773264780727
obs_7494375c4869af73,Autoencoder,product_mix_change,1.2238265339942604
obs_7494375c4869af73,Autoencoder,distinct_customers_trend,0.7988730678475019
obs_7494375c4869af73,Autoencoder,distinct_customers_rolling_MAD,0.5783218144390729
obs_5db46ab0de240248,Autoencoder,total_sales_rolling_MAD,1.402860691550987
obs_5db46ab0de240248,Autoencoder,total_quantity_rolling_std,1.2075041212879323
obs_5db46ab0de240248,Autoencoder,distinct_customers_rolling_MAD,0.9606724844212929
obs_860fc0db31e1f57e,Autoencoder,total_quantity_rolling_std,1.249687462978635
obs_860fc0db31e1f57e,Autoencoder,total_sales_lag_12,1.1856743673530479
obs_860fc0db31e1f57e,Autoencoder,simulated_actual_payout_lag_12,0.9776826962608568
obs_887c39404f0a7a28,Autoencoder,distributor_mix_change,1.8625683757941016
obs_887c39404f0a7a28,Autoencoder,simulated_actual_payout_lag_12,1.7575525919436499
obs_887c39404f0a7a28,Autoencoder,distributor_concentration,1.4487869206030777
obs_1f756071328bd279,Autoencoder,distributor_mix_change,1.0592618245956578
obs_1f756071328bd279,Autoencoder,product_mix_change,1.0101300306726468
obs_1f756071328bd279,Autoencoder,total_sales_year_over_year_growth,0.4753979875998546
obs_738f85c10c7498b9,Autoencoder,latitude_dispersion,1.4314513359992531
obs_738f85c10c7498b9,Autoencoder,channel_mix,1.4228196890467817
obs_738f85c10c7498b9,Autoencoder,subchannel_mix,0.8722451091828847
obs_b7684022d1716823,Autoencoder,distinct_customers_rolling_MAD,1.6769022561838578
obs_b7684022d1716823,Autoencoder,total_sales_lag_12,1.2353724591285822
obs_b7684022d1716823,Autoencoder,country_mix,1.1948869361769652
obs_8a94740ac921ff3c,Autoencoder,distinct_customers_lag_6,2.5139895550952858
obs_8a94740ac921ff3c,Autoencoder,latitude_dispersion,2.11615352284403
obs_8a94740ac921ff3c,Autoencoder,country_mix,1.296917888953725
obs_d17d011c1bbf4d3c,Autoencoder,product_mix_change,1.4453904261898647
obs_d17d011c1bbf4d3c,Autoencoder,distinct_customers_lag_6,1.309460058096307
obs_d17d011c1bbf4d3c,Autoencoder,new_customers,0.9183349508145764
obs_38471472e3d98d0e,Autoencoder,product_mix_change,4.670339834014377
obs_38471472e3d98d0e,Autoencoder,distinct_customers_rolling_MAD,1.5378881698038724
obs_38471472e3d98d0e,Autoencoder,total_quantity_lag_6,0.7815021870683776
obs_c75b449bde71da7b,Autoencoder,new_customers,1.343305531773563
obs_c75b449bde71da7b,Autoencoder,distinct_customers_rolling_MAD,1.0308559191262847
obs_c75b449bde71da7b,Autoencoder,product_mix_change,0.6545634197004033
obs_727bc88a4dbe8d76,Autoencoder,new_customers,6.944715387933693
obs_727bc88a4dbe8d76,Autoencoder,distributor_concentration,6.11064153563721
obs_727bc88a4dbe8d76,Autoencoder,distributor_count,2.3641010091850196
obs_1aef421c3f93f3b6,Autoencoder,distinct_customers_lag_6,2.3705938458433513
obs_1aef421c3f93f3b6,Autoencoder,distinct_customers_rolling_std,2.260684047992827
obs_1aef421c3f93f3b6,Autoencoder,new_customers,2.0592295617947323
obs_7a0240e9b46b5764,Autoencoder,distinct_customers_rolling_MAD,6.586189046460949
obs_7a0240e9b46b5764,Autoencoder,distributor_count,5.698945820504293
obs_7a0240e9b46b5764,Autoencoder,distinct_customers_rolling_std,3.401749068634922
obs_f3da011b799a8d8a,Autoencoder,new_customers,7.009727060252762
obs_f3da011b799a8d8a,Autoencoder,distinct_customers_rolling_MAD,5.325382946986119
obs_f3da011b799a8d8a,Autoencoder,distinct_customers_rolling_std,4.131185652943599
obs_c4541c1b7fa5a7c1,Autoencoder,total_quantity_peer_country_product_class_relative,0.3906077385201837
obs_c4541c1b7fa5a7c1,Autoencoder,distributor_concentration,0.38758759620703304
obs_c4541c1b7fa5a7c1,Autoencoder,latitude_dispersion,0.2965432560155664
obs_030786bf110b77d9,Autoencoder,latitude_dispersion,3.7335943227284205
obs_030786bf110b77d9,Autoencoder,product_breadth_change,1.1407939275123788
obs_030786bf110b77d9,Autoencoder,customer_loss_rate,0.4311581811885538
obs_5d8028d4f70396b1,Autoencoder,total_quantity_rolling_std,4.632780767736334
obs_5d8028d4f70396b1,Autoencoder,total_sales_rolling_std,3.5876519334894934
obs_5d8028d4f70396b1,Autoencoder,distinct_customers_rolling_std,1.1368283542019118
obs_bfa8bb793ba5f061,Autoencoder,total_quantity_rolling_MAD,2.8359792989282235
obs_bfa8bb793ba5f061,Autoencoder,total_sales_rolling_MAD,2.3039730661105344
obs_bfa8bb793ba5f061,Autoencoder,latitude_dispersion,1.379904881693304
obs_2f6c1e30a0ef34f9,Autoencoder,channel_mix,3.555166290258403
obs_2f6c1e30a0ef34f9,Autoencoder,simulated_actual_payout_rolling_std,1.9765526980545147
obs_2f6c1e30a0ef34f9,Autoencoder,latitude_dispersion,1.3937831398443379
obs_a12aa273014350eb,Autoencoder,simulated_actual_payout_rolling_std,1.5663409335394416
obs_a12aa273014350eb,Autoencoder,total_sales_rolling_MAD,1.0619171478680767
obs_a12aa273014350eb,Autoencoder,total_quantity_rolling_MAD,0.9807231015304845
obs_e131b38f94d8f48c,Autoencoder,product_breadth_change,0.4423480482737029
obs_e131b38f94d8f48c,Autoencoder,subchannel_mix,0.42938191664451797
obs_e131b38f94d8f48c,Autoencoder,simulated_payout_to_sales_ratio,0.3953801451770697
obs_cfca299b6151f0fd,Autoencoder,distributor_concentration,1.5072110761230917
obs_cfca299b6151f0fd,Autoencoder,median_price,1.4038191250431211
obs_cfca299b6151f0fd,Autoencoder,simulated_payout_to_sales_ratio,1.3306533242727672
obs_96d486c242e7d757,Autoencoder,latitude_dispersion,0.7894424058445073
obs_96d486c242e7d757,Autoencoder,total_sales_month_over_month_growth,0.7765183121715643
obs_96d486c242e7d757,Autoencoder,distributor_mix_change,0.5178958437571249
obs_b2117b63c7fdf1f0,Autoencoder,latitude_dispersion,1.3535112831196467
obs_b2117b63c7fdf1f0,Autoencoder,simulated_payout_to_sales_ratio,0.8224265491297554
obs_b2117b63c7fdf1f0,Autoencoder,total_sales_lag_2,0.6395510349358777
obs_6cca7e84c908df29,Autoencoder,new_customers,0.9988856807580391
obs_6cca7e84c908df29,Autoencoder,simulated_payout_to_sales_ratio,0.5628507905004564
obs_6cca7e84c908df29,Autoencoder,repeat_customer_ratio,0.48466727609162524
obs_be9e83caa3668d51,Autoencoder,latitude_dispersion,1.235308304565764
obs_be9e83caa3668d51,Autoencoder,simulated_actual_payout_trend,0.8932102309518509
obs_be9e83caa3668d51,Autoencoder,distributor_mix_change,0.5364086550367626
obs_4e83a66c3379bca1,Autoencoder,distributor_mix_change,1.928217626468435
obs_4e83a66c3379bca1,Autoencoder,channel_mix,1.9146846989134825
obs_4e83a66c3379bca1,Autoencoder,simulated_actual_payout_lag_12,1.642468890970404
obs_f56acbec9eb39062,Autoencoder,product_mix_change,3.899681894643409
obs_f56acbec9eb39062,Autoencoder,total_quantity_lag_6,1.0116065147132631
obs_f56acbec9eb39062,Autoencoder,total_quantity_rolling_median,0.8116131613266739
obs_39296f2dd57f23c5,Autoencoder,product_mix_change,1.5698046379797668
obs_39296f2dd57f23c5,Autoencoder,total_sales_lag_1,0.5984250242258589
obs_39296f2dd57f23c5,Autoencoder,total_quantity_rolling_MAD,0.4411556002890159
obs_b85f8754b648eccc,Autoencoder,total_quantity_lag_6,0.8668054145475659
obs_b85f8754b648eccc,Autoencoder,total_quantity_lag_3,0.5919236586542138
obs_b85f8754b648eccc,Autoencoder,product_breadth_change,0.5739877861547418
obs_444e608e30a54b6e,Autoencoder,latitude_dispersion,1.2777169734259057
obs_444e608e30a54b6e,Autoencoder,distinct_customers_rolling_MAD,0.8550306128894558
obs_444e608e30a54b6e,Autoencoder,product_mix_change,0.7607083383671432
obs_bb6a0cdc81535dd8,Autoencoder,distinct_customers_rolling_MAD,2.6050204360743123
obs_bb6a0cdc81535dd8,Autoencoder,customer_loss_rate,0.9485135964054809
obs_bb6a0cdc81535dd8,Autoencoder,product_class_share,0.7528882137591596
obs_41a18ea035c0270e,Autoencoder,distinct_customers_rolling_MAD,3.255503626281516
obs_41a18ea035c0270e,Autoencoder,total_quantity_lag_6,0.8135034375427063
obs_41a18ea035c0270e,Autoencoder,simulated_actual_payout_lag_12,0.721347592223305
obs_8779f3e45326b375,Autoencoder,distinct_customers_rolling_MAD,6.082570088740603
obs_8779f3e45326b375,Autoencoder,simulated_actual_payout_year_over_year_growth,3.495239485404033
obs_8779f3e45326b375,Autoencoder,total_sales_rolling_MAD,3.408798542452395
obs_d0c85db5106d817a,Autoencoder,distinct_customers_rolling_MAD,1.8412582281886882
obs_d0c85db5106d817a,Autoencoder,distinct_customers_lag_6,1.2892755387862678
obs_d0c85db5106d817a,Autoencoder,total_sales_peer_median,1.0878536773810275
obs_6b0d0d776be185aa,Autoencoder,total_sales_rolling_MAD,6.737318949147453
obs_6b0d0d776be185aa,Autoencoder,distinct_customers_rolling_MAD,4.438284542585442
obs_6b0d0d776be185aa,Autoencoder,total_sales_rolling_std,2.9456378876049327
obs_8973eca36cf1bc3a,Autoencoder,distinct_customers_rolling_MAD,2.7128154584545845
obs_8973eca36cf1bc3a,Autoencoder,new_customers,2.2091381436421482
obs_8973eca36cf1bc3a,Autoencoder,total_quantity_acceleration,2.1150867294768427
obs_468e5da9ded335e0,Autoencoder,new_customers,5.260998903027419
obs_468e5da9ded335e0,Autoencoder,product_mix_change,2.8340334650320695
obs_468e5da9ded335e0,Autoencoder,product_breadth_change,0.9038270537729618
obs_1d1e8ec6f77ea57d,Autoencoder,new_customers,5.963328378786262
obs_1d1e8ec6f77ea57d,Autoencoder,channel_mix,5.567646801168496
obs_1d1e8ec6f77ea57d,Autoencoder,distributor_count,2.840962267098163
obs_5603690afa021eb9,Autoencoder,new_customers,7.0663293042322275
obs_5603690afa021eb9,Autoencoder,distinct_customers_lag_6,3.207733292476152
obs_5603690afa021eb9,Autoencoder,simulated_actual_payout_peer_median,2.418951429750087
obs_e3fe1d34540d0fcd,Autoencoder,new_customers,7.402223167822187
obs_e3fe1d34540d0fcd,Autoencoder,distinct_customers_rolling_MAD,6.390582698467419
obs_e3fe1d34540d0fcd,Autoencoder,distributor_count,4.381036806562017
obs_f1ab3b7b1b980f80,Autoencoder,new_customers,3.949249442919867
obs_f1ab3b7b1b980f80,Autoencoder,distinct_customers_rolling_MAD,3.8425542102117847
obs_f1ab3b7b1b980f80,Autoencoder,distributor_count,3.103794647709422
obs_de80b7e66a395c1a,Autoencoder,subchannel_mix,0.5548806628787049
obs_de80b7e66a395c1a,Autoencoder,channel_mix,0.4978995833374424
obs_de80b7e66a395c1a,Autoencoder,representative_rank,0.3957294831463416
obs_a7f3e91e363adb24,Autoencoder,product_mix_change,0.399372636162541
obs_a7f3e91e363adb24,Autoencoder,distributor_concentration,0.36498777489075146
obs_a7f3e91e363adb24,Autoencoder,distinct_customers_lag_6,0.3576278844097634
obs_032a9f23af907d2d,Autoencoder,latitude_dispersion,2.1982304225837366
obs_032a9f23af907d2d,Autoencoder,distinct_customers_rolling_std,1.1900837403338353
obs_032a9f23af907d2d,Autoencoder,total_quantity_rolling_std,0.765554010773509
obs_8198ac5b23196a98,Autoencoder,latitude_dispersion,2.4880838409507513
obs_8198ac5b23196a98,Autoencoder,distributor_mix_change,1.1471470747984036
obs_8198ac5b23196a98,Autoencoder,distinct_customers_rolling_MAD,0.8015777689355051
obs_b9bcbe879939acd8,Autoencoder,simulated_actual_payout_rolling_std,3.8367935510956106
obs_b9bcbe879939acd8,Autoencoder,simulated_actual_payout_rolling_mean_6,1.3089977730944777
obs_b9bcbe879939acd8,Autoencoder,total_quantity_rolling_std,0.7772323365516074
obs_21a3db0b42857c99,Autoencoder,simulated_actual_payout_rolling_std,2.75717683603718
obs_21a3db0b42857c99,Autoencoder,product_mix_change,2.483244769749102
obs_21a3db0b42857c99,Autoencoder,simulated_actual_payout_rolling_mean_6,0.8237890511977144
obs_d8f38bac5a7189ea,Autoencoder,product_breadth_change,0.943469524594066
obs_d8f38bac5a7189ea,Autoencoder,total_quantity_rolling_std,0.3202760816919868
obs_d8f38bac5a7189ea,Autoencoder,latitude_dispersion,0.23645606310148243
obs_0da60e41fb8b477f,Autoencoder,product_mix_change,0.42080135720657647
obs_0da60e41fb8b477f,Autoencoder,product_breadth_change,0.419232512908569
obs_0da60e41fb8b477f,Autoencoder,distinct_customers_lag_2,0.3817100798670643
obs_1f1f01127f45b59a,Autoencoder,product_breadth_change,2.010136047206322
obs_1f1f01127f45b59a,Autoencoder,latitude_dispersion,0.6680422998175981
obs_1f1f01127f45b59a,Autoencoder,simulated_actual_payout_peer_z,0.5151202728528057
obs_e60812d74c9fb245,Autoencoder,channel_mix,1.4496455009902203
obs_e60812d74c9fb245,Autoencoder,latitude_dispersion,0.5390365436430973
obs_e60812d74c9fb245,Autoencoder,distinct_customers_history_deviation,0.32579493505779566
obs_09e35c3d90ad95e2,Autoencoder,distributor_mix_change,3.712429093505382
obs_09e35c3d90ad95e2,Autoencoder,channel_mix,0.5243262082956994
obs_09e35c3d90ad95e2,Autoencoder,total_quantity_peer_country_product_class_relative,0.4801895082539341
obs_27595db232aba339,Autoencoder,subchannel_mix,0.9557182545442573
obs_27595db232aba339,Autoencoder,customer_loss_rate,0.6168816085948517
obs_27595db232aba339,Autoencoder,distributor_concentration,0.581784541895669
obs_f3eeb6ab8efe986e,Autoencoder,simulated_actual_payout_lag_12,0.6946127198920785
obs_f3eeb6ab8efe986e,Autoencoder,total_sales_rolling_MAD,0.5025395134218935
obs_f3eeb6ab8efe986e,Autoencoder,total_sales_year_over_year_growth,0.27035586811301743
obs_bb529e3286843150,Autoencoder,distinct_customers_lag_2,1.149586697864564
obs_bb529e3286843150,Autoencoder,channel_mix,0.8689806189071312
obs_bb529e3286843150,Autoencoder,distinct_customers_acceleration,0.7555764027202518
obs_d617c65cefa48a3b,Autoencoder,simulated_actual_payout_year_over_year_growth,0.7842300951006594
obs_d617c65cefa48a3b,Autoencoder,total_quantity_year_over_year_growth,0.7656993225628932
obs_d617c65cefa48a3b,Autoencoder,total_quantity_rolling_median,0.7377201162233309
obs_273a54b61e32c4fd,Autoencoder,distributor_mix_change,3.0422226908478374
obs_273a54b61e32c4fd,Autoencoder,channel_mix,1.8710795665401898
obs_273a54b61e32c4fd,Autoencoder,distributor_concentration,1.6752959678977077
obs_711cce7f67b668cc,Autoencoder,latitude_dispersion,0.8064751671100884
obs_711cce7f67b668cc,Autoencoder,total_quantity_rolling_MAD,0.43496711859196396
obs_711cce7f67b668cc,Autoencoder,distributor_mix_change,0.3435963252929425
obs_d4281d2971f0021c,Autoencoder,latitude_dispersion,2.1918663794862816
obs_d4281d2971f0021c,Autoencoder,distributor_mix_change,0.9003883195190436
obs_d4281d2971f0021c,Autoencoder,distinct_customers_rolling_MAD,0.7884989300717693
obs_d3e759104ab317d1,Autoencoder,simulated_payout_to_sales_ratio,9.412399422793818
obs_d3e759104ab317d1,Autoencoder,latitude_dispersion,2.3230444162958377
obs_d3e759104ab317d1,Autoencoder,distinct_customers_rolling_MAD,2.1713070453595806
obs_9cbb78a59c69d4a9,Autoencoder,simulated_payout_to_sales_ratio,7.052927717885506
obs_9cbb78a59c69d4a9,Autoencoder,distinct_customers_rolling_MAD,3.556153170032841
obs_9cbb78a59c69d4a9,Autoencoder,latitude_dispersion,1.2073415218261412
obs_52369d90c0aa2b23,Autoencoder,total_sales_lag_2,1.550952027640795
obs_52369d90c0aa2b23,Autoencoder,total_sales_month_over_month_growth,1.5317470459885794
obs_52369d90c0aa2b23,Autoencoder,total_sales_rolling_median,1.508448278062668
obs_1b2ee89cf7f0c53d,Autoencoder,new_customers,3.102300994808686
obs_1b2ee89cf7f0c53d,Autoencoder,total_sales_lag_3,2.796798805697244
obs_1b2ee89cf7f0c53d,Autoencoder,total_sales_trend,2.2978037943313607
obs_f35a4a916f36d9b2,Autoencoder,total_sales_lag_3,3.1644333864109244
obs_f35a4a916f36d9b2,Autoencoder,total_sales_trend,3.1162751422826314
obs_f35a4a916f36d9b2,Autoencoder,product_mix_change,1.8413960937402052
obs_625a8b4aed948ddc,Autoencoder,new_customers,4.936035596625174
obs_625a8b4aed948ddc,Autoencoder,distributor_concentration,2.31319299007974
obs_625a8b4aed948ddc,Autoencoder,total_sales_rolling_MAD,1.8118707315745675
obs_ac9bfa1d0f0d2a77,Autoencoder,total_sales_lag_6,3.8769354550523225
obs_ac9bfa1d0f0d2a77,Autoencoder,distributor_count,3.270748957370195
obs_ac9bfa1d0f0d2a77,Autoencoder,total_quantity_lag_6,2.5691162082494183
obs_32c4914e8957141c,Autoencoder,new_customers,3.7698047218689985
obs_32c4914e8957141c,Autoencoder,subchannel_mix,3.087648379414345
obs_32c4914e8957141c,Autoencoder,total_quantity_lag_6,2.8583223305037837
obs_270a4ee8731bbb8b,Autoencoder,new_customers,4.323967226658039
obs_270a4ee8731bbb8b,Autoencoder,distinct_customers_rolling_MAD,4.144855119514759
obs_270a4ee8731bbb8b,Autoencoder,distributor_count,2.6407785658484455
obs_af7d3e7b7e77e818,Autoencoder,new_customers,3.6664051308662415
obs_af7d3e7b7e77e818,Autoencoder,distinct_customers_rolling_std,2.5474951058433577
obs_af7d3e7b7e77e818,Autoencoder,distinct_customers_lag_6,2.0603612960798063
obs_7c68c00e71ff9fe8,Autoencoder,subchannel_mix,1.0136111477742231
obs_7c68c00e71ff9fe8,Autoencoder,latitude_dispersion,0.7828489230255575
obs_7c68c00e71ff9fe8,Autoencoder,distributor_concentration,0.3872786140033338
obs_d2cf2c89908bdb7d,Autoencoder,latitude_dispersion,0.9789253527396041
obs_d2cf2c89908bdb7d,Autoencoder,channel_mix,0.45921849840142565
obs_d2cf2c89908bdb7d,Autoencoder,customer_loss_rate,0.4176582759417837
obs_580cfc40f7f72f88,Autoencoder,distributor_mix_change,3.857265565259472
obs_580cfc40f7f72f88,Autoencoder,subchannel_mix,0.5980288700864357
obs_580cfc40f7f72f88,Autoencoder,representative_rank,0.5140892460581259
obs_7c97c97fa8a7c0b4,Autoencoder,distributor_mix_change,1.3556416668452018
obs_7c97c97fa8a7c0b4,Autoencoder,total_quantity_rolling_MAD,1.2541870925528342
obs_7c97c97fa8a7c0b4,Autoencoder,total_sales_rolling_MAD,0.7684673660798563
obs_b489f41fa1a1d83a,Autoencoder,simulated_actual_payout_rolling_std,0.704368654743768
obs_b489f41fa1a1d83a,Autoencoder,total_sales_rolling_MAD,0.600863804085937
obs_b489f41fa1a1d83a,Autoencoder,total_quantity_rolling_MAD,0.5707818067370198
obs_4049e33faa0cd4a6,Autoencoder,simulated_actual_payout_rolling_std,1.4750574177926152
obs_4049e33faa0cd4a6,Autoencoder,total_quantity_history_deviation,0.822942330996306
obs_4049e33faa0cd4a6,Autoencoder,total_quantity_peer_percentile,0.7908030055809295
obs_784cce7d1dff5f04,Autoencoder,total_quantity_lag_1,1.2302503986374216
obs_784cce7d1dff5f04,Autoencoder,latitude_dispersion,1.1825585248727808
obs_784cce7d1dff5f04,Autoencoder,total_quantity_month_over_month_growth,1.0818966568801986
obs_24067fd1cb5c5458,Autoencoder,total_quantity_lag_2,1.064114209164292
obs_24067fd1cb5c5458,Autoencoder,total_quantity_rolling_std,1.0154729448230166
obs_24067fd1cb5c5458,Autoencoder,distinct_customers_rolling_MAD,0.8080824999761391
obs_04785f3723d6cf91,Autoencoder,total_quantity_lag_3,1.3243781591628587
obs_04785f3723d6cf91,Autoencoder,latitude_dispersion,1.276315421722329
obs_04785f3723d6cf91,Autoencoder,total_quantity_rolling_MAD,1.04433618506629
obs_88b20e5920dd5e98,Autoencoder,distinct_customers_team_relative,0.46210896508512944
obs_88b20e5920dd5e98,Autoencoder,total_sales_rolling_MAD,0.44853477876188647
obs_88b20e5920dd5e98,Autoencoder,total_quantity_lag_6,0.33811285778623784
obs_1fb45de867904e30,Autoencoder,distributor_mix_change,1.1187655025697505
obs_1fb45de867904e30,Autoencoder,latitude_dispersion,0.5629780402223474
obs_1fb45de867904e30,Autoencoder,total_quantity_rolling_MAD,0.45842152374959677
obs_b5a779d3c73ff828,Autoencoder,total_quantity_lag_6,4.169108867626275
obs_b5a779d3c73ff828,Autoencoder,total_sales_lag_6,0.7977604760552655
obs_b5a779d3c73ff828,Autoencoder,distributor_mix_change,0.7151306798755652
obs_ced085c0a2ae1390,Autoencoder,simulated_actual_payout_lag_12,0.9405521541504642
obs_ced085c0a2ae1390,Autoencoder,customer_loss_rate,0.7504671955366233
obs_ced085c0a2ae1390,Autoencoder,distinct_customers_rolling_MAD,0.6884685067586369
obs_be1abd6ef911b39d,Autoencoder,distinct_customers_rolling_MAD,1.2644069596311966
obs_be1abd6ef911b39d,Autoencoder,distinct_customers_acceleration,1.2317151157321895
obs_be1abd6ef911b39d,Autoencoder,distinct_customers_lag_2,0.7422670358808073
obs_3ee56a81248f2d77,Autoencoder,country_mix,0.6522582445578673
obs_3ee56a81248f2d77,Autoencoder,total_quantity_trend,0.5893115916877731
obs_3ee56a81248f2d77,Autoencoder,total_quantity_rolling_MAD,0.5781182319771059
obs_95eda1f07670c051,Autoencoder,distributor_concentration,2.2256452330486916
obs_95eda1f07670c051,Autoencoder,simulated_actual_payout_rolling_std,1.3160363829946813
obs_95eda1f07670c051,Autoencoder,total_quantity_peer_percentile,1.037807059902763
obs_137a195db407e4f6,Autoencoder,total_quantity_rolling_MAD,2.2316107149545625
obs_137a195db407e4f6,Autoencoder,simulated_actual_payout_rolling_std,1.229274368681719
obs_137a195db407e4f6,Autoencoder,product_class_share,0.8201105912534264
obs_b1028deaf46c2615,Autoencoder,total_quantity_rolling_MAD,3.5094573102950473
obs_b1028deaf46c2615,Autoencoder,product_mix_change,1.6997269234202206
obs_b1028deaf46c2615,Autoencoder,total_quantity_history_deviation,1.4526683256694517
obs_e39ea366e4d6721a,Autoencoder,total_quantity_rolling_MAD,1.9479180360241435
obs_e39ea366e4d6721a,Autoencoder,total_sales_rolling_std,1.9238313554192286
obs_e39ea366e4d6721a,Autoencoder,total_quantity_rolling_std,1.8078667161987578
obs_dda6ce1e09326005,Autoencoder,total_sales_rolling_std,1.1826709923316552
obs_dda6ce1e09326005,Autoencoder,total_quantity_rolling_median,1.0051783493564603
obs_dda6ce1e09326005,Autoencoder,total_quantity_rolling_std,0.9939853009080991
obs_024ec09aea430081,Autoencoder,new_customers,2.4977590542586547
obs_024ec09aea430081,Autoencoder,simulated_actual_payout_rolling_std,0.7970012462032694
obs_024ec09aea430081,Autoencoder,total_sales_rolling_std,0.7946594255435616
obs_c156fa7d11107354,Autoencoder,new_customers,3.6604643931939096
obs_c156fa7d11107354,Autoencoder,distinct_customers_rolling_std,1.6915935249688991
obs_c156fa7d11107354,Autoencoder,simulated_actual_payout_lag_12,1.0542932591395444
obs_2ad467b788104948,Autoencoder,new_customers,2.3965636149040708
obs_2ad467b788104948,Autoencoder,distinct_customers_rolling_MAD,1.6462223812863312
obs_2ad467b788104948,Autoencoder,simulated_actual_payout_year_over_year_growth,1.2372954675195316
obs_b2bcdf9d58cc00f9,Autoencoder,new_customers,3.469606647441581
obs_b2bcdf9d58cc00f9,Autoencoder,simulated_actual_payout_lag_12,1.141408776525893
obs_b2bcdf9d58cc00f9,Autoencoder,total_quantity_lag_12,1.0891740462196196
obs_36c0297ca3b151d8,Autoencoder,new_customers,4.745065420034728
obs_36c0297ca3b151d8,Autoencoder,distributor_count,3.305858496448027
obs_36c0297ca3b151d8,Autoencoder,simulated_actual_payout_peer_median,1.5703130463060027
obs_933ff6c411f73168,Autoencoder,new_customers,15.566796385707432
obs_933ff6c411f73168,Autoencoder,total_sales_year_over_year_growth,2.924821693860581
obs_933ff6c411f73168,Autoencoder,simulated_actual_payout_peer_median,2.910591024729676
obs_3e27772abe511521,Autoencoder,new_customers,16.54554627033848
obs_3e27772abe511521,Autoencoder,distinct_customers_rolling_std,4.330464356057826
obs_3e27772abe511521,Autoencoder,distributor_count,4.013931901395602
obs_b22cc8e4dd6ae929,Autoencoder,new_customers,7.61490299350539
obs_b22cc8e4dd6ae929,Autoencoder,distinct_customers_rolling_MAD,6.814214832048793
obs_b22cc8e4dd6ae929,Autoencoder,distinct_customers_rolling_std,5.231392750916434
obs_0ecee085edee1190,Autoencoder,distributor_concentration,1.2233445166297854
obs_0ecee085edee1190,Autoencoder,latitude_dispersion,0.5373543494064387
obs_0ecee085edee1190,Autoencoder,total_quantity_team_relative,0.22897281686588983
obs_70ea2d6d0e6b545a,Autoencoder,latitude_dispersion,1.0985904618342122
obs_70ea2d6d0e6b545a,Autoencoder,total_quantity_history_deviation,0.37604993618494015
obs_70ea2d6d0e6b545a,Autoencoder,distinct_customers_rolling_mean_6,0.3394575364715832
obs_69f095f1b1b8c387,Autoencoder,distinct_customers_rolling_std,1.6681765130193942
obs_69f095f1b1b8c387,Autoencoder,channel_mix,0.5549093206758797
obs_69f095f1b1b8c387,Autoencoder,product_breadth_change,0.5082998824234654
obs_7202190d3204b693,Autoencoder,simulated_actual_payout_rolling_MAD,2.2204651041840053
obs_7202190d3204b693,Autoencoder,total_sales_rolling_MAD,2.0001098477290733
obs_7202190d3204b693,Autoencoder,simulated_actual_payout_history_deviation,0.9099484050414296
obs_fe2223edc7dda8f0,Autoencoder,simulated_actual_payout_rolling_std,0.5621597627365119
obs_fe2223edc7dda8f0,Autoencoder,simulated_actual_payout_lag_12,0.39280533474020984
obs_fe2223edc7dda8f0,Autoencoder,distinct_customers_rolling_std,0.3751829264701748
obs_03e86b2dcbe5f4d0,Autoencoder,simulated_actual_payout_rolling_std,0.7199482740798772
obs_03e86b2dcbe5f4d0,Autoencoder,distinct_customers_lag_6,0.5044900268153069
obs_03e86b2dcbe5f4d0,Autoencoder,distributor_count,0.43973517490016806
obs_522da6976e00143e,Autoencoder,distinct_customers_lag_2,0.43877090567850435
obs_522da6976e00143e,Autoencoder,distinct_customers_rolling_std,0.3673957192338371
obs_522da6976e00143e,Autoencoder,product_class_share,0.3581055762811199
obs_30a9bc2058690733,Autoencoder,latitude_dispersion,2.41699366729254
obs_30a9bc2058690733,Autoencoder,new_customers,0.8608973872863024
obs_30a9bc2058690733,Autoencoder,customer_loss_rate,0.5113561644313072
obs_75fa3743c534e3c6,Autoencoder,latitude_dispersion,1.9122998312966801
obs_75fa3743c534e3c6,Autoencoder,distinct_customers_rolling_MAD,1.0163179795192672
obs_75fa3743c534e3c6,Autoencoder,simulated_actual_payout_history_deviation,0.8506502026829297
obs_543f9b59451b6c6e,Autoencoder,distinct_customers_rolling_MAD,0.9991512132959391
obs_543f9b59451b6c6e,Autoencoder,simulated_actual_payout_peer_z,0.9425516386784851
obs_543f9b59451b6c6e,Autoencoder,customer_loss_rate,0.7488430441247051
obs_a7ba022cd2dedf7b,Autoencoder,latitude_dispersion,1.296730514766287
obs_a7ba022cd2dedf7b,Autoencoder,distinct_customers_rolling_MAD,1.2062816457156413
obs_a7ba022cd2dedf7b,Autoencoder,distinct_customers_lag_6,0.9871743253335185
obs_ca4ce1272b47d942,Autoencoder,subchannel_mix,10.372722768028906
obs_ca4ce1272b47d942,Autoencoder,channel_mix,3.4165613608644496
obs_ca4ce1272b47d942,Autoencoder,distributor_concentration,1.6578524216427646
obs_5ca8d0b45db80818,Autoencoder,simulated_actual_payout_lag_12,1.0516313156530062
obs_5ca8d0b45db80818,Autoencoder,total_quantity_rolling_MAD,0.8056702463915554
obs_5ca8d0b45db80818,Autoencoder,distributor_mix_change,0.6417219810230543
obs_f4749e09a014ebfa,Autoencoder,distinct_customers_rolling_MAD,0.47467507025635874
obs_f4749e09a014ebfa,Autoencoder,total_sales_lag_12,0.45854839607139675
obs_f4749e09a014ebfa,Autoencoder,total_sales_history_deviation,0.4107260587551342
obs_99cef9179d8c4097,Autoencoder,total_sales_history_deviation,0.7514750004890499
obs_99cef9179d8c4097,Autoencoder,channel_mix,0.6969547425907231
obs_99cef9179d8c4097,Autoencoder,distinct_customers_rolling_MAD,0.555682188496884
obs_57ee784686b85884,Autoencoder,distributor_concentration,5.869853763684225
obs_57ee784686b85884,Autoencoder,simulated_actual_payout_rolling_MAD,0.9258071439868961
obs_57ee784686b85884,Autoencoder,country_mix,0.8873809741891865
obs_00de046a6740be34,Autoencoder,simulated_actual_payout_lag_12,0.42413916224425807
obs_00de046a6740be34,Autoencoder,customer_loss_rate,0.33557873379325254
obs_00de046a6740be34,Autoencoder,total_sales_rolling_std,0.1869646820403313
obs_2a224a4d37042a64,Autoencoder,latitude_dispersion,3.72325397269239
obs_2a224a4d37042a64,Autoencoder,product_mix_change,2.466257713356935
obs_2a224a4d37042a64,Autoencoder,total_sales_lag_12,1.1370422117763077
obs_bd9405ef2011ad51,Autoencoder,distributor_concentration,2.575402301897619
obs_bd9405ef2011ad51,Autoencoder,latitude_dispersion,0.8714035057758557
obs_bd9405ef2011ad51,Autoencoder,total_sales_rolling_std,0.8287672221602316
obs_1127362ece2a4aa6,Autoencoder,simulated_actual_payout_lag_12,0.9818373349199611
obs_1127362ece2a4aa6,Autoencoder,simulated_actual_payout_year_over_year_growth,0.9509393798944501
obs_1127362ece2a4aa6,Autoencoder,channel_mix,0.7831055774871847
obs_9ec8e2b9950d4c8e,Autoencoder,new_customers,1.2844028579210054
obs_9ec8e2b9950d4c8e,Autoencoder,distinct_customers_rolling_MAD,0.9938104108854345
obs_9ec8e2b9950d4c8e,Autoencoder,distinct_customers_lag_6,0.6899503217731274
obs_4fa506f86bd818ad,Autoencoder,new_customers,3.2987105586650642
obs_4fa506f86bd818ad,Autoencoder,distinct_customers_rolling_std,1.9646255373883206
obs_4fa506f86bd818ad,Autoencoder,total_sales_rolling_MAD,1.1264469595494584
obs_08a15578bc01a800,Autoencoder,distinct_customers_rolling_MAD,3.983105202632874
obs_08a15578bc01a800,Autoencoder,new_customers,2.7664312351931533
obs_08a15578bc01a800,Autoencoder,total_quantity_history_deviation,1.068443659756945
obs_dfb4bf3294810d2e,Autoencoder,latitude_dispersion,1.7273203603150227
obs_dfb4bf3294810d2e,Autoencoder,simulated_actual_payout_rolling_MAD,1.3743015454952072
obs_dfb4bf3294810d2e,Autoencoder,simulated_actual_payout_history_deviation,1.2912465123191403
obs_14c84c5373ab6e9f,Autoencoder,latitude_dispersion,4.821611600840247
obs_14c84c5373ab6e9f,Autoencoder,distributor_count,3.0170171788125164
obs_14c84c5373ab6e9f,Autoencoder,total_sales_team_relative,2.6465024234982817
obs_7c4ed3e0d26e7366,Autoencoder,new_customers,11.526418610355657
obs_7c4ed3e0d26e7366,Autoencoder,distinct_customers_rolling_std,3.9283361629715485
obs_7c4ed3e0d26e7366,Autoencoder,distributor_count,1.4619554507984465
obs_8334eb12fadfda7a,Autoencoder,simulated_payout_delta,54.586970853075265
obs_8334eb12fadfda7a,Autoencoder,simulated_adjustment,54.58182838700569
obs_8334eb12fadfda7a,Autoencoder,simulated_payout_delta_pct,16.99618134251179
obs_26700eeab9c910eb,Autoencoder,new_customers,20.679563683074164
obs_26700eeab9c910eb,Autoencoder,total_quantity_team_relative,5.367265920625656
obs_26700eeab9c910eb,Autoencoder,total_quantity_peer_country_product_class_relative,3.20887008167201
