observation_id,model,feature,contribution
obs_e23e597521391cf3,K-Means,distributor_concentration,0.11640153839328028
obs_e23e597521391cf3,K-Means,latitude_dispersion,0.10944622264273224
obs_e23e597521391cf3,K-Means,subchannel_mix,0.10568585735681942
obs_615f1e87ef3d13b8,K-Means,simulated_actual_payout_rolling_mean_3,0.11489967640670581
obs_615f1e87ef3d13b8,K-Means,subchannel_mix,0.09516729170340858
obs_615f1e87ef3d13b8,K-Means,customer_concentration,0.08343237637183903
obs_e34700c8cd07293a,K-Means,simulated_actual_payout_rolling_median,0.16726861685104738
obs_e34700c8cd07293a,K-Means,simulated_actual_payout_lag_2,0.0964484291568719
obs_e34700c8cd07293a,K-Means,simulated_actual_payout_rolling_mean_3,0.04965224967402475
obs_99444d4e9650045b,K-Means,simulated_actual_payout_lag_3,0.17713123541590575
obs_99444d4e9650045b,K-Means,simulated_actual_payout_rolling_mean_3,0.04402155215931959
obs_99444d4e9650045b,K-Means,distinct_customers_acceleration,0.03220256686845725
obs_b860fa3f27bce88a,K-Means,product_breadth_change,0.04912492779983467
obs_b860fa3f27bce88a,K-Means,total_quantity_acceleration,0.04376696150332304
obs_b860fa3f27bce88a,K-Means,total_quantity_month_over_month_growth,0.04195276427778527
obs_614d2c48e59c5a11,K-Means,product_class_share,0.10992979177679107
obs_614d2c48e59c5a11,K-Means,customer_concentration,0.06498332218671574
obs_614d2c48e59c5a11,K-Means,city_concentration,0.06498322718715581
obs_2b54b4193131acb6,K-Means,simulated_actual_payout_lag_6,0.15903829442384218
obs_2b54b4193131acb6,K-Means,total_sales_trend,0.09668203671597626
obs_2b54b4193131acb6,K-Means,total_quantity_trend,0.08170220684360432
obs_1f48c1ee3e71a112,K-Means,total_sales_lag_2,0.10091498467529263
obs_1f48c1ee3e71a112,K-Means,total_quantity_lag_2,0.07039446211618808
obs_1f48c1ee3e71a112,K-Means,total_sales_rolling_mean_3,0.04749166089244471
obs_fac9a84a13517c49,K-Means,total_sales_lag_3,0.07139307396747685
obs_fac9a84a13517c49,K-Means,total_quantity_lag_3,0.05112954223464578
obs_fac9a84a13517c49,K-Means,total_quantity_peer_country_product_class_relative,0.04567603251392669
obs_0d38ba308d8034c2,K-Means,total_quantity_rolling_MAD,0.04833926726379059
obs_0d38ba308d8034c2,K-Means,total_quantity_lag_1,0.04708002669556057
obs_0d38ba308d8034c2,K-Means,total_sales_rolling_MAD,0.04588292097864741
obs_61ac42657d7331dd,K-Means,total_quantity_lag_2,0.09033985046296288
obs_61ac42657d7331dd,K-Means,total_sales_rolling_MAD,0.06979815788169028
obs_61ac42657d7331dd,K-Means,total_quantity_rolling_MAD,0.05569170191712097
obs_43a512da6ca25bcc,K-Means,total_sales_lag_6,0.20331078331357808
obs_43a512da6ca25bcc,K-Means,total_quantity_lag_6,0.12021220575798033
obs_43a512da6ca25bcc,K-Means,total_quantity_lag_3,0.0579711047477846
obs_1753f2f158ae70ac,K-Means,total_sales_lag_6,0.12598777408433864
obs_1753f2f158ae70ac,K-Means,total_quantity_lag_6,0.12224153701735883
obs_1753f2f158ae70ac,K-Means,distinct_customers_lag_6,0.042541099318953536
obs_f515e3cb78631885,K-Means,distinct_customers_lag_6,0.07281511835072989
obs_f515e3cb78631885,K-Means,simulated_actual_payout_lag_6,0.06387995347385313
obs_f515e3cb78631885,K-Means,total_quantity_rolling_std,0.05030358716222648
obs_1fc0b0ecd7830d62,K-Means,total_quantity_lag_6,0.18731437251943764
obs_1fc0b0ecd7830d62,K-Means,total_sales_lag_6,0.14065995833599695
obs_1fc0b0ecd7830d62,K-Means,distinct_customers_trend,0.0705315610952364
obs_d814e046eaa60d15,K-Means,distinct_customers_rolling_MAD,0.07815814464651424
obs_d814e046eaa60d15,K-Means,distributor_concentration,0.04840357791413932
obs_d814e046eaa60d15,K-Means,median_price,0.043871584310387686
obs_76bde88d2475a77f,K-Means,distinct_customers_rolling_MAD,0.04763980127532772
obs_76bde88d2475a77f,K-Means,distinct_customers_lag_3,0.04383813591440041
obs_76bde88d2475a77f,K-Means,total_quantity_lag_2,0.04222894886127744
obs_03a31da4d41327a0,K-Means,distinct_customers_lag_3,0.03809246904271004
obs_03a31da4d41327a0,K-Means,total_quantity_lag_3,0.03563284809231086
obs_03a31da4d41327a0,K-Means,simulated_actual_payout_month_over_month_growth,0.03393463918756023
obs_33d19603a3759bab,K-Means,distinct_customers_lag_6,0.06865064199644473
obs_33d19603a3759bab,K-Means,total_quantity_trend,0.06612881059199388
obs_33d19603a3759bab,K-Means,simulated_actual_payout_trend,0.06389704583725754
obs_791d08d7ef65ea42,K-Means,distinct_customers_lag_6,0.1228172259502096
obs_791d08d7ef65ea42,K-Means,subchannel_mix,0.05119075120165393
obs_791d08d7ef65ea42,K-Means,total_quantity_lag_2,0.044824837986891373
obs_5a95dfdf8550b3c1,K-Means,distinct_customers_lag_6,0.19361386589663962
obs_5a95dfdf8550b3c1,K-Means,total_quantity_lag_6,0.08273075200206091
obs_5a95dfdf8550b3c1,K-Means,total_quantity_lag_3,0.08043657984141098
obs_0011949b2bb7fbcd,K-Means,total_quantity_rolling_std,0.05379829423185827
obs_0011949b2bb7fbcd,K-Means,distinct_customers_lag_6,0.05021110746311501
obs_0011949b2bb7fbcd,K-Means,total_sales_rolling_std,0.04961023703973203
obs_063693637ef59cce,K-Means,distinct_customers_lag_6,0.15031631940115292
obs_063693637ef59cce,K-Means,simulated_actual_payout_lag_6,0.046336601556585144
obs_063693637ef59cce,K-Means,total_sales_rolling_MAD,0.04160305987039016
obs_1b443ebac94ac4d4,K-Means,total_sales_lag_6,0.21819309147087831
obs_1b443ebac94ac4d4,K-Means,total_quantity_lag_6,0.2064111232608921
obs_1b443ebac94ac4d4,K-Means,distinct_customers_lag_6,0.06720111519988617
obs_b5b4c5d2b06e9f98,K-Means,distinct_customers_lag_6,0.12467207463274897
obs_b5b4c5d2b06e9f98,K-Means,total_quantity_peer_median,0.0736469289459856
obs_b5b4c5d2b06e9f98,K-Means,distributor_count,0.05641707323690779
obs_b06ed11f42fcfbdf,K-Means,total_sales_lag_6,0.06079968244763987
obs_b06ed11f42fcfbdf,K-Means,distributor_count,0.05254584300708605
obs_b06ed11f42fcfbdf,K-Means,distinct_customers_trend,0.049593338845046284
obs_2df2349d5d6d4af1,K-Means,new_customers,0.10283404050137789
obs_2df2349d5d6d4af1,K-Means,distinct_customers_lag_6,0.060744084944723366
obs_2df2349d5d6d4af1,K-Means,distinct_customers_rolling_MAD,0.05155487361709124
obs_62f13cc5df51a157,K-Means,distinct_customers_lag_6,0.13420529689451563
obs_62f13cc5df51a157,K-Means,subchannel_mix,0.06859110492585954
obs_62f13cc5df51a157,K-Means,new_customers,0.06308436627832843
obs_43336d845ea431bc,K-Means,median_price,0.12076376435688427
obs_43336d845ea431bc,K-Means,dominant_product_share,0.07103416228125593
obs_43336d845ea431bc,K-Means,simulated_payout_to_sales_ratio,0.06974095274908909
obs_baf5625da2096882,K-Means,simulated_actual_payout_rolling_mean_3,0.14025854987319908
obs_baf5625da2096882,K-Means,subchannel_mix,0.12041211175071301
obs_baf5625da2096882,K-Means,simulated_actual_payout_lag_1,0.1027039183127982
obs_c6bc5c9e95ff4666,K-Means,total_sales_rolling_std,0.1899314204064871
obs_c6bc5c9e95ff4666,K-Means,subchannel_mix,0.11748437137078464
obs_c6bc5c9e95ff4666,K-Means,total_quantity_rolling_std,0.1043956434518735
obs_de9e824837a99403,K-Means,total_sales_rolling_MAD,0.14797409002987275
obs_de9e824837a99403,K-Means,distinct_customers_rolling_MAD,0.14215018875991417
obs_de9e824837a99403,K-Means,simulated_actual_payout_lag_3,0.0972965818298877
obs_e3f6a3859fd7ad45,K-Means,total_quantity_rolling_MAD,0.07928238958990698
obs_e3f6a3859fd7ad45,K-Means,channel_mix,0.07649531558773212
obs_e3f6a3859fd7ad45,K-Means,total_sales_rolling_MAD,0.07063798598606798
obs_b5111b97e6ed38c7,K-Means,latitude_dispersion,0.17616545361981323
obs_b5111b97e6ed38c7,K-Means,total_sales_rolling_MAD,0.14763781727817635
obs_b5111b97e6ed38c7,K-Means,total_quantity_rolling_MAD,0.06093249375764666
obs_05c6a0c0b9d9e885,K-Means,simulated_actual_payout_lag_6,0.26659596849872036
obs_05c6a0c0b9d9e885,K-Means,simulated_actual_payout_rolling_MAD,0.07372015266065168
obs_05c6a0c0b9d9e885,K-Means,total_sales_rolling_MAD,0.06698513165575047
obs_de55c5814290b874,K-Means,simulated_actual_payout_rolling_MAD,0.12344541790976797
obs_de55c5814290b874,K-Means,distributor_concentration,0.07555939627583046
obs_de55c5814290b874,K-Means,total_quantity_rolling_MAD,0.06498658099867684
obs_70f1c06cda49ce50,K-Means,simulated_actual_payout_rolling_MAD,0.08397009216750274
obs_70f1c06cda49ce50,K-Means,simulated_actual_payout_history_deviation,0.07172253088306477
obs_70f1c06cda49ce50,K-Means,total_sales_rolling_MAD,0.0709505945620521
obs_309b62ebed7b301b,K-Means,simulated_actual_payout_rolling_MAD,0.07150308101789193
obs_309b62ebed7b301b,K-Means,total_sales_rolling_MAD,0.06041658381317566
obs_309b62ebed7b301b,K-Means,distinct_customers_lag_6,0.0494533901871068
obs_a202012c4ef24643,K-Means,distributor_concentration,0.13600457057998183
obs_a202012c4ef24643,K-Means,latitude_dispersion,0.07767601681064054
obs_a202012c4ef24643,K-Means,total_quantity_lag_6,0.06808968929384573
obs_2efdc8c5fbd6df78,K-Means,new_customers,0.06609336414836754
obs_2efdc8c5fbd6df78,K-Means,distinct_customers_history_deviation,0.056382929271131345
obs_2efdc8c5fbd6df78,K-Means,customer_concentration,0.04334523275344318
obs_0cadaa8e09752462,K-Means,customer_concentration,0.07395497736695662
obs_0cadaa8e09752462,K-Means,city_concentration,0.07395487282022195
obs_0cadaa8e09752462,K-Means,product_concentration,0.06954721247805105
obs_4d5cbeb7f46f0e31,K-Means,total_sales_trend,0.06462996369780823
obs_4d5cbeb7f46f0e31,K-Means,distinct_customers_lag_2,0.04131553784087548
obs_4d5cbeb7f46f0e31,K-Means,total_quantity_lag_6,0.04032065148143464
obs_9803f0acde4e76f3,K-Means,distinct_customers_trend,0.08411682959976749
obs_9803f0acde4e76f3,K-Means,distinct_customers_lag_3,0.0798372276073765
obs_9803f0acde4e76f3,K-Means,total_quantity_lag_1,0.056357873809315485
obs_e1b37c675c3003b1,K-Means,total_sales,0.06552131018318028
obs_e1b37c675c3003b1,K-Means,average_transaction_value,0.06460036573219656
obs_e1b37c675c3003b1,K-Means,sales_per_transaction,0.06460036573219656
obs_0b498f5343e84a61,K-Means,total_sales_lag_1,0.0947131578775338
obs_0b498f5343e84a61,K-Means,total_quantity_lag_1,0.06581343161460432
obs_0b498f5343e84a61,K-Means,total_quantity_lag_3,0.04727955123090955
obs_d7a2b25a8cdc5b6a,K-Means,total_sales_lag_2,0.11070118709841832
obs_d7a2b25a8cdc5b6a,K-Means,distinct_customers_lag_6,0.09848960620884098
obs_d7a2b25a8cdc5b6a,K-Means,total_quantity_lag_2,0.07904291136113714
obs_2a80e8723ccdd491,K-Means,total_sales_lag_6,0.11921916746222107
obs_2a80e8723ccdd491,K-Means,total_sales_lag_3,0.10909842797775651
obs_2a80e8723ccdd491,K-Means,total_quantity_lag_3,0.0734559139036914
obs_c32b47f34eec76af,K-Means,total_quantity_lag_6,0.09813885617922335
obs_c32b47f34eec76af,K-Means,total_sales_lag_6,0.07692289570856777
obs_c32b47f34eec76af,K-Means,simulated_actual_payout_lag_6,0.058902073741675345
obs_d537f23061649c08,K-Means,distinct_customers_lag_6,0.1355050635437047
obs_d537f23061649c08,K-Means,total_sales_lag_1,0.056986096048904936
obs_d537f23061649c08,K-Means,product_mix_change,0.043949959993756345
obs_06bc80ca1592529b,K-Means,total_sales_lag_6,0.22992380545896818
obs_06bc80ca1592529b,K-Means,total_quantity_lag_6,0.12815765016290095
obs_06bc80ca1592529b,K-Means,simulated_actual_payout_lag_6,0.06930442753557974
obs_593c6b0abfbff40f,K-Means,total_quantity_lag_6,0.0944317269347412
obs_593c6b0abfbff40f,K-Means,distinct_customers_lag_6,0.07334845366151231
obs_593c6b0abfbff40f,K-Means,total_sales_lag_3,0.05340564545990906
obs_0764cae41bcbe612,K-Means,distinct_customers_lag_6,0.10446948030813001
obs_0764cae41bcbe612,K-Means,subchannel_mix,0.06183642240335451
obs_0764cae41bcbe612,K-Means,customer_concentration,0.0453463732938147
obs_d05b3b40b386e054,K-Means,distinct_customers_lag_6,0.1015888323450689
obs_d05b3b40b386e054,K-Means,new_customers,0.06346511769161135
obs_d05b3b40b386e054,K-Means,total_quantity_peer_median,0.060535923158329404
obs_04e73b8f3403f58d,K-Means,distinct_customers_lag_6,0.09241539655663991
obs_04e73b8f3403f58d,K-Means,new_customers,0.07621020374514163
obs_04e73b8f3403f58d,K-Means,distinct_customers_history_deviation,0.05481127744200361
obs_e4f6b17418ade61e,K-Means,distributor_count,0.0673698061977065
obs_e4f6b17418ade61e,K-Means,new_customers,0.052257546605235884
obs_e4f6b17418ade61e,K-Means,distinct_customers_lag_6,0.050949316351427965
obs_3e72ae64b4ee1487,K-Means,distinct_customers_lag_6,0.20699272234156976
obs_3e72ae64b4ee1487,K-Means,distinct_customers_rolling_MAD,0.05002135292321464
obs_3e72ae64b4ee1487,K-Means,new_customers,0.04680241525013165
obs_979be2c88656c12c,K-Means,median_price,0.4017918334257888
obs_979be2c88656c12c,K-Means,distributor_concentration,0.1001220011519314
obs_979be2c88656c12c,K-Means,average_price,0.0976568712738802
obs_dfa27919b86c3d52,K-Means,channel_mix,0.12568852198798006
obs_dfa27919b86c3d52,K-Means,simulated_payout_to_sales_ratio,0.07286130279420713
obs_dfa27919b86c3d52,K-Means,simulated_actual_payout_rolling_mean_3,0.0622045724716457
obs_68b49514dab5a9ca,K-Means,median_price,0.2916388452579747
obs_68b49514dab5a9ca,K-Means,distinct_customers_rolling_std,0.08536114220971566
obs_68b49514dab5a9ca,K-Means,total_sales_rolling_std,0.07428655036404383
obs_308780ad50c636ca,K-Means,total_sales_rolling_MAD,0.49668567052212537
obs_308780ad50c636ca,K-Means,median_price,0.09312732366512798
obs_308780ad50c636ca,K-Means,total_sales_rolling_std,0.0384665659021751
obs_a4c24cdcb0026734,K-Means,distinct_customers_rolling_MAD,0.0700299698777985
obs_a4c24cdcb0026734,K-Means,total_sales_rolling_MAD,0.06521265450211801
obs_a4c24cdcb0026734,K-Means,distinct_customers_rolling_std,0.04756719946065102
obs_182375d528750b6c,K-Means,median_price,0.12556489684074465
obs_182375d528750b6c,K-Means,simulated_payout_to_sales_ratio,0.062148087615174416
obs_182375d528750b6c,K-Means,total_sales_rolling_median,0.05205352053326121
obs_8abab8423ce5b57a,K-Means,simulated_actual_payout_lag_6,0.09109509356786279
obs_8abab8423ce5b57a,K-Means,total_sales_lag_6,0.06345374839521194
obs_8abab8423ce5b57a,K-Means,total_sales_lag_3,0.05366811448157166
obs_047985ea3c9cd755,K-Means,total_sales_rolling_MAD,0.04829250163236508
obs_047985ea3c9cd755,K-Means,total_sales_lag_6,0.041853782540829665
obs_047985ea3c9cd755,K-Means,total_quantity_lag_3,0.037046862847635836
obs_d9289b44a1d34714,K-Means,product_breadth_change,0.05458821127898939
obs_d9289b44a1d34714,K-Means,total_sales_lag_6,0.04892925703076989
obs_d9289b44a1d34714,K-Means,product_mix_change,0.04691951246594901
obs_5015dcfd335cfe6b,K-Means,total_sales_lag_6,0.20024876689361842
obs_5015dcfd335cfe6b,K-Means,total_quantity_lag_6,0.058076000273899406
obs_5015dcfd335cfe6b,K-Means,product_mix_change,0.04507297113510579
obs_122ff7e4b022803a,K-Means,total_quantity_lag_6,0.13712056411976736
obs_122ff7e4b022803a,K-Means,total_sales_lag_6,0.10650333967473236
obs_122ff7e4b022803a,K-Means,distinct_customers_lag_6,0.06821484152426656
obs_0bdcb50077926fdd,K-Means,simulated_actual_payout_rolling_mean_3,0.08761744544870395
obs_0bdcb50077926fdd,K-Means,product_breadth_change,0.07559599189823206
obs_0bdcb50077926fdd,K-Means,total_sales_lag_6,0.048362517207057205
obs_a2471ed7d158d3a2,K-Means,product_breadth_change,0.0825981585446696
obs_a2471ed7d158d3a2,K-Means,customer_growth,0.0765006603795715
obs_a2471ed7d158d3a2,K-Means,distinct_customers_month_over_month_growth,0.0765006603795715
obs_0fd2277576d131c5,K-Means,median_price,0.12330072462376694
obs_0fd2277576d131c5,K-Means,total_quantity_lag_6,0.0678582601599279
obs_0fd2277576d131c5,K-Means,distinct_customers_lag_6,0.055585302504948135
obs_f919088c73e72be1,K-Means,median_price,0.12970937187779225
obs_f919088c73e72be1,K-Means,country_mix,0.04181356337995545
obs_f919088c73e72be1,K-Means,customer_loss_rate,0.04008291064499812
obs_27e4d2ad8d9be82a,K-Means,simulated_actual_payout_lag_6,0.06282898019355596
obs_27e4d2ad8d9be82a,K-Means,distinct_customers_rolling_MAD,0.06043603317575745
obs_27e4d2ad8d9be82a,K-Means,country_mix,0.05416053281962393
obs_6eca4269d60b55fa,K-Means,product_mix_change,0.05399062723232162
obs_6eca4269d60b55fa,K-Means,subchannel_mix,0.04679423252405884
obs_6eca4269d60b55fa,K-Means,city_concentration,0.04221029296770933
obs_b6b35315a88c7800,K-Means,total_quantity_rolling_MAD,0.05366308622955565
obs_b6b35315a88c7800,K-Means,total_quantity_peer_median,0.047446401262248
obs_b6b35315a88c7800,K-Means,distinct_customers_rolling_median,0.03550418765080987
obs_cee5c1e4f3e8006e,K-Means,distinct_customers_lag_6,0.11771001749619266
obs_cee5c1e4f3e8006e,K-Means,total_sales_trend,0.07139609379724715
obs_cee5c1e4f3e8006e,K-Means,total_sales_lag_6,0.06927029293865496
obs_d7ceb393881b22a6,K-Means,total_sales_peer_median,0.04805126100294433
obs_d7ceb393881b22a6,K-Means,average_price,0.040098568462664255
obs_d7ceb393881b22a6,K-Means,total_quantity_lag_2,0.03301078707432282
obs_fd7a14533175bc3b,K-Means,median_price,0.20188370372597647
obs_fd7a14533175bc3b,K-Means,distinct_customers_lag_6,0.07158550137366917
obs_fd7a14533175bc3b,K-Means,total_quantity_peer_country_product_class_relative,0.05436127502189731
obs_ecd4c7198c8348a5,K-Means,total_sales_lag_6,0.09900122052665625
obs_ecd4c7198c8348a5,K-Means,distinct_customers_lag_6,0.07539373853762978
obs_ecd4c7198c8348a5,K-Means,total_quantity_lag_6,0.04431726072979851
obs_069f966ef2f3ff89,K-Means,distinct_customers_lag_6,0.1858999419728442
obs_069f966ef2f3ff89,K-Means,distinct_customers_acceleration,0.0392106547404696
obs_069f966ef2f3ff89,K-Means,new_customers,0.038864441652294364
obs_890c162e5617bff7,K-Means,total_quantity_lag_6,0.08631732478907146
obs_890c162e5617bff7,K-Means,distinct_customers_lag_6,0.0695789310892721
obs_890c162e5617bff7,K-Means,total_sales_lag_6,0.06570521311047296
obs_6c27798b6101288b,K-Means,distinct_customers_lag_6,0.05399159708527017
obs_6c27798b6101288b,K-Means,new_customers,0.041742184119143926
obs_6c27798b6101288b,K-Means,distinct_customers_lag_3,0.04077280180041281
obs_45857c1a6bd69901,K-Means,distinct_customers_lag_6,0.08468791818979185
obs_45857c1a6bd69901,K-Means,product_mix_change,0.06050911820060104
obs_45857c1a6bd69901,K-Means,total_quantity_lag_1,0.053371779116625585
obs_414b31aff8f47057,K-Means,new_customers,0.14431221133564764
obs_414b31aff8f47057,K-Means,median_price,0.11820576446811366
obs_414b31aff8f47057,K-Means,total_quantity_lag_6,0.08605347714117681
obs_2835518b42eb6685,K-Means,distinct_customers_lag_6,0.18983660206458952
obs_2835518b42eb6685,K-Means,new_customers,0.07929798252344952
obs_2835518b42eb6685,K-Means,total_quantity_lag_3,0.06515412431387578
obs_e31ae31bfcf0fa35,K-Means,simulated_payout_to_sales_ratio,0.14663303891494717
obs_e31ae31bfcf0fa35,K-Means,latitude_dispersion,0.105536918468288
obs_e31ae31bfcf0fa35,K-Means,average_price,0.04604236114099488
obs_e2991b3dc0037036,K-Means,simulated_payout_to_sales_ratio,0.09556648653111703
obs_e2991b3dc0037036,K-Means,total_quantity_rolling_mean_6,0.07508014041989822
obs_e2991b3dc0037036,K-Means,total_sales_rolling_mean_6,0.0545208833314964
obs_ba083d35986c96ef,K-Means,total_quantity_rolling_median,0.07077257097379151
obs_ba083d35986c96ef,K-Means,simulated_actual_payout_rolling_median,0.06003390575658029
obs_ba083d35986c96ef,K-Means,total_quantity_rolling_mean_6,0.05367964506522733
obs_26248f6afed02ffa,K-Means,total_quantity_lag_3,0.06453699299633227
obs_26248f6afed02ffa,K-Means,simulated_actual_payout_lag_3,0.0575084848869887
obs_26248f6afed02ffa,K-Means,distinct_customers_history_deviation,0.05380202632705846
obs_c5929a7675610dae,K-Means,subchannel_mix,0.055728143386819
obs_c5929a7675610dae,K-Means,total_quantity_rolling_median,0.05109141754973617
obs_c5929a7675610dae,K-Means,latitude_dispersion,0.04160443102653228
obs_6a00219cfab950aa,K-Means,total_quantity_rolling_median,0.060334624793789204
obs_6a00219cfab950aa,K-Means,total_sales_rolling_median,0.047022274255793396
obs_6a00219cfab950aa,K-Means,simulated_actual_payout_acceleration,0.04247714512690837
obs_f83caddbc1b9d053,K-Means,total_quantity_lag_6,0.13505763550755592
obs_f83caddbc1b9d053,K-Means,total_sales_lag_6,0.13381047877361524
obs_f83caddbc1b9d053,K-Means,simulated_actual_payout_lag_6,0.12277493716797094
obs_d4083525788fe9dd,K-Means,product_mix_change,0.061535560007993775
obs_d4083525788fe9dd,K-Means,median_price,0.04649119811469871
obs_d4083525788fe9dd,K-Means,total_quantity_lag_6,0.043274350944575025
obs_49fe18ffa6259ad5,K-Means,simulated_actual_payout_rolling_MAD,0.053689755917958555
obs_49fe18ffa6259ad5,K-Means,subchannel_mix,0.05327296494704457
obs_49fe18ffa6259ad5,K-Means,product_concentration,0.03599449786672595
obs_952bf57ffd9a5f43,K-Means,total_quantity_lag_6,0.09299478523254759
obs_952bf57ffd9a5f43,K-Means,distinct_customers_lag_6,0.07640338011854483
obs_952bf57ffd9a5f43,K-Means,total_sales_lag_3,0.0692653315129459
obs_6f6703e51e278b47,K-Means,simulated_actual_payout_lag_6,0.05846397202656332
obs_6f6703e51e278b47,K-Means,total_sales_lag_6,0.05437109882495367
obs_6f6703e51e278b47,K-Means,channel_mix,0.05390476682406558
obs_9affe7fb434117f8,K-Means,product_breadth_change,0.057568916508777816
obs_9affe7fb434117f8,K-Means,new_customers,0.04189476450461436
obs_9affe7fb434117f8,K-Means,total_sales_rolling_MAD,0.03852254642793284
obs_ba8370d76ad0e8fa,K-Means,total_sales_lag_6,0.07537211966054624
obs_ba8370d76ad0e8fa,K-Means,product_breadth_change,0.05884771978417433
obs_ba8370d76ad0e8fa,K-Means,customer_growth,0.054547741796023425
obs_6fbbb68b8333a761,K-Means,simulated_actual_payout_acceleration,0.04809709463340944
obs_6fbbb68b8333a761,K-Means,total_sales_acceleration,0.047488897378905
obs_6fbbb68b8333a761,K-Means,total_quantity_acceleration,0.04208649471380478
obs_a4fa64c11bca5df4,K-Means,distinct_customers_trend,0.1584842304436055
obs_a4fa64c11bca5df4,K-Means,total_sales_trend,0.09152826311596973
obs_a4fa64c11bca5df4,K-Means,total_quantity_trend,0.07908019391105012
obs_0f0a972fdd81380f,K-Means,distinct_customers_rolling_MAD,0.0413073380614065
obs_0f0a972fdd81380f,K-Means,total_sales_lag_2,0.03934884270126945
obs_0f0a972fdd81380f,K-Means,simulated_target_attainment_pct,0.03567040886386065
obs_95b0b02329fbc254,K-Means,total_sales_lag_6,0.051200286189351615
obs_95b0b02329fbc254,K-Means,total_sales_lag_3,0.049817846695999944
obs_95b0b02329fbc254,K-Means,total_quantity_lag_1,0.04867987707896717
obs_3f54eb758387db85,K-Means,distinct_customers_lag_6,0.12782057183652007
obs_3f54eb758387db85,K-Means,total_quantity_lag_6,0.1081987201681439
obs_3f54eb758387db85,K-Means,total_sales_lag_6,0.10486330447076578
obs_5b3678539e95b0b2,K-Means,total_sales_lag_6,0.06521058984126805
obs_5b3678539e95b0b2,K-Means,channel_mix,0.05373082252798458
obs_5b3678539e95b0b2,K-Means,total_quantity_lag_3,0.051977267102221246
obs_1121c787d49a3276,K-Means,distinct_customers_lag_6,0.1686464263087085
obs_1121c787d49a3276,K-Means,total_sales_lag_6,0.11038520159880824
obs_1121c787d49a3276,K-Means,total_quantity_lag_6,0.06134103358912015
obs_988c4ec12efd2894,K-Means,distinct_customers_lag_6,0.11448156136921965
obs_988c4ec12efd2894,K-Means,total_quantity_lag_1,0.08665270116177132
obs_988c4ec12efd2894,K-Means,total_sales_lag_1,0.08082605602334726
obs_e16591dea25fd1a6,K-Means,total_quantity_lag_6,0.09340820208474121
obs_e16591dea25fd1a6,K-Means,total_quantity_lag_2,0.08885689063362075
obs_e16591dea25fd1a6,K-Means,total_sales_lag_2,0.08092191094961808
obs_3c86f628b67cc3f8,K-Means,channel_mix,0.0914269211496403
obs_3c86f628b67cc3f8,K-Means,total_quantity_lag_3,0.07085004129718911
obs_3c86f628b67cc3f8,K-Means,distinct_customers_lag_6,0.06868024956431042
obs_6d502ebf7664cbcb,K-Means,distinct_customers_lag_6,0.07490097155728175
obs_6d502ebf7664cbcb,K-Means,total_quantity_trend,0.058427502557243584
obs_6d502ebf7664cbcb,K-Means,simulated_actual_payout_trend,0.05294443297908197
obs_9381de55942bf2ca,K-Means,new_customers,0.09730617936971833
obs_9381de55942bf2ca,K-Means,total_quantity_peer_median,0.07733834116745318
obs_9381de55942bf2ca,K-Means,distributor_count,0.06453088375726423
obs_96ba25e4460616e5,K-Means,new_customers,0.07902800175626046
obs_96ba25e4460616e5,K-Means,total_quantity_lag_6,0.06283046888372484
obs_96ba25e4460616e5,K-Means,total_sales_lag_6,0.06172435839739603
obs_927653606ac82639,K-Means,new_customers,0.07728761261699912
obs_927653606ac82639,K-Means,subchannel_mix,0.046422921687456736
obs_927653606ac82639,K-Means,total_quantity_lag_2,0.03991518632920473
obs_fc0e2698434adc3b,K-Means,new_customers,0.08088362606415514
obs_fc0e2698434adc3b,K-Means,distinct_customers_lag_6,0.060199672899819985
obs_fc0e2698434adc3b,K-Means,customer_concentration,0.05651026436658322
obs_f94d749361ef2cd1,K-Means,simulated_payout_to_sales_ratio,0.1487727167278939
obs_f94d749361ef2cd1,K-Means,total_sales_team_relative,0.08429531227795561
obs_f94d749361ef2cd1,K-Means,simulated_actual_payout_team_relative,0.06120530636376022
obs_2ee6132f55e95c0b,K-Means,simulated_actual_payout_rolling_mean_3,0.21268138371753567
obs_2ee6132f55e95c0b,K-Means,simulated_actual_payout_lag_1,0.13607723679171305
obs_2ee6132f55e95c0b,K-Means,simulated_actual_payout_rolling_mean_6,0.07953562683558012
obs_cb5adde5518e5a4b,K-Means,simulated_actual_payout_rolling_median,0.25462988559799105
obs_cb5adde5518e5a4b,K-Means,simulated_actual_payout_lag_2,0.13238822157834118
obs_cb5adde5518e5a4b,K-Means,simulated_actual_payout_rolling_mean_3,0.08980735255996758
obs_1a97daaff441e048,K-Means,simulated_actual_payout_lag_3,0.16537141075263967
obs_1a97daaff441e048,K-Means,total_quantity_rolling_MAD,0.0645107494405221
obs_1a97daaff441e048,K-Means,simulated_actual_payout_rolling_mean_3,0.05615529432351703
obs_5a31ed1945c06339,K-Means,total_sales_rolling_MAD,0.10703701014769477
obs_5a31ed1945c06339,K-Means,distributor_concentration,0.08836952644163669
obs_5a31ed1945c06339,K-Means,simulated_actual_payout_rolling_MAD,0.07926964511438718
obs_9468090f2a09b525,K-Means,simulated_actual_payout_rolling_std,0.08401779882354905
obs_9468090f2a09b525,K-Means,total_sales_rolling_MAD,0.07526657812010218
obs_9468090f2a09b525,K-Means,simulated_actual_payout_rolling_mean_6,0.03866990625304169
obs_e066ac342ed4730a,K-Means,simulated_actual_payout_lag_6,0.32931418256146866
obs_e066ac342ed4730a,K-Means,subchannel_mix,0.049560936763892824
obs_e066ac342ed4730a,K-Means,customer_concentration,0.04670675674731564
obs_d5c3421318523173,K-Means,product_concentration,0.04946390095236689
obs_d5c3421318523173,K-Means,customer_concentration,0.03902086103829102
obs_d5c3421318523173,K-Means,city_concentration,0.039020369983249564
obs_dd785b0f7ecf3ed4,K-Means,total_sales_lag_2,0.059804919723626476
obs_dd785b0f7ecf3ed4,K-Means,total_quantity_lag_2,0.04350399488910066
obs_dd785b0f7ecf3ed4,K-Means,total_quantity_team_relative,0.037846137965791234
obs_0de4ab5f7ac3473c,K-Means,distinct_customers_rolling_MAD,0.06648155471187896
obs_0de4ab5f7ac3473c,K-Means,total_sales_lag_3,0.05832727157992139
obs_0de4ab5f7ac3473c,K-Means,distinct_customers_peer_country_product_class_relative,0.05278310879374211
obs_1e0200583c608457,K-Means,total_quantity_lag_6,0.057577105177269126
obs_1e0200583c608457,K-Means,total_sales_lag_6,0.054043542149265086
obs_1e0200583c608457,K-Means,simulated_actual_payout_month_over_month_growth,0.035810921185783655
obs_567aec2a1b875305,K-Means,latitude_dispersion,0.07762549800915729
obs_567aec2a1b875305,K-Means,total_quantity_lag_6,0.04731986899569163
obs_567aec2a1b875305,K-Means,total_quantity_rolling_MAD,0.04261041166560245
obs_3ef20d80a429210f,K-Means,total_sales_lag_6,0.12004649252116711
obs_3ef20d80a429210f,K-Means,total_quantity_lag_6,0.07467680284187746
obs_3ef20d80a429210f,K-Means,customer_growth,0.07149777898652018
obs_429b6f613b3c4bfa,K-Means,total_sales_lag_6,0.06072559801302307
obs_429b6f613b3c4bfa,K-Means,distinct_customers_acceleration,0.052658363246722885
obs_429b6f613b3c4bfa,K-Means,city_concentration,0.03889910457794307
obs_1e4d49a2d800aad0,K-Means,total_sales_trend,0.07066558728582752
obs_1e4d49a2d800aad0,K-Means,distinct_customers_trend,0.06853038557707106
obs_1e4d49a2d800aad0,K-Means,total_quantity_lag_6,0.06782285972148565
obs_a97b8d1e9afeecb2,K-Means,distinct_customers_rolling_MAD,0.08414368372316737
obs_a97b8d1e9afeecb2,K-Means,product_class_share,0.058190239178166854
obs_a97b8d1e9afeecb2,K-Means,simulated_actual_payout_lag_6,0.05522392686017556
obs_bca088b18d8451c4,K-Means,total_sales_lag_6,0.05179815174140501
obs_bca088b18d8451c4,K-Means,distinct_customers_lag_2,0.047200219527226195
obs_bca088b18d8451c4,K-Means,distinct_customers_rolling_median,0.04175793159388581
obs_ccdf622376fdaf22,K-Means,total_sales_lag_6,0.10412041170426035
obs_ccdf622376fdaf22,K-Means,distinct_customers_lag_3,0.0742898521251805
obs_ccdf622376fdaf22,K-Means,distinct_customers_rolling_median,0.051291125350109296
obs_81799aaea829b660,K-Means,distinct_customers_lag_6,0.19544091097669794
obs_81799aaea829b660,K-Means,distinct_customers_rolling_mean_6,0.036892222485820685
obs_81799aaea829b660,K-Means,distinct_customers_rolling_median,0.032772858236567226
obs_bfcae23427ce1662,K-Means,distinct_customers_lag_6,0.09322706276915257
obs_bfcae23427ce1662,K-Means,total_sales_lag_6,0.05601563729340686
obs_bfcae23427ce1662,K-Means,total_quantity_lag_6,0.03234340980914087
obs_40fdb640556f75f6,K-Means,distinct_customers_lag_6,0.3149799367173827
obs_40fdb640556f75f6,K-Means,distinct_customers_rolling_median,0.0465855426414732
obs_40fdb640556f75f6,K-Means,distinct_customers_rolling_mean_6,0.04405536960282408
obs_09e77e38d95d2087,K-Means,distinct_customers_lag_6,0.1794741036188038
obs_09e77e38d95d2087,K-Means,distinct_customers_rolling_mean_6,0.04140227380891654
obs_09e77e38d95d2087,K-Means,distinct_customers_rolling_median,0.04113979584262907
obs_d44e23642ed4b765,K-Means,distinct_customers_lag_6,0.19355353112334103
obs_d44e23642ed4b765,K-Means,new_customers,0.06004090546292455
obs_d44e23642ed4b765,K-Means,distinct_customers_rolling_median,0.046747193410572555
obs_d8b8034144828733,K-Means,distinct_customers_lag_6,0.35291520626393824
obs_d8b8034144828733,K-Means,distinct_customers_rolling_median,0.055662245012959514
obs_d8b8034144828733,K-Means,distinct_customers_rolling_mean_6,0.054606256772119534
obs_8a6b05144a4bd5ef,K-Means,distinct_customers_lag_6,0.14006447674821174
obs_8a6b05144a4bd5ef,K-Means,new_customers,0.054892560948387556
obs_8a6b05144a4bd5ef,K-Means,total_sales_lag_6,0.04931393225969019
obs_be5060a455d194a7,K-Means,distinct_customers_lag_6,0.2136986791207872
obs_be5060a455d194a7,K-Means,new_customers,0.13999516327644793
obs_be5060a455d194a7,K-Means,total_quantity_lag_6,0.09689744489858325
obs_e75cea050177ef45,K-Means,distinct_customers_lag_6,0.21211083569229092
obs_e75cea050177ef45,K-Means,new_customers,0.09990149517273579
obs_e75cea050177ef45,K-Means,distinct_customers_rolling_MAD,0.07156492147006528
obs_29d4e7aacd1322d0,K-Means,distinct_customers_lag_6,0.3306804125130262
obs_29d4e7aacd1322d0,K-Means,new_customers,0.15119676149725528
obs_29d4e7aacd1322d0,K-Means,distributor_count,0.07210296000190324
obs_c7d3b769ce4896a8,K-Means,simulated_payout_to_sales_ratio,0.09714810195323594
obs_c7d3b769ce4896a8,K-Means,product_concentration,0.07576851058461295
obs_c7d3b769ce4896a8,K-Means,customer_concentration,0.06398502996653659
obs_9998d4f803eb4b0d,K-Means,simulated_actual_payout_rolling_mean_3,0.2752442061287889
obs_9998d4f803eb4b0d,K-Means,simulated_actual_payout_lag_1,0.17406985687789842
obs_9998d4f803eb4b0d,K-Means,simulated_actual_payout_rolling_mean_6,0.10386127926595867
obs_a7014d343fbf535b,K-Means,simulated_actual_payout_rolling_median,0.2798405961028523
obs_a7014d343fbf535b,K-Means,simulated_actual_payout_lag_2,0.14289811176973657
obs_a7014d343fbf535b,K-Means,simulated_actual_payout_rolling_mean_3,0.10052503046070536
obs_db3a5969cf6667b0,K-Means,simulated_actual_payout_lag_3,0.18666923881920663
obs_db3a5969cf6667b0,K-Means,simulated_actual_payout_rolling_mean_3,0.09522367029816607
obs_db3a5969cf6667b0,K-Means,total_quantity_rolling_MAD,0.06763691755960122
obs_6e480dc7648c9b09,K-Means,simulated_actual_payout_rolling_std,0.061275590822373494
obs_6e480dc7648c9b09,K-Means,channel_mix,0.04476752744676342
obs_6e480dc7648c9b09,K-Means,total_quantity_lag_1,0.04460638727670594
obs_94097bebe7d07fad,K-Means,simulated_actual_payout_rolling_std,0.07749465132022292
obs_94097bebe7d07fad,K-Means,simulated_actual_payout_rolling_MAD,0.057087933326302256
obs_94097bebe7d07fad,K-Means,product_breadth_change,0.04375760402831391
obs_51dc75ed844c5afa,K-Means,simulated_actual_payout_lag_6,0.3238433030671136
obs_51dc75ed844c5afa,K-Means,total_quantity_lag_3,0.0312803006796486
obs_51dc75ed844c5afa,K-Means,customer_loss_rate,0.029571403118081683
obs_039c2328757fd2a3,K-Means,median_price,0.07794235287697512
obs_039c2328757fd2a3,K-Means,representative_rank,0.03339600154977269
obs_039c2328757fd2a3,K-Means,average_price,0.033248365486721596
obs_9fde3129e39d2362,K-Means,total_quantity_lag_2,0.03482603086153489
obs_9fde3129e39d2362,K-Means,total_quantity_rolling_median,0.03326637314336664
obs_9fde3129e39d2362,K-Means,distinct_customers_history_deviation,0.03290067997798237
obs_c50b1f5354dee310,K-Means,total_quantity_lag_6,0.08665248014395836
obs_c50b1f5354dee310,K-Means,total_sales_lag_6,0.058038784236586705
obs_c50b1f5354dee310,K-Means,total_quantity_lag_3,0.037558861277841846
obs_83b9ae5947472f93,K-Means,total_sales_lag_6,0.10659250735669686
obs_83b9ae5947472f93,K-Means,total_quantity_lag_6,0.10108849041542314
obs_83b9ae5947472f93,K-Means,distributor_count,0.043273891570305964
obs_165738616ce99974,K-Means,simulated_actual_payout_lag_6,0.05228881114916051
obs_165738616ce99974,K-Means,simulated_actual_payout_rolling_MAD,0.04550497573375796
obs_165738616ce99974,K-Means,total_sales_lag_3,0.045331252157598007
obs_c46ec21ed4c28830,K-Means,total_quantity_lag_6,0.07847991798464332
obs_c46ec21ed4c28830,K-Means,total_sales_lag_6,0.07357927948362754
obs_c46ec21ed4c28830,K-Means,simulated_actual_payout_history_deviation,0.06750187171423967
obs_be6752169fc32a9b,K-Means,simulated_actual_payout_history_deviation,0.1086341509044628
obs_be6752169fc32a9b,K-Means,simulated_actual_payout_rolling_MAD,0.06897761419286645
obs_be6752169fc32a9b,K-Means,total_quantity_peer_z,0.031402647412467635
obs_c47b80c362e28157,K-Means,customer_concentration,0.06159111179759319
obs_c47b80c362e28157,K-Means,city_concentration,0.06159104048385496
obs_c47b80c362e28157,K-Means,product_concentration,0.05812818201195967
obs_e7f83c2dbc3643cb,K-Means,total_sales_lag_1,0.08497252806627377
obs_e7f83c2dbc3643cb,K-Means,total_sales_trend,0.05325311189490627
obs_e7f83c2dbc3643cb,K-Means,total_quantity_lag_1,0.04856638238506699
obs_c3a34f040bf7e3a1,K-Means,total_sales_lag_2,0.08761910640290761
obs_c3a34f040bf7e3a1,K-Means,total_quantity_lag_2,0.05171245376927567
obs_c3a34f040bf7e3a1,K-Means,distinct_customers_rolling_MAD,0.04209155543178481
obs_3e8793c64b8fe8b6,K-Means,total_sales_lag_3,0.11232227622990128
obs_3e8793c64b8fe8b6,K-Means,total_quantity_lag_3,0.06499341728142373
obs_3e8793c64b8fe8b6,K-Means,total_quantity_lag_6,0.05080449030142297
obs_7b4a92fb0b39fc24,K-Means,distinct_customers_lag_6,0.2136085368109779
obs_7b4a92fb0b39fc24,K-Means,total_sales_rolling_std,0.05726290898093033
obs_7b4a92fb0b39fc24,K-Means,simulated_actual_payout_rolling_MAD,0.04618548273988373
obs_6323cb430e6a9ff7,K-Means,distinct_customers_lag_6,0.22495932833421597
obs_6323cb430e6a9ff7,K-Means,total_sales_lag_6,0.03569066007399642
obs_6323cb430e6a9ff7,K-Means,total_quantity_lag_6,0.03477913917371891
obs_780ee4c2e8543d69,K-Means,total_sales_lag_6,0.226453230426249
obs_780ee4c2e8543d69,K-Means,distinct_customers_lag_6,0.19158212032714042
obs_780ee4c2e8543d69,K-Means,total_quantity_lag_6,0.12426796427093263
obs_f6a416351ea5a816,K-Means,distinct_customers_lag_6,0.15666843868410366
obs_f6a416351ea5a816,K-Means,simulated_actual_payout_lag_6,0.07114318021480054
obs_f6a416351ea5a816,K-Means,product_mix_change,0.0544206249173719
obs_865b95d23116c43a,K-Means,distinct_customers_lag_6,0.19146644467187648
obs_865b95d23116c43a,K-Means,subchannel_mix,0.07173538465592692
obs_865b95d23116c43a,K-Means,customer_concentration,0.047325654211536464
obs_fe531257d8203eff,K-Means,new_customers,0.19294524238492922
obs_fe531257d8203eff,K-Means,distinct_customers_lag_6,0.11164820200156092
obs_fe531257d8203eff,K-Means,distinct_customers_rolling_mean_6,0.025492765551790798
obs_437956653bdaac46,K-Means,distinct_customers_lag_6,0.13250326436616308
obs_437956653bdaac46,K-Means,new_customers,0.1255284244463752
obs_437956653bdaac46,K-Means,distributor_count,0.052338584058735524
obs_2d794f00d18f54c4,K-Means,new_customers,0.1652216094620743
obs_2d794f00d18f54c4,K-Means,distinct_customers_lag_6,0.11155109025560839
obs_2d794f00d18f54c4,K-Means,distinct_customers_history_deviation,0.03984624945529816
obs_434a8af6c193eb1f,K-Means,distinct_customers_lag_6,0.14520153030429825
obs_434a8af6c193eb1f,K-Means,total_sales_lag_6,0.062305543395856616
obs_434a8af6c193eb1f,K-Means,total_quantity_lag_6,0.05965534815641464
obs_0d031e070c441b8c,K-Means,distinct_customers_lag_6,0.16251753988149192
obs_0d031e070c441b8c,K-Means,new_customers,0.13112499166662328
obs_0d031e070c441b8c,K-Means,distributor_count,0.06253110143209029
obs_f59d8b8ded76d0de,K-Means,simulated_payout_to_sales_ratio,0.2881696196850459
obs_f59d8b8ded76d0de,K-Means,total_quantity,0.03932977866278663
obs_f59d8b8ded76d0de,K-Means,sales_per_transaction,0.03513690837421314
obs_6acfb85d3311cd62,K-Means,total_quantity_rolling_mean_6,0.12372857351259854
obs_6acfb85d3311cd62,K-Means,total_sales_rolling_mean_6,0.08951163264142892
obs_6acfb85d3311cd62,K-Means,total_quantity_rolling_mean_3,0.08527384765042967
obs_28f5d0164fb489d7,K-Means,simulated_actual_payout_rolling_std,0.13498179208189826
obs_28f5d0164fb489d7,K-Means,simulated_actual_payout_rolling_median,0.09220560778800929
obs_28f5d0164fb489d7,K-Means,total_quantity_lag_2,0.06594116247610289
obs_971d0aad1d87d250,K-Means,total_quantity_rolling_MAD,0.21903329200681512
obs_971d0aad1d87d250,K-Means,simulated_actual_payout_rolling_median,0.05785290562517308
obs_971d0aad1d87d250,K-Means,simulated_actual_payout_rolling_MAD,0.05132225854698166
obs_e03d7f66d346c839,K-Means,simulated_actual_payout_rolling_MAD,0.06785755188921586
obs_e03d7f66d346c839,K-Means,simulated_actual_payout_rolling_median,0.051029976531933294
obs_e03d7f66d346c839,K-Means,total_sales_rolling_MAD,0.04804229738376689
obs_a522d03a8c5f2b4b,K-Means,simulated_actual_payout_rolling_MAD,0.05904853165458779
obs_a522d03a8c5f2b4b,K-Means,channel_mix,0.04171260630968674
obs_a522d03a8c5f2b4b,K-Means,product_concentration,0.04038795912003534
obs_dfc482fa9dc557f5,K-Means,total_quantity_lag_6,0.1442711733048032
obs_dfc482fa9dc557f5,K-Means,total_sales_lag_6,0.11531150420660066
obs_dfc482fa9dc557f5,K-Means,simulated_actual_payout_lag_6,0.07604176299118988
obs_bc89b5e815f61b20,K-Means,simulated_actual_payout_lag_6,0.12336193555490514
obs_bc89b5e815f61b20,K-Means,total_quantity_lag_3,0.04653810062777056
obs_bc89b5e815f61b20,K-Means,simulated_actual_payout_rolling_MAD,0.04628501724059299
obs_fc6c6e4cb6c6408b,K-Means,channel_mix,0.0612741465038358
obs_fc6c6e4cb6c6408b,K-Means,customer_concentration,0.044145318501355314
obs_fc6c6e4cb6c6408b,K-Means,city_concentration,0.0441447078805756
obs_c4b8f427388f2073,K-Means,simulated_actual_payout_lag_6,0.08587224669040648
obs_c4b8f427388f2073,K-Means,total_sales_lag_6,0.07804799630824352
obs_c4b8f427388f2073,K-Means,median_price,0.0771493953918659
obs_c2f75088b2cf61c3,K-Means,total_quantity_lag_6,0.10168368407278743
obs_c2f75088b2cf61c3,K-Means,total_sales_lag_6,0.08623321931150119
obs_c2f75088b2cf61c3,K-Means,simulated_actual_payout_lag_6,0.0715818842266291
obs_1dd563122c36a4cc,K-Means,total_sales_lag_6,0.06456355182732616
obs_1dd563122c36a4cc,K-Means,subchannel_mix,0.056427191406879684
obs_1dd563122c36a4cc,K-Means,new_customers,0.048877146213307805
obs_f6e5f3b1455aecab,K-Means,customer_growth,0.0890900099618939
obs_f6e5f3b1455aecab,K-Means,distinct_customers_month_over_month_growth,0.0890900099618939
obs_f6e5f3b1455aecab,K-Means,product_breadth_change,0.06220370909589089
obs_f9dddcc836ab162b,K-Means,simulated_actual_payout_rolling_MAD,0.13992589274405104
obs_f9dddcc836ab162b,K-Means,distinct_customers_trend,0.06105854159230897
obs_f9dddcc836ab162b,K-Means,simulated_actual_payout_history_deviation,0.05984211753103177
obs_aaf4356fdfef9538,K-Means,distinct_customers_trend,0.13837888872214846
obs_aaf4356fdfef9538,K-Means,simulated_actual_payout_rolling_MAD,0.10372579605029791
obs_aaf4356fdfef9538,K-Means,total_sales_lag_3,0.050751078210626875
obs_27b985fccd305872,K-Means,distinct_customers_rolling_MAD,0.0631615262789732
obs_27b985fccd305872,K-Means,distributor_concentration,0.056103240915504345
obs_27b985fccd305872,K-Means,total_quantity_lag_6,0.04436802685990858
obs_3666de587fdfd7bb,K-Means,distinct_customers_rolling_MAD,0.04890004579479673
obs_3666de587fdfd7bb,K-Means,distinct_customers_trend,0.04046507876188667
obs_3666de587fdfd7bb,K-Means,product_breadth_change,0.038371651988389203
obs_e4c2855d5fcbf458,K-Means,total_sales_lag_6,0.22278335428028878
obs_e4c2855d5fcbf458,K-Means,total_quantity_lag_6,0.16748235381082832
obs_e4c2855d5fcbf458,K-Means,distinct_customers_lag_6,0.08971192517114085
obs_5bb52d909b6d58f7,K-Means,distinct_customers_lag_6,0.13656404984982445
obs_5bb52d909b6d58f7,K-Means,total_quantity_product_class_relative,0.0570099073100892
obs_5bb52d909b6d58f7,K-Means,total_quantity_peer_country_product_class_relative,0.056999027229590195
obs_d71673b68df05c45,K-Means,distinct_customers_lag_6,0.3583239789682024
obs_d71673b68df05c45,K-Means,total_quantity_trend,0.043620914997721014
obs_d71673b68df05c45,K-Means,total_quantity_lag_1,0.037890406398952824
obs_8aae99145fca0de6,K-Means,distinct_customers_lag_6,0.10883078658415368
obs_8aae99145fca0de6,K-Means,subchannel_mix,0.04198769403097162
obs_8aae99145fca0de6,K-Means,total_quantity_lag_6,0.04198605646132802
obs_86311734d2f92047,K-Means,distinct_customers_lag_6,0.07063279848148775
obs_86311734d2f92047,K-Means,total_quantity_lag_3,0.0597598743685147
obs_86311734d2f92047,K-Means,distinct_customers_rolling_median,0.045574805277767014
obs_a9e0ce9abccba836,K-Means,distinct_customers_lag_6,0.14875609713514812
obs_a9e0ce9abccba836,K-Means,distinct_customers_rolling_mean_6,0.03957002015565879
obs_a9e0ce9abccba836,K-Means,total_sales_acceleration,0.03713366666988391
obs_333f4bb8bbab0ad5,K-Means,distinct_customers_lag_6,0.07515431703710726
obs_333f4bb8bbab0ad5,K-Means,new_customers,0.07355477787067242
obs_333f4bb8bbab0ad5,K-Means,total_quantity_trend,0.05021260295178731
obs_2fa61f4345725ed9,K-Means,distinct_customers_lag_6,0.08172644746422798
obs_2fa61f4345725ed9,K-Means,new_customers,0.07742444863421644
obs_2fa61f4345725ed9,K-Means,total_quantity_peer_median,0.06702694150098001
obs_c0c41142faac01a9,K-Means,distinct_customers_lag_6,0.09056075302306929
obs_c0c41142faac01a9,K-Means,new_customers,0.0749798225200541
obs_c0c41142faac01a9,K-Means,total_quantity_month_over_month_growth,0.05003397037874811
obs_a3c1436f4a4dc5f8,K-Means,distinct_customers_lag_6,0.11025470455623544
obs_a3c1436f4a4dc5f8,K-Means,total_quantity_acceleration,0.06443017071450871
obs_a3c1436f4a4dc5f8,K-Means,total_quantity_trend,0.04758660869111889
obs_a0202590016b807d,K-Means,distinct_customers_lag_6,0.14708620136475334
obs_a0202590016b807d,K-Means,new_customers,0.06646365254237523
obs_a0202590016b807d,K-Means,simulated_actual_payout_trend,0.04992271712400531
obs_d53cb4ace9236f83,K-Means,subchannel_mix,0.09872699687759946
obs_d53cb4ace9236f83,K-Means,customer_concentration,0.08642631194180533
obs_d53cb4ace9236f83,K-Means,city_concentration,0.08642385743182214
obs_30e309db14222915,K-Means,simulated_actual_payout_rolling_mean_3,0.1963859564229674
obs_30e309db14222915,K-Means,simulated_actual_payout_lag_1,0.11365732831636767
obs_30e309db14222915,K-Means,simulated_actual_payout_rolling_mean_6,0.07913001459462453
obs_07957e1a0eac75b4,K-Means,simulated_actual_payout_rolling_median,0.26175793231091166
obs_07957e1a0eac75b4,K-Means,simulated_actual_payout_lag_2,0.11278616406271158
obs_07957e1a0eac75b4,K-Means,simulated_actual_payout_rolling_mean_3,0.1073250693294281
obs_fe612689724d1340,K-Means,simulated_actual_payout_lag_3,0.17246947199944007
obs_fe612689724d1340,K-Means,simulated_actual_payout_rolling_mean_3,0.10097526658351233
obs_fe612689724d1340,K-Means,total_sales_lag_3,0.059666311970984195
obs_29595e61142abe40,K-Means,simulated_actual_payout_rolling_MAD,0.07209574531299233
obs_29595e61142abe40,K-Means,simulated_actual_payout_rolling_std,0.06858191179511924
obs_29595e61142abe40,K-Means,simulated_actual_payout_rolling_mean_3,0.06392467853865126
obs_c91e044a37b5e69d,K-Means,simulated_actual_payout_rolling_std,0.1096525923810179
obs_c91e044a37b5e69d,K-Means,simulated_actual_payout_rolling_mean_6,0.05937062995648244
obs_c91e044a37b5e69d,K-Means,subchannel_mix,0.052267665200346584
obs_87db4f8b38f8c94e,K-Means,simulated_actual_payout_lag_6,0.42930199997496354
obs_87db4f8b38f8c94e,K-Means,total_sales_lag_6,0.1585125272821347
obs_87db4f8b38f8c94e,K-Means,total_quantity_lag_6,0.05797004216734998
obs_f16961d69302cebb,K-Means,total_sales_rolling_MAD,0.07254371781314072
obs_f16961d69302cebb,K-Means,distinct_customers_peer_country_product_class_relative,0.06150084767944346
obs_f16961d69302cebb,K-Means,distinct_customers_product_class_relative,0.060836352046321415
obs_156d27aa8e139ed2,K-Means,total_sales_history_deviation,0.0775627772927345
obs_156d27aa8e139ed2,K-Means,total_sales_rolling_MAD,0.07606447771489254
obs_156d27aa8e139ed2,K-Means,simulated_actual_payout_lag_6,0.0711394292284681
obs_8f9269a751b0e534,K-Means,simulated_actual_payout_lag_6,0.09059281491807278
obs_8f9269a751b0e534,K-Means,total_sales_lag_1,0.04500586197050299
obs_8f9269a751b0e534,K-Means,total_quantity_rolling_MAD,0.04448541892674302
obs_56d3f10b1af993c2,K-Means,total_quantity_lag_6,0.06018841126246476
obs_56d3f10b1af993c2,K-Means,distinct_customers_lag_3,0.04919651858282885
obs_56d3f10b1af993c2,K-Means,distinct_customers_trend,0.046750189450069285
obs_aca0ed8ccec6b7d0,K-Means,total_sales_lag_6,0.08155874308597828
obs_aca0ed8ccec6b7d0,K-Means,total_quantity_lag_6,0.05789401128413903
obs_aca0ed8ccec6b7d0,K-Means,new_customers,0.04670520590164536
obs_6cba36a785573028,K-Means,simulated_actual_payout_lag_12,0.17659815418718172
obs_6cba36a785573028,K-Means,simulated_actual_payout_rolling_mean_3,0.05339840175790184
obs_6cba36a785573028,K-Means,customer_growth,0.04651320490672242
obs_0e6867b30abbbb6d,K-Means,distinct_customers_lag_6,0.1056534682673807
obs_0e6867b30abbbb6d,K-Means,simulated_actual_payout_year_over_year_growth,0.039243001568448836
obs_0e6867b30abbbb6d,K-Means,simulated_actual_payout_rolling_MAD,0.03846777231344144
obs_ec6848bc3eeb9290,K-Means,simulated_actual_payout_history_deviation,0.06809150341763091
obs_ec6848bc3eeb9290,K-Means,simulated_actual_payout_trend,0.057778324877211226
obs_ec6848bc3eeb9290,K-Means,total_sales_lag_3,0.0527174338400805
obs_45e4034a8c7912c1,K-Means,simulated_actual_payout_rolling_MAD,0.0671131582177983
obs_45e4034a8c7912c1,K-Means,total_sales_lag_3,0.06352560280165498
obs_45e4034a8c7912c1,K-Means,simulated_actual_payout_trend,0.05965307033581753
obs_f5c4e2bdd922a7e0,K-Means,subchannel_mix,0.07215081684749357
obs_f5c4e2bdd922a7e0,K-Means,customer_concentration,0.06345804280590367
obs_f5c4e2bdd922a7e0,K-Means,city_concentration,0.06345701318368059
obs_31f83a704a4c4b2b,K-Means,total_sales_lag_6,0.17126391107001834
obs_31f83a704a4c4b2b,K-Means,total_quantity_lag_6,0.1294061256905672
obs_31f83a704a4c4b2b,K-Means,distinct_customers_lag_6,0.09593711814804176
obs_e8251079bd54c73c,K-Means,total_sales_lag_6,0.1291265926421854
obs_e8251079bd54c73c,K-Means,total_quantity_lag_1,0.05446890280019203
obs_e8251079bd54c73c,K-Means,distinct_customers_rolling_std,0.05049409062405773
obs_80a3e86ffb4cbc10,K-Means,total_sales_rolling_MAD,0.11130740448458112
obs_80a3e86ffb4cbc10,K-Means,simulated_actual_payout_lag_6,0.08588469803348756
obs_80a3e86ffb4cbc10,K-Means,total_quantity_lag_2,0.05960503750075488
obs_14d6c35ff70d6bd8,K-Means,distinct_customers_lag_6,0.06898642097011792
obs_14d6c35ff70d6bd8,K-Means,simulated_actual_payout_peer_z,0.05306926922232815
obs_14d6c35ff70d6bd8,K-Means,total_quantity_lag_3,0.04378969008753666
obs_fdbdb8a5536848d3,K-Means,simulated_actual_payout_history_deviation,0.058788868040168446
obs_fdbdb8a5536848d3,K-Means,distinct_customers_lag_6,0.050092588642203055
obs_fdbdb8a5536848d3,K-Means,total_sales_history_deviation,0.037255209433891115
obs_a37aac9eec58d20b,K-Means,distinct_customers_lag_6,0.11165961218046067
obs_a37aac9eec58d20b,K-Means,distinct_customers_product_class_relative,0.04102621853789809
obs_a37aac9eec58d20b,K-Means,representative_rank,0.03765368578822087
obs_a09e94fa2819bdb6,K-Means,total_quantity_lag_6,0.10767609681780878
obs_a09e94fa2819bdb6,K-Means,new_customers,0.07030857499541927
obs_a09e94fa2819bdb6,K-Means,total_sales_lag_6,0.06612996558797943
obs_a4603a2098b015b4,K-Means,total_quantity,0.0645264491950682
obs_a4603a2098b015b4,K-Means,total_quantity_peer_median,0.06441094159047418
obs_a4603a2098b015b4,K-Means,simulated_payout_to_sales_ratio,0.05560292645147648
obs_c02e50578eb8d285,K-Means,total_quantity_lag_1,0.08825931160029354
obs_c02e50578eb8d285,K-Means,total_sales_lag_1,0.0686281647645817
obs_c02e50578eb8d285,K-Means,total_quantity_month_over_month_growth,0.0610883894453785
obs_ae8abdc367a19bf1,K-Means,total_quantity_lag_2,0.11207033517480994
obs_ae8abdc367a19bf1,K-Means,total_quantity_acceleration,0.08683509908545534
obs_ae8abdc367a19bf1,K-Means,total_sales_lag_2,0.08408123554558933
obs_6fc50b42eec9e24f,K-Means,distinct_customers_lag_6,0.12451001362879649
obs_6fc50b42eec9e24f,K-Means,total_quantity_lag_3,0.07391257786689365
obs_6fc50b42eec9e24f,K-Means,total_quantity_trend,0.06905035111069915
obs_bda9ae5cd003c988,K-Means,simulated_payout_to_sales_ratio,0.07982229244081532
obs_bda9ae5cd003c988,K-Means,product_class_share,0.07490912801656768
obs_bda9ae5cd003c988,K-Means,latitude_dispersion,0.07434953235047244
obs_271a46d26d667d12,K-Means,median_price,0.12240564209116879
obs_271a46d26d667d12,K-Means,simulated_actual_payout_rolling_mean_3,0.05363209495056342
obs_271a46d26d667d12,K-Means,simulated_actual_payout_lag_1,0.04478202737560193
obs_29af730dcb5934b5,K-Means,median_price,0.12579394489521167
obs_29af730dcb5934b5,K-Means,simulated_actual_payout_rolling_median,0.09071879173447173
obs_29af730dcb5934b5,K-Means,simulated_actual_payout_lag_2,0.05706306902225682
obs_b941a9451a1dd3ee,K-Means,distinct_customers_rolling_MAD,0.1431082147509727
obs_b941a9451a1dd3ee,K-Means,simulated_actual_payout_lag_3,0.06291374539807787
obs_b941a9451a1dd3ee,K-Means,total_sales_rolling_median,0.04688243979481643
obs_7fd702d77fabc354,K-Means,median_price,0.082199578407596
obs_7fd702d77fabc354,K-Means,simulated_payout_to_sales_ratio,0.07591280741550602
obs_7fd702d77fabc354,K-Means,total_sales_rolling_MAD,0.05636504137429221
obs_f0369a5723e05d91,K-Means,distinct_customers_rolling_MAD,0.11655761696771078
obs_f0369a5723e05d91,K-Means,product_concentration,0.04935979473093379
obs_f0369a5723e05d91,K-Means,simulated_payout_to_sales_ratio,0.047196706773771684
obs_9ee27a6297fa7cd5,K-Means,simulated_actual_payout_lag_6,0.2829291355127175
obs_9ee27a6297fa7cd5,K-Means,total_sales_lag_6,0.07784352603887623
obs_9ee27a6297fa7cd5,K-Means,distinct_customers_rolling_MAD,0.06974863913406425
obs_74764a3dd73bb4d9,K-Means,median_price,0.1776990205743493
obs_74764a3dd73bb4d9,K-Means,distinct_customers_lag_6,0.10846493360633554
obs_74764a3dd73bb4d9,K-Means,average_price,0.061436048255940394
obs_15046b2d2f85b636,K-Means,median_price,0.2087643357411721
obs_15046b2d2f85b636,K-Means,average_price,0.08017798719989197
obs_15046b2d2f85b636,K-Means,total_sales_lag_6,0.07898384571855747
obs_827506a58afc0d33,K-Means,median_price,0.09962457159819292
obs_827506a58afc0d33,K-Means,total_sales_lag_6,0.0699549391583016
obs_827506a58afc0d33,K-Means,distinct_customers_lag_6,0.055653299673932864
obs_ddcfb406be3bbef5,K-Means,product_breadth_change,0.08471974557188351
obs_ddcfb406be3bbef5,K-Means,customer_growth,0.06471714443835842
obs_ddcfb406be3bbef5,K-Means,distinct_customers_month_over_month_growth,0.06471714443835842
obs_9ac16145a4603183,K-Means,latitude_dispersion,0.14675346745288
obs_9ac16145a4603183,K-Means,distinct_customers_acceleration,0.05392369321696328
obs_9ac16145a4603183,K-Means,distinct_customers_month_over_month_growth,0.05025104199772383
obs_c143012a3c7d3e23,K-Means,customer_growth,0.10662975457999545
obs_c143012a3c7d3e23,K-Means,distinct_customers_month_over_month_growth,0.10662975457999545
obs_c143012a3c7d3e23,K-Means,distinct_customers_acceleration,0.07216821308026396
obs_5f9306c678a2af05,K-Means,simulated_actual_payout_history_deviation,0.07755977516088264
obs_5f9306c678a2af05,K-Means,simulated_actual_payout_rolling_MAD,0.06926873021669211
obs_5f9306c678a2af05,K-Means,total_sales_lag_6,0.04738242413899268
obs_6b6ae26a93859b80,K-Means,distinct_customers_trend,0.11207167539802518
obs_6b6ae26a93859b80,K-Means,product_mix_change,0.041435588140021795
obs_6b6ae26a93859b80,K-Means,distinct_customers_peer_country_product_class_relative,0.03089258920658902
obs_bf158488277b06be,K-Means,distinct_customers_rolling_MAD,0.07679372724237594
obs_bf158488277b06be,K-Means,distinct_customers_lag_6,0.06507597066469056
obs_bf158488277b06be,K-Means,distributor_concentration,0.05237076065750733
obs_36f2f572c30b9ebd,K-Means,product_mix_change,0.061656386031410465
obs_36f2f572c30b9ebd,K-Means,distributor_mix_change,0.058528089199728635
obs_36f2f572c30b9ebd,K-Means,distinct_customers_lag_2,0.0486254010005919
obs_758ab165357f3fbe,K-Means,median_price,0.1825156916360358
obs_758ab165357f3fbe,K-Means,distinct_customers_lag_6,0.13940438217991258
obs_758ab165357f3fbe,K-Means,total_quantity_lag_6,0.061070181110193744
obs_79eb15ce7bc39cf5,K-Means,total_sales_lag_6,0.13872331182783468
obs_79eb15ce7bc39cf5,K-Means,total_quantity_lag_6,0.11261854928874941
obs_79eb15ce7bc39cf5,K-Means,product_concentration,0.049158650349291386
obs_f9f357a15a1d30b3,K-Means,median_price,0.1356098153970728
obs_f9f357a15a1d30b3,K-Means,distinct_customers_lag_6,0.076072709512427
obs_f9f357a15a1d30b3,K-Means,average_price,0.07383830446045252
obs_c3cf3cd3740cdfd3,K-Means,distinct_customers_lag_6,0.2625503251897491
obs_c3cf3cd3740cdfd3,K-Means,new_customers,0.045697239362626756
obs_c3cf3cd3740cdfd3,K-Means,average_price,0.04206412320571186
obs_27ff3c8d075ba86a,K-Means,median_price,0.1955654112332886
obs_27ff3c8d075ba86a,K-Means,average_price,0.08089425020248507
obs_27ff3c8d075ba86a,K-Means,channel_mix,0.0569346893309131
obs_e008358a19621c85,K-Means,distinct_customers_lag_6,0.1039244662149427
obs_e008358a19621c85,K-Means,average_price,0.06529624412764949
obs_e008358a19621c85,K-Means,new_customers,0.04829473084867937
obs_f0314e62e3031f0c,K-Means,total_quantity_lag_6,0.07248988226409393
obs_f0314e62e3031f0c,K-Means,distinct_customers_lag_6,0.07047944762778342
obs_f0314e62e3031f0c,K-Means,total_sales_lag_6,0.0672352541603349
obs_cb5f1207a1207b21,K-Means,distinct_customers_lag_6,0.09785799179705874
obs_cb5f1207a1207b21,K-Means,total_sales_peer_median,0.06123977831449185
obs_cb5f1207a1207b21,K-Means,total_quantity_peer_median,0.05748299123071211
obs_b0d0ade04ca42c02,K-Means,new_customers,0.09189941292446446
obs_b0d0ade04ca42c02,K-Means,median_price,0.08400902659031247
obs_b0d0ade04ca42c02,K-Means,simulated_actual_payout_lag_6,0.05252750307578454
obs_6d9eb6a98e6ce65e,K-Means,distributor_count,0.08918833385700822
obs_6d9eb6a98e6ce65e,K-Means,new_customers,0.083759177182908
obs_6d9eb6a98e6ce65e,K-Means,distinct_customers_lag_6,0.06744986950388737
obs_f9b7ebabd09145e0,K-Means,distinct_customers_lag_6,0.12928428134987935
obs_f9b7ebabd09145e0,K-Means,median_price,0.11973655638345909
obs_f9b7ebabd09145e0,K-Means,new_customers,0.05679584677365817
obs_fdf88c2e4f1544de,K-Means,distinct_customers_peer_country_product_class_relative,0.2234370949488431
obs_fdf88c2e4f1544de,K-Means,distinct_customers_product_class_relative,0.22143322725873094
obs_fdf88c2e4f1544de,K-Means,distinct_customers_peer_z,0.1328118194759756
obs_d31eaeda39d0b201,K-Means,simulated_actual_payout_rolling_mean_3,0.13549020729954936
obs_d31eaeda39d0b201,K-Means,simulated_actual_payout_lag_1,0.10032219136860092
obs_d31eaeda39d0b201,K-Means,customer_concentration,0.0756398012028964
obs_03f44d5b4a20739c,K-Means,simulated_actual_payout_rolling_median,0.24931545238148076
obs_03f44d5b4a20739c,K-Means,simulated_actual_payout_lag_2,0.1494035943782371
obs_03f44d5b4a20739c,K-Means,total_quantity_rolling_std,0.07717165286640246
obs_5f6edc7de04065f8,K-Means,total_sales_rolling_MAD,0.4594970281670648
obs_5f6edc7de04065f8,K-Means,simulated_actual_payout_lag_3,0.06564309741846636
obs_5f6edc7de04065f8,K-Means,distinct_customers_peer_country_product_class_relative,0.050925305220121696
obs_2ef5e8a43e4fc8a4,K-Means,distributor_mix_change,0.06544467912200062
obs_2ef5e8a43e4fc8a4,K-Means,product_concentration,0.0639374846780379
obs_2ef5e8a43e4fc8a4,K-Means,subchannel_mix,0.054199434148264294
obs_d1d278704aeda347,K-Means,total_sales_lag_1,0.04955121667944692
obs_d1d278704aeda347,K-Means,average_price,0.049012149484015666
obs_d1d278704aeda347,K-Means,simulated_payout_to_sales_ratio,0.04385205182737768
obs_f59085eb20e60d62,K-Means,simulated_actual_payout_lag_6,0.3294975599365996
obs_f59085eb20e60d62,K-Means,total_sales_lag_2,0.04036447804007017
obs_f59085eb20e60d62,K-Means,total_sales_lag_3,0.03729167284783078
obs_898919677b598cdb,K-Means,product_concentration,0.057376673964039865
obs_898919677b598cdb,K-Means,city_concentration,0.055707136320120705
obs_898919677b598cdb,K-Means,customer_concentration,0.055707015976702044
obs_bbf6c37af35e8fa5,K-Means,distributor_concentration,0.06420026374922408
obs_bbf6c37af35e8fa5,K-Means,simulated_actual_payout_rolling_mean_3,0.043529228963836805
obs_bbf6c37af35e8fa5,K-Means,total_sales_rolling_median,0.04135739317979068
obs_a0cafc24c286c5a3,K-Means,distinct_customers_rolling_MAD,0.059934784293904204
obs_a0cafc24c286c5a3,K-Means,distinct_customers_rolling_std,0.04707492103464226
obs_a0cafc24c286c5a3,K-Means,total_quantity_peer_median,0.041973913865354644
obs_a13a6f78c9a23b37,K-Means,total_sales_lag_6,0.14284760686990156
obs_a13a6f78c9a23b37,K-Means,total_quantity_lag_6,0.06744826662055858
obs_a13a6f78c9a23b37,K-Means,simulated_actual_payout_rolling_MAD,0.0657534457844666
obs_5413499f6550af82,K-Means,simulated_actual_payout_rolling_MAD,0.12232408807429457
obs_5413499f6550af82,K-Means,channel_mix,0.05538609830971696
obs_5413499f6550af82,K-Means,distinct_customers_history_deviation,0.04801195926307917
obs_ba72091ed4fc516f,K-Means,customer_growth,0.1226042023914776
obs_ba72091ed4fc516f,K-Means,distinct_customers_month_over_month_growth,0.1226042023914776
obs_ba72091ed4fc516f,K-Means,product_breadth_change,0.06526037496672707
obs_2ced491060bc0e02,K-Means,simulated_actual_payout_rolling_MAD,0.12498016565976812
obs_2ced491060bc0e02,K-Means,distinct_customers_acceleration,0.0581410766968203
obs_2ced491060bc0e02,K-Means,total_sales_lag_6,0.05425963120396742
obs_2b72eba85df8a400,K-Means,simulated_actual_payout_rolling_MAD,0.10451665255684439
obs_2b72eba85df8a400,K-Means,simulated_actual_payout_rolling_std,0.06483165801799495
obs_2b72eba85df8a400,K-Means,total_quantity_rolling_std,0.05742827991711383
obs_687e9a16ccb18a71,K-Means,simulated_actual_payout_rolling_MAD,0.09401654512655423
obs_687e9a16ccb18a71,K-Means,total_quantity_rolling_MAD,0.043295781612141426
obs_687e9a16ccb18a71,K-Means,distinct_customers_rolling_MAD,0.037065095373288025
obs_25be00379e2cd9c1,K-Means,distinct_customers_lag_6,0.04876340055706966
obs_25be00379e2cd9c1,K-Means,simulated_actual_payout_rolling_MAD,0.044047378228687255
obs_25be00379e2cd9c1,K-Means,total_quantity_lag_6,0.04394614414081987
obs_9c9817d8c98930a9,K-Means,distinct_customers_lag_6,0.14779022749834902
obs_9c9817d8c98930a9,K-Means,distinct_customers_rolling_MAD,0.04022544354704702
obs_9c9817d8c98930a9,K-Means,distinct_customers_lag_3,0.038285399187630485
obs_57f00a19cab0d769,K-Means,distinct_customers_lag_6,0.1512203281947758
obs_57f00a19cab0d769,K-Means,subchannel_mix,0.04714691418121118
obs_57f00a19cab0d769,K-Means,product_concentration,0.04214511922760208
obs_12b72c9640d22d65,K-Means,total_sales_lag_6,0.1158094056782415
obs_12b72c9640d22d65,K-Means,total_quantity_lag_6,0.09357267889365291
obs_12b72c9640d22d65,K-Means,simulated_actual_payout_trend,0.07589731336410722
obs_1366e77458f74fd4,K-Means,distinct_customers_lag_6,0.1805033600518415
obs_1366e77458f74fd4,K-Means,total_sales_lag_6,0.04305771649392611
obs_1366e77458f74fd4,K-Means,total_sales_lag_2,0.042943566704008396
obs_540588694e9cdd91,K-Means,latitude_dispersion,0.046808946191187216
obs_540588694e9cdd91,K-Means,simulated_actual_payout_rolling_MAD,0.03825094758155914
obs_540588694e9cdd91,K-Means,simulated_actual_payout_lag_6,0.03655462210231031
obs_31a004ba64edc6bd,K-Means,distinct_customers_lag_6,0.13157105288046786
obs_31a004ba64edc6bd,K-Means,simulated_actual_payout_lag_6,0.04171110703533912
obs_31a004ba64edc6bd,K-Means,total_sales_rolling_MAD,0.03908400492223338
obs_2031544166a18f49,K-Means,new_customers,0.19921301647079365
obs_2031544166a18f49,K-Means,total_quantity_peer_median,0.050174740028504666
obs_2031544166a18f49,K-Means,total_sales_rolling_median,0.032852218124312035
obs_1440a4b8b224df45,K-Means,new_customers,0.0698326258366202
obs_1440a4b8b224df45,K-Means,distributor_concentration,0.06338360495056489
obs_1440a4b8b224df45,K-Means,total_quantity_peer_median,0.055502533102767655
obs_505c2d519359e370,K-Means,distinct_customers_lag_6,0.07292714828683959
obs_505c2d519359e370,K-Means,new_customers,0.06799407266471456
obs_505c2d519359e370,K-Means,distinct_customers_trend,0.056550427391166266
obs_e4f9db585bca2fe8,K-Means,new_customers,0.09869527726746322
obs_e4f9db585bca2fe8,K-Means,channel_mix,0.09506108886744374
obs_e4f9db585bca2fe8,K-Means,distributor_count,0.08591692055585469
obs_013dfe8d1044aceb,K-Means,distinct_customers_lag_6,0.17934168281571608
obs_013dfe8d1044aceb,K-Means,new_customers,0.0692812186012423
obs_013dfe8d1044aceb,K-Means,total_sales_lag_6,0.054865608387660365
obs_ea119cd8b582a91a,K-Means,channel_mix,0.39634440811481303
obs_ea119cd8b582a91a,K-Means,simulated_payout_to_sales_ratio,0.1655226010082556
obs_ea119cd8b582a91a,K-Means,distinct_products,0.05440117179438409
obs_29e6404898639c43,K-Means,simulated_actual_payout_rolling_mean_3,0.21291285407785512
obs_29e6404898639c43,K-Means,simulated_actual_payout_lag_1,0.11735043908982404
obs_29e6404898639c43,K-Means,simulated_actual_payout_rolling_mean_6,0.0767957385966412
obs_3c46ed10a05688e5,K-Means,simulated_actual_payout_rolling_median,0.23226111961373774
obs_3c46ed10a05688e5,K-Means,simulated_actual_payout_rolling_mean_3,0.10297205481924596
obs_3c46ed10a05688e5,K-Means,simulated_actual_payout_lag_2,0.10067495042731918
obs_bb4bd199498fac5e,K-Means,distinct_customers_rolling_MAD,0.17062839015751788
obs_bb4bd199498fac5e,K-Means,simulated_actual_payout_lag_3,0.11715537338405418
obs_bb4bd199498fac5e,K-Means,simulated_actual_payout_rolling_mean_3,0.07152501102594422
obs_e9ac9fd753c35046,K-Means,simulated_actual_payout_rolling_std,0.07192697079263566
obs_e9ac9fd753c35046,K-Means,simulated_actual_payout_rolling_MAD,0.05223041173376869
obs_e9ac9fd753c35046,K-Means,simulated_actual_payout_rolling_mean_6,0.03753181538856588
obs_a5ec35f7cd908c51,K-Means,product_concentration,0.0610157597209353
obs_a5ec35f7cd908c51,K-Means,subchannel_mix,0.058766844568033674
obs_a5ec35f7cd908c51,K-Means,city_concentration,0.056865849548509005
obs_79f025bb263690b4,K-Means,simulated_actual_payout_lag_6,0.29701808551549863
obs_79f025bb263690b4,K-Means,simulated_actual_payout_acceleration,0.04503180849301247
obs_79f025bb263690b4,K-Means,total_sales_acceleration,0.03207219231297386
obs_1f844b72e5f364c8,K-Means,total_sales_lag_6,0.08553815846442905
obs_1f844b72e5f364c8,K-Means,total_quantity_lag_6,0.08020286221656384
obs_1f844b72e5f364c8,K-Means,distinct_customers_lag_6,0.06714580176150395
obs_c89e98db60cfa754,K-Means,distinct_customers_rolling_MAD,0.09437944635794061
obs_c89e98db60cfa754,K-Means,total_sales_lag_6,0.07642285363166552
obs_c89e98db60cfa754,K-Means,distinct_customers_lag_6,0.07040819779913635
obs_41423822fd53cf18,K-Means,distinct_customers_rolling_MAD,0.15645207148741205
obs_41423822fd53cf18,K-Means,simulated_actual_payout_lag_6,0.08542271191838655
obs_41423822fd53cf18,K-Means,customer_loss_rate,0.04519852101209275
obs_98574d9990103b33,K-Means,simulated_actual_payout_lag_6,0.10356788596431493
obs_98574d9990103b33,K-Means,distinct_customers_rolling_MAD,0.09984794609962075
obs_98574d9990103b33,K-Means,total_sales_lag_6,0.09428419338387872
obs_0d63ec705e2fafe9,K-Means,distinct_customers_lag_6,0.12795711051068553
obs_0d63ec705e2fafe9,K-Means,distinct_customers_rolling_MAD,0.08388561045509497
obs_0d63ec705e2fafe9,K-Means,product_mix_change,0.07566773913503579
obs_6e033e03991c566a,K-Means,customer_growth,0.0851383505523287
obs_6e033e03991c566a,K-Means,distinct_customers_month_over_month_growth,0.0851383505523287
obs_6e033e03991c566a,K-Means,simulated_actual_payout_lag_12,0.07498171369264993
obs_1da0dd151ad70305,K-Means,simulated_actual_payout_rolling_MAD,0.06428991342412833
obs_1da0dd151ad70305,K-Means,total_sales_lag_6,0.06363053463259563
obs_1da0dd151ad70305,K-Means,distinct_customers_rolling_MAD,0.05839195815993206
obs_5a676355300925de,K-Means,distinct_customers_trend,0.12828843211903443
obs_5a676355300925de,K-Means,simulated_actual_payout_rolling_MAD,0.09645713245487662
obs_5a676355300925de,K-Means,distinct_customers_lag_6,0.0659000329204321
obs_030647de3fbd3ed3,K-Means,distinct_customers_lag_6,0.05091898941216597
obs_030647de3fbd3ed3,K-Means,distinct_customers_lag_3,0.04589087297641458
obs_030647de3fbd3ed3,K-Means,distinct_customers_rolling_MAD,0.04523284691787877
obs_d983232522da960c,K-Means,distinct_customers_lag_6,0.07156003535726711
obs_d983232522da960c,K-Means,distinct_customers_lag_3,0.06824835244514466
obs_d983232522da960c,K-Means,distinct_customers_rolling_median,0.06489200445059282
obs_3e520ca6a4f92327,K-Means,distinct_customers_rolling_median,0.07295335436995729
obs_3e520ca6a4f92327,K-Means,distinct_customers_lag_3,0.05527632533051357
obs_3e520ca6a4f92327,K-Means,distinct_customers_rolling_mean_6,0.044244712933433766
obs_64dc226cbbe48716,K-Means,distinct_customers_lag_6,0.2920097803146427
obs_64dc226cbbe48716,K-Means,distinct_customers_rolling_median,0.04986414262993197
obs_64dc226cbbe48716,K-Means,distinct_customers_rolling_mean_6,0.04263844487875279
obs_d5bb39d965bf44e1,K-Means,distinct_customers_lag_6,0.3659202698270542
obs_d5bb39d965bf44e1,K-Means,distinct_customers_rolling_median,0.048789921893286875
obs_d5bb39d965bf44e1,K-Means,distinct_customers_rolling_mean_6,0.045071421882361795
obs_c9d5c7a6cd1c0ddb,K-Means,distinct_customers_lag_6,0.20990129364443685
obs_c9d5c7a6cd1c0ddb,K-Means,subchannel_mix,0.08571303154356602
obs_c9d5c7a6cd1c0ddb,K-Means,distinct_customers_rolling_median,0.04945604130858249
obs_2a3a9d586a42d313,K-Means,distinct_customers_lag_6,0.20625034568113873
obs_2a3a9d586a42d313,K-Means,distinct_customers_lag_3,0.04303808839245533
obs_2a3a9d586a42d313,K-Means,new_customers,0.03833065707430987
obs_4ae98a1dd3053168,K-Means,distinct_customers_lag_6,0.1257752201929636
obs_4ae98a1dd3053168,K-Means,distinct_customers_rolling_median,0.06501496792468525
obs_4ae98a1dd3053168,K-Means,distinct_customers_rolling_mean_6,0.06228548009652889
obs_52a0b609d3df34dc,K-Means,distinct_customers_lag_6,0.22733523658116134
obs_52a0b609d3df34dc,K-Means,new_customers,0.10867606439616884
obs_52a0b609d3df34dc,K-Means,distinct_customers_rolling_mean_6,0.04361380157185909
obs_544200e66770d25d,K-Means,distinct_customers_lag_6,0.23657836654623457
obs_544200e66770d25d,K-Means,distributor_concentration,0.07157971221153325
obs_544200e66770d25d,K-Means,distributor_count,0.06947275100131448
obs_6761f6d2bc1f430a,K-Means,distinct_customers_lag_6,0.25086379931660696
obs_6761f6d2bc1f430a,K-Means,new_customers,0.14931879304794546
obs_6761f6d2bc1f430a,K-Means,distinct_customers_trend,0.04021584443698963
obs_b7ff122d6e4264f7,K-Means,new_customers,0.2745289949849353
obs_b7ff122d6e4264f7,K-Means,distinct_customers_lag_6,0.09361400593253211
obs_b7ff122d6e4264f7,K-Means,total_sales_lag_6,0.057619698908179494
obs_df3487c4a9702f65,K-Means,distinct_customers_lag_6,0.39263287168964645
obs_df3487c4a9702f65,K-Means,distributor_count,0.08066100654481212
obs_df3487c4a9702f65,K-Means,new_customers,0.07289567999307237
obs_220618d6ebb74e72,K-Means,median_price,0.13721113266385873
obs_220618d6ebb74e72,K-Means,average_price,0.061003057619449304
obs_220618d6ebb74e72,K-Means,distinct_customers_peer_country_product_class_relative,0.056834346001844706
obs_8d0c9b21ff277234,K-Means,simulated_actual_payout_rolling_mean_3,0.15860010273148872
obs_8d0c9b21ff277234,K-Means,simulated_actual_payout_lag_1,0.09183576525499262
obs_8d0c9b21ff277234,K-Means,total_quantity_rolling_mean_6,0.0686536284065339
obs_460efe3930c7226d,K-Means,simulated_actual_payout_rolling_median,0.21829235421373946
obs_460efe3930c7226d,K-Means,simulated_actual_payout_lag_2,0.10522429825847435
obs_460efe3930c7226d,K-Means,simulated_actual_payout_rolling_mean_3,0.06304715241423726
obs_b85150d9017d6ac5,K-Means,total_quantity_rolling_MAD,0.2956639214610821
obs_b85150d9017d6ac5,K-Means,simulated_actual_payout_rolling_MAD,0.11629573238795063
obs_b85150d9017d6ac5,K-Means,simulated_actual_payout_lag_3,0.09098905072044813
obs_a02b9608b4dc1543,K-Means,product_breadth_change,0.15690772807358605
obs_a02b9608b4dc1543,K-Means,distributor_mix_change,0.06342694577463433
obs_a02b9608b4dc1543,K-Means,simulated_actual_payout_rolling_MAD,0.04980261317783393
obs_18a134012c80a257,K-Means,simulated_actual_payout_rolling_mean_3,0.06774844164986377
obs_18a134012c80a257,K-Means,distinct_customers_peer_country_product_class_relative,0.05530347939312794
obs_18a134012c80a257,K-Means,distinct_customers_product_class_relative,0.054912730046612915
obs_aca7bb4d66b6ccdb,K-Means,simulated_actual_payout_lag_6,0.2597935602119075
obs_aca7bb4d66b6ccdb,K-Means,total_quantity_lag_6,0.04987821719512237
obs_aca7bb4d66b6ccdb,K-Means,distinct_customers_team_relative,0.0400369343061833
obs_82e573d1027ade26,K-Means,simulated_actual_payout_rolling_MAD,0.06733299160023228
obs_82e573d1027ade26,K-Means,simulated_actual_payout_history_deviation,0.06619871864046889
obs_82e573d1027ade26,K-Means,simulated_actual_payout_lag_6,0.04971276996464397
obs_47030c7ee6393c51,K-Means,simulated_actual_payout_rolling_MAD,0.08229233233036273
obs_47030c7ee6393c51,K-Means,simulated_actual_payout_history_deviation,0.049477961558917295
obs_47030c7ee6393c51,K-Means,customer_growth,0.04199769107093082
obs_31cda9fd77ac38eb,K-Means,distinct_customers_trend,0.06354466924259196
obs_31cda9fd77ac38eb,K-Means,total_sales_trend,0.05768011612202809
obs_31cda9fd77ac38eb,K-Means,simulated_actual_payout_trend,0.04651151893875168
obs_e42e64505762034d,K-Means,distinct_customers_lag_6,0.10163478047071652
obs_e42e64505762034d,K-Means,total_sales_lag_2,0.06343644794716767
obs_e42e64505762034d,K-Means,total_quantity_lag_2,0.048767001206425076
obs_76b95deab9fc0586,K-Means,total_sales_peer_z,0.04768282672324115
obs_76b95deab9fc0586,K-Means,total_sales_peer_country_product_class_relative,0.04736893401932197
obs_76b95deab9fc0586,K-Means,total_sales_product_class_relative,0.04664641275128503
obs_6f7636554830f20b,K-Means,distinct_customers_lag_6,0.09487045484490367
obs_6f7636554830f20b,K-Means,customer_growth,0.05682599254878003
obs_6f7636554830f20b,K-Means,distinct_customers_month_over_month_growth,0.05682599254878003
obs_464d7b13032ffc34,K-Means,total_quantity_lag_6,0.06539776011406814
obs_464d7b13032ffc34,K-Means,distinct_customers_lag_6,0.06460990102330363
obs_464d7b13032ffc34,K-Means,total_quantity_rolling_median,0.043640023903522375
obs_dfc2144b90132e20,K-Means,distinct_customers_trend,0.10897944099215409
obs_dfc2144b90132e20,K-Means,total_sales_lag_6,0.09947989031360542
obs_dfc2144b90132e20,K-Means,total_quantity_lag_6,0.05868603391552399
obs_018b6cdb3d6be9a0,K-Means,distributor_concentration,0.08295735669587724
obs_018b6cdb3d6be9a0,K-Means,simulated_actual_payout_rolling_MAD,0.07501807875398232
obs_018b6cdb3d6be9a0,K-Means,total_sales_lag_6,0.07294659189638508
obs_c2070daf0f4d7c4a,K-Means,simulated_actual_payout_rolling_MAD,0.0840118319932363
obs_c2070daf0f4d7c4a,K-Means,total_sales_lag_6,0.0793426006196397
obs_c2070daf0f4d7c4a,K-Means,total_quantity_lag_6,0.07706619296314397
obs_7a911d3ed08817e4,K-Means,simulated_actual_payout_rolling_MAD,0.07324042876598283
obs_7a911d3ed08817e4,K-Means,simulated_actual_payout_history_deviation,0.0682590344921047
obs_7a911d3ed08817e4,K-Means,distinct_customers_lag_3,0.04908591896218322
obs_a3b64a1d9c420961,K-Means,distinct_customers_lag_6,0.08925279029063685
obs_a3b64a1d9c420961,K-Means,total_quantity_trend,0.06844113471172969
obs_a3b64a1d9c420961,K-Means,total_sales_trend,0.06410112455115882
obs_d898c82ae6184281,K-Means,distinct_customers_lag_6,0.2370393339716677
obs_d898c82ae6184281,K-Means,total_sales_lag_2,0.05392224685829546
obs_d898c82ae6184281,K-Means,total_quantity_lag_2,0.04996480563039778
obs_785cb2443567e3c5,K-Means,distinct_customers_lag_6,0.27580343221738784
obs_785cb2443567e3c5,K-Means,total_sales_lag_3,0.06504963981366291
obs_785cb2443567e3c5,K-Means,total_quantity_lag_3,0.0588130093473812
obs_6fee769e25886197,K-Means,distinct_customers_lag_6,0.11518870290949537
obs_6fee769e25886197,K-Means,new_customers,0.06773196300158084
obs_6fee769e25886197,K-Means,total_sales_lag_2,0.03307474599825781
obs_5c7c9a00cb1afea5,K-Means,distinct_customers_lag_6,0.19612250190667532
obs_5c7c9a00cb1afea5,K-Means,total_sales_lag_6,0.05147152480926354
obs_5c7c9a00cb1afea5,K-Means,new_customers,0.04914507392011989
obs_6a0f452b826e0edd,K-Means,total_sales_lag_6,0.1684508747959221
obs_6a0f452b826e0edd,K-Means,total_quantity_lag_6,0.12905606275634293
obs_6a0f452b826e0edd,K-Means,distinct_customers_lag_6,0.08907807390092197
obs_b3f68c2042acdbc1,K-Means,new_customers,0.18544457222971214
obs_b3f68c2042acdbc1,K-Means,distinct_customers_lag_6,0.13033977024561358
obs_b3f68c2042acdbc1,K-Means,distributor_count,0.05560033786870803
obs_87560cbf7dfb56cf,K-Means,distinct_customers_lag_6,0.1750601617521856
obs_87560cbf7dfb56cf,K-Means,total_sales_lag_6,0.06696190765477748
obs_87560cbf7dfb56cf,K-Means,new_customers,0.0531998032432389
obs_bdbb5cd3eeada6d3,K-Means,new_customers,0.15250722909581513
obs_bdbb5cd3eeada6d3,K-Means,product_mix_change,0.1270600237004086
obs_bdbb5cd3eeada6d3,K-Means,distinct_customers_lag_6,0.09632882824254169
obs_82d2ebba38eb998a,K-Means,new_customers,0.19448772904583758
obs_82d2ebba38eb998a,K-Means,distinct_customers_lag_6,0.10001752459762513
obs_82d2ebba38eb998a,K-Means,median_price,0.08038809257492317
obs_4b1e4f723392580c,K-Means,latitude_dispersion,0.23644274657606823
obs_4b1e4f723392580c,K-Means,distinct_customers_peer_country_product_class_relative,0.10031153576430989
obs_4b1e4f723392580c,K-Means,distinct_customers_product_class_relative,0.09941190427961996
obs_b02041cefb822f98,K-Means,simulated_actual_payout_rolling_mean_3,0.12729940028220227
obs_b02041cefb822f98,K-Means,simulated_actual_payout_lag_1,0.08962987132051742
obs_b02041cefb822f98,K-Means,median_price,0.06388660948825825
obs_a2890d47f268917e,K-Means,simulated_actual_payout_rolling_median,0.2123268434897288
obs_a2890d47f268917e,K-Means,simulated_actual_payout_lag_2,0.11626406092643675
obs_a2890d47f268917e,K-Means,simulated_actual_payout_rolling_mean_3,0.06532752606117254
obs_b623d1b9ab87cc4e,K-Means,simulated_actual_payout_lag_3,0.1293007381374152
obs_b623d1b9ab87cc4e,K-Means,latitude_dispersion,0.06650927285911792
obs_b623d1b9ab87cc4e,K-Means,simulated_actual_payout_rolling_mean_3,0.05669013591072764
obs_4b2b254e670a4daa,K-Means,subchannel_mix,0.18048463814815385
obs_4b2b254e670a4daa,K-Means,channel_mix,0.0832927029038358
obs_4b2b254e670a4daa,K-Means,simulated_actual_payout_rolling_MAD,0.04355533072708849
obs_986e27d057aebeef,K-Means,simulated_actual_payout_rolling_MAD,0.0827529624387746
obs_986e27d057aebeef,K-Means,simulated_actual_payout_history_deviation,0.0624404804959351
obs_986e27d057aebeef,K-Means,total_quantity_peer_median,0.04773315049420402
obs_6df6c63d321a3bc5,K-Means,simulated_actual_payout_lag_6,0.30284607123790397
obs_6df6c63d321a3bc5,K-Means,distinct_customers_lag_6,0.12378320351188243
obs_6df6c63d321a3bc5,K-Means,simulated_actual_payout_history_deviation,0.036197660491349655
obs_2cb1ed1b720138fe,K-Means,total_quantity_rolling_MAD,0.09374023525768017
obs_2cb1ed1b720138fe,K-Means,simulated_actual_payout_history_deviation,0.050471192121826144
obs_2cb1ed1b720138fe,K-Means,total_quantity_history_deviation,0.0454995423217867
obs_0bd852db3417d874,K-Means,total_quantity_rolling_MAD,0.08940282570281868
obs_0bd852db3417d874,K-Means,latitude_dispersion,0.07465897116657658
obs_0bd852db3417d874,K-Means,total_quantity_history_deviation,0.03667267763419169
obs_a8c028f293e60c30,K-Means,simulated_actual_payout_history_deviation,0.05454872977771987
obs_a8c028f293e60c30,K-Means,total_sales_lag_6,0.047508565743685706
obs_a8c028f293e60c30,K-Means,distinct_customers_lag_6,0.04185320970769151
obs_a630c5ce5ee491e2,K-Means,total_quantity_lag_6,0.10909974126710542
obs_a630c5ce5ee491e2,K-Means,total_sales_lag_6,0.0882712241790002
obs_a630c5ce5ee491e2,K-Means,simulated_actual_payout_trend,0.04993848107320774
obs_e829c5936286fd07,K-Means,simulated_actual_payout_rolling_MAD,0.08217145829548861
obs_e829c5936286fd07,K-Means,product_concentration,0.05474631341158568
obs_e829c5936286fd07,K-Means,distinct_customers_lag_6,0.050276354101364155
obs_7411414a25388997,K-Means,product_breadth_change,0.11623253803560246
obs_7411414a25388997,K-Means,simulated_actual_payout_lag_12,0.07654092697196299
obs_7411414a25388997,K-Means,total_quantity_peer_median,0.05282429183151589
obs_7e69d007fcbc1812,K-Means,simulated_actual_payout_lag_6,0.08582126479772707
obs_7e69d007fcbc1812,K-Means,total_sales_lag_6,0.08434143546041602
obs_7e69d007fcbc1812,K-Means,total_quantity_lag_6,0.06874195322401597
obs_f3e078cb43e091fb,K-Means,distinct_customers_trend,0.10984327558807168
obs_f3e078cb43e091fb,K-Means,latitude_dispersion,0.07250001150345046
obs_f3e078cb43e091fb,K-Means,distinct_customers_lag_3,0.043982538579378755
obs_eda8448f318d7d99,K-Means,distributor_concentration,0.07969263821689213
obs_eda8448f318d7d99,K-Means,total_quantity_product_class_relative,0.043226137328692155
obs_eda8448f318d7d99,K-Means,total_quantity_peer_country_product_class_relative,0.043215832224348265
obs_235da8cf622eed41,K-Means,total_quantity_lag_6,0.05455514609372929
obs_235da8cf622eed41,K-Means,total_sales_lag_6,0.04971867432995299
obs_235da8cf622eed41,K-Means,total_quantity_lag_12,0.038100360360269855
obs_ccac97308d514ae7,K-Means,total_sales_peer_z,0.07862144368847877
obs_ccac97308d514ae7,K-Means,latitude_dispersion,0.035873360187093445
obs_ccac97308d514ae7,K-Means,distinct_customers_lag_6,0.0351627548652998
obs_0a2c57408a82d081,K-Means,distinct_customers_lag_6,0.11381391814330655
obs_0a2c57408a82d081,K-Means,distinct_customers_rolling_MAD,0.07968084303288289
obs_0a2c57408a82d081,K-Means,simulated_actual_payout_lag_6,0.04481573595467983
obs_99666595eaf64012,K-Means,distinct_customers_lag_6,0.17876807191614044
obs_99666595eaf64012,K-Means,distinct_customers_rolling_std,0.05003866553952315
obs_99666595eaf64012,K-Means,distinct_customers_rolling_MAD,0.04896636456766059
obs_cb214b6fe2efad71,K-Means,distinct_customers_lag_6,0.20562116528480923
obs_cb214b6fe2efad71,K-Means,total_sales_lag_6,0.05939031764649824
obs_cb214b6fe2efad71,K-Means,distinct_customers_rolling_mean_6,0.04640065349958788
obs_33f64c9fdbca41fc,K-Means,distinct_customers_lag_6,0.11902307976049316
obs_33f64c9fdbca41fc,K-Means,total_quantity_history_deviation,0.04730641288543372
obs_33f64c9fdbca41fc,K-Means,total_quantity,0.03190674609938
obs_5a9f60cbcf4e7567,K-Means,distinct_customers_lag_6,0.2442945938110882
obs_5a9f60cbcf4e7567,K-Means,total_quantity_trend,0.05292975065086995
obs_5a9f60cbcf4e7567,K-Means,total_quantity_lag_1,0.04128949965700216
obs_ab532998711e3596,K-Means,distinct_customers_lag_6,0.17954658058608963
obs_ab532998711e3596,K-Means,total_quantity_rolling_MAD,0.05245825197670258
obs_ab532998711e3596,K-Means,new_customers,0.04978047484236464
obs_dc9dbb42301f79c4,K-Means,new_customers,0.1254053827326966
obs_dc9dbb42301f79c4,K-Means,distinct_customers_lag_6,0.10236331516465998
obs_dc9dbb42301f79c4,K-Means,total_quantity_peer_median,0.08072376004574851
obs_f5e46cff1749afa3,K-Means,new_customers,0.15493537321316217
obs_f5e46cff1749afa3,K-Means,distinct_customers_lag_6,0.11459176528846274
obs_f5e46cff1749afa3,K-Means,total_quantity_lag_1,0.036986807425803965
obs_bbea40fafaf3160d,K-Means,distributor_count,0.08181630006128227
obs_bbea40fafaf3160d,K-Means,total_quantity_lag_2,0.07824934847113851
obs_bbea40fafaf3160d,K-Means,total_sales_lag_2,0.07389178067264511
obs_c2446c7ada9c04b4,K-Means,distinct_customers_lag_6,0.13360240773163168
obs_c2446c7ada9c04b4,K-Means,new_customers,0.08383716240428543
obs_c2446c7ada9c04b4,K-Means,total_quantity_lag_3,0.061105855447939846
obs_55c0ac9d93c87406,K-Means,channel_mix,0.17498670621502352
obs_55c0ac9d93c87406,K-Means,latitude_dispersion,0.0875051457708124
obs_55c0ac9d93c87406,K-Means,distinct_customers_peer_country_product_class_relative,0.0828697590848841
obs_99292efbee0bba6e,K-Means,simulated_actual_payout_rolling_mean_3,0.1613653102781531
obs_99292efbee0bba6e,K-Means,simulated_actual_payout_lag_1,0.1181601768290265
obs_99292efbee0bba6e,K-Means,simulated_actual_payout_rolling_mean_6,0.05397852720541717
obs_5ca60e71a0e55f7e,K-Means,simulated_actual_payout_rolling_median,0.15274468731091395
obs_5ca60e71a0e55f7e,K-Means,total_sales_rolling_std,0.11992818773672341
obs_5ca60e71a0e55f7e,K-Means,simulated_actual_payout_lag_2,0.09494175448367116
obs_9a50740a1690c2a2,K-Means,distinct_customers_rolling_MAD,0.15467803259449264
obs_9a50740a1690c2a2,K-Means,simulated_actual_payout_lag_3,0.10586831118826173
obs_9a50740a1690c2a2,K-Means,total_sales_rolling_std,0.03389162746264503
obs_f1a9fbc1233c1ba8,K-Means,total_sales_rolling_MAD,0.11631617954282514
obs_f1a9fbc1233c1ba8,K-Means,channel_mix,0.05658598952516447
obs_f1a9fbc1233c1ba8,K-Means,total_sales_rolling_std,0.05132395776968788
obs_2eeedc6f4e05fb88,K-Means,simulated_actual_payout_peer_z,0.0787973653283834
obs_2eeedc6f4e05fb88,K-Means,simulated_actual_payout_month_over_month_growth,0.04595144582681328
obs_2eeedc6f4e05fb88,K-Means,simulated_actual_payout_rolling_mean_3,0.04318604352201397
obs_0308328d3d22cd88,K-Means,simulated_actual_payout_lag_6,0.2679523129425343
obs_0308328d3d22cd88,K-Means,channel_mix,0.0983435925023885
obs_0308328d3d22cd88,K-Means,distinct_customers_lag_6,0.08332100176739053
obs_45950e1d8e9d509e,K-Means,distinct_customers_lag_6,0.056874833553489504
obs_45950e1d8e9d509e,K-Means,representative_rank,0.050110499716507606
obs_45950e1d8e9d509e,K-Means,total_sales_peer_z,0.03751155775403792
obs_f372f7bbdcaf4ed9,K-Means,total_quantity_rolling_MAD,0.10449282273336184
obs_f372f7bbdcaf4ed9,K-Means,total_sales_lag_6,0.0906305056411716
obs_f372f7bbdcaf4ed9,K-Means,distinct_customers_lag_6,0.06091204073240956
obs_b287274dc3e2bfc4,K-Means,simulated_actual_payout_history_deviation,0.04908359590121534
obs_b287274dc3e2bfc4,K-Means,total_sales_month_over_month_growth,0.0465679908794248
obs_b287274dc3e2bfc4,K-Means,simulated_actual_payout_month_over_month_growth,0.0401285643204377
obs_0c0d159935f7ba75,K-Means,product_breadth_change,0.044318379686215804
obs_0c0d159935f7ba75,K-Means,distinct_customers_history_deviation,0.04317459884750765
obs_0c0d159935f7ba75,K-Means,total_sales_lag_6,0.04144633843389323
obs_8317edcb7213f4f0,K-Means,total_sales_lag_3,0.05503944102126926
obs_8317edcb7213f4f0,K-Means,new_customers,0.04684109014205876
obs_8317edcb7213f4f0,K-Means,simulated_actual_payout_lag_6,0.04201398442226884
obs_5c78a14fe3cb1b79,K-Means,customer_growth,0.07770016174125616
obs_5c78a14fe3cb1b79,K-Means,distinct_customers_month_over_month_growth,0.07770016174125616
obs_5c78a14fe3cb1b79,K-Means,simulated_actual_payout_lag_12,0.05559858220034641
obs_8c2c30ad7d34d40f,K-Means,distinct_customers_trend,0.16121999745580942
obs_8c2c30ad7d34d40f,K-Means,distinct_customers_lag_3,0.08253801158374162
obs_8c2c30ad7d34d40f,K-Means,distinct_customers_history_deviation,0.04309765592345435
obs_92eea3b84d8c6330,K-Means,channel_mix,0.0741572662649336
obs_92eea3b84d8c6330,K-Means,distinct_customers_trend,0.05264520331850835
obs_92eea3b84d8c6330,K-Means,total_sales_lag_6,0.05103025452929413
obs_7ecbbd24eedbbb7a,K-Means,total_sales_trend,0.08878850983495004
obs_7ecbbd24eedbbb7a,K-Means,total_quantity_trend,0.08805079933312158
obs_7ecbbd24eedbbb7a,K-Means,total_sales_lag_1,0.07304635730764773
obs_7f83d8a69acb1c6a,K-Means,total_quantity_lag_2,0.07935504102762941
obs_7f83d8a69acb1c6a,K-Means,total_sales_lag_2,0.07731541098664449
obs_7f83d8a69acb1c6a,K-Means,distinct_customers_lag_6,0.04146719127296329
obs_a939b40c6b9a5cf9,K-Means,total_quantity_lag_3,0.09003796048108419
obs_a939b40c6b9a5cf9,K-Means,total_sales_lag_3,0.08980843587360622
obs_a939b40c6b9a5cf9,K-Means,simulated_actual_payout_lag_3,0.038117143859312044
obs_d69487577a66e73f,K-Means,distinct_customers_lag_6,0.23467679832625854
obs_d69487577a66e73f,K-Means,total_sales_rolling_std,0.04881013502660709
obs_d69487577a66e73f,K-Means,total_quantity_rolling_std,0.04755450211654151
obs_861c756cce74bbdd,K-Means,distinct_customers_lag_6,0.19010589457167154
obs_861c756cce74bbdd,K-Means,total_sales_peer_median,0.03850647142166246
obs_861c756cce74bbdd,K-Means,total_sales_rolling_std,0.0356476020029199
obs_b79a469d0bc13e12,K-Means,total_sales_lag_6,0.22558767342603586
obs_b79a469d0bc13e12,K-Means,total_quantity_lag_6,0.19008620529952572
obs_b79a469d0bc13e12,K-Means,distinct_customers_lag_6,0.0921779347981001
obs_1ec60d200bdb767e,K-Means,total_quantity_lag_2,0.060622681148588334
obs_1ec60d200bdb767e,K-Means,distinct_customers_rolling_MAD,0.05667138336468621
obs_1ec60d200bdb767e,K-Means,product_mix_change,0.0537931029282442
obs_14a4bb5dfce4659d,K-Means,distinct_customers_lag_6,0.05335050631992902
obs_14a4bb5dfce4659d,K-Means,sales_per_transaction,0.051029393866300767
obs_14a4bb5dfce4659d,K-Means,average_transaction_value,0.051029393866300767
obs_f820b020c2316376,K-Means,total_quantity_lag_1,0.07022487345362584
obs_f820b020c2316376,K-Means,total_sales_lag_1,0.06050211438523557
obs_f820b020c2316376,K-Means,distinct_customers_lag_6,0.055236402393071544
obs_5f9377be2bcbc53f,K-Means,new_customers,0.11539258500566159
obs_5f9377be2bcbc53f,K-Means,distinct_customers_lag_6,0.1145832709440768
obs_5f9377be2bcbc53f,K-Means,distributor_concentration,0.04874882930454227
obs_1f76a87ebe43803c,K-Means,new_customers,0.1104906746361037
obs_1f76a87ebe43803c,K-Means,distinct_customers_lag_6,0.07252501656291799
obs_1f76a87ebe43803c,K-Means,simulated_actual_payout_rolling_mean_3,0.04344520623567509
obs_464290d1950a19cb,K-Means,distinct_customers_lag_6,0.07186633508870799
obs_464290d1950a19cb,K-Means,distinct_customers_rolling_MAD,0.06663771421118066
obs_464290d1950a19cb,K-Means,product_breadth_change,0.051477916513594825
obs_d5f0a6bcbc4941e9,K-Means,distinct_customers_lag_6,0.10436017221135077
obs_d5f0a6bcbc4941e9,K-Means,new_customers,0.06638556598556508
obs_d5f0a6bcbc4941e9,K-Means,distributor_count,0.045986505084325564
obs_dbdd6564b80c07ad,K-Means,simulated_payout_to_sales_ratio,0.42822382467091363
obs_dbdd6564b80c07ad,K-Means,median_price,0.09262814301170796
obs_dbdd6564b80c07ad,K-Means,total_quantity,0.029656227503929034
obs_91f1be5d8a6fed77,K-Means,simulated_payout_to_sales_ratio,0.18029435911118544
obs_91f1be5d8a6fed77,K-Means,total_quantity_rolling_mean_6,0.08421508344398647
obs_91f1be5d8a6fed77,K-Means,total_sales_rolling_mean_6,0.07104275670829531
obs_db60a9b442d1664a,K-Means,total_quantity_lag_2,0.09182938731368856
obs_db60a9b442d1664a,K-Means,total_sales_lag_2,0.07549942568984941
obs_db60a9b442d1664a,K-Means,simulated_payout_to_sales_ratio,0.06948794202501746
obs_6e536b1d10b9f955,K-Means,total_quantity_lag_3,0.08138749582688115
obs_6e536b1d10b9f955,K-Means,total_sales_lag_3,0.07007231533372095
obs_6e536b1d10b9f955,K-Means,total_sales_trend,0.03935562857662261
obs_08a7588135104db9,K-Means,median_price,0.22388918800789193
obs_08a7588135104db9,K-Means,average_price,0.05802036852790461
obs_08a7588135104db9,K-Means,distinct_customers_peer_country_product_class_relative,0.037059215485609025
obs_a0d15e4c6ba6ca93,K-Means,total_sales_lag_2,0.06685342525133536
obs_a0d15e4c6ba6ca93,K-Means,simulated_actual_payout_rolling_MAD,0.05282175950164769
obs_a0d15e4c6ba6ca93,K-Means,distributor_concentration,0.04482438066210175
obs_f3a7cf1c3a77ff65,K-Means,total_sales_lag_6,0.1843340122317017
obs_f3a7cf1c3a77ff65,K-Means,total_quantity_lag_6,0.164320023709654
obs_f3a7cf1c3a77ff65,K-Means,subchannel_mix,0.09521447058512607
obs_a0c9ed0605d9a493,K-Means,total_quantity_peer_z,0.07590355653972264
obs_a0c9ed0605d9a493,K-Means,total_sales_trend,0.060283425085529106
obs_a0c9ed0605d9a493,K-Means,simulated_actual_payout_lag_6,0.05877811971156591
obs_6b0e65cd1e96dfe4,K-Means,total_sales_lag_2,0.05500994201537397
obs_6b0e65cd1e96dfe4,K-Means,distinct_customers_history_deviation,0.04232796387318548
obs_6b0e65cd1e96dfe4,K-Means,simulated_actual_payout_lag_6,0.033292136063655595
obs_266d802b401ed0de,K-Means,total_sales_lag_6,0.16585866355193332
obs_266d802b401ed0de,K-Means,total_quantity_lag_6,0.06633821973403982
obs_266d802b401ed0de,K-Means,simulated_actual_payout_lag_6,0.04395976749216978
obs_8cf109bd240a4e94,K-Means,distinct_customers_lag_6,0.08300756939728238
obs_8cf109bd240a4e94,K-Means,simulated_actual_payout_rolling_mean_3,0.08287479355459848
obs_8cf109bd240a4e94,K-Means,simulated_actual_payout_lag_2,0.05162891029760402
obs_138d7bd1d969d130,K-Means,median_price,0.15659335028553864
obs_138d7bd1d969d130,K-Means,average_price,0.04463682544178077
obs_138d7bd1d969d130,K-Means,simulated_actual_payout_peer_country_product_class_relative,0.03762725696420514
obs_b67ea80e8371d573,K-Means,total_sales_lag_6,0.11203195888140714
obs_b67ea80e8371d573,K-Means,customer_growth,0.1006958983981901
obs_b67ea80e8371d573,K-Means,distinct_customers_month_over_month_growth,0.1006958983981901
obs_cd84ea3afe39023a,K-Means,product_mix_change,0.11879033859332098
obs_cd84ea3afe39023a,K-Means,distinct_customers_acceleration,0.06281619087283057
obs_cd84ea3afe39023a,K-Means,distinct_customers_trend,0.06193779297881824
obs_a9483caf598e01c7,K-Means,total_quantity_rolling_MAD,0.06337381015423461
obs_a9483caf598e01c7,K-Means,total_sales_lag_6,0.05650204028927314
obs_a9483caf598e01c7,K-Means,customer_concentration,0.04966947721144387
obs_b3d8b0f27abf386d,K-Means,total_quantity_rolling_MAD,0.11350188278814732
obs_b3d8b0f27abf386d,K-Means,total_sales_acceleration,0.047749823616247265
obs_b3d8b0f27abf386d,K-Means,total_sales_trend,0.04448072758423269
obs_3aae6362be77bd2e,K-Means,total_sales_lag_6,0.0827882773929901
obs_3aae6362be77bd2e,K-Means,total_sales_lag_3,0.06999380221789728
obs_3aae6362be77bd2e,K-Means,total_quantity_rolling_MAD,0.03779771869616885
obs_92bdacf19f342eef,K-Means,distinct_customers_lag_6,0.0714470454013051
obs_92bdacf19f342eef,K-Means,total_sales_lag_3,0.06844503935873629
obs_92bdacf19f342eef,K-Means,distinct_customers_lag_3,0.0647941201165852
obs_ae7dda38a96ed030,K-Means,distinct_customers_lag_6,0.09070344465147503
obs_ae7dda38a96ed030,K-Means,total_quantity_trend,0.04858010895796041
obs_ae7dda38a96ed030,K-Means,channel_mix,0.04480925243040938
obs_e7382207e41716dc,K-Means,total_sales_lag_6,0.11677154774000799
obs_e7382207e41716dc,K-Means,simulated_actual_payout_lag_6,0.042995619922057374
obs_e7382207e41716dc,K-Means,distributor_concentration,0.039552282177008846
obs_faee8c8204593261,K-Means,distinct_customers_lag_6,0.19790515996943575
obs_faee8c8204593261,K-Means,total_sales_lag_6,0.11076053720473115
obs_faee8c8204593261,K-Means,subchannel_mix,0.0709228457508165
obs_9183a9714680d267,K-Means,product_mix_change,0.12501091754730662
obs_9183a9714680d267,K-Means,distributor_concentration,0.10202418963178053
obs_9183a9714680d267,K-Means,total_quantity_lag_6,0.07955557807580377
obs_cf1767593ec77b46,K-Means,median_price,0.12133100831474063
obs_cf1767593ec77b46,K-Means,average_price,0.06404852080506478
obs_cf1767593ec77b46,K-Means,new_customers,0.05944092080048635
obs_2a1b5c051b1331a7,K-Means,median_price,0.08743899638707638
obs_2a1b5c051b1331a7,K-Means,average_transaction_value,0.04650362082397692
obs_2a1b5c051b1331a7,K-Means,sales_per_transaction,0.04650362082397692
obs_9ea6572debcf3e83,K-Means,distinct_customers_lag_6,0.08184259224949478
obs_9ea6572debcf3e83,K-Means,median_price,0.06594902745047615
obs_9ea6572debcf3e83,K-Means,total_quantity_peer_median,0.06572237323136078
obs_a5a9c54946a2608d,K-Means,simulated_payout_to_sales_ratio,0.1967754404946039
obs_a5a9c54946a2608d,K-Means,distinct_customers_lag_6,0.07171141544273046
obs_a5a9c54946a2608d,K-Means,new_customers,0.04560468480857323
obs_41a75f482cf8e6c5,K-Means,simulated_payout_to_sales_ratio,0.18961538742585288
obs_41a75f482cf8e6c5,K-Means,new_customers,0.07376128661302199
obs_41a75f482cf8e6c5,K-Means,distinct_customers_lag_6,0.05827968080415861
obs_aab8018119f29bef,K-Means,new_customers,0.17316079473875584
obs_aab8018119f29bef,K-Means,distinct_customers_lag_6,0.11876618285483007
obs_aab8018119f29bef,K-Means,distributor_concentration,0.06820849183107781
obs_3cb714ccb1aaf5d0,K-Means,median_price,0.17012139817414476
obs_3cb714ccb1aaf5d0,K-Means,total_quantity_peer_median,0.07427553493063191
obs_3cb714ccb1aaf5d0,K-Means,channel_mix,0.06804125557602539
obs_790dd810588a0a1e,K-Means,simulated_actual_payout_rolling_mean_3,0.10648115266704197
obs_790dd810588a0a1e,K-Means,median_price,0.09046582582694059
obs_790dd810588a0a1e,K-Means,simulated_actual_payout_lag_1,0.08219342370721298
obs_95b0af9a0690b258,K-Means,total_quantity_rolling_std,0.16845393319142749
obs_95b0af9a0690b258,K-Means,total_sales_rolling_std,0.12016701305474745
obs_95b0af9a0690b258,K-Means,simulated_actual_payout_rolling_median,0.08357842933668636
obs_03ca759dbf91f94f,K-Means,total_quantity_rolling_MAD,0.056498854657534146
obs_03ca759dbf91f94f,K-Means,simulated_actual_payout_lag_3,0.05111027303790079
obs_03ca759dbf91f94f,K-Means,product_breadth_change,0.04765863020780673
obs_5dffe6f84639d3a8,K-Means,subchannel_mix,0.05254668742299175
obs_5dffe6f84639d3a8,K-Means,customer_concentration,0.05177394715089182
obs_5dffe6f84639d3a8,K-Means,city_concentration,0.0517738738065663
obs_524e922f6065e5f1,K-Means,total_quantity_lag_1,0.06685212393964339
obs_524e922f6065e5f1,K-Means,distinct_customers_peer_country_product_class_relative,0.06278478084410324
obs_524e922f6065e5f1,K-Means,distinct_customers_product_class_relative,0.06216169602412065
obs_347d5795c05721b5,K-Means,simulated_actual_payout_lag_6,0.15494821276604273
obs_347d5795c05721b5,K-Means,distinct_customers_trend,0.10527475495344847
obs_347d5795c05721b5,K-Means,total_quantity_lag_2,0.07241383911097125
obs_841e02eec3e98165,K-Means,total_quantity_lag_6,0.10883402080987276
obs_841e02eec3e98165,K-Means,distinct_customers_lag_6,0.0740470950626346
obs_841e02eec3e98165,K-Means,distinct_customers_peer_country_product_class_relative,0.061696657805174866
obs_4bd8f51ec7106311,K-Means,distinct_customers_peer_country_product_class_relative,0.08476790849385712
obs_4bd8f51ec7106311,K-Means,distinct_customers_product_class_relative,0.08363780569032508
obs_4bd8f51ec7106311,K-Means,distinct_customers_peer_median,0.0537717475634066
obs_2d8e2943c2d9d097,K-Means,distinct_customers_lag_6,0.276191980770831
obs_2d8e2943c2d9d097,K-Means,simulated_actual_payout_rolling_mean_3,0.049721572976809326
obs_2d8e2943c2d9d097,K-Means,total_quantity_rolling_std,0.04723425362069205
obs_243f3aff2c289395,K-Means,total_quantity_lag_6,0.27173932256439404
obs_243f3aff2c289395,K-Means,total_sales_lag_6,0.1645848032558444
obs_243f3aff2c289395,K-Means,simulated_actual_payout_lag_6,0.04545341362297204
obs_7fea92946e9a8b12,K-Means,distinct_customers_history_deviation,0.043161993543921494
obs_7fea92946e9a8b12,K-Means,distinct_customers_peer_median,0.04196862444700012
obs_7fea92946e9a8b12,K-Means,distributor_count,0.03732396227007547
obs_0c53c3fb9ffe70a0,K-Means,customer_growth,0.08091753398238964
obs_0c53c3fb9ffe70a0,K-Means,distinct_customers_month_over_month_growth,0.08091753398238964
obs_0c53c3fb9ffe70a0,K-Means,simulated_actual_payout_lag_12,0.055759440178149385
obs_827be26708e746ab,K-Means,total_sales_rolling_MAD,0.11420691236673763
obs_827be26708e746ab,K-Means,total_quantity_rolling_MAD,0.09152195563272823
obs_827be26708e746ab,K-Means,total_quantity_rolling_std,0.04036537006511002
obs_da68f773afd87d0e,K-Means,distinct_customers_trend,0.0789698738686305
obs_da68f773afd87d0e,K-Means,median_price,0.04827655428930369
obs_da68f773afd87d0e,K-Means,product_class_share,0.03959929511192143
obs_a2cf8265882a677c,K-Means,subchannel_mix,0.10576588767768565
obs_a2cf8265882a677c,K-Means,latitude_dispersion,0.07714145786591184
obs_a2cf8265882a677c,K-Means,median_price,0.07376115931357898
obs_5673e640ccadf13f,K-Means,total_sales_lag_6,0.06530378586176393
obs_5673e640ccadf13f,K-Means,customer_concentration,0.05617187652922012
obs_5673e640ccadf13f,K-Means,city_concentration,0.05617178164888131
obs_d788dee1ac93c08b,K-Means,distinct_customers_lag_6,0.044079862037113435
obs_d788dee1ac93c08b,K-Means,latitude_dispersion,0.0433281765904736
obs_d788dee1ac93c08b,K-Means,total_quantity_lag_3,0.042976305959686406
obs_88fe2597af817bfc,K-Means,distinct_customers_lag_6,0.18835585896793092
obs_88fe2597af817bfc,K-Means,total_quantity_peer_median,0.032320015305539504
obs_88fe2597af817bfc,K-Means,distinct_customers_team_relative,0.02622091987828904
obs_5353c6054677cc60,K-Means,distinct_customers_lag_6,0.11795388779995279
obs_5353c6054677cc60,K-Means,total_quantity_lag_6,0.050904781330296286
obs_5353c6054677cc60,K-Means,customer_concentration,0.04178544859107877
obs_ac34e43a2a14a617,K-Means,distinct_customers_lag_6,0.18229314900070273
obs_ac34e43a2a14a617,K-Means,total_quantity_lag_6,0.09281426063160196
obs_ac34e43a2a14a617,K-Means,total_sales_lag_6,0.06403335713654419
obs_5cda62473b417485,K-Means,total_sales_trend,0.09078851788215896
obs_5cda62473b417485,K-Means,simulated_actual_payout_trend,0.06462485418568706
obs_5cda62473b417485,K-Means,total_quantity_trend,0.05272102402453218
obs_9e7be3dd8ac1f14f,K-Means,total_sales_lag_6,0.08905836257744118
obs_9e7be3dd8ac1f14f,K-Means,distinct_customers_lag_6,0.06227105172470287
obs_9e7be3dd8ac1f14f,K-Means,product_class_share,0.049111590643587236
obs_27f03e0ee71dd02a,K-Means,total_quantity_peer_median,0.06340513444536261
obs_27f03e0ee71dd02a,K-Means,total_sales_peer_median,0.04830072601631529
obs_27f03e0ee71dd02a,K-Means,simulated_target_attainment_pct,0.04640902813605838
obs_d703f142fb27a25a,K-Means,total_quantity_peer_median,0.07063574504943906
obs_d703f142fb27a25a,K-Means,distributor_count,0.05616828836724194
obs_d703f142fb27a25a,K-Means,total_quantity,0.05043883963693233
obs_ae10458373d458b2,K-Means,distinct_customers_lag_6,0.059792439485972425
obs_ae10458373d458b2,K-Means,total_quantity_lag_3,0.04715707636964982
obs_ae10458373d458b2,K-Means,total_quantity_lag_1,0.04667859231412338
obs_069672d49c871b7c,K-Means,total_sales_lag_6,0.09315736766066737
obs_069672d49c871b7c,K-Means,total_quantity_lag_2,0.0574671973859663
obs_069672d49c871b7c,K-Means,total_quantity_acceleration,0.050717396782102526
obs_06ce9659f15e1481,K-Means,new_customers,0.09751933136857519
obs_06ce9659f15e1481,K-Means,distinct_customers_lag_6,0.07769736465664573
obs_06ce9659f15e1481,K-Means,total_quantity_trend,0.06692684287053906
obs_df4bac1f5a15c041,K-Means,subchannel_mix,0.07087771921796901
obs_df4bac1f5a15c041,K-Means,customer_concentration,0.06369572536841393
obs_df4bac1f5a15c041,K-Means,city_concentration,0.06369277550966558
obs_f6eb12411025d18a,K-Means,simulated_actual_payout_rolling_mean_3,0.2371474222062869
obs_f6eb12411025d18a,K-Means,simulated_actual_payout_lag_1,0.1410736309566144
obs_f6eb12411025d18a,K-Means,simulated_actual_payout_rolling_mean_6,0.09368053016265265
obs_821c8335f76ca49e,K-Means,simulated_actual_payout_rolling_median,0.25761045179449743
obs_821c8335f76ca49e,K-Means,simulated_actual_payout_lag_2,0.11519790680590225
obs_821c8335f76ca49e,K-Means,simulated_actual_payout_rolling_mean_3,0.1141368154965617
obs_eb0c6b2f5a9eb719,K-Means,simulated_actual_payout_lag_3,0.1381855575007758
obs_eb0c6b2f5a9eb719,K-Means,simulated_actual_payout_rolling_mean_3,0.10069565331631088
obs_eb0c6b2f5a9eb719,K-Means,simulated_actual_payout_rolling_std,0.05769432135665002
obs_8c3672e30e33b57c,K-Means,simulated_actual_payout_rolling_std,0.09302875069162042
obs_8c3672e30e33b57c,K-Means,total_quantity_rolling_MAD,0.054781637142055264
obs_8c3672e30e33b57c,K-Means,simulated_actual_payout_rolling_mean_6,0.0518371007481834
obs_82d4ed5b2deb1464,K-Means,simulated_actual_payout_rolling_std,0.16311310719314936
obs_82d4ed5b2deb1464,K-Means,simulated_actual_payout_rolling_mean_6,0.09009053108794077
obs_82d4ed5b2deb1464,K-Means,total_quantity_rolling_MAD,0.05152546096548175
obs_58fbc3ff242645dc,K-Means,simulated_actual_payout_lag_6,0.5590235774197545
obs_58fbc3ff242645dc,K-Means,simulated_actual_payout_rolling_std,0.0708262216254715
obs_58fbc3ff242645dc,K-Means,total_sales_lag_6,0.07075240213055152
obs_84648df48633e0d1,K-Means,simulated_actual_payout_lag_6,0.16548734562896253
obs_84648df48633e0d1,K-Means,total_quantity_lag_6,0.0680456151736834
obs_84648df48633e0d1,K-Means,total_sales_lag_6,0.05782114211362297
obs_8e8a26b368bd60a9,K-Means,total_quantity_lag_6,0.1356537413499161
obs_8e8a26b368bd60a9,K-Means,distinct_customers_rolling_MAD,0.09968979781233159
obs_8e8a26b368bd60a9,K-Means,total_sales_lag_6,0.06254986302312575
obs_ae02fcb8930f451b,K-Means,product_mix_change,0.055332083120942295
obs_ae02fcb8930f451b,K-Means,product_concentration,0.052698560490643837
obs_ae02fcb8930f451b,K-Means,distinct_customers_rolling_MAD,0.04263765983853413
obs_be2c52f7863ca133,K-Means,customer_concentration,0.05910834762717484
obs_be2c52f7863ca133,K-Means,city_concentration,0.059108279732545996
obs_be2c52f7863ca133,K-Means,subchannel_mix,0.05832995904082532
obs_ddae4dc32c3e3ee2,K-Means,total_sales_trend,0.0595544132815189
obs_ddae4dc32c3e3ee2,K-Means,total_sales_lag_1,0.058555243624316654
obs_ddae4dc32c3e3ee2,K-Means,distinct_customers_rolling_std,0.04626152548775088
obs_b1b0ef1d6ba28f65,K-Means,customer_growth,0.08453127841592782
obs_b1b0ef1d6ba28f65,K-Means,distinct_customers_month_over_month_growth,0.08453127841592782
obs_b1b0ef1d6ba28f65,K-Means,simulated_actual_payout_lag_12,0.08035055686719626
obs_c20c4ca2bb756b5f,K-Means,total_sales_lag_3,0.09839763144070665
obs_c20c4ca2bb756b5f,K-Means,total_quantity_lag_3,0.07156210175455771
obs_c20c4ca2bb756b5f,K-Means,distinct_customers_lag_6,0.046966434186532215
obs_3af21b57432e8ddf,K-Means,distinct_customers_trend,0.1517211660798942
obs_3af21b57432e8ddf,K-Means,simulated_actual_payout_trend,0.04931558559598621
obs_3af21b57432e8ddf,K-Means,total_sales_rolling_std,0.04390208516345528
obs_53d29c3be7473ccc,K-Means,simulated_actual_payout_trend,0.05847342860286868
obs_53d29c3be7473ccc,K-Means,total_sales_rolling_std,0.04922064178499227
obs_53d29c3be7473ccc,K-Means,total_sales_lag_6,0.04537915435753064
obs_36f419828ca66e50,K-Means,total_sales_lag_6,0.281038546334231
obs_36f419828ca66e50,K-Means,total_quantity_lag_6,0.17601720601671172
obs_36f419828ca66e50,K-Means,simulated_actual_payout_lag_6,0.056771339161537766
obs_42729cb1a0fa7678,K-Means,simulated_actual_payout_lag_6,0.0516076949023149
obs_42729cb1a0fa7678,K-Means,distinct_customers_lag_6,0.04751904732558727
obs_42729cb1a0fa7678,K-Means,total_quantity_month_over_month_growth,0.043201812837030534
obs_92795b00ed546285,K-Means,distinct_customers_lag_6,0.24227154048180355
obs_92795b00ed546285,K-Means,simulated_actual_payout_lag_6,0.04930985032592208
obs_92795b00ed546285,K-Means,distinct_customers_rolling_median,0.043719726949079725
obs_0ebabf9b622cb155,K-Means,distinct_customers_lag_6,0.2865172125636101
obs_0ebabf9b622cb155,K-Means,distinct_customers_rolling_median,0.043048539699890864
obs_0ebabf9b622cb155,K-Means,distinct_customers_rolling_mean_6,0.0334676385687188
obs_902671b2e686348b,K-Means,distinct_customers_lag_6,0.24600494813752813
obs_902671b2e686348b,K-Means,sales_per_customer,0.03720722304672132
obs_902671b2e686348b,K-Means,average_transaction_value,0.03642891784635323
obs_503c4f86e2369ccc,K-Means,distinct_customers_lag_6,0.090473888905119
obs_503c4f86e2369ccc,K-Means,simulated_actual_payout_month_over_month_growth,0.05155911161821312
obs_503c4f86e2369ccc,K-Means,total_sales_month_over_month_growth,0.04954719612439708
obs_5ccd7a72a6f26908,K-Means,new_customers,0.11609213908996399
obs_5ccd7a72a6f26908,K-Means,distinct_customers_lag_6,0.07507010770224953
obs_5ccd7a72a6f26908,K-Means,total_sales_lag_12,0.041817308174447634
obs_246493ef18ed4231,K-Means,distinct_customers_lag_6,0.24842815219321482
obs_246493ef18ed4231,K-Means,total_sales_lag_3,0.045971734617626346
obs_246493ef18ed4231,K-Means,total_quantity_trend,0.042059557316232093
obs_e969db9c0d07986b,K-Means,distinct_customers_lag_6,0.16179612393043166
obs_e969db9c0d07986b,K-Means,distributor_concentration,0.07731921324678331
obs_e969db9c0d07986b,K-Means,new_customers,0.06430427215783475
obs_c20c24e5b7049874,K-Means,distinct_customers_lag_6,0.2267768274545992
obs_c20c24e5b7049874,K-Means,new_customers,0.06431768752384377
obs_c20c24e5b7049874,K-Means,distinct_customers_lag_3,0.05344167750220494
obs_f44ef6ec38987263,K-Means,distinct_customers_lag_6,0.13062216396233392
obs_f44ef6ec38987263,K-Means,total_sales_lag_6,0.09818929764608536
obs_f44ef6ec38987263,K-Means,new_customers,0.09427080927934846
obs_cbc4cb3011569ad5,K-Means,distinct_customers_lag_6,0.2845417801340451
obs_cbc4cb3011569ad5,K-Means,new_customers,0.09051275437681187
obs_cbc4cb3011569ad5,K-Means,distributor_concentration,0.062246214612891655
obs_b8fbbd15de93807f,K-Means,total_quantity_product_class_relative,0.10252175159965508
obs_b8fbbd15de93807f,K-Means,total_quantity_peer_country_product_class_relative,0.10252068265937818
obs_b8fbbd15de93807f,K-Means,simulated_payout_to_sales_ratio,0.09254630666041717
obs_fc6d22a2f2635a2e,K-Means,simulated_actual_payout_rolling_mean_3,0.25421807115567696
obs_fc6d22a2f2635a2e,K-Means,simulated_actual_payout_lag_1,0.13934746589964
obs_fc6d22a2f2635a2e,K-Means,simulated_actual_payout_rolling_mean_6,0.0925164731055262
obs_3920e97b47144a32,K-Means,simulated_actual_payout_rolling_median,0.2062830490226446
obs_3920e97b47144a32,K-Means,simulated_actual_payout_lag_2,0.10678918673388293
obs_3920e97b47144a32,K-Means,simulated_actual_payout_rolling_mean_3,0.06919188812949328
obs_118517a1bc2f2c91,K-Means,simulated_actual_payout_lag_3,0.13191279664482408
obs_118517a1bc2f2c91,K-Means,total_sales_rolling_MAD,0.05060005560211478
obs_118517a1bc2f2c91,K-Means,total_sales_rolling_median,0.04329219360314718
obs_2372415654ace84b,K-Means,total_sales_rolling_median,0.0503908692662436
obs_2372415654ace84b,K-Means,total_quantity_rolling_median,0.04820821788370473
obs_2372415654ace84b,K-Means,total_sales_lag_3,0.043276200925487174
obs_5999cba5128c4876,K-Means,simulated_actual_payout_rolling_std,0.06337709234154223
obs_5999cba5128c4876,K-Means,distinct_customers_rolling_std,0.02930300500426189
obs_5999cba5128c4876,K-Means,simulated_actual_payout_team_relative,0.02785553003444921
obs_b00d2f82c2c07be4,K-Means,simulated_actual_payout_lag_6,0.3959603954238374
obs_b00d2f82c2c07be4,K-Means,total_quantity_lag_6,0.04422371759366935
obs_b00d2f82c2c07be4,K-Means,simulated_actual_payout_rolling_std,0.028679552801864922
obs_789c260027f642df,K-Means,total_quantity_rolling_MAD,0.08877842283533018
obs_789c260027f642df,K-Means,total_quantity_rolling_std,0.03680110435994012
obs_789c260027f642df,K-Means,total_sales_rolling_std,0.035338509243306594
obs_afd78942aaf7cb23,K-Means,subchannel_mix,0.08557022228457173
obs_afd78942aaf7cb23,K-Means,customer_concentration,0.0791352414784453
obs_afd78942aaf7cb23,K-Means,city_concentration,0.07913516181450175
obs_8dc60318c514a294,K-Means,channel_mix,0.07431891334293914
obs_8dc60318c514a294,K-Means,total_quantity_lag_1,0.07178650709310108
obs_8dc60318c514a294,K-Means,total_sales_lag_1,0.07117415119086878
obs_0aeb6fccec776755,K-Means,total_quantity_lag_2,0.12009567617205374
obs_0aeb6fccec776755,K-Means,total_sales_lag_2,0.11482551489324065
obs_0aeb6fccec776755,K-Means,total_sales_rolling_std,0.042022503496864795
obs_c58ae2c6a4703bbb,K-Means,total_quantity_lag_3,0.10155921611006377
obs_c58ae2c6a4703bbb,K-Means,total_sales_lag_3,0.10001735369363965
obs_c58ae2c6a4703bbb,K-Means,distinct_customers_history_deviation,0.039005710973355444
obs_e5e359da0f8d215d,K-Means,simulated_actual_payout_lag_12,0.07183303141242878
obs_e5e359da0f8d215d,K-Means,customer_growth,0.04801470434748688
obs_e5e359da0f8d215d,K-Means,distinct_customers_month_over_month_growth,0.04801470434748688
obs_0006914c84cb3c1b,K-Means,channel_mix,0.06461224481936492
obs_0006914c84cb3c1b,K-Means,total_sales_rolling_std,0.06436187562443715
obs_0006914c84cb3c1b,K-Means,total_quantity_rolling_std,0.06227533133846712
obs_8f0374c4aeb0e7cf,K-Means,total_sales_lag_6,0.21270407245891598
obs_8f0374c4aeb0e7cf,K-Means,total_quantity_lag_6,0.1814658629048987
obs_8f0374c4aeb0e7cf,K-Means,total_quantity_trend,0.04151456285506867
obs_053858f2f390d004,K-Means,distributor_concentration,0.11022156099526272
obs_053858f2f390d004,K-Means,distinct_customers_rolling_MAD,0.05343379279585674
obs_053858f2f390d004,K-Means,distinct_customers_month_over_month_growth,0.050838635996051734
obs_cfa2e0ab970da1dd,K-Means,distinct_customers_lag_2,0.06398707261513577
obs_cfa2e0ab970da1dd,K-Means,distinct_customers_lag_6,0.0602027180428164
obs_cfa2e0ab970da1dd,K-Means,total_quantity_lag_3,0.06012319161745292
obs_631b63bebbb34a02,K-Means,total_quantity_lag_6,0.08628225660140965
obs_631b63bebbb34a02,K-Means,distinct_customers_lag_3,0.07548543477224684
obs_631b63bebbb34a02,K-Means,total_sales_lag_6,0.07533639633744252
obs_98d6b7eee87cf8b0,K-Means,distinct_customers_lag_6,0.23631078667016026
obs_98d6b7eee87cf8b0,K-Means,distinct_customers_rolling_mean_6,0.056972675043153405
obs_98d6b7eee87cf8b0,K-Means,distinct_customers_rolling_median,0.049213456000972246
obs_9a3b25c8db702217,K-Means,distinct_customers_lag_6,0.1308691396131401
obs_9a3b25c8db702217,K-Means,total_sales_lag_6,0.1118763357690824
obs_9a3b25c8db702217,K-Means,total_quantity_lag_6,0.10192857831223634
obs_4ca18be3dbb72b0c,K-Means,distinct_customers_lag_6,0.33104662597256185
obs_4ca18be3dbb72b0c,K-Means,total_sales_lag_12,0.0444921184648516
obs_4ca18be3dbb72b0c,K-Means,total_quantity_lag_12,0.03733159788728394
obs_dede2ac82e7fa087,K-Means,customer_growth,0.0842050401603213
obs_dede2ac82e7fa087,K-Means,distinct_customers_month_over_month_growth,0.0842050401603213
obs_dede2ac82e7fa087,K-Means,distinct_customers_lag_6,0.064828258634296
obs_c7287770a01ef9f9,K-Means,distinct_customers_lag_6,0.1068116510717755
obs_c7287770a01ef9f9,K-Means,simulated_actual_payout_lag_6,0.058125117889589704
obs_c7287770a01ef9f9,K-Means,distinct_customers_acceleration,0.055621810772967656
obs_54a6e597c0264f7a,K-Means,distinct_customers_lag_6,0.13010781156295112
obs_54a6e597c0264f7a,K-Means,new_customers,0.09442134421198024
obs_54a6e597c0264f7a,K-Means,total_sales_peer_median,0.043795048712317916
obs_4a2437a93da623cd,K-Means,distinct_customers_lag_6,0.14659604563218953
obs_4a2437a93da623cd,K-Means,new_customers,0.09453696732931309
obs_4a2437a93da623cd,K-Means,total_quantity_lag_6,0.04522824586776053
obs_39c3c4016a1c8103,K-Means,distinct_customers_lag_6,0.23415017591096265
obs_39c3c4016a1c8103,K-Means,new_customers,0.05351469373116563
obs_39c3c4016a1c8103,K-Means,latitude_dispersion,0.046750426868332466
obs_6e814f7a9360ccb8,K-Means,new_customers,0.1144920175568904
obs_6e814f7a9360ccb8,K-Means,total_quantity_trend,0.07343551786394686
obs_6e814f7a9360ccb8,K-Means,distributor_count,0.0626628637924437
obs_519103e60f991e45,K-Means,distinct_customers_lag_6,0.32581922403471714
obs_519103e60f991e45,K-Means,new_customers,0.11410325956692306
obs_519103e60f991e45,K-Means,distributor_count,0.04757490638919248
obs_c9ecf1c69bdc8241,K-Means,distinct_customers_peer_country_product_class_relative,0.1618087319599873
obs_c9ecf1c69bdc8241,K-Means,distinct_customers_product_class_relative,0.16035757054909058
obs_c9ecf1c69bdc8241,K-Means,simulated_payout_to_sales_ratio,0.10475687990874047
obs_f12a2fd32147e8df,K-Means,simulated_actual_payout_rolling_mean_3,0.2649227774661191
obs_f12a2fd32147e8df,K-Means,simulated_actual_payout_lag_1,0.18039468032403225
obs_f12a2fd32147e8df,K-Means,simulated_actual_payout_rolling_mean_6,0.09426329722063374
obs_68e881da971a2378,K-Means,simulated_actual_payout_rolling_median,0.1512192238726885
obs_68e881da971a2378,K-Means,simulated_actual_payout_lag_2,0.0826014158352566
obs_68e881da971a2378,K-Means,simulated_actual_payout_rolling_mean_3,0.060209597188432204
obs_a3ab35c5561fde28,K-Means,simulated_actual_payout_rolling_MAD,0.09087376058402
obs_a3ab35c5561fde28,K-Means,simulated_actual_payout_lag_3,0.07799565700666505
obs_a3ab35c5561fde28,K-Means,total_quantity_lag_1,0.05992183268624431
obs_3e71930e34fe5e72,K-Means,total_quantity_lag_2,0.11083155398558614
obs_3e71930e34fe5e72,K-Means,total_sales_lag_2,0.09987685446488008
obs_3e71930e34fe5e72,K-Means,total_quantity_rolling_std,0.06450044561551613
obs_ced1c4e255370d70,K-Means,total_quantity_lag_3,0.10037928741097568
obs_ced1c4e255370d70,K-Means,total_sales_lag_3,0.08732061651908511
obs_ced1c4e255370d70,K-Means,subchannel_mix,0.05508725658075317
obs_c9cfd8ad04b1ffa5,K-Means,simulated_actual_payout_lag_6,0.2528684052792976
obs_c9cfd8ad04b1ffa5,K-Means,total_quantity_acceleration,0.03142417608806981
obs_c9cfd8ad04b1ffa5,K-Means,total_sales_acceleration,0.029180924299787987
obs_6853dc742e6a2e25,K-Means,total_quantity_trend,0.09169964779926787
obs_6853dc742e6a2e25,K-Means,total_quantity_rolling_MAD,0.05450366441043138
obs_6853dc742e6a2e25,K-Means,total_sales_lag_6,0.05156017064755934
obs_afe0f136ae61afc5,K-Means,total_quantity_lag_6,0.21947459910826927
obs_afe0f136ae61afc5,K-Means,total_sales_lag_6,0.21896008992234664
obs_afe0f136ae61afc5,K-Means,simulated_actual_payout_lag_6,0.08845655359815582
obs_3deb1f7badc4174b,K-Means,latitude_dispersion,0.0978780129572418
obs_3deb1f7badc4174b,K-Means,distinct_customers_lag_6,0.08488598636052591
obs_3deb1f7badc4174b,K-Means,distinct_customers_trend,0.0683054304035641
obs_d14e4870a8f88595,K-Means,total_quantity_lag_6,0.11121818685492209
obs_d14e4870a8f88595,K-Means,product_breadth_change,0.05904787690624679
obs_d14e4870a8f88595,K-Means,total_sales_lag_6,0.05547546786195131
obs_152dac2ba73e8aa1,K-Means,subchannel_mix,0.07559214605217993
obs_152dac2ba73e8aa1,K-Means,product_breadth_change,0.05758429954800761
obs_152dac2ba73e8aa1,K-Means,distinct_customers_history_deviation,0.047441301663320334
obs_80aba4f56f072a33,K-Means,customer_growth,0.09432094782252778
obs_80aba4f56f072a33,K-Means,distinct_customers_month_over_month_growth,0.09432094782252778
obs_80aba4f56f072a33,K-Means,total_quantity_lag_6,0.07816379960201263
obs_89ab9f059cc9a575,K-Means,simulated_actual_payout_rolling_MAD,0.09985705586440247
obs_89ab9f059cc9a575,K-Means,total_quantity_rolling_std,0.0606576215671801
obs_89ab9f059cc9a575,K-Means,total_sales_rolling_std,0.05927178022307015
obs_6b8453e7f8bea27b,K-Means,distinct_customers_trend,0.08538848273783568
obs_6b8453e7f8bea27b,K-Means,simulated_actual_payout_history_deviation,0.07563646455972593
obs_6b8453e7f8bea27b,K-Means,simulated_actual_payout_rolling_MAD,0.05183364185898656
obs_40aa4f59dd8a11d9,K-Means,simulated_actual_payout_rolling_MAD,0.0472858739449095
obs_40aa4f59dd8a11d9,K-Means,median_price,0.04051950623160148
obs_40aa4f59dd8a11d9,K-Means,simulated_actual_payout_trend,0.03329163358265259
obs_b45890ab0fb7b9df,K-Means,distinct_customers_lag_6,0.04871704352176765
obs_b45890ab0fb7b9df,K-Means,country_mix,0.04466394608525768
obs_b45890ab0fb7b9df,K-Means,total_sales_lag_6,0.043862451069735124
obs_87fc8c8c3aa54364,K-Means,distinct_customers_lag_6,0.1050228788195353
obs_87fc8c8c3aa54364,K-Means,simulated_actual_payout_history_deviation,0.050461908852348976
obs_87fc8c8c3aa54364,K-Means,total_sales_history_deviation,0.04449291267419931
obs_86804c7876360ac5,K-Means,distinct_customers_lag_6,0.1842824819010064
obs_86804c7876360ac5,K-Means,total_quantity_lag_6,0.04746869848745436
obs_86804c7876360ac5,K-Means,total_sales_rolling_MAD,0.03147215725376284
obs_0f1d69367bdf1b0e,K-Means,distinct_customers_lag_6,0.1979328790768427
obs_0f1d69367bdf1b0e,K-Means,distinct_customers_rolling_mean_6,0.048283212747291304
obs_0f1d69367bdf1b0e,K-Means,distinct_customers_rolling_median,0.04615556390335528
obs_0a689c59289a9a8d,K-Means,distinct_customers_lag_6,0.24112666513414274
obs_0a689c59289a9a8d,K-Means,distinct_customers_history_deviation,0.03423418834570772
obs_0a689c59289a9a8d,K-Means,distinct_customers_peer_country_product_class_relative,0.023772275406415036
obs_97edebdcaa3ad902,K-Means,distinct_customers_lag_6,0.09129992209701986
obs_97edebdcaa3ad902,K-Means,customer_growth,0.046074265297302054
obs_97edebdcaa3ad902,K-Means,distinct_customers_month_over_month_growth,0.046074265297302054
obs_188c283f9ef7994f,K-Means,distinct_customers_lag_6,0.0634730659745745
obs_188c283f9ef7994f,K-Means,simulated_actual_payout_peer_country_product_class_relative,0.03892706683300874
obs_188c283f9ef7994f,K-Means,simulated_actual_payout_product_class_relative,0.03837251494903624
obs_8a717a29ad23b8d3,K-Means,distinct_customers_lag_6,0.17095689922482613
obs_8a717a29ad23b8d3,K-Means,total_sales_trend,0.061381386408372596
obs_8a717a29ad23b8d3,K-Means,total_quantity_lag_6,0.05163258651191017
obs_6dbf7453e066a433,K-Means,total_quantity_peer_median,0.08011097480763346
obs_6dbf7453e066a433,K-Means,distinct_customers_lag_6,0.07642215405705526
obs_6dbf7453e066a433,K-Means,new_customers,0.07049618188754207
obs_e19db1d4c736fe1a,K-Means,distinct_customers_lag_6,0.09740144723239444
obs_e19db1d4c736fe1a,K-Means,new_customers,0.07591557030910409
obs_e19db1d4c736fe1a,K-Means,total_quantity_lag_1,0.06388897759079556
obs_af344527ea86884a,K-Means,new_customers,0.09256931904244355
obs_af344527ea86884a,K-Means,distributor_count,0.0641244734092275
obs_af344527ea86884a,K-Means,total_quantity_lag_2,0.05500079159256644
obs_6e1bd7223c85ebfd,K-Means,distinct_customers_lag_6,0.07495313801207165
obs_6e1bd7223c85ebfd,K-Means,subchannel_mix,0.05154649107891211
obs_6e1bd7223c85ebfd,K-Means,new_customers,0.037543089148514175
obs_e7d010ea8ce4d62b,K-Means,simulated_payout_to_sales_ratio,0.09783712793955783
obs_e7d010ea8ce4d62b,K-Means,distributor_concentration,0.08245852723557624
obs_e7d010ea8ce4d62b,K-Means,customer_concentration,0.04362327424197206
obs_36a9dbfd122b14b1,K-Means,simulated_actual_payout_rolling_mean_3,0.21870683865396146
obs_36a9dbfd122b14b1,K-Means,simulated_actual_payout_lag_1,0.13988558661767725
obs_36a9dbfd122b14b1,K-Means,simulated_actual_payout_rolling_mean_6,0.08181021352592936
obs_d03ac9eb92ccce96,K-Means,simulated_actual_payout_rolling_median,0.2422970087159542
obs_d03ac9eb92ccce96,K-Means,simulated_actual_payout_lag_2,0.12805533294363233
obs_d03ac9eb92ccce96,K-Means,simulated_actual_payout_rolling_mean_3,0.08518624159076123
obs_cd6ce9d7391bac20,K-Means,simulated_actual_payout_rolling_MAD,0.31956280799069653
obs_cd6ce9d7391bac20,K-Means,simulated_actual_payout_history_deviation,0.08353527144175497
obs_cd6ce9d7391bac20,K-Means,simulated_actual_payout_lag_3,0.07978734533521831
obs_6b30339ad2a0e4ee,K-Means,simulated_actual_payout_trend,0.07439396953362633
obs_6b30339ad2a0e4ee,K-Means,simulated_actual_payout_rolling_std,0.0495566618386066
obs_6b30339ad2a0e4ee,K-Means,simulated_actual_payout_lag_3,0.04408977510945741
obs_37032ab932a7a2d6,K-Means,total_quantity_rolling_MAD,0.13635945738956684
obs_37032ab932a7a2d6,K-Means,simulated_actual_payout_rolling_MAD,0.08140092304063323
obs_37032ab932a7a2d6,K-Means,simulated_actual_payout_trend,0.07429430421677502
obs_21ee9d23cfdc913a,K-Means,simulated_actual_payout_lag_6,0.5108137420800403
obs_21ee9d23cfdc913a,K-Means,total_sales_lag_6,0.04347734413862496
obs_21ee9d23cfdc913a,K-Means,latitude_dispersion,0.041045120502663894
obs_ed467d9949cad18b,K-Means,total_quantity_rolling_MAD,0.2701917287338644
obs_ed467d9949cad18b,K-Means,distinct_customers_lag_6,0.15337800672512494
obs_ed467d9949cad18b,K-Means,simulated_actual_payout_lag_6,0.13263489060737838
obs_6135e32b3c741234,K-Means,total_sales_lag_6,0.14465698322776585
obs_6135e32b3c741234,K-Means,total_quantity_lag_6,0.08153656204588124
obs_6135e32b3c741234,K-Means,total_quantity_rolling_MAD,0.08110642201464309
obs_2477ec671ed821d1,K-Means,customer_concentration,0.06336956528827077
obs_2477ec671ed821d1,K-Means,city_concentration,0.06336849251575422
obs_2477ec671ed821d1,K-Means,total_quantity_rolling_MAD,0.06084791253107051
obs_26c8c7b44128cd19,K-Means,product_mix_change,0.11236208850808584
obs_26c8c7b44128cd19,K-Means,total_quantity_lag_2,0.1008490918158515
obs_26c8c7b44128cd19,K-Means,simulated_actual_payout_rolling_mean_3,0.0462346611703925
obs_97de9ca2a1e84c74,K-Means,new_customers,0.12182898775302707
obs_97de9ca2a1e84c74,K-Means,total_quantity_lag_3,0.08670753742356797
obs_97de9ca2a1e84c74,K-Means,distinct_customers_history_deviation,0.05757971339714793
obs_319d8b138bef8e19,K-Means,simulated_actual_payout_lag_12,0.09538724344465746
obs_319d8b138bef8e19,K-Means,customer_growth,0.07673891803402531
obs_319d8b138bef8e19,K-Means,distinct_customers_month_over_month_growth,0.07673891803402531
obs_63318be6a86c28aa,K-Means,simulated_actual_payout_year_over_year_growth,0.06631702118638436
obs_63318be6a86c28aa,K-Means,simulated_actual_payout_history_deviation,0.04491811505281395
obs_63318be6a86c28aa,K-Means,distinct_customers_history_deviation,0.03157542826769616
obs_020a3daac8d5a886,K-Means,distinct_customers_trend,0.0854958089260204
obs_020a3daac8d5a886,K-Means,total_quantity_lag_6,0.05135188691558425
obs_020a3daac8d5a886,K-Means,total_sales_trend,0.04694245704020924
obs_b736e2a838b4cc2d,K-Means,total_quantity_lag_6,0.09206614867801455
obs_b736e2a838b4cc2d,K-Means,total_quantity_rolling_median,0.06822581134923303
obs_b736e2a838b4cc2d,K-Means,total_quantity_rolling_MAD,0.057739412273312744
obs_7ee56118602d5484,K-Means,total_quantity_lag_3,0.05636971597168789
obs_7ee56118602d5484,K-Means,total_sales_lag_3,0.05491794128385793
obs_7ee56118602d5484,K-Means,total_quantity_lag_6,0.04391126937759455
obs_0440c545ba985eb1,K-Means,distinct_customers_lag_6,0.18585352419478002
obs_0440c545ba985eb1,K-Means,total_sales_lag_6,0.11106644013691257
obs_0440c545ba985eb1,K-Means,total_quantity_lag_6,0.09064945527382853
obs_48f0d611bca2c6ed,K-Means,distributor_concentration,0.11626643018622417
obs_48f0d611bca2c6ed,K-Means,total_quantity_lag_6,0.05589327062025143
obs_48f0d611bca2c6ed,K-Means,total_quantity_rolling_MAD,0.05418247745455778
obs_bd3145d07fd9cac8,K-Means,distinct_customers_lag_6,0.13943518817391554
obs_bd3145d07fd9cac8,K-Means,total_sales_lag_6,0.10977641190499023
obs_bd3145d07fd9cac8,K-Means,total_quantity_lag_6,0.09713574611038009
obs_5c6a61e0c9792ecc,K-Means,distinct_customers_lag_6,0.13672145744144837
obs_5c6a61e0c9792ecc,K-Means,distinct_customers_rolling_MAD,0.09238979176465158
obs_5c6a61e0c9792ecc,K-Means,simulated_actual_payout_lag_6,0.06434406614638472
obs_5fe4bb7aac642e27,K-Means,simulated_actual_payout_rolling_MAD,0.07288273156643663
obs_5fe4bb7aac642e27,K-Means,simulated_actual_payout_history_deviation,0.07140540185241752
obs_5fe4bb7aac642e27,K-Means,distinct_customers_rolling_MAD,0.05855464344557148
obs_cdfe529bad55d8c9,K-Means,total_quantity_lag_6,0.1935818868323853
obs_cdfe529bad55d8c9,K-Means,distinct_customers_lag_6,0.09122186208344239
obs_cdfe529bad55d8c9,K-Means,total_sales_lag_6,0.08883982808201084
obs_a23f8156bc3bc3fe,K-Means,customer_concentration,0.09127115407729165
obs_a23f8156bc3bc3fe,K-Means,city_concentration,0.09127105355565927
obs_a23f8156bc3bc3fe,K-Means,product_concentration,0.08479493517701948
obs_c4103f019ef5a7a9,K-Means,total_quantity_peer_median,0.10091240097710884
obs_c4103f019ef5a7a9,K-Means,new_customers,0.0948379125639579
obs_c4103f019ef5a7a9,K-Means,distributor_count,0.06289399451388687
obs_2377e7f08916fe5a,K-Means,total_quantity_month_over_month_growth,0.07851331882420248
obs_2377e7f08916fe5a,K-Means,distinct_customers_lag_6,0.05688019772122308
obs_2377e7f08916fe5a,K-Means,total_quantity_acceleration,0.04971561719815744
obs_0c6472ff7367b6e1,K-Means,total_quantity_acceleration,0.08306538306205385
obs_0c6472ff7367b6e1,K-Means,total_quantity_lag_2,0.07392674661303786
obs_0c6472ff7367b6e1,K-Means,distributor_count,0.07151680141379178
obs_de8639cf7c1808d7,K-Means,distinct_customers_lag_6,0.09797975836177208
obs_de8639cf7c1808d7,K-Means,new_customers,0.08335817578797332
obs_de8639cf7c1808d7,K-Means,total_quantity_lag_3,0.06574557958103111
obs_154c1d1a1ba3152c,K-Means,median_price,0.23125970356650757
obs_154c1d1a1ba3152c,K-Means,average_price,0.11067831363154591
obs_154c1d1a1ba3152c,K-Means,total_sales_peer_country_product_class_relative,0.04868646957473977
obs_a8268acde4b8eaf8,K-Means,simulated_actual_payout_rolling_mean_3,0.20690952296425916
obs_a8268acde4b8eaf8,K-Means,simulated_actual_payout_lag_1,0.13151767321010613
obs_a8268acde4b8eaf8,K-Means,simulated_actual_payout_rolling_mean_6,0.077771779918819
obs_f18114503d67d0f3,K-Means,median_price,0.20605566222193183
obs_f18114503d67d0f3,K-Means,simulated_actual_payout_rolling_median,0.17142605683294732
obs_f18114503d67d0f3,K-Means,simulated_actual_payout_lag_2,0.08825195572071576
obs_d854c829244150d9,K-Means,simulated_actual_payout_lag_3,0.17703863955891413
obs_d854c829244150d9,K-Means,simulated_actual_payout_rolling_mean_3,0.06010357584964172
obs_d854c829244150d9,K-Means,simulated_actual_payout_rolling_median,0.046070049630936916
obs_ebeb8afb53f24cc0,K-Means,simulated_actual_payout_rolling_mean_3,0.08249827546843365
obs_ebeb8afb53f24cc0,K-Means,simulated_actual_payout_rolling_median,0.0698882861626577
obs_ebeb8afb53f24cc0,K-Means,simulated_actual_payout_rolling_MAD,0.056050884442392375
obs_4bebf820e8e4332d,K-Means,median_price,0.24187964830966097
obs_4bebf820e8e4332d,K-Means,simulated_actual_payout_rolling_MAD,0.06493845874359157
obs_4bebf820e8e4332d,K-Means,simulated_actual_payout_rolling_mean_3,0.06476814731399061
obs_028db214774bf3fd,K-Means,simulated_actual_payout_lag_6,0.314483020565033
obs_028db214774bf3fd,K-Means,median_price,0.08007205743437266
obs_028db214774bf3fd,K-Means,total_sales_lag_2,0.030024682728500344
obs_089b36475b709e7c,K-Means,distinct_customers_peer_country_product_class_relative,0.05791397961474343
obs_089b36475b709e7c,K-Means,distinct_customers_product_class_relative,0.05745541630783399
obs_089b36475b709e7c,K-Means,distinct_customers_lag_6,0.0493838659391321
obs_29273ce4af30e523,K-Means,simulated_actual_payout_lag_6,0.08276480055657615
obs_29273ce4af30e523,K-Means,total_sales_lag_6,0.06202649103345185
obs_29273ce4af30e523,K-Means,total_quantity_lag_6,0.0513737700558441
obs_47df8de1f8b499ed,K-Means,total_quantity_rolling_MAD,0.041090440289335665
obs_47df8de1f8b499ed,K-Means,distinct_customers_peer_country_product_class_relative,0.03627802686960466
obs_47df8de1f8b499ed,K-Means,distinct_customers_product_class_relative,0.0360031172401096
obs_6b6ff1c7fb151f8e,K-Means,median_price,0.16957974161318284
obs_6b6ff1c7fb151f8e,K-Means,total_sales_lag_6,0.14517968811425142
obs_6b6ff1c7fb151f8e,K-Means,distinct_customers_lag_3,0.04042390889525363
obs_b53d6350e9a049b1,K-Means,median_price,0.1255460386753941
obs_b53d6350e9a049b1,K-Means,average_price,0.041910322376179455
obs_b53d6350e9a049b1,K-Means,simulated_actual_payout_rolling_MAD,0.03538707046438696
obs_b952e4043d62e0d6,K-Means,median_price,0.1797090572962522
obs_b952e4043d62e0d6,K-Means,simulated_actual_payout_lag_12,0.06965461628300962
obs_b952e4043d62e0d6,K-Means,distinct_customers_month_over_month_growth,0.05630501590211845
obs_118404618c74dca2,K-Means,median_price,0.22089487677317046
obs_118404618c74dca2,K-Means,distinct_customers_lag_6,0.10080781351222844
obs_118404618c74dca2,K-Means,average_price,0.049031323396712984
obs_4889326aedd448a7,K-Means,median_price,0.15861969504097048
obs_4889326aedd448a7,K-Means,distinct_customers_trend,0.07209696607135938
obs_4889326aedd448a7,K-Means,simulated_actual_payout_trend,0.052200216533304214
obs_d58927a034600285,K-Means,distinct_customers_lag_6,0.1862390984142964
obs_d58927a034600285,K-Means,distinct_customers_rolling_MAD,0.05209924735416852
obs_d58927a034600285,K-Means,total_sales_peer_median,0.03661723305593784
obs_8ff6c0b7bf653105,K-Means,total_sales_lag_1,0.0712729009780747
obs_8ff6c0b7bf653105,K-Means,distinct_customers_lag_6,0.04569474197933662
obs_8ff6c0b7bf653105,K-Means,total_sales_rolling_median,0.04342618738249943
obs_e47ca23204bbb3b2,K-Means,total_sales_lag_6,0.13338208340724791
obs_e47ca23204bbb3b2,K-Means,distinct_customers_lag_6,0.08443171155007508
obs_e47ca23204bbb3b2,K-Means,simulated_actual_payout_lag_6,0.056441805509214
obs_4beb8f6a4d8a2e19,K-Means,total_sales_trend,0.049366268547447356
obs_4beb8f6a4d8a2e19,K-Means,total_sales_peer_country_product_class_relative,0.045157250231712964
obs_4beb8f6a4d8a2e19,K-Means,total_sales_product_class_relative,0.044628727192191284
obs_0419ff12a579654b,K-Means,median_price,0.06982025965578935
obs_0419ff12a579654b,K-Means,distinct_customers_lag_6,0.04991821688192515
obs_0419ff12a579654b,K-Means,total_sales_trend,0.046861050909250766
obs_0fa459ae12407e95,K-Means,median_price,0.1326027704130193
obs_0fa459ae12407e95,K-Means,distinct_customers_lag_6,0.07991883165096789
obs_0fa459ae12407e95,K-Means,total_sales_lag_2,0.06108873204368591
obs_bda94eddac6e3229,K-Means,total_sales_lag_6,0.10920535625501444
obs_bda94eddac6e3229,K-Means,total_sales_lag_3,0.0794460536511783
obs_bda94eddac6e3229,K-Means,total_quantity_lag_3,0.07087487455079014
obs_39b8dd5eeaeca1e9,K-Means,distinct_customers_lag_6,0.05488312715581959
obs_39b8dd5eeaeca1e9,K-Means,country_mix,0.04012423631438132
obs_39b8dd5eeaeca1e9,K-Means,total_sales_rolling_std,0.03564364811025108
obs_da569ddaf01a28dd,K-Means,distinct_customers_lag_6,0.06772162516454087
obs_da569ddaf01a28dd,K-Means,total_sales_lag_6,0.05168629811182169
obs_da569ddaf01a28dd,K-Means,total_sales_peer_median,0.046604447131180074
obs_4b6156e52f599913,K-Means,total_sales_lag_6,0.11608591978425428
obs_4b6156e52f599913,K-Means,total_quantity_lag_6,0.08786607602059082
obs_4b6156e52f599913,K-Means,distributor_count,0.04661346767211616
obs_a60cd302ff931258,K-Means,median_price,0.09987764397982102
obs_a60cd302ff931258,K-Means,distinct_customers_lag_6,0.0626102615475539
obs_a60cd302ff931258,K-Means,subchannel_mix,0.05966731702375761
obs_7eb0ce7600bf8974,K-Means,distinct_customers_lag_6,0.056622197696197675
obs_7eb0ce7600bf8974,K-Means,new_customers,0.05541708498311206
obs_7eb0ce7600bf8974,K-Means,simulated_actual_payout_trend,0.05281902368901998
obs_f753afdb6e06e37c,K-Means,distinct_customers_lag_6,0.10478202049365219
obs_f753afdb6e06e37c,K-Means,new_customers,0.05446854864908405
obs_f753afdb6e06e37c,K-Means,distributor_count,0.04741635158888029
obs_1a0e10c779fcf4ec,K-Means,median_price,0.11549415909084186
obs_1a0e10c779fcf4ec,K-Means,subchannel_mix,0.10886607469673416
obs_1a0e10c779fcf4ec,K-Means,average_price,0.08902210097084452
obs_314a98cd4e2b871c,K-Means,distributor_concentration,0.13779665566641053
obs_314a98cd4e2b871c,K-Means,subchannel_mix,0.06870455279096575
obs_314a98cd4e2b871c,K-Means,simulated_actual_payout_rolling_mean_3,0.06658295324874773
obs_f145d72eab09f819,K-Means,simulated_actual_payout_rolling_median,0.13596301457297358
obs_f145d72eab09f819,K-Means,simulated_actual_payout_lag_2,0.07463945800531162
obs_f145d72eab09f819,K-Means,distinct_customers_peer_country_product_class_relative,0.050084105684047836
obs_0ef32fe52a570a0a,K-Means,distinct_customers_rolling_MAD,0.11623822801613111
obs_0ef32fe52a570a0a,K-Means,simulated_actual_payout_lag_3,0.08281543264946782
obs_0ef32fe52a570a0a,K-Means,average_price,0.04767378713503352
obs_841b343ef7d93d8f,K-Means,distinct_customers_lag_3,0.05903807679447795
obs_841b343ef7d93d8f,K-Means,distinct_customers_peer_country_product_class_relative,0.04440778374423836
obs_841b343ef7d93d8f,K-Means,distinct_customers_product_class_relative,0.0440747135591217
obs_2ec7bd68440d75fe,K-Means,channel_mix,0.05891196050241623
obs_2ec7bd68440d75fe,K-Means,simulated_actual_payout_rolling_mean_3,0.03826347699121898
obs_2ec7bd68440d75fe,K-Means,subchannel_mix,0.035089060573061256
obs_6c43cd2fe99b518c,K-Means,simulated_actual_payout_lag_6,0.23259435315604546
obs_6c43cd2fe99b518c,K-Means,distinct_customers_lag_6,0.07547360464828722
obs_6c43cd2fe99b518c,K-Means,distinct_customers_lag_3,0.04999786321099953
obs_45d6504b2b111753,K-Means,distinct_customers_lag_6,0.1945838858971326
obs_45d6504b2b111753,K-Means,product_breadth_change,0.06375489362009212
obs_45d6504b2b111753,K-Means,distinct_customers_peer_country_product_class_relative,0.05795154901969439
obs_10f7714a6ea99690,K-Means,distinct_customers_lag_6,0.0877043500172948
obs_10f7714a6ea99690,K-Means,total_sales_lag_6,0.0702523215307509
obs_10f7714a6ea99690,K-Means,total_quantity_lag_6,0.06661657357354471
obs_af849a5e76efc113,K-Means,distinct_customers_lag_6,0.1841178013263301
obs_af849a5e76efc113,K-Means,total_quantity_lag_3,0.054085903835157365
obs_af849a5e76efc113,K-Means,total_quantity_lag_6,0.05004855372611105
obs_7bd95a9694ac5a71,K-Means,simulated_actual_payout_rolling_mean_3,0.0650919201075608
obs_7bd95a9694ac5a71,K-Means,distinct_customers_lag_6,0.051662791858667734
obs_7bd95a9694ac5a71,K-Means,new_customers,0.04026914496361455
obs_e910a18031034c1d,K-Means,city_concentration,0.04311201134751518
obs_e910a18031034c1d,K-Means,customer_concentration,0.04311192369435509
obs_e910a18031034c1d,K-Means,distinct_customers_rolling_MAD,0.04221219796329573
obs_e7f5d4735bdff3d6,K-Means,total_sales_lag_6,0.07678108207309069
obs_e7f5d4735bdff3d6,K-Means,total_quantity_lag_6,0.07609259084238547
obs_e7f5d4735bdff3d6,K-Means,country_mix,0.04357380637551831
obs_85871b41c90627a9,K-Means,total_sales_rolling_MAD,0.07049157248448923
obs_85871b41c90627a9,K-Means,simulated_actual_payout_trend,0.06522802972174692
obs_85871b41c90627a9,K-Means,distinct_customers_trend,0.06085620020735911
obs_9319aa5248630ad5,K-Means,distinct_customers_history_deviation,0.06602716820699385
obs_9319aa5248630ad5,K-Means,distinct_customers_trend,0.06383797583979332
obs_9319aa5248630ad5,K-Means,distinct_customers_rolling_MAD,0.05667656846437044
obs_b9bf282772d12bb6,K-Means,total_quantity_lag_6,0.11941850608312866
obs_b9bf282772d12bb6,K-Means,total_sales_lag_6,0.11868538414203
obs_b9bf282772d12bb6,K-Means,simulated_actual_payout_lag_6,0.060618176721688066
obs_eaecbbfc5084df63,K-Means,total_sales_lag_6,0.1063603309943744
obs_eaecbbfc5084df63,K-Means,total_quantity_lag_6,0.1002506254457381
obs_eaecbbfc5084df63,K-Means,total_quantity_rolling_MAD,0.0699746831824872
obs_6f5d602835b95c31,K-Means,total_quantity_rolling_MAD,0.11551176926493423
obs_6f5d602835b95c31,K-Means,total_sales_rolling_MAD,0.07977767181966608
obs_6f5d602835b95c31,K-Means,product_mix_change,0.07929904919945369
obs_9535f59e1da49fb9,K-Means,distinct_customers_lag_6,0.16609974932247978
obs_9535f59e1da49fb9,K-Means,total_quantity_rolling_MAD,0.06667483944924806
obs_9535f59e1da49fb9,K-Means,total_sales_rolling_MAD,0.06375592972292735
obs_b6d0806d153187c5,K-Means,distinct_customers_lag_6,0.18009662151427433
obs_b6d0806d153187c5,K-Means,total_sales_lag_6,0.14405302359091088
obs_b6d0806d153187c5,K-Means,total_quantity_lag_6,0.08130515424971335
obs_13f1aa61197ea45d,K-Means,distinct_customers_lag_6,0.2161297894734677
obs_13f1aa61197ea45d,K-Means,total_quantity_rolling_MAD,0.09646932634275149
obs_13f1aa61197ea45d,K-Means,total_sales_rolling_std,0.0798301831740568
obs_c2746c6d1a230f77,K-Means,simulated_actual_payout_rolling_MAD,0.0820468870433998
obs_c2746c6d1a230f77,K-Means,simulated_actual_payout_history_deviation,0.06807678857887155
obs_c2746c6d1a230f77,K-Means,total_quantity_rolling_MAD,0.06740708811158212
obs_97e49fd0497d2bc9,K-Means,distinct_customers_lag_6,0.1772316418226314
obs_97e49fd0497d2bc9,K-Means,total_quantity_rolling_MAD,0.090949839518511
obs_97e49fd0497d2bc9,K-Means,simulated_actual_payout_rolling_MAD,0.0599246558172515
obs_3fbd7c27458da79a,K-Means,subchannel_mix,0.09261358989809743
obs_3fbd7c27458da79a,K-Means,channel_mix,0.08905375086016247
obs_3fbd7c27458da79a,K-Means,new_customers,0.07175166938768991
obs_b8ce099d96f0602e,K-Means,total_quantity_peer_median,0.0974935314136641
obs_b8ce099d96f0602e,K-Means,distributor_count,0.08134831505007734
obs_b8ce099d96f0602e,K-Means,distinct_customers_lag_6,0.0709804958800782
obs_c99f5a8d215c53ad,K-Means,distinct_customers_lag_6,0.09594290786218801
obs_c99f5a8d215c53ad,K-Means,new_customers,0.08817508450189417
obs_c99f5a8d215c53ad,K-Means,total_quantity_lag_1,0.04654442293387766
obs_0b872227274ab87b,K-Means,new_customers,0.11671595153858418
obs_0b872227274ab87b,K-Means,distinct_customers_lag_6,0.10860385325191547
obs_0b872227274ab87b,K-Means,distributor_count,0.07197973535434697
obs_29409348634dab0b,K-Means,distinct_customers_lag_6,0.19281680435750692
obs_29409348634dab0b,K-Means,new_customers,0.059883795770001566
obs_29409348634dab0b,K-Means,total_sales_lag_6,0.04887795898998572
obs_80394ba55aa01467,K-Means,distributor_concentration,0.0611575638278397
obs_80394ba55aa01467,K-Means,city_concentration,0.05981502207650628
obs_80394ba55aa01467,K-Means,customer_concentration,0.059805839713895026
obs_647f912e8f747fce,K-Means,simulated_actual_payout_rolling_mean_3,0.10109465930533884
obs_647f912e8f747fce,K-Means,simulated_actual_payout_lag_1,0.07657502175252881
obs_647f912e8f747fce,K-Means,total_quantity_month_over_month_growth,0.05107193831688634
obs_82297644314f444d,K-Means,simulated_actual_payout_rolling_median,0.15367271352492215
obs_82297644314f444d,K-Means,simulated_actual_payout_lag_2,0.08028301272822738
obs_82297644314f444d,K-Means,distinct_customers_team_relative,0.07992629662999969
obs_82b535f9b798fe87,K-Means,total_sales_rolling_MAD,0.15317632906599482
obs_82b535f9b798fe87,K-Means,simulated_actual_payout_lag_3,0.07011955757509637
obs_82b535f9b798fe87,K-Means,distributor_count,0.04450250496766663
obs_fbe856870eb02757,K-Means,product_breadth_change,0.07744806932884024
obs_fbe856870eb02757,K-Means,simulated_actual_payout_rolling_MAD,0.04708635707804404
obs_fbe856870eb02757,K-Means,simulated_actual_payout_rolling_std,0.03721153449354067
obs_1aa0b80892769768,K-Means,city_concentration,0.05367463845603527
obs_1aa0b80892769768,K-Means,customer_concentration,0.05367454057181738
obs_1aa0b80892769768,K-Means,subchannel_mix,0.0507048078023949
obs_839771c75eddabf4,K-Means,simulated_actual_payout_lag_6,0.2204168185872626
obs_839771c75eddabf4,K-Means,simulated_actual_payout_trend,0.04279646868624905
obs_839771c75eddabf4,K-Means,distributor_mix_change,0.04270688969007027
obs_fecdb2eb900a099c,K-Means,total_quantity_lag_3,0.09022818585870312
obs_fecdb2eb900a099c,K-Means,total_sales_lag_3,0.0681949201277147
obs_fecdb2eb900a099c,K-Means,simulated_actual_payout_lag_6,0.06567127099800137
obs_7b4eff6f4a2cea3f,K-Means,distinct_customers_lag_6,0.10616510881314592
obs_7b4eff6f4a2cea3f,K-Means,distributor_mix_change,0.07634304410816203
obs_7b4eff6f4a2cea3f,K-Means,channel_mix,0.06033179458047325
obs_2ca11d9d5d498566,K-Means,total_sales_lag_6,0.055240861582325836
obs_2ca11d9d5d498566,K-Means,simulated_actual_payout_lag_6,0.04803858160259515
obs_2ca11d9d5d498566,K-Means,distributor_count,0.04732854258459088
obs_4e2467ccf8a0c613,K-Means,total_quantity_lag_6,0.10281376507546013
obs_4e2467ccf8a0c613,K-Means,total_sales_lag_6,0.08538176188441575
obs_4e2467ccf8a0c613,K-Means,simulated_actual_payout_lag_6,0.05763198466320773
obs_81a9d571ad0f3c40,K-Means,distinct_customers_lag_6,0.0801544792645342
obs_81a9d571ad0f3c40,K-Means,new_customers,0.039363164195050156
obs_81a9d571ad0f3c40,K-Means,total_sales_lag_2,0.03696207532930677
obs_396d12c62b02a8b1,K-Means,customer_growth,0.08540459870455192
obs_396d12c62b02a8b1,K-Means,distinct_customers_month_over_month_growth,0.08540459870455192
obs_396d12c62b02a8b1,K-Means,product_breadth_change,0.07154731827686556
obs_e092fd0c3e760969,K-Means,distinct_customers_trend,0.08285691090465268
obs_e092fd0c3e760969,K-Means,distinct_customers_lag_6,0.07374909171337814
obs_e092fd0c3e760969,K-Means,distinct_customers_acceleration,0.0643123833787853
obs_9e6330523666fc18,K-Means,distinct_customers_lag_6,0.0963138734025888
obs_9e6330523666fc18,K-Means,distinct_customers_trend,0.07333704053455077
obs_9e6330523666fc18,K-Means,total_quantity_history_deviation,0.04776974908922693
obs_f54ae4a669026e09,K-Means,total_quantity_team_relative,0.04427368864759305
obs_f54ae4a669026e09,K-Means,total_quantity_peer_country_product_class_relative,0.04376947937511617
obs_f54ae4a669026e09,K-Means,total_quantity_product_class_relative,0.043456293399458716
obs_419eb1119f5a9b55,K-Means,total_quantity_lag_1,0.09888024117100566
obs_419eb1119f5a9b55,K-Means,total_quantity_trend,0.09040509577892329
obs_419eb1119f5a9b55,K-Means,total_sales_lag_1,0.05999359648085942
obs_65421b8620999480,K-Means,total_quantity_lag_2,0.1347619739873988
obs_65421b8620999480,K-Means,total_sales_lag_2,0.07862302799522886
obs_65421b8620999480,K-Means,total_quantity_rolling_std,0.06231368768425939
obs_eff8caabec843516,K-Means,distinct_customers_lag_6,0.20374893869759747
obs_eff8caabec843516,K-Means,total_quantity_lag_3,0.12211683875719058
obs_eff8caabec843516,K-Means,total_sales_lag_3,0.07396248102047785
obs_7549f5a41db1d2a3,K-Means,distinct_customers_lag_6,0.2535991736567096
obs_7549f5a41db1d2a3,K-Means,total_quantity_rolling_std,0.08044605901592662
obs_7549f5a41db1d2a3,K-Means,distinct_customers_rolling_mean_6,0.05465781761970721
obs_a50d859059b89990,K-Means,distinct_customers_lag_6,0.3667901036142296
obs_a50d859059b89990,K-Means,total_quantity_rolling_std,0.05975095773919459
obs_a50d859059b89990,K-Means,distinct_customers_rolling_median,0.039654432899616836
obs_9d34fa66d4e5582c,K-Means,total_quantity_lag_6,0.18771590992607995
obs_9d34fa66d4e5582c,K-Means,total_sales_lag_6,0.13983628215408253
obs_9d34fa66d4e5582c,K-Means,distinct_customers_lag_6,0.1295703024995064
obs_6e06b428693eb0e4,K-Means,distinct_customers_lag_6,0.15201495098780998
obs_6e06b428693eb0e4,K-Means,total_sales_rolling_MAD,0.10781324555677979
obs_6e06b428693eb0e4,K-Means,simulated_actual_payout_history_deviation,0.0513972389175512
obs_23aa8ee0609ca1c3,K-Means,distinct_customers_lag_6,0.2770691815604354
obs_23aa8ee0609ca1c3,K-Means,new_customers,0.05305729016354663
obs_23aa8ee0609ca1c3,K-Means,distinct_customers_rolling_mean_6,0.05196806315170713
obs_a0ec10f16ce2ec5f,K-Means,distinct_customers_lag_6,0.12461692743474294
obs_a0ec10f16ce2ec5f,K-Means,new_customers,0.0960009741546608
obs_a0ec10f16ce2ec5f,K-Means,total_sales_rolling_MAD,0.07548062363054166
obs_2eca01bffa44d368,K-Means,new_customers,0.16738890910986182
obs_2eca01bffa44d368,K-Means,distinct_customers_lag_6,0.11896658470728559
obs_2eca01bffa44d368,K-Means,distinct_customers_lag_3,0.05224140509098307
obs_5002acba73ef80f1,K-Means,distinct_customers_lag_6,0.2250452954139347
obs_5002acba73ef80f1,K-Means,new_customers,0.07642616976833148
obs_5002acba73ef80f1,K-Means,distinct_customers_rolling_MAD,0.053459023939728616
obs_fc763aa90deb982e,K-Means,distinct_customers_lag_6,0.19886557846788644
obs_fc763aa90deb982e,K-Means,new_customers,0.05673267714510486
obs_fc763aa90deb982e,K-Means,total_quantity_trend,0.055736237765681415
obs_64ac8dadff02984d,K-Means,latitude_dispersion,0.2793986755247129
obs_64ac8dadff02984d,K-Means,channel_mix,0.13721538403784228
obs_64ac8dadff02984d,K-Means,median_price,0.1313927412621481
obs_38676a738b01b2da,K-Means,simulated_actual_payout_rolling_mean_3,0.22655937803361403
obs_38676a738b01b2da,K-Means,simulated_actual_payout_lag_1,0.15797049493084503
obs_38676a738b01b2da,K-Means,simulated_actual_payout_rolling_mean_6,0.07904229932314336
obs_cb3f9ee2f5c22bed,K-Means,total_quantity_rolling_std,0.532440498239454
obs_cb3f9ee2f5c22bed,K-Means,total_sales_rolling_std,0.15168731346576972
obs_cb3f9ee2f5c22bed,K-Means,simulated_actual_payout_rolling_median,0.055469145656173884
obs_a24356479fcd3a45,K-Means,total_quantity_rolling_MAD,0.6118601237064195
obs_a24356479fcd3a45,K-Means,total_sales_rolling_MAD,0.1288602546989516
obs_a24356479fcd3a45,K-Means,simulated_actual_payout_lag_3,0.045966208008003925
obs_48e33304ef0d79b4,K-Means,total_sales_rolling_MAD,0.36270324253902736
obs_48e33304ef0d79b4,K-Means,total_quantity_history_deviation,0.053860445714181006
obs_48e33304ef0d79b4,K-Means,total_quantity_rolling_MAD,0.03686809379928163
obs_0df14494be69de5b,K-Means,total_sales_rolling_MAD,0.33327532868368076
obs_0df14494be69de5b,K-Means,distinct_customers_team_relative,0.05252236053858068
obs_0df14494be69de5b,K-Means,distinct_customers_peer_country_product_class_relative,0.02687490654060872
obs_2a0f8b970fd2cf99,K-Means,simulated_actual_payout_lag_6,0.34325735919650985
obs_2a0f8b970fd2cf99,K-Means,total_sales_rolling_MAD,0.22466680287898824
obs_2a0f8b970fd2cf99,K-Means,distinct_customers_trend,0.0453491683792326
obs_278ad958b9c21d1d,K-Means,total_sales_rolling_MAD,0.1991065412938475
obs_278ad958b9c21d1d,K-Means,median_price,0.07185434677187968
obs_278ad958b9c21d1d,K-Means,channel_mix,0.051219786798260517
obs_0a0c51cc5fbc8297,K-Means,simulated_actual_payout_trend,0.05793946544025753
obs_0a0c51cc5fbc8297,K-Means,total_sales_acceleration,0.05747744116754414
obs_0a0c51cc5fbc8297,K-Means,simulated_actual_payout_acceleration,0.04646723593291437
obs_2d78342e88e2905d,K-Means,product_mix_change,0.09823414849611775
obs_2d78342e88e2905d,K-Means,distinct_customers_lag_6,0.051808418821239495
obs_2d78342e88e2905d,K-Means,total_sales_trend,0.04476113670223318
obs_c4c3d58644e26467,K-Means,distinct_customers_rolling_MAD,0.05014261149836808
obs_c4c3d58644e26467,K-Means,total_sales_lag_3,0.048143375387002425
obs_c4c3d58644e26467,K-Means,distinct_customers_lag_6,0.040017324789205846
obs_f84e516d55fa22fb,K-Means,distinct_customers_lag_6,0.12042539963144966
obs_f84e516d55fa22fb,K-Means,distinct_customers_history_deviation,0.06560729602019472
obs_f84e516d55fa22fb,K-Means,new_customers,0.05897912513469973
obs_3f2ccc085c72a579,K-Means,customer_growth,0.1277154983236781
obs_3f2ccc085c72a579,K-Means,distinct_customers_month_over_month_growth,0.1277154983236781
obs_3f2ccc085c72a579,K-Means,distinct_customers_acceleration,0.07809562219159981
obs_9f746b2b79caeaeb,K-Means,total_sales_lag_6,0.17691396014068847
obs_9f746b2b79caeaeb,K-Means,simulated_actual_payout_lag_6,0.09132226677982637
obs_9f746b2b79caeaeb,K-Means,distinct_customers_acceleration,0.0771541776775949
obs_8fef2e625aee0cee,K-Means,distinct_customers_trend,0.12719067682645754
obs_8fef2e625aee0cee,K-Means,product_mix_change,0.11940414711885025
obs_8fef2e625aee0cee,K-Means,total_sales_lag_6,0.07905913137742705
obs_8ee538feda162af2,K-Means,product_mix_change,0.07230733574372677
obs_8ee538feda162af2,K-Means,simulated_actual_payout_lag_6,0.06642287547462723
obs_8ee538feda162af2,K-Means,distinct_customers_rolling_MAD,0.061174840595620214
obs_4697f4e2d9fe010b,K-Means,distinct_customers_lag_6,0.0626791262604787
obs_4697f4e2d9fe010b,K-Means,distinct_customers_rolling_median,0.049431927435724485
obs_4697f4e2d9fe010b,K-Means,distinct_customers_lag_2,0.048692267856087205
obs_03a50dbaf024fc40,K-Means,subchannel_mix,0.054706883534391904
obs_03a50dbaf024fc40,K-Means,product_concentration,0.051252956947797586
obs_03a50dbaf024fc40,K-Means,customer_concentration,0.051044852510456644
obs_c2339ed6bd9d90e6,K-Means,distinct_customers_lag_6,0.24518974609852584
obs_c2339ed6bd9d90e6,K-Means,distinct_customers_rolling_median,0.055408060790319354
obs_c2339ed6bd9d90e6,K-Means,distinct_customers_rolling_mean_6,0.053479636056781715
obs_2f32ddd0a2e94a9f,K-Means,distinct_customers_lag_6,0.20114502680653465
obs_2f32ddd0a2e94a9f,K-Means,total_quantity_lag_1,0.03298619233322399
obs_2f32ddd0a2e94a9f,K-Means,distinct_customers_rolling_mean_6,0.030235640628959226
obs_ff228098000f31a4,K-Means,distinct_customers_lag_6,0.2660603847359423
obs_ff228098000f31a4,K-Means,distinct_customers_rolling_median,0.03259376619633175
obs_ff228098000f31a4,K-Means,total_quantity_lag_2,0.030751998565153267
obs_e10040da5653d166,K-Means,distinct_customers_lag_6,0.12503931249134861
obs_e10040da5653d166,K-Means,total_quantity_lag_3,0.055753566425991184
obs_e10040da5653d166,K-Means,distinct_customers_lag_3,0.043879756803382006
obs_a40688e3012fb701,K-Means,distinct_customers_lag_6,0.1700682411857849
obs_a40688e3012fb701,K-Means,subchannel_mix,0.06737621178130733
obs_a40688e3012fb701,K-Means,channel_mix,0.06137793728935008
obs_832b2a61982038e4,K-Means,distinct_customers_lag_6,0.1487319265038999
obs_832b2a61982038e4,K-Means,new_customers,0.14360006772146008
obs_832b2a61982038e4,K-Means,total_sales_lag_6,0.054604213134235344
obs_db0fcfce59c29ec3,K-Means,distinct_customers_lag_6,0.15446207025343608
obs_db0fcfce59c29ec3,K-Means,total_quantity_lag_6,0.07251127491125123
obs_db0fcfce59c29ec3,K-Means,distributor_count,0.06258548606303446
obs_b7104111d63806bf,K-Means,distinct_customers_lag_6,0.2046146745472569
obs_b7104111d63806bf,K-Means,new_customers,0.13195206405025006
obs_b7104111d63806bf,K-Means,distributor_count,0.0550168953882468
obs_93f16dd623a75aba,K-Means,new_customers,0.12067889491802207
obs_93f16dd623a75aba,K-Means,distinct_customers_lag_6,0.11355327319220575
obs_93f16dd623a75aba,K-Means,distributor_count,0.06604901648373072
obs_81e5813f62b2c57a,K-Means,distinct_customers_lag_6,0.2440689989758113
obs_81e5813f62b2c57a,K-Means,new_customers,0.15989092446858374
obs_81e5813f62b2c57a,K-Means,distributor_count,0.04793879548861214
obs_1aa795299e0cb6ce,K-Means,subchannel_mix,0.1514370887028923
obs_1aa795299e0cb6ce,K-Means,product_concentration,0.09057810045926468
obs_1aa795299e0cb6ce,K-Means,customer_concentration,0.08741832927659501
obs_a52a27f658b8e268,K-Means,simulated_actual_payout_rolling_mean_3,0.21777492719093028
obs_a52a27f658b8e268,K-Means,simulated_actual_payout_lag_1,0.11687232120715628
obs_a52a27f658b8e268,K-Means,simulated_actual_payout_rolling_mean_6,0.08197297722294561
obs_947acac2d689eb52,K-Means,simulated_actual_payout_rolling_median,0.25473439160036276
obs_947acac2d689eb52,K-Means,simulated_actual_payout_lag_2,0.12653747573085233
obs_947acac2d689eb52,K-Means,simulated_actual_payout_rolling_mean_3,0.09177220265517427
obs_eafee8335b376eb9,K-Means,simulated_actual_payout_lag_3,0.1981548658599334
obs_eafee8335b376eb9,K-Means,simulated_actual_payout_rolling_mean_3,0.07280982590712254
obs_eafee8335b376eb9,K-Means,simulated_actual_payout_rolling_std,0.05014471723240863
obs_497a2f5d75cba8c8,K-Means,product_mix_change,0.10954420763891153
obs_497a2f5d75cba8c8,K-Means,simulated_actual_payout_rolling_std,0.09418037556807851
obs_497a2f5d75cba8c8,K-Means,total_quantity_rolling_std,0.07898548098388562
obs_a0e029c774718100,K-Means,simulated_actual_payout_rolling_std,0.076105488529692
obs_a0e029c774718100,K-Means,simulated_actual_payout_trend,0.04501225163873744
obs_a0e029c774718100,K-Means,simulated_actual_payout_peer_median,0.04186701203689407
obs_aff9c9691d68d316,K-Means,simulated_actual_payout_lag_6,0.3812176554059921
obs_aff9c9691d68d316,K-Means,distinct_customers_lag_6,0.05625453942917022
obs_aff9c9691d68d316,K-Means,simulated_actual_payout_rolling_std,0.042927549862368186
obs_2d91acc0ed1eb224,K-Means,total_sales_lag_6,0.06057450294818444
obs_2d91acc0ed1eb224,K-Means,distinct_customers_peer_country_product_class_relative,0.05168423029365176
obs_2d91acc0ed1eb224,K-Means,distinct_customers_product_class_relative,0.051098950334864515
obs_c2868c88c9f66634,K-Means,total_quantity_acceleration,0.05847559165104608
obs_c2868c88c9f66634,K-Means,total_sales_acceleration,0.05280922550514375
obs_c2868c88c9f66634,K-Means,total_quantity_lag_2,0.05280234525309718
obs_6707daeefe0bf398,K-Means,total_quantity_lag_3,0.07821464350667144
obs_6707daeefe0bf398,K-Means,median_price,0.0720659921599832
obs_6707daeefe0bf398,K-Means,total_sales_lag_3,0.06655186711661064
obs_650926c97abe489d,K-Means,distributor_concentration,0.14820009727937467
obs_650926c97abe489d,K-Means,total_sales_lag_6,0.08474948807610014
obs_650926c97abe489d,K-Means,distributor_count,0.08178743883579213
obs_ef23e537a280a2c6,K-Means,distinct_customers_history_deviation,0.04349570015189357
obs_ef23e537a280a2c6,K-Means,distinct_customers_lag_6,0.03740311081445875
obs_ef23e537a280a2c6,K-Means,sales_per_transaction,0.03706835622348366
obs_87b552f43a581274,K-Means,customer_growth,0.07366599390702212
obs_87b552f43a581274,K-Means,distinct_customers_month_over_month_growth,0.07366599390702212
obs_87b552f43a581274,K-Means,total_quantity_lag_6,0.06317927629794588
obs_8200b59379acc241,K-Means,total_sales_lag_6,0.0971088510432205
obs_8200b59379acc241,K-Means,total_quantity_lag_6,0.07851163041398265
obs_8200b59379acc241,K-Means,distinct_customers_lag_6,0.06114006191309921
obs_5fe352327795efd4,K-Means,distinct_customers_trend,0.1354315761009418
obs_5fe352327795efd4,K-Means,total_quantity_lag_3,0.05536144263216389
obs_5fe352327795efd4,K-Means,total_sales_lag_3,0.047294929126056075
obs_a7abda0717fdafce,K-Means,distinct_customers_rolling_MAD,0.08286477186291517
obs_a7abda0717fdafce,K-Means,total_quantity_lag_6,0.07678319027733532
obs_a7abda0717fdafce,K-Means,total_quantity_rolling_MAD,0.05259237318527453
obs_743e3830c1000d77,K-Means,total_quantity_rolling_MAD,0.051558128667760474
obs_743e3830c1000d77,K-Means,distinct_customers_lag_3,0.05004481647832662
obs_743e3830c1000d77,K-Means,distinct_customers_rolling_MAD,0.0458270441412613
obs_408f08c4ec4b9aae,K-Means,total_sales_lag_6,0.1669069065466449
obs_408f08c4ec4b9aae,K-Means,total_quantity_lag_6,0.16171527194981947
obs_408f08c4ec4b9aae,K-Means,simulated_actual_payout_lag_6,0.04603971714893887
obs_3abbeaeaec1941c9,K-Means,distinct_customers_lag_6,0.22186354050970816
obs_3abbeaeaec1941c9,K-Means,total_quantity_trend,0.05845745449243091
obs_3abbeaeaec1941c9,K-Means,simulated_actual_payout_trend,0.04240628048121149
obs_d25e74c6df97189c,K-Means,distinct_customers_lag_6,0.2495187654979145
obs_d25e74c6df97189c,K-Means,distributor_mix_change,0.03924640469798302
obs_d25e74c6df97189c,K-Means,total_quantity_lag_6,0.035720155554486946
obs_8d0ba40c6ed54109,K-Means,distinct_customers_lag_6,0.2879098511455545
obs_8d0ba40c6ed54109,K-Means,total_quantity_lag_6,0.0805099336138074
obs_8d0ba40c6ed54109,K-Means,total_sales_lag_6,0.07604953284334229
obs_0cf0ac05045e9dd9,K-Means,distinct_customers_lag_6,0.12647689260356296
obs_0cf0ac05045e9dd9,K-Means,subchannel_mix,0.042317043752793035
obs_0cf0ac05045e9dd9,K-Means,distinct_customers_rolling_median,0.0405100233417377
obs_2850203b29d86c7b,K-Means,distinct_customers_lag_6,0.09183150112984474
obs_2850203b29d86c7b,K-Means,total_quantity_trend,0.06082206549345212
obs_2850203b29d86c7b,K-Means,total_sales_trend,0.04750875438777656
obs_4f95d43413528ed7,K-Means,distinct_customers_lag_6,0.11069526879760698
obs_4f95d43413528ed7,K-Means,total_quantity_lag_6,0.06073594308429874
obs_4f95d43413528ed7,K-Means,total_sales_lag_6,0.045397113917095964
obs_94a0c4eb8176a145,K-Means,new_customers,0.10038592760467809
obs_94a0c4eb8176a145,K-Means,total_quantity_peer_median,0.06249244699009987
obs_94a0c4eb8176a145,K-Means,distinct_customers_lag_6,0.059614895746153154
obs_15d69bb41dff4fe7,K-Means,distinct_customers_lag_6,0.10659844596195336
obs_15d69bb41dff4fe7,K-Means,new_customers,0.05604082135657619
obs_15d69bb41dff4fe7,K-Means,simulated_actual_payout_month_over_month_growth,0.03528906986012474
obs_b4c23df3fe6a3030,K-Means,new_customers,0.10444899457881024
obs_b4c23df3fe6a3030,K-Means,distinct_customers_lag_6,0.08336823619109646
obs_b4c23df3fe6a3030,K-Means,simulated_actual_payout_acceleration,0.04534502490323146
obs_e4d904bef15cb6d9,K-Means,distinct_customers_lag_6,0.1478410491609775
obs_e4d904bef15cb6d9,K-Means,total_sales_lag_6,0.07165735550621366
obs_e4d904bef15cb6d9,K-Means,channel_mix,0.05695236844784624
obs_9c3dcfd269f1daed,K-Means,simulated_payout_to_sales_ratio,0.05454868754310121
obs_9c3dcfd269f1daed,K-Means,average_price,0.04999972599545995
obs_9c3dcfd269f1daed,K-Means,distinct_customers_peer_country_product_class_relative,0.04326121816318395
obs_5db6a16e24782000,K-Means,product_concentration,0.07397480701722534
obs_5db6a16e24782000,K-Means,customer_concentration,0.06871802547059468
obs_5db6a16e24782000,K-Means,city_concentration,0.0687170398330455
obs_9ff330ee056b6bf3,K-Means,simulated_actual_payout_rolling_median,0.0882838359695533
obs_9ff330ee056b6bf3,K-Means,product_concentration,0.06482408835899682
obs_9ff330ee056b6bf3,K-Means,subchannel_mix,0.0591861928441386
obs_a9b92a41baf4fcfd,K-Means,total_quantity_rolling_MAD,0.11468233277130933
obs_a9b92a41baf4fcfd,K-Means,simulated_actual_payout_lag_3,0.059299644230254696
obs_a9b92a41baf4fcfd,K-Means,total_quantity_lag_3,0.051369270351165654
obs_b49cf9291af38640,K-Means,total_quantity_rolling_MAD,0.2458428965372197
obs_b49cf9291af38640,K-Means,simulated_actual_payout_rolling_median,0.035135818054526695
obs_b49cf9291af38640,K-Means,distinct_customers_peer_country_product_class_relative,0.02860152837460355
obs_1ecc14141825d009,K-Means,total_quantity_rolling_MAD,0.08291762956416217
obs_1ecc14141825d009,K-Means,distinct_customers_peer_country_product_class_relative,0.05669282790958459
obs_1ecc14141825d009,K-Means,distinct_customers_product_class_relative,0.056235238710961026
obs_1b6de767e8ff2313,K-Means,product_breadth_change,0.1074379048593314
obs_1b6de767e8ff2313,K-Means,simulated_actual_payout_lag_6,0.0800323272992768
obs_1b6de767e8ff2313,K-Means,total_quantity_lag_6,0.053872603650627696
obs_88347e381f25c2a3,K-Means,total_quantity_lag_2,0.07518010555887282
obs_88347e381f25c2a3,K-Means,total_sales_lag_3,0.054314468666403576
obs_88347e381f25c2a3,K-Means,distinct_customers_lag_2,0.05129588184026192
obs_f1287555d5f46daa,K-Means,distinct_customers_trend,0.12210074780248702
obs_f1287555d5f46daa,K-Means,total_quantity_lag_3,0.09463096476751355
obs_f1287555d5f46daa,K-Means,distinct_customers_lag_3,0.07886005581009359
obs_5f4f5b630be891ef,K-Means,simulated_actual_payout_rolling_mean_3,0.052344460187731395
obs_5f4f5b630be891ef,K-Means,total_sales_peer_z,0.0498059926292629
obs_5f4f5b630be891ef,K-Means,total_sales_lag_6,0.049069770317528086
obs_b8596af14b0de19a,K-Means,total_sales_lag_6,0.19276981947448116
obs_b8596af14b0de19a,K-Means,total_quantity_lag_6,0.12116626591891051
obs_b8596af14b0de19a,K-Means,simulated_actual_payout_rolling_MAD,0.053411382792675224
obs_9cfab4050a288096,K-Means,distinct_customers_lag_6,0.23080527664887815
obs_9cfab4050a288096,K-Means,total_quantity_lag_6,0.16812411231213284
obs_9cfab4050a288096,K-Means,total_sales_lag_6,0.09303804102001016
obs_846f3c1b9f22cc40,K-Means,simulated_actual_payout_rolling_std,0.09120059112686182
obs_846f3c1b9f22cc40,K-Means,customer_growth,0.07837270686378266
obs_846f3c1b9f22cc40,K-Means,distinct_customers_month_over_month_growth,0.07837270686378266
obs_11d1908dd080d16d,K-Means,simulated_actual_payout_rolling_MAD,0.12259425166743768
obs_11d1908dd080d16d,K-Means,simulated_actual_payout_rolling_std,0.05445256173590727
obs_11d1908dd080d16d,K-Means,city_concentration,0.05047421841403144
obs_0b5365c4f5e77a73,K-Means,distinct_customers_trend,0.1529016279456468
obs_0b5365c4f5e77a73,K-Means,simulated_actual_payout_rolling_MAD,0.05648451041558155
obs_0b5365c4f5e77a73,K-Means,distinct_customers_lag_3,0.05078796305926069
obs_af37b35f684f563e,K-Means,distinct_customers_peer_country_product_class_relative,0.10210766141450552
obs_af37b35f684f563e,K-Means,distinct_customers_product_class_relative,0.10081001382608627
obs_af37b35f684f563e,K-Means,distinct_customers_rolling_MAD,0.08596766530276692
obs_b8e5434a0f5313f8,K-Means,customer_concentration,0.06305633110546303
obs_b8e5434a0f5313f8,K-Means,city_concentration,0.0630562253256943
obs_b8e5434a0f5313f8,K-Means,product_concentration,0.061324906173308935
obs_ad65eea82bf5323a,K-Means,distinct_customers_lag_6,0.07296640898327768
obs_ad65eea82bf5323a,K-Means,customer_concentration,0.06139560528077399
obs_ad65eea82bf5323a,K-Means,city_concentration,0.061394994011637755
obs_5dcdeaf28a91fe21,K-Means,distinct_customers_lag_6,0.08353554738510405
obs_5dcdeaf28a91fe21,K-Means,distinct_customers_peer_country_product_class_relative,0.04339871726873388
obs_5dcdeaf28a91fe21,K-Means,distinct_customers_product_class_relative,0.04322299633717614
obs_f71b9b50c4274c0f,K-Means,distinct_customers_lag_6,0.15504943495593124
obs_f71b9b50c4274c0f,K-Means,product_concentration,0.060581200727595826
obs_f71b9b50c4274c0f,K-Means,distributor_concentration,0.058554999680453884
obs_732536e08786e6c7,K-Means,distinct_customers_lag_6,0.2663682615749691
obs_732536e08786e6c7,K-Means,product_concentration,0.09139465236011557
obs_732536e08786e6c7,K-Means,dominant_product_share,0.05501230167935418
obs_f65d22be8bfa06d9,K-Means,distinct_customers_lag_6,0.2429658853858274
obs_f65d22be8bfa06d9,K-Means,distinct_customers_team_relative,0.028899222738546115
obs_f65d22be8bfa06d9,K-Means,total_quantity_lag_3,0.028317080072226098
obs_54820cc69d912153,K-Means,total_sales_lag_6,0.08083544986716268
obs_54820cc69d912153,K-Means,total_quantity_lag_6,0.07298583846249726
obs_54820cc69d912153,K-Means,distinct_customers_lag_6,0.07258897804568089
obs_7bee3b75cbfd01b5,K-Means,distinct_customers_lag_6,0.1183821222918681
obs_7bee3b75cbfd01b5,K-Means,new_customers,0.10438291456307572
obs_7bee3b75cbfd01b5,K-Means,product_mix_change,0.07056632489479395
obs_baf102b14125479d,K-Means,new_customers,0.09768821615965037
obs_baf102b14125479d,K-Means,total_quantity_peer_median,0.07457603307196078
obs_baf102b14125479d,K-Means,distributor_concentration,0.052407982748473726
obs_cf31dd46a83fc1e5,K-Means,distinct_customers_lag_6,0.09617346109721321
obs_cf31dd46a83fc1e5,K-Means,product_mix_change,0.0661498887983342
obs_cf31dd46a83fc1e5,K-Means,new_customers,0.06398700841961213
obs_75a12c5a719bc3f8,K-Means,distinct_customers_lag_6,0.0779308444239671
obs_75a12c5a719bc3f8,K-Means,distributor_count,0.06269534125524026
obs_75a12c5a719bc3f8,K-Means,distributor_concentration,0.05713092929129827
obs_570846473486eb2a,K-Means,distinct_customers_lag_6,0.14582886228997474
obs_570846473486eb2a,K-Means,new_customers,0.1260478571082657
obs_570846473486eb2a,K-Means,total_quantity_lag_3,0.05092330043501268
obs_7c90c9b465b3ce03,K-Means,median_price,0.36916054049397595
obs_7c90c9b465b3ce03,K-Means,average_price,0.20023719560933215
obs_7c90c9b465b3ce03,K-Means,total_sales_peer_median,0.034226360522189525
obs_4624815e1b6571f4,K-Means,simulated_actual_payout_rolling_mean_3,0.12708029308070362
obs_4624815e1b6571f4,K-Means,simulated_actual_payout_lag_1,0.10424320918125562
obs_4624815e1b6571f4,K-Means,total_sales_rolling_mean_6,0.06381612416356763
obs_788da99fadf55c29,K-Means,total_sales_rolling_std,0.24679063060157855
obs_788da99fadf55c29,K-Means,total_quantity_rolling_std,0.16130221914622714
obs_788da99fadf55c29,K-Means,distinct_customers_rolling_std,0.11382783381653175
obs_be640ec06b900c95,K-Means,total_sales,0.3314013110391279
obs_be640ec06b900c95,K-Means,average_transaction_value,0.19606478479722064
obs_be640ec06b900c95,K-Means,sales_per_transaction,0.19606478479722064
obs_d20fdf27a33e0234,K-Means,total_sales_lag_1,0.9323368276930457
obs_d20fdf27a33e0234,K-Means,total_sales_month_over_month_growth,0.010338574228357152
obs_d20fdf27a33e0234,K-Means,total_quantity_lag_1,0.0073524119449401995
obs_58d925454f9e05fc,K-Means,total_sales_lag_2,0.9361695034603195
obs_58d925454f9e05fc,K-Means,total_sales_rolling_MAD,0.010413057942257619
obs_58d925454f9e05fc,K-Means,total_quantity_lag_2,0.007490020898378215
obs_65323f996fed38ad,K-Means,total_sales_lag_3,0.9350648728762461
obs_65323f996fed38ad,K-Means,total_sales_rolling_MAD,0.011803565884546995
obs_65323f996fed38ad,K-Means,total_sales_trend,0.007503906487616127
obs_f5f9917acc9d5593,K-Means,total_sales_lag_6,0.08085941896849752
obs_f5f9917acc9d5593,K-Means,total_sales_rolling_median,0.07028125366347657
obs_f5f9917acc9d5593,K-Means,total_sales_rolling_mean_6,0.04447155085620606
obs_e80cef77c45a5f5e,K-Means,total_sales_rolling_median,0.05768871256095481
obs_e80cef77c45a5f5e,K-Means,simulated_actual_payout_lag_6,0.04229534000918923
obs_e80cef77c45a5f5e,K-Means,product_breadth_change,0.03979781470797597
obs_7c9ad99ab054b16d,K-Means,total_sales_lag_6,0.9787538731431654
obs_7c9ad99ab054b16d,K-Means,total_quantity_lag_6,0.0063415350441708655
obs_7c9ad99ab054b16d,K-Means,simulated_actual_payout_lag_6,0.0021514584685554655
obs_c9d9306b6ae8157e,K-Means,median_price,0.108772957087206
obs_c9d9306b6ae8157e,K-Means,simulated_actual_payout_rolling_MAD,0.08048588552731527
obs_c9d9306b6ae8157e,K-Means,total_sales_rolling_MAD,0.0646329412977804
obs_f8232747ddf33b37,K-Means,distinct_customers_history_deviation,0.050066495103598986
obs_f8232747ddf33b37,K-Means,subchannel_mix,0.04503229458409795
obs_f8232747ddf33b37,K-Means,distinct_customers_lag_6,0.044803874153198454
obs_161d6f5cb3beed1f,K-Means,median_price,0.10100148951483941
obs_161d6f5cb3beed1f,K-Means,customer_growth,0.08793953731336955
obs_161d6f5cb3beed1f,K-Means,distinct_customers_month_over_month_growth,0.08793953731336955
obs_9de119baa3b059b5,K-Means,distinct_customers_history_deviation,0.04863688887978512
obs_9de119baa3b059b5,K-Means,total_sales_peer_z,0.045128207432892906
obs_9de119baa3b059b5,K-Means,distinct_customers_acceleration,0.043290149333270855
obs_08a026b4d2571082,K-Means,distinct_customers_trend,0.19780181536897481
obs_08a026b4d2571082,K-Means,country_mix,0.06329773390799404
obs_08a026b4d2571082,K-Means,distinct_customers_lag_3,0.04890028982836914
obs_155361f7eadc6348,K-Means,total_sales_lag_12,0.9053193059953966
obs_155361f7eadc6348,K-Means,total_sales_year_over_year_growth,0.010214234159612775
obs_155361f7eadc6348,K-Means,median_price,0.009330163602299331
obs_d8848fed50d11de1,K-Means,median_price,0.06677995784308391
obs_d8848fed50d11de1,K-Means,average_price,0.055495804087600194
obs_d8848fed50d11de1,K-Means,distinct_customers_lag_3,0.03322722084739629
obs_e3fcdac9c6a4c5c6,K-Means,distinct_customers_lag_6,0.243072766601285
obs_e3fcdac9c6a4c5c6,K-Means,median_price,0.12981512085378655
obs_e3fcdac9c6a4c5c6,K-Means,average_price,0.058396925512108365
obs_4f83bbe75832bd5b,K-Means,subchannel_mix,0.07460262954417704
obs_4f83bbe75832bd5b,K-Means,total_sales_lag_3,0.046375595295061085
obs_4f83bbe75832bd5b,K-Means,total_quantity_trend,0.04095162311013149
obs_7b7ec58e8a1270ed,K-Means,distinct_customers_lag_6,0.11012346827490772
obs_7b7ec58e8a1270ed,K-Means,average_price,0.05414363669099703
obs_7b7ec58e8a1270ed,K-Means,distinct_customers_team_relative,0.037664029509620715
obs_1c1b4c9da23469ae,K-Means,subchannel_mix,0.07285168777997118
obs_1c1b4c9da23469ae,K-Means,distinct_customers_lag_6,0.06201593164945276
obs_1c1b4c9da23469ae,K-Means,city_concentration,0.04774338184866509
obs_e9fe998905709e1d,K-Means,total_sales_lag_6,0.13251780470896385
obs_e9fe998905709e1d,K-Means,simulated_actual_payout_lag_6,0.07173046067944285
obs_e9fe998905709e1d,K-Means,distinct_customers_lag_6,0.07032047688611824
obs_0a141093362c3096,K-Means,distinct_customers_lag_6,0.07108936896870902
obs_0a141093362c3096,K-Means,country_mix,0.04770830728573814
obs_0a141093362c3096,K-Means,new_customers,0.03925604777051424
obs_c6dfad417a3890fc,K-Means,total_quantity_lag_6,0.05079627334425468
obs_c6dfad417a3890fc,K-Means,total_quantity_lag_1,0.04104590032287702
obs_c6dfad417a3890fc,K-Means,total_sales_peer_median,0.04069283737581833
obs_86c4a6b685d8f5e6,K-Means,distributor_count,0.08039611985492746
obs_86c4a6b685d8f5e6,K-Means,total_sales_peer_median,0.07997465821140047
obs_86c4a6b685d8f5e6,K-Means,total_quantity_peer_median,0.07640325146969956
obs_b2acf47a04294fcd,K-Means,total_quantity_lag_3,0.06728542446014764
obs_b2acf47a04294fcd,K-Means,simulated_payout_to_sales_ratio,0.05906806425440739
obs_b2acf47a04294fcd,K-Means,new_customers,0.052915493436282185
obs_75dbaa4dbb0c93da,K-Means,subchannel_mix,0.08134176996018198
obs_75dbaa4dbb0c93da,K-Means,new_customers,0.05813391060814324
obs_75dbaa4dbb0c93da,K-Means,customer_concentration,0.056064368170094164
obs_cd9f5091b691e0dd,K-Means,distinct_customers_lag_6,0.07990965148974467
obs_cd9f5091b691e0dd,K-Means,simulated_actual_payout_trend,0.07669798928003865
obs_cd9f5091b691e0dd,K-Means,new_customers,0.0666609851747686
obs_900a98b2fa1dd5d2,K-Means,median_price,0.1356670491593
obs_900a98b2fa1dd5d2,K-Means,average_price,0.12976540282776097
obs_900a98b2fa1dd5d2,K-Means,latitude_dispersion,0.09345730704387743
obs_49941b43ad514681,K-Means,simulated_actual_payout_rolling_mean_3,0.1401723543515837
obs_49941b43ad514681,K-Means,simulated_actual_payout_lag_1,0.10318155581932201
obs_49941b43ad514681,K-Means,simulated_actual_payout_rolling_mean_6,0.046673027375302406
obs_9872583637a9443a,K-Means,simulated_actual_payout_rolling_median,0.10702173491461825
obs_9872583637a9443a,K-Means,total_sales_rolling_std,0.08303832345766726
obs_9872583637a9443a,K-Means,simulated_actual_payout_lag_2,0.0698303715176672
obs_796b446d5c201de7,K-Means,simulated_actual_payout_lag_3,0.09365842320766204
obs_796b446d5c201de7,K-Means,median_price,0.047739615659898794
obs_796b446d5c201de7,K-Means,average_price,0.0450005314210002
obs_fdf518b8ae53a4d8,K-Means,distinct_customers_acceleration,0.05616662296917046
obs_fdf518b8ae53a4d8,K-Means,customer_growth,0.053804273399657244
obs_fdf518b8ae53a4d8,K-Means,distinct_customers_month_over_month_growth,0.053804273399657244
obs_427eb79a1ed182ca,K-Means,distinct_customers_lag_2,0.05751054981611818
obs_427eb79a1ed182ca,K-Means,latitude_dispersion,0.057177424103900795
obs_427eb79a1ed182ca,K-Means,distinct_customers_acceleration,0.047694586209929
obs_0060b9c28244647e,K-Means,simulated_actual_payout_lag_6,0.3072547201336911
obs_0060b9c28244647e,K-Means,distinct_customers_lag_6,0.06947967452415953
obs_0060b9c28244647e,K-Means,distinct_customers_lag_3,0.04330784606277056
obs_d2edd6a25a82f42d,K-Means,total_quantity_lag_6,0.08074912795325928
obs_d2edd6a25a82f42d,K-Means,distinct_customers_lag_6,0.05716212690548349
obs_d2edd6a25a82f42d,K-Means,simulated_actual_payout_month_over_month_growth,0.03614234892836662
obs_193e15cd476de669,K-Means,distributor_concentration,0.05305881776044006
obs_193e15cd476de669,K-Means,product_concentration,0.0444542212919957
obs_193e15cd476de669,K-Means,city_concentration,0.04356616072530225
obs_879dc48fd82bd515,K-Means,distinct_customers_lag_6,0.19149125421947338
obs_879dc48fd82bd515,K-Means,simulated_actual_payout_trend,0.04953318533734434
obs_879dc48fd82bd515,K-Means,total_quantity_trend,0.03502909652816631
obs_ef93e4f99b59d101,K-Means,total_sales_lag_6,0.07070522917561788
obs_ef93e4f99b59d101,K-Means,total_quantity,0.03959094282542792
obs_ef93e4f99b59d101,K-Means,simulated_target_attainment_pct,0.0330847216690352
obs_410eae61eac6c92d,K-Means,distinct_customers_rolling_MAD,0.05004108209063527
obs_410eae61eac6c92d,K-Means,distributor_concentration,0.04387816195631736
obs_410eae61eac6c92d,K-Means,total_quantity_lag_1,0.04004277553399279
obs_34f2956a032ddbc7,K-Means,simulated_actual_payout_trend,0.04976298853157982
obs_34f2956a032ddbc7,K-Means,customer_growth,0.037064663889661474
obs_34f2956a032ddbc7,K-Means,distinct_customers_month_over_month_growth,0.037064663889661474
obs_5122b66ff9e538cb,K-Means,total_quantity_lag_3,0.09422693362241628
obs_5122b66ff9e538cb,K-Means,total_sales_lag_3,0.07563433052567478
obs_5122b66ff9e538cb,K-Means,total_quantity_trend,0.0634536632583727
obs_1de566a2e8bd77d1,K-Means,subchannel_mix,0.09597096890817654
obs_1de566a2e8bd77d1,K-Means,customer_concentration,0.0721215649335548
obs_1de566a2e8bd77d1,K-Means,city_concentration,0.07212149445461229
obs_67b7822b7c5131b2,K-Means,total_quantity_product_class_relative,0.05206828501384344
obs_67b7822b7c5131b2,K-Means,total_quantity_peer_country_product_class_relative,0.052060665278135805
obs_67b7822b7c5131b2,K-Means,distributor_concentration,0.04947835155882146
obs_3d87973f8b310e5f,K-Means,total_quantity_lag_6,0.14471688608900646
obs_3d87973f8b310e5f,K-Means,total_sales_lag_6,0.1325183668263787
obs_3d87973f8b310e5f,K-Means,total_quantity_lag_2,0.06353992669334894
obs_ade2ee1e771e5f33,K-Means,total_quantity_lag_3,0.10143927320666109
obs_ade2ee1e771e5f33,K-Means,total_sales_lag_3,0.10099117865850779
obs_ade2ee1e771e5f33,K-Means,simulated_actual_payout_lag_6,0.04771505911156006
obs_a83cddd2da17568b,K-Means,total_sales_rolling_MAD,0.12286408463121508
obs_a83cddd2da17568b,K-Means,distinct_customers_lag_6,0.08571895557980423
obs_a83cddd2da17568b,K-Means,total_quantity_lag_3,0.06556746696280336
obs_fffd8da94d1acdaf,K-Means,total_sales_rolling_MAD,0.0826848023456369
obs_fffd8da94d1acdaf,K-Means,simulated_actual_payout_rolling_MAD,0.07963210011863277
obs_fffd8da94d1acdaf,K-Means,distinct_customers_lag_6,0.07706557857142714
obs_44038fa39e94b163,K-Means,total_sales_lag_6,0.24754708574570009
obs_44038fa39e94b163,K-Means,total_quantity_lag_6,0.20918181707950756
obs_44038fa39e94b163,K-Means,distinct_customers_lag_6,0.06382258851906922
obs_3ab658cf89b7aac7,K-Means,total_quantity_lag_6,0.16541389628004077
obs_3ab658cf89b7aac7,K-Means,simulated_actual_payout_rolling_MAD,0.11239381202308307
obs_3ab658cf89b7aac7,K-Means,simulated_actual_payout_rolling_std,0.08414271972170291
obs_d4ef4ce81469a50a,K-Means,distinct_customers_lag_6,0.11363131235227947
obs_d4ef4ce81469a50a,K-Means,simulated_actual_payout_rolling_MAD,0.11324770780072614
obs_d4ef4ce81469a50a,K-Means,simulated_actual_payout_rolling_std,0.07097759158662409
obs_c4e7dd5ed759585a,K-Means,distinct_customers_lag_6,0.15101583526959517
obs_c4e7dd5ed759585a,K-Means,simulated_actual_payout_rolling_MAD,0.11172170885702704
obs_c4e7dd5ed759585a,K-Means,new_customers,0.041705762800133335
obs_84db3e00ddd03327,K-Means,new_customers,0.09470667075318831
obs_84db3e00ddd03327,K-Means,total_quantity_peer_median,0.07527226802024772
obs_84db3e00ddd03327,K-Means,distributor_count,0.06280695841721015
obs_0deef46e6f835f36,K-Means,total_quantity_month_over_month_growth,0.06388230348247755
obs_0deef46e6f835f36,K-Means,total_sales_month_over_month_growth,0.058554829921269154
obs_0deef46e6f835f36,K-Means,new_customers,0.0499721905249766
obs_dae0b526a7776639,K-Means,total_quantity_lag_2,0.07692016708196142
obs_dae0b526a7776639,K-Means,distributor_count,0.06961348209427538
obs_dae0b526a7776639,K-Means,total_quantity_acceleration,0.06690728492594367
obs_d59c2b4863b3bc0b,K-Means,distinct_customers_lag_6,0.09585627299721611
obs_d59c2b4863b3bc0b,K-Means,new_customers,0.0908104942183968
obs_d59c2b4863b3bc0b,K-Means,total_quantity_lag_3,0.07663679274266531
obs_b456484b52b4e4f1,K-Means,distinct_customers_team_relative,0.08335139605511936
obs_b456484b52b4e4f1,K-Means,average_price,0.05111883483581362
obs_b456484b52b4e4f1,K-Means,total_quantity_product_class_relative,0.05078999458023734
obs_9dd3730aaed3d08b,K-Means,simulated_actual_payout_rolling_mean_3,0.13867364459304637
obs_9dd3730aaed3d08b,K-Means,simulated_actual_payout_lag_1,0.10071907938457932
obs_9dd3730aaed3d08b,K-Means,product_breadth_change,0.07336600862475932
obs_7c853d39bb1b9102,K-Means,simulated_actual_payout_rolling_median,0.18733129615331195
obs_7c853d39bb1b9102,K-Means,simulated_actual_payout_lag_2,0.10284637112494706
obs_7c853d39bb1b9102,K-Means,simulated_actual_payout_rolling_mean_3,0.055267739817685
obs_0e4abbc6c11b00de,K-Means,simulated_actual_payout_lag_3,0.11982349959906405
obs_0e4abbc6c11b00de,K-Means,simulated_actual_payout_rolling_mean_3,0.04801166808932109
obs_0e4abbc6c11b00de,K-Means,total_quantity_trend,0.042966304503592775
obs_408ce70b542c7cf5,K-Means,customer_growth,0.042706269201584046
obs_408ce70b542c7cf5,K-Means,distinct_customers_month_over_month_growth,0.042706269201584046
obs_408ce70b542c7cf5,K-Means,simulated_actual_payout_rolling_std,0.039478856741690896
obs_db21fbee777446a6,K-Means,simulated_actual_payout_rolling_std,0.05814501724358103
obs_db21fbee777446a6,K-Means,distinct_customers_acceleration,0.051020603224996595
obs_db21fbee777446a6,K-Means,total_sales_lag_1,0.04944968061557242
obs_02498a937b0d485c,K-Means,simulated_actual_payout_lag_6,0.3612770277427764
obs_02498a937b0d485c,K-Means,total_quantity_lag_6,0.06989161976077057
obs_02498a937b0d485c,K-Means,total_sales_lag_6,0.04964893988104238
obs_ff60c748c8e496b9,K-Means,distinct_customers_lag_6,0.08554184080732226
obs_ff60c748c8e496b9,K-Means,total_sales_lag_3,0.06312902220901145
obs_ff60c748c8e496b9,K-Means,total_sales_rolling_std,0.038508265687361716
obs_982eb68099f6a917,K-Means,total_quantity_lag_6,0.08239987666443477
obs_982eb68099f6a917,K-Means,distinct_customers_history_deviation,0.034478768790985645
obs_982eb68099f6a917,K-Means,distinct_customers_peer_country_product_class_relative,0.03233013813274537
obs_01f0c01107cd4029,K-Means,total_quantity_rolling_MAD,0.06582124380303032
obs_01f0c01107cd4029,K-Means,product_class_share,0.05688244173601946
obs_01f0c01107cd4029,K-Means,total_quantity_rolling_std,0.04446136311990497
obs_541b5b8a6a16fdaf,K-Means,distinct_customers_lag_6,0.18431800658989939
obs_541b5b8a6a16fdaf,K-Means,total_sales_lag_6,0.13904218108370264
obs_541b5b8a6a16fdaf,K-Means,simulated_actual_payout_lag_6,0.0800356367222268
obs_65f811d5639d7483,K-Means,distinct_customers_team_relative,0.10804213869963271
obs_65f811d5639d7483,K-Means,new_customers,0.05874842952264967
obs_65f811d5639d7483,K-Means,distinct_customers_lag_6,0.04821419748239469
obs_87bcd398c16122ca,K-Means,distinct_customers_lag_6,0.07376567766160837
obs_87bcd398c16122ca,K-Means,total_quantity_lag_1,0.04283702804203535
obs_87bcd398c16122ca,K-Means,simulated_actual_payout_lag_12,0.0407917656644063
obs_966701c56227ca17,K-Means,distinct_customers_rolling_MAD,0.04805602785908232
obs_966701c56227ca17,K-Means,total_quantity_lag_2,0.04213227218605508
obs_966701c56227ca17,K-Means,total_quantity_trend,0.03849817877679945
obs_d9a52392c28710a8,K-Means,total_quantity_lag_3,0.05772116973183053
obs_d9a52392c28710a8,K-Means,customer_loss_rate,0.03723601158216019
obs_d9a52392c28710a8,K-Means,distinct_customers_lag_2,0.037108576588167845
obs_41916127eaa3e4de,K-Means,distinct_customers_lag_3,0.05526296914912632
obs_41916127eaa3e4de,K-Means,distinct_customers_lag_6,0.05305608376418738
obs_41916127eaa3e4de,K-Means,total_sales_lag_3,0.039596472540192516
obs_ce11fd5eaef5bcc2,K-Means,distinct_customers_lag_6,0.08152026668710388
obs_ce11fd5eaef5bcc2,K-Means,distributor_concentration,0.07185198033365026
obs_ce11fd5eaef5bcc2,K-Means,distinct_customers_rolling_MAD,0.061652269066910396
obs_5927199c7eebd454,K-Means,total_quantity_lag_6,0.1448467529096363
obs_5927199c7eebd454,K-Means,total_sales_lag_6,0.11152429823373426
obs_5927199c7eebd454,K-Means,distinct_customers_lag_3,0.06789766918495507
obs_73bdc503445cb9af,K-Means,distinct_customers_lag_6,0.3229568895843145
obs_73bdc503445cb9af,K-Means,total_sales_lag_6,0.11145538409419531
obs_73bdc503445cb9af,K-Means,total_quantity_lag_6,0.08612736674018798
obs_888624f62fe4cfee,K-Means,distinct_customers_lag_6,0.13677435791954884
obs_888624f62fe4cfee,K-Means,total_sales_rolling_MAD,0.10194642896929625
obs_888624f62fe4cfee,K-Means,channel_mix,0.05073954355165146
obs_40a6f45b08428bcc,K-Means,distinct_customers_lag_6,0.33973661038997033
obs_40a6f45b08428bcc,K-Means,distributor_concentration,0.05152380942245313
obs_40a6f45b08428bcc,K-Means,distinct_customers_lag_3,0.03539772293943955
obs_b108a68b96f29533,K-Means,distinct_customers_lag_6,0.17600376408375432
obs_b108a68b96f29533,K-Means,distinct_customers_rolling_MAD,0.0630479393648494
obs_b108a68b96f29533,K-Means,customer_loss_rate,0.046694886502431664
obs_b162a97feff97b66,K-Means,distinct_customers_lag_6,0.1701736779703836
obs_b162a97feff97b66,K-Means,new_customers,0.0771179612130999
obs_b162a97feff97b66,K-Means,total_quantity_rolling_MAD,0.04838427488384805
obs_4b1db870abc01152,K-Means,distinct_customers_lag_6,0.2969074246288072
obs_4b1db870abc01152,K-Means,new_customers,0.09368217216249329
obs_4b1db870abc01152,K-Means,distinct_customers_lag_2,0.0444704114878343
obs_1faa474944514701,K-Means,new_customers,0.1602663459896218
obs_1faa474944514701,K-Means,distinct_customers_lag_6,0.10333964576366696
obs_1faa474944514701,K-Means,distributor_count,0.04815137263727067
obs_13c0551c97421ce1,K-Means,new_customers,0.10328033413599993
obs_13c0551c97421ce1,K-Means,distinct_customers_lag_6,0.09697084775421251
obs_13c0551c97421ce1,K-Means,channel_mix,0.0732419037243146
obs_889e417ddd683809,K-Means,distinct_customers_lag_6,0.1353485561568973
obs_889e417ddd683809,K-Means,new_customers,0.0541629258389554
obs_889e417ddd683809,K-Means,total_sales_lag_2,0.051494772446907845
obs_a190a3470aca3529,K-Means,distinct_customers_lag_6,0.26131088994652996
obs_a190a3470aca3529,K-Means,new_customers,0.11592449055855697
obs_a190a3470aca3529,K-Means,distributor_count,0.05528226149299088
obs_ed1716315ce2f89a,K-Means,distributor_concentration,0.17127671355001914
obs_ed1716315ce2f89a,K-Means,simulated_payout_to_sales_ratio,0.12586582852776282
obs_ed1716315ce2f89a,K-Means,subchannel_mix,0.08030331951469956
obs_1c93ed3f616ce45b,K-Means,simulated_actual_payout_rolling_mean_3,0.16920152814124087
obs_1c93ed3f616ce45b,K-Means,simulated_actual_payout_lag_1,0.11893657294457265
obs_1c93ed3f616ce45b,K-Means,simulated_actual_payout_rolling_mean_6,0.05862971187885559
obs_dd731e0c61511cf4,K-Means,simulated_actual_payout_rolling_median,0.2251855209121021
obs_dd731e0c61511cf4,K-Means,simulated_actual_payout_lag_2,0.12105631312255073
obs_dd731e0c61511cf4,K-Means,distinct_customers_rolling_std,0.08241953423913824
obs_2c80cfc92072f711,K-Means,distinct_customers_rolling_MAD,0.11033311426048917
obs_2c80cfc92072f711,K-Means,simulated_actual_payout_lag_3,0.08928951852331854
obs_2c80cfc92072f711,K-Means,distinct_customers_rolling_std,0.06262107753722228
obs_0aca714c8947d562,K-Means,distinct_customers_rolling_MAD,0.11316767035439253
obs_0aca714c8947d562,K-Means,total_sales_rolling_MAD,0.09426084713067845
obs_0aca714c8947d562,K-Means,channel_mix,0.052819646487968365
obs_0d3c9c4be99aa1d8,K-Means,subchannel_mix,0.08450594492864145
obs_0d3c9c4be99aa1d8,K-Means,channel_mix,0.04520224164376182
obs_0d3c9c4be99aa1d8,K-Means,product_concentration,0.044456981456412054
obs_8b56840a414b53fa,K-Means,simulated_actual_payout_lag_6,0.34968843013655215
obs_8b56840a414b53fa,K-Means,total_quantity_lag_6,0.04893569699783556
obs_8b56840a414b53fa,K-Means,distinct_customers_rolling_std,0.03481290461739573
obs_96d2e226d31577e9,K-Means,latitude_dispersion,0.04971290596908871
obs_96d2e226d31577e9,K-Means,product_breadth_change,0.044009935964047855
obs_96d2e226d31577e9,K-Means,total_quantity_lag_6,0.03839443670504287
obs_6b020e5bfb1650f3,K-Means,median_price,0.051269997568755395
obs_6b020e5bfb1650f3,K-Means,simulated_actual_payout_month_over_month_growth,0.03714270141792143
obs_6b020e5bfb1650f3,K-Means,sales_per_transaction,0.033657483541405867
obs_b2f32696ec50e6f8,K-Means,simulated_actual_payout_trend,0.05293251283501444
obs_b2f32696ec50e6f8,K-Means,distinct_customers_trend,0.04509611241081452
obs_b2f32696ec50e6f8,K-Means,simulated_actual_payout_lag_3,0.033415682668755615
obs_a5d2109ed12e13d6,K-Means,total_sales_lag_6,0.06763243825699154
obs_a5d2109ed12e13d6,K-Means,distinct_customers_rolling_MAD,0.049161915341387155
obs_a5d2109ed12e13d6,K-Means,total_quantity_month_over_month_growth,0.03321178069809423
obs_e2f7f8bf9ea4bf2f,K-Means,total_quantity_lag_6,0.11112740708770066
obs_e2f7f8bf9ea4bf2f,K-Means,distinct_customers_rolling_MAD,0.05571930574596763
obs_e2f7f8bf9ea4bf2f,K-Means,total_sales_lag_6,0.054183806551331606
obs_ba5ecd10c0998bd2,K-Means,simulated_actual_payout_history_deviation,0.0766731821850908
obs_ba5ecd10c0998bd2,K-Means,simulated_actual_payout_lag_12,0.05832573375890038
obs_ba5ecd10c0998bd2,K-Means,simulated_actual_payout_rolling_MAD,0.05326898929363565
obs_149c8d214e505346,K-Means,distinct_customers_history_deviation,0.06909533887557964
obs_149c8d214e505346,K-Means,distinct_customers_rolling_MAD,0.06477984066048077
obs_149c8d214e505346,K-Means,simulated_actual_payout_lag_6,0.053232320824765686
obs_24442b9a94e1a6f7,K-Means,distinct_customers_trend,0.08457045377797816
obs_24442b9a94e1a6f7,K-Means,distinct_customers_history_deviation,0.06321482414010059
obs_24442b9a94e1a6f7,K-Means,total_sales_lag_3,0.04320652674538151
obs_a989ff2712f9c12f,K-Means,product_mix_change,0.09662638887827178
obs_a989ff2712f9c12f,K-Means,total_sales_lag_6,0.06683325770263417
obs_a989ff2712f9c12f,K-Means,distinct_customers_rolling_MAD,0.05477618649951247
obs_d528493d6805d843,K-Means,distinct_customers_product_class_relative,0.04981288457641327
obs_d528493d6805d843,K-Means,total_quantity_lag_6,0.04933989592150837
obs_d528493d6805d843,K-Means,distinct_customers_peer_country_product_class_relative,0.03780453643122362
obs_092f3b1e6b398f1e,K-Means,total_sales_lag_6,0.06131326802454581
obs_092f3b1e6b398f1e,K-Means,simulated_actual_payout_lag_6,0.051499272729241666
obs_092f3b1e6b398f1e,K-Means,total_quantity_lag_2,0.03609008169904036
obs_3770032df4a3e2f1,K-Means,distinct_customers_lag_6,0.19423826166304037
obs_3770032df4a3e2f1,K-Means,distributor_concentration,0.05970266580027292
obs_3770032df4a3e2f1,K-Means,total_quantity_trend,0.05637726752475576
obs_6e40a3bd41969dcb,K-Means,distinct_customers_lag_6,0.20952632488068781
obs_6e40a3bd41969dcb,K-Means,product_concentration,0.043756105061355945
obs_6e40a3bd41969dcb,K-Means,distinct_customers_lag_3,0.03805418861405893
obs_f78d6eb89d7c1767,K-Means,distinct_customers_lag_6,0.3295477665788724
obs_f78d6eb89d7c1767,K-Means,new_customers,0.07678407035998525
obs_f78d6eb89d7c1767,K-Means,distinct_customers_rolling_median,0.041300415813955556
obs_d58b09b05a6b6144,K-Means,distinct_customers_lag_6,0.08321871950979207
obs_d58b09b05a6b6144,K-Means,total_quantity_lag_6,0.05123675973900336
obs_d58b09b05a6b6144,K-Means,total_sales_lag_6,0.04792428222711523
obs_f9e45f05702360d0,K-Means,distinct_customers_lag_6,0.30207351918793596
obs_f9e45f05702360d0,K-Means,distinct_customers_rolling_mean_6,0.031307643530327646
obs_f9e45f05702360d0,K-Means,total_sales_month_over_month_growth,0.028553589129264607
obs_d65eb48503f91821,K-Means,distinct_customers_lag_6,0.13776750440252372
obs_d65eb48503f91821,K-Means,total_quantity_lag_6,0.052084744956345665
obs_d65eb48503f91821,K-Means,average_transaction_value,0.0273044787399796
obs_f9409e706a67bb78,K-Means,distinct_customers_lag_6,0.10539573462806083
obs_f9409e706a67bb78,K-Means,distributor_count,0.08098143726172434
obs_f9409e706a67bb78,K-Means,distinct_customers_history_deviation,0.050012790990082066
obs_6973de100a5d6b7b,K-Means,distinct_customers_lag_6,0.11172286831729573
obs_6973de100a5d6b7b,K-Means,new_customers,0.09448397408718558
obs_6973de100a5d6b7b,K-Means,distributor_count,0.05171221998819402
obs_392b8f8d5d2be289,K-Means,new_customers,0.1475495107151026
obs_392b8f8d5d2be289,K-Means,distinct_customers_lag_6,0.09961958874834353
obs_392b8f8d5d2be289,K-Means,distributor_count,0.07036365305737428
obs_0e3e4e142988957b,K-Means,distinct_customers_lag_6,0.2501439607496105
obs_0e3e4e142988957b,K-Means,new_customers,0.1570311529934781
obs_0e3e4e142988957b,K-Means,distributor_count,0.04399306129393267
obs_bd73c32a613a01a5,K-Means,simulated_payout_to_sales_ratio,0.1081994671164796
obs_bd73c32a613a01a5,K-Means,total_quantity_product_class_relative,0.08550979824871534
obs_bd73c32a613a01a5,K-Means,total_quantity_peer_country_product_class_relative,0.08550890668311108
obs_75d8eca18ba89778,K-Means,simulated_actual_payout_rolling_mean_3,0.20110398518477948
obs_75d8eca18ba89778,K-Means,simulated_actual_payout_lag_1,0.12982370243338123
obs_75d8eca18ba89778,K-Means,subchannel_mix,0.0896724707937736
obs_0bc960191a55d7f9,K-Means,simulated_actual_payout_rolling_median,0.2615906049805481
obs_0bc960191a55d7f9,K-Means,simulated_actual_payout_lag_2,0.13874023087072368
obs_0bc960191a55d7f9,K-Means,simulated_actual_payout_rolling_mean_3,0.09082310713766797
obs_cd64c7cb8e44bcc2,K-Means,simulated_actual_payout_rolling_MAD,0.27805124677467363
obs_cd64c7cb8e44bcc2,K-Means,simulated_actual_payout_lag_3,0.13617536240962094
obs_cd64c7cb8e44bcc2,K-Means,simulated_actual_payout_history_deviation,0.05913476981459655
obs_fa92e2cc98cbc505,K-Means,simulated_actual_payout_rolling_std,0.08495824923201428
obs_fa92e2cc98cbc505,K-Means,total_quantity_peer_country_product_class_relative,0.08081081938238598
obs_fa92e2cc98cbc505,K-Means,total_quantity_team_relative,0.0801860113023792
obs_54a3917b64f9bde1,K-Means,total_quantity_trend,0.10792438626654875
obs_54a3917b64f9bde1,K-Means,median_price,0.059252992175379784
obs_54a3917b64f9bde1,K-Means,simulated_actual_payout_rolling_std,0.05682031260628988
obs_e315a185e103df51,K-Means,simulated_actual_payout_lag_6,0.420847586138001
obs_e315a185e103df51,K-Means,distinct_customers_lag_6,0.05906980511415933
obs_e315a185e103df51,K-Means,total_quantity_lag_2,0.04890002633120151
obs_eca2bb43009c3b5f,K-Means,customer_concentration,0.06970302440862237
obs_eca2bb43009c3b5f,K-Means,city_concentration,0.06970293706158602
obs_eca2bb43009c3b5f,K-Means,total_quantity_lag_3,0.06474961838811512
obs_f206ee28d3c9ee51,K-Means,total_sales_acceleration,0.05885927766245207
obs_f206ee28d3c9ee51,K-Means,total_quantity_lag_6,0.055005220690356814
obs_f206ee28d3c9ee51,K-Means,total_quantity_acceleration,0.05033645867901219
obs_1993aa4c5400524c,K-Means,distinct_customers_rolling_MAD,0.11904021586186629
obs_1993aa4c5400524c,K-Means,distributor_count,0.06536455331665199
obs_1993aa4c5400524c,K-Means,total_sales_lag_2,0.06287524369047053
obs_048d304ecf78185d,K-Means,total_quantity_lag_6,0.20667469015103337
obs_048d304ecf78185d,K-Means,distinct_customers_rolling_MAD,0.09609676525837231
obs_048d304ecf78185d,K-Means,total_sales_lag_6,0.07629018946667553
obs_30263cfb7575a80a,K-Means,distinct_customers_rolling_MAD,0.1148162526282249
obs_30263cfb7575a80a,K-Means,product_concentration,0.05678577700714004
obs_30263cfb7575a80a,K-Means,latitude_dispersion,0.05579634456219937
obs_b59cbd08569fb1fb,K-Means,subchannel_mix,0.09294989971383663
obs_b59cbd08569fb1fb,K-Means,product_concentration,0.058516479347716345
obs_b59cbd08569fb1fb,K-Means,channel_mix,0.05262939710628879
obs_00596573c5f20356,K-Means,total_sales_lag_6,0.13609271311928658
obs_00596573c5f20356,K-Means,total_quantity_lag_6,0.07658202072535054
obs_00596573c5f20356,K-Means,total_sales_trend,0.04035188930385602
obs_ad56092096392851,K-Means,distinct_customers_trend,0.09150009717454345
obs_ad56092096392851,K-Means,total_sales_lag_2,0.05867460325615881
obs_ad56092096392851,K-Means,total_quantity_lag_2,0.056669552518607856
obs_4b9df30d99de2528,K-Means,total_sales_lag_6,0.06278648017820233
obs_4b9df30d99de2528,K-Means,total_sales_lag_3,0.060559454559426
obs_4b9df30d99de2528,K-Means,total_quantity_lag_3,0.057072103099820644
obs_c684edf8178fb200,K-Means,total_quantity_rolling_MAD,0.04222518539531726
obs_c684edf8178fb200,K-Means,total_quantity_lag_1,0.040309828115174945
obs_c684edf8178fb200,K-Means,total_quantity_lag_12,0.03971351671129287
obs_18fe79a3239e7368,K-Means,channel_mix,0.053726940119949176
obs_18fe79a3239e7368,K-Means,simulated_actual_payout_month_over_month_growth,0.051406014408359985
obs_18fe79a3239e7368,K-Means,total_quantity_lag_2,0.03948430700698993
obs_451ac52478edfc8d,K-Means,total_sales_lag_6,0.13964387840157802
obs_451ac52478edfc8d,K-Means,distinct_customers_lag_6,0.1257554431400505
obs_451ac52478edfc8d,K-Means,total_quantity_lag_6,0.11106565370259193
obs_a943a1d9a04eea0a,K-Means,distinct_customers_lag_6,0.15236083326588165
obs_a943a1d9a04eea0a,K-Means,total_quantity_lag_6,0.06433586291743765
obs_a943a1d9a04eea0a,K-Means,distributor_concentration,0.05064656430364477
obs_69eb056c724f001f,K-Means,distinct_customers_lag_6,0.23177464044036394
obs_69eb056c724f001f,K-Means,new_customers,0.07393311535599052
obs_69eb056c724f001f,K-Means,distinct_customers_rolling_MAD,0.051694552745201544
obs_848ab056cb80733d,K-Means,distinct_customers_lag_6,0.0878833411834402
obs_848ab056cb80733d,K-Means,total_quantity_lag_6,0.0703215720533269
obs_848ab056cb80733d,K-Means,simulated_actual_payout_lag_6,0.06723474528511587
obs_1ef450087534d063,K-Means,total_quantity,0.845162933380162
obs_1ef450087534d063,K-Means,distinct_customers_lag_6,0.021462253987130905
obs_1ef450087534d063,K-Means,new_customers,0.012656577335070543
obs_438e87ccdfc7619e,K-Means,total_quantity_lag_1,0.8159654738738966
obs_438e87ccdfc7619e,K-Means,distinct_customers_lag_6,0.023749916429341968
obs_438e87ccdfc7619e,K-Means,total_quantity_month_over_month_growth,0.011316471066167115
obs_a1e4ca82ef0309af,K-Means,total_quantity_lag_2,0.7783833585521801
obs_a1e4ca82ef0309af,K-Means,distinct_customers_lag_6,0.02388152248590592
obs_a1e4ca82ef0309af,K-Means,new_customers,0.013522159739144307
obs_6503b2dd1b66b41d,K-Means,total_quantity_lag_3,0.8509200711518828
obs_6503b2dd1b66b41d,K-Means,total_sales_lag_6,0.020978946127695738
obs_6503b2dd1b66b41d,K-Means,distinct_customers_lag_6,0.013179901783988016
obs_91ba83492f3c9342,K-Means,new_customers,0.19625562079660933
obs_91ba83492f3c9342,K-Means,distinct_customers_lag_6,0.10622310250423724
obs_91ba83492f3c9342,K-Means,distributor_count,0.05884172663413336
obs_7200cb8bd36c4c13,K-Means,distinct_customers_lag_6,0.19326165089212852
obs_7200cb8bd36c4c13,K-Means,new_customers,0.09902736367105318
obs_7200cb8bd36c4c13,K-Means,distributor_count,0.05304025362163607
obs_d11687b67e281458,K-Means,simulated_payout_to_sales_ratio,0.1533480494542982
obs_d11687b67e281458,K-Means,distributor_concentration,0.13727369561642158
obs_d11687b67e281458,K-Means,distinct_customers_peer_percentile,0.08358834570274501
obs_eb566018c674d79a,K-Means,simulated_actual_payout_rolling_mean_3,0.15983317080460832
obs_eb566018c674d79a,K-Means,simulated_actual_payout_lag_1,0.08922798582485318
obs_eb566018c674d79a,K-Means,simulated_actual_payout_rolling_mean_6,0.05645306019766059
obs_e807748135c8dedd,K-Means,simulated_actual_payout_rolling_median,0.13464052450428388
obs_e807748135c8dedd,K-Means,total_quantity_rolling_median,0.06575977142565524
obs_e807748135c8dedd,K-Means,simulated_actual_payout_lag_2,0.06343139818988819
obs_98f1081ab65cc75e,K-Means,total_quantity_rolling_MAD,0.15808244984391218
obs_98f1081ab65cc75e,K-Means,simulated_actual_payout_rolling_MAD,0.08910926565620417
obs_98f1081ab65cc75e,K-Means,simulated_actual_payout_lag_3,0.07806620480827542
obs_74422b86aacae2d2,K-Means,total_quantity_lag_3,0.08812728786357384
obs_74422b86aacae2d2,K-Means,total_sales_lag_3,0.0717428839597168
obs_74422b86aacae2d2,K-Means,distinct_customers_peer_country_product_class_relative,0.049315203897597235
obs_cf7d2172be882e15,K-Means,simulated_actual_payout_rolling_mean_3,0.06657442648346011
obs_cf7d2172be882e15,K-Means,total_sales_peer_z,0.06097618469042772
obs_cf7d2172be882e15,K-Means,total_quantity_rolling_std,0.057653496449517457
obs_5e5c09b685f1bf17,K-Means,simulated_actual_payout_lag_6,0.32378835376602344
obs_5e5c09b685f1bf17,K-Means,simulated_actual_payout_rolling_mean_3,0.04314144473198944
obs_5e5c09b685f1bf17,K-Means,total_quantity_rolling_std,0.04055504637158236
obs_cab75bcadeb80081,K-Means,total_quantity_lag_6,0.20400025130172467
obs_cab75bcadeb80081,K-Means,total_sales_lag_6,0.1972380246936323
obs_cab75bcadeb80081,K-Means,simulated_actual_payout_lag_6,0.04475946062776643
obs_e2b6bfa92eb956c6,K-Means,simulated_actual_payout_lag_6,0.05501760288356312
obs_e2b6bfa92eb956c6,K-Means,total_sales_rolling_MAD,0.043855430194441394
obs_e2b6bfa92eb956c6,K-Means,city_concentration,0.03940088634294964
obs_aaa50611211a6ad3,K-Means,total_quantity_lag_6,0.11334511379901509
obs_aaa50611211a6ad3,K-Means,distinct_customers_lag_6,0.07990142093127353
obs_aaa50611211a6ad3,K-Means,total_quantity_lag_1,0.07494639941860422
obs_df737925c58762c3,K-Means,product_mix_change,0.22436006865877445
obs_df737925c58762c3,K-Means,distinct_customers_lag_6,0.08923406389258114
obs_df737925c58762c3,K-Means,distributor_mix_change,0.044286723648780474
obs_c0e042a749e1d752,K-Means,total_sales_lag_6,0.09455918954196338
obs_c0e042a749e1d752,K-Means,total_quantity_lag_6,0.07389716495327339
obs_c0e042a749e1d752,K-Means,product_breadth_change,0.04955486421542266
obs_4e3ae75c3fa87163,K-Means,product_breadth_change,0.05687388573909701
obs_4e3ae75c3fa87163,K-Means,simulated_actual_payout_lag_12,0.052626056539269
obs_4e3ae75c3fa87163,K-Means,product_mix_change,0.03940092765623548
obs_4b309b0dde35281b,K-Means,total_sales_lag_1,0.05950731292562943
obs_4b309b0dde35281b,K-Means,total_quantity_lag_1,0.058972414761439385
obs_4b309b0dde35281b,K-Means,distinct_customers_lag_2,0.04465175257599727
obs_71a8785cd0972f04,K-Means,total_quantity_lag_6,0.06705912199059566
obs_71a8785cd0972f04,K-Means,simulated_actual_payout_peer_median,0.05968079386608986
obs_71a8785cd0972f04,K-Means,distinct_customers_lag_6,0.05865784988708382
obs_1f1963680bbeeb26,K-Means,simulated_actual_payout_trend,0.0629539464778711
obs_1f1963680bbeeb26,K-Means,simulated_actual_payout_acceleration,0.040874038715350114
obs_1f1963680bbeeb26,K-Means,distinct_customers_peer_country_product_class_relative,0.03937049669354757
obs_738e85a119e6eb35,K-Means,simulated_actual_payout_trend,0.09145407025440581
obs_738e85a119e6eb35,K-Means,total_quantity_trend,0.07821542811035262
obs_738e85a119e6eb35,K-Means,total_sales_trend,0.0657142187615995
obs_440cf65a65a2e366,K-Means,total_sales_lag_6,0.07540121518833681
obs_440cf65a65a2e366,K-Means,total_quantity_lag_6,0.07081917567950678
obs_440cf65a65a2e366,K-Means,total_quantity_rolling_MAD,0.05265530631824265
obs_3e2813855b634f69,K-Means,total_sales_lag_6,0.1065794914459561
obs_3e2813855b634f69,K-Means,total_quantity_lag_6,0.08747371897671043
obs_3e2813855b634f69,K-Means,simulated_actual_payout_lag_6,0.04517845503493599
obs_f4ef65b329725b1d,K-Means,simulated_target_attainment_pct,0.06326930112256605
obs_f4ef65b329725b1d,K-Means,sales_per_transaction,0.06262458859166553
obs_f4ef65b329725b1d,K-Means,average_transaction_value,0.06262458859166553
obs_5fb5b0bced9c02ff,K-Means,total_sales_month_over_month_growth,0.09798919966450946
obs_5fb5b0bced9c02ff,K-Means,total_sales_lag_1,0.09517176827087737
obs_5fb5b0bced9c02ff,K-Means,distinct_customers_lag_6,0.08186368303677215
obs_8a4675ad028e63e6,K-Means,total_sales_lag_2,0.12057473473737379
obs_8a4675ad028e63e6,K-Means,distinct_customers_lag_6,0.11430176261430908
obs_8a4675ad028e63e6,K-Means,total_sales_lag_6,0.08737366757312352
obs_c391486438f5a080,K-Means,total_sales_lag_3,0.15693136513314015
obs_c391486438f5a080,K-Means,total_sales_trend,0.06355932615637667
obs_c391486438f5a080,K-Means,simulated_actual_payout_lag_3,0.046382876228546144
obs_28022f8d6683c03e,K-Means,total_sales_lag_6,0.06208032192087194
obs_28022f8d6683c03e,K-Means,channel_mix,0.05106408546038665
obs_28022f8d6683c03e,K-Means,distinct_customers_lag_6,0.05074963729585245
obs_7cf5dbfadbb0dd0d,K-Means,distinct_customers_lag_6,0.06429113520005818
obs_7cf5dbfadbb0dd0d,K-Means,product_concentration,0.05355636944704992
obs_7cf5dbfadbb0dd0d,K-Means,customer_concentration,0.050597701582023376
obs_a093dd93e57cf6d1,K-Means,total_sales_lag_6,0.19019356855527003
obs_a093dd93e57cf6d1,K-Means,new_customers,0.07985084665705212
obs_a093dd93e57cf6d1,K-Means,simulated_actual_payout_lag_6,0.05704654194746852
obs_0d6759992602f406,K-Means,total_quantity_lag_3,0.08444424367878901
obs_0d6759992602f406,K-Means,total_sales_lag_3,0.06553509926706587
obs_0d6759992602f406,K-Means,distributor_count,0.055364222667781
obs_0c4f481a7326995f,K-Means,distinct_customers_lag_6,0.1328827264343437
obs_0c4f481a7326995f,K-Means,new_customers,0.08592003330656345
obs_0c4f481a7326995f,K-Means,distinct_customers_rolling_MAD,0.05513046803608816
obs_45d0000ddc5b8b92,K-Means,median_price,0.3913228883146391
obs_45d0000ddc5b8b92,K-Means,average_price,0.11723050378249465
obs_45d0000ddc5b8b92,K-Means,total_sales_peer_median,0.04915833910269943
obs_d32febf883bab2bd,K-Means,simulated_actual_payout_rolling_mean_3,0.10180368622025505
obs_d32febf883bab2bd,K-Means,simulated_actual_payout_lag_1,0.07418804025142789
obs_d32febf883bab2bd,K-Means,total_sales,0.04487874215693299
obs_b46f9e80805342c1,K-Means,simulated_actual_payout_rolling_median,0.11540088575256315
obs_b46f9e80805342c1,K-Means,simulated_actual_payout_lag_2,0.07939592110992016
obs_b46f9e80805342c1,K-Means,distinct_customers_rolling_std,0.06277147430921495
obs_13dafee7e70e41b9,K-Means,median_price,0.09076662297778766
obs_13dafee7e70e41b9,K-Means,simulated_actual_payout_lag_3,0.07554330469338472
obs_13dafee7e70e41b9,K-Means,total_sales_lag_2,0.0526016211776423
obs_c7ace9c3db3422d3,K-Means,median_price,0.09797204433132614
obs_c7ace9c3db3422d3,K-Means,total_sales_lag_3,0.07085885026709761
obs_c7ace9c3db3422d3,K-Means,simulated_payout_to_sales_ratio,0.0515926176746787
obs_b45afd788e07ea13,K-Means,total_sales_lag_3,0.04931096904493897
obs_b45afd788e07ea13,K-Means,total_sales_rolling_mean_6,0.04556382758474002
obs_b45afd788e07ea13,K-Means,total_sales_rolling_median,0.041023923594829016
obs_53a3f4b5b6ef655d,K-Means,simulated_actual_payout_lag_6,0.2573938929182571
obs_53a3f4b5b6ef655d,K-Means,channel_mix,0.0700172994316122
obs_53a3f4b5b6ef655d,K-Means,subchannel_mix,0.06167502219399207
obs_9362df50c664d001,K-Means,total_sales_lag_6,0.29291459491772315
obs_9362df50c664d001,K-Means,total_quantity_lag_6,0.12115213695697274
obs_9362df50c664d001,K-Means,simulated_actual_payout_lag_6,0.08662726568172373
obs_1b1075c78359f83c,K-Means,median_price,0.11577112639427915
obs_1b1075c78359f83c,K-Means,total_sales_lag_6,0.06320024075261825
obs_1b1075c78359f83c,K-Means,total_quantity_lag_3,0.04902321589256149
obs_08ef5f4baba26ce7,K-Means,total_quantity_rolling_MAD,0.0997721741911415
obs_08ef5f4baba26ce7,K-Means,distinct_customers_lag_6,0.09097509635117534
obs_08ef5f4baba26ce7,K-Means,simulated_actual_payout_rolling_mean_3,0.06728188960668252
obs_ea1abb7d972a552d,K-Means,median_price,0.21278218377166455
obs_ea1abb7d972a552d,K-Means,channel_mix,0.08830461541532647
obs_ea1abb7d972a552d,K-Means,distinct_customers_rolling_MAD,0.04724701136485462
obs_433656d2edc018ad,K-Means,product_mix_change,0.07054612270638992
obs_433656d2edc018ad,K-Means,subchannel_mix,0.06476819611246311
obs_433656d2edc018ad,K-Means,median_price,0.04875234132471516
obs_8b314bfe391f9c8b,K-Means,median_price,0.1283467401843505
obs_8b314bfe391f9c8b,K-Means,subchannel_mix,0.08537237632074846
obs_8b314bfe391f9c8b,K-Means,customer_concentration,0.05415334049527281
obs_e4133424a7d0041d,K-Means,median_price,0.0915013703181484
obs_e4133424a7d0041d,K-Means,distinct_customers_rolling_MAD,0.06685003918401818
obs_e4133424a7d0041d,K-Means,distinct_customers_lag_2,0.04224040965229739
obs_de1bdbbc146298ff,K-Means,total_sales_lag_6,0.20673791185266227
obs_de1bdbbc146298ff,K-Means,distinct_customers_trend,0.08233299488016138
obs_de1bdbbc146298ff,K-Means,distinct_customers_lag_3,0.06347034221611299
obs_38c87787d6b8bdff,K-Means,total_quantity_lag_3,0.06418064598808844
obs_38c87787d6b8bdff,K-Means,total_sales_rolling_MAD,0.053055305347983625
obs_38c87787d6b8bdff,K-Means,total_sales_lag_3,0.05200358784305638
obs_0ffeba0f27397a0d,K-Means,median_price,0.13920010324943394
obs_0ffeba0f27397a0d,K-Means,total_sales_lag_6,0.07311921187497622
obs_0ffeba0f27397a0d,K-Means,simulated_actual_payout_lag_6,0.06603641617972662
obs_1ea520309ab1fd1d,K-Means,median_price,0.23816519131820957
obs_1ea520309ab1fd1d,K-Means,distinct_customers_lag_6,0.1311023026640131
obs_1ea520309ab1fd1d,K-Means,average_price,0.055990224130823996
obs_633d6005a490d842,K-Means,median_price,0.20755037345089172
obs_633d6005a490d842,K-Means,total_quantity_lag_6,0.1427238046565784
obs_633d6005a490d842,K-Means,total_sales_lag_6,0.13047221509911916
obs_d61298e8afbdef33,K-Means,simulated_actual_payout_lag_6,0.07815021379764643
obs_d61298e8afbdef33,K-Means,distinct_customers_lag_6,0.0622052494522133
obs_d61298e8afbdef33,K-Means,total_sales_rolling_MAD,0.0505696502708308
obs_ecef6fb95deac46c,K-Means,median_price,0.1114007707374956
obs_ecef6fb95deac46c,K-Means,distinct_customers_lag_6,0.06751584181237723
obs_ecef6fb95deac46c,K-Means,simulated_actual_payout_rolling_MAD,0.06581924770962726
obs_814948edc63189b0,K-Means,median_price,0.1597092935296557
obs_814948edc63189b0,K-Means,distinct_customers_lag_6,0.09528958212792009
obs_814948edc63189b0,K-Means,simulated_actual_payout_rolling_MAD,0.07440678695146756
obs_a7e55e2a1ec76bc7,K-Means,total_sales_rolling_std,0.09518590411455201
obs_a7e55e2a1ec76bc7,K-Means,total_sales_rolling_MAD,0.08284917918727985
obs_a7e55e2a1ec76bc7,K-Means,total_quantity_rolling_std,0.06426030350276198
obs_86266d57f1974de3,K-Means,distinct_customers_lag_6,0.09053748394390444
obs_86266d57f1974de3,K-Means,median_price,0.0836216266735644
obs_86266d57f1974de3,K-Means,simulated_actual_payout_rolling_MAD,0.04062663178908306
obs_6d466a58064bbf32,K-Means,distinct_customers_lag_6,0.07090773241078098
obs_6d466a58064bbf32,K-Means,total_quantity_peer_median,0.059499817236655074
obs_6d466a58064bbf32,K-Means,total_sales_peer_median,0.05218881083256912
obs_f1b3c08527ad249a,K-Means,distinct_customers_lag_6,0.05970982414239294
obs_f1b3c08527ad249a,K-Means,total_sales_lag_1,0.05274210444686292
obs_f1b3c08527ad249a,K-Means,new_customers,0.04940153383689843
obs_774860ee00f8f643,K-Means,total_sales_lag_2,0.07127830392600353
obs_774860ee00f8f643,K-Means,total_quantity_lag_2,0.061578286603608576
obs_774860ee00f8f643,K-Means,new_customers,0.06144081583341069
obs_7ce0a356cf1fdf0d,K-Means,distinct_customers_lag_6,0.08969240227338497
obs_7ce0a356cf1fdf0d,K-Means,total_sales_lag_3,0.07176179690384994
obs_7ce0a356cf1fdf0d,K-Means,total_quantity_lag_3,0.05755644114491378
obs_a693b1e4720f37b7,K-Means,subchannel_mix,0.11299199783752055
obs_a693b1e4720f37b7,K-Means,latitude_dispersion,0.10911970085366998
obs_a693b1e4720f37b7,K-Means,median_price,0.10564998910546644
obs_73e9acd8c52fc5c4,K-Means,simulated_actual_payout_rolling_mean_3,0.1509501527975264
obs_73e9acd8c52fc5c4,K-Means,simulated_actual_payout_lag_1,0.1115995802981532
obs_73e9acd8c52fc5c4,K-Means,median_price,0.07367138466441159
obs_6a2f4fe0164aff97,K-Means,simulated_actual_payout_rolling_median,0.15128914648053104
obs_6a2f4fe0164aff97,K-Means,simulated_actual_payout_lag_2,0.08598411917445838
obs_6a2f4fe0164aff97,K-Means,total_sales_rolling_std,0.058369743679771324
obs_99dcb3232f8bd51a,K-Means,simulated_actual_payout_lag_3,0.09339807697833961
obs_99dcb3232f8bd51a,K-Means,simulated_actual_payout_rolling_MAD,0.05318666954253283
obs_99dcb3232f8bd51a,K-Means,median_price,0.04840568811113671
obs_ea0a55627efbc7de,K-Means,average_price,0.07495317925712466
obs_ea0a55627efbc7de,K-Means,total_sales_lag_2,0.07152135298847688
obs_ea0a55627efbc7de,K-Means,median_price,0.06121396659553313
obs_ef3430d4df211b40,K-Means,median_price,0.07479005360999266
obs_ef3430d4df211b40,K-Means,total_sales_peer_z,0.07106473249874985
obs_ef3430d4df211b40,K-Means,average_price,0.05748235511542728
obs_05b0f6df06f16e76,K-Means,simulated_actual_payout_lag_6,0.22955520350251846
obs_05b0f6df06f16e76,K-Means,subchannel_mix,0.06457721319492378
obs_05b0f6df06f16e76,K-Means,median_price,0.06441080206136461
obs_a162fa5c4cdedf4c,K-Means,total_quantity_lag_2,0.08178592202856025
obs_a162fa5c4cdedf4c,K-Means,average_price,0.0712356501738851
obs_a162fa5c4cdedf4c,K-Means,simulated_actual_payout_rolling_mean_3,0.057696509639945034
obs_3361a16617e0093b,K-Means,total_quantity_lag_3,0.06700349323147615
obs_3361a16617e0093b,K-Means,subchannel_mix,0.0625639051988602
obs_3361a16617e0093b,K-Means,total_sales_lag_6,0.05823808696025934
obs_d98fbee3187ea3db,K-Means,product_mix_change,0.057558878172932856
obs_d98fbee3187ea3db,K-Means,customer_loss_rate,0.056465497890427645
obs_d98fbee3187ea3db,K-Means,total_quantity_peer_country_product_class_relative,0.05052678937148117
obs_7e547f00a67a0898,K-Means,total_quantity_trend,0.08759106557970503
obs_7e547f00a67a0898,K-Means,total_quantity_lag_1,0.06727100126759819
obs_7e547f00a67a0898,K-Means,total_quantity_rolling_std,0.035470406878995775
obs_529ee7ef8986470d,K-Means,total_quantity_lag_6,0.10844197101901773
obs_529ee7ef8986470d,K-Means,total_quantity_lag_2,0.05911224778276564
obs_529ee7ef8986470d,K-Means,new_customers,0.04266405149302753
obs_265363b36e36ab69,K-Means,total_quantity_lag_3,0.05310305285337633
obs_265363b36e36ab69,K-Means,customer_growth,0.051137587103207996
obs_265363b36e36ab69,K-Means,distinct_customers_month_over_month_growth,0.051137587103207996
obs_ff8bebacc8bd4bf7,K-Means,country_mix,0.05291486690435165
obs_ff8bebacc8bd4bf7,K-Means,distinct_customers_history_deviation,0.035843919704459874
obs_ff8bebacc8bd4bf7,K-Means,simulated_actual_payout_rolling_mean_3,0.03253208095718113
obs_7dfc439258a33da7,K-Means,distinct_customers_trend,0.18579646198033364
obs_7dfc439258a33da7,K-Means,distinct_customers_lag_6,0.14236417829389375
obs_7dfc439258a33da7,K-Means,distinct_customers_lag_3,0.0901090816316036
obs_779a4547c5588516,K-Means,total_quantity_lag_6,0.12952304618211777
obs_779a4547c5588516,K-Means,product_mix_change,0.05771302447377291
obs_779a4547c5588516,K-Means,total_sales_lag_6,0.05323229421840538
obs_6e932623d2a294a4,K-Means,total_quantity_lag_1,0.07743745610116287
obs_6e932623d2a294a4,K-Means,distinct_customers_rolling_MAD,0.06420787904910186
obs_6e932623d2a294a4,K-Means,total_sales_lag_1,0.046965317669671686
obs_20ccb4d24d7c2ad4,K-Means,distinct_customers_lag_6,0.08453227383367364
obs_20ccb4d24d7c2ad4,K-Means,simulated_actual_payout_year_over_year_growth,0.04098638868267688
obs_20ccb4d24d7c2ad4,K-Means,simulated_actual_payout_lag_6,0.03688113895612531
obs_8b66e74c01c18008,K-Means,simulated_actual_payout_trend,0.09326455766745079
obs_8b66e74c01c18008,K-Means,total_sales_trend,0.09073434859085253
obs_8b66e74c01c18008,K-Means,total_quantity_trend,0.08675531632103697
obs_7777ca5d48381645,K-Means,distinct_customers_lag_6,0.14040566985925282
obs_7777ca5d48381645,K-Means,simulated_actual_payout_peer_z,0.0397831663466436
obs_7777ca5d48381645,K-Means,simulated_actual_payout_peer_country_product_class_relative,0.03606939632659223
obs_dfc83b5b25c1c2b5,K-Means,distinct_customers_lag_6,0.21836724490571358
obs_dfc83b5b25c1c2b5,K-Means,distinct_customers_peer_country_product_class_relative,0.057522359523382215
obs_dfc83b5b25c1c2b5,K-Means,total_sales_lag_3,0.05431039926593834
obs_961e175161b790a9,K-Means,total_quantity_lag_6,0.18099636015609177
obs_961e175161b790a9,K-Means,total_sales_lag_6,0.12314148353808904
obs_961e175161b790a9,K-Means,simulated_actual_payout_lag_6,0.08128287824789039
obs_6c771815a75e414e,K-Means,total_quantity_lag_6,0.09845171107964837
obs_6c771815a75e414e,K-Means,distinct_customers_lag_6,0.07989073740076656
obs_6c771815a75e414e,K-Means,simulated_actual_payout_lag_6,0.0549152244940698
obs_88135179e9776079,K-Means,total_sales_lag_6,0.1354629885884283
obs_88135179e9776079,K-Means,total_quantity_lag_6,0.07015642415402713
obs_88135179e9776079,K-Means,total_quantity_peer_median,0.0687462289863554
obs_ac773a96bb138aa8,K-Means,distinct_customers_lag_6,0.12187028071115386
obs_ac773a96bb138aa8,K-Means,new_customers,0.10925815377472567
obs_ac773a96bb138aa8,K-Means,total_quantity_peer_median,0.04730172052251328
obs_d5ca598502762b8a,K-Means,distinct_customers_lag_6,0.10969057930297459
obs_d5ca598502762b8a,K-Means,median_price,0.03684740311850757
obs_d5ca598502762b8a,K-Means,distinct_customers_trend,0.03383866671234101
obs_1a58e4d3c759c7d0,K-Means,distinct_customers_lag_6,0.11742089912937492
obs_1a58e4d3c759c7d0,K-Means,subchannel_mix,0.07075238637009293
obs_1a58e4d3c759c7d0,K-Means,total_quantity_acceleration,0.04570553417589409
obs_9393cf3bd272aba4,K-Means,distinct_customers_lag_6,0.08717457092208497
obs_9393cf3bd272aba4,K-Means,new_customers,0.08039198882796138
obs_9393cf3bd272aba4,K-Means,total_sales_trend,0.049925170111336396
obs_f7a43f9660ca17e3,K-Means,simulated_payout_to_sales_ratio,0.15879048699738355
obs_f7a43f9660ca17e3,K-Means,distinct_customers_team_relative,0.06921376638836779
obs_f7a43f9660ca17e3,K-Means,total_quantity_peer_median,0.039351986902518704
obs_d2f819093ae640b0,K-Means,simulated_actual_payout_rolling_mean_3,0.26745804473689627
obs_d2f819093ae640b0,K-Means,simulated_actual_payout_lag_1,0.17479526994585035
obs_d2f819093ae640b0,K-Means,simulated_actual_payout_rolling_mean_6,0.09836917739376962
obs_6073c97338d52c0e,K-Means,simulated_actual_payout_rolling_median,0.21533762062347842
obs_6073c97338d52c0e,K-Means,simulated_actual_payout_lag_2,0.11594880580456005
obs_6073c97338d52c0e,K-Means,distinct_customers_rolling_std,0.0900339031412563
obs_69396bae196c921a,K-Means,simulated_actual_payout_lag_3,0.18759290680800517
obs_69396bae196c921a,K-Means,simulated_actual_payout_rolling_mean_3,0.08588008466921987
obs_69396bae196c921a,K-Means,distinct_customers_rolling_MAD,0.06949239783877631
obs_3635e8c427192ea7,K-Means,simulated_actual_payout_rolling_std,0.07471050084889568
obs_3635e8c427192ea7,K-Means,product_breadth_change,0.06732160967805752
obs_3635e8c427192ea7,K-Means,total_quantity_peer_z,0.05451779937513425
obs_8dc7fed7a389fd89,K-Means,simulated_actual_payout_rolling_std,0.08998757028277672
obs_8dc7fed7a389fd89,K-Means,total_sales_rolling_std,0.05416963471088858
obs_8dc7fed7a389fd89,K-Means,total_sales_rolling_MAD,0.04453362433113353
obs_7168f625808ebdbb,K-Means,simulated_actual_payout_lag_6,0.3689755286629443
obs_7168f625808ebdbb,K-Means,distinct_customers_peer_country_product_class_relative,0.03282488713072877
obs_7168f625808ebdbb,K-Means,distinct_customers_product_class_relative,0.03262517654270419
obs_7fd81698e140b320,K-Means,latitude_dispersion,0.06022865523871219
obs_7fd81698e140b320,K-Means,simulated_actual_payout_history_deviation,0.04910959972400737
obs_7fd81698e140b320,K-Means,simulated_actual_payout_trend,0.04323906510496472
obs_07faa0093b1b83a4,K-Means,distinct_customers_lag_6,0.08045259825728882
obs_07faa0093b1b83a4,K-Means,total_quantity_lag_3,0.06960713550154085
obs_07faa0093b1b83a4,K-Means,product_breadth_change,0.05442665917667944
obs_3a669adbb7df7796,K-Means,total_quantity_lag_6,0.04718483383759514
obs_3a669adbb7df7796,K-Means,customer_concentration,0.030464347482065668
obs_3a669adbb7df7796,K-Means,city_concentration,0.030463792928346674
obs_ece23a8d928453f3,K-Means,total_quantity_lag_6,0.06283648770396018
obs_ece23a8d928453f3,K-Means,total_sales_peer_median,0.06130520479615415
obs_ece23a8d928453f3,K-Means,total_quantity_peer_median,0.056350621886823236
obs_c620dd787f8d23cf,K-Means,new_customers,0.05420363062942852
obs_c620dd787f8d23cf,K-Means,product_breadth_change,0.052691157125958385
obs_c620dd787f8d23cf,K-Means,total_quantity_lag_6,0.04661963176021089
obs_d2644044d6da3e96,K-Means,product_breadth_change,0.0823407228749017
obs_d2644044d6da3e96,K-Means,customer_growth,0.07533087767538198
obs_d2644044d6da3e96,K-Means,distinct_customers_month_over_month_growth,0.07533087767538198
obs_63f6d3343a634da0,K-Means,simulated_actual_payout_rolling_MAD,0.19404990787169568
obs_63f6d3343a634da0,K-Means,distinct_customers_lag_6,0.05486868514923998
obs_63f6d3343a634da0,K-Means,customer_loss_rate,0.034422129626316196
obs_e5e80f98d5036969,K-Means,distinct_customers_trend,0.11523484187891217
obs_e5e80f98d5036969,K-Means,simulated_actual_payout_rolling_MAD,0.0775327387863442
obs_e5e80f98d5036969,K-Means,simulated_actual_payout_history_deviation,0.03507271119778771
obs_68e2ec0229a13cda,K-Means,simulated_actual_payout_rolling_MAD,0.10224818309889686
obs_68e2ec0229a13cda,K-Means,distinct_customers_rolling_MAD,0.07786435861742017
obs_68e2ec0229a13cda,K-Means,distinct_customers_lag_2,0.04553482222006384
obs_d819a4a94915350c,K-Means,distinct_customers_lag_6,0.06183654479247145
obs_d819a4a94915350c,K-Means,distinct_customers_lag_3,0.04062632398241492
obs_d819a4a94915350c,K-Means,simulated_actual_payout_peer_z,0.03654473687365652
obs_00311e0c09a25f8c,K-Means,distinct_customers_rolling_median,0.05972234799845526
obs_00311e0c09a25f8c,K-Means,simulated_actual_payout_trend,0.04854528218984847
obs_00311e0c09a25f8c,K-Means,distinct_customers_lag_3,0.0464615309928507
obs_3f6d6e7383bf34c5,K-Means,distinct_customers_lag_6,0.21108140313561916
obs_3f6d6e7383bf34c5,K-Means,distinct_customers_rolling_mean_6,0.06094897014719168
obs_3f6d6e7383bf34c5,K-Means,distinct_customers_rolling_median,0.05975856918420284
obs_0b259d033a6e191e,K-Means,distinct_customers_lag_6,0.31479915499649475
obs_0b259d033a6e191e,K-Means,distinct_customers_rolling_median,0.045412444416873254
obs_0b259d033a6e191e,K-Means,distinct_customers_rolling_mean_6,0.04377023846354032
obs_766fe3a476b2f940,K-Means,distinct_customers_lag_6,0.2684709453176113
obs_766fe3a476b2f940,K-Means,total_sales_lag_2,0.04803473120146978
obs_766fe3a476b2f940,K-Means,distinct_customers_rolling_median,0.04451995603382324
obs_92762d44fa55a27c,K-Means,distinct_customers_lag_6,0.21114640091867
obs_92762d44fa55a27c,K-Means,total_sales_lag_3,0.05851746968748339
obs_92762d44fa55a27c,K-Means,total_quantity_lag_3,0.041269260496888525
obs_83dc9887f0271c97,K-Means,distinct_customers_lag_6,0.2491775359977447
obs_83dc9887f0271c97,K-Means,new_customers,0.0751066921267704
obs_83dc9887f0271c97,K-Means,total_quantity_lag_6,0.05393033007501604
obs_3696fd0ba387683b,K-Means,distinct_customers_lag_6,0.26461192605159245
obs_3696fd0ba387683b,K-Means,new_customers,0.11998604834463299
obs_3696fd0ba387683b,K-Means,distinct_customers_lag_2,0.04751180019815213
obs_bdef240254c3c291,K-Means,distinct_customers_lag_6,0.18752104566588682
obs_bdef240254c3c291,K-Means,total_sales_lag_6,0.13870444135837676
obs_bdef240254c3c291,K-Means,new_customers,0.08833740198932484
obs_fce724102d01ef18,K-Means,new_customers,0.13339341552704023
obs_fce724102d01ef18,K-Means,distinct_customers_lag_6,0.10040327013811799
obs_fce724102d01ef18,K-Means,distributor_count,0.05561786123131282
obs_d66050ec3113da29,K-Means,distinct_customers_lag_6,0.15374496083412456
obs_d66050ec3113da29,K-Means,new_customers,0.11095867225591234
obs_d66050ec3113da29,K-Means,distributor_count,0.09659253910761491
obs_d24a62812072f37a,K-Means,distinct_customers_lag_6,0.29451702285328607
obs_d24a62812072f37a,K-Means,new_customers,0.12506405732198628
obs_d24a62812072f37a,K-Means,distributor_count,0.059640753105195364
obs_e90cc232be59aba2,K-Means,total_quantity_peer_median,0.07519300599296812
obs_e90cc232be59aba2,K-Means,latitude_dispersion,0.07071993487640879
obs_e90cc232be59aba2,K-Means,distinct_customers_peer_country_product_class_relative,0.0660012595812564
obs_588145622e0b71f2,K-Means,simulated_actual_payout_rolling_mean_3,0.09038109227592837
obs_588145622e0b71f2,K-Means,simulated_actual_payout_lag_1,0.07323409574030024
obs_588145622e0b71f2,K-Means,total_sales_rolling_mean_6,0.03871601285904891
obs_c28019ea673bd80c,K-Means,simulated_actual_payout_rolling_median,0.17442476334925078
obs_c28019ea673bd80c,K-Means,simulated_actual_payout_lag_2,0.08916178461659831
obs_c28019ea673bd80c,K-Means,simulated_actual_payout_rolling_mean_3,0.045780189967943925
obs_1398abdce4708efe,K-Means,simulated_actual_payout_lag_3,0.10793703092854193
obs_1398abdce4708efe,K-Means,simulated_actual_payout_rolling_MAD,0.08283211265927147
obs_1398abdce4708efe,K-Means,distinct_customers_trend,0.045847758162984274
obs_1dd29706deab1968,K-Means,simulated_actual_payout_rolling_MAD,0.06810133865618839
obs_1dd29706deab1968,K-Means,total_sales_peer_percentile,0.05165162318473517
obs_1dd29706deab1968,K-Means,median_price,0.03369867392002632
obs_e08f153bead0da34,K-Means,product_breadth_change,0.09983611584741178
obs_e08f153bead0da34,K-Means,simulated_actual_payout_rolling_mean_3,0.06385519911033252
obs_e08f153bead0da34,K-Means,distinct_products,0.0430964988483093
obs_5f57983318fffd6e,K-Means,simulated_actual_payout_lag_6,0.2402407096128771
obs_5f57983318fffd6e,K-Means,total_sales_lag_6,0.04554852773921114
obs_5f57983318fffd6e,K-Means,simulated_actual_payout_rolling_mean_3,0.03982355017447105
obs_330e1cc1cc2e3c2e,K-Means,median_price,0.05259065233028165
obs_330e1cc1cc2e3c2e,K-Means,simulated_actual_payout_lag_6,0.04383776147773052
obs_330e1cc1cc2e3c2e,K-Means,total_sales_history_deviation,0.04360429953092826
obs_266e5b7884c84062,K-Means,distinct_customers_lag_6,0.07740520114927554
obs_266e5b7884c84062,K-Means,total_quantity_peer_median,0.04710221238468143
obs_266e5b7884c84062,K-Means,total_sales_peer_median,0.041679432344510464
obs_b93166c4530f273d,K-Means,total_sales_acceleration,0.0643731608046336
obs_b93166c4530f273d,K-Means,median_price,0.06296968227744744
obs_b93166c4530f273d,K-Means,total_sales_lag_2,0.0603168537855508
obs_c50e16976d711d4c,K-Means,subchannel_mix,0.11194909373898092
obs_c50e16976d711d4c,K-Means,customer_concentration,0.08676142791236839
obs_c50e16976d711d4c,K-Means,city_concentration,0.0867613402894406
obs_dc8750e2367c6e19,K-Means,total_sales_lag_1,0.05000240506873983
obs_dc8750e2367c6e19,K-Means,distinct_customers_history_deviation,0.04094527594779581
obs_dc8750e2367c6e19,K-Means,simulated_actual_payout_acceleration,0.03561975138547456
obs_81f83a6282e48455,K-Means,total_sales_lag_2,0.05289564982457602
obs_81f83a6282e48455,K-Means,product_breadth_change,0.05020765796889317
obs_81f83a6282e48455,K-Means,total_quantity_lag_2,0.03661789403565529
obs_6be1d05f2c0fd4a0,K-Means,total_sales_lag_6,0.07534240329902657
obs_6be1d05f2c0fd4a0,K-Means,total_sales_lag_3,0.060566521505248085
obs_6be1d05f2c0fd4a0,K-Means,total_quantity_lag_6,0.05551131343815083
obs_baa6dcd2ae6ba2fc,K-Means,total_sales_lag_6,0.07911545382247882
obs_baa6dcd2ae6ba2fc,K-Means,simulated_actual_payout_trend,0.06515585422547097
obs_baa6dcd2ae6ba2fc,K-Means,distinct_customers_trend,0.06273607568586391
obs_27c558fb9c2f290c,K-Means,total_quantity_lag_3,0.0615331300026302
obs_27c558fb9c2f290c,K-Means,total_sales_lag_3,0.04469045068064083
obs_27c558fb9c2f290c,K-Means,simulated_actual_payout_trend,0.037097041828232466
obs_59227d080bd5a67c,K-Means,total_sales_lag_6,0.27859801013737223
obs_59227d080bd5a67c,K-Means,total_quantity_lag_6,0.1646576965774519
obs_59227d080bd5a67c,K-Means,simulated_actual_payout_lag_6,0.08474865443186709
obs_3dafc4b5eb647e2d,K-Means,simulated_actual_payout_lag_6,0.09719053944320566
obs_3dafc4b5eb647e2d,K-Means,total_sales_lag_6,0.085866859871722
obs_3dafc4b5eb647e2d,K-Means,product_mix_change,0.04923191283327965
obs_d91968c24a57f672,K-Means,total_quantity_lag_6,0.15458025185370466
obs_d91968c24a57f672,K-Means,total_sales_lag_6,0.12478767221108125
obs_d91968c24a57f672,K-Means,distinct_customers_lag_6,0.06235690591032848
obs_eeb54bf126948756,K-Means,distinct_customers_lag_6,0.2033766248973533
obs_eeb54bf126948756,K-Means,distinct_customers_rolling_mean_6,0.05443334512941097
obs_eeb54bf126948756,K-Means,distinct_customers_rolling_median,0.048090867085738676
obs_5869cc04a6d3c608,K-Means,distinct_customers_lag_6,0.20961092577678095
obs_5869cc04a6d3c608,K-Means,new_customers,0.07161393843324451
obs_5869cc04a6d3c608,K-Means,distinct_customers_rolling_mean_6,0.03421004427290242
obs_dda7a903327b9dd2,K-Means,distinct_customers_lag_6,0.1316597362101715
obs_dda7a903327b9dd2,K-Means,total_sales_peer_z,0.05137736975680554
obs_dda7a903327b9dd2,K-Means,simulated_actual_payout_month_over_month_growth,0.03366715354544455
obs_475498238e5d1e8d,K-Means,distinct_customers_lag_6,0.11434891692885987
obs_475498238e5d1e8d,K-Means,total_sales_lag_12,0.04048968837807686
obs_475498238e5d1e8d,K-Means,distributor_mix_change,0.03983893551666351
obs_4b77c7a3ecd392cf,K-Means,new_customers,0.1301259633193388
obs_4b77c7a3ecd392cf,K-Means,distinct_customers_lag_6,0.09794390671768936
obs_4b77c7a3ecd392cf,K-Means,simulated_actual_payout_peer_z,0.0517503053514959
obs_439ed5ddc4725821,K-Means,distinct_customers_lag_6,0.20881719663543313
obs_439ed5ddc4725821,K-Means,distributor_count,0.0824270825719401
obs_439ed5ddc4725821,K-Means,new_customers,0.059787371439579746
obs_517f0b361f499a26,K-Means,distinct_customers_lag_6,0.1892243160315657
obs_517f0b361f499a26,K-Means,new_customers,0.1094151139031162
obs_517f0b361f499a26,K-Means,total_sales_lag_6,0.07185991437361658
obs_b3f7eae2e1c434f2,K-Means,distinct_customers_lag_6,0.12612608582182375
obs_b3f7eae2e1c434f2,K-Means,new_customers,0.10022180603913938
obs_b3f7eae2e1c434f2,K-Means,total_quantity_acceleration,0.048652241102327395
obs_cf6d4a789a91eb96,K-Means,distinct_customers_lag_6,0.16972026689906802
obs_cf6d4a789a91eb96,K-Means,new_customers,0.07669127861019025
obs_cf6d4a789a91eb96,K-Means,total_sales_lag_6,0.04879408867698403
obs_6251c1a84b617f8e,K-Means,distinct_customers_peer_country_product_class_relative,0.1729857820991414
obs_6251c1a84b617f8e,K-Means,distinct_customers_product_class_relative,0.17143438070951716
obs_6251c1a84b617f8e,K-Means,simulated_payout_to_sales_ratio,0.0682226984095487
obs_a2e9ab498e13ed91,K-Means,simulated_actual_payout_rolling_mean_3,0.20902563791061746
obs_a2e9ab498e13ed91,K-Means,simulated_actual_payout_lag_1,0.14416521746163932
obs_a2e9ab498e13ed91,K-Means,simulated_actual_payout_rolling_mean_6,0.0735920721719284
obs_0a16da559a66f0b7,K-Means,total_sales_rolling_std,0.19339413872520217
obs_0a16da559a66f0b7,K-Means,simulated_actual_payout_rolling_median,0.14600840310037458
obs_0a16da559a66f0b7,K-Means,simulated_actual_payout_lag_2,0.085071897979996
obs_903c9372d91c3625,K-Means,total_sales_rolling_MAD,0.11983850065767473
obs_903c9372d91c3625,K-Means,simulated_actual_payout_lag_3,0.11957882937056573
obs_903c9372d91c3625,K-Means,total_quantity_rolling_std,0.06783995455163869
obs_c3860532d86d8a86,K-Means,simulated_actual_payout_rolling_mean_3,0.07040661972665631
obs_c3860532d86d8a86,K-Means,distinct_customers_peer_country_product_class_relative,0.049105500324555545
obs_c3860532d86d8a86,K-Means,distinct_customers_product_class_relative,0.048737980657880285
obs_a0852ea50e37e563,K-Means,city_concentration,0.04430344943610281
obs_a0852ea50e37e563,K-Means,customer_concentration,0.04430337265024986
obs_a0852ea50e37e563,K-Means,product_breadth_change,0.040413991592515096
obs_c3c1670909474058,K-Means,simulated_actual_payout_lag_6,0.27317028397725407
obs_c3c1670909474058,K-Means,simulated_actual_payout_trend,0.06399499407098821
obs_c3c1670909474058,K-Means,total_sales_trend,0.047954527146742414
obs_4be340a44ff817bb,K-Means,simulated_actual_payout_peer_country_product_class_relative,0.04634642609240056
obs_4be340a44ff817bb,K-Means,simulated_actual_payout_product_class_relative,0.045966072085662814
obs_4be340a44ff817bb,K-Means,distinct_customers_lag_6,0.0419855706033039
obs_2f96440e690c74fd,K-Means,distinct_customers_lag_3,0.05489166927877142
obs_2f96440e690c74fd,K-Means,total_sales_lag_3,0.05082707981440933
obs_2f96440e690c74fd,K-Means,simulated_actual_payout_lag_6,0.04986668950766895
obs_59b1255bd35fc547,K-Means,total_sales_lag_6,0.11665333683640434
obs_59b1255bd35fc547,K-Means,total_quantity_lag_6,0.09281840234084343
obs_59b1255bd35fc547,K-Means,simulated_actual_payout_lag_6,0.07019089117404959
obs_af6ca94b8e10f3c9,K-Means,total_quantity_lag_6,0.07492130729004551
obs_af6ca94b8e10f3c9,K-Means,median_price,0.07211069761432629
obs_af6ca94b8e10f3c9,K-Means,total_sales_lag_6,0.042377145024888783
obs_a75d1c019358e93b,K-Means,distinct_customers_lag_6,0.0868476262426151
obs_a75d1c019358e93b,K-Means,simulated_actual_payout_lag_6,0.07018815812432024
obs_a75d1c019358e93b,K-Means,distinct_customers_history_deviation,0.04502716617839889
obs_d31a1c551b05c6ba,K-Means,customer_growth,0.1057471833268501
obs_d31a1c551b05c6ba,K-Means,distinct_customers_month_over_month_growth,0.1057471833268501
obs_d31a1c551b05c6ba,K-Means,distinct_customers_acceleration,0.061386948494814096
obs_a5825b9906cc66d5,K-Means,distinct_customers_acceleration,0.1134570100324039
obs_a5825b9906cc66d5,K-Means,distinct_customers_lag_2,0.06050542369739486
obs_a5825b9906cc66d5,K-Means,country_mix,0.060451091794678384
obs_77885cf8dbc70089,K-Means,distinct_customers_trend,0.10674477052153276
obs_77885cf8dbc70089,K-Means,distinct_customers_peer_country_product_class_relative,0.040213918226695816
obs_77885cf8dbc70089,K-Means,distinct_customers_product_class_relative,0.039656113290506535
obs_19cbd92d5e85e00b,K-Means,total_sales_lag_6,0.07174599402572122
obs_19cbd92d5e85e00b,K-Means,total_quantity_lag_6,0.06353429159366389
obs_19cbd92d5e85e00b,K-Means,distinct_customers_rolling_MAD,0.06276505974674083
obs_a505a7efe7559ca7,K-Means,total_sales_rolling_MAD,0.07506296834558063
obs_a505a7efe7559ca7,K-Means,simulated_actual_payout_rolling_MAD,0.06428772621507109
obs_a505a7efe7559ca7,K-Means,total_sales_rolling_std,0.05936016976996892
obs_7c842a62bfdcc660,K-Means,distinct_customers_lag_3,0.05777665070048878
obs_7c842a62bfdcc660,K-Means,customer_concentration,0.03865660679109453
obs_7c842a62bfdcc660,K-Means,city_concentration,0.038656546633317516
obs_ef3b252342c829c8,K-Means,distinct_customers_lag_6,0.1678169539405827
obs_ef3b252342c829c8,K-Means,total_sales_lag_1,0.07235558074582138
obs_ef3b252342c829c8,K-Means,total_sales_trend,0.07176328530022966
obs_8fd59f66e79f833b,K-Means,distinct_customers_lag_6,0.16394896413489843
obs_8fd59f66e79f833b,K-Means,total_sales_lag_2,0.10221201176340719
obs_8fd59f66e79f833b,K-Means,total_quantity_lag_2,0.09062554249276557
obs_6b82c69c3e6de82a,K-Means,distinct_customers_lag_6,0.2993902744740909
obs_6b82c69c3e6de82a,K-Means,total_sales_lag_3,0.08625540019881096
obs_6b82c69c3e6de82a,K-Means,total_quantity_lag_3,0.07438345927750893
obs_22fca9b762c9104f,K-Means,total_sales_rolling_std,0.056763092719650445
obs_22fca9b762c9104f,K-Means,distinct_customers_lag_6,0.052767954626331486
obs_22fca9b762c9104f,K-Means,total_quantity_rolling_std,0.04671707175914067
obs_8889a36d1477e3b6,K-Means,distinct_customers_lag_6,0.16592241862558946
obs_8889a36d1477e3b6,K-Means,new_customers,0.05830807075806922
obs_8889a36d1477e3b6,K-Means,total_sales_rolling_std,0.046909654216393974
obs_6f7d485c264e0882,K-Means,total_sales_lag_6,0.1882463929056758
obs_6f7d485c264e0882,K-Means,total_quantity_lag_6,0.14245609733146233
obs_6f7d485c264e0882,K-Means,distinct_customers_lag_6,0.11037781755980329
obs_1fe6e1661f3a50b1,K-Means,new_customers,0.0903332958668075
obs_1fe6e1661f3a50b1,K-Means,distinct_customers_lag_6,0.07898866315868913
obs_1fe6e1661f3a50b1,K-Means,total_quantity_peer_median,0.05623446271899972
obs_dc9158abb896ea55,K-Means,distinct_customers_lag_6,0.11224530734421298
obs_dc9158abb896ea55,K-Means,new_customers,0.08748500934719756
obs_dc9158abb896ea55,K-Means,distributor_count,0.0761580777319455
obs_649d97eead1025ee,K-Means,distinct_customers_lag_6,0.08495400360763405
obs_649d97eead1025ee,K-Means,product_breadth_change,0.06794598981541125
obs_649d97eead1025ee,K-Means,total_quantity_lag_2,0.05744108119740673
obs_6dc3d0265d5c6e00,K-Means,distinct_customers_lag_6,0.24173353305470954
obs_6dc3d0265d5c6e00,K-Means,new_customers,0.07093365034533855
obs_6dc3d0265d5c6e00,K-Means,distinct_customers_rolling_MAD,0.046242681680934566
obs_5a3021ba8bfa112d,K-Means,simulated_payout_to_sales_ratio,0.18655713633113577
obs_5a3021ba8bfa112d,K-Means,total_sales_peer_z,0.05462066632165067
obs_5a3021ba8bfa112d,K-Means,simulated_actual_payout_peer_z,0.053274953830024
obs_77d87a742b738a24,K-Means,simulated_actual_payout_rolling_mean_3,0.2328875701759175
obs_77d87a742b738a24,K-Means,simulated_actual_payout_lag_1,0.1558776261909181
obs_77d87a742b738a24,K-Means,simulated_actual_payout_rolling_mean_6,0.08403431204704852
obs_194d717e9eb573dd,K-Means,simulated_actual_payout_rolling_median,0.2463648038868346
obs_194d717e9eb573dd,K-Means,simulated_actual_payout_lag_2,0.14102581766538697
obs_194d717e9eb573dd,K-Means,distinct_customers_rolling_std,0.12383873774479502
obs_34ad6bb7659614b6,K-Means,simulated_actual_payout_lag_3,0.19157797643868088
obs_34ad6bb7659614b6,K-Means,distinct_customers_rolling_MAD,0.06470493460839918
obs_34ad6bb7659614b6,K-Means,distinct_customers_rolling_std,0.058956718290990556
obs_83b812cb4bf863ee,K-Means,distinct_customers_rolling_std,0.056417752092318724
obs_83b812cb4bf863ee,K-Means,customer_concentration,0.039261868858267976
obs_83b812cb4bf863ee,K-Means,city_concentration,0.03926095309486797
obs_80e7e3ff190fc716,K-Means,distributor_concentration,0.16218841203444676
obs_80e7e3ff190fc716,K-Means,distinct_customers_rolling_std,0.06061099037051712
obs_80e7e3ff190fc716,K-Means,total_quantity_rolling_MAD,0.04478033874343899
obs_d633a2cf7c82d92d,K-Means,simulated_actual_payout_lag_6,0.49957085055820694
obs_d633a2cf7c82d92d,K-Means,distinct_customers_rolling_std,0.055665069828248634
obs_d633a2cf7c82d92d,K-Means,latitude_dispersion,0.03951200796478539
obs_8d301510829d7347,K-Means,simulated_actual_payout_lag_6,0.05167863127319152
obs_8d301510829d7347,K-Means,simulated_actual_payout_rolling_std,0.040199844810339974
obs_8d301510829d7347,K-Means,total_sales_lag_6,0.032632191655141474
obs_1d48e6ef47bbb986,K-Means,distinct_customers_rolling_MAD,0.12264825441837317
obs_1d48e6ef47bbb986,K-Means,total_quantity_month_over_month_growth,0.048540825015510665
obs_1d48e6ef47bbb986,K-Means,total_quantity_acceleration,0.045791749500592296
obs_28fef1b36e9a7ca4,K-Means,total_sales_rolling_MAD,0.1115983079337004
obs_28fef1b36e9a7ca4,K-Means,simulated_actual_payout_rolling_mean_3,0.09677536717343388
obs_28fef1b36e9a7ca4,K-Means,total_quantity_lag_2,0.06489550813091655
obs_d174e690ff41fa5d,K-Means,simulated_actual_payout_rolling_mean_3,0.09915164724927747
obs_d174e690ff41fa5d,K-Means,total_quantity_lag_3,0.06970025071488353
obs_d174e690ff41fa5d,K-Means,simulated_actual_payout_lag_3,0.06091039525701226
obs_7bcf3ba85d207e95,K-Means,customer_concentration,0.07921026784043834
obs_7bcf3ba85d207e95,K-Means,city_concentration,0.07920919872361376
obs_7bcf3ba85d207e95,K-Means,product_concentration,0.06926536478214806
obs_9936346df25db8a9,K-Means,customer_growth,0.10339264511891545
obs_9936346df25db8a9,K-Means,distinct_customers_month_over_month_growth,0.10339264511891545
obs_9936346df25db8a9,K-Means,simulated_actual_payout_rolling_MAD,0.06760364114312475
obs_d4c56e701930911b,K-Means,total_quantity_lag_6,0.08607845425688795
obs_d4c56e701930911b,K-Means,total_sales_lag_6,0.07786852277070722
obs_d4c56e701930911b,K-Means,simulated_actual_payout_lag_6,0.059661391725
obs_e8d76798f21d0ff8,K-Means,distinct_customers_trend,0.12475249110693344
obs_e8d76798f21d0ff8,K-Means,product_mix_change,0.062108884534312944
obs_e8d76798f21d0ff8,K-Means,simulated_actual_payout_rolling_MAD,0.05111473184340499
obs_9c92f1a4118b82e1,K-Means,simulated_actual_payout_history_deviation,0.05543573620461812
obs_9c92f1a4118b82e1,K-Means,simulated_actual_payout_rolling_MAD,0.04562022226118177
obs_9c92f1a4118b82e1,K-Means,latitude_dispersion,0.03409404808764595
obs_30221ccee23a2683,K-Means,total_sales_trend,0.07553823503604182
obs_30221ccee23a2683,K-Means,total_quantity_trend,0.07478065924909127
obs_30221ccee23a2683,K-Means,simulated_actual_payout_trend,0.0636995541110004
obs_43c2ece06fc95513,K-Means,distinct_customers_lag_6,0.23122440471981068
obs_43c2ece06fc95513,K-Means,simulated_actual_payout_history_deviation,0.038166996695957384
obs_43c2ece06fc95513,K-Means,total_quantity_lag_1,0.03804959949493652
obs_b743ccdc0a262747,K-Means,total_sales_lag_3,0.09389373231909057
obs_b743ccdc0a262747,K-Means,total_quantity_lag_3,0.08831681903151851
obs_b743ccdc0a262747,K-Means,distinct_customers_lag_6,0.052387845232955074
obs_48e8349ce3511672,K-Means,total_quantity_lag_6,0.05204708820115557
obs_48e8349ce3511672,K-Means,total_sales_lag_6,0.051188423740950395
obs_48e8349ce3511672,K-Means,total_quantity_lag_3,0.05104524863903796
obs_5e5033af7fe74082,K-Means,distinct_customers_lag_6,0.08587002624062728
obs_5e5033af7fe74082,K-Means,subchannel_mix,0.03689330893641292
obs_5e5033af7fe74082,K-Means,product_concentration,0.03347823152384861
obs_e1eaedfe7e44a601,K-Means,total_sales_lag_6,0.10968317182250013
obs_e1eaedfe7e44a601,K-Means,total_quantity_lag_6,0.08765826882107318
obs_e1eaedfe7e44a601,K-Means,distinct_customers_lag_6,0.062264533861489564
obs_31c1d344ab799778,K-Means,total_quantity_lag_6,0.11551360018183178
obs_31c1d344ab799778,K-Means,total_quantity_trend,0.09547889505096308
obs_31c1d344ab799778,K-Means,total_sales_lag_6,0.08911729646131572
obs_2d0cae3b27e68c95,K-Means,new_customers,0.06045885677549377
obs_2d0cae3b27e68c95,K-Means,simulated_target_attainment_pct,0.03398256641393854
obs_2d0cae3b27e68c95,K-Means,simulated_actual_payout_rolling_MAD,0.033217415750216805
obs_873f9650d3b744ad,K-Means,total_quantity_peer_median,0.07242601863613722
obs_873f9650d3b744ad,K-Means,new_customers,0.0680662867621957
obs_873f9650d3b744ad,K-Means,simulated_payout_to_sales_ratio,0.046594097109555824
obs_9dab0a349f801ef0,K-Means,total_quantity_lag_1,0.05165290785321078
obs_9dab0a349f801ef0,K-Means,total_sales_lag_1,0.050054830981197646
obs_9dab0a349f801ef0,K-Means,simulated_actual_payout_rolling_mean_3,0.049635377422869324
obs_7ae2aed251841dc3,K-Means,total_quantity_lag_2,0.08466941574001086
obs_7ae2aed251841dc3,K-Means,total_sales_lag_2,0.08359781259747492
obs_7ae2aed251841dc3,K-Means,total_sales_lag_6,0.07077955339045781
obs_1a8e037d17118727,K-Means,distinct_customers_lag_6,0.06918563618392957
obs_1a8e037d17118727,K-Means,total_sales_trend,0.06661103274321006
obs_1a8e037d17118727,K-Means,total_quantity_trend,0.05462767866794742
obs_da72f212534ddc49,K-Means,simulated_payout_to_sales_ratio,0.2106206316238649
obs_da72f212534ddc49,K-Means,average_price,0.05816100301852625
obs_da72f212534ddc49,K-Means,sales_per_customer,0.03889717102392554
obs_a8a6e8f24bef5bd4,K-Means,total_sales_rolling_mean_6,0.09130189549659334
obs_a8a6e8f24bef5bd4,K-Means,simulated_payout_to_sales_ratio,0.09061133203128688
obs_a8a6e8f24bef5bd4,K-Means,total_sales_rolling_mean_3,0.06664676415020222
obs_7775930664b81687,K-Means,channel_mix,0.09209346708001705
obs_7775930664b81687,K-Means,customer_concentration,0.08604965754879736
obs_7775930664b81687,K-Means,city_concentration,0.08604869851426045
obs_09c0c5c3ae15134a,K-Means,simulated_actual_payout_rolling_MAD,0.06092471421913971
obs_09c0c5c3ae15134a,K-Means,total_sales_peer_median,0.05753938125426748
obs_09c0c5c3ae15134a,K-Means,simulated_actual_payout_rolling_median,0.05712449368691981
obs_eaa48f3fce1e6d85,K-Means,median_price,0.11660846387352453
obs_eaa48f3fce1e6d85,K-Means,average_price,0.048350441745676244
obs_eaa48f3fce1e6d85,K-Means,customer_growth,0.03289778581865245
obs_db71f2609fe2d288,K-Means,subchannel_mix,0.07712516227249605
obs_db71f2609fe2d288,K-Means,total_sales_rolling_MAD,0.057442411269823225
obs_db71f2609fe2d288,K-Means,customer_concentration,0.04802559374284645
obs_12de259ce4ffe190,K-Means,median_price,0.1352677570496368
obs_12de259ce4ffe190,K-Means,simulated_actual_payout_lag_6,0.12638640793450462
obs_12de259ce4ffe190,K-Means,total_sales_lag_6,0.11169835291601406
obs_f6c20a71b17148b0,K-Means,total_quantity_lag_6,0.09700638117960578
obs_f6c20a71b17148b0,K-Means,simulated_actual_payout_rolling_mean_3,0.09409859753633328
obs_f6c20a71b17148b0,K-Means,simulated_actual_payout_lag_6,0.0843280723070647
obs_b2374cd3e207c6fe,K-Means,median_price,0.12323973241500638
obs_b2374cd3e207c6fe,K-Means,latitude_dispersion,0.04060439946330722
obs_b2374cd3e207c6fe,K-Means,product_breadth_change,0.039037247905735394
obs_d38f74f35def6555,K-Means,median_price,0.11434152161556956
obs_d38f74f35def6555,K-Means,total_sales_lag_6,0.09475000815928837
obs_d38f74f35def6555,K-Means,distinct_customers_lag_6,0.056005143975537845
obs_559d8fb95bdae153,K-Means,median_price,0.1428094129099306
obs_559d8fb95bdae153,K-Means,simulated_actual_payout_lag_6,0.06994124019432692
obs_559d8fb95bdae153,K-Means,total_sales_lag_6,0.0680675183993065
obs_97dbb8eef8ecbb00,K-Means,product_mix_change,0.07347508513263803
obs_97dbb8eef8ecbb00,K-Means,total_sales_lag_3,0.05445179567069858
obs_97dbb8eef8ecbb00,K-Means,total_quantity_lag_3,0.0461799720592362
obs_ff442b772b9e8e85,K-Means,product_mix_change,0.08145704189983423
obs_ff442b772b9e8e85,K-Means,channel_mix,0.07864103864793097
obs_ff442b772b9e8e85,K-Means,customer_growth,0.04926056278574318
obs_aa953a10c3d0c25f,K-Means,median_price,0.11046298124721231
obs_aa953a10c3d0c25f,K-Means,channel_mix,0.0921634257246413
obs_aa953a10c3d0c25f,K-Means,product_concentration,0.0703458587314796
obs_9ec58fc19ac85e9b,K-Means,total_sales_lag_6,0.11616908718517588
obs_9ec58fc19ac85e9b,K-Means,median_price,0.08193474032762359
obs_9ec58fc19ac85e9b,K-Means,total_quantity_lag_6,0.0749862657501497
obs_26410fddfc967281,K-Means,distributor_concentration,0.07526806350463863
obs_26410fddfc967281,K-Means,customer_concentration,0.05808206482801174
obs_26410fddfc967281,K-Means,city_concentration,0.05808198739320606
obs_e663f1b564f750b2,K-Means,total_sales_trend,0.0483543301179663
obs_e663f1b564f750b2,K-Means,total_quantity_trend,0.04790739287479984
obs_e663f1b564f750b2,K-Means,latitude_dispersion,0.04736652876397423
obs_38bc8aabe35c9371,K-Means,subchannel_mix,0.08680275879977778
obs_38bc8aabe35c9371,K-Means,channel_mix,0.07541003984082016
obs_38bc8aabe35c9371,K-Means,median_price,0.06987331311045039
obs_7d82079d3bf1ac48,K-Means,median_price,0.09871138061632989
obs_7d82079d3bf1ac48,K-Means,total_sales_rolling_MAD,0.04458265735728227
obs_7d82079d3bf1ac48,K-Means,total_quantity_rolling_MAD,0.03800416930058727
obs_444af7278196ca87,K-Means,total_sales_rolling_MAD,0.06860618765666118
obs_444af7278196ca87,K-Means,total_quantity_lag_2,0.05008492527820659
obs_444af7278196ca87,K-Means,distinct_customers_lag_6,0.04893624130939765
obs_9d2cfd0637048f0f,K-Means,total_quantity_lag_6,0.06276608115893419
obs_9d2cfd0637048f0f,K-Means,total_sales_lag_6,0.06248105398345962
obs_9d2cfd0637048f0f,K-Means,distinct_customers_lag_6,0.03746765713049596
obs_144cbb989002bef5,K-Means,total_sales_lag_6,0.12458543016431466
obs_144cbb989002bef5,K-Means,total_quantity_lag_6,0.08072915828081847
obs_144cbb989002bef5,K-Means,simulated_actual_payout_trend,0.07781821048827271
obs_faf4cc9fc17832da,K-Means,median_price,0.23419658031361765
obs_faf4cc9fc17832da,K-Means,simulated_actual_payout_lag_6,0.08693839467704914
obs_faf4cc9fc17832da,K-Means,average_price,0.05934572201666373
obs_e1d4402110e3ea1b,K-Means,median_price,0.20523912679451767
obs_e1d4402110e3ea1b,K-Means,total_sales_lag_6,0.14002841897925886
obs_e1d4402110e3ea1b,K-Means,total_quantity_lag_6,0.12116875314802754
obs_300d5f992010ea9b,K-Means,new_customers,0.09024918989859397
obs_300d5f992010ea9b,K-Means,distinct_customers_lag_6,0.0883558848272222
obs_300d5f992010ea9b,K-Means,simulated_actual_payout_lag_6,0.055586541856471536
obs_84a8e8aef44fcfaa,K-Means,subchannel_mix,0.06484648267509568
obs_84a8e8aef44fcfaa,K-Means,customer_concentration,0.04621834697502852
obs_84a8e8aef44fcfaa,K-Means,city_concentration,0.04621830729832624
obs_ec1f3b73133cdbbe,K-Means,simulated_actual_payout_trend,0.07591385959105704
obs_ec1f3b73133cdbbe,K-Means,total_sales_trend,0.07554074661136337
obs_ec1f3b73133cdbbe,K-Means,total_sales_acceleration,0.04693563764511389
obs_fead628ba2864762,K-Means,distinct_customers_lag_6,0.12517938787821983
obs_fead628ba2864762,K-Means,total_sales_lag_2,0.07564582814137788
obs_fead628ba2864762,K-Means,total_quantity_lag_2,0.05823585081523508
obs_b4a94c019834034d,K-Means,median_price,0.1465618308785806
obs_b4a94c019834034d,K-Means,average_price,0.13021004141263365
obs_b4a94c019834034d,K-Means,latitude_dispersion,0.07545408286950435
obs_d372b0510d828553,K-Means,simulated_actual_payout_rolling_mean_3,0.13793072102269552
obs_d372b0510d828553,K-Means,simulated_actual_payout_lag_1,0.07882751417245538
obs_d372b0510d828553,K-Means,total_quantity_rolling_mean_6,0.059827119561774625
obs_2bc5df5f8b01c585,K-Means,simulated_actual_payout_rolling_median,0.13606894475402717
obs_2bc5df5f8b01c585,K-Means,simulated_actual_payout_lag_2,0.06555728665683525
obs_2bc5df5f8b01c585,K-Means,simulated_actual_payout_rolling_mean_3,0.040970572093378115
obs_20174a2925a65bba,K-Means,simulated_actual_payout_rolling_MAD,0.08704736225046027
obs_20174a2925a65bba,K-Means,simulated_actual_payout_lag_3,0.06682157239925941
obs_20174a2925a65bba,K-Means,total_sales_rolling_MAD,0.06255310281729894
obs_e5735a7678a8a76e,K-Means,distinct_customers_peer_country_product_class_relative,0.03444626637077433
obs_e5735a7678a8a76e,K-Means,distinct_customers_product_class_relative,0.03409528100502702
obs_e5735a7678a8a76e,K-Means,distinct_customers_history_deviation,0.034071279495240296
obs_bcb153d6b0aa7ee0,K-Means,simulated_actual_payout_rolling_MAD,0.0689670862835009
obs_bcb153d6b0aa7ee0,K-Means,total_quantity_lag_2,0.052112511432312304
obs_bcb153d6b0aa7ee0,K-Means,distinct_customers_trend,0.046077764517377454
obs_2b14db8ef4838450,K-Means,simulated_actual_payout_lag_6,0.18128367086064762
obs_2b14db8ef4838450,K-Means,total_sales_trend,0.06275316246150649
obs_2b14db8ef4838450,K-Means,total_quantity_trend,0.061007791404755034
obs_690f54d86e679d04,K-Means,distinct_customers_lag_6,0.06466560978925207
obs_690f54d86e679d04,K-Means,simulated_actual_payout_rolling_MAD,0.0590950823220413
obs_690f54d86e679d04,K-Means,simulated_actual_payout_lag_6,0.057392534184087365
obs_53cf40bef1326153,K-Means,distinct_customers_lag_6,0.06564136364269177
obs_53cf40bef1326153,K-Means,simulated_actual_payout_lag_6,0.06330502112063151
obs_53cf40bef1326153,K-Means,total_sales_lag_3,0.05723173114193361
obs_fa72854f29e548d1,K-Means,total_quantity_lag_6,0.12531852264559287
obs_fa72854f29e548d1,K-Means,total_sales_lag_6,0.08571321755815527
obs_fa72854f29e548d1,K-Means,distinct_customers_peer_country_product_class_relative,0.04626049647187123
obs_bad46d4d73f0caea,K-Means,customer_loss_rate,0.13688230670207815
obs_bad46d4d73f0caea,K-Means,distinct_customers_lag_6,0.06865984340841255
obs_bad46d4d73f0caea,K-Means,product_breadth_change,0.06791042066678066
obs_68b0fd3b78a4c411,K-Means,total_sales_lag_6,0.1635206551076661
obs_68b0fd3b78a4c411,K-Means,total_quantity_lag_6,0.0744601727439048
obs_68b0fd3b78a4c411,K-Means,simulated_actual_payout_lag_6,0.06540683021031361
obs_9791a7744762bf14,K-Means,customer_growth,0.06331271711697399
obs_9791a7744762bf14,K-Means,distinct_customers_month_over_month_growth,0.06331271711697399
obs_9791a7744762bf14,K-Means,total_sales_lag_6,0.057715135187445796
obs_000e0d96022360cf,K-Means,median_price,0.0588072162275921
obs_000e0d96022360cf,K-Means,simulated_actual_payout_lag_6,0.048545130736559805
obs_000e0d96022360cf,K-Means,average_price,0.03934976470217512
obs_9ba2f807644f3492,K-Means,product_mix_change,0.06185588753558316
obs_9ba2f807644f3492,K-Means,distinct_customers_trend,0.05993636774560726
obs_9ba2f807644f3492,K-Means,distinct_customers_rolling_MAD,0.0346168050133212
obs_c12e93e8fa307c87,K-Means,distinct_customers_lag_6,0.11292013794783547
obs_c12e93e8fa307c87,K-Means,distinct_customers_rolling_MAD,0.04755869757364565
obs_c12e93e8fa307c87,K-Means,total_quantity_lag_6,0.0423848256481573
obs_6d7647a79470d97f,K-Means,total_quantity_lag_6,0.07893670273978592
obs_6d7647a79470d97f,K-Means,product_mix_change,0.04664323116359516
obs_6d7647a79470d97f,K-Means,country_mix,0.04282808674543332
obs_930347be8cb19a44,K-Means,distinct_customers_lag_6,0.13779586001557526
obs_930347be8cb19a44,K-Means,distinct_customers_trend,0.06586321109115587
obs_930347be8cb19a44,K-Means,total_quantity_lag_6,0.05090450235980095
obs_fa405646abcdad26,K-Means,distinct_customers_lag_6,0.12979470315046668
obs_fa405646abcdad26,K-Means,total_quantity_rolling_std,0.04664779238964231
obs_fa405646abcdad26,K-Means,distinct_customers_rolling_mean_6,0.03785087707978897
obs_0f7e286919c243d5,K-Means,distinct_customers_lag_6,0.12818710214774653
obs_0f7e286919c243d5,K-Means,country_mix,0.061226634784754756
obs_0f7e286919c243d5,K-Means,simulated_actual_payout_acceleration,0.03215362739533277
obs_ace1c0c4a7f1a4ac,K-Means,distinct_customers_lag_6,0.19815752976101167
obs_ace1c0c4a7f1a4ac,K-Means,total_sales_lag_6,0.036368952011474755
obs_ace1c0c4a7f1a4ac,K-Means,subchannel_mix,0.02270328133332249
obs_87bc85f6a35b423c,K-Means,customer_growth,0.055554387769792934
obs_87bc85f6a35b423c,K-Means,distinct_customers_month_over_month_growth,0.055554387769792934
obs_87bc85f6a35b423c,K-Means,distinct_customers_acceleration,0.05185292210715623
obs_b2ce7582d0911ee6,K-Means,country_mix,0.05628822789879963
obs_b2ce7582d0911ee6,K-Means,new_customers,0.05067128582747874
obs_b2ce7582d0911ee6,K-Means,total_sales_lag_3,0.05038310712764921
obs_2102b14c60fdbb23,K-Means,distinct_customers_lag_6,0.10667113969327428
obs_2102b14c60fdbb23,K-Means,total_quantity_peer_median,0.07447355107671974
obs_2102b14c60fdbb23,K-Means,simulated_actual_payout_peer_median,0.03982893172439235
obs_5202c1ed7e2bbce2,K-Means,total_quantity_peer_median,0.09640019931548632
obs_5202c1ed7e2bbce2,K-Means,new_customers,0.07269237301491571
obs_5202c1ed7e2bbce2,K-Means,distributor_concentration,0.06408905711789654
obs_61544e16a880582b,K-Means,distinct_customers_lag_6,0.08055113684093969
obs_61544e16a880582b,K-Means,total_sales_lag_6,0.0757763777318101
obs_61544e16a880582b,K-Means,new_customers,0.05443934378796216
obs_129946494823134d,K-Means,new_customers,0.08817651992743826
obs_129946494823134d,K-Means,distributor_count,0.07676005648139533
obs_129946494823134d,K-Means,total_quantity_lag_2,0.04576191566849851
obs_b4ef81e9df72d62e,K-Means,distinct_customers_lag_6,0.1723101502848417
obs_b4ef81e9df72d62e,K-Means,new_customers,0.08916938816452558
obs_b4ef81e9df72d62e,K-Means,distributor_count,0.054991531810198085
obs_653fa09d1b900869,K-Means,median_price,0.09008972808502362
obs_653fa09d1b900869,K-Means,latitude_dispersion,0.06696086215589948
obs_653fa09d1b900869,K-Means,distinct_customers_peer_percentile,0.057424619943656816
obs_9f918922618ca348,K-Means,product_breadth_change,0.14149170703035305
obs_9f918922618ca348,K-Means,simulated_actual_payout_rolling_mean_3,0.11429594826457337
obs_9f918922618ca348,K-Means,simulated_actual_payout_lag_1,0.06759652055916286
obs_55ab1cafda85cb14,K-Means,simulated_actual_payout_rolling_median,0.1368500159909478
obs_55ab1cafda85cb14,K-Means,simulated_actual_payout_lag_2,0.05964970677054764
obs_55ab1cafda85cb14,K-Means,simulated_actual_payout_rolling_mean_3,0.03832421457847452
obs_ebe4851d166bbf9c,K-Means,simulated_actual_payout_rolling_MAD,0.11881344135918495
obs_ebe4851d166bbf9c,K-Means,channel_mix,0.09603597480523651
obs_ebe4851d166bbf9c,K-Means,simulated_actual_payout_lag_3,0.059062895559198074
obs_b383baf0d6a67b15,K-Means,simulated_actual_payout_rolling_MAD,0.07877875664939833
obs_b383baf0d6a67b15,K-Means,subchannel_mix,0.07736331835301462
obs_b383baf0d6a67b15,K-Means,simulated_actual_payout_rolling_median,0.04788015965263813
obs_e66673c8d46f928b,K-Means,total_quantity_trend,0.08292715425032725
obs_e66673c8d46f928b,K-Means,total_quantity_lag_1,0.07308993802276191
obs_e66673c8d46f928b,K-Means,total_quantity_acceleration,0.0586170707786298
obs_9d6e397f55cb95c6,K-Means,simulated_actual_payout_lag_6,0.1723850120121444
obs_9d6e397f55cb95c6,K-Means,total_sales_lag_6,0.09497833101481544
obs_9d6e397f55cb95c6,K-Means,total_quantity_lag_6,0.044514987738486216
obs_44c9dc8158f6542d,K-Means,simulated_actual_payout_lag_6,0.10227882102566796
obs_44c9dc8158f6542d,K-Means,total_quantity_lag_3,0.08071977982087006
obs_44c9dc8158f6542d,K-Means,total_sales_lag_6,0.06138713311828224
obs_82b968436e6b45bc,K-Means,latitude_dispersion,0.16938002060380802
obs_82b968436e6b45bc,K-Means,distributor_mix_change,0.09967255869987107
obs_82b968436e6b45bc,K-Means,total_quantity_lag_6,0.056188490775611326
obs_c85040a116f3ef52,K-Means,product_mix_change,0.067818384005476
obs_c85040a116f3ef52,K-Means,distinct_customers_team_relative,0.044481043976238296
obs_c85040a116f3ef52,K-Means,simulated_actual_payout_lag_3,0.0363329425532409
obs_06c7977ec95652d1,K-Means,total_quantity_lag_6,0.2133208432951537
obs_06c7977ec95652d1,K-Means,latitude_dispersion,0.09343531952513882
obs_06c7977ec95652d1,K-Means,total_sales_lag_6,0.055650808754257305
obs_17783d4374d5de8f,K-Means,total_quantity_lag_6,0.10446916858662965
obs_17783d4374d5de8f,K-Means,total_sales_lag_6,0.08709675144605859
obs_17783d4374d5de8f,K-Means,distinct_customers_lag_6,0.0854789793583408
obs_2deedff6988b7699,K-Means,total_sales_trend,0.06923802479503623
obs_2deedff6988b7699,K-Means,simulated_actual_payout_trend,0.0568898257327525
obs_2deedff6988b7699,K-Means,distinct_customers_month_over_month_growth,0.04540492813950445
obs_e932b61e11fcbcb7,K-Means,distinct_customers_lag_6,0.08810228384662697
obs_e932b61e11fcbcb7,K-Means,total_sales_lag_2,0.06130658191296208
obs_e932b61e11fcbcb7,K-Means,simulated_actual_payout_lag_6,0.05868288293898111
obs_712963d3d146e24c,K-Means,total_sales_lag_3,0.07253103046713677
obs_712963d3d146e24c,K-Means,distinct_customers_trend,0.0707533468602245
obs_712963d3d146e24c,K-Means,simulated_actual_payout_lag_3,0.04542480326714878
obs_c676e9e9ccea02a9,K-Means,total_sales_lag_6,0.0940535563011834
obs_c676e9e9ccea02a9,K-Means,distinct_customers_lag_6,0.06343118838919523
obs_c676e9e9ccea02a9,K-Means,total_quantity_lag_6,0.06116525995261339
obs_087f6873f93d2c1f,K-Means,distinct_customers_lag_6,0.1235106239610597
obs_087f6873f93d2c1f,K-Means,distinct_customers_rolling_median,0.052783289179566296
obs_087f6873f93d2c1f,K-Means,distinct_customers_lag_2,0.04533826399328179
obs_7ba2d42fc68fb60f,K-Means,total_sales_lag_6,0.10631073208181731
obs_7ba2d42fc68fb60f,K-Means,total_quantity_lag_6,0.05300855210611614
obs_7ba2d42fc68fb60f,K-Means,simulated_actual_payout_lag_6,0.044827250305629805
obs_14d98f3ce289b097,K-Means,distinct_customers_lag_6,0.2532013284800199
obs_14d98f3ce289b097,K-Means,distinct_customers_rolling_mean_6,0.041530317212785495
obs_14d98f3ce289b097,K-Means,simulated_actual_payout_trend,0.03916971984214298
obs_b9ebdd2edc49933c,K-Means,distinct_customers_lag_6,0.18810759078081302
obs_b9ebdd2edc49933c,K-Means,simulated_actual_payout_rolling_MAD,0.07721674628988492
obs_b9ebdd2edc49933c,K-Means,distributor_concentration,0.05129077851989562
obs_b56068573c533851,K-Means,distinct_customers_lag_6,0.282520347857762
obs_b56068573c533851,K-Means,product_mix_change,0.07419123010793763
obs_b56068573c533851,K-Means,distinct_customers_rolling_median,0.04954805830399444
obs_2164ec6c045ed458,K-Means,distinct_customers_lag_6,0.1889903453289667
obs_2164ec6c045ed458,K-Means,distinct_customers_lag_3,0.03651188525121392
obs_2164ec6c045ed458,K-Means,distinct_customers_rolling_median,0.03301729979760867
obs_e145ec19c526bbb6,K-Means,distinct_customers_lag_6,0.21132476723533417
obs_e145ec19c526bbb6,K-Means,distinct_customers_rolling_mean_6,0.05145344975794077
obs_e145ec19c526bbb6,K-Means,distinct_customers_rolling_median,0.04981022175629441
obs_64bcb9c347f912f5,K-Means,distinct_customers_lag_6,0.20861403013109142
obs_64bcb9c347f912f5,K-Means,new_customers,0.05678093262388797
obs_64bcb9c347f912f5,K-Means,total_sales_lag_6,0.05444420952837385
obs_52fb9768362acfa7,K-Means,distinct_customers_lag_6,0.21313074510286714
obs_52fb9768362acfa7,K-Means,new_customers,0.1096444698113046
obs_52fb9768362acfa7,K-Means,distinct_customers_lag_3,0.05258403104148587
obs_9f666e58c57f88a2,K-Means,new_customers,0.11747124707971038
obs_9f666e58c57f88a2,K-Means,distinct_customers_lag_6,0.08841888714975513
obs_9f666e58c57f88a2,K-Means,distributor_count,0.07790382316131418
obs_60e7e0b3687019a9,K-Means,distinct_customers_lag_6,0.17276646059191678
obs_60e7e0b3687019a9,K-Means,total_sales_lag_6,0.11387143804705008
obs_60e7e0b3687019a9,K-Means,total_quantity_lag_6,0.09811641906891233
obs_b380d2170ca43351,K-Means,distinct_customers_lag_6,0.24993691439021493
obs_b380d2170ca43351,K-Means,new_customers,0.10613350727692734
obs_b380d2170ca43351,K-Means,simulated_actual_payout_trend,0.03641804082118991
obs_b672eacc3c0f8834,K-Means,simulated_payout_to_sales_ratio,0.06419609133452381
obs_b672eacc3c0f8834,K-Means,customer_concentration,0.0641285736733377
obs_b672eacc3c0f8834,K-Means,city_concentration,0.06412519800070694
obs_96beed11b0588d08,K-Means,simulated_actual_payout_rolling_mean_3,0.27128407567980306
obs_96beed11b0588d08,K-Means,simulated_actual_payout_lag_1,0.13933133817786109
obs_96beed11b0588d08,K-Means,simulated_actual_payout_rolling_mean_6,0.120231530131639
obs_db91f6bbfb78f48b,K-Means,simulated_actual_payout_rolling_median,0.26252399439725815
obs_db91f6bbfb78f48b,K-Means,simulated_actual_payout_lag_2,0.12137977872757674
obs_db91f6bbfb78f48b,K-Means,simulated_actual_payout_rolling_mean_3,0.10260765535729113
obs_0bb28d588c4391a3,K-Means,simulated_actual_payout_lag_3,0.2153075591584459
obs_0bb28d588c4391a3,K-Means,simulated_actual_payout_rolling_mean_3,0.10472595875543199
obs_0bb28d588c4391a3,K-Means,simulated_actual_payout_rolling_std,0.063050152445902
obs_47ec1b53fd683158,K-Means,simulated_actual_payout_rolling_std,0.1363123889341166
obs_47ec1b53fd683158,K-Means,simulated_actual_payout_rolling_mean_6,0.07238814369568987
obs_47ec1b53fd683158,K-Means,distinct_customers_trend,0.05429564233232453
obs_9dd540b021d14318,K-Means,customer_loss_rate,0.12678979272530772
obs_9dd540b021d14318,K-Means,simulated_actual_payout_rolling_std,0.0838772263707306
obs_9dd540b021d14318,K-Means,simulated_actual_payout_rolling_median,0.05679790044438005
obs_a4322d504e197fea,K-Means,simulated_actual_payout_lag_6,0.4716490910365215
obs_a4322d504e197fea,K-Means,total_sales_lag_6,0.08777643463970942
obs_a4322d504e197fea,K-Means,simulated_actual_payout_rolling_std,0.0472731167179465
obs_a3ace4dacdf6331f,K-Means,simulated_actual_payout_lag_6,0.1754227297060967
obs_a3ace4dacdf6331f,K-Means,distinct_customers_lag_6,0.1238921533368875
obs_a3ace4dacdf6331f,K-Means,total_sales_lag_6,0.07769984654417356
obs_71be97fea9fd8b83,K-Means,total_quantity_team_relative,0.055549027101905325
obs_71be97fea9fd8b83,K-Means,median_price,0.054702442859500704
obs_71be97fea9fd8b83,K-Means,product_class_share,0.03855233222350104
obs_ec4b1def1b562289,K-Means,distinct_customers_history_deviation,0.05565140349202357
obs_ec4b1def1b562289,K-Means,channel_mix,0.04397883755183889
obs_ec4b1def1b562289,K-Means,subchannel_mix,0.037728177049365715
obs_5c3b3186494602b7,K-Means,customer_loss_rate,0.07612279347581466
obs_5c3b3186494602b7,K-Means,distinct_customers_trend,0.04195698929914372
obs_5c3b3186494602b7,K-Means,distinct_customers_month_over_month_growth,0.04093196162917105
obs_4fb55720c69353ba,K-Means,distributor_count,0.06106705146152016
obs_4fb55720c69353ba,K-Means,distinct_customers_history_deviation,0.051122072384233636
obs_4fb55720c69353ba,K-Means,product_concentration,0.047490936359968206
obs_6e32ebcba355bee2,K-Means,simulated_actual_payout_lag_12,0.12798484858527948
obs_6e32ebcba355bee2,K-Means,customer_growth,0.09054417234739577
obs_6e32ebcba355bee2,K-Means,distinct_customers_month_over_month_growth,0.09054417234739577
obs_0055e9c8b873ca14,K-Means,distinct_customers_acceleration,0.06744334484589107
obs_0055e9c8b873ca14,K-Means,simulated_actual_payout_year_over_year_growth,0.05221271489175835
obs_0055e9c8b873ca14,K-Means,latitude_dispersion,0.04407040706253635
obs_c251b0079088f19e,K-Means,distinct_customers_trend,0.07079774766621567
obs_c251b0079088f19e,K-Means,total_quantity_lag_6,0.06961656394234705
obs_c251b0079088f19e,K-Means,total_sales_lag_6,0.036196910394639875
obs_44a4d8e4ebc8f5f8,K-Means,total_quantity_lag_6,0.07369201329377302
obs_44a4d8e4ebc8f5f8,K-Means,simulated_actual_payout_trend,0.06271495454704007
obs_44a4d8e4ebc8f5f8,K-Means,total_sales_lag_6,0.05404540173492069
obs_7c8c5003fe32b868,K-Means,distinct_customers_lag_3,0.056325377673900966
obs_7c8c5003fe32b868,K-Means,distinct_customers_lag_6,0.047195598346067014
obs_7c8c5003fe32b868,K-Means,distinct_customers_rolling_median,0.04468005148988685
obs_e2920c314e63316c,K-Means,distinct_customers_lag_3,0.04522095020817217
obs_e2920c314e63316c,K-Means,simulated_actual_payout_rolling_MAD,0.04355207027142447
obs_e2920c314e63316c,K-Means,distinct_customers_rolling_median,0.03988542652848146
obs_6d18cc6b86cd16d0,K-Means,distinct_customers_lag_6,0.2423638968531584
obs_6d18cc6b86cd16d0,K-Means,median_price,0.04669172517388954
obs_6d18cc6b86cd16d0,K-Means,distinct_customers_rolling_median,0.03771876241531655
obs_b8e3f42f291f949f,K-Means,distinct_customers_lag_6,0.2531115527440645
obs_b8e3f42f291f949f,K-Means,distinct_customers_rolling_median,0.04061858935081501
obs_b8e3f42f291f949f,K-Means,total_quantity_lag_2,0.034671253588853174
obs_2360cb2cc804e447,K-Means,distinct_customers_lag_6,0.233564364579785
obs_2360cb2cc804e447,K-Means,new_customers,0.05593155825884305
obs_2360cb2cc804e447,K-Means,total_sales_lag_6,0.046620921331926454
obs_55c330ed875989ab,K-Means,distinct_customers_lag_6,0.07588114522260851
obs_55c330ed875989ab,K-Means,simulated_actual_payout_history_deviation,0.05636182666166246
obs_55c330ed875989ab,K-Means,distinct_customers_lag_3,0.03348688071067229
obs_10ea485da97a841e,K-Means,distinct_customers_lag_6,0.08871687764370338
obs_10ea485da97a841e,K-Means,new_customers,0.052147244066162876
obs_10ea485da97a841e,K-Means,simulated_actual_payout_trend,0.05168753949693099
obs_d4df2cd22a222e6f,K-Means,distinct_customers_lag_6,0.24333082680262455
obs_d4df2cd22a222e6f,K-Means,total_quantity_lag_6,0.09594205411806
obs_d4df2cd22a222e6f,K-Means,new_customers,0.07860740188571176
obs_37c6a7f423beddce,K-Means,distinct_customers_lag_6,0.14144652960851764
obs_37c6a7f423beddce,K-Means,new_customers,0.11708071318580897
obs_37c6a7f423beddce,K-Means,distributor_count,0.055833642838864224
obs_dacbe183b6f4d5ae,K-Means,distinct_customers_lag_6,0.1213842684698625
obs_dacbe183b6f4d5ae,K-Means,new_customers,0.08776062817614112
obs_dacbe183b6f4d5ae,K-Means,total_quantity_month_over_month_growth,0.04506133897473779
obs_61acc28c63c70642,K-Means,subchannel_mix,0.0889224136836556
obs_61acc28c63c70642,K-Means,new_customers,0.06155646444970804
obs_61acc28c63c70642,K-Means,distinct_customers_lag_6,0.04809375836973417
obs_601b04da3fa5a22e,K-Means,distinct_customers_lag_6,0.11622322081703543
obs_601b04da3fa5a22e,K-Means,total_sales_trend,0.0714933450536011
obs_601b04da3fa5a22e,K-Means,total_quantity_trend,0.06916899016712078
obs_cbd46fa107e1f4f6,K-Means,median_price,0.1674501767182008
obs_cbd46fa107e1f4f6,K-Means,distinct_customers_peer_country_product_class_relative,0.11713619738803947
obs_cbd46fa107e1f4f6,K-Means,distinct_customers_product_class_relative,0.11608567602612224
obs_89d34a302c50535d,K-Means,simulated_actual_payout_rolling_mean_3,0.14113057832402326
obs_89d34a302c50535d,K-Means,simulated_actual_payout_lag_1,0.10091842878115327
obs_89d34a302c50535d,K-Means,simulated_actual_payout_rolling_mean_6,0.04819396632804491
obs_ac84a4c36df4ada5,K-Means,simulated_actual_payout_rolling_median,0.18823183550757325
obs_ac84a4c36df4ada5,K-Means,simulated_actual_payout_lag_2,0.09428695040206297
obs_ac84a4c36df4ada5,K-Means,simulated_actual_payout_rolling_mean_3,0.07373802343444127
obs_9100c93b8bdf31e5,K-Means,total_quantity_rolling_MAD,0.2854055831932506
obs_9100c93b8bdf31e5,K-Means,simulated_actual_payout_lag_3,0.06962914837867709
obs_9100c93b8bdf31e5,K-Means,product_class_share,0.03309486575988699
obs_c610e64784f513b8,K-Means,simulated_actual_payout_rolling_std,0.06403049104048796
obs_c610e64784f513b8,K-Means,median_price,0.06392241540431168
obs_c610e64784f513b8,K-Means,distinct_customers_lag_3,0.05670966777139055
obs_c13ce06e873b174b,K-Means,simulated_actual_payout_peer_country_product_class_relative,0.05411682162201848
obs_c13ce06e873b174b,K-Means,simulated_actual_payout_product_class_relative,0.053726726571384234
obs_c13ce06e873b174b,K-Means,product_concentration,0.0474048705766377
obs_b43042ad34cc6d9b,K-Means,simulated_actual_payout_lag_6,0.32826393354344024
obs_b43042ad34cc6d9b,K-Means,total_quantity_lag_6,0.07482102110650246
obs_b43042ad34cc6d9b,K-Means,total_quantity_lag_1,0.058089571505579723
obs_a261d5a15218af0d,K-Means,total_quantity_lag_2,0.18179399553081302
obs_a261d5a15218af0d,K-Means,total_quantity_rolling_std,0.060771122765627024
obs_a261d5a15218af0d,K-Means,total_quantity_rolling_mean_3,0.05249430034738109
obs_9422da56757e90e0,K-Means,total_quantity_lag_3,0.13033785281388666
obs_9422da56757e90e0,K-Means,simulated_actual_payout_acceleration,0.05330387689694108
obs_9422da56757e90e0,K-Means,distinct_customers_lag_6,0.05032928143830215
obs_b1f2b62c881fbbdb,K-Means,distinct_customers_rolling_std,0.0516686340098999
obs_b1f2b62c881fbbdb,K-Means,distinct_customers_rolling_MAD,0.043627475993725254
obs_b1f2b62c881fbbdb,K-Means,channel_mix,0.04156684663217057
obs_da0518f21371255c,K-Means,total_quantity_rolling_MAD,0.06775894823622398
obs_da0518f21371255c,K-Means,total_quantity_rolling_median,0.04256062392223783
obs_da0518f21371255c,K-Means,total_quantity_lag_2,0.039520070879891206
obs_56b8827f9a6baf0e,K-Means,total_quantity_lag_6,0.2003986549821434
obs_56b8827f9a6baf0e,K-Means,distinct_customers_rolling_std,0.06324460559011702
obs_56b8827f9a6baf0e,K-Means,product_class_share,0.036240190869139176
obs_014376334ebd1804,K-Means,product_class_share,0.05822006510126908
obs_014376334ebd1804,K-Means,customer_concentration,0.04387471184466047
obs_014376334ebd1804,K-Means,city_concentration,0.04387465834396891
obs_076f361542fe1a45,K-Means,total_sales_lag_1,0.08022564987800306
obs_076f361542fe1a45,K-Means,total_quantity_lag_1,0.06680800005164135
obs_076f361542fe1a45,K-Means,total_sales_rolling_mean_3,0.037945772939422945
obs_2529328866b74d13,K-Means,total_sales_lag_2,0.10108224486200934
obs_2529328866b74d13,K-Means,total_quantity_lag_2,0.08714066684302871
obs_2529328866b74d13,K-Means,total_sales_lag_6,0.08255367814569438
obs_b3bb063f5567f03b,K-Means,total_sales_lag_3,0.0967326689244805
obs_b3bb063f5567f03b,K-Means,total_quantity_lag_3,0.08113871108794021
obs_b3bb063f5567f03b,K-Means,total_quantity_product_class_relative,0.035810910786500554
obs_1a09d512bfc26af6,K-Means,total_sales_lag_6,0.08681575320615902
obs_1a09d512bfc26af6,K-Means,total_quantity_lag_6,0.05958239555578414
obs_1a09d512bfc26af6,K-Means,total_sales_rolling_std,0.04363842116693803
obs_6dc8ac1d0c021358,K-Means,customer_concentration,0.052793909378053235
obs_6dc8ac1d0c021358,K-Means,city_concentration,0.05279324279337612
obs_6dc8ac1d0c021358,K-Means,total_sales_rolling_std,0.0478193445550953
obs_8729cfb19aabaa9a,K-Means,total_sales_lag_6,0.12483704025341862
obs_8729cfb19aabaa9a,K-Means,simulated_payout_to_sales_ratio,0.10541342836961104
obs_8729cfb19aabaa9a,K-Means,total_quantity_lag_6,0.08924095191768966
obs_81ac4aaa9d548179,K-Means,total_sales_lag_1,0.1642136661097095
obs_81ac4aaa9d548179,K-Means,total_sales_month_over_month_growth,0.12949800597779917
obs_81ac4aaa9d548179,K-Means,distinct_customers_lag_6,0.07925311075635702
obs_9830d9d609b5684e,K-Means,total_sales_lag_2,0.23749511426330625
obs_9830d9d609b5684e,K-Means,distinct_customers_lag_6,0.14109427950268058
obs_9830d9d609b5684e,K-Means,total_sales_acceleration,0.07536472956902235
obs_b693334e5ccb6aea,K-Means,total_sales_lag_3,0.20411332841259952
obs_b693334e5ccb6aea,K-Means,total_sales_trend,0.11127538701425628
obs_b693334e5ccb6aea,K-Means,distinct_customers_lag_6,0.1076434358759792
obs_72fdb01eba809279,K-Means,distinct_customers_lag_6,0.15477835878522345
obs_72fdb01eba809279,K-Means,total_quantity_lag_6,0.07369646149678395
obs_72fdb01eba809279,K-Means,total_sales_lag_6,0.06583726914630698
obs_ce617f4fc8762849,K-Means,distinct_customers_lag_6,0.15415289642269592
obs_ce617f4fc8762849,K-Means,new_customers,0.07641615308391986
obs_ce617f4fc8762849,K-Means,total_sales_lag_6,0.04429448457305226
obs_26b49ab82e74261f,K-Means,total_sales_lag_6,0.29047510383308667
obs_26b49ab82e74261f,K-Means,total_quantity_peer_median,0.0497577766338656
obs_26b49ab82e74261f,K-Means,total_quantity_lag_6,0.04895924256561364
obs_cb398e9509b390d5,K-Means,new_customers,0.13896766176570347
obs_cb398e9509b390d5,K-Means,distinct_customers_lag_6,0.12971749760932108
obs_cb398e9509b390d5,K-Means,total_quantity_lag_1,0.058773342977204976
obs_ac723ce5c2f43a3a,K-Means,distinct_customers_lag_6,0.13781706730353113
obs_ac723ce5c2f43a3a,K-Means,new_customers,0.058843808280051986
obs_ac723ce5c2f43a3a,K-Means,total_quantity_lag_2,0.05865220959373217
obs_49643e3e73b66e9f,K-Means,distinct_customers_lag_6,0.18917863841342714
obs_49643e3e73b66e9f,K-Means,new_customers,0.16196228807835783
obs_49643e3e73b66e9f,K-Means,total_quantity_trend,0.08235797010818437
obs_631cdf877fa29895,K-Means,simulated_payout_to_sales_ratio,0.12052046251068232
obs_631cdf877fa29895,K-Means,distributor_concentration,0.12043753700889138
obs_631cdf877fa29895,K-Means,product_concentration,0.082023623395737
obs_52a496a7ba01ba76,K-Means,simulated_actual_payout_rolling_mean_3,0.15086762887955366
obs_52a496a7ba01ba76,K-Means,simulated_actual_payout_lag_1,0.08344553856582541
obs_52a496a7ba01ba76,K-Means,channel_mix,0.06124467109643635
obs_ea425068714558ae,K-Means,simulated_actual_payout_rolling_median,0.16775873106425954
obs_ea425068714558ae,K-Means,simulated_actual_payout_lag_2,0.08983887624364736
obs_ea425068714558ae,K-Means,simulated_actual_payout_rolling_mean_3,0.054243733564262694
obs_f7cdfded6e78e457,K-Means,channel_mix,0.15961428068673947
obs_f7cdfded6e78e457,K-Means,simulated_actual_payout_lag_3,0.14042598676106183
obs_f7cdfded6e78e457,K-Means,simulated_actual_payout_rolling_mean_3,0.04018355285343273
obs_2c7b955b8e09649f,K-Means,customer_loss_rate,0.059425465895774306
obs_2c7b955b8e09649f,K-Means,distinct_customers_rolling_MAD,0.05110025349336743
obs_2c7b955b8e09649f,K-Means,product_breadth_change,0.05038051345339222
obs_995eb5c90e7c225d,K-Means,product_concentration,0.07230514460409725
obs_995eb5c90e7c225d,K-Means,dominant_product_share,0.054887708590935905
obs_995eb5c90e7c225d,K-Means,simulated_actual_payout_rolling_mean_3,0.05432596334651536
obs_40e0e61cf7f50598,K-Means,simulated_actual_payout_lag_6,0.44355083287396435
obs_40e0e61cf7f50598,K-Means,simulated_actual_payout_rolling_mean_3,0.05412488752080747
obs_40e0e61cf7f50598,K-Means,distinct_customers_lag_6,0.024587796523420438
obs_119caf27a8b2f82d,K-Means,simulated_actual_payout_rolling_mean_3,0.0885399540604727
obs_119caf27a8b2f82d,K-Means,distinct_customers_rolling_MAD,0.06931096193852017
obs_119caf27a8b2f82d,K-Means,total_sales_lag_6,0.06797591884287854
obs_26051653028b5abd,K-Means,product_concentration,0.08017653169404178
obs_26051653028b5abd,K-Means,customer_concentration,0.07686616132558434
obs_26051653028b5abd,K-Means,city_concentration,0.07686605909256045
obs_7c26608e3ee5546e,K-Means,total_quantity_trend,0.09655085559049288
obs_7c26608e3ee5546e,K-Means,total_sales_trend,0.08551723115525468
obs_7c26608e3ee5546e,K-Means,simulated_actual_payout_trend,0.08128053025497363
obs_91afe70dc6939f09,K-Means,total_sales_lag_2,0.1036366898473003
obs_91afe70dc6939f09,K-Means,total_quantity_lag_2,0.10233037584547965
obs_91afe70dc6939f09,K-Means,distinct_customers_rolling_MAD,0.06090957005826188
obs_808754a4352cc44b,K-Means,total_sales_lag_3,0.07682785893622561
obs_808754a4352cc44b,K-Means,total_quantity_lag_3,0.07310437655483976
obs_808754a4352cc44b,K-Means,product_breadth_change,0.06378131565175842
obs_2bbb13bb654b6577,K-Means,product_breadth_change,0.10402823298802917
obs_2bbb13bb654b6577,K-Means,customer_growth,0.06395374298736003
obs_2bbb13bb654b6577,K-Means,distinct_customers_month_over_month_growth,0.06395374298736003
obs_9528b1b7591d286b,K-Means,product_mix_change,0.07525442356255249
obs_9528b1b7591d286b,K-Means,simulated_actual_payout_history_deviation,0.044050140877769345
obs_9528b1b7591d286b,K-Means,distinct_customers_lag_6,0.04310854328926549
obs_658998285580395d,K-Means,total_sales_lag_6,0.12650669148192414
obs_658998285580395d,K-Means,total_quantity_lag_6,0.11319063858552209
obs_658998285580395d,K-Means,distinct_customers_trend,0.1056603940365353
obs_1aed0db99720d44c,K-Means,total_sales_trend,0.08075269961912132
obs_1aed0db99720d44c,K-Means,simulated_actual_payout_trend,0.06624740877610796
obs_1aed0db99720d44c,K-Means,total_quantity_trend,0.06623327240591893
obs_066c669e310f70ce,K-Means,simulated_actual_payout_lag_2,0.05085300797683692
obs_066c669e310f70ce,K-Means,total_sales_lag_2,0.0386570009850509
obs_066c669e310f70ce,K-Means,total_quantity_lag_2,0.038483319753168224
obs_ad8d98ce7635d999,K-Means,distinct_customers_lag_6,0.15503567509947616
obs_ad8d98ce7635d999,K-Means,total_quantity_lag_6,0.05533620292653065
obs_ad8d98ce7635d999,K-Means,total_sales_lag_6,0.05480232441181061
obs_79ff0f0f028b602b,K-Means,total_sales_lag_6,0.10450687792202147
obs_79ff0f0f028b602b,K-Means,total_quantity_lag_6,0.06658933598871505
obs_79ff0f0f028b602b,K-Means,total_quantity_lag_2,0.05829145073762469
obs_26922596f0214a38,K-Means,distinct_customers_lag_6,0.10136140106265903
obs_26922596f0214a38,K-Means,total_sales_lag_3,0.07461422046876352
obs_26922596f0214a38,K-Means,total_quantity_lag_3,0.07176518613976528
obs_1b9b1154434e719c,K-Means,total_sales_lag_6,0.14936622496996857
obs_1b9b1154434e719c,K-Means,total_quantity_lag_6,0.12573304535595137
obs_1b9b1154434e719c,K-Means,distinct_customers_lag_6,0.11732247155974763
obs_7bfecb6bb5bca86d,K-Means,total_sales_rolling_median,0.04961021816394643
obs_7bfecb6bb5bca86d,K-Means,total_sales_lag_6,0.04630422668991736
obs_7bfecb6bb5bca86d,K-Means,customer_loss_rate,0.044159281344333876
obs_49466129e0f7227a,K-Means,total_sales_lag_6,0.17705939780927718
obs_49466129e0f7227a,K-Means,total_quantity_lag_6,0.1458782547320837
obs_49466129e0f7227a,K-Means,simulated_actual_payout_lag_6,0.046585723297995554
obs_5915c3e57d080a01,K-Means,total_quantity_rolling_MAD,0.05555097333156938
obs_5915c3e57d080a01,K-Means,total_quantity,0.047327796890978796
obs_5915c3e57d080a01,K-Means,distinct_customers_history_deviation,0.04233744791396153
obs_2366d4e13ed79fdb,K-Means,distinct_customers_lag_6,0.13270901714827443
obs_2366d4e13ed79fdb,K-Means,new_customers,0.08639381159562731
obs_2366d4e13ed79fdb,K-Means,distributor_count,0.0532798097683401
obs_b6ee1a3db0d15b8b,K-Means,new_customers,0.09476164446715742
obs_b6ee1a3db0d15b8b,K-Means,distinct_customers_lag_6,0.07264182235903963
obs_b6ee1a3db0d15b8b,K-Means,distinct_customers_trend,0.041063003569816174
obs_1bdef114730fee3c,K-Means,new_customers,0.05716248552810461
obs_1bdef114730fee3c,K-Means,distinct_customers_rolling_MAD,0.0564609103480211
obs_1bdef114730fee3c,K-Means,simulated_actual_payout_trend,0.04769785556417422
obs_d60c7a5318db3cb4,K-Means,distinct_customers_lag_6,0.1842049475682657
obs_d60c7a5318db3cb4,K-Means,new_customers,0.11125952837016194
obs_d60c7a5318db3cb4,K-Means,distributor_count,0.054915667170533665
obs_83a3dbcc9d2b1e1f,K-Means,average_price,0.14383116087922054
obs_83a3dbcc9d2b1e1f,K-Means,subchannel_mix,0.11146568352732743
obs_83a3dbcc9d2b1e1f,K-Means,total_sales_peer_median,0.08055823021204528
obs_284866c1d356813f,K-Means,simulated_actual_payout_rolling_mean_3,0.09664101326905909
obs_284866c1d356813f,K-Means,simulated_actual_payout_lag_1,0.05748298022835895
obs_284866c1d356813f,K-Means,total_sales_rolling_mean_6,0.048635029297942584
obs_4c60fee6172513bd,K-Means,simulated_actual_payout_rolling_median,0.15497934482356343
obs_4c60fee6172513bd,K-Means,simulated_actual_payout_lag_2,0.07748091644381128
obs_4c60fee6172513bd,K-Means,latitude_dispersion,0.0698872051185292
obs_b4e21c7da57a318a,K-Means,median_price,0.23548324663054546
obs_b4e21c7da57a318a,K-Means,simulated_actual_payout_rolling_MAD,0.07104964559324134
obs_b4e21c7da57a318a,K-Means,average_price,0.05600083425008174
obs_4d046d4141612b3e,K-Means,product_breadth_change,0.062457791599815356
obs_4d046d4141612b3e,K-Means,median_price,0.05455042183801987
obs_4d046d4141612b3e,K-Means,simulated_actual_payout_rolling_MAD,0.04318102888449545
obs_d4b46760f75a5536,K-Means,simulated_actual_payout_rolling_mean_3,0.07787656497354836
obs_d4b46760f75a5536,K-Means,simulated_actual_payout_month_over_month_growth,0.054134667563441284
obs_d4b46760f75a5536,K-Means,simulated_payout_to_sales_ratio,0.05198871635454268
obs_7af91d45ed60d5e7,K-Means,subchannel_mix,0.13157467224726496
obs_7af91d45ed60d5e7,K-Means,simulated_actual_payout_lag_6,0.07909315558131591
obs_7af91d45ed60d5e7,K-Means,channel_mix,0.05951384815356546
obs_69709a51329859d7,K-Means,total_sales_trend,0.12840753608596908
obs_69709a51329859d7,K-Means,simulated_actual_payout_trend,0.11295149507511298
obs_69709a51329859d7,K-Means,total_sales_lag_1,0.05567420399028499
obs_71096dd1ba3c00b2,K-Means,total_sales_lag_2,0.1046642361987135
obs_71096dd1ba3c00b2,K-Means,total_quantity_lag_2,0.09337523995700645
obs_71096dd1ba3c00b2,K-Means,total_sales_rolling_std,0.05127435081999013
obs_077ec24744447e1d,K-Means,channel_mix,0.12251854319323477
obs_077ec24744447e1d,K-Means,median_price,0.10901052380469226
obs_077ec24744447e1d,K-Means,total_sales_lag_3,0.08724480843728244
obs_f93a975377221a1e,K-Means,total_sales_lag_6,0.1968876501445025
obs_f93a975377221a1e,K-Means,simulated_actual_payout_lag_6,0.07801495004398777
obs_f93a975377221a1e,K-Means,total_sales_rolling_std,0.06288493609314716
obs_d5e716c382707284,K-Means,median_price,0.13096021319952517
obs_d5e716c382707284,K-Means,average_price,0.07829293785193062
obs_d5e716c382707284,K-Means,total_quantity_rolling_MAD,0.05466099497794983
obs_5958156a8fb4b18c,K-Means,total_sales_lag_6,0.08832788293761595
obs_5958156a8fb4b18c,K-Means,simulated_actual_payout_lag_6,0.07515502992294334
obs_5958156a8fb4b18c,K-Means,total_quantity_lag_6,0.06751092048189197
obs_99813cbb5982238f,K-Means,distinct_customers_acceleration,0.06127181254893471
obs_99813cbb5982238f,K-Means,total_quantity_rolling_MAD,0.0504859131417625
obs_99813cbb5982238f,K-Means,country_mix,0.049938744266162606
obs_a36d92b0139c7f39,K-Means,median_price,0.10293224636662412
obs_a36d92b0139c7f39,K-Means,distinct_customers_trend,0.0734151533604344
obs_a36d92b0139c7f39,K-Means,total_sales_lag_3,0.04334363576524526
obs_ad122f99baf2aaa7,K-Means,country_mix,0.05893948139515964
obs_ad122f99baf2aaa7,K-Means,distinct_customers_rolling_MAD,0.05784127233237175
obs_ad122f99baf2aaa7,K-Means,distinct_customers_lag_3,0.0391189844341729
obs_ff653c25b99d8e76,K-Means,country_mix,0.05597066828308546
obs_ff653c25b99d8e76,K-Means,new_customers,0.050601831072207316
obs_ff653c25b99d8e76,K-Means,distinct_customers_rolling_MAD,0.04027662282876452
obs_3485a99c96e2d20f,K-Means,total_sales_lag_6,0.14397524876150203
obs_3485a99c96e2d20f,K-Means,median_price,0.09980210736804933
obs_3485a99c96e2d20f,K-Means,distinct_customers_lag_6,0.06467668657377978
obs_3717f0183f9d9999,K-Means,total_quantity_trend,0.10936518668384956
obs_3717f0183f9d9999,K-Means,total_sales_trend,0.07134862039967814
obs_3717f0183f9d9999,K-Means,distinct_customers_lag_6,0.0692566253675003
obs_ab2134c11b5ff949,K-Means,median_price,0.16702583872619742
obs_ab2134c11b5ff949,K-Means,average_price,0.04980249720469194
obs_ab2134c11b5ff949,K-Means,distinct_customers_lag_6,0.04776051476119041
obs_c871abafd365e3d3,K-Means,distinct_customers_lag_6,0.13257057380922269
obs_c871abafd365e3d3,K-Means,average_price,0.0688897720200244
obs_c871abafd365e3d3,K-Means,new_customers,0.06836273252301682
obs_01a72951313acd7d,K-Means,total_sales_lag_6,0.17436371923024238
obs_01a72951313acd7d,K-Means,total_quantity_lag_6,0.15100430844592097
obs_01a72951313acd7d,K-Means,median_price,0.09042865031296667
obs_c1303e3983fb074f,K-Means,total_sales_lag_6,0.05061584121352322
obs_c1303e3983fb074f,K-Means,total_quantity_lag_6,0.049164326584909046
obs_c1303e3983fb074f,K-Means,new_customers,0.04809652723416952
obs_a49df09ba3837ebc,K-Means,total_quantity_lag_6,0.09744493786303919
obs_a49df09ba3837ebc,K-Means,distinct_customers_lag_6,0.08747204036374276
obs_a49df09ba3837ebc,K-Means,total_quantity_lag_1,0.045826726245669074
obs_00826b1cafdb233e,K-Means,distinct_customers_lag_6,0.08986663421591527
obs_00826b1cafdb233e,K-Means,total_quantity_peer_median,0.07216595067003172
obs_00826b1cafdb233e,K-Means,total_sales_peer_median,0.06329860028125575
obs_45712c66dd35cc62,K-Means,product_concentration,0.06367769084551889
obs_45712c66dd35cc62,K-Means,total_quantity_month_over_month_growth,0.04626040734216948
obs_45712c66dd35cc62,K-Means,total_sales_month_over_month_growth,0.04446824273734125
obs_5cc9f52a7b53c7f7,K-Means,simulated_actual_payout_trend,0.08305685611951003
obs_5cc9f52a7b53c7f7,K-Means,total_sales_trend,0.06563645404131851
obs_5cc9f52a7b53c7f7,K-Means,total_quantity_trend,0.056505377231194205
obs_f54cc5c841a39019,K-Means,new_customers,0.09843016673103559
obs_f54cc5c841a39019,K-Means,median_price,0.08721882212979375
obs_f54cc5c841a39019,K-Means,distinct_customers_lag_6,0.08040037493299303
obs_86de6fa51ea2cdb7,K-Means,total_quantity_peer_z,0.09661262667294002
obs_86de6fa51ea2cdb7,K-Means,simulated_payout_to_sales_ratio,0.08438421914562753
obs_86de6fa51ea2cdb7,K-Means,latitude_dispersion,0.06681339416136556
obs_f891ddf0e9ea98fb,K-Means,simulated_actual_payout_rolling_mean_3,0.19039842264161158
obs_f891ddf0e9ea98fb,K-Means,simulated_actual_payout_lag_1,0.10507884651393168
obs_f891ddf0e9ea98fb,K-Means,simulated_actual_payout_rolling_mean_6,0.06852849924260213
obs_031b0a10125fdc81,K-Means,simulated_actual_payout_rolling_median,0.17459137608482025
obs_031b0a10125fdc81,K-Means,simulated_actual_payout_lag_2,0.08503306771634941
obs_031b0a10125fdc81,K-Means,simulated_actual_payout_rolling_mean_3,0.05826907482133239
obs_28cdb8fa4057829f,K-Means,simulated_actual_payout_lag_3,0.10765125335189273
obs_28cdb8fa4057829f,K-Means,total_sales_rolling_MAD,0.10597606674212089
obs_28cdb8fa4057829f,K-Means,simulated_actual_payout_rolling_MAD,0.07942221722170353
obs_e76e46472b64c2eb,K-Means,latitude_dispersion,0.10082378999291074
obs_e76e46472b64c2eb,K-Means,total_sales_lag_3,0.0593060145815755
obs_e76e46472b64c2eb,K-Means,total_quantity_lag_3,0.05409955051175142
obs_1e7f3be29afc0068,K-Means,simulated_actual_payout_rolling_MAD,0.058398260801668336
obs_1e7f3be29afc0068,K-Means,simulated_actual_payout_history_deviation,0.04115810954648536
obs_1e7f3be29afc0068,K-Means,total_quantity_lag_1,0.03212834006501131
obs_5d90def18f4be306,K-Means,simulated_actual_payout_lag_6,0.2779738222020643
obs_5d90def18f4be306,K-Means,simulated_actual_payout_acceleration,0.04719188364446563
obs_5d90def18f4be306,K-Means,simulated_actual_payout_trend,0.04465745652528782
obs_24baad46a6effc15,K-Means,total_sales_lag_6,0.0818338565808425
obs_24baad46a6effc15,K-Means,total_quantity_lag_6,0.07155046981815476
obs_24baad46a6effc15,K-Means,distributor_mix_change,0.055088872228657944
obs_afb562c6cf829b8e,K-Means,simulated_actual_payout_rolling_MAD,0.04670510194022617
obs_afb562c6cf829b8e,K-Means,total_sales_lag_1,0.039826779325912144
obs_afb562c6cf829b8e,K-Means,distributor_count,0.03413453660864229
obs_32287083ec91525a,K-Means,total_sales_lag_2,0.06578002878078203
obs_32287083ec91525a,K-Means,total_quantity_lag_2,0.04987486433020601
obs_32287083ec91525a,K-Means,total_sales_rolling_MAD,0.042810121270914325
obs_75b8efd714ff5dbf,K-Means,total_quantity_lag_6,0.09502556984360216
obs_75b8efd714ff5dbf,K-Means,total_sales_lag_3,0.06228502593370126
obs_75b8efd714ff5dbf,K-Means,total_sales_lag_6,0.06124319943139473
obs_b92e5452a5769eea,K-Means,total_sales_rolling_MAD,0.06232946834678688
obs_b92e5452a5769eea,K-Means,simulated_actual_payout_trend,0.05506964547094047
obs_b92e5452a5769eea,K-Means,total_sales_lag_6,0.04616210744230163
obs_b81ec307ab3cc515,K-Means,customer_growth,0.07352262420686595
obs_b81ec307ab3cc515,K-Means,distinct_customers_month_over_month_growth,0.07352262420686595
obs_b81ec307ab3cc515,K-Means,simulated_actual_payout_lag_12,0.04829765700367327
obs_a62aebddce9add5a,K-Means,total_sales_lag_6,0.14484458664941652
obs_a62aebddce9add5a,K-Means,total_quantity_lag_6,0.08955299201095418
obs_a62aebddce9add5a,K-Means,distinct_customers_lag_2,0.036701402146879336
obs_f23b0bb1d31b70fd,K-Means,distinct_customers_trend,0.10328799405489544
obs_f23b0bb1d31b70fd,K-Means,distinct_customers_lag_3,0.06051728517842085
obs_f23b0bb1d31b70fd,K-Means,total_quantity_lag_2,0.04205240980189078
obs_5efa7953fb538f31,K-Means,total_quantity_lag_6,0.12398816127791626
obs_5efa7953fb538f31,K-Means,distinct_customers_lag_6,0.10346056565107749
obs_5efa7953fb538f31,K-Means,simulated_actual_payout_lag_6,0.05663539962501862
obs_192c9765c2546b02,K-Means,total_sales_lag_6,0.08753807546502114
obs_192c9765c2546b02,K-Means,simulated_actual_payout_lag_6,0.049331976345700725
obs_192c9765c2546b02,K-Means,total_quantity_lag_1,0.034576233607020425
obs_242ae224edbbae07,K-Means,distinct_customers_lag_6,0.14208764217369552
obs_242ae224edbbae07,K-Means,total_quantity_lag_6,0.06277123248586336
obs_242ae224edbbae07,K-Means,simulated_actual_payout_rolling_MAD,0.04593753242185149
obs_58f4d3993b5b45bd,K-Means,distinct_customers_lag_6,0.12097879443941242
obs_58f4d3993b5b45bd,K-Means,total_quantity_lag_6,0.10901054642909935
obs_58f4d3993b5b45bd,K-Means,total_sales_lag_6,0.07983563103090538
obs_4b3970619f911fd6,K-Means,distinct_customers_lag_6,0.12677917922605197
obs_4b3970619f911fd6,K-Means,total_sales_rolling_MAD,0.04735861833961596
obs_4b3970619f911fd6,K-Means,total_sales_lag_12,0.04117286762087741
obs_eec6f2c7fad38d76,K-Means,distinct_customers_lag_6,0.23497870668519572
obs_eec6f2c7fad38d76,K-Means,new_customers,0.061638221832739135
obs_eec6f2c7fad38d76,K-Means,total_sales_lag_6,0.05311447060520572
obs_0e905af3b93b5145,K-Means,simulated_actual_payout_year_over_year_growth,0.04025474732911212
obs_0e905af3b93b5145,K-Means,total_quantity_lag_1,0.03829894692848152
obs_0e905af3b93b5145,K-Means,distributor_mix_change,0.0380395417233593
obs_052a52cabcac1091,K-Means,distinct_customers_lag_6,0.10997513055216868
obs_052a52cabcac1091,K-Means,total_sales_lag_1,0.03844843974267035
obs_052a52cabcac1091,K-Means,total_quantity_lag_2,0.033039337337432695
obs_e722fff5f7b3ad81,K-Means,subchannel_mix,0.06875698763185169
obs_e722fff5f7b3ad81,K-Means,customer_concentration,0.054755240451467846
obs_e722fff5f7b3ad81,K-Means,city_concentration,0.05475518982093078
obs_80915f1f5725ff14,K-Means,total_quantity_peer_median,0.07706322535989768
obs_80915f1f5725ff14,K-Means,new_customers,0.05537987810659028
obs_80915f1f5725ff14,K-Means,distinct_customers_lag_6,0.05040923131332491
obs_4d21f10b7b1d31e2,K-Means,distributor_count,0.05206106969969841
obs_4d21f10b7b1d31e2,K-Means,total_quantity_rolling_median,0.047046594567203254
obs_4d21f10b7b1d31e2,K-Means,total_quantity_rolling_MAD,0.04469941748314562
obs_d9117c8cd8db883f,K-Means,distributor_count,0.06877501496848619
obs_d9117c8cd8db883f,K-Means,total_quantity_lag_6,0.04813395641087318
obs_d9117c8cd8db883f,K-Means,new_customers,0.04056312469969259
obs_a414c34d53169a46,K-Means,distinct_customers_lag_6,0.10260609485047043
obs_a414c34d53169a46,K-Means,total_sales_lag_6,0.09472234350660301
obs_a414c34d53169a46,K-Means,new_customers,0.07537640570562998
obs_7333e38741215bcb,K-Means,simulated_payout_to_sales_ratio,0.12424420125106848
obs_7333e38741215bcb,K-Means,subchannel_mix,0.11324270017531096
obs_7333e38741215bcb,K-Means,latitude_dispersion,0.0866627121914197
obs_d2bb63224e190063,K-Means,simulated_actual_payout_rolling_mean_3,0.14721189116733782
obs_d2bb63224e190063,K-Means,simulated_actual_payout_lag_1,0.10206184780405245
obs_d2bb63224e190063,K-Means,distinct_customers_team_relative,0.07478692533070237
obs_c166cfa6a58be327,K-Means,simulated_actual_payout_rolling_median,0.16803073848492436
obs_c166cfa6a58be327,K-Means,subchannel_mix,0.09358842705007055
obs_c166cfa6a58be327,K-Means,simulated_actual_payout_lag_2,0.09286900286866616
obs_272ed8093b4c5d13,K-Means,simulated_actual_payout_lag_3,0.1514310344344149
obs_272ed8093b4c5d13,K-Means,distinct_customers_history_deviation,0.050223976087954356
obs_272ed8093b4c5d13,K-Means,simulated_actual_payout_rolling_mean_3,0.04230831272567121
obs_5de06f88b51a2ab3,K-Means,distinct_customers_team_relative,0.05394829232724909
obs_5de06f88b51a2ab3,K-Means,customer_growth,0.045913196082680095
obs_5de06f88b51a2ab3,K-Means,distinct_customers_month_over_month_growth,0.045913196082680095
obs_0bfd9913cb478b4c,K-Means,distinct_customers_rolling_MAD,0.04903664145717409
obs_0bfd9913cb478b4c,K-Means,distinct_customers_acceleration,0.04664784962597725
obs_0bfd9913cb478b4c,K-Means,simulated_actual_payout_history_deviation,0.0458933601510421
obs_62e5c72221b343c4,K-Means,simulated_actual_payout_lag_6,0.2823533294100794
obs_62e5c72221b343c4,K-Means,distinct_customers_peer_country_product_class_relative,0.04728892289074049
obs_62e5c72221b343c4,K-Means,distinct_customers_product_class_relative,0.04697886511518661
obs_4516c561e963f6c0,K-Means,distinct_customers_lag_6,0.06753240369889524
obs_4516c561e963f6c0,K-Means,total_sales_peer_z,0.052153197178123674
obs_4516c561e963f6c0,K-Means,median_price,0.05171618212442988
obs_4d20be4ada41bef6,K-Means,distinct_customers_lag_6,0.04407598562020558
obs_4d20be4ada41bef6,K-Means,total_sales_acceleration,0.033425880169094264
obs_4d20be4ada41bef6,K-Means,product_mix_change,0.032821719557222316
obs_1130753106cf2c76,K-Means,subchannel_mix,0.144486797285175
obs_1130753106cf2c76,K-Means,channel_mix,0.09083063493492548
obs_1130753106cf2c76,K-Means,product_concentration,0.0741202103654865
obs_361217757d53024d,K-Means,distinct_customers_lag_6,0.13321747020558863
obs_361217757d53024d,K-Means,customer_concentration,0.06628713699844987
obs_361217757d53024d,K-Means,city_concentration,0.06628704378729636
obs_b79dfaced0fc80bd,K-Means,distributor_count,0.06276342243886725
obs_b79dfaced0fc80bd,K-Means,distinct_customers_rolling_MAD,0.05930741928154167
obs_b79dfaced0fc80bd,K-Means,product_breadth_change,0.04752293783835365
obs_00ab52f275e8561b,K-Means,product_breadth_change,0.09686324438807015
obs_00ab52f275e8561b,K-Means,customer_growth,0.06678197087756602
obs_00ab52f275e8561b,K-Means,distinct_customers_month_over_month_growth,0.06678197087756602
obs_7c809c13225d7e4a,K-Means,total_sales_lag_3,0.05412798334005393
obs_7c809c13225d7e4a,K-Means,distinct_customers_rolling_MAD,0.04926915385641484
obs_7c809c13225d7e4a,K-Means,simulated_actual_payout_lag_6,0.04823510948904004
obs_0bc036bec65e6788,K-Means,distinct_customers_trend,0.07296885144204675
obs_0bc036bec65e6788,K-Means,distinct_customers_lag_2,0.04840059158567884
obs_0bc036bec65e6788,K-Means,distinct_customers_history_deviation,0.04270054582605291
obs_4ec4edbed5d2f0ec,K-Means,distinct_customers_rolling_MAD,0.10133378944428778
obs_4ec4edbed5d2f0ec,K-Means,distinct_customers_lag_3,0.08029024716329738
obs_4ec4edbed5d2f0ec,K-Means,simulated_actual_payout_trend,0.04810263921946291
obs_362839ad7ca89b45,K-Means,total_sales_lag_6,0.2117978764606577
obs_362839ad7ca89b45,K-Means,total_quantity_lag_6,0.14731272706567825
obs_362839ad7ca89b45,K-Means,distinct_customers_lag_6,0.038553910895542345
obs_5101c6b74efbdfcd,K-Means,simulated_actual_payout_history_deviation,0.05982749868983311
obs_5101c6b74efbdfcd,K-Means,distinct_customers_rolling_median,0.052376300842048355
obs_5101c6b74efbdfcd,K-Means,distinct_customers_lag_3,0.04807159148907329
obs_3b553f832b1c8c18,K-Means,distinct_customers_lag_6,0.362586414059922
obs_3b553f832b1c8c18,K-Means,distinct_customers_rolling_median,0.04853282688413722
obs_3b553f832b1c8c18,K-Means,simulated_actual_payout_lag_6,0.04635942854255702
obs_2deb4f556c2b4161,K-Means,distinct_customers_lag_6,0.29841078842705
obs_2deb4f556c2b4161,K-Means,distinct_customers_rolling_median,0.06255784706007497
obs_2deb4f556c2b4161,K-Means,distinct_customers_rolling_mean_6,0.05811540893509597
obs_99a75cbb4009c142,K-Means,distinct_customers_lag_6,0.20457640916907432
obs_99a75cbb4009c142,K-Means,simulated_actual_payout_peer_z,0.03262186212009397
obs_99a75cbb4009c142,K-Means,distinct_customers_rolling_median,0.032299282214556274
obs_9e78d27f6225ce5a,K-Means,distinct_customers_lag_6,0.10659412637800511
obs_9e78d27f6225ce5a,K-Means,new_customers,0.08096628287999887
obs_9e78d27f6225ce5a,K-Means,distinct_customers_lag_3,0.03589938422989988
obs_4676c55d8a7efb87,K-Means,distinct_customers_lag_6,0.22301868729559027
obs_4676c55d8a7efb87,K-Means,new_customers,0.048816049369454495
obs_4676c55d8a7efb87,K-Means,distinct_customers_rolling_median,0.04672750923721073
obs_28a00261025228a0,K-Means,distinct_customers_lag_6,0.24653005807808548
obs_28a00261025228a0,K-Means,new_customers,0.09237833430761017
obs_28a00261025228a0,K-Means,distinct_customers_rolling_median,0.04033556724864504
obs_b7354cf6fdcb20cb,K-Means,distinct_customers_lag_6,0.17421802219083599
obs_b7354cf6fdcb20cb,K-Means,new_customers,0.06387418287564188
obs_b7354cf6fdcb20cb,K-Means,distributor_count,0.05560421174788916
obs_2a64fbe2d47aa63e,K-Means,new_customers,0.19053161384423514
obs_2a64fbe2d47aa63e,K-Means,distinct_customers_lag_6,0.10496383393607654
obs_2a64fbe2d47aa63e,K-Means,customer_concentration,0.061734592642101425
obs_98eb32fd0eeef011,K-Means,new_customers,0.28219021807333106
obs_98eb32fd0eeef011,K-Means,distinct_customers_lag_6,0.11034326916275479
obs_98eb32fd0eeef011,K-Means,total_sales_lag_6,0.06317203747878855
obs_6429b60561dd55f7,K-Means,distinct_customers_lag_6,0.22228731455631784
obs_6429b60561dd55f7,K-Means,new_customers,0.09281828828030679
obs_6429b60561dd55f7,K-Means,distributor_count,0.06155463312157024
obs_278adef27dea2ab1,K-Means,distinct_customers_team_relative,0.15139230710848411
obs_278adef27dea2ab1,K-Means,distinct_customers_peer_country_product_class_relative,0.10238175365173989
obs_278adef27dea2ab1,K-Means,distinct_customers_product_class_relative,0.10146355567639159
obs_47f9f55ccb122c3a,K-Means,simulated_actual_payout_rolling_mean_3,0.1671705769210006
obs_47f9f55ccb122c3a,K-Means,simulated_actual_payout_lag_1,0.12430273702841069
obs_47f9f55ccb122c3a,K-Means,simulated_actual_payout_rolling_mean_6,0.05516660984826009
obs_2fe2076e769a0e04,K-Means,total_sales_rolling_std,0.14889657367740447
obs_2fe2076e769a0e04,K-Means,simulated_actual_payout_rolling_median,0.13834143209765548
obs_2fe2076e769a0e04,K-Means,simulated_actual_payout_lag_2,0.08813119923479104
obs_f8fe87ad51c60d69,K-Means,simulated_actual_payout_lag_3,0.11495971739115987
obs_f8fe87ad51c60d69,K-Means,simulated_actual_payout_peer_z,0.09467516282595459
obs_f8fe87ad51c60d69,K-Means,simulated_actual_payout_rolling_MAD,0.06030201877416819
obs_0e1b58afca253ca9,K-Means,total_sales_peer_z,0.08181864812345467
obs_0e1b58afca253ca9,K-Means,product_mix_change,0.06772612000098772
obs_0e1b58afca253ca9,K-Means,distinct_customers_rolling_MAD,0.04415991216596782
obs_cd6ce9e3328af4f0,K-Means,total_sales_month_over_month_growth,0.06535091005242323
obs_cd6ce9e3328af4f0,K-Means,total_sales_acceleration,0.057540811008529265
obs_cd6ce9e3328af4f0,K-Means,total_quantity_month_over_month_growth,0.04658925306495647
obs_dd4c560e45d219cb,K-Means,simulated_actual_payout_lag_6,0.32323977924190134
obs_dd4c560e45d219cb,K-Means,distinct_customers_lag_6,0.07055039732445435
obs_dd4c560e45d219cb,K-Means,latitude_dispersion,0.0401517317738135
obs_0bf451f599dcc51c,K-Means,total_sales_trend,0.05650150601097771
obs_0bf451f599dcc51c,K-Means,customer_concentration,0.05292277925072758
obs_0bf451f599dcc51c,K-Means,city_concentration,0.05292167603406663
obs_561550360f8465a1,K-Means,total_quantity_rolling_MAD,0.11439073025518415
obs_561550360f8465a1,K-Means,total_quantity_history_deviation,0.05813454369769886
obs_561550360f8465a1,K-Means,distinct_customers_rolling_std,0.05598629586281575
obs_37425032394b7dd2,K-Means,subchannel_mix,0.12714147188243605
obs_37425032394b7dd2,K-Means,customer_concentration,0.09881609963338213
obs_37425032394b7dd2,K-Means,city_concentration,0.09881594560759273
obs_f85b941c64ff71ed,K-Means,total_sales_lag_6,0.1620210928208365
obs_f85b941c64ff71ed,K-Means,total_quantity_lag_6,0.10637494813946932
obs_f85b941c64ff71ed,K-Means,median_price,0.055702549639835536
obs_4cdace3f20c85067,K-Means,median_price,0.12697729725252982
obs_4cdace3f20c85067,K-Means,simulated_target_attainment_pct,0.04060079150138526
obs_4cdace3f20c85067,K-Means,total_quantity,0.038030715963103236
obs_a9a546a4d53fc50c,K-Means,total_sales_lag_1,0.07139725778086825
obs_a9a546a4d53fc50c,K-Means,total_quantity_lag_1,0.07078196617100027
obs_a9a546a4d53fc50c,K-Means,customer_growth,0.057674104872613596
obs_e68fc7896a5e47df,K-Means,total_quantity_lag_2,0.13154329048509808
obs_e68fc7896a5e47df,K-Means,total_sales_lag_2,0.12946607834882976
obs_e68fc7896a5e47df,K-Means,simulated_actual_payout_lag_2,0.05012096463891118
obs_7c7df77b19c761b1,K-Means,distinct_customers_trend,0.07986493834939852
obs_7c7df77b19c761b1,K-Means,total_sales_lag_3,0.04774834362899042
obs_7c7df77b19c761b1,K-Means,total_quantity_lag_3,0.046567229084275276
obs_0f8d4e41db9e0aa4,K-Means,total_sales_lag_6,0.07098550483268762
obs_0f8d4e41db9e0aa4,K-Means,total_quantity_trend,0.06334625067537498
obs_0f8d4e41db9e0aa4,K-Means,simulated_actual_payout_trend,0.06326513391254382
obs_5ad5d19172c357a7,K-Means,total_quantity_lag_2,0.06593223092031222
obs_5ad5d19172c357a7,K-Means,total_sales_lag_6,0.05560658531241466
obs_5ad5d19172c357a7,K-Means,distinct_customers_lag_2,0.04649563618441803
obs_907d282003c9c3a0,K-Means,total_sales_lag_6,0.11844688708240783
obs_907d282003c9c3a0,K-Means,total_quantity_lag_6,0.09460074402348675
obs_907d282003c9c3a0,K-Means,simulated_actual_payout_lag_6,0.07235648671130272
obs_bb8178536d0155f7,K-Means,distinct_customers_lag_6,0.08521077105781001
obs_bb8178536d0155f7,K-Means,total_sales_acceleration,0.04616169515153891
obs_bb8178536d0155f7,K-Means,total_sales_lag_1,0.03797840096778308
obs_767b15ff7e3610f9,K-Means,distinct_customers_lag_6,0.2619092648922407
obs_767b15ff7e3610f9,K-Means,total_sales_lag_2,0.04829580890871714
obs_767b15ff7e3610f9,K-Means,distinct_customers_rolling_mean_6,0.031178092985399794
obs_26caa4d4b13383df,K-Means,distinct_customers_lag_6,0.22999840966971546
obs_26caa4d4b13383df,K-Means,total_quantity_lag_6,0.09865345431049144
obs_26caa4d4b13383df,K-Means,total_sales_lag_6,0.05851207927151227
obs_32b0ee52e4974c09,K-Means,distinct_customers_lag_6,0.1727586392604847
obs_32b0ee52e4974c09,K-Means,total_quantity_trend,0.048740656624075084
obs_32b0ee52e4974c09,K-Means,distinct_customers_lag_3,0.04496516653436724
obs_1f0e4884ec36bce7,K-Means,distinct_customers_lag_6,0.07654749061383471
obs_1f0e4884ec36bce7,K-Means,new_customers,0.05456651326728089
obs_1f0e4884ec36bce7,K-Means,total_sales_lag_6,0.04717163798976641
obs_86f4e52429bb32d5,K-Means,total_sales_lag_6,0.12543953339633723
obs_86f4e52429bb32d5,K-Means,total_quantity_lag_6,0.06700524086419357
obs_86f4e52429bb32d5,K-Means,new_customers,0.058557057018172105
obs_a38e9669fc4913f4,K-Means,distinct_customers_lag_6,0.1534208781609287
obs_a38e9669fc4913f4,K-Means,new_customers,0.05085883892310757
obs_a38e9669fc4913f4,K-Means,distributor_count,0.044125447449150694
obs_ea6b56f3e9c18bb2,K-Means,new_customers,0.256829491060775
obs_ea6b56f3e9c18bb2,K-Means,distinct_customers_lag_6,0.12742887595849803
obs_ea6b56f3e9c18bb2,K-Means,distinct_customers_trend,0.042739713762025594
obs_f9d1029a6941a846,K-Means,new_customers,0.13176166985192092
obs_f9d1029a6941a846,K-Means,distinct_customers_lag_6,0.12878595475917348
obs_f9d1029a6941a846,K-Means,total_quantity_lag_6,0.09006548271602316
obs_cd66821449168102,K-Means,distinct_customers_lag_6,0.1976730352667621
obs_cd66821449168102,K-Means,new_customers,0.08963317232090162
obs_cd66821449168102,K-Means,distributor_count,0.04905731760415875
obs_77a99877de3c1484,K-Means,latitude_dispersion,0.11925838499725995
obs_77a99877de3c1484,K-Means,distinct_customers_peer_country_product_class_relative,0.10002436529485241
obs_77a99877de3c1484,K-Means,distinct_customers_product_class_relative,0.09912730926266482
obs_b99e185dbc13e970,K-Means,simulated_actual_payout_rolling_mean_3,0.11689359337221325
obs_b99e185dbc13e970,K-Means,simulated_actual_payout_lag_1,0.0922804258291397
obs_b99e185dbc13e970,K-Means,repeat_customer_ratio,0.039030068129724975
obs_1ac5b7bdda595109,K-Means,total_quantity_rolling_std,0.10554017628360318
obs_1ac5b7bdda595109,K-Means,simulated_actual_payout_rolling_median,0.09103082305843231
obs_1ac5b7bdda595109,K-Means,total_sales_rolling_std,0.08432804283161369
obs_4d3c5b907c744439,K-Means,simulated_actual_payout_lag_3,0.11735600948560114
obs_4d3c5b907c744439,K-Means,distinct_customers_trend,0.06259034924561498
obs_4d3c5b907c744439,K-Means,total_quantity_rolling_median,0.04433442454219646
obs_28af5876f0a448b4,K-Means,total_quantity_peer_country_product_class_relative,0.059783423666601714
obs_28af5876f0a448b4,K-Means,total_quantity_product_class_relative,0.0596213611546269
obs_28af5876f0a448b4,K-Means,total_quantity_history_deviation,0.05841103032920772
obs_8d5f4d007c254c68,K-Means,total_quantity_acceleration,0.05504583311804806
obs_8d5f4d007c254c68,K-Means,simulated_actual_payout_rolling_MAD,0.04300858223757812
obs_8d5f4d007c254c68,K-Means,total_quantity_lag_1,0.03985265882700763
obs_2979534ddb1ec7be,K-Means,simulated_actual_payout_lag_6,0.17746673834686594
obs_2979534ddb1ec7be,K-Means,total_sales_lag_1,0.06388063573161472
obs_2979534ddb1ec7be,K-Means,total_sales_trend,0.06324995985477745
obs_f30678984d366dd1,K-Means,total_quantity_lag_6,0.13827987124482066
obs_f30678984d366dd1,K-Means,total_sales_lag_6,0.07350765728137061
obs_f30678984d366dd1,K-Means,latitude_dispersion,0.05882858837946165
obs_172f8a576131e5d5,K-Means,total_sales_lag_3,0.05244093283383456
obs_172f8a576131e5d5,K-Means,distinct_customers_history_deviation,0.048038973830481675
obs_172f8a576131e5d5,K-Means,total_quantity_lag_3,0.040895102310890975
obs_fb92fb95e352914b,K-Means,subchannel_mix,0.04955261173953328
obs_fb92fb95e352914b,K-Means,median_price,0.04159785680422293
obs_fb92fb95e352914b,K-Means,product_concentration,0.04135994159470987
obs_d06901f1df737f79,K-Means,total_quantity_lag_2,0.08198326214218969
obs_d06901f1df737f79,K-Means,total_quantity_lag_6,0.07604483899157075
obs_d06901f1df737f79,K-Means,total_sales_lag_2,0.05746017940210121
obs_7fb926aba0f08d33,K-Means,total_sales_lag_6,0.11728170611122107
obs_7fb926aba0f08d33,K-Means,total_quantity_lag_6,0.08393214771254298
obs_7fb926aba0f08d33,K-Means,total_quantity_team_relative,0.04605162161877601
obs_a0eaec0824425112,K-Means,total_quantity_lag_1,0.06907331930208636
obs_a0eaec0824425112,K-Means,total_sales_lag_1,0.048432027095671654
obs_a0eaec0824425112,K-Means,total_quantity_trend,0.0474435935276513
obs_b6b752c377e35af7,K-Means,total_quantity_lag_2,0.13946597612626505
obs_b6b752c377e35af7,K-Means,total_sales_lag_2,0.09401847161934358
obs_b6b752c377e35af7,K-Means,total_quantity_rolling_std,0.059054445213283895
obs_f61f16c90004c6bb,K-Means,total_quantity_lag_6,0.11419414068163111
obs_f61f16c90004c6bb,K-Means,total_quantity_lag_3,0.1102531759533836
obs_f61f16c90004c6bb,K-Means,total_sales_lag_6,0.09384079130262
obs_8a6286557c28fd32,K-Means,total_sales_rolling_MAD,0.34791997076239634
obs_8a6286557c28fd32,K-Means,distributor_concentration,0.05809219137531454
obs_8a6286557c28fd32,K-Means,total_quantity_rolling_std,0.05716707808211063
obs_4757f6d9472fda96,K-Means,total_sales_rolling_MAD,0.2874634459744304
obs_4757f6d9472fda96,K-Means,simulated_actual_payout_rolling_MAD,0.05792840333709412
obs_4757f6d9472fda96,K-Means,total_quantity_rolling_std,0.0443693082148018
obs_49c82dc0de060b8e,K-Means,total_quantity_lag_6,0.20343131166035477
obs_49c82dc0de060b8e,K-Means,total_sales_lag_6,0.17367450943127286
obs_49c82dc0de060b8e,K-Means,total_sales_rolling_MAD,0.06656165561264761
obs_bd9ac0d063ee0847,K-Means,distinct_customers_lag_6,0.172050991987622
obs_bd9ac0d063ee0847,K-Means,total_sales_rolling_MAD,0.12576875302564272
obs_bd9ac0d063ee0847,K-Means,simulated_actual_payout_rolling_MAD,0.05375038285658955
obs_44110b4bb25c937b,K-Means,distinct_customers_lag_6,0.22306793461088578
obs_44110b4bb25c937b,K-Means,total_sales_rolling_MAD,0.058639426506890455
obs_44110b4bb25c937b,K-Means,simulated_actual_payout_rolling_MAD,0.04951355249012579
obs_a6bf95db374f44b4,K-Means,distinct_customers_lag_6,0.13255376344210826
obs_a6bf95db374f44b4,K-Means,new_customers,0.10068458621822089
obs_a6bf95db374f44b4,K-Means,median_price,0.059629661380513656
obs_fa7053de17982c41,K-Means,distinct_customers_lag_6,0.1456230856193996
obs_fa7053de17982c41,K-Means,distinct_customers_lag_3,0.0551582544681633
obs_fa7053de17982c41,K-Means,subchannel_mix,0.032041862904687135
obs_5c38a7c18c2ddbb2,K-Means,total_quantity_team_relative,0.05892634203195729
obs_5c38a7c18c2ddbb2,K-Means,distinct_customers_lag_6,0.05853489735725999
obs_5c38a7c18c2ddbb2,K-Means,new_customers,0.05073734777167069
obs_e5449791e7b4c89b,K-Means,new_customers,0.04413573287486734
obs_e5449791e7b4c89b,K-Means,distinct_customers_lag_6,0.0440117298433812
obs_e5449791e7b4c89b,K-Means,distinct_customers_rolling_median,0.042172461771507325
obs_5be129f93c304a45,K-Means,distinct_customers_lag_6,0.11926721382997582
obs_5be129f93c304a45,K-Means,new_customers,0.07909106819864917
obs_5be129f93c304a45,K-Means,total_quantity_peer_median,0.06846974689411076
obs_8336a042f33369e2,K-Means,distinct_customers_lag_6,0.10839504099416099
obs_8336a042f33369e2,K-Means,total_sales_lag_6,0.04637318619792362
obs_8336a042f33369e2,K-Means,new_customers,0.04485691307395488
obs_4ee1ce5944c5064a,K-Means,new_customers,0.10747179889761899
obs_4ee1ce5944c5064a,K-Means,distinct_customers_lag_6,0.06218880012005795
obs_4ee1ce5944c5064a,K-Means,distributor_count,0.04480994488184208
obs_92fced08c02c0033,K-Means,distinct_customers_lag_6,0.16445231022363235
obs_92fced08c02c0033,K-Means,new_customers,0.07268645470930227
obs_92fced08c02c0033,K-Means,distributor_count,0.06327553382135981
obs_b233f5b5eb920fbf,K-Means,distinct_customers_peer_country_product_class_relative,0.19781518737999865
obs_b233f5b5eb920fbf,K-Means,distinct_customers_product_class_relative,0.1960411065690438
obs_b233f5b5eb920fbf,K-Means,distinct_customers_peer_z,0.1040528235311265
obs_9bfbbc88e3dfbf62,K-Means,simulated_actual_payout_rolling_mean_3,0.14853952453582878
obs_9bfbbc88e3dfbf62,K-Means,simulated_actual_payout_lag_1,0.08527773413165314
obs_9bfbbc88e3dfbf62,K-Means,simulated_actual_payout_rolling_mean_6,0.05004340713500618
obs_99508b8a31a6044c,K-Means,simulated_actual_payout_rolling_median,0.2560666118251367
obs_99508b8a31a6044c,K-Means,simulated_actual_payout_lag_2,0.13418071799183523
obs_99508b8a31a6044c,K-Means,simulated_actual_payout_rolling_mean_3,0.07387956844770364
obs_7973615dff37ffd1,K-Means,simulated_actual_payout_lag_3,0.13274810434542733
obs_7973615dff37ffd1,K-Means,simulated_actual_payout_rolling_MAD,0.10186729371644591
obs_7973615dff37ffd1,K-Means,latitude_dispersion,0.07930662179699813
obs_4ba076ed610ee970,K-Means,total_quantity_rolling_MAD,0.13535229229236873
obs_4ba076ed610ee970,K-Means,total_quantity_history_deviation,0.06250855467218053
obs_4ba076ed610ee970,K-Means,total_sales_rolling_MAD,0.03752854486991387
obs_c4a21a6fff5101f5,K-Means,subchannel_mix,0.0639352083772009
obs_c4a21a6fff5101f5,K-Means,total_quantity_rolling_MAD,0.053515564902105094
obs_c4a21a6fff5101f5,K-Means,distinct_customers_history_deviation,0.04384279022128041
obs_8939e2a596e98823,K-Means,simulated_actual_payout_lag_6,0.3689911265464539
obs_8939e2a596e98823,K-Means,latitude_dispersion,0.15941324952401084
obs_8939e2a596e98823,K-Means,distinct_customers_lag_6,0.03564484993522957
obs_724f40891fd547bd,K-Means,total_sales_lag_6,0.0956624458257527
obs_724f40891fd547bd,K-Means,simulated_actual_payout_lag_6,0.0687025206099174
obs_724f40891fd547bd,K-Means,total_quantity_lag_6,0.038456608866328526
obs_c07aa415e6eb4f30,K-Means,simulated_actual_payout_history_deviation,0.05301571786498709
obs_c07aa415e6eb4f30,K-Means,total_quantity_rolling_MAD,0.049080353436464164
obs_c07aa415e6eb4f30,K-Means,total_quantity_history_deviation,0.04807436511488765
obs_df52d35a45f8bf68,K-Means,distinct_customers_lag_6,0.08555161591834343
obs_df52d35a45f8bf68,K-Means,simulated_actual_payout_trend,0.061059695924369585
obs_df52d35a45f8bf68,K-Means,simulated_actual_payout_rolling_mean_3,0.04104518992433913
obs_4126a2b775dedf7f,K-Means,distributor_count,0.10496442327042335
obs_4126a2b775dedf7f,K-Means,distributor_concentration,0.07326591873032837
obs_4126a2b775dedf7f,K-Means,channel_mix,0.04908626758741351
obs_c151ba8ea4c9d3e9,K-Means,distinct_customers_lag_6,0.06857297288691411
obs_c151ba8ea4c9d3e9,K-Means,product_breadth_change,0.06142793973653407
obs_c151ba8ea4c9d3e9,K-Means,distinct_customers_rolling_MAD,0.061061832234527894
obs_93efa5e520a14da4,K-Means,customer_growth,0.05646076242420405
obs_93efa5e520a14da4,K-Means,distinct_customers_month_over_month_growth,0.05646076242420405
obs_93efa5e520a14da4,K-Means,product_breadth_change,0.05224349859496973
obs_5a1c8547afd06027,K-Means,country_mix,0.10481177577254436
obs_5a1c8547afd06027,K-Means,distinct_customers_acceleration,0.05077728003313558
obs_5a1c8547afd06027,K-Means,distinct_customers_history_deviation,0.04466006283861484
obs_5908dc161f3ca50d,K-Means,distinct_customers_trend,0.14791203654096358
obs_5908dc161f3ca50d,K-Means,total_sales_lag_6,0.04771832902649582
obs_5908dc161f3ca50d,K-Means,simulated_actual_payout_rolling_mean_3,0.033563615841743645
obs_713f7c47e95bec5f,K-Means,distinct_customers_rolling_MAD,0.08154057160421199
obs_713f7c47e95bec5f,K-Means,total_quantity_lag_6,0.050612043053515667
obs_713f7c47e95bec5f,K-Means,distinct_customers_rolling_std,0.04758682011067428
obs_222604120f61a2f5,K-Means,total_sales_rolling_MAD,0.07149417174147743
obs_222604120f61a2f5,K-Means,total_quantity_rolling_std,0.06745398988768776
obs_222604120f61a2f5,K-Means,total_sales_rolling_std,0.06211302233191037
obs_3fa24be50b0003a7,K-Means,distinct_customers_lag_6,0.09789043044335127
obs_3fa24be50b0003a7,K-Means,total_sales_lag_6,0.0543054738177164
obs_3fa24be50b0003a7,K-Means,distinct_customers_lag_3,0.048274748217516365
obs_68618141fb96333c,K-Means,total_sales_rolling_MAD,0.08670292439451056
obs_68618141fb96333c,K-Means,distinct_customers_lag_6,0.08406898071137642
obs_68618141fb96333c,K-Means,total_sales_rolling_std,0.058724983080156314
obs_63edf6dab59a7f17,K-Means,total_sales_rolling_MAD,0.10134311918622264
obs_63edf6dab59a7f17,K-Means,distinct_customers_lag_6,0.05048494612552946
obs_63edf6dab59a7f17,K-Means,simulated_actual_payout_rolling_MAD,0.03363119037708396
obs_953f59ce7800444e,K-Means,distinct_customers_lag_6,0.1872645331699002
obs_953f59ce7800444e,K-Means,new_customers,0.045244281960299185
obs_953f59ce7800444e,K-Means,product_concentration,0.03667680702218254
obs_d613301fbe34d91c,K-Means,total_quantity_lag_2,0.07668214936944662
obs_d613301fbe34d91c,K-Means,total_sales_lag_2,0.059618139276458204
obs_d613301fbe34d91c,K-Means,new_customers,0.04957859225276842
obs_584bf1df6e76f200,K-Means,total_quantity_lag_3,0.12482508670901547
obs_584bf1df6e76f200,K-Means,total_sales_lag_3,0.10221304135552853
obs_584bf1df6e76f200,K-Means,total_quantity_trend,0.06673560618884652
obs_2ba1e1a3bc6df4b8,K-Means,new_customers,0.11037442181647401
obs_2ba1e1a3bc6df4b8,K-Means,total_quantity_lag_6,0.05623162025659469
obs_2ba1e1a3bc6df4b8,K-Means,distinct_customers_history_deviation,0.05090310269272233
obs_fb399c34ea4c6dcd,K-Means,subchannel_mix,0.07940211151438917
obs_fb399c34ea4c6dcd,K-Means,distinct_customers_lag_6,0.07655758579499666
obs_fb399c34ea4c6dcd,K-Means,total_quantity_peer_median,0.06357532978099159
obs_c0d1c6de3bdde231,K-Means,distinct_customers_lag_6,0.12317494455733921
obs_c0d1c6de3bdde231,K-Means,total_quantity_lag_6,0.0629534649480137
obs_c0d1c6de3bdde231,K-Means,total_sales_lag_6,0.04510780208103356
obs_b216b604baf6e880,K-Means,distinct_customers_lag_6,0.0595422414439522
obs_b216b604baf6e880,K-Means,distributor_concentration,0.051747958193347474
obs_b216b604baf6e880,K-Means,total_sales_lag_6,0.049655007319495105
obs_b777ee20cf495f39,K-Means,distributor_count,0.05602598100904852
obs_b777ee20cf495f39,K-Means,new_customers,0.05063229629628549
obs_b777ee20cf495f39,K-Means,total_quantity_lag_1,0.034432495795189866
obs_b244789d21a3e211,K-Means,distributor_concentration,0.12117032393603987
obs_b244789d21a3e211,K-Means,simulated_payout_to_sales_ratio,0.05689580134485203
obs_b244789d21a3e211,K-Means,total_quantity_team_relative,0.0509900918393538
obs_7bf68159f37a5ee0,K-Means,simulated_actual_payout_rolling_mean_3,0.17223276821549333
obs_7bf68159f37a5ee0,K-Means,median_price,0.15974017737652
obs_7bf68159f37a5ee0,K-Means,simulated_actual_payout_lag_1,0.1159680840988185
obs_5d3274ab7bdf9b15,K-Means,median_price,0.20254432030735584
obs_5d3274ab7bdf9b15,K-Means,simulated_actual_payout_rolling_median,0.15276006038183565
obs_5d3274ab7bdf9b15,K-Means,total_sales_rolling_std,0.12831970537861062
obs_28552404d75b3d69,K-Means,simulated_actual_payout_lag_3,0.13338584387481087
obs_28552404d75b3d69,K-Means,total_sales_rolling_MAD,0.07120733851215857
obs_28552404d75b3d69,K-Means,total_sales_history_deviation,0.04152080761506199
obs_6aa1c350bc61fdfe,K-Means,median_price,0.3177240229426686
obs_6aa1c350bc61fdfe,K-Means,average_price,0.09774508892240757
obs_6aa1c350bc61fdfe,K-Means,simulated_actual_payout_rolling_mean_3,0.04410711939168437
obs_e15e3c3869dcda4a,K-Means,simulated_actual_payout_rolling_mean_3,0.10437108973068548
obs_e15e3c3869dcda4a,K-Means,simulated_actual_payout_rolling_MAD,0.07784210388795494
obs_e15e3c3869dcda4a,K-Means,average_price,0.07264222849159342
obs_33643078426ff90d,K-Means,simulated_actual_payout_lag_6,0.3007330425179957
obs_33643078426ff90d,K-Means,median_price,0.10905195983590754
obs_33643078426ff90d,K-Means,channel_mix,0.030691022485067315
obs_48eee27141148124,K-Means,latitude_dispersion,0.07927456951788159
obs_48eee27141148124,K-Means,total_sales_lag_1,0.04533730040805168
obs_48eee27141148124,K-Means,total_sales_month_over_month_growth,0.0414170918484207
obs_6d0b7b4fd9f3baf4,K-Means,median_price,0.0638111022359304
obs_6d0b7b4fd9f3baf4,K-Means,total_quantity_peer_country_product_class_relative,0.041501638644513346
obs_6d0b7b4fd9f3baf4,K-Means,total_quantity_product_class_relative,0.04140487135364816
obs_7cbd8cc9e41782e9,K-Means,distinct_customers_lag_6,0.06251642207688776
obs_7cbd8cc9e41782e9,K-Means,total_quantity_trend,0.05328603111779945
obs_7cbd8cc9e41782e9,K-Means,total_sales_lag_6,0.051948369826220926
obs_b6c55f9422a11484,K-Means,product_breadth_change,0.08262346784406027
obs_b6c55f9422a11484,K-Means,total_sales_lag_3,0.06838742701540117
obs_b6c55f9422a11484,K-Means,total_quantity_lag_3,0.06303614754696472
obs_05bc3e5d59c3fa68,K-Means,median_price,0.12479563009585976
obs_05bc3e5d59c3fa68,K-Means,simulated_actual_payout_team_relative,0.03699305427492643
obs_05bc3e5d59c3fa68,K-Means,simulated_actual_payout_peer_country_product_class_relative,0.03368877863595147
obs_80395d20ba2cee99,K-Means,median_price,0.09501551045492687
obs_80395d20ba2cee99,K-Means,total_sales_lag_6,0.09069271285046501
obs_80395d20ba2cee99,K-Means,customer_growth,0.08836117186314843
obs_9e0903bc45ffae24,K-Means,distinct_customers_lag_2,0.06760121918212919
obs_9e0903bc45ffae24,K-Means,simulated_actual_payout_lag_6,0.06252487308153404
obs_9e0903bc45ffae24,K-Means,total_sales_lag_6,0.0586025033164004
obs_d726d5ba2e2d76ce,K-Means,distinct_customers_trend,0.10989016393924703
obs_d726d5ba2e2d76ce,K-Means,total_quantity_lag_6,0.05621030058417638
obs_d726d5ba2e2d76ce,K-Means,country_mix,0.04670781739917536
obs_318521c6adc15704,K-Means,total_sales_lag_6,0.05165077907181405
obs_318521c6adc15704,K-Means,simulated_actual_payout_lag_6,0.05085286653731946
obs_318521c6adc15704,K-Means,total_quantity_lag_6,0.04153325982977927
obs_6589eb701a410167,K-Means,total_sales_lag_6,0.12286138576681437
obs_6589eb701a410167,K-Means,total_sales_lag_2,0.0588105711470309
obs_6589eb701a410167,K-Means,simulated_actual_payout_lag_6,0.048101739570529156
obs_a92839872466a678,K-Means,distinct_customers_lag_6,0.09804493882318627
obs_a92839872466a678,K-Means,median_price,0.08120607138273037
obs_a92839872466a678,K-Means,total_quantity_peer_median,0.05773025734225845
obs_6754e1cd36efe08c,K-Means,latitude_dispersion,0.09023385793619082
obs_6754e1cd36efe08c,K-Means,total_sales_lag_6,0.0630584035940538
obs_6754e1cd36efe08c,K-Means,average_price,0.05331688408069857
obs_a4443d30223db44c,K-Means,distinct_customers_lag_6,0.06518873997251312
obs_a4443d30223db44c,K-Means,total_sales_lag_3,0.041666766282919945
obs_a4443d30223db44c,K-Means,total_sales_peer_median,0.034936022742755306
obs_8966e5e271ad1b1e,K-Means,distinct_customers_lag_6,0.15454036859269202
obs_8966e5e271ad1b1e,K-Means,total_sales_lag_6,0.1141990434625839
obs_8966e5e271ad1b1e,K-Means,country_mix,0.07396306015907864
obs_d1ccc5d0742f68ae,K-Means,distinct_customers_lag_6,0.07646855077546959
obs_d1ccc5d0742f68ae,K-Means,product_mix_change,0.05692838053766034
obs_d1ccc5d0742f68ae,K-Means,distinct_customers_history_deviation,0.034044267071307865
obs_542377b2933417c9,K-Means,distinct_customers_lag_6,0.13215893645946958
obs_542377b2933417c9,K-Means,total_sales_lag_6,0.07017289779850827
obs_542377b2933417c9,K-Means,distinct_customers_trend,0.04674995974683388
obs_73e46e98c829288a,K-Means,new_customers,0.05129225355386564
obs_73e46e98c829288a,K-Means,representative_rank,0.04954196967297617
obs_73e46e98c829288a,K-Means,total_quantity_product_class_relative,0.04466641530754854
obs_5a210aa8f1cba883,K-Means,distinct_customers_lag_3,0.06718188278855482
obs_5a210aa8f1cba883,K-Means,distributor_count,0.055714487817830075
obs_5a210aa8f1cba883,K-Means,new_customers,0.051074903972421794
obs_58f27ea1af851e20,K-Means,new_customers,0.13143532928449395
obs_58f27ea1af851e20,K-Means,simulated_actual_payout_rolling_mean_3,0.0504631198986085
obs_58f27ea1af851e20,K-Means,distinct_customers_trend,0.04565322950838506
obs_4d13e89d6197649d,K-Means,distinct_customers_rolling_MAD,0.08174404603788775
obs_4d13e89d6197649d,K-Means,median_price,0.07101816300125716
obs_4d13e89d6197649d,K-Means,distinct_customers_lag_6,0.06305898229347755
obs_875a762049353ec8,K-Means,distinct_customers_lag_6,0.2355489980746649
obs_875a762049353ec8,K-Means,new_customers,0.07013801455921952
obs_875a762049353ec8,K-Means,median_price,0.06646358466394678
obs_17a7feac9427b114,K-Means,median_price,0.09771740908469151
obs_17a7feac9427b114,K-Means,average_price,0.08538509549657262
obs_17a7feac9427b114,K-Means,distributor_concentration,0.06139294380964578
obs_44ac73bb7b958d05,K-Means,simulated_actual_payout_rolling_mean_3,0.06796637118739127
obs_44ac73bb7b958d05,K-Means,simulated_actual_payout_lag_1,0.05409059283967484
obs_44ac73bb7b958d05,K-Means,subchannel_mix,0.05180899309964649
obs_27524602b896e1a8,K-Means,distinct_customers_rolling_std,0.2249068684062978
obs_27524602b896e1a8,K-Means,simulated_actual_payout_rolling_median,0.13989913033492052
obs_27524602b896e1a8,K-Means,product_breadth_change,0.07390879531556722
obs_4793801fa7bdd012,K-Means,distinct_customers_rolling_MAD,0.10891189858034014
obs_4793801fa7bdd012,K-Means,product_breadth_change,0.05730105221346176
obs_4793801fa7bdd012,K-Means,latitude_dispersion,0.05656496176330512
obs_cd8ba18276cb08a1,K-Means,customer_concentration,0.054397923400400464
obs_cd8ba18276cb08a1,K-Means,city_concentration,0.054397856365367654
obs_cd8ba18276cb08a1,K-Means,product_concentration,0.04925495357596269
obs_25bf323de42ea0d6,K-Means,total_sales_lag_1,0.07414868363089763
obs_25bf323de42ea0d6,K-Means,total_quantity_acceleration,0.06795952237518721
obs_25bf323de42ea0d6,K-Means,total_quantity_lag_1,0.06338091470796654
obs_4a8e791302735fd2,K-Means,simulated_actual_payout_lag_6,0.15475250043043437
obs_4a8e791302735fd2,K-Means,total_sales_lag_2,0.09535754821794103
obs_4a8e791302735fd2,K-Means,total_quantity_lag_2,0.08413803525231311
obs_71e8208d4e32623d,K-Means,total_sales_lag_3,0.11758734145975036
obs_71e8208d4e32623d,K-Means,total_quantity_lag_3,0.10407661346536781
obs_71e8208d4e32623d,K-Means,total_sales_rolling_std,0.04256200505005333
obs_a57fe324acbc57da,K-Means,latitude_dispersion,0.06510294765000141
obs_a57fe324acbc57da,K-Means,distinct_customers_lag_1,0.039542253144596896
obs_a57fe324acbc57da,K-Means,distinct_customers_lag_3,0.03738589726397018
obs_1c99d9744f6847f0,K-Means,distinct_customers_lag_6,0.15662065799569155
obs_1c99d9744f6847f0,K-Means,total_quantity_lag_6,0.13613194448031138
obs_1c99d9744f6847f0,K-Means,total_sales_lag_6,0.08401160046266799
obs_5e6d3a86d859b772,K-Means,total_sales_lag_6,0.20994883118110752
obs_5e6d3a86d859b772,K-Means,total_quantity_lag_6,0.15672925996088094
obs_5e6d3a86d859b772,K-Means,simulated_actual_payout_lag_6,0.06602940631206572
obs_adfd95ec7094e88d,K-Means,product_breadth_change,0.0568714492237284
obs_adfd95ec7094e88d,K-Means,distinct_customers_history_deviation,0.050710998723663414
obs_adfd95ec7094e88d,K-Means,customer_concentration,0.047701517210927975
obs_7f121eebf008c4bf,K-Means,product_breadth_change,0.08793095018784235
obs_7f121eebf008c4bf,K-Means,customer_growth,0.052457398425609585
obs_7f121eebf008c4bf,K-Means,distinct_customers_month_over_month_growth,0.052457398425609585
obs_9a3cb056d4ba571e,K-Means,product_mix_change,0.20441510661467113
obs_9a3cb056d4ba571e,K-Means,distinct_customers_lag_6,0.06715746304967948
obs_9a3cb056d4ba571e,K-Means,distinct_customers_lag_2,0.06221266311186578
obs_02028f589373a591,K-Means,distinct_customers_trend,0.11390684717188042
obs_02028f589373a591,K-Means,distinct_customers_lag_3,0.07844579615644834
obs_02028f589373a591,K-Means,total_quantity_lag_6,0.052173892367004884
obs_2fd84dda41c28895,K-Means,total_sales_lag_6,0.11722185386964332
obs_2fd84dda41c28895,K-Means,total_quantity_lag_6,0.07236547175715387
obs_2fd84dda41c28895,K-Means,simulated_actual_payout_lag_6,0.061518241279812515
obs_6aafa6965a8aabf0,K-Means,total_sales_lag_12,0.07963109071999346
obs_6aafa6965a8aabf0,K-Means,simulated_actual_payout_lag_6,0.06620506417230537
obs_6aafa6965a8aabf0,K-Means,total_quantity_lag_12,0.0597978271966414
obs_51b2c6914adbe267,K-Means,distinct_customers_lag_6,0.22107250258527694
obs_51b2c6914adbe267,K-Means,total_sales_lag_6,0.05827824778962515
obs_51b2c6914adbe267,K-Means,simulated_actual_payout_lag_6,0.044142350606910075
obs_8ef8d500d512af95,K-Means,simulated_actual_payout_lag_6,0.10101260753745595
obs_8ef8d500d512af95,K-Means,country_mix,0.04698999411621244
obs_8ef8d500d512af95,K-Means,total_quantity_rolling_median,0.03457648713709319
obs_365429a5c5b577bf,K-Means,distinct_customers_lag_6,0.11289007780099192
obs_365429a5c5b577bf,K-Means,total_quantity_lag_6,0.10207411171076136
obs_365429a5c5b577bf,K-Means,total_sales_lag_6,0.057918300097600885
obs_8455d03f04957712,K-Means,total_quantity_rolling_MAD,0.11842749279701519
obs_8455d03f04957712,K-Means,country_mix,0.05105891936140483
obs_8455d03f04957712,K-Means,distinct_customers_lag_6,0.05030918121953045
obs_4bb49cf16a76c278,K-Means,distinct_customers_lag_6,0.15770946140104136
obs_4bb49cf16a76c278,K-Means,product_concentration,0.05601053529235559
obs_4bb49cf16a76c278,K-Means,city_concentration,0.05002580833505774
obs_bcb0558290f0833e,K-Means,distinct_customers_lag_6,0.09066115322335903
obs_bcb0558290f0833e,K-Means,total_sales_lag_6,0.0441866256251979
obs_bcb0558290f0833e,K-Means,simulated_actual_payout_trend,0.04249991986961626
obs_778dcf4b0d025611,K-Means,distinct_customers_lag_6,0.07198803218727914
obs_778dcf4b0d025611,K-Means,new_customers,0.06604448484911717
obs_778dcf4b0d025611,K-Means,simulated_actual_payout_peer_median,0.04384234035090844
obs_8fdc05181cc4a0c0,K-Means,total_quantity_peer_median,0.09337539282981992
obs_8fdc05181cc4a0c0,K-Means,distributor_count,0.07791215236234969
obs_8fdc05181cc4a0c0,K-Means,total_sales_peer_median,0.04964721139462981
obs_655bf660d59bbffc,K-Means,new_customers,0.12217701561490564
obs_655bf660d59bbffc,K-Means,distinct_customers_lag_6,0.11961390825041093
obs_655bf660d59bbffc,K-Means,latitude_dispersion,0.03840724053311341
obs_e59761ef2fa5cdb1,K-Means,distinct_customers_lag_6,0.08665249295163403
obs_e59761ef2fa5cdb1,K-Means,distributor_count,0.07559284267836607
obs_e59761ef2fa5cdb1,K-Means,product_breadth_change,0.07372287793135411
obs_ae4b69b411dcc307,K-Means,distinct_customers_lag_6,0.13394676027709562
obs_ae4b69b411dcc307,K-Means,new_customers,0.09785045519656159
obs_ae4b69b411dcc307,K-Means,total_sales_lag_6,0.0497545136981691
obs_247172c195d58c25,K-Means,distributor_concentration,0.08119398236978874
obs_247172c195d58c25,K-Means,distinct_products,0.06568786722132987
obs_247172c195d58c25,K-Means,total_quantity_peer_percentile,0.05268680094077983
obs_db323f875a093bc9,K-Means,simulated_actual_payout_rolling_mean_3,0.10476096760274273
obs_db323f875a093bc9,K-Means,simulated_actual_payout_lag_1,0.08062281603973767
obs_db323f875a093bc9,K-Means,distinct_customers_team_relative,0.03550161017149353
obs_69201ab862b11414,K-Means,total_quantity_rolling_std,0.10669636500177256
obs_69201ab862b11414,K-Means,simulated_actual_payout_rolling_median,0.09048464949201071
obs_69201ab862b11414,K-Means,total_sales_rolling_std,0.07351747746452669
obs_73882243e74ed5de,K-Means,simulated_actual_payout_lag_3,0.06640164796612139
obs_73882243e74ed5de,K-Means,channel_mix,0.060068144615863434
obs_73882243e74ed5de,K-Means,product_class_share,0.059647285491935445
obs_9ffac94ca00ad0a0,K-Means,total_sales_trend,0.09299123056998722
obs_9ffac94ca00ad0a0,K-Means,total_quantity_trend,0.08756000779412346
obs_9ffac94ca00ad0a0,K-Means,simulated_actual_payout_rolling_MAD,0.06720825413622973
obs_15d3ba810bc0030d,K-Means,city_concentration,0.07491837901226724
obs_15d3ba810bc0030d,K-Means,customer_concentration,0.07491825512637712
obs_15d3ba810bc0030d,K-Means,product_concentration,0.07400686744929351
obs_97a3d472958afbb6,K-Means,simulated_actual_payout_lag_6,0.177571916874113
obs_97a3d472958afbb6,K-Means,total_quantity_lag_6,0.06594253589704516
obs_97a3d472958afbb6,K-Means,total_sales_lag_6,0.05833595761899695
obs_ac8bf90f15106c25,K-Means,total_sales_lag_6,0.15721106058027418
obs_ac8bf90f15106c25,K-Means,total_quantity_lag_6,0.1554965786680942
obs_ac8bf90f15106c25,K-Means,latitude_dispersion,0.05599115185701955
obs_0213507f5e6126fa,K-Means,distributor_mix_change,0.047777178329543805
obs_0213507f5e6126fa,K-Means,product_class_share,0.047026532701337435
obs_0213507f5e6126fa,K-Means,total_quantity_lag_6,0.036330263290803695
obs_4d776ed3e396c974,K-Means,total_sales_lag_6,0.1133963220324534
obs_4d776ed3e396c974,K-Means,total_quantity_lag_6,0.07972543357581205
obs_4d776ed3e396c974,K-Means,simulated_actual_payout_lag_6,0.07894639627818974
obs_49a2950a39c620d1,K-Means,product_breadth_change,0.06356061668219652
obs_49a2950a39c620d1,K-Means,customer_growth,0.06055252887609039
obs_49a2950a39c620d1,K-Means,distinct_customers_month_over_month_growth,0.06055252887609039
obs_751f6d35f922d3b3,K-Means,total_sales_lag_6,0.055812181667392276
obs_751f6d35f922d3b3,K-Means,distributor_concentration,0.0535514101996227
obs_751f6d35f922d3b3,K-Means,customer_concentration,0.03996685645465303
obs_40f8b14b2da153f0,K-Means,distinct_customers_lag_6,0.0911993990637181
obs_40f8b14b2da153f0,K-Means,product_breadth_change,0.06553024275408995
obs_40f8b14b2da153f0,K-Means,total_sales_lag_6,0.06515133864994921
obs_45a1bbdd2f732ba5,K-Means,distinct_customers_lag_6,0.053859066221216764
obs_45a1bbdd2f732ba5,K-Means,simulated_actual_payout_lag_6,0.04194988156127099
obs_45a1bbdd2f732ba5,K-Means,total_sales_year_over_year_growth,0.033626299332802465
obs_8672dbff7862e4e0,K-Means,total_sales_lag_6,0.10132863210188514
obs_8672dbff7862e4e0,K-Means,distinct_customers_trend,0.08229689285589203
obs_8672dbff7862e4e0,K-Means,distinct_customers_rolling_MAD,0.05530885824475107
obs_0bcfd7a76fd44d9a,K-Means,distributor_concentration,0.04718463518018494
obs_0bcfd7a76fd44d9a,K-Means,total_quantity_team_relative,0.042630389993763035
obs_0bcfd7a76fd44d9a,K-Means,distinct_customers_lag_3,0.03893869959491919
obs_b8ed73a20b2bdd57,K-Means,distinct_customers_lag_6,0.14216201503195208
obs_b8ed73a20b2bdd57,K-Means,distinct_customers_lag_3,0.05117248370590304
obs_b8ed73a20b2bdd57,K-Means,distinct_customers_rolling_median,0.038572583552655804
obs_0c13bd63c129a0e3,K-Means,distinct_customers_rolling_median,0.059262813744043914
obs_0c13bd63c129a0e3,K-Means,total_quantity_lag_6,0.04211783794320565
obs_0c13bd63c129a0e3,K-Means,distinct_customers_rolling_mean_6,0.040133392748775
obs_c70382dae6903d56,K-Means,distinct_customers_lag_6,0.31163992143044317
obs_c70382dae6903d56,K-Means,distinct_customers_rolling_median,0.052751390295261685
obs_c70382dae6903d56,K-Means,distinct_customers_rolling_mean_6,0.046356658187842244
obs_0a579a3ef4551465,K-Means,distinct_customers_lag_6,0.2871812739814088
obs_0a579a3ef4551465,K-Means,distinct_customers_rolling_median,0.03930119830419086
obs_0a579a3ef4551465,K-Means,distinct_customers_rolling_mean_6,0.03689579092857083
obs_444bffabe4c932e2,K-Means,distinct_customers_lag_6,0.3207655249702128
obs_444bffabe4c932e2,K-Means,distinct_customers_rolling_median,0.05099273517617784
obs_444bffabe4c932e2,K-Means,distinct_customers_rolling_mean_6,0.04947566900111332
obs_e32a6b13f2b590dc,K-Means,distinct_customers_lag_6,0.18386694757541158
obs_e32a6b13f2b590dc,K-Means,total_quantity_lag_6,0.05726537504902904
obs_e32a6b13f2b590dc,K-Means,new_customers,0.0466031459972962
obs_8ed139ed60ada8e2,K-Means,distinct_customers_lag_6,0.2873711155764163
obs_8ed139ed60ada8e2,K-Means,new_customers,0.06205975383209205
obs_8ed139ed60ada8e2,K-Means,distinct_customers_rolling_median,0.03856897838842053
obs_5587bf70f00382f6,K-Means,distinct_customers_lag_6,0.2907510750326696
obs_5587bf70f00382f6,K-Means,total_sales_lag_6,0.04842765758242615
obs_5587bf70f00382f6,K-Means,distinct_customers_rolling_median,0.044350610546127
obs_829f61fac3d09df7,K-Means,new_customers,0.16016692921576256
obs_829f61fac3d09df7,K-Means,distinct_customers_lag_6,0.15428124177903388
obs_829f61fac3d09df7,K-Means,distributor_count,0.07638066831928432
obs_e1cdc5984added2c,K-Means,new_customers,0.2494839643697548
obs_e1cdc5984added2c,K-Means,distinct_customers_lag_6,0.14206290560607646
obs_e1cdc5984added2c,K-Means,distributor_count,0.07495644367014855
obs_23df2ae63ff8e1e8,K-Means,new_customers,0.18998480590018335
obs_23df2ae63ff8e1e8,K-Means,distinct_customers_lag_6,0.16866913427188368
obs_23df2ae63ff8e1e8,K-Means,distinct_customers_rolling_median,0.05068619722243244
obs_9506fd6f5bcc4b52,K-Means,distinct_customers_lag_6,0.19695809909761022
obs_9506fd6f5bcc4b52,K-Means,new_customers,0.1673458771791801
obs_9506fd6f5bcc4b52,K-Means,distributor_count,0.05017395332861058
obs_9a24f1d93ed16b84,K-Means,simulated_payout_to_sales_ratio,0.15120710491334452
obs_9a24f1d93ed16b84,K-Means,sales_per_transaction,0.046479126245914715
obs_9a24f1d93ed16b84,K-Means,average_transaction_value,0.046479126245914715
obs_d4549f7568038f3f,K-Means,total_quantity_rolling_mean_6,0.0688105453035096
obs_d4549f7568038f3f,K-Means,total_sales_rolling_mean_6,0.06683126751684976
obs_d4549f7568038f3f,K-Means,simulated_actual_payout_rolling_mean_3,0.0533399051593571
obs_e9564f9b03b1f81d,K-Means,simulated_actual_payout_rolling_median,0.10255437291175844
obs_e9564f9b03b1f81d,K-Means,total_quantity_rolling_std,0.07361566885158709
obs_e9564f9b03b1f81d,K-Means,total_quantity_acceleration,0.06288681810278202
obs_4be8cf97d2c5206c,K-Means,simulated_actual_payout_rolling_median,0.09051702421045975
obs_4be8cf97d2c5206c,K-Means,total_quantity_lag_2,0.0708819832940001
obs_4be8cf97d2c5206c,K-Means,total_quantity_rolling_std,0.05490970548148006
obs_4f12db2e0e6e094e,K-Means,total_quantity_lag_3,0.10995485917764052
obs_4f12db2e0e6e094e,K-Means,simulated_actual_payout_rolling_MAD,0.10569709465288905
obs_4f12db2e0e6e094e,K-Means,total_quantity_rolling_std,0.0572187629713132
obs_cc984462b5ffbbd0,K-Means,total_quantity_rolling_std,0.06309676102818139
obs_cc984462b5ffbbd0,K-Means,simulated_actual_payout_rolling_mean_3,0.06102835088231293
obs_cc984462b5ffbbd0,K-Means,distinct_customers_team_relative,0.05848936266790925
obs_1c29eae7a281f6b3,K-Means,total_sales_lag_6,0.18146708445066834
obs_1c29eae7a281f6b3,K-Means,simulated_actual_payout_lag_6,0.17238953929171016
obs_1c29eae7a281f6b3,K-Means,total_quantity_lag_6,0.14168661489478107
obs_67fb95aabddf902e,K-Means,total_quantity_lag_6,0.16247357577834864
obs_67fb95aabddf902e,K-Means,simulated_actual_payout_lag_6,0.1446201814502885
obs_67fb95aabddf902e,K-Means,total_sales_lag_6,0.05220559586457669
obs_a5dfe380447e5cc9,K-Means,distributor_mix_change,0.04729732765897467
obs_a5dfe380447e5cc9,K-Means,product_mix_change,0.044505965345927
obs_a5dfe380447e5cc9,K-Means,distinct_customers_peer_country_product_class_relative,0.03405295270571785
obs_2256f2ec45290909,K-Means,total_sales_lag_6,0.10697988139217267
obs_2256f2ec45290909,K-Means,distinct_customers_lag_6,0.08399163365694048
obs_2256f2ec45290909,K-Means,total_quantity_lag_6,0.0802521920457827
obs_7bd86e0624a6cd91,K-Means,total_quantity_rolling_MAD,0.15182091586076926
obs_7bd86e0624a6cd91,K-Means,distinct_customers_rolling_std,0.04675743904288193
obs_7bd86e0624a6cd91,K-Means,distinct_customers_trend,0.04608374139886152
obs_4e63c465f7c026df,K-Means,latitude_dispersion,0.09923322101964997
obs_4e63c465f7c026df,K-Means,distinct_customers_history_deviation,0.063452530853211
obs_4e63c465f7c026df,K-Means,distinct_customers_lag_6,0.05705401650798391
obs_52d6c32ef5eb1a9d,K-Means,customer_growth,0.09331073039736235
obs_52d6c32ef5eb1a9d,K-Means,distinct_customers_month_over_month_growth,0.09331073039736235
obs_52d6c32ef5eb1a9d,K-Means,total_sales_lag_6,0.08533375768070364
obs_d6afaf5b1e936788,K-Means,distinct_customers_lag_6,0.043312210792540225
obs_d6afaf5b1e936788,K-Means,total_quantity_lag_6,0.03792802178520557
obs_d6afaf5b1e936788,K-Means,simulated_actual_payout_lag_6,0.037752526890970695
obs_0fd5045162b0ec4f,K-Means,distinct_customers_trend,0.17297601045485228
obs_0fd5045162b0ec4f,K-Means,total_quantity_rolling_MAD,0.043719705491623476
obs_0fd5045162b0ec4f,K-Means,total_sales_lag_3,0.03730321394848742
obs_2ee9b800b6f3f7f7,K-Means,distinct_customers_rolling_MAD,0.06239554402768984
obs_2ee9b800b6f3f7f7,K-Means,total_quantity_peer_z,0.047067521916264204
obs_2ee9b800b6f3f7f7,K-Means,representative_rank,0.0462654669181239
obs_0fef442039fc2632,K-Means,median_price,0.07642090019087598
obs_0fef442039fc2632,K-Means,distinct_customers_lag_3,0.05694636667842696
obs_0fef442039fc2632,K-Means,distinct_customers_rolling_MAD,0.038383249932030496
obs_0afba209e524765f,K-Means,distinct_customers_peer_country_product_class_relative,0.05666652187359596
obs_0afba209e524765f,K-Means,distinct_customers_product_class_relative,0.05594829916549542
obs_0afba209e524765f,K-Means,total_sales_lag_6,0.05344269424594004
obs_66056234fb0552b0,K-Means,distinct_customers_lag_6,0.2546499584760263
obs_66056234fb0552b0,K-Means,distributor_concentration,0.0849324636784816
obs_66056234fb0552b0,K-Means,distinct_customers_rolling_median,0.05244127200359851
obs_febfa2b0137387b6,K-Means,distinct_customers_lag_6,0.14818692996205005
obs_febfa2b0137387b6,K-Means,total_quantity_peer_country_product_class_relative,0.03585973102872617
obs_febfa2b0137387b6,K-Means,product_class_share,0.03579355729142481
obs_ed59145c0ff7799f,K-Means,distinct_customers_lag_6,0.18045482387997552
obs_ed59145c0ff7799f,K-Means,total_sales_lag_1,0.0697351063706691
obs_ed59145c0ff7799f,K-Means,total_quantity_lag_1,0.06775398665066568
obs_bee2572f3f0acf28,K-Means,distinct_customers_lag_6,0.11792673924491995
obs_bee2572f3f0acf28,K-Means,total_quantity_lag_2,0.08862497338395822
obs_bee2572f3f0acf28,K-Means,total_sales_lag_2,0.08808788608613924
obs_7b984662169c715e,K-Means,total_sales_lag_3,0.11069803648182068
obs_7b984662169c715e,K-Means,total_quantity_lag_3,0.1079354922063989
obs_7b984662169c715e,K-Means,distinct_customers_lag_6,0.0669789734441316
obs_0b6fd5ed0688000e,K-Means,distinct_customers_lag_6,0.26777983961456137
obs_0b6fd5ed0688000e,K-Means,median_price,0.1256836775646415
obs_0b6fd5ed0688000e,K-Means,new_customers,0.05388233489958155
obs_3fb95259921af67c,K-Means,distinct_customers_lag_6,0.12997264585512125
obs_3fb95259921af67c,K-Means,distributor_count,0.0685772775527608
obs_3fb95259921af67c,K-Means,new_customers,0.061975265291351306
obs_b41e3317a598f9b8,K-Means,total_sales_lag_6,0.25082004480499964
obs_b41e3317a598f9b8,K-Means,total_quantity_lag_6,0.20636955257204354
obs_b41e3317a598f9b8,K-Means,distinct_customers_lag_6,0.07536392259642932
obs_513a75c19be2b19d,K-Means,new_customers,0.26982724096141497
obs_513a75c19be2b19d,K-Means,distinct_customers_lag_6,0.143299149807513
obs_513a75c19be2b19d,K-Means,distributor_count,0.06772042110698517
obs_983f2fc32fe7e3de,K-Means,distinct_customers_lag_6,0.2711842257957917
obs_983f2fc32fe7e3de,K-Means,new_customers,0.11111501864904105
obs_983f2fc32fe7e3de,K-Means,distributor_count,0.046328971062925925
obs_be6753e66d2c7210,K-Means,latitude_dispersion,0.21550247374342774
obs_be6753e66d2c7210,K-Means,average_price,0.0667946193764862
obs_be6753e66d2c7210,K-Means,product_concentration,0.05751639579464342
obs_708d7474998c3d76,K-Means,simulated_actual_payout_rolling_mean_3,0.1514898864970204
obs_708d7474998c3d76,K-Means,simulated_actual_payout_lag_1,0.11709539486747667
obs_708d7474998c3d76,K-Means,total_quantity_rolling_mean_6,0.07168246186194363
obs_14251f0e4353be88,K-Means,total_sales_rolling_std,0.36089799069094536
obs_14251f0e4353be88,K-Means,simulated_actual_payout_rolling_median,0.11166502118063446
obs_14251f0e4353be88,K-Means,simulated_actual_payout_lag_2,0.07622635662536847
obs_1ab8ffa792483b91,K-Means,total_sales_rolling_MAD,0.2489314042728203
obs_1ab8ffa792483b91,K-Means,simulated_actual_payout_lag_3,0.10237167744581352
obs_1ab8ffa792483b91,K-Means,median_price,0.04556060997833292
obs_6d0f2fb4f735c0a7,K-Means,total_sales_rolling_MAD,0.20963963169846628
obs_6d0f2fb4f735c0a7,K-Means,product_breadth_change,0.06233487502550327
obs_6d0f2fb4f735c0a7,K-Means,total_quantity_peer_median,0.04757155159466872
obs_8a3eaa37448ed6e4,K-Means,total_sales_rolling_MAD,0.11893378379244235
obs_8a3eaa37448ed6e4,K-Means,total_sales_history_deviation,0.07434344122072854
obs_8a3eaa37448ed6e4,K-Means,distributor_concentration,0.04849607907880558
obs_ab3795304350519f,K-Means,simulated_actual_payout_lag_6,0.1608060480353203
obs_ab3795304350519f,K-Means,total_sales_trend,0.06035178569500728
obs_ab3795304350519f,K-Means,total_quantity_lag_6,0.047918473684881266
obs_bc91ca3dd15ba955,K-Means,total_sales_lag_6,0.08700027528007953
obs_bc91ca3dd15ba955,K-Means,total_sales_trend,0.055039930988585305
obs_bc91ca3dd15ba955,K-Means,total_quantity_lag_2,0.04182726734698037
obs_713af2d33a020488,K-Means,total_quantity_lag_3,0.04365359879575301
obs_713af2d33a020488,K-Means,total_sales_lag_3,0.03695921834810983
obs_713af2d33a020488,K-Means,distinct_customers_peer_z,0.03313947857338808
obs_11df24090b7d4535,K-Means,total_sales_lag_3,0.04899751633612229
obs_11df24090b7d4535,K-Means,total_quantity_lag_3,0.04821666990929118
obs_11df24090b7d4535,K-Means,simulated_actual_payout_month_over_month_growth,0.04462301863215614
obs_ae38daf22ee9012c,K-Means,simulated_actual_payout_trend,0.06954308940667145
obs_ae38daf22ee9012c,K-Means,total_quantity_rolling_MAD,0.04559227159756969
obs_ae38daf22ee9012c,K-Means,total_sales_rolling_MAD,0.04213090416805375
obs_b263258762fe77d8,K-Means,total_sales_lag_6,0.07910175775569807
obs_b263258762fe77d8,K-Means,total_quantity_lag_6,0.07662020679823008
obs_b263258762fe77d8,K-Means,distinct_customers_rolling_MAD,0.053162088843552065
obs_7c2af4dfbc89053c,K-Means,total_sales_lag_6,0.0902186209022083
obs_7c2af4dfbc89053c,K-Means,total_quantity_lag_6,0.07601824307851626
obs_7c2af4dfbc89053c,K-Means,product_breadth_change,0.07207182997627745
obs_e16da9b66fad50d2,K-Means,simulated_actual_payout_lag_6,0.09636052717515278
obs_e16da9b66fad50d2,K-Means,distinct_customers_acceleration,0.043998194836006345
obs_e16da9b66fad50d2,K-Means,distinct_customers_lag_2,0.03931723644345877
obs_d76dcb24ce7b3c66,K-Means,simulated_actual_payout_lag_6,0.08345434394617991
obs_d76dcb24ce7b3c66,K-Means,distinct_customers_trend,0.06028463449485591
obs_d76dcb24ce7b3c66,K-Means,subchannel_mix,0.04647838016833066
obs_a7263c47a58a51a0,K-Means,total_sales_lag_6,0.18789062692128428
obs_a7263c47a58a51a0,K-Means,total_quantity_lag_6,0.15880919233869265
obs_a7263c47a58a51a0,K-Means,simulated_actual_payout_lag_6,0.06482271549936951
obs_2133b846cece10c4,K-Means,distributor_concentration,0.059083090397631446
obs_2133b846cece10c4,K-Means,representative_rank,0.04236897405057219
obs_2133b846cece10c4,K-Means,total_sales_lag_2,0.03530172274863063
obs_fbd97bc8466b2c1c,K-Means,product_mix_change,0.11907648609216165
obs_fbd97bc8466b2c1c,K-Means,distinct_customers_lag_6,0.060017202029902086
obs_fbd97bc8466b2c1c,K-Means,distinct_customers_rolling_MAD,0.045762480994365175
obs_74c0e46c4f12267e,K-Means,distinct_customers_lag_6,0.1592236103113075
obs_74c0e46c4f12267e,K-Means,distinct_customers_rolling_MAD,0.048737353062531436
obs_74c0e46c4f12267e,K-Means,simulated_actual_payout_lag_6,0.04703952086693927
obs_164431e9c2e6eef5,K-Means,distinct_customers_lag_6,0.18380826671474582
obs_164431e9c2e6eef5,K-Means,total_sales_lag_6,0.03969221042973603
obs_164431e9c2e6eef5,K-Means,total_quantity_rolling_MAD,0.0388923546659631
obs_13188499c4444596,K-Means,distinct_customers_lag_6,0.15160956706286297
obs_13188499c4444596,K-Means,total_sales_lag_6,0.07544490991042499
obs_13188499c4444596,K-Means,total_quantity_lag_6,0.0593969944331614
obs_ca491fddea4b6c1e,K-Means,distinct_customers_lag_6,0.07218652457753026
obs_ca491fddea4b6c1e,K-Means,total_quantity_lag_1,0.03686373401678031
obs_ca491fddea4b6c1e,K-Means,distinct_customers_lag_3,0.03417140446253916
obs_5490d0977481f5cc,K-Means,distinct_customers_lag_6,0.12642186273422734
obs_5490d0977481f5cc,K-Means,total_quantity_lag_2,0.055797195328029923
obs_5490d0977481f5cc,K-Means,total_sales_lag_6,0.0421658426595926
obs_a8dfe3531fbd879f,K-Means,distinct_customers_lag_6,0.13636847983591252
obs_a8dfe3531fbd879f,K-Means,customer_concentration,0.06270802107950924
obs_a8dfe3531fbd879f,K-Means,city_concentration,0.06270746242445582
obs_994fec176aea5485,K-Means,distinct_customers_lag_6,0.16711329339096684
obs_994fec176aea5485,K-Means,new_customers,0.08370495803215625
obs_994fec176aea5485,K-Means,total_quantity_peer_median,0.06102884219899678
obs_709a6e1aa5eed464,K-Means,distinct_customers_lag_6,0.17951407138694286
obs_709a6e1aa5eed464,K-Means,new_customers,0.11419244505711118
obs_709a6e1aa5eed464,K-Means,distinct_customers_trend,0.040907497205525126
obs_8767d7a2091cd223,K-Means,total_quantity_lag_6,0.120542349746256
obs_8767d7a2091cd223,K-Means,total_sales_lag_6,0.09235271480551166
obs_8767d7a2091cd223,K-Means,distinct_customers_lag_6,0.06667754277063537
obs_504529fd7ee68958,K-Means,distinct_customers_lag_6,0.2455584871730513
obs_504529fd7ee68958,K-Means,new_customers,0.11567767615772437
obs_504529fd7ee68958,K-Means,distributor_count,0.048231353209460856
obs_18137fdb0ad2dbb6,K-Means,total_quantity_peer_z,0.17831210961521185
obs_18137fdb0ad2dbb6,K-Means,total_quantity_product_class_relative,0.1206176944700107
obs_18137fdb0ad2dbb6,K-Means,total_quantity_peer_country_product_class_relative,0.12061643685287379
obs_2f974247aba7852d,K-Means,simulated_actual_payout_rolling_mean_3,0.18928325170863247
obs_2f974247aba7852d,K-Means,simulated_actual_payout_lag_1,0.10617949224791652
obs_2f974247aba7852d,K-Means,simulated_actual_payout_rolling_mean_6,0.06632143046263435
obs_b4b227a7b8c98e8b,K-Means,simulated_actual_payout_rolling_median,0.18548042939072357
obs_b4b227a7b8c98e8b,K-Means,simulated_actual_payout_lag_2,0.09533502774282723
obs_b4b227a7b8c98e8b,K-Means,total_quantity_rolling_median,0.06610756788141159
obs_f6cbae282b348a61,K-Means,distinct_customers_rolling_MAD,0.10820497562878185
obs_f6cbae282b348a61,K-Means,simulated_actual_payout_lag_3,0.08269528966458328
obs_f6cbae282b348a61,K-Means,distinct_customers_rolling_std,0.047411806190817356
obs_0b14b76bbe8c7a8c,K-Means,total_sales_lag_1,0.05286123268776328
obs_0b14b76bbe8c7a8c,K-Means,distinct_customers_rolling_MAD,0.05053114396971515
obs_0b14b76bbe8c7a8c,K-Means,total_quantity_rolling_median,0.04230548077196042
obs_2eee857cbdcd6596,K-Means,total_sales_lag_2,0.08621045426031648
obs_2eee857cbdcd6596,K-Means,total_quantity_rolling_MAD,0.0679268086025656
obs_2eee857cbdcd6596,K-Means,total_quantity_lag_2,0.05776204039780813
obs_605f864f1f85947e,K-Means,simulated_actual_payout_lag_6,0.245764255970927
obs_605f864f1f85947e,K-Means,total_sales_lag_3,0.08530382855869348
obs_605f864f1f85947e,K-Means,total_quantity_lag_3,0.055005628173076956
obs_d5da4e5f65795530,K-Means,total_quantity_lag_6,0.12817302905405942
obs_d5da4e5f65795530,K-Means,total_sales_lag_6,0.09604477082913891
obs_d5da4e5f65795530,K-Means,simulated_actual_payout_rolling_mean_3,0.07659993483064073
obs_92b0e820465724ca,K-Means,total_quantity_peer_median,0.09529430820033093
obs_92b0e820465724ca,K-Means,simulated_actual_payout_rolling_mean_3,0.06177845962844911
obs_92b0e820465724ca,K-Means,total_sales_rolling_std,0.05797412090343352
obs_9d0c933c9454dc1e,K-Means,total_sales_lag_6,0.26795633653311673
obs_9d0c933c9454dc1e,K-Means,total_quantity_lag_6,0.146309077736255
obs_9d0c933c9454dc1e,K-Means,simulated_actual_payout_lag_6,0.04721216453056621
obs_29fa7ad39eb92e58,K-Means,simulated_actual_payout_lag_6,0.12608629071936833
obs_29fa7ad39eb92e58,K-Means,simulated_actual_payout_rolling_std,0.06097172980718897
obs_29fa7ad39eb92e58,K-Means,distinct_customers_lag_6,0.057281122213127374
obs_a4c84d6051f73841,K-Means,customer_concentration,0.09568409892918726
obs_a4c84d6051f73841,K-Means,city_concentration,0.0956839764052327
obs_a4c84d6051f73841,K-Means,product_concentration,0.09136552549543858
obs_29833edc90218b7d,K-Means,simulated_actual_payout_lag_12,0.057409244440394656
obs_29833edc90218b7d,K-Means,customer_growth,0.04749782826029208
obs_29833edc90218b7d,K-Means,distinct_customers_month_over_month_growth,0.04749782826029208
obs_5a9f776c733f2470,K-Means,distinct_customers_history_deviation,0.07339108736126718
obs_5a9f776c733f2470,K-Means,total_sales_lag_6,0.05583215874334535
obs_5a9f776c733f2470,K-Means,distinct_customers_peer_country_product_class_relative,0.03823557473270975
obs_e14a4caeb5a51564,K-Means,distinct_customers_trend,0.1168085212752877
obs_e14a4caeb5a51564,K-Means,simulated_actual_payout_peer_median,0.07285537903149787
obs_e14a4caeb5a51564,K-Means,total_sales_lag_6,0.03642623079541834
obs_8c533dbbd0223c47,K-Means,subchannel_mix,0.07328890778241033
obs_8c533dbbd0223c47,K-Means,customer_concentration,0.06409106321618196
obs_8c533dbbd0223c47,K-Means,city_concentration,0.0640909957951677
obs_58df5a587eb0ebce,K-Means,total_quantity_lag_1,0.0568771377727078
obs_58df5a587eb0ebce,K-Means,total_sales_lag_1,0.04745824372422894
obs_58df5a587eb0ebce,K-Means,total_sales_acceleration,0.04609726503324568
obs_af1de9484f76d99b,K-Means,total_quantity_lag_2,0.08213351181026954
obs_af1de9484f76d99b,K-Means,total_sales_lag_2,0.06598555012696898
obs_af1de9484f76d99b,K-Means,distinct_customers_lag_6,0.04173102404808301
obs_83fd385d1a58f2e7,K-Means,subchannel_mix,0.08337184580349226
obs_83fd385d1a58f2e7,K-Means,total_quantity_lag_3,0.0721893235482349
obs_83fd385d1a58f2e7,K-Means,total_sales_lag_3,0.0626518288591777
obs_0e6390af2cae1a61,K-Means,distinct_customers_lag_6,0.13559704873971465
obs_0e6390af2cae1a61,K-Means,total_sales_lag_6,0.04998271525834745
obs_0e6390af2cae1a61,K-Means,total_quantity_lag_6,0.04937818128437936
obs_65d8d8b0f7a771ad,K-Means,distinct_customers_lag_6,0.06857995651621566
obs_65d8d8b0f7a771ad,K-Means,new_customers,0.05644329811994593
obs_65d8d8b0f7a771ad,K-Means,simulated_actual_payout_lag_6,0.054989460117842046
obs_5dcb1b75eef8ab59,K-Means,total_sales_lag_6,0.15892259373343207
obs_5dcb1b75eef8ab59,K-Means,total_quantity_lag_6,0.15878894657188022
obs_5dcb1b75eef8ab59,K-Means,total_quantity_peer_z,0.04932893271693964
obs_4ad7da690ee91842,K-Means,distinct_customers_lag_6,0.06955614637651032
obs_4ad7da690ee91842,K-Means,total_quantity_lag_6,0.04529968604113742
obs_4ad7da690ee91842,K-Means,total_quantity_rolling_median,0.042933898327986865
obs_85162be80c0fee03,K-Means,distinct_customers_lag_6,0.09356175986463382
obs_85162be80c0fee03,K-Means,new_customers,0.0824976693883105
obs_85162be80c0fee03,K-Means,total_quantity_lag_6,0.05219714045009746
obs_2a5e6b8477a80d33,K-Means,total_sales_lag_6,0.08699174773178722
obs_2a5e6b8477a80d33,K-Means,distributor_count,0.06823351909574282
obs_2a5e6b8477a80d33,K-Means,total_quantity_lag_6,0.06312001549470626
obs_d4a744b7c90aa0ad,K-Means,distinct_customers_lag_6,0.12538079232995208
obs_d4a744b7c90aa0ad,K-Means,total_sales_lag_6,0.03479447946513971
obs_d4a744b7c90aa0ad,K-Means,distinct_customers_trend,0.03338979819423157
obs_66248c0aba5c1747,K-Means,new_customers,0.13639305174925773
obs_66248c0aba5c1747,K-Means,distributor_count,0.11873385754573253
obs_66248c0aba5c1747,K-Means,distinct_customers_lag_2,0.03899791093259828
obs_f47c5f94a5509dbb,K-Means,distinct_customers_lag_6,0.1541694068304511
obs_f47c5f94a5509dbb,K-Means,new_customers,0.12235954923404398
obs_f47c5f94a5509dbb,K-Means,total_sales_lag_6,0.07649920642885388
obs_77dd3dce735539fe,K-Means,simulated_payout_to_sales_ratio,0.2461776946649139
obs_77dd3dce735539fe,K-Means,median_price,0.13373882755235353
obs_77dd3dce735539fe,K-Means,average_price,0.04940264808166518
obs_2e583d38c07650d3,K-Means,simulated_payout_to_sales_ratio,0.19609164778706054
obs_2e583d38c07650d3,K-Means,total_quantity_rolling_mean_6,0.08907371891718825
obs_2e583d38c07650d3,K-Means,total_sales_rolling_mean_6,0.07736865856388213
obs_87350adf27a08528,K-Means,median_price,0.10101206890581849
obs_87350adf27a08528,K-Means,total_sales_rolling_median,0.05489848413293745
obs_87350adf27a08528,K-Means,simulated_payout_to_sales_ratio,0.050767101690279544
obs_aa95024dad7cee59,K-Means,median_price,0.16190496719114147
obs_aa95024dad7cee59,K-Means,total_quantity_lag_3,0.05413049683108275
obs_aa95024dad7cee59,K-Means,total_quantity_trend,0.053880562577827376
obs_69ca057897a09098,K-Means,latitude_dispersion,0.06920606224994252
obs_69ca057897a09098,K-Means,total_sales_rolling_median,0.046844053013559435
obs_69ca057897a09098,K-Means,simulated_actual_payout_peer_country_product_class_relative,0.033894857473347036
obs_43c6e0c7c6471507,K-Means,total_sales_rolling_median,0.08341822735032443
obs_43c6e0c7c6471507,K-Means,product_breadth_change,0.06542429870425248
obs_43c6e0c7c6471507,K-Means,distinct_customers_trend,0.04438023583182643
obs_73b8c10b22658dee,K-Means,total_sales_lag_6,0.12726229451931761
obs_73b8c10b22658dee,K-Means,total_quantity_lag_6,0.12556119183931583
obs_73b8c10b22658dee,K-Means,simulated_actual_payout_lag_6,0.09893571524971233
obs_ad48ad4b848c4869,K-Means,product_concentration,0.09800008548084065
obs_ad48ad4b848c4869,K-Means,distributor_mix_change,0.0712424780309186
obs_ad48ad4b848c4869,K-Means,customer_concentration,0.06497107261892926
obs_bf7317cb51cdadcb,K-Means,median_price,0.35897226310431796
obs_bf7317cb51cdadcb,K-Means,average_price,0.039160008897011614
obs_bf7317cb51cdadcb,K-Means,simulated_actual_payout_lag_6,0.03386172945108285
obs_626a7a2afd57e58b,K-Means,median_price,0.13838201082651824
obs_626a7a2afd57e58b,K-Means,latitude_dispersion,0.10002563075155511
obs_626a7a2afd57e58b,K-Means,total_sales_lag_6,0.06889413774942181
obs_bd141bb37e2f3bf8,K-Means,simulated_actual_payout_rolling_mean_3,0.05217924741236513
obs_bd141bb37e2f3bf8,K-Means,product_mix_change,0.049089670826265926
obs_bd141bb37e2f3bf8,K-Means,simulated_actual_payout_rolling_std,0.0437888499051641
obs_a2551526538ada8b,K-Means,new_customers,0.06321049782384003
obs_a2551526538ada8b,K-Means,distinct_customers_history_deviation,0.059026307083083124
obs_a2551526538ada8b,K-Means,simulated_actual_payout_rolling_mean_3,0.057258234474835856
obs_90f6e5179ad5e577,K-Means,customer_growth,0.0892703370267997
obs_90f6e5179ad5e577,K-Means,distinct_customers_month_over_month_growth,0.0892703370267997
obs_90f6e5179ad5e577,K-Means,distinct_customers_acceleration,0.053809098489226
obs_e3c425ee6ea11f9f,K-Means,simulated_actual_payout_trend,0.05923554577301495
obs_e3c425ee6ea11f9f,K-Means,simulated_payout_to_sales_ratio,0.05371975483019126
obs_e3c425ee6ea11f9f,K-Means,distinct_customers_acceleration,0.048730898908990704
obs_5fd2ae0ead16f43d,K-Means,median_price,0.18952519913440138
obs_5fd2ae0ead16f43d,K-Means,distinct_customers_trend,0.14009718125973245
obs_5fd2ae0ead16f43d,K-Means,average_price,0.04089275800248297
obs_c5c3225cad924e3c,K-Means,median_price,0.13459450135373702
obs_c5c3225cad924e3c,K-Means,distinct_customers_rolling_MAD,0.06562762243705145
obs_c5c3225cad924e3c,K-Means,distinct_customers_rolling_std,0.03548614871493007
obs_ba4615ca68392dff,K-Means,median_price,0.27740568396819926
obs_ba4615ca68392dff,K-Means,total_sales_lag_6,0.0721445194711505
obs_ba4615ca68392dff,K-Means,simulated_actual_payout_lag_6,0.0413285451275117
obs_3d2619e0bcd8352e,K-Means,distinct_customers_lag_6,0.1572559651064685
obs_3d2619e0bcd8352e,K-Means,total_sales_lag_6,0.07634609605763833
obs_3d2619e0bcd8352e,K-Means,total_quantity_lag_6,0.07312957985060907
obs_7216f335bda97895,K-Means,distinct_customers_lag_6,0.0578588059342491
obs_7216f335bda97895,K-Means,distributor_concentration,0.054598926015866085
obs_7216f335bda97895,K-Means,simulated_actual_payout_lag_6,0.05367150434744486
obs_73bc6665a6add3d8,K-Means,distinct_customers_lag_6,0.1721007579231134
obs_73bc6665a6add3d8,K-Means,total_sales_lag_6,0.04598567266282419
obs_73bc6665a6add3d8,K-Means,channel_mix,0.042464198205878524
obs_7b1d41c62eee039c,K-Means,product_concentration,0.14149378002079924
obs_7b1d41c62eee039c,K-Means,dominant_product_share,0.06862371898743568
obs_7b1d41c62eee039c,K-Means,channel_mix,0.05626931852249452
obs_11c45d0687f2ab7e,K-Means,distinct_customers_rolling_MAD,0.1245846349190238
obs_11c45d0687f2ab7e,K-Means,average_price,0.05350267368872991
obs_11c45d0687f2ab7e,K-Means,distinct_customers_lag_6,0.05173932946343983
obs_5c20b3dd6cbeed3e,K-Means,median_price,0.32034737660316065
obs_5c20b3dd6cbeed3e,K-Means,total_sales_lag_6,0.08511598569778522
obs_5c20b3dd6cbeed3e,K-Means,average_price,0.06393106747102253
obs_83cbe38d645eaa7b,K-Means,total_sales_peer_median,0.06863110950881011
obs_83cbe38d645eaa7b,K-Means,total_quantity_peer_median,0.06746691971751363
obs_83cbe38d645eaa7b,K-Means,distinct_customers_peer_country_product_class_relative,0.041827773053360655
obs_9c7437eb4c478fc9,K-Means,distributor_concentration,0.08212665211339824
obs_9c7437eb4c478fc9,K-Means,distinct_customers_lag_6,0.0813030126505754
obs_9c7437eb4c478fc9,K-Means,new_customers,0.07545910415218118
obs_6be2b26857aa2441,K-Means,new_customers,0.16026430037051548
obs_6be2b26857aa2441,K-Means,total_sales_lag_1,0.043519095102983144
obs_6be2b26857aa2441,K-Means,distinct_customers_trend,0.041693725208417215
obs_08605942ae2f08e9,K-Means,median_price,0.09274486565398267
obs_08605942ae2f08e9,K-Means,new_customers,0.07993995262511393
obs_08605942ae2f08e9,K-Means,distinct_customers_lag_6,0.05999939636829448
obs_94a7d64759033a11,K-Means,distinct_customers_lag_6,0.15890743292939263
obs_94a7d64759033a11,K-Means,new_customers,0.10298155689412103
obs_94a7d64759033a11,K-Means,median_price,0.060537179206705136
obs_4bdf25bfc511bc04,K-Means,median_price,0.06709589355858782
obs_4bdf25bfc511bc04,K-Means,simulated_payout_to_sales_ratio,0.05920992999893929
obs_4bdf25bfc511bc04,K-Means,average_price,0.04717251052029532
obs_df4a590003964a49,K-Means,total_quantity_rolling_mean_6,0.094242051598179
obs_df4a590003964a49,K-Means,total_quantity_rolling_mean_3,0.06633669354956638
obs_df4a590003964a49,K-Means,simulated_actual_payout_rolling_mean_3,0.061112115436088105
obs_737762458ee1173d,K-Means,simulated_actual_payout_rolling_median,0.1187324258396777
obs_737762458ee1173d,K-Means,product_breadth_change,0.08856468087097236
obs_737762458ee1173d,K-Means,distinct_customers_rolling_std,0.08635953106306529
obs_0ee2bb6350ce0d55,K-Means,total_sales_rolling_MAD,0.37413332172356945
obs_0ee2bb6350ce0d55,K-Means,simulated_actual_payout_lag_3,0.06039532019997884
obs_0ee2bb6350ce0d55,K-Means,total_quantity_lag_3,0.049540376211881454
obs_e42f647bfaae561b,K-Means,total_sales_rolling_MAD,0.19200411040922188
obs_e42f647bfaae561b,K-Means,total_quantity_rolling_median,0.044803891788765086
obs_e42f647bfaae561b,K-Means,distinct_customers_history_deviation,0.03637028414924402
obs_fe45b3727f588964,K-Means,total_sales_rolling_MAD,0.24490062614059638
obs_fe45b3727f588964,K-Means,median_price,0.03813426871070996
obs_fe45b3727f588964,K-Means,customer_loss_rate,0.035559483944175074
obs_fd6311aea139b9cf,K-Means,simulated_actual_payout_lag_6,0.1933766355517323
obs_fd6311aea139b9cf,K-Means,total_quantity_lag_6,0.12358805002950267
obs_fd6311aea139b9cf,K-Means,total_sales_rolling_MAD,0.07656913125326711
obs_959cf626cf8b0281,K-Means,total_sales_rolling_MAD,0.133751027702244
obs_959cf626cf8b0281,K-Means,median_price,0.08516030599987955
obs_959cf626cf8b0281,K-Means,average_price,0.0789393834770069
obs_cb5961c34b34f824,K-Means,total_sales_rolling_MAD,0.07478231835463238
obs_cb5961c34b34f824,K-Means,product_breadth_change,0.052667632653687686
obs_cb5961c34b34f824,K-Means,distinct_customers_history_deviation,0.047486728981192904
obs_1535a94daa9bce14,K-Means,product_breadth_change,0.10502082034142239
obs_1535a94daa9bce14,K-Means,simulated_actual_payout_rolling_MAD,0.04239040729836037
obs_1535a94daa9bce14,K-Means,total_quantity_lag_6,0.041284522608156585
obs_91c31b8ff6f47940,K-Means,product_mix_change,0.22083675105844927
obs_91c31b8ff6f47940,K-Means,product_concentration,0.05114786103938678
obs_91c31b8ff6f47940,K-Means,customer_concentration,0.050963994290617966
obs_047509cc32370e7d,K-Means,total_quantity_lag_6,0.08015423004387728
obs_047509cc32370e7d,K-Means,total_sales_lag_6,0.05556192666805549
obs_047509cc32370e7d,K-Means,simulated_actual_payout_history_deviation,0.0355300321656324
obs_d067341622c2be58,K-Means,country_mix,0.07523004883463502
obs_d067341622c2be58,K-Means,customer_growth,0.056723056553607105
obs_d067341622c2be58,K-Means,distinct_customers_month_over_month_growth,0.056723056553607105
obs_69def97dfb457caf,K-Means,country_mix,0.10421774027572045
obs_69def97dfb457caf,K-Means,distinct_customers_trend,0.06415270380664356
obs_69def97dfb457caf,K-Means,simulated_actual_payout_rolling_mean_3,0.062026223229816865
obs_26a847b1d4497868,K-Means,distinct_customers_lag_6,0.1707610207775573
obs_26a847b1d4497868,K-Means,distinct_customers_trend,0.061779892921471444
obs_26a847b1d4497868,K-Means,distinct_customers_lag_3,0.0514140395210554
obs_c64b17f78af3fc20,K-Means,subchannel_mix,0.19945268531606972
obs_c64b17f78af3fc20,K-Means,channel_mix,0.08243914045138928
obs_c64b17f78af3fc20,K-Means,distributor_concentration,0.03034918558931909
obs_912a45deec5c9877,K-Means,total_quantity_lag_6,0.19097214448099661
obs_912a45deec5c9877,K-Means,total_sales_lag_6,0.10579181793630658
obs_912a45deec5c9877,K-Means,distinct_customers_lag_6,0.08776772135188665
obs_f86621dad8423568,K-Means,distinct_customers_lag_6,0.05582668953231977
obs_f86621dad8423568,K-Means,distinct_customers_history_deviation,0.05453334019124922
obs_f86621dad8423568,K-Means,distinct_customers_peer_country_product_class_relative,0.053815505806429124
obs_21eccc1a36ef728f,K-Means,distinct_customers_lag_6,0.09115189495525083
obs_21eccc1a36ef728f,K-Means,simulated_actual_payout_rolling_MAD,0.05955530605663623
obs_21eccc1a36ef728f,K-Means,product_concentration,0.03939882638153215
obs_cf88aeb5ef9c08d1,K-Means,distinct_customers_lag_6,0.09770304177795933
obs_cf88aeb5ef9c08d1,K-Means,total_quantity_rolling_std,0.04844353341767728
obs_cf88aeb5ef9c08d1,K-Means,total_quantity_peer_z,0.03865517793982967
obs_abde4f835ce4cb5a,K-Means,distinct_customers_lag_6,0.22749607789587142
obs_abde4f835ce4cb5a,K-Means,distinct_customers_product_class_relative,0.06205290537081875
obs_abde4f835ce4cb5a,K-Means,distinct_customers_trend,0.05412655637694223
obs_3b182b15539aec0a,K-Means,simulated_actual_payout_history_deviation,0.06510353538838144
obs_3b182b15539aec0a,K-Means,simulated_actual_payout_rolling_MAD,0.05303923678484568
obs_3b182b15539aec0a,K-Means,total_sales_rolling_MAD,0.050772366931847585
obs_944c60e265db1b64,K-Means,simulated_actual_payout_history_deviation,0.05878269610108238
obs_944c60e265db1b64,K-Means,channel_mix,0.042692509766354046
obs_944c60e265db1b64,K-Means,distinct_customers_lag_6,0.04151436020538473
obs_9ca10903a999c6d7,K-Means,new_customers,0.10198157041427922
obs_9ca10903a999c6d7,K-Means,total_quantity_peer_median,0.07914581534543903
obs_9ca10903a999c6d7,K-Means,total_sales_peer_median,0.060291652652075235
obs_5327c3840f4cea12,K-Means,total_quantity_peer_median,0.09274325545757939
obs_5327c3840f4cea12,K-Means,new_customers,0.0847162385391522
obs_5327c3840f4cea12,K-Means,distributor_count,0.07374778751200377
obs_c48289e0bca93184,K-Means,distinct_customers_lag_6,0.14672740797495795
obs_c48289e0bca93184,K-Means,new_customers,0.10195785895295581
obs_c48289e0bca93184,K-Means,distinct_customers_rolling_median,0.04488616931377918
obs_51f13243c9343e52,K-Means,distinct_customers_lag_6,0.16506618184821892
obs_51f13243c9343e52,K-Means,new_customers,0.1646655854997476
obs_51f13243c9343e52,K-Means,distinct_customers_rolling_MAD,0.06990155121950659
obs_8e9ea3ff8597b66e,K-Means,distinct_customers_lag_6,0.25970988625795355
obs_8e9ea3ff8597b66e,K-Means,new_customers,0.09879571227419422
obs_8e9ea3ff8597b66e,K-Means,simulated_actual_payout_trend,0.04881964622567345
obs_4b5741ed50ba64eb,K-Means,latitude_dispersion,0.09292775836788675
obs_4b5741ed50ba64eb,K-Means,total_quantity_peer_median,0.0777001240227363
obs_4b5741ed50ba64eb,K-Means,distinct_customers_team_relative,0.07754999093598856
obs_ff161deeacca9cba,K-Means,simulated_actual_payout_rolling_mean_3,0.18276288180859102
obs_ff161deeacca9cba,K-Means,simulated_actual_payout_lag_1,0.1302092286404953
obs_ff161deeacca9cba,K-Means,simulated_actual_payout_rolling_mean_6,0.06260780300849966
obs_96f4af0799efbbc0,K-Means,distinct_customers_rolling_std,0.16068168953455306
obs_96f4af0799efbbc0,K-Means,simulated_actual_payout_rolling_median,0.12310787352582396
obs_96f4af0799efbbc0,K-Means,simulated_actual_payout_lag_2,0.07775738548947267
obs_9ea2069f2f280202,K-Means,distinct_customers_rolling_MAD,0.15871201405646354
obs_9ea2069f2f280202,K-Means,simulated_actual_payout_lag_3,0.12131569665534368
obs_9ea2069f2f280202,K-Means,simulated_actual_payout_rolling_MAD,0.03991594156760486
obs_684cebe21c44031c,K-Means,distinct_customers_rolling_MAD,0.055004034090970017
obs_684cebe21c44031c,K-Means,product_class_share,0.044192953418125264
obs_684cebe21c44031c,K-Means,total_quantity_trend,0.03502913581558129
obs_d6747d3fed5fe293,K-Means,simulated_actual_payout_rolling_MAD,0.07871276820353099
obs_d6747d3fed5fe293,K-Means,distributor_concentration,0.0577870800310405
obs_d6747d3fed5fe293,K-Means,simulated_actual_payout_history_deviation,0.05004007951488568
obs_ae527233d11b8c58,K-Means,simulated_actual_payout_lag_6,0.43938064400319643
obs_ae527233d11b8c58,K-Means,total_sales_lag_6,0.04019109479186928
obs_ae527233d11b8c58,K-Means,simulated_actual_payout_rolling_std,0.037934057232585104
obs_e0aa7af3118372d2,K-Means,total_quantity_lag_6,0.18851030013843462
obs_e0aa7af3118372d2,K-Means,total_sales_lag_6,0.16397357966971343
obs_e0aa7af3118372d2,K-Means,product_class_share,0.039526570518442626
obs_0229e81d5958fde5,K-Means,total_quantity_rolling_std,0.08566498975690823
obs_0229e81d5958fde5,K-Means,total_quantity_rolling_MAD,0.084128861891702
obs_0229e81d5958fde5,K-Means,distinct_customers_lag_6,0.06482169867358181
obs_cad1ebb4b0087903,K-Means,total_sales_rolling_std,0.07638599804840315
obs_cad1ebb4b0087903,K-Means,distinct_customers_history_deviation,0.07434204384803002
obs_cad1ebb4b0087903,K-Means,total_quantity_rolling_std,0.06900394417901677
obs_29b4c5dcc875026b,K-Means,total_sales_peer_median,0.07178242998806217
obs_29b4c5dcc875026b,K-Means,distinct_customers_lag_6,0.06689476205798
obs_29b4c5dcc875026b,K-Means,total_quantity_peer_median,0.06598109546855974
obs_8c7da68229dfd4dd,K-Means,simulated_actual_payout_rolling_MAD,0.06224560322772647
obs_8c7da68229dfd4dd,K-Means,distributor_count,0.05303370050645476
obs_8c7da68229dfd4dd,K-Means,distinct_customers_team_relative,0.04657986190484125
obs_c55be8b0c5d1aa36,K-Means,distinct_customers_lag_6,0.08495947036823422
obs_c55be8b0c5d1aa36,K-Means,simulated_actual_payout_lag_12,0.07763808432254148
obs_c55be8b0c5d1aa36,K-Means,simulated_actual_payout_rolling_MAD,0.05614837186229461
obs_856d745d7b285dd5,K-Means,distinct_customers_lag_6,0.0741830815585194
obs_856d745d7b285dd5,K-Means,simulated_actual_payout_history_deviation,0.06645309510729427
obs_856d745d7b285dd5,K-Means,distinct_customers_history_deviation,0.04192098842504577
obs_c680775d3c45bb03,K-Means,distinct_customers_trend,0.06671559989930259
obs_c680775d3c45bb03,K-Means,distinct_customers_lag_6,0.04801904944540399
obs_c680775d3c45bb03,K-Means,simulated_actual_payout_rolling_MAD,0.035330927440064816
obs_ee269b31b2258a76,K-Means,simulated_actual_payout_peer_z,0.06980220236025732
obs_ee269b31b2258a76,K-Means,total_sales_peer_z,0.05198661401547926
obs_ee269b31b2258a76,K-Means,total_quantity_history_deviation,0.04497238867733352
obs_bcb97222de1e5531,K-Means,distinct_customers_lag_6,0.08508501760569999
obs_bcb97222de1e5531,K-Means,distinct_customers_lag_2,0.0664958155737583
obs_bcb97222de1e5531,K-Means,distinct_customers_lag_3,0.06064281422102503
obs_b89117199cbaf8fe,K-Means,distinct_customers_lag_3,0.07058883770345091
obs_b89117199cbaf8fe,K-Means,simulated_actual_payout_history_deviation,0.06097157812124304
obs_b89117199cbaf8fe,K-Means,distinct_customers_rolling_median,0.03752906698230607
obs_e7efc862635bfca3,K-Means,distinct_customers_lag_6,0.27698065952008993
obs_e7efc862635bfca3,K-Means,distinct_customers_rolling_mean_6,0.06551038324684796
obs_e7efc862635bfca3,K-Means,distinct_customers_rolling_median,0.05733525733828228
obs_157d22d466b324c7,K-Means,distinct_customers_lag_6,0.26396100304013975
obs_157d22d466b324c7,K-Means,distinct_customers_rolling_mean_6,0.060703574349924
obs_157d22d466b324c7,K-Means,distinct_customers_rolling_median,0.056831275874901235
obs_c4b4fb806e71be32,K-Means,distinct_customers_lag_6,0.382227401872349
obs_c4b4fb806e71be32,K-Means,total_quantity_lag_1,0.04877903140565217
obs_c4b4fb806e71be32,K-Means,new_customers,0.03921388209881323
obs_ee02843b8d5b905f,K-Means,distinct_customers_lag_6,0.19175778521142117
obs_ee02843b8d5b905f,K-Means,total_quantity_lag_6,0.06997205363776186
obs_ee02843b8d5b905f,K-Means,total_quantity_lag_2,0.06267010228552775
obs_936198b6db928724,K-Means,distinct_customers_lag_6,0.2087631598309272
obs_936198b6db928724,K-Means,new_customers,0.0773604854035074
obs_936198b6db928724,K-Means,total_quantity_lag_3,0.0736185260735005
obs_632a94bba6e0c262,K-Means,distinct_customers_lag_6,0.18948316522149936
obs_632a94bba6e0c262,K-Means,new_customers,0.055327579149857246
obs_632a94bba6e0c262,K-Means,distinct_customers_history_deviation,0.04052870795088769
obs_f11ed02c849df06f,K-Means,new_customers,0.2024265070725365
obs_f11ed02c849df06f,K-Means,distinct_customers_lag_6,0.1620743322211815
obs_f11ed02c849df06f,K-Means,distinct_customers_history_deviation,0.03918287963147246
obs_33372ad63a7d545f,K-Means,total_quantity_lag_6,0.13124343502400587
obs_33372ad63a7d545f,K-Means,distinct_customers_lag_6,0.10954548721697878
obs_33372ad63a7d545f,K-Means,new_customers,0.06317055671894764
obs_6658ec4b6b16eb6f,K-Means,distinct_customers_lag_6,0.15491737406242148
obs_6658ec4b6b16eb6f,K-Means,new_customers,0.09990323181859603
obs_6658ec4b6b16eb6f,K-Means,distributor_count,0.0662531802319134
obs_8fc1c60a30ed360f,K-Means,distinct_customers_lag_6,0.24814720081690544
obs_8fc1c60a30ed360f,K-Means,new_customers,0.050194839917205566
obs_8fc1c60a30ed360f,K-Means,customer_concentration,0.0387199271043596
obs_7cd9291ab9e23889,K-Means,simulated_payout_to_sales_ratio,0.11757758492033654
obs_7cd9291ab9e23889,K-Means,total_quantity_product_class_relative,0.06918398889619719
obs_7cd9291ab9e23889,K-Means,total_quantity_peer_country_product_class_relative,0.06918326755120363
obs_35014e9dd1664d42,K-Means,simulated_actual_payout_rolling_mean_3,0.19149535445074678
obs_35014e9dd1664d42,K-Means,simulated_actual_payout_lag_1,0.12362944622081803
obs_35014e9dd1664d42,K-Means,simulated_actual_payout_rolling_mean_6,0.07111197411216702
obs_e67ea1210406939c,K-Means,simulated_actual_payout_rolling_median,0.20771696387257005
obs_e67ea1210406939c,K-Means,simulated_actual_payout_lag_2,0.10987119788701089
obs_e67ea1210406939c,K-Means,simulated_actual_payout_rolling_mean_3,0.07215635832320424
obs_b1ccbb453e9c0135,K-Means,simulated_actual_payout_lag_3,0.17018789921834407
obs_b1ccbb453e9c0135,K-Means,simulated_actual_payout_rolling_mean_3,0.05238585710429861
obs_b1ccbb453e9c0135,K-Means,simulated_actual_payout_rolling_median,0.04380703184983686
obs_2f39d6c9fe4e897e,K-Means,simulated_actual_payout_rolling_mean_3,0.07582564122061022
obs_2f39d6c9fe4e897e,K-Means,total_quantity_lag_2,0.05372151829531786
obs_2f39d6c9fe4e897e,K-Means,distinct_customers_trend,0.04965481962763343
obs_934fef4e832aff1c,K-Means,total_quantity_peer_country_product_class_relative,0.04752823295452035
obs_934fef4e832aff1c,K-Means,total_quantity_product_class_relative,0.04712536833760031
obs_934fef4e832aff1c,K-Means,total_quantity_team_relative,0.04259577793042276
obs_f98e680761efb923,K-Means,simulated_actual_payout_lag_6,0.23556711271487468
obs_f98e680761efb923,K-Means,total_quantity_trend,0.05311820030910151
obs_f98e680761efb923,K-Means,total_quantity_lag_1,0.04183915957612911
obs_22e6af2dcecc25cf,K-Means,total_quantity_lag_2,0.09479978664377843
obs_22e6af2dcecc25cf,K-Means,total_sales_lag_2,0.05481824394070331
obs_22e6af2dcecc25cf,K-Means,total_quantity_rolling_std,0.040330111758366684
obs_b930465323cdf45f,K-Means,total_quantity_lag_3,0.12685781837487273
obs_b930465323cdf45f,K-Means,total_sales_lag_3,0.09237905208510745
obs_b930465323cdf45f,K-Means,total_quantity_lag_6,0.07277150681741101
obs_aff0d3b25f8b847b,K-Means,total_quantity_rolling_std,0.0879011939510873
obs_aff0d3b25f8b847b,K-Means,customer_loss_rate,0.0786475054934271
obs_aff0d3b25f8b847b,K-Means,total_sales_rolling_std,0.05181055127946746
obs_93c8a88af7e3824d,K-Means,product_mix_change,0.1269810188262355
obs_93c8a88af7e3824d,K-Means,total_quantity_lag_3,0.03739772190656004
obs_93c8a88af7e3824d,K-Means,simulated_actual_payout_trend,0.037002726217312785
obs_1f1b3fd393d99e28,K-Means,total_quantity_lag_6,0.21402353252481832
obs_1f1b3fd393d99e28,K-Means,total_sales_lag_6,0.15949400745629
obs_1f1b3fd393d99e28,K-Means,simulated_actual_payout_lag_6,0.06157460260933892
obs_5c2e84244ceccaea,K-Means,simulated_actual_payout_lag_12,0.09454691010260566
obs_5c2e84244ceccaea,K-Means,product_breadth_change,0.09090590008625915
obs_5c2e84244ceccaea,K-Means,distinct_customers_month_over_month_growth,0.046345617593269106
obs_20d3d2a2e4e17f46,K-Means,total_sales_lag_6,0.056097547951212474
obs_20d3d2a2e4e17f46,K-Means,total_quantity_lag_6,0.047448212655231234
obs_20d3d2a2e4e17f46,K-Means,simulated_actual_payout_lag_6,0.040417528515397046
obs_2dd788baad324c83,K-Means,distinct_customers_trend,0.07057119247228998
obs_2dd788baad324c83,K-Means,total_sales_trend,0.03304312188362398
obs_2dd788baad324c83,K-Means,distinct_customers_peer_median,0.02940404724770659
obs_1281ff9b7d79031c,K-Means,distinct_customers_rolling_MAD,0.056353127942699525
obs_1281ff9b7d79031c,K-Means,simulated_actual_payout_lag_6,0.03707040006906086
obs_1281ff9b7d79031c,K-Means,total_sales_lag_1,0.034242966323611554
obs_2a7bc1113ffef823,K-Means,distinct_customers_rolling_MAD,0.04736021918078938
obs_2a7bc1113ffef823,K-Means,customer_loss_rate,0.04289465062485969
obs_2a7bc1113ffef823,K-Means,distinct_customers_product_class_relative,0.04059160246544317
obs_043ebf753eede07f,K-Means,simulated_actual_payout_month_over_month_growth,0.046872342320653494
obs_043ebf753eede07f,K-Means,distinct_customers_lag_3,0.04605922545279129
obs_043ebf753eede07f,K-Means,product_mix_change,0.0455517179528259
obs_80c63ffe914d53d1,K-Means,distinct_customers_lag_6,0.1264177376455157
obs_80c63ffe914d53d1,K-Means,distinct_customers_rolling_mean_6,0.05035969678861141
obs_80c63ffe914d53d1,K-Means,distinct_customers_rolling_median,0.050228390391364786
obs_b561b25e5070268d,K-Means,distinct_customers_lag_6,0.20131747008284887
obs_b561b25e5070268d,K-Means,simulated_actual_payout_trend,0.055721493841614206
obs_b561b25e5070268d,K-Means,total_sales_lag_6,0.055529127791127085
obs_e73d82a12c2c46af,K-Means,distinct_customers_lag_6,0.31241995750532997
obs_e73d82a12c2c46af,K-Means,total_sales_lag_6,0.09789764917522491
obs_e73d82a12c2c46af,K-Means,total_quantity_lag_6,0.0589358543021247
obs_2321a847c7af5a11,K-Means,distinct_customers_lag_6,0.1545720385220378
obs_2321a847c7af5a11,K-Means,simulated_actual_payout_lag_6,0.057455303784485316
obs_2321a847c7af5a11,K-Means,distinct_customers_lag_3,0.03750399876379704
obs_66a3a3e725623d23,K-Means,distinct_customers_lag_6,0.1884418107027231
obs_66a3a3e725623d23,K-Means,simulated_actual_payout_lag_6,0.03286578568546838
obs_66a3a3e725623d23,K-Means,new_customers,0.031277830509860285
obs_a64442afd0c679c5,K-Means,distinct_customers_lag_6,0.1418364649288504
obs_a64442afd0c679c5,K-Means,new_customers,0.07232110996594719
obs_a64442afd0c679c5,K-Means,total_quantity_lag_6,0.04713550919840142
obs_08e3ffcfe50579d8,K-Means,distinct_customers_lag_6,0.17637240831876125
obs_08e3ffcfe50579d8,K-Means,total_sales_lag_6,0.07465782610701967
obs_08e3ffcfe50579d8,K-Means,new_customers,0.0645833513520971
obs_d46736be5597657e,K-Means,distinct_customers_lag_6,0.13094301992186722
obs_d46736be5597657e,K-Means,new_customers,0.11553352238809719
obs_d46736be5597657e,K-Means,distributor_count,0.03777938384362451
obs_c5a8d498671eed1d,K-Means,distinct_customers_lag_6,0.16789378130639063
obs_c5a8d498671eed1d,K-Means,new_customers,0.11108181129055743
obs_c5a8d498671eed1d,K-Means,distinct_customers_rolling_MAD,0.04679490574888257
obs_902988302cf00c77,K-Means,distinct_customers_lag_6,0.27759338707784204
obs_902988302cf00c77,K-Means,new_customers,0.19841864161859796
obs_902988302cf00c77,K-Means,distributor_count,0.03748016620312049
obs_d3f01262ad4045cd,K-Means,distinct_customers_peer_country_product_class_relative,0.06371886962576791
obs_d3f01262ad4045cd,K-Means,distinct_customers_product_class_relative,0.06314741489877741
obs_d3f01262ad4045cd,K-Means,dominant_product_share,0.05156247396804878
obs_7b8ed877916254b4,K-Means,simulated_payout_to_sales_ratio,0.061205188326699994
obs_7b8ed877916254b4,K-Means,simulated_actual_payout_rolling_mean_3,0.060311875128561135
obs_7b8ed877916254b4,K-Means,simulated_actual_payout_lag_1,0.05028133813711981
obs_2a8b2584fb5642b5,K-Means,simulated_payout_to_sales_ratio,0.08279018005155406
obs_2a8b2584fb5642b5,K-Means,total_sales_rolling_median,0.05591129097298951
obs_2a8b2584fb5642b5,K-Means,total_quantity_rolling_median,0.05010450102054218
obs_2f7c264d425def13,K-Means,simulated_actual_payout_rolling_MAD,0.06904050743245797
obs_2f7c264d425def13,K-Means,simulated_actual_payout_lag_3,0.0591822919434476
obs_2f7c264d425def13,K-Means,total_quantity_lag_2,0.050839057556477614
obs_b5c639f7cc222bb1,K-Means,total_quantity_lag_3,0.07794122782214474
obs_b5c639f7cc222bb1,K-Means,total_sales_lag_3,0.0729369420822333
obs_b5c639f7cc222bb1,K-Means,customer_loss_rate,0.07240657834019232
obs_147d84ddc706e3e6,K-Means,customer_loss_rate,0.07385348384410229
obs_147d84ddc706e3e6,K-Means,product_class_share,0.06139486258553871
obs_147d84ddc706e3e6,K-Means,total_sales_history_deviation,0.04264503600491395
obs_02d90b7c36a77e71,K-Means,simulated_actual_payout_lag_6,0.23039218595691083
obs_02d90b7c36a77e71,K-Means,total_sales_lag_6,0.10998951604735274
obs_02d90b7c36a77e71,K-Means,total_quantity_lag_6,0.05857478663124029
obs_748765f00024da5c,K-Means,total_sales_lag_6,0.140538894655979
obs_748765f00024da5c,K-Means,total_quantity_lag_6,0.1285460295633472
obs_748765f00024da5c,K-Means,simulated_actual_payout_rolling_MAD,0.04962006894184248
obs_c38319956cd44f75,K-Means,simulated_actual_payout_history_deviation,0.05593873308171114
obs_c38319956cd44f75,K-Means,simulated_actual_payout_rolling_MAD,0.05084776090239841
obs_c38319956cd44f75,K-Means,simulated_actual_payout_rolling_median,0.04361250476533434
obs_dd3c9633e41e6035,K-Means,median_price,0.10384666958069623
obs_dd3c9633e41e6035,K-Means,latitude_dispersion,0.07696244147195584
obs_dd3c9633e41e6035,K-Means,customer_loss_rate,0.05062130210917511
obs_bf974ba023a14a2a,K-Means,distinct_customers_lag_6,0.10006625695190668
obs_bf974ba023a14a2a,K-Means,product_breadth_change,0.056871598308893656
obs_bf974ba023a14a2a,K-Means,median_price,0.05455612384189063
obs_b737010e5a567cb0,K-Means,product_concentration,0.08184399572607745
obs_b737010e5a567cb0,K-Means,customer_concentration,0.06252006605811963
obs_b737010e5a567cb0,K-Means,city_concentration,0.06251998879353386
obs_4df3b3bce7e94fd9,K-Means,product_breadth_change,0.11171450313144178
obs_4df3b3bce7e94fd9,K-Means,customer_growth,0.08013459091380169
obs_4df3b3bce7e94fd9,K-Means,distinct_customers_month_over_month_growth,0.08013459091380169
obs_646b38202b90e7f4,K-Means,simulated_actual_payout_rolling_MAD,0.07888993151274981
obs_646b38202b90e7f4,K-Means,simulated_actual_payout_lag_6,0.05815364181870468
obs_646b38202b90e7f4,K-Means,simulated_actual_payout_history_deviation,0.05055430594981966
obs_4fa92ce6ce27c5b3,K-Means,distinct_customers_trend,0.17677753482956687
obs_4fa92ce6ce27c5b3,K-Means,simulated_actual_payout_rolling_MAD,0.07944429392774069
obs_4fa92ce6ce27c5b3,K-Means,total_sales_rolling_std,0.06405927987725658
obs_148589c47958c750,K-Means,country_mix,0.059858494474247154
obs_148589c47958c750,K-Means,distinct_customers_rolling_MAD,0.05387823236384978
obs_148589c47958c750,K-Means,total_sales_rolling_std,0.050079450605106456
obs_df5e49cf0f6ccd0f,K-Means,distinct_customers_lag_3,0.04571881203762631
obs_df5e49cf0f6ccd0f,K-Means,distinct_customers_lag_6,0.04012565053686522
obs_df5e49cf0f6ccd0f,K-Means,total_quantity_lag_1,0.03805711211514681
obs_142930539284638f,K-Means,distinct_customers_lag_6,0.05856294877341457
obs_142930539284638f,K-Means,total_quantity_lag_2,0.04011731995263484
obs_142930539284638f,K-Means,distributor_mix_change,0.03135566134495972
obs_5d8aea770b79e5ec,K-Means,distinct_customers_lag_6,0.164124758083279
obs_5d8aea770b79e5ec,K-Means,distinct_customers_rolling_mean_6,0.03975513504710531
obs_5d8aea770b79e5ec,K-Means,distinct_customers_rolling_median,0.031089947787860155
obs_280bd9281188dddf,K-Means,distinct_customers_lag_6,0.2827839748148745
obs_280bd9281188dddf,K-Means,total_quantity_trend,0.04000579935971443
obs_280bd9281188dddf,K-Means,simulated_actual_payout_trend,0.03885124521043724
obs_c6b0474c323eb704,K-Means,distinct_customers_lag_6,0.21528637699657657
obs_c6b0474c323eb704,K-Means,new_customers,0.06570216361953361
obs_c6b0474c323eb704,K-Means,distributor_mix_change,0.03249794653765139
obs_bd593f383b0e6676,K-Means,distinct_customers_lag_6,0.11410336247361277
obs_bd593f383b0e6676,K-Means,distinct_customers_lag_3,0.05354324563273181
obs_bd593f383b0e6676,K-Means,distinct_customers_rolling_mean_6,0.03911198347789112
obs_03d9d98392f40653,K-Means,distinct_customers_lag_6,0.09086553592881075
obs_03d9d98392f40653,K-Means,distributor_mix_change,0.055875343494147287
obs_03d9d98392f40653,K-Means,new_customers,0.04946963447826357
obs_2f8eb50592cf1dcd,K-Means,new_customers,0.08632776997811491
obs_2f8eb50592cf1dcd,K-Means,distributor_concentration,0.07728749110027365
obs_2f8eb50592cf1dcd,K-Means,customer_concentration,0.07097462128109244
obs_b1b7fef11e1d4dc9,K-Means,distinct_customers_lag_6,0.12611700052315716
obs_b1b7fef11e1d4dc9,K-Means,total_quantity_peer_median,0.08150571297245096
obs_b1b7fef11e1d4dc9,K-Means,distributor_count,0.0624372780209975
obs_3f0ccaf0362e81e1,K-Means,distinct_customers_lag_6,0.1654975167432674
obs_3f0ccaf0362e81e1,K-Means,total_quantity_lag_1,0.059869678774154014
obs_3f0ccaf0362e81e1,K-Means,new_customers,0.04986754448420576
obs_544e87c9754de2a1,K-Means,new_customers,0.08195792968523999
obs_544e87c9754de2a1,K-Means,total_quantity_lag_2,0.07420247142741165
obs_544e87c9754de2a1,K-Means,distinct_customers_lag_6,0.07015765862196767
obs_1e7998d0440ce97f,K-Means,distinct_customers_lag_6,0.10452508296476161
obs_1e7998d0440ce97f,K-Means,new_customers,0.07803036836556308
obs_1e7998d0440ce97f,K-Means,total_quantity_lag_3,0.04853191385382878
obs_6e13fd082165ead9,K-Means,distributor_concentration,0.08567102591548058
obs_6e13fd082165ead9,K-Means,dominant_product_share,0.039214849376369036
obs_6e13fd082165ead9,K-Means,simulated_payout_to_sales_ratio,0.03830659638599173
obs_9b97af6148b25f1a,K-Means,product_breadth_change,0.08155056603313258
obs_9b97af6148b25f1a,K-Means,simulated_actual_payout_rolling_mean_3,0.07740620020975017
obs_9b97af6148b25f1a,K-Means,simulated_actual_payout_lag_1,0.06412518950672912
obs_f6eb93cbbf7375ff,K-Means,simulated_actual_payout_rolling_median,0.13043674373183298
obs_f6eb93cbbf7375ff,K-Means,simulated_actual_payout_lag_2,0.06978010607545727
obs_f6eb93cbbf7375ff,K-Means,distinct_customers_peer_country_product_class_relative,0.053196369419564
obs_2bb90c5f64009fad,K-Means,total_sales_rolling_MAD,0.14878373047000074
obs_2bb90c5f64009fad,K-Means,product_breadth_change,0.07566046807748225
obs_2bb90c5f64009fad,K-Means,simulated_actual_payout_lag_3,0.04149359153804109
obs_a4e1978d459c3f78,K-Means,product_breadth_change,0.11986810681498354
obs_a4e1978d459c3f78,K-Means,total_sales_lag_1,0.05745117088523705
obs_a4e1978d459c3f78,K-Means,subchannel_mix,0.041179309615957525
obs_36d9ce091d0620ff,K-Means,total_sales_acceleration,0.06433669275461369
obs_36d9ce091d0620ff,K-Means,total_sales_lag_2,0.0595067865184585
obs_36d9ce091d0620ff,K-Means,simulated_actual_payout_acceleration,0.04996921464192379
obs_17f088e62032bc1a,K-Means,simulated_actual_payout_lag_6,0.13960126992646127
obs_17f088e62032bc1a,K-Means,total_sales_lag_3,0.048030804417868354
obs_17f088e62032bc1a,K-Means,total_quantity_trend,0.04570433760645346
obs_907add980b3e9986,K-Means,total_quantity_rolling_MAD,0.05508785429800888
obs_907add980b3e9986,K-Means,total_quantity_month_over_month_growth,0.03619167293102949
obs_907add980b3e9986,K-Means,total_quantity_acceleration,0.0360275266607155
obs_83db82e8e13f2f6e,K-Means,total_quantity_rolling_MAD,0.07104248114219687
obs_83db82e8e13f2f6e,K-Means,latitude_dispersion,0.06470214300078439
obs_83db82e8e13f2f6e,K-Means,total_quantity_lag_3,0.040151126586694744
obs_dff1b66938b8f8cb,K-Means,total_sales_lag_6,0.1791149538913078
obs_dff1b66938b8f8cb,K-Means,distinct_customers_lag_6,0.11112144049372306
obs_dff1b66938b8f8cb,K-Means,simulated_actual_payout_lag_6,0.07844154080226656
obs_c3301c211f9b71cc,K-Means,total_sales_lag_6,0.17052325856454623
obs_c3301c211f9b71cc,K-Means,total_quantity_lag_6,0.11905892535377471
obs_c3301c211f9b71cc,K-Means,new_customers,0.05163238163080802
obs_062bad93b51845e8,K-Means,total_quantity_lag_6,0.14720051462632974
obs_062bad93b51845e8,K-Means,simulated_actual_payout_rolling_std,0.05409486125325724
obs_062bad93b51845e8,K-Means,simulated_actual_payout_rolling_mean_3,0.04601981968370774
obs_780058a1c73c5452,K-Means,total_quantity_lag_6,0.0636381076183703
obs_780058a1c73c5452,K-Means,customer_growth,0.06087481201655614
obs_780058a1c73c5452,K-Means,distinct_customers_month_over_month_growth,0.06087481201655614
obs_d73fe1615c68fdfc,K-Means,distinct_customers_trend,0.07270506988968636
obs_d73fe1615c68fdfc,K-Means,country_mix,0.06952785699110126
obs_d73fe1615c68fdfc,K-Means,simulated_actual_payout_history_deviation,0.06729491718117503
obs_ce537d6fe6c5d260,K-Means,distinct_customers_trend,0.05900338108532417
obs_ce537d6fe6c5d260,K-Means,total_quantity_history_deviation,0.05481186931617749
obs_ce537d6fe6c5d260,K-Means,simulated_actual_payout_rolling_MAD,0.05118865396583157
obs_6534540a6fb12523,K-Means,total_sales_lag_6,0.07129210609107368
obs_6534540a6fb12523,K-Means,total_quantity_lag_6,0.05583275261295724
obs_6534540a6fb12523,K-Means,total_sales_year_over_year_growth,0.04862165060951844
obs_14541eefb04e6a1c,K-Means,sales_per_customer,0.06536044078281172
obs_14541eefb04e6a1c,K-Means,sales_per_transaction,0.06448721667521905
obs_14541eefb04e6a1c,K-Means,average_transaction_value,0.06448721667521905
obs_2e324c032723d014,K-Means,total_sales_lag_1,0.13660497294901527
obs_2e324c032723d014,K-Means,total_sales_month_over_month_growth,0.10223759162060889
obs_2e324c032723d014,K-Means,total_sales_acceleration,0.06929573448928963
obs_ebe5b8bf5d5ad451,K-Means,distinct_customers_lag_6,0.1675232991392281
obs_ebe5b8bf5d5ad451,K-Means,total_sales_lag_2,0.16573007307312698
obs_ebe5b8bf5d5ad451,K-Means,distributor_concentration,0.060296546483602616
obs_052848da90300067,K-Means,total_sales_lag_3,0.1266463280885691
obs_052848da90300067,K-Means,distinct_customers_lag_6,0.09983934804943158
obs_052848da90300067,K-Means,total_sales_trend,0.08285957883456388
obs_65a51d0317d5d6b6,K-Means,distinct_customers_lag_6,0.2109566704746381
obs_65a51d0317d5d6b6,K-Means,total_quantity_lag_1,0.056429701499259514
obs_65a51d0317d5d6b6,K-Means,total_quantity_lag_6,0.043672286425451644
obs_b39eb0301781b477,K-Means,total_quantity_lag_2,0.06376076459281374
obs_b39eb0301781b477,K-Means,distinct_customers_lag_6,0.060180833799645256
obs_b39eb0301781b477,K-Means,distinct_customers_rolling_std,0.05871976515609268
obs_87a8cb1c321eb328,K-Means,total_sales_lag_6,0.13684341696044347
obs_87a8cb1c321eb328,K-Means,distinct_customers_lag_6,0.07662819628667414
obs_87a8cb1c321eb328,K-Means,simulated_actual_payout_lag_6,0.07205340645257875
obs_b3e2742a6ccab663,K-Means,total_quantity,0.053031210630881835
obs_b3e2742a6ccab663,K-Means,distinct_customers_history_deviation,0.03953525845336187
obs_b3e2742a6ccab663,K-Means,distinct_customers_lag_6,0.03712745645469861
obs_97d0242a52bba266,K-Means,new_customers,0.19693861040964156
obs_97d0242a52bba266,K-Means,distinct_customers_lag_6,0.0775003618461338
obs_97d0242a52bba266,K-Means,total_quantity_peer_median,0.05491181967371059
obs_ef32f788a96725c8,K-Means,new_customers,0.08458142740585882
obs_ef32f788a96725c8,K-Means,distinct_customers_lag_6,0.05086126302391704
obs_ef32f788a96725c8,K-Means,total_sales_lag_1,0.03150133122112019
obs_e01f280f5f460ee7,K-Means,simulated_payout_to_sales_ratio,0.08296005935717209
obs_e01f280f5f460ee7,K-Means,distinct_customers_lag_6,0.0735839879442075
obs_e01f280f5f460ee7,K-Means,new_customers,0.05752013363478144
obs_e6d005d98582fb46,K-Means,distinct_customers_lag_6,0.1496327818414357
obs_e6d005d98582fb46,K-Means,new_customers,0.1166028749816798
obs_e6d005d98582fb46,K-Means,total_sales_lag_3,0.04650232362981756
obs_5c4929a697dbbdfe,K-Means,average_price,0.10634007871971266
obs_5c4929a697dbbdfe,K-Means,simulated_payout_to_sales_ratio,0.10289221799895702
obs_5c4929a697dbbdfe,K-Means,median_price,0.0833998985310786
obs_16ad5f7ddf147b74,K-Means,product_breadth_change,0.09032774543188989
obs_16ad5f7ddf147b74,K-Means,simulated_payout_to_sales_ratio,0.06743955463193503
obs_16ad5f7ddf147b74,K-Means,simulated_actual_payout_rolling_mean_3,0.05138080918376437
obs_384a5033d3110712,K-Means,total_sales_rolling_std,0.07315544402288876
obs_384a5033d3110712,K-Means,simulated_payout_to_sales_ratio,0.0663839076316502
obs_384a5033d3110712,K-Means,total_sales_rolling_median,0.05488493746181394
obs_3e3926de8a10965d,K-Means,simulated_payout_to_sales_ratio,0.05849722878114457
obs_3e3926de8a10965d,K-Means,simulated_actual_payout_rolling_MAD,0.055325992584231154
obs_3e3926de8a10965d,K-Means,total_sales_rolling_median,0.04767252005573962
obs_8d639df99c79a561,K-Means,total_sales_lag_3,0.06206273917133539
obs_8d639df99c79a561,K-Means,total_quantity_lag_3,0.04429490254127408
obs_8d639df99c79a561,K-Means,channel_mix,0.04245889978089837
obs_b372b06ae2e6a419,K-Means,total_quantity_rolling_MAD,0.08622417149144841
obs_b372b06ae2e6a419,K-Means,simulated_actual_payout_rolling_MAD,0.07391776865635237
obs_b372b06ae2e6a419,K-Means,total_sales_rolling_median,0.04735328990992748
obs_98bbb26f2aeb5380,K-Means,simulated_actual_payout_lag_6,0.15385800054309837
obs_98bbb26f2aeb5380,K-Means,distinct_customers_lag_6,0.10792594912542555
obs_98bbb26f2aeb5380,K-Means,total_sales_lag_6,0.06381641140248691
obs_4f0aafcd3b129198,K-Means,total_sales_lag_6,0.154609890755271
obs_4f0aafcd3b129198,K-Means,total_quantity_lag_6,0.09412254386440062
obs_4f0aafcd3b129198,K-Means,simulated_actual_payout_rolling_mean_3,0.03816897337805081
obs_60af4f1c0a28dc54,K-Means,distinct_customers_lag_6,0.1316508113536454
obs_60af4f1c0a28dc54,K-Means,total_quantity_rolling_std,0.050026675428642434
obs_60af4f1c0a28dc54,K-Means,total_sales_rolling_std,0.04990451965104368
obs_e7e0599feffde74f,K-Means,median_price,0.2898187293710987
obs_e7e0599feffde74f,K-Means,latitude_dispersion,0.11436821761287427
obs_e7e0599feffde74f,K-Means,average_price,0.08793038207336179
obs_285b8a25ad929712,K-Means,median_price,0.1556606283933623
obs_285b8a25ad929712,K-Means,total_sales_lag_6,0.07548763931620311
obs_285b8a25ad929712,K-Means,distinct_customers_lag_6,0.0547562528289762
obs_e409e0b87cd6c57a,K-Means,subchannel_mix,0.12243463444073967
obs_e409e0b87cd6c57a,K-Means,distinct_customers_peer_country_product_class_relative,0.04964962881990261
obs_e409e0b87cd6c57a,K-Means,distinct_customers_product_class_relative,0.04913809350001963
obs_4b01603ccbad5716,K-Means,country_mix,0.05946507526912788
obs_4b01603ccbad5716,K-Means,customer_growth,0.05629486734194706
obs_4b01603ccbad5716,K-Means,distinct_customers_month_over_month_growth,0.05629486734194706
obs_a3e184d42bede7e7,K-Means,median_price,0.10996637634052277
obs_a3e184d42bede7e7,K-Means,distinct_customers_product_class_relative,0.039408328455791924
obs_a3e184d42bede7e7,K-Means,average_price,0.03681443829225393
obs_985d7b9ca766f221,K-Means,distinct_customers_trend,0.1144260975318237
obs_985d7b9ca766f221,K-Means,simulated_actual_payout_acceleration,0.05162995838532379
obs_985d7b9ca766f221,K-Means,simulated_actual_payout_trend,0.043125222017028994
obs_343e1fbf672a0a53,K-Means,simulated_actual_payout_trend,0.07324006215854527
obs_343e1fbf672a0a53,K-Means,total_quantity_trend,0.06388940898081967
obs_343e1fbf672a0a53,K-Means,total_sales_trend,0.05883430259931095
obs_086e9144f8bbba1c,K-Means,subchannel_mix,0.07596334340386092
obs_086e9144f8bbba1c,K-Means,customer_concentration,0.06096611930633065
obs_086e9144f8bbba1c,K-Means,city_concentration,0.060966064969124156
obs_0b0bab2652c11fe0,K-Means,total_sales_acceleration,0.06273872880694098
obs_0b0bab2652c11fe0,K-Means,total_sales_lag_1,0.05439273154791463
obs_0b0bab2652c11fe0,K-Means,total_quantity_acceleration,0.04091358183383236
obs_fb3c719b2d7a3038,K-Means,total_quantity_lag_6,0.1007917251500715
obs_fb3c719b2d7a3038,K-Means,total_sales_lag_6,0.09767600299760237
obs_fb3c719b2d7a3038,K-Means,total_sales_lag_2,0.06982813932332879
obs_f3d3295a0ffa2297,K-Means,distinct_customers_lag_6,0.19847068064936182
obs_f3d3295a0ffa2297,K-Means,total_sales_lag_3,0.08999126237279291
obs_f3d3295a0ffa2297,K-Means,total_quantity_lag_3,0.058475938378690896
obs_384517c9a0db6481,K-Means,distinct_customers_lag_6,0.21053015740616043
obs_384517c9a0db6481,K-Means,total_sales_lag_6,0.06567816206702531
obs_384517c9a0db6481,K-Means,total_quantity_lag_6,0.055944749090865414
obs_3bb7216504ef8629,K-Means,median_price,0.23015747040933185
obs_3bb7216504ef8629,K-Means,total_sales_lag_6,0.09001627906053788
obs_3bb7216504ef8629,K-Means,average_price,0.06229166272593636
obs_ac208950ac875d7b,K-Means,total_sales_lag_6,0.24070823314612097
obs_ac208950ac875d7b,K-Means,total_quantity_lag_6,0.14593873474233146
obs_ac208950ac875d7b,K-Means,distinct_customers_lag_6,0.12386669726638781
obs_20c75b0c1c5d3c7d,K-Means,median_price,0.08977778473161424
obs_20c75b0c1c5d3c7d,K-Means,new_customers,0.05460372293065303
obs_20c75b0c1c5d3c7d,K-Means,distinct_customers_lag_6,0.0503624263373543
obs_17f53ec8367d9e62,K-Means,distinct_customers_lag_6,0.08287113020909906
obs_17f53ec8367d9e62,K-Means,new_customers,0.07228587715602063
obs_17f53ec8367d9e62,K-Means,total_sales_peer_median,0.06277750617012287
obs_9967bf55d0b81cf9,K-Means,distinct_customers_lag_6,0.09040604032387273
obs_9967bf55d0b81cf9,K-Means,product_concentration,0.06724645592608196
obs_9967bf55d0b81cf9,K-Means,new_customers,0.06066678464268794
obs_e24f5f74b36d7230,K-Means,subchannel_mix,0.09727998460384381
obs_e24f5f74b36d7230,K-Means,distributor_count,0.053042268078401164
obs_e24f5f74b36d7230,K-Means,new_customers,0.049813428932140594
obs_780a2f8eae014516,K-Means,distinct_customers_lag_6,0.08894781864987054
obs_780a2f8eae014516,K-Means,simulated_actual_payout_acceleration,0.052818297310662767
obs_780a2f8eae014516,K-Means,total_sales_acceleration,0.04279055445265851
obs_59c7d31794f68754,K-Means,channel_mix,0.15864044453608156
obs_59c7d31794f68754,K-Means,simulated_payout_to_sales_ratio,0.07881096464402278
obs_59c7d31794f68754,K-Means,median_price,0.07336466326454576
obs_c44addd8177a87e0,K-Means,simulated_actual_payout_rolling_mean_3,0.23511350999599492
obs_c44addd8177a87e0,K-Means,simulated_actual_payout_lag_1,0.1304169803305167
obs_c44addd8177a87e0,K-Means,simulated_actual_payout_rolling_mean_6,0.08392240709144533
obs_d19aa9c60179ccbe,K-Means,simulated_actual_payout_rolling_median,0.1687778347855494
obs_d19aa9c60179ccbe,K-Means,simulated_actual_payout_lag_2,0.08617563528519351
obs_d19aa9c60179ccbe,K-Means,simulated_actual_payout_rolling_mean_3,0.054793548154232215
obs_df28f7f597eefdf1,K-Means,simulated_actual_payout_lag_3,0.13111775107452317
obs_df28f7f597eefdf1,K-Means,total_sales_rolling_median,0.05173398248761494
obs_df28f7f597eefdf1,K-Means,total_sales_history_deviation,0.049455350201726825
obs_7ebd3a3ed2f5e1bc,K-Means,latitude_dispersion,0.07965367641085624
obs_7ebd3a3ed2f5e1bc,K-Means,total_sales_lag_3,0.04545770298365358
obs_7ebd3a3ed2f5e1bc,K-Means,total_sales_rolling_MAD,0.045414186037573544
obs_719970dc4eb17e4c,K-Means,simulated_actual_payout_rolling_mean_3,0.07238589619564907
obs_719970dc4eb17e4c,K-Means,total_sales_rolling_MAD,0.0614172424231882
obs_719970dc4eb17e4c,K-Means,average_price,0.05712052907084457
obs_4d55ec17f95a25c0,K-Means,simulated_actual_payout_lag_6,0.38720142931917456
obs_4d55ec17f95a25c0,K-Means,simulated_actual_payout_rolling_mean_3,0.0621063684362103
obs_4d55ec17f95a25c0,K-Means,median_price,0.04900527456813187
obs_8cc839ab27e58c58,K-Means,total_sales_lag_6,0.09444815231657674
obs_8cc839ab27e58c58,K-Means,distinct_customers_peer_country_product_class_relative,0.03628707891321116
obs_8cc839ab27e58c58,K-Means,distinct_customers_product_class_relative,0.03590575111950879
obs_766866195c1e9dad,K-Means,total_sales_lag_6,0.09126329372402618
obs_766866195c1e9dad,K-Means,simulated_actual_payout_rolling_median,0.050161506722743436
obs_766866195c1e9dad,K-Means,total_quantity_lag_6,0.04505552865877772
obs_cab3309d22318b0c,K-Means,simulated_actual_payout_lag_6,0.06849957558626533
obs_cab3309d22318b0c,K-Means,simulated_actual_payout_rolling_median,0.0499527286312335
obs_cab3309d22318b0c,K-Means,simulated_actual_payout_lag_2,0.04392256778803886
obs_9c7361113cb93f10,K-Means,simulated_actual_payout_rolling_mean_3,0.05478821403184355
obs_9c7361113cb93f10,K-Means,average_price,0.04147184420821655
obs_9c7361113cb93f10,K-Means,simulated_actual_payout_rolling_median,0.039817827769069294
obs_1970b262e4e4648b,K-Means,median_price,0.09217566490076179
obs_1970b262e4e4648b,K-Means,average_price,0.07324910514645411
obs_1970b262e4e4648b,K-Means,simulated_actual_payout_acceleration,0.04826736520778412
obs_49aadfdd1752bbba,K-Means,simulated_actual_payout_lag_12,0.07041563514749818
obs_49aadfdd1752bbba,K-Means,customer_growth,0.040974154981614205
obs_49aadfdd1752bbba,K-Means,distinct_customers_month_over_month_growth,0.040974154981614205
obs_2bd1432f147a9005,K-Means,total_sales_lag_6,0.1268870554434064
obs_2bd1432f147a9005,K-Means,total_quantity_lag_6,0.09939016039422695
obs_2bd1432f147a9005,K-Means,simulated_actual_payout_lag_6,0.09028837243123955
obs_6189e656cd0d7f74,K-Means,total_sales_rolling_MAD,0.08316668075777564
obs_6189e656cd0d7f74,K-Means,distinct_customers_trend,0.05179469062869547
obs_6189e656cd0d7f74,K-Means,channel_mix,0.048329479776365925
obs_bcd0a51d0c87394e,K-Means,total_sales_lag_6,0.1063353592139513
obs_bcd0a51d0c87394e,K-Means,distinct_customers_lag_6,0.101779106499152
obs_bcd0a51d0c87394e,K-Means,total_quantity_lag_6,0.1009460629769506
obs_d06a3a74960c6745,K-Means,total_quantity_lag_6,0.1464237727478649
obs_d06a3a74960c6745,K-Means,country_mix,0.0642122879327212
obs_d06a3a74960c6745,K-Means,product_breadth_change,0.04329218133869588
obs_7a1242795f867518,K-Means,total_quantity_lag_6,0.10115355195771797
obs_7a1242795f867518,K-Means,distinct_customers_lag_6,0.06237898585750321
obs_7a1242795f867518,K-Means,distinct_customers_rolling_MAD,0.049574763238414976
obs_3711f3e17bfef239,K-Means,distinct_customers_lag_6,0.13546582187135986
obs_3711f3e17bfef239,K-Means,distinct_customers_rolling_MAD,0.07215260826994793
obs_3711f3e17bfef239,K-Means,simulated_actual_payout_lag_6,0.05216756270881223
obs_25d9ae24b9549e5f,K-Means,simulated_actual_payout_rolling_MAD,0.09800139271040066
obs_25d9ae24b9549e5f,K-Means,distinct_customers_lag_6,0.06476104326300024
obs_25d9ae24b9549e5f,K-Means,distinct_customers_rolling_MAD,0.0453390464634341
obs_faa6f16cc44cb549,K-Means,simulated_actual_payout_rolling_MAD,0.13756122670638543
obs_faa6f16cc44cb549,K-Means,distinct_customers_lag_6,0.1082163525680448
obs_faa6f16cc44cb549,K-Means,total_sales_lag_6,0.06796389754874375
obs_bb4ae453f0c97385,K-Means,simulated_actual_payout_rolling_MAD,0.2137748916185706
obs_bb4ae453f0c97385,K-Means,simulated_actual_payout_history_deviation,0.0774080686519752
obs_bb4ae453f0c97385,K-Means,total_quantity_rolling_std,0.06007981253397049
obs_5e6619ebd95ab77d,K-Means,simulated_actual_payout_rolling_MAD,0.1548066418486929
obs_5e6619ebd95ab77d,K-Means,simulated_actual_payout_history_deviation,0.08408616007895162
obs_5e6619ebd95ab77d,K-Means,total_quantity_rolling_std,0.06942693022280282
obs_6eb49e7dd6fe56ba,K-Means,simulated_actual_payout_rolling_MAD,0.17076402882304093
obs_6eb49e7dd6fe56ba,K-Means,distinct_customers_lag_6,0.1103373429596143
obs_6eb49e7dd6fe56ba,K-Means,total_quantity_rolling_MAD,0.08689038714727966
obs_b17f7244f4cf1790,K-Means,new_customers,0.1140463919661055
obs_b17f7244f4cf1790,K-Means,simulated_actual_payout_rolling_MAD,0.071219465316145
obs_b17f7244f4cf1790,K-Means,distinct_customers_lag_6,0.05802259882779581
obs_5412c0f05e9b9ddb,K-Means,new_customers,0.16651982296377157
obs_5412c0f05e9b9ddb,K-Means,distinct_customers_lag_6,0.04412889091288052
obs_5412c0f05e9b9ddb,K-Means,distinct_customers_trend,0.04054477027942739
obs_2955b429d1e88562,K-Means,distinct_customers_lag_6,0.1475262685755259
obs_2955b429d1e88562,K-Means,new_customers,0.07411487268489814
obs_2955b429d1e88562,K-Means,distinct_customers_rolling_MAD,0.07032363591935714
obs_0602b94b7f772aca,K-Means,distinct_customers_lag_6,0.21263491488406747
obs_0602b94b7f772aca,K-Means,distinct_customers_rolling_MAD,0.05583511463578608
obs_0602b94b7f772aca,K-Means,new_customers,0.05447749070935682
obs_3fef06f636736c87,K-Means,distinct_customers_team_relative,0.09059107855686784
obs_3fef06f636736c87,K-Means,dominant_product_share,0.08049421735774077
obs_3fef06f636736c87,K-Means,distinct_customers_peer_country_product_class_relative,0.07634603455368205
obs_4bb757d351a70f08,K-Means,simulated_actual_payout_rolling_mean_3,0.1719139900874898
obs_4bb757d351a70f08,K-Means,simulated_actual_payout_lag_1,0.12725906001610543
obs_4bb757d351a70f08,K-Means,channel_mix,0.08569588896345154
obs_b2fae231c46d3473,K-Means,simulated_actual_payout_rolling_median,0.13993549607945685
obs_b2fae231c46d3473,K-Means,total_quantity_rolling_std,0.11922298440997939
obs_b2fae231c46d3473,K-Means,simulated_actual_payout_lag_2,0.08033653387264515
obs_f2747becabf0296c,K-Means,distinct_customers_rolling_MAD,0.1571106223835697
obs_f2747becabf0296c,K-Means,simulated_actual_payout_lag_3,0.10313725552984303
obs_f2747becabf0296c,K-Means,simulated_actual_payout_rolling_MAD,0.034942146935198315
obs_ec8d78cd8367c133,K-Means,total_quantity_rolling_MAD,0.1698732437362238
obs_ec8d78cd8367c133,K-Means,median_price,0.05179963205075006
obs_ec8d78cd8367c133,K-Means,channel_mix,0.03983123450625708
obs_4c066f9972a9ddd9,K-Means,distinct_customers_rolling_MAD,0.16881002113534024
obs_4c066f9972a9ddd9,K-Means,distinct_customers_team_relative,0.045851696425731794
obs_4c066f9972a9ddd9,K-Means,total_quantity_rolling_MAD,0.040320387751789866
obs_4216aedacef4997c,K-Means,simulated_actual_payout_lag_6,0.24618752307774286
obs_4216aedacef4997c,K-Means,distinct_customers_lag_6,0.05290047504249633
obs_4216aedacef4997c,K-Means,total_quantity_history_deviation,0.04209286513315264
obs_f2720fae36425a69,K-Means,total_quantity_lag_6,0.047137775084164425
obs_f2720fae36425a69,K-Means,total_quantity_rolling_median,0.04604859962352135
obs_f2720fae36425a69,K-Means,total_quantity_lag_3,0.04334758036623241
obs_c960963b4bd53129,K-Means,total_quantity_lag_6,0.15892604168189706
obs_c960963b4bd53129,K-Means,total_sales_lag_6,0.10792895466496989
obs_c960963b4bd53129,K-Means,distributor_count,0.04256594811268377
obs_66814a3fd3e0c188,K-Means,product_concentration,0.06934312995252777
obs_66814a3fd3e0c188,K-Means,subchannel_mix,0.06036942635381259
obs_66814a3fd3e0c188,K-Means,channel_mix,0.056717697368643995
obs_ec63b173f7d9d9e7,K-Means,total_quantity_lag_6,0.055586371222770554
obs_ec63b173f7d9d9e7,K-Means,subchannel_mix,0.03868576124345622
obs_ec63b173f7d9d9e7,K-Means,total_sales_lag_6,0.037329149391264804
obs_eb93599d4bf3b2b8,K-Means,distinct_customers_lag_6,0.0741770954153879
obs_eb93599d4bf3b2b8,K-Means,distinct_customers_history_deviation,0.07117213962938183
obs_eb93599d4bf3b2b8,K-Means,new_customers,0.058849703222168114
obs_ad216a42e18ac3b6,K-Means,distinct_customers_lag_6,0.09631198593362786
obs_ad216a42e18ac3b6,K-Means,customer_growth,0.06769438216036837
obs_ad216a42e18ac3b6,K-Means,distinct_customers_month_over_month_growth,0.06769438216036837
obs_28c8068ffafb61bb,K-Means,customer_loss_rate,0.06341828729078582
obs_28c8068ffafb61bb,K-Means,distinct_customers_history_deviation,0.051590283928994694
obs_28c8068ffafb61bb,K-Means,distinct_customers_lag_6,0.049211863139112015
obs_0a5fb9967db25ee0,K-Means,distinct_customers_trend,0.14579544589156176
obs_0a5fb9967db25ee0,K-Means,total_sales_lag_6,0.04828465042379375
obs_0a5fb9967db25ee0,K-Means,simulated_actual_payout_lag_6,0.03356650346324865
obs_23835a06e3aeecbc,K-Means,distinct_customers_rolling_MAD,0.10370775213586227
obs_23835a06e3aeecbc,K-Means,distinct_customers_lag_6,0.05964880674043067
obs_23835a06e3aeecbc,K-Means,distinct_customers_lag_2,0.05585219256904761
obs_19405248072e8f53,K-Means,total_sales_lag_6,0.08363731956874075
obs_19405248072e8f53,K-Means,distinct_customers_rolling_MAD,0.07249323277875477
obs_19405248072e8f53,K-Means,distinct_customers_lag_3,0.06648466366423657
obs_61961bcfe011357d,K-Means,distinct_customers_lag_3,0.09077099482313904
obs_61961bcfe011357d,K-Means,distinct_customers_rolling_median,0.06749317057941556
obs_61961bcfe011357d,K-Means,distinct_customers_rolling_mean_6,0.0550449047480999
obs_7f1719a3c16c32d7,K-Means,distinct_customers_lag_6,0.23943926354854153
obs_7f1719a3c16c32d7,K-Means,distributor_concentration,0.10302262430809903
obs_7f1719a3c16c32d7,K-Means,distinct_customers_rolling_mean_6,0.058054814603612594
obs_bcb8ad1c743f6e8e,K-Means,distinct_customers_lag_6,0.3925693079646047
obs_bcb8ad1c743f6e8e,K-Means,distinct_customers_rolling_mean_6,0.04805930210803075
obs_bcb8ad1c743f6e8e,K-Means,distinct_customers_rolling_median,0.04488470003575375
obs_710879126547cbf8,K-Means,distinct_customers_lag_6,0.36225261521087054
obs_710879126547cbf8,K-Means,total_sales_lag_6,0.03858607298609021
obs_710879126547cbf8,K-Means,total_quantity_rolling_MAD,0.03699776635755902
obs_67b00a0e4ea8af25,K-Means,distinct_customers_lag_6,0.13809827354832419
obs_67b00a0e4ea8af25,K-Means,simulated_actual_payout_history_deviation,0.06426297621282412
obs_67b00a0e4ea8af25,K-Means,simulated_actual_payout_rolling_MAD,0.034551843099962364
obs_8d5350dc9c8cb67a,K-Means,distinct_customers_lag_6,0.2661527909128411
obs_8d5350dc9c8cb67a,K-Means,new_customers,0.04301230118970027
obs_8d5350dc9c8cb67a,K-Means,distinct_customers_rolling_mean_6,0.0411087042168497
obs_6d703926f7a662fd,K-Means,distinct_customers_lag_6,0.22836399855886017
obs_6d703926f7a662fd,K-Means,distinct_customers_rolling_mean_6,0.06195252883937838
obs_6d703926f7a662fd,K-Means,distinct_customers_lag_2,0.059892384051101366
obs_4b557e3d4debf2cf,K-Means,distinct_customers_lag_6,0.14674193312997172
obs_4b557e3d4debf2cf,K-Means,new_customers,0.11304538492326725
obs_4b557e3d4debf2cf,K-Means,distributor_count,0.07496870847288377
obs_b1149f89397db108,K-Means,new_customers,0.17326251598063233
obs_b1149f89397db108,K-Means,distinct_customers_lag_6,0.13151416418545597
obs_b1149f89397db108,K-Means,distributor_count,0.03214291214152915
obs_3e8881e2a4c249ff,K-Means,new_customers,0.12039496499383302
obs_3e8881e2a4c249ff,K-Means,distinct_customers_lag_6,0.11767595638665934
obs_3e8881e2a4c249ff,K-Means,subchannel_mix,0.07769979973072574
obs_892b1b9eb570ead3,K-Means,distinct_customers_lag_6,0.3082716716305109
obs_892b1b9eb570ead3,K-Means,new_customers,0.1895407339758096
obs_892b1b9eb570ead3,K-Means,distributor_concentration,0.04268174228555506
obs_4eb263de493ead37,K-Means,simulated_payout_to_sales_ratio,0.10684117966807588
obs_4eb263de493ead37,K-Means,median_price,0.06708861182140245
obs_4eb263de493ead37,K-Means,distinct_customers_peer_country_product_class_relative,0.06685026022395299
obs_cd5ea23d6f66dfce,K-Means,simulated_payout_to_sales_ratio,0.059624141520255254
obs_cd5ea23d6f66dfce,K-Means,total_sales_rolling_mean_6,0.05752111386265403
obs_cd5ea23d6f66dfce,K-Means,total_quantity_rolling_mean_6,0.045746700234246235
obs_1b5aa7b992dd2b62,K-Means,simulated_actual_payout_rolling_median,0.13966647787975073
obs_1b5aa7b992dd2b62,K-Means,simulated_actual_payout_lag_2,0.06974408558626835
obs_1b5aa7b992dd2b62,K-Means,total_sales_lag_2,0.04043095858148056
obs_6138503e8a811838,K-Means,total_sales_rolling_MAD,0.08322625033950541
obs_6138503e8a811838,K-Means,simulated_actual_payout_lag_3,0.058632357447594284
obs_6138503e8a811838,K-Means,total_quantity_peer_z,0.05629504470033114
obs_797df6c58cb547b3,K-Means,total_sales_rolling_MAD,0.18696281092951172
obs_797df6c58cb547b3,K-Means,distributor_concentration,0.0733297455552439
obs_797df6c58cb547b3,K-Means,distinct_customers_team_relative,0.037573480859076774
obs_84f08c6be8e71260,K-Means,total_sales_rolling_MAD,0.12735885208265338
obs_84f08c6be8e71260,K-Means,total_quantity_history_deviation,0.05512535487360107
obs_84f08c6be8e71260,K-Means,distinct_customers_peer_country_product_class_relative,0.04041193088981446
obs_25f272a71c57029d,K-Means,simulated_actual_payout_lag_6,0.1768605897763822
obs_25f272a71c57029d,K-Means,total_sales_lag_6,0.0987308317657298
obs_25f272a71c57029d,K-Means,total_quantity_lag_6,0.06822656564359092
obs_e36e9e0cc0a3aa4a,K-Means,latitude_dispersion,0.08953637802952011
obs_e36e9e0cc0a3aa4a,K-Means,distinct_customers_lag_6,0.0486374941154363
obs_e36e9e0cc0a3aa4a,K-Means,simulated_actual_payout_lag_6,0.033901845791303585
obs_12892cfcfded270f,K-Means,latitude_dispersion,0.04405809165416692
obs_12892cfcfded270f,K-Means,total_quantity_lag_6,0.04370785210262137
obs_12892cfcfded270f,K-Means,product_class_share,0.03987139376339269
obs_76f5eded394f2abb,K-Means,median_price,0.15493832227736243
obs_76f5eded394f2abb,K-Means,product_mix_change,0.12333500073607011
obs_76f5eded394f2abb,K-Means,total_quantity_lag_6,0.03088991819971565
obs_dd30e597b4ec3869,K-Means,distinct_customers_lag_6,0.06299005023805425
obs_dd30e597b4ec3869,K-Means,distinct_customers_peer_country_product_class_relative,0.05593716439300222
obs_dd30e597b4ec3869,K-Means,distinct_customers_product_class_relative,0.0551927272475869
obs_a974ef93f9d4d140,K-Means,median_price,0.046270413003051604
obs_a974ef93f9d4d140,K-Means,customer_concentration,0.04265455164219458
obs_a974ef93f9d4d140,K-Means,city_concentration,0.04265446807980465
obs_240d860aa9223d3c,K-Means,total_quantity_rolling_MAD,0.0961970693263366
obs_240d860aa9223d3c,K-Means,product_breadth_change,0.08121906754405976
obs_240d860aa9223d3c,K-Means,total_sales_lag_6,0.044598782879231545
obs_0098199d9fffa2c0,K-Means,median_price,0.2669322711294846
obs_0098199d9fffa2c0,K-Means,total_quantity_rolling_MAD,0.11052468147354277
obs_0098199d9fffa2c0,K-Means,distinct_customers_history_deviation,0.03883224267675225
obs_a9802de466942194,K-Means,distinct_customers_trend,0.07682136748748128
obs_a9802de466942194,K-Means,total_quantity_rolling_MAD,0.06410522928783735
obs_a9802de466942194,K-Means,simulated_actual_payout_rolling_MAD,0.046146147660707966
obs_dd262125eaa3bca7,K-Means,simulated_actual_payout_rolling_MAD,0.047621682176738886
obs_dd262125eaa3bca7,K-Means,total_sales_rolling_std,0.04182423830404237
obs_dd262125eaa3bca7,K-Means,customer_loss_rate,0.0412226073826721
obs_70a61ca794f27a9a,K-Means,distinct_customers_lag_6,0.10657088209810033
obs_70a61ca794f27a9a,K-Means,simulated_actual_payout_peer_z,0.06192072848107976
obs_70a61ca794f27a9a,K-Means,total_quantity_lag_6,0.04929059106098534
obs_3c29f8a0188dbcce,K-Means,subchannel_mix,0.10996439884496431
obs_3c29f8a0188dbcce,K-Means,channel_mix,0.08241174723129067
obs_3c29f8a0188dbcce,K-Means,distributor_mix_change,0.0534366916196465
obs_f5103d4cd447072a,K-Means,distinct_customers_lag_6,0.23482483159404816
obs_f5103d4cd447072a,K-Means,simulated_actual_payout_lag_6,0.042684313295747935
obs_f5103d4cd447072a,K-Means,distinct_customers_rolling_median,0.03321044772368192
obs_f7cc83ab7f3dd98c,K-Means,distinct_customers_lag_6,0.24647530500146766
obs_f7cc83ab7f3dd98c,K-Means,product_mix_change,0.08195345341752804
obs_f7cc83ab7f3dd98c,K-Means,product_concentration,0.050329584342174695
obs_1e84307f72827ac8,K-Means,distinct_customers_lag_6,0.23335246183710412
obs_1e84307f72827ac8,K-Means,median_price,0.03758163286794939
obs_1e84307f72827ac8,K-Means,distinct_customers_rolling_median,0.03086169237690078
obs_86645a58c711266e,K-Means,distinct_customers_lag_6,0.1277723641790445
obs_86645a58c711266e,K-Means,distinct_customers_rolling_median,0.04507353954621096
obs_86645a58c711266e,K-Means,distinct_customers_rolling_mean_6,0.040046567268676024
obs_4c08eca9ff75fa34,K-Means,new_customers,0.12300347956340821
obs_4c08eca9ff75fa34,K-Means,distinct_customers_lag_6,0.07265817597623327
obs_4c08eca9ff75fa34,K-Means,simulated_actual_payout_trend,0.025496083167719688
obs_d5e35c98ca26b7c5,K-Means,distinct_customers_lag_6,0.15532947250149676
obs_d5e35c98ca26b7c5,K-Means,new_customers,0.05495584442649129
obs_d5e35c98ca26b7c5,K-Means,distinct_customers_rolling_mean_6,0.04059977665169918
obs_88c8b91535ce54d1,K-Means,new_customers,0.1060695690804749
obs_88c8b91535ce54d1,K-Means,distinct_customers_lag_6,0.07751729630068152
obs_88c8b91535ce54d1,K-Means,distributor_count,0.050582630349310945
obs_e8d8a4698ce154e2,K-Means,distinct_customers_lag_6,0.12347826129348626
obs_e8d8a4698ce154e2,K-Means,total_quantity_lag_1,0.06672322003238336
obs_e8d8a4698ce154e2,K-Means,total_sales_lag_1,0.05111088753351375
obs_3f73d0bb74545019,K-Means,distinct_customers_lag_6,0.1323015772698724
obs_3f73d0bb74545019,K-Means,new_customers,0.09548285206606735
obs_3f73d0bb74545019,K-Means,total_quantity_lag_2,0.091844800480444
obs_048c6f5bbec93802,K-Means,distinct_customers_lag_6,0.20104137441196657
obs_048c6f5bbec93802,K-Means,new_customers,0.06853841625597908
obs_048c6f5bbec93802,K-Means,total_sales_lag_6,0.054159225321500505
obs_a64ac48dfaeba6c4,K-Means,latitude_dispersion,0.10924469234705156
obs_a64ac48dfaeba6c4,K-Means,product_concentration,0.047081101345343504
obs_a64ac48dfaeba6c4,K-Means,total_sales_peer_country_product_class_relative,0.04575278313051423
obs_621cc65a01845bb4,K-Means,simulated_actual_payout_rolling_mean_3,0.12433254011300571
obs_621cc65a01845bb4,K-Means,simulated_actual_payout_lag_1,0.07350513045544435
obs_621cc65a01845bb4,K-Means,total_sales_rolling_mean_6,0.052974485001762855
obs_c63b51b4118d7be2,K-Means,simulated_actual_payout_rolling_median,0.17898098802410387
obs_c63b51b4118d7be2,K-Means,simulated_actual_payout_lag_2,0.08444703102035327
obs_c63b51b4118d7be2,K-Means,simulated_actual_payout_rolling_mean_3,0.06628108720860679
obs_b540270ab6bda12b,K-Means,simulated_actual_payout_lag_3,0.07120522072387217
obs_b540270ab6bda12b,K-Means,total_quantity_rolling_MAD,0.0669834788401619
obs_b540270ab6bda12b,K-Means,total_sales_rolling_MAD,0.06420594059327328
obs_814d91f813e6e7a2,K-Means,simulated_actual_payout_rolling_median,0.08806209865906577
obs_814d91f813e6e7a2,K-Means,simulated_actual_payout_rolling_MAD,0.062070290964184975
obs_814d91f813e6e7a2,K-Means,median_price,0.05598009281361682
obs_9ed19992a9626c3c,K-Means,simulated_actual_payout_rolling_MAD,0.1129815040796205
obs_9ed19992a9626c3c,K-Means,simulated_actual_payout_rolling_median,0.06364956393240717
obs_9ed19992a9626c3c,K-Means,simulated_actual_payout_peer_median,0.05384385108080472
obs_0a814af6e1a18d20,K-Means,simulated_actual_payout_lag_6,0.2080583360307184
obs_0a814af6e1a18d20,K-Means,median_price,0.09924571055818426
obs_0a814af6e1a18d20,K-Means,distributor_concentration,0.06604173067231443
obs_4dca7706e248943c,K-Means,simulated_actual_payout_lag_6,0.10351192740960699
obs_4dca7706e248943c,K-Means,median_price,0.08263799122754507
obs_4dca7706e248943c,K-Means,distinct_customers_rolling_MAD,0.04871987075305359
obs_5a15b81eda60f699,K-Means,total_quantity_lag_6,0.07976674932659014
obs_5a15b81eda60f699,K-Means,total_sales_lag_6,0.0689264537697189
obs_5a15b81eda60f699,K-Means,simulated_actual_payout_lag_6,0.04938822296265309
obs_cc17839a3b1ac428,K-Means,product_concentration,0.06183788083182482
obs_cc17839a3b1ac428,K-Means,channel_mix,0.05106782518573098
obs_cc17839a3b1ac428,K-Means,city_concentration,0.04948954062522063
obs_2260e2672d022302,K-Means,distinct_customers_lag_6,0.05297600812841908
obs_2260e2672d022302,K-Means,distributor_count,0.04358372834990515
obs_2260e2672d022302,K-Means,simulated_actual_payout_acceleration,0.04308745492164428
obs_fca5540590761641,K-Means,total_sales_rolling_MAD,0.06858340411753278
obs_fca5540590761641,K-Means,distinct_customers_history_deviation,0.06173716486922995
obs_fca5540590761641,K-Means,distinct_customers_rolling_MAD,0.06073306745250736
obs_d584fdb82d57a65b,K-Means,median_price,0.0754983428149433
obs_d584fdb82d57a65b,K-Means,customer_growth,0.07507110323140456
obs_d584fdb82d57a65b,K-Means,distinct_customers_month_over_month_growth,0.07507110323140456
obs_9609c1be78825052,K-Means,simulated_actual_payout_rolling_MAD,0.07505884202009225
obs_9609c1be78825052,K-Means,product_concentration,0.055592656627643025
obs_9609c1be78825052,K-Means,customer_loss_rate,0.041204905183860906
obs_c54ba8d0179f235b,K-Means,distinct_customers_trend,0.11465699789577193
obs_c54ba8d0179f235b,K-Means,simulated_actual_payout_lag_6,0.05323194765188487
obs_c54ba8d0179f235b,K-Means,total_sales_lag_6,0.043348579055001134
obs_91775617ba3c8b6d,K-Means,total_sales_rolling_std,0.05457217243211621
obs_91775617ba3c8b6d,K-Means,simulated_actual_payout_lag_6,0.041696200363566215
obs_91775617ba3c8b6d,K-Means,distinct_customers_rolling_MAD,0.03774886259388018
obs_e09d82d6378f6e4e,K-Means,total_quantity_lag_6,0.051473950656266795
obs_e09d82d6378f6e4e,K-Means,product_mix_change,0.04887067582741248
obs_e09d82d6378f6e4e,K-Means,total_sales_rolling_std,0.04090662326384305
obs_e89372b1e711d9d7,K-Means,simulated_actual_payout_rolling_MAD,0.09727564789808682
obs_e89372b1e711d9d7,K-Means,simulated_actual_payout_history_deviation,0.0569908084291697
obs_e89372b1e711d9d7,K-Means,total_quantity_rolling_MAD,0.04891562771902485
obs_007a6e625825cdea,K-Means,distinct_customers_lag_6,0.1329249362713334
obs_007a6e625825cdea,K-Means,product_concentration,0.048785774063217
obs_007a6e625825cdea,K-Means,city_concentration,0.04787047514220986
obs_f53f164b263b19ed,K-Means,distinct_customers_lag_6,0.14351677395289006
obs_f53f164b263b19ed,K-Means,customer_concentration,0.04963009081894694
obs_f53f164b263b19ed,K-Means,city_concentration,0.049630017285720064
obs_04aa0c5b55d1fe2b,K-Means,distinct_customers_lag_6,0.10635175753066706
obs_04aa0c5b55d1fe2b,K-Means,new_customers,0.047151616435259135
obs_04aa0c5b55d1fe2b,K-Means,distinct_customers_rolling_mean_6,0.03147077967863892
obs_9a215af32e8a23d9,K-Means,distinct_customers_lag_6,0.06737345773975288
obs_9a215af32e8a23d9,K-Means,total_quantity_lag_1,0.0518550255372586
obs_9a215af32e8a23d9,K-Means,total_sales_lag_1,0.047100610423929885
obs_4ad4358b27a13918,K-Means,distinct_customers_lag_6,0.14680160550098803
obs_4ad4358b27a13918,K-Means,total_quantity_lag_2,0.06644305073554879
obs_4ad4358b27a13918,K-Means,total_sales_lag_2,0.05812397138741436
obs_e6e84951193c58f9,K-Means,distinct_customers_lag_6,0.10540609698411943
obs_e6e84951193c58f9,K-Means,total_quantity_lag_3,0.07080759432443681
obs_e6e84951193c58f9,K-Means,total_sales_lag_3,0.06382761646033676
obs_a9212861cf9a8564,K-Means,distinct_customers_lag_6,0.12179031323294005
obs_a9212861cf9a8564,K-Means,new_customers,0.08557112836851802
obs_a9212861cf9a8564,K-Means,total_quantity_peer_median,0.07407958489219088
obs_75671c1d1f78294a,K-Means,distinct_customers_lag_6,0.09150063671982492
obs_75671c1d1f78294a,K-Means,new_customers,0.050994823455046565
obs_75671c1d1f78294a,K-Means,total_sales_lag_6,0.0501084629564032
obs_1c99701da118d567,K-Means,total_sales_lag_6,0.151607548426087
obs_1c99701da118d567,K-Means,total_quantity_lag_6,0.14016668229152324
obs_1c99701da118d567,K-Means,new_customers,0.07473025881867053
obs_49cdf2b48b15da9f,K-Means,distinct_customers_lag_6,0.22707779302183237
obs_49cdf2b48b15da9f,K-Means,new_customers,0.16303887656429356
obs_49cdf2b48b15da9f,K-Means,distributor_count,0.06378279382707687
obs_6ba0fc6742eb4749,K-Means,distinct_customers_peer_country_product_class_relative,0.1459268372513199
obs_6ba0fc6742eb4749,K-Means,distinct_customers_product_class_relative,0.14461811063027644
obs_6ba0fc6742eb4749,K-Means,product_class_share,0.11950493970515165
obs_c19fb56b4d5a491d,K-Means,simulated_actual_payout_rolling_mean_3,0.16183779024198952
obs_c19fb56b4d5a491d,K-Means,simulated_actual_payout_lag_1,0.11774464813059164
obs_c19fb56b4d5a491d,K-Means,distributor_concentration,0.07323308108466274
obs_176f20e078cc7116,K-Means,simulated_actual_payout_rolling_median,0.2080376722023543
obs_176f20e078cc7116,K-Means,simulated_actual_payout_lag_2,0.12168904971880003
obs_176f20e078cc7116,K-Means,distinct_customers_peer_country_product_class_relative,0.06871760000048356
obs_0f42853a9aea6211,K-Means,simulated_actual_payout_lag_3,0.14656551962401806
obs_0f42853a9aea6211,K-Means,total_sales_rolling_MAD,0.11357497173013606
obs_0f42853a9aea6211,K-Means,total_sales_rolling_std,0.04180735943999186
obs_276aae9fb6681991,K-Means,total_sales_rolling_MAD,0.09022932509156721
obs_276aae9fb6681991,K-Means,total_sales_history_deviation,0.050900680052936256
obs_276aae9fb6681991,K-Means,total_sales_rolling_std,0.04271977574529701
obs_0149b7c188d5dc5e,K-Means,total_sales_rolling_MAD,0.10907984492289217
obs_0149b7c188d5dc5e,K-Means,distinct_customers_peer_country_product_class_relative,0.09606384434915873
obs_0149b7c188d5dc5e,K-Means,distinct_customers_product_class_relative,0.09506584351434032
obs_5a5773f5b5221947,K-Means,simulated_actual_payout_lag_6,0.40072575043095726
obs_5a5773f5b5221947,K-Means,distributor_mix_change,0.06977739739010459
obs_5a5773f5b5221947,K-Means,subchannel_mix,0.0606496884931961
obs_9d49cf9098ac7d2a,K-Means,subchannel_mix,0.07368747181500464
obs_9d49cf9098ac7d2a,K-Means,simulated_actual_payout_rolling_std,0.07287000010372405
obs_9d49cf9098ac7d2a,K-Means,distinct_customers_rolling_MAD,0.05130638655814939
obs_f2aadf6de35c6ead,K-Means,simulated_actual_payout_rolling_std,0.08359289135994878
obs_f2aadf6de35c6ead,K-Means,total_sales_rolling_MAD,0.07938136274438896
obs_f2aadf6de35c6ead,K-Means,simulated_actual_payout_rolling_MAD,0.0712947444988404
obs_f90db3653cdc8663,K-Means,simulated_actual_payout_rolling_MAD,0.09696277568774218
obs_f90db3653cdc8663,K-Means,simulated_actual_payout_rolling_std,0.07746666913280364
obs_f90db3653cdc8663,K-Means,simulated_actual_payout_rolling_mean_3,0.06740547567365517
obs_3d79b4b383508178,K-Means,simulated_actual_payout_rolling_MAD,0.1289823062518523
obs_3d79b4b383508178,K-Means,simulated_actual_payout_history_deviation,0.06488923896131674
obs_3d79b4b383508178,K-Means,total_quantity_rolling_MAD,0.056139095510742296
obs_8c4449523df0d9ea,K-Means,simulated_actual_payout_rolling_MAD,0.10456373508957999
obs_8c4449523df0d9ea,K-Means,simulated_actual_payout_trend,0.034453644633757455
obs_8c4449523df0d9ea,K-Means,total_quantity_rolling_MAD,0.031242398841978478
obs_779ca905d5821aa2,K-Means,customer_growth,0.05590227354272308
obs_779ca905d5821aa2,K-Means,distinct_customers_month_over_month_growth,0.05590227354272308
obs_779ca905d5821aa2,K-Means,product_breadth_change,0.048263550144581835
obs_992bcf9dda39f7bc,K-Means,simulated_payout_to_sales_ratio,0.0858338991419896
obs_992bcf9dda39f7bc,K-Means,country_mix,0.04792944550278046
obs_992bcf9dda39f7bc,K-Means,simulated_actual_payout_history_deviation,0.04728883633403752
obs_f6281721df45a358,K-Means,distinct_customers_trend,0.06461437500099101
obs_f6281721df45a358,K-Means,customer_concentration,0.052156472219892856
obs_f6281721df45a358,K-Means,city_concentration,0.05215641176403932
obs_729cdfaf5fc8dc10,K-Means,simulated_actual_payout_trend,0.10128694739284014
obs_729cdfaf5fc8dc10,K-Means,total_sales_trend,0.09851858961371347
obs_729cdfaf5fc8dc10,K-Means,total_quantity_trend,0.07224781229402495
obs_b3e16ae890e5fa33,K-Means,simulated_actual_payout_lag_2,0.08461287411465963
obs_b3e16ae890e5fa33,K-Means,total_quantity_lag_1,0.0697884650822707
obs_b3e16ae890e5fa33,K-Means,total_quantity_rolling_median,0.05744133067500407
obs_cb7f65d07f06aab3,K-Means,distinct_customers_lag_6,0.1463530237301436
obs_cb7f65d07f06aab3,K-Means,total_sales_lag_6,0.14083053228887146
obs_cb7f65d07f06aab3,K-Means,total_quantity_lag_6,0.1134219076692462
obs_56c0e047d64c1970,K-Means,total_sales_lag_6,0.18568003212163695
obs_56c0e047d64c1970,K-Means,total_quantity_lag_6,0.17769191464325745
obs_56c0e047d64c1970,K-Means,total_quantity_lag_3,0.09564156901500823
obs_f7c73bb6a1482607,K-Means,distinct_customers_lag_6,0.12755040749707175
obs_f7c73bb6a1482607,K-Means,simulated_actual_payout_lag_6,0.04454787889872193
obs_f7c73bb6a1482607,K-Means,distributor_concentration,0.04313457178988912
obs_2de0ae3481ab4e3a,K-Means,total_sales_lag_6,0.26362997083708956
obs_2de0ae3481ab4e3a,K-Means,simulated_actual_payout_lag_6,0.2488291475277179
obs_2de0ae3481ab4e3a,K-Means,total_quantity_lag_6,0.11885005580344746
obs_5ca7335930051c72,K-Means,total_quantity_lag_6,0.15828814771614955
obs_5ca7335930051c72,K-Means,total_sales_lag_6,0.09950583501341989
obs_5ca7335930051c72,K-Means,distinct_customers_lag_6,0.049602935293654865
obs_7bb1065d6ddcf649,K-Means,distinct_customers_lag_6,0.05522741611315294
obs_7bb1065d6ddcf649,K-Means,total_quantity_product_class_relative,0.054555510867177026
obs_7bb1065d6ddcf649,K-Means,channel_mix,0.05210438456378943
obs_fa9ba3c194926fe8,K-Means,distinct_customers_lag_6,0.1446763118442892
obs_fa9ba3c194926fe8,K-Means,distinct_customers_lag_2,0.035319736940237295
obs_fa9ba3c194926fe8,K-Means,simulated_actual_payout_rolling_MAD,0.03530776530063102
obs_053492ba661cdc3d,K-Means,new_customers,0.07801832901120158
obs_053492ba661cdc3d,K-Means,simulated_payout_to_sales_ratio,0.060194242908004576
obs_053492ba661cdc3d,K-Means,total_quantity,0.04970621149012902
obs_36d0b37184997cfa,K-Means,total_quantity_lag_1,0.11647334353452826
obs_36d0b37184997cfa,K-Means,new_customers,0.0989605616254652
obs_36d0b37184997cfa,K-Means,total_sales_lag_1,0.09597083213348104
obs_e43c1d5c2e90b7e1,K-Means,total_quantity_lag_2,0.11797264450165194
obs_e43c1d5c2e90b7e1,K-Means,total_sales_lag_2,0.09212540691388992
obs_e43c1d5c2e90b7e1,K-Means,total_quantity_acceleration,0.07001793012117265
obs_240dbaec0a530417,K-Means,distinct_customers_lag_6,0.1206778600001695
obs_240dbaec0a530417,K-Means,total_quantity_lag_3,0.08283332933225157
obs_240dbaec0a530417,K-Means,total_sales_trend,0.08210485607404042
obs_4a7a18a2c9e2173c,K-Means,simulated_payout_to_sales_ratio,0.626141849956756
obs_4a7a18a2c9e2173c,K-Means,median_price,0.051572038732907076
obs_4a7a18a2c9e2173c,K-Means,average_price,0.03424005416723818
obs_fcb4340788a3e905,K-Means,simulated_payout_to_sales_ratio,0.20401790458680463
obs_fcb4340788a3e905,K-Means,total_sales_rolling_mean_6,0.12354745269010392
obs_fcb4340788a3e905,K-Means,total_sales_rolling_mean_3,0.09126905475207858
obs_b15a88eb5845a081,K-Means,simulated_actual_payout_rolling_median,0.0797821606214734
obs_b15a88eb5845a081,K-Means,total_sales_lag_2,0.07376599202624183
obs_b15a88eb5845a081,K-Means,customer_concentration,0.06557014378745146
obs_5d5eee0555ed1832,K-Means,total_sales_trend,0.12331330232649122
obs_5d5eee0555ed1832,K-Means,total_sales_lag_3,0.08716693281506677
obs_5d5eee0555ed1832,K-Means,distinct_customers_rolling_MAD,0.07361764876237732
obs_7f70e3433ecc4b44,K-Means,median_price,0.095704861301305
obs_7f70e3433ecc4b44,K-Means,simulated_actual_payout_lag_3,0.0628872086031872
obs_7f70e3433ecc4b44,K-Means,total_sales_peer_median,0.040169776236492614
obs_53891aecf5fe8f8a,K-Means,median_price,0.0786350531525895
obs_53891aecf5fe8f8a,K-Means,simulated_actual_payout_rolling_MAD,0.05468421291830083
obs_53891aecf5fe8f8a,K-Means,simulated_target_attainment_pct,0.038165306441352666
obs_f28c83fc0eea81d6,K-Means,total_sales_lag_6,0.257367179593819
obs_f28c83fc0eea81d6,K-Means,total_quantity_lag_6,0.10202088922425627
obs_f28c83fc0eea81d6,K-Means,median_price,0.07903934629346077
obs_904ef408849db5df,K-Means,median_price,0.1770886036452758
obs_904ef408849db5df,K-Means,simulated_actual_payout_lag_6,0.12098736965131622
obs_904ef408849db5df,K-Means,total_sales_lag_2,0.05596575294620152
obs_93b697e2fbd87e48,K-Means,median_price,0.09865720126599456
obs_93b697e2fbd87e48,K-Means,total_sales_lag_3,0.07270160315165344
obs_93b697e2fbd87e48,K-Means,simulated_actual_payout_trend,0.055498835851833746
obs_913da1832f821023,K-Means,distinct_customers_lag_6,0.09288559914670329
obs_913da1832f821023,K-Means,simulated_actual_payout_lag_6,0.0815956681544205
obs_913da1832f821023,K-Means,simulated_actual_payout_trend,0.05448680379670257
obs_b6bf3dcf82459ebf,K-Means,distinct_customers_peer_country_product_class_relative,0.07336912371961359
obs_b6bf3dcf82459ebf,K-Means,distinct_customers_product_class_relative,0.07262021745343732
obs_b6bf3dcf82459ebf,K-Means,total_quantity_lag_6,0.06598303366590137
obs_1361d935c1ca8622,K-Means,total_sales_lag_6,0.2244267116711337
obs_1361d935c1ca8622,K-Means,total_quantity_lag_6,0.11061448651658122
obs_1361d935c1ca8622,K-Means,simulated_actual_payout_lag_6,0.09410853268869891
obs_b10b29c051380592,K-Means,country_mix,0.06935811065107293
obs_b10b29c051380592,K-Means,customer_growth,0.06055181555478544
obs_b10b29c051380592,K-Means,distinct_customers_month_over_month_growth,0.06055181555478544
obs_2b2bd21b41f91189,K-Means,median_price,0.13589102866237515
obs_2b2bd21b41f91189,K-Means,simulated_actual_payout_lag_12,0.03775731734249023
obs_2b2bd21b41f91189,K-Means,simulated_actual_payout_rolling_mean_3,0.033450847520362086
obs_d1204efe2d439ece,K-Means,distinct_customers_trend,0.12242507767688005
obs_d1204efe2d439ece,K-Means,distinct_customers_lag_3,0.05500916130159599
obs_d1204efe2d439ece,K-Means,total_sales_lag_3,0.052811962111087594
obs_adabdf4d271d373b,K-Means,total_quantity_peer_country_product_class_relative,0.05804488646845741
obs_adabdf4d271d373b,K-Means,total_quantity_product_class_relative,0.05791469133714569
obs_adabdf4d271d373b,K-Means,simulated_actual_payout_rolling_MAD,0.05751153053547389
obs_ae237d32a62be1f4,K-Means,total_sales_rolling_std,0.05709409454845308
obs_ae237d32a62be1f4,K-Means,total_sales_rolling_mean_6,0.04729615279233326
obs_ae237d32a62be1f4,K-Means,total_sales_lag_2,0.047124125288810624
obs_15711fe65046fa35,K-Means,median_price,0.06871890704001092
obs_15711fe65046fa35,K-Means,total_sales_lag_6,0.050646630314280454
obs_15711fe65046fa35,K-Means,distinct_customers_lag_6,0.04102850194393656
obs_4e50e8b4a8259fb1,K-Means,median_price,0.14903919514104397
obs_4e50e8b4a8259fb1,K-Means,total_quantity_peer_z,0.06954161365467564
obs_4e50e8b4a8259fb1,K-Means,total_sales_rolling_MAD,0.055914655363140525
obs_f9f3303f72545037,K-Means,distinct_customers_lag_6,0.2036212145043269
obs_f9f3303f72545037,K-Means,total_quantity_rolling_MAD,0.05111220370221308
obs_f9f3303f72545037,K-Means,total_quantity_trend,0.040022757723994024
obs_16c8b6367b06dec1,K-Means,total_sales_lag_6,0.1217926674819273
obs_16c8b6367b06dec1,K-Means,distinct_customers_lag_6,0.073635029563881
obs_16c8b6367b06dec1,K-Means,total_quantity_rolling_median,0.04343185530772853
obs_b47d8202048cc8bb,K-Means,new_customers,0.0694524185807595
obs_b47d8202048cc8bb,K-Means,distinct_customers_lag_6,0.05477643436477238
obs_b47d8202048cc8bb,K-Means,product_mix_change,0.04001323319593362
obs_319fdaf8fe9a02a4,K-Means,distinct_customers_lag_6,0.09461980253325185
obs_319fdaf8fe9a02a4,K-Means,average_price,0.047776760696973765
obs_319fdaf8fe9a02a4,K-Means,customer_loss_rate,0.03730136958550114
obs_d954614e60baaa47,K-Means,median_price,0.13512558957468113
obs_d954614e60baaa47,K-Means,total_quantity_lag_6,0.03795318082944442
obs_d954614e60baaa47,K-Means,average_price,0.03725171645027525
obs_4291c6491ce84f7b,K-Means,distinct_customers_lag_6,0.08128882648931325
obs_4291c6491ce84f7b,K-Means,total_sales_peer_median,0.07481043087994044
obs_4291c6491ce84f7b,K-Means,total_quantity_peer_median,0.07146964164533158
obs_019dc3ab4ec01427,K-Means,distinct_customers_lag_6,0.11939633173467137
obs_019dc3ab4ec01427,K-Means,new_customers,0.06709606464020577
obs_019dc3ab4ec01427,K-Means,total_quantity_lag_6,0.06281115173553752
obs_51b0a62afb27b490,K-Means,distinct_customers_lag_6,0.09115446451474436
obs_51b0a62afb27b490,K-Means,distinct_customers_rolling_MAD,0.091049769044796
obs_51b0a62afb27b490,K-Means,distributor_count,0.08479357245066362
obs_4ccbaeb6d09341f9,K-Means,distinct_customers_lag_6,0.20622568617844944
obs_4ccbaeb6d09341f9,K-Means,new_customers,0.09290128881153113
obs_4ccbaeb6d09341f9,K-Means,distributor_concentration,0.05522692527024855
obs_4cc1c26e005d95a1,K-Means,simulated_payout_to_sales_ratio,0.23511397690461078
obs_4cc1c26e005d95a1,K-Means,total_quantity,0.04527065477885445
obs_4cc1c26e005d95a1,K-Means,distinct_customers_team_relative,0.03161720293084242
obs_290bd7871d4cbc5d,K-Means,total_quantity_rolling_mean_6,0.1294053066116581
obs_290bd7871d4cbc5d,K-Means,total_quantity_rolling_mean_3,0.08920914979770059
obs_290bd7871d4cbc5d,K-Means,total_sales_rolling_mean_6,0.07945127038522626
obs_3da2378dd6475b9b,K-Means,simulated_actual_payout_rolling_median,0.08865418553239227
obs_3da2378dd6475b9b,K-Means,total_quantity_lag_2,0.07923409375740136
obs_3da2378dd6475b9b,K-Means,total_quantity_acceleration,0.055822501321613295
obs_9d85dfa6ae050e95,K-Means,total_quantity_lag_3,0.05513573446795836
obs_9d85dfa6ae050e95,K-Means,total_quantity_trend,0.05118078518888738
obs_9d85dfa6ae050e95,K-Means,total_sales_trend,0.04403512623997144
obs_fa4b2575a990e285,K-Means,product_breadth_change,0.11706136732495018
obs_fa4b2575a990e285,K-Means,customer_growth,0.07367353119207586
obs_fa4b2575a990e285,K-Means,distinct_customers_month_over_month_growth,0.07367353119207586
obs_3159819b1eafc1bf,K-Means,simulated_actual_payout_rolling_MAD,0.10524110200110473
obs_3159819b1eafc1bf,K-Means,distinct_customers_lag_2,0.07418185026249632
obs_3159819b1eafc1bf,K-Means,distinct_customers_acceleration,0.06106473697498168
obs_fc815ce024859e61,K-Means,total_quantity_lag_6,0.1630578191048421
obs_fc815ce024859e61,K-Means,total_sales_lag_6,0.12702447576251566
obs_fc815ce024859e61,K-Means,distinct_customers_lag_6,0.09869733996283696
obs_929b890a84c71b1f,K-Means,simulated_actual_payout_lag_6,0.13195296499973916
obs_929b890a84c71b1f,K-Means,distinct_customers_rolling_MAD,0.061174871384274646
obs_929b890a84c71b1f,K-Means,distinct_customers_peer_median,0.03744767485310477
obs_58134935bf305d70,K-Means,product_breadth_change,0.07912007781645237
obs_58134935bf305d70,K-Means,distinct_customers_history_deviation,0.05967845010431766
obs_58134935bf305d70,K-Means,total_sales_lag_6,0.05833798697413489
obs_6696d94774495cf9,K-Means,distinct_customers_lag_6,0.22247922212038485
obs_6696d94774495cf9,K-Means,product_breadth_change,0.14902781386705274
obs_6696d94774495cf9,K-Means,simulated_actual_payout_lag_6,0.06005604327294242
obs_c5baf5cb243f5f59,K-Means,simulated_actual_payout_rolling_MAD,0.2036461576172333
obs_c5baf5cb243f5f59,K-Means,average_price,0.07441541267536621
obs_c5baf5cb243f5f59,K-Means,median_price,0.0713678597868032
obs_7f6b332aa413c775,K-Means,simulated_actual_payout_rolling_MAD,0.15562052285140726
obs_7f6b332aa413c775,K-Means,distinct_customers_trend,0.058285158748538374
obs_7f6b332aa413c775,K-Means,simulated_actual_payout_rolling_mean_3,0.05139876215875758
obs_3ba9cc864f86cb05,K-Means,simulated_actual_payout_rolling_MAD,0.10286834203496108
obs_3ba9cc864f86cb05,K-Means,simulated_actual_payout_history_deviation,0.056526656611475136
obs_3ba9cc864f86cb05,K-Means,total_sales_lag_6,0.05311711254902517
obs_ecaad660a4f97527,K-Means,simulated_actual_payout_rolling_MAD,0.09524462194769319
obs_ecaad660a4f97527,K-Means,total_quantity_acceleration,0.06255098498444928
obs_ecaad660a4f97527,K-Means,total_sales_acceleration,0.05390693685666846
obs_91484a9f563ab46e,K-Means,distinct_customers_lag_6,0.17636739697224135
obs_91484a9f563ab46e,K-Means,total_quantity_lag_3,0.05167756733726367
obs_91484a9f563ab46e,K-Means,distinct_customers_trend,0.045439545436087865
obs_cd2e0ba5f933c5ae,K-Means,median_price,0.05232528631511241
obs_cd2e0ba5f933c5ae,K-Means,country_mix,0.040992120858613326
obs_cd2e0ba5f933c5ae,K-Means,total_quantity_rolling_MAD,0.03967359473517506
obs_a79bc03e67cdde50,K-Means,total_quantity_lag_6,0.09285302544180095
obs_a79bc03e67cdde50,K-Means,channel_mix,0.05958693625289497
obs_a79bc03e67cdde50,K-Means,total_sales_lag_6,0.04878266103152575
obs_38d52cc19f5e370d,K-Means,total_quantity_lag_6,0.18985836806284903
obs_38d52cc19f5e370d,K-Means,total_sales_lag_6,0.14976556611351094
obs_38d52cc19f5e370d,K-Means,distinct_customers_lag_6,0.10750520186070449
obs_0ffd32d44a6c26b0,K-Means,total_sales_lag_6,0.10313332309597407
obs_0ffd32d44a6c26b0,K-Means,total_quantity_lag_6,0.08540592815683191
obs_0ffd32d44a6c26b0,K-Means,distinct_customers_rolling_MAD,0.07220444679123464
obs_a8397cb0f17f2f0c,K-Means,distinct_customers_lag_6,0.14352136729811935
obs_a8397cb0f17f2f0c,K-Means,distinct_customers_rolling_MAD,0.05586591518637948
obs_a8397cb0f17f2f0c,K-Means,total_sales_lag_6,0.049065656335893194
obs_e99ff49fbbe757b4,K-Means,distinct_customers_lag_6,0.10803424897429194
obs_e99ff49fbbe757b4,K-Means,total_sales_lag_6,0.06630348765570639
obs_e99ff49fbbe757b4,K-Means,distinct_customers_rolling_MAD,0.04827670626797264
obs_ae76078112de1e19,K-Means,distinct_customers_lag_6,0.10392345469430965
obs_ae76078112de1e19,K-Means,simulated_actual_payout_lag_6,0.06623256480183706
obs_ae76078112de1e19,K-Means,customer_growth,0.04344399139559795
obs_cab2f02823010593,K-Means,distinct_customers_lag_6,0.1658763417256467
obs_cab2f02823010593,K-Means,new_customers,0.051920726449129366
obs_cab2f02823010593,K-Means,distinct_customers_acceleration,0.044869169315210254
obs_ad162f0da1ddaea0,K-Means,new_customers,0.07467950461467121
obs_ad162f0da1ddaea0,K-Means,total_quantity_peer_median,0.07111018035058551
obs_ad162f0da1ddaea0,K-Means,distinct_customers_lag_6,0.05775768538308656
obs_719dd21e1e34c0bc,K-Means,new_customers,0.10827429601632495
obs_719dd21e1e34c0bc,K-Means,subchannel_mix,0.0628006674263523
obs_719dd21e1e34c0bc,K-Means,total_quantity_peer_median,0.06188183925638272
obs_b3ea536c255a1fa0,K-Means,distributor_count,0.07296492255725945
obs_b3ea536c255a1fa0,K-Means,total_quantity_lag_1,0.06546129161238433
obs_b3ea536c255a1fa0,K-Means,total_sales_lag_1,0.04757125233741099
obs_40d2a5c507a80451,K-Means,distributor_count,0.06165914530967409
obs_40d2a5c507a80451,K-Means,total_quantity_lag_2,0.0483417737912207
obs_40d2a5c507a80451,K-Means,product_breadth_change,0.043595181334943806
obs_029ecd95fba21f9c,K-Means,distinct_customers_lag_6,0.13288944448458576
obs_029ecd95fba21f9c,K-Means,total_sales_lag_6,0.09753152135228624
obs_029ecd95fba21f9c,K-Means,new_customers,0.063135206243326
obs_283347040803c6fd,K-Means,simulated_payout_to_sales_ratio,0.37919405548244906
obs_283347040803c6fd,K-Means,sales_per_transaction,0.053343025723490554
obs_283347040803c6fd,K-Means,average_transaction_value,0.053343025723490554
obs_222be41c80285855,K-Means,simulated_payout_to_sales_ratio,0.1649379003700186
obs_222be41c80285855,K-Means,total_sales_rolling_mean_6,0.0991905825054878
obs_222be41c80285855,K-Means,total_sales_rolling_mean_3,0.07531701450632855
obs_7df95534430eb52e,K-Means,simulated_actual_payout_rolling_median,0.07243336740217887
obs_7df95534430eb52e,K-Means,total_sales_lag_2,0.065388730584934
obs_7df95534430eb52e,K-Means,total_quantity_lag_2,0.031890645360244406
obs_d7588b4ecd54fe15,K-Means,total_sales_trend,0.05981979735255927
obs_d7588b4ecd54fe15,K-Means,total_sales_lag_3,0.05500122786789197
obs_d7588b4ecd54fe15,K-Means,total_sales_team_relative,0.04962722777791069
obs_7a3cb9bbbabd3d02,K-Means,simulated_actual_payout_rolling_median,0.12260879466062748
obs_7a3cb9bbbabd3d02,K-Means,simulated_actual_payout_history_deviation,0.08773970275820414
obs_7a3cb9bbbabd3d02,K-Means,latitude_dispersion,0.04730056258206782
obs_31045847f351a000,K-Means,simulated_actual_payout_rolling_median,0.08879590751124032
obs_31045847f351a000,K-Means,simulated_actual_payout_history_deviation,0.04678074782690456
obs_31045847f351a000,K-Means,distinct_customers_history_deviation,0.0446413381358349
obs_f5a2bc00a25b9fe0,K-Means,total_sales_lag_6,0.2974277575660604
obs_f5a2bc00a25b9fe0,K-Means,total_quantity_lag_6,0.1326582104611919
obs_f5a2bc00a25b9fe0,K-Means,simulated_actual_payout_lag_6,0.09009473364514604
obs_46b36b716e668282,K-Means,simulated_actual_payout_lag_6,0.10366679608766231
obs_46b36b716e668282,K-Means,distinct_customers_lag_6,0.0761512006948333
obs_46b36b716e668282,K-Means,simulated_actual_payout_rolling_MAD,0.06305373814280044
obs_3771f7c1c99a1778,K-Means,total_sales_rolling_MAD,0.09463763144862661
obs_3771f7c1c99a1778,K-Means,distinct_customers_lag_6,0.08198239897335476
obs_3771f7c1c99a1778,K-Means,total_quantity_rolling_MAD,0.08062363811852785
obs_152b6d99c0c4df97,K-Means,distinct_customers_team_relative,0.07081520123070889
obs_152b6d99c0c4df97,K-Means,simulated_actual_payout_lag_6,0.06656739767599025
obs_152b6d99c0c4df97,K-Means,product_mix_change,0.05385493051910389
obs_f475e4fedd906f56,K-Means,customer_concentration,0.06517526913765337
obs_f475e4fedd906f56,K-Means,city_concentration,0.0651743578599679
obs_f475e4fedd906f56,K-Means,product_concentration,0.05957667570335556
obs_ab519ebdd644e5c5,K-Means,channel_mix,0.07950336659550135
obs_ab519ebdd644e5c5,K-Means,distinct_customers_rolling_MAD,0.07701590014335014
obs_ab519ebdd644e5c5,K-Means,distinct_customers_history_deviation,0.07129719934007865
obs_2c519e675a4e2e1f,K-Means,distinct_customers_lag_6,0.06524970857837188
obs_2c519e675a4e2e1f,K-Means,sales_per_transaction,0.042011782150804235
obs_2c519e675a4e2e1f,K-Means,average_transaction_value,0.042011782150804235
obs_1da4f5589c48ff4d,K-Means,distinct_customers_lag_6,0.07553654142641973
obs_1da4f5589c48ff4d,K-Means,total_sales_lag_1,0.06548848489414814
obs_1da4f5589c48ff4d,K-Means,simulated_actual_payout_month_over_month_growth,0.04863612802593143
obs_65f07f4f4eb1e0db,K-Means,distinct_customers_trend,0.057172384035023435
obs_65f07f4f4eb1e0db,K-Means,total_quantity_lag_6,0.04977229626573046
obs_65f07f4f4eb1e0db,K-Means,distinct_customers_lag_6,0.04846248251750297
obs_2dc57f17872057ae,K-Means,total_sales_trend,0.11087923733491531
obs_2dc57f17872057ae,K-Means,simulated_actual_payout_trend,0.07926827451095783
obs_2dc57f17872057ae,K-Means,distinct_customers_lag_6,0.06972673593171508
obs_82dcc2fae6ada85d,K-Means,distinct_customers_lag_6,0.08894614408089091
obs_82dcc2fae6ada85d,K-Means,distinct_customers_rolling_median,0.03669715058167135
obs_82dcc2fae6ada85d,K-Means,distinct_customers_lag_3,0.033258030620386986
obs_764b11dc03c59828,K-Means,distinct_customers_rolling_median,0.05250577565503493
obs_764b11dc03c59828,K-Means,simulated_actual_payout_lag_6,0.051448252731390066
obs_764b11dc03c59828,K-Means,total_sales_lag_6,0.0472787428407069
obs_814d909eb1b13241,K-Means,distinct_customers_lag_6,0.14056454420605094
obs_814d909eb1b13241,K-Means,total_sales_lag_6,0.06304993347670561
obs_814d909eb1b13241,K-Means,distinct_customers_rolling_median,0.04990410493906591
obs_715980a25487fbb7,K-Means,distinct_customers_lag_6,0.2085014312817108
obs_715980a25487fbb7,K-Means,total_quantity_lag_1,0.041528760453818696
obs_715980a25487fbb7,K-Means,distinct_customers_rolling_median,0.03924894460597891
obs_db498019c207f8e7,K-Means,distinct_customers_lag_6,0.2229879142992577
obs_db498019c207f8e7,K-Means,total_sales_lag_6,0.08193190694944827
obs_db498019c207f8e7,K-Means,total_quantity_lag_6,0.06585060772802093
obs_869858b4a85fea8e,K-Means,distinct_customers_lag_6,0.1907009900139836
obs_869858b4a85fea8e,K-Means,total_quantity_lag_3,0.04971967247695202
obs_869858b4a85fea8e,K-Means,total_sales_lag_3,0.04112644082822013
obs_0d5a0dc193224e6f,K-Means,distinct_customers_lag_6,0.30843734284199775
obs_0d5a0dc193224e6f,K-Means,distinct_customers_rolling_mean_6,0.04930543086318725
obs_0d5a0dc193224e6f,K-Means,distinct_customers_rolling_median,0.049059146012156565
obs_9750cd1cd2a5da29,K-Means,distinct_customers_lag_6,0.19514484711302524
obs_9750cd1cd2a5da29,K-Means,new_customers,0.09603828579102186
obs_9750cd1cd2a5da29,K-Means,distinct_customers_lag_2,0.052286754261675755
obs_d3b36dade48871aa,K-Means,distinct_customers_lag_6,0.17247245772598102
obs_d3b36dade48871aa,K-Means,total_sales_lag_6,0.09015756278724985
obs_d3b36dade48871aa,K-Means,total_quantity_lag_6,0.08974964127689636
obs_ecaec85bcc962090,K-Means,new_customers,0.2207945747018103
obs_ecaec85bcc962090,K-Means,distinct_customers_lag_6,0.13112042560386972
obs_ecaec85bcc962090,K-Means,product_breadth_change,0.06054240676185436
obs_83c232f4208bd0fe,K-Means,distinct_customers_lag_6,0.21323628536718894
obs_83c232f4208bd0fe,K-Means,new_customers,0.087204847848812
obs_83c232f4208bd0fe,K-Means,distributor_concentration,0.06120073053386292
obs_f2502bed51b9399e,K-Means,distinct_customers_lag_6,0.2833905214016438
obs_f2502bed51b9399e,K-Means,new_customers,0.09611757389530387
obs_f2502bed51b9399e,K-Means,distributor_count,0.04007584531573679
obs_83055e50e6f6811e,K-Means,simulated_payout_to_sales_ratio,0.0918938388490984
obs_83055e50e6f6811e,K-Means,subchannel_mix,0.04598463458747658
obs_83055e50e6f6811e,K-Means,city_concentration,0.04236474252619794
obs_b9bc7db691e69391,K-Means,simulated_payout_to_sales_ratio,0.05920832718046023
obs_b9bc7db691e69391,K-Means,simulated_actual_payout_rolling_mean_3,0.05804160735824943
obs_b9bc7db691e69391,K-Means,distinct_customers_peer_country_product_class_relative,0.0538794401109435
obs_cbef484e3c7c0382,K-Means,product_breadth_change,0.05315100239702726
obs_cbef484e3c7c0382,K-Means,simulated_actual_payout_rolling_median,0.05009502896362914
obs_cbef484e3c7c0382,K-Means,total_sales_rolling_std,0.04942774767565604
obs_a52ce93450ef5679,K-Means,simulated_actual_payout_rolling_MAD,0.0575358269282691
obs_a52ce93450ef5679,K-Means,simulated_actual_payout_lag_3,0.05585328932938061
obs_a52ce93450ef5679,K-Means,median_price,0.048537239741971355
obs_fa54618d2a4094a5,K-Means,total_sales_rolling_MAD,0.06229212400285619
obs_fa54618d2a4094a5,K-Means,customer_loss_rate,0.059888072734690975
obs_fa54618d2a4094a5,K-Means,simulated_actual_payout_rolling_median,0.050490984380943287
obs_cd8dac85daf8eeee,K-Means,simulated_actual_payout_rolling_MAD,0.09400114436644384
obs_cd8dac85daf8eeee,K-Means,simulated_actual_payout_rolling_median,0.07712026550973174
obs_cd8dac85daf8eeee,K-Means,product_concentration,0.04710655447359837
obs_d10cb88749985b04,K-Means,simulated_actual_payout_lag_6,0.15198287524603377
obs_d10cb88749985b04,K-Means,total_sales_lag_6,0.13747673533066412
obs_d10cb88749985b04,K-Means,total_quantity_lag_6,0.1095147532236042
obs_11f4affb67725d32,K-Means,total_sales_lag_2,0.06720132049033355
obs_11f4affb67725d32,K-Means,total_quantity_lag_2,0.06481147804208333
obs_11f4affb67725d32,K-Means,total_sales_lag_6,0.061227523438407115
obs_c46a04bd3ca97237,K-Means,subchannel_mix,0.06973904433958722
obs_c46a04bd3ca97237,K-Means,customer_concentration,0.06369585665176278
obs_c46a04bd3ca97237,K-Means,city_concentration,0.06369517310422021
obs_f1851f3b6216586c,K-Means,simulated_actual_payout_lag_6,0.07723080197852959
obs_f1851f3b6216586c,K-Means,distributor_count,0.060483629358702336
obs_f1851f3b6216586c,K-Means,simulated_actual_payout_rolling_MAD,0.05431384777316645
obs_ac8617af5e0b678b,K-Means,distinct_customers_peer_country_product_class_relative,0.06068342370772383
obs_ac8617af5e0b678b,K-Means,distinct_customers_product_class_relative,0.05982582801623426
obs_ac8617af5e0b678b,K-Means,distinct_customers_peer_z,0.04680744718848366
obs_3bbdff331f9137e3,K-Means,total_sales_lag_6,0.11431015919864054
obs_3bbdff331f9137e3,K-Means,total_quantity_lag_6,0.08988171339974037
obs_3bbdff331f9137e3,K-Means,median_price,0.05281885705973902
obs_0f31c86e24af9cf8,K-Means,product_breadth_change,0.16786672735901847
obs_0f31c86e24af9cf8,K-Means,customer_growth,0.07193981341185178
obs_0f31c86e24af9cf8,K-Means,distinct_customers_month_over_month_growth,0.07193981341185178
obs_22572d8972a11a7a,K-Means,distinct_customers_lag_6,0.09625363484375384
obs_22572d8972a11a7a,K-Means,distinct_customers_acceleration,0.0489303418088219
obs_22572d8972a11a7a,K-Means,simulated_actual_payout_acceleration,0.044593717975969165
obs_2bab812330fccd0a,K-Means,distinct_customers_trend,0.15230608149933642
obs_2bab812330fccd0a,K-Means,simulated_actual_payout_history_deviation,0.05467446483836634
obs_2bab812330fccd0a,K-Means,median_price,0.04579978888839056
obs_69b988b1c5807b4f,K-Means,distinct_customers_rolling_MAD,0.07209517139143619
obs_69b988b1c5807b4f,K-Means,simulated_actual_payout_lag_6,0.0701086610718983
obs_69b988b1c5807b4f,K-Means,simulated_actual_payout_rolling_MAD,0.034036055404101984
obs_bbe7ee5daf199a40,K-Means,distinct_customers_lag_6,0.09366465426284369
obs_bbe7ee5daf199a40,K-Means,distinct_customers_lag_3,0.03859797711481697
obs_bbe7ee5daf199a40,K-Means,simulated_actual_payout_peer_z,0.03829151376506932
obs_e88018f46dc0d3cc,K-Means,total_sales_lag_1,0.04216661167615693
obs_e88018f46dc0d3cc,K-Means,total_sales_lag_6,0.03967791095923113
obs_e88018f46dc0d3cc,K-Means,distinct_customers_lag_6,0.037000763283880786
obs_4747f4b35ab970e0,K-Means,distinct_customers_lag_6,0.15799675496135723
obs_4747f4b35ab970e0,K-Means,total_sales_lag_6,0.04175799144822682
obs_4747f4b35ab970e0,K-Means,total_sales_lag_2,0.03966165293116376
obs_4f173c57255b3b98,K-Means,distinct_customers_lag_6,0.26046082866851916
obs_4f173c57255b3b98,K-Means,total_sales_lag_3,0.0562322417423868
obs_4f173c57255b3b98,K-Means,total_quantity_lag_3,0.04407601187134543
obs_3b41febb948ea3f7,K-Means,distinct_customers_lag_6,0.30151413960499884
obs_3b41febb948ea3f7,K-Means,distinct_customers_lag_3,0.035712488709021016
obs_3b41febb948ea3f7,K-Means,distinct_customers_history_deviation,0.03529584036126524
obs_dd82569e4f306d85,K-Means,distinct_customers_lag_6,0.1286092204701153
obs_dd82569e4f306d85,K-Means,customer_growth,0.058740267424285134
obs_dd82569e4f306d85,K-Means,distinct_customers_month_over_month_growth,0.058740267424285134
obs_7d82e1e05976e84b,K-Means,total_sales_lag_6,0.15412235994654946
obs_7d82e1e05976e84b,K-Means,distinct_customers_lag_6,0.13970192959683217
obs_7d82e1e05976e84b,K-Means,total_quantity_lag_6,0.1039970290245201
obs_997531eee4ab4fe4,K-Means,distinct_customers_lag_6,0.2782826003060191
obs_997531eee4ab4fe4,K-Means,new_customers,0.113806108453211
obs_997531eee4ab4fe4,K-Means,total_quantity_lag_6,0.04799219261324263
obs_26bade2dab6a60d7,K-Means,new_customers,0.13337261147799048
obs_26bade2dab6a60d7,K-Means,distinct_customers_lag_6,0.07717636404873329
obs_26bade2dab6a60d7,K-Means,distributor_count,0.055609187064686774
obs_c63e90bc4e49d113,K-Means,new_customers,0.18092509914176777
obs_c63e90bc4e49d113,K-Means,distinct_customers_lag_6,0.09870115737178023
obs_c63e90bc4e49d113,K-Means,product_mix_change,0.09166454856998604
obs_a902eaa844131036,K-Means,new_customers,0.2840948566205715
obs_a902eaa844131036,K-Means,distributor_count,0.08535514565456527
obs_a902eaa844131036,K-Means,median_price,0.03948071028587469
obs_b15c31a8737cf97b,K-Means,distinct_customers_lag_6,0.2379878136075386
obs_b15c31a8737cf97b,K-Means,new_customers,0.20374948857812966
obs_b15c31a8737cf97b,K-Means,distributor_count,0.06121570619582326
obs_2e8f6e2448deb5b1,K-Means,subchannel_mix,0.0674459444254244
obs_2e8f6e2448deb5b1,K-Means,simulated_payout_to_sales_ratio,0.053934688410231836
obs_2e8f6e2448deb5b1,K-Means,channel_mix,0.04670771980867401
obs_295fa136ae45538b,K-Means,simulated_actual_payout_rolling_mean_3,0.11496979610929317
obs_295fa136ae45538b,K-Means,simulated_actual_payout_lag_1,0.0942452441663944
obs_295fa136ae45538b,K-Means,simulated_payout_to_sales_ratio,0.06487403421502387
obs_1a40591823016b5e,K-Means,simulated_actual_payout_rolling_median,0.1610331822802154
obs_1a40591823016b5e,K-Means,simulated_actual_payout_lag_2,0.0965353344549688
obs_1a40591823016b5e,K-Means,total_quantity_rolling_std,0.08985209421293588
obs_cec78ecd285f9d4c,K-Means,total_quantity_rolling_MAD,0.0760702848403323
obs_cec78ecd285f9d4c,K-Means,simulated_actual_payout_lag_3,0.06706768790140119
obs_cec78ecd285f9d4c,K-Means,total_quantity_rolling_std,0.05626776648371808
obs_8bf010896264ce28,K-Means,product_breadth_change,0.08388356540048163
obs_8bf010896264ce28,K-Means,distinct_customers_acceleration,0.0520891473571729
obs_8bf010896264ce28,K-Means,simulated_actual_payout_history_deviation,0.05113733833201421
obs_80ff6c04046a9a5b,K-Means,total_quantity_rolling_MAD,0.11529437235292607
obs_80ff6c04046a9a5b,K-Means,total_quantity_product_class_relative,0.04724652570646218
obs_80ff6c04046a9a5b,K-Means,total_quantity_peer_country_product_class_relative,0.04672688370174296
obs_872d280f7c2861d3,K-Means,simulated_actual_payout_lag_6,0.17910959094610304
obs_872d280f7c2861d3,K-Means,product_mix_change,0.15630357278388102
obs_872d280f7c2861d3,K-Means,total_sales_lag_6,0.0723839149961105
obs_b3dee67a1a9c8025,K-Means,distributor_concentration,0.05469063499747602
obs_b3dee67a1a9c8025,K-Means,median_price,0.05357127265655588
obs_b3dee67a1a9c8025,K-Means,total_sales_trend,0.051052110308775156
obs_25faf1088c7da548,K-Means,total_quantity_lag_6,0.06267614570276031
obs_25faf1088c7da548,K-Means,total_sales_lag_6,0.031244447608501928
obs_25faf1088c7da548,K-Means,country_mix,0.0280638216469185
obs_cb9bf4bec2a9ea30,K-Means,distinct_customers_lag_6,0.13796759514231172
obs_cb9bf4bec2a9ea30,K-Means,distinct_customers_trend,0.036423874637847846
obs_cb9bf4bec2a9ea30,K-Means,total_quantity_lag_1,0.028205320145262062
obs_3746053215667910,K-Means,total_quantity_rolling_MAD,0.1370880741835778
obs_3746053215667910,K-Means,simulated_actual_payout_rolling_mean_3,0.09029540072322098
obs_3746053215667910,K-Means,simulated_actual_payout_rolling_median,0.05804487875062798
obs_4acb0549f6bbaac9,K-Means,total_sales_lag_6,0.0900096813116498
obs_4acb0549f6bbaac9,K-Means,total_quantity_rolling_MAD,0.07434896107097086
obs_4acb0549f6bbaac9,K-Means,distinct_customers_lag_6,0.05613659592769909
obs_ea8244c706b522d3,K-Means,total_quantity_lag_6,0.08073708724004572
obs_ea8244c706b522d3,K-Means,customer_growth,0.07852996215289816
obs_ea8244c706b522d3,K-Means,distinct_customers_month_over_month_growth,0.07852996215289816
obs_5911d2aecb8e93dd,K-Means,total_quantity_rolling_MAD,0.08607842453909594
obs_5911d2aecb8e93dd,K-Means,distinct_customers_history_deviation,0.05891361874666925
obs_5911d2aecb8e93dd,K-Means,country_mix,0.050118505066100244
obs_c709399fb6797db1,K-Means,distinct_customers_trend,0.168008336964797
obs_c709399fb6797db1,K-Means,distinct_customers_lag_3,0.052012655406187054
obs_c709399fb6797db1,K-Means,simulated_actual_payout_lag_6,0.04813170690952396
obs_176094043ab442f9,K-Means,distinct_customers_rolling_MAD,0.06568819353957345
obs_176094043ab442f9,K-Means,distributor_concentration,0.04034466733762784
obs_176094043ab442f9,K-Means,total_quantity_rolling_MAD,0.039192623839513364
obs_c57ea7aea4685d25,K-Means,total_sales_lag_1,0.045343419749199164
obs_c57ea7aea4685d25,K-Means,channel_mix,0.04141714443616751
obs_c57ea7aea4685d25,K-Means,total_quantity_rolling_median,0.03734081528826444
obs_429836da470579c8,K-Means,distinct_customers_lag_6,0.11408235800159526
obs_429836da470579c8,K-Means,total_sales_lag_2,0.05380043525528892
obs_429836da470579c8,K-Means,total_quantity_rolling_median,0.04103613267173612
obs_9a1db00dd0321e4b,K-Means,distinct_customers_lag_6,0.12630192121899722
obs_9a1db00dd0321e4b,K-Means,total_sales_lag_3,0.04551574073127074
obs_9a1db00dd0321e4b,K-Means,total_sales_lag_6,0.03642342017616173
obs_cf38fafc4c2ba121,K-Means,distinct_customers_lag_6,0.17394129287447307
obs_cf38fafc4c2ba121,K-Means,total_sales_lag_6,0.06955240623651453
obs_cf38fafc4c2ba121,K-Means,total_quantity_lag_6,0.05560857449367158
obs_ba930e8fb32ad5b2,K-Means,distinct_customers_lag_6,0.20101257032855915
obs_ba930e8fb32ad5b2,K-Means,total_quantity_lag_6,0.04540001870418875
obs_ba930e8fb32ad5b2,K-Means,distinct_customers_product_class_relative,0.03907664931792116
obs_6fe7350a9a462d35,K-Means,total_sales_lag_6,0.16106268363899573
obs_6fe7350a9a462d35,K-Means,distinct_customers_lag_6,0.11345602666462692
obs_6fe7350a9a462d35,K-Means,total_quantity_lag_6,0.0828201260895769
obs_654b1292d0f5301d,K-Means,distinct_customers_lag_6,0.1514759553398479
obs_654b1292d0f5301d,K-Means,new_customers,0.10164762363473807
obs_654b1292d0f5301d,K-Means,channel_mix,0.04968791560221907
obs_02698c74129539a0,K-Means,distinct_customers_lag_6,0.21645450254830295
obs_02698c74129539a0,K-Means,new_customers,0.09017184736502862
obs_02698c74129539a0,K-Means,distinct_customers_lag_2,0.05524232139613708
obs_d92fafc603dde4d2,K-Means,distinct_customers_lag_6,0.18125444418731734
obs_d92fafc603dde4d2,K-Means,total_quantity_peer_median,0.08260959493975627
obs_d92fafc603dde4d2,K-Means,distributor_count,0.06328290445356799
obs_f313d14aab3a2339,K-Means,new_customers,0.18803152776196458
obs_f313d14aab3a2339,K-Means,distinct_customers_lag_6,0.07998220582379353
obs_f313d14aab3a2339,K-Means,distributor_count,0.05649330871627884
obs_ede105cce39324b6,K-Means,distinct_customers_lag_6,0.1324969588492183
obs_ede105cce39324b6,K-Means,distributor_count,0.056664689470404914
obs_ede105cce39324b6,K-Means,product_breadth_change,0.046093330142760285
obs_eb4e2baa04cbd2b4,K-Means,distinct_customers_lag_6,0.23583336742769187
obs_eb4e2baa04cbd2b4,K-Means,new_customers,0.04106034999726102
obs_eb4e2baa04cbd2b4,K-Means,total_sales_lag_2,0.03917665891540301
obs_f07bc33e8836907a,K-Means,median_price,0.0998613920195509
obs_f07bc33e8836907a,K-Means,average_price,0.09861327655820562
obs_f07bc33e8836907a,K-Means,distributor_count,0.08068515276587508
obs_491a9a8c5417d328,K-Means,simulated_actual_payout_rolling_mean_3,0.13676032575433786
obs_491a9a8c5417d328,K-Means,simulated_actual_payout_lag_1,0.10052867949407931
obs_491a9a8c5417d328,K-Means,distinct_customers_peer_country_product_class_relative,0.06489227692980035
obs_a87dc342c7f5200e,K-Means,simulated_actual_payout_rolling_median,0.20833694395711613
obs_a87dc342c7f5200e,K-Means,simulated_actual_payout_lag_2,0.10956682693672223
obs_a87dc342c7f5200e,K-Means,simulated_actual_payout_rolling_mean_3,0.07967863133851806
obs_b3c8277239037954,K-Means,simulated_actual_payout_rolling_MAD,0.11421958525399367
obs_b3c8277239037954,K-Means,simulated_actual_payout_lag_3,0.09098711087902965
obs_b3c8277239037954,K-Means,channel_mix,0.06505684346486282
obs_18d835e8cd38b706,K-Means,distinct_customers_rolling_MAD,0.07986513368483608
obs_18d835e8cd38b706,K-Means,total_sales_lag_1,0.07303306137153531
obs_18d835e8cd38b706,K-Means,total_quantity_lag_1,0.0444225855455171
obs_289ab9e18df66978,K-Means,distinct_customers_rolling_MAD,0.056409519341418655
obs_289ab9e18df66978,K-Means,total_sales_lag_2,0.05183501699375273
obs_289ab9e18df66978,K-Means,distinct_customers_peer_country_product_class_relative,0.03654436868597736
obs_ddd83c2b117e8f5b,K-Means,simulated_actual_payout_lag_6,0.2034123718827051
obs_ddd83c2b117e8f5b,K-Means,total_sales_lag_3,0.0722700291146337
obs_ddd83c2b117e8f5b,K-Means,total_quantity_lag_3,0.043920953919693
obs_bb5e472971df2c98,K-Means,product_concentration,0.07609158857324466
obs_bb5e472971df2c98,K-Means,customer_concentration,0.07601811541841369
obs_bb5e472971df2c98,K-Means,city_concentration,0.07601797985839358
obs_dab91bf277f11629,K-Means,distinct_customers_lag_6,0.05145552186594232
obs_dab91bf277f11629,K-Means,median_price,0.04965447797840385
obs_dab91bf277f11629,K-Means,product_concentration,0.04448280291963064
obs_4064bef7e4437eb3,K-Means,total_sales_lag_6,0.1374697028634986
obs_4064bef7e4437eb3,K-Means,total_quantity_lag_6,0.07565250192388062
obs_4064bef7e4437eb3,K-Means,distinct_customers_history_deviation,0.0354202856380087
obs_2042510e8fde8b3a,K-Means,distinct_customers_peer_country_product_class_relative,0.0564271939693017
obs_2042510e8fde8b3a,K-Means,distinct_customers_product_class_relative,0.05585734962093876
obs_2042510e8fde8b3a,K-Means,simulated_actual_payout_lag_6,0.05534884509306274
obs_6df61fd7f1db7619,K-Means,simulated_actual_payout_rolling_MAD,0.08227119116111654
obs_6df61fd7f1db7619,K-Means,total_sales_lag_6,0.07073651026559806
obs_6df61fd7f1db7619,K-Means,simulated_actual_payout_rolling_mean_3,0.04726743825788637
obs_c6d22efbf62c3353,K-Means,product_breadth_change,0.0906907713333246
obs_c6d22efbf62c3353,K-Means,distinct_customers_lag_3,0.08171711475002016
obs_c6d22efbf62c3353,K-Means,simulated_actual_payout_rolling_MAD,0.08057031475361386
obs_7494375c4869af73,K-Means,simulated_actual_payout_rolling_MAD,0.11494788989302333
obs_7494375c4869af73,K-Means,total_sales_lag_6,0.11007424414519419
obs_7494375c4869af73,K-Means,total_quantity_lag_6,0.09346751378956022
obs_5db46ab0de240248,K-Means,simulated_actual_payout_rolling_MAD,0.12417043507938681
obs_5db46ab0de240248,K-Means,total_quantity_rolling_std,0.08599284972917125
obs_5db46ab0de240248,K-Means,distinct_customers_trend,0.0738253422780515
obs_860fc0db31e1f57e,K-Means,distinct_customers_lag_6,0.11998081894842644
obs_860fc0db31e1f57e,K-Means,total_quantity_rolling_std,0.06793974947683683
obs_860fc0db31e1f57e,K-Means,simulated_actual_payout_rolling_MAD,0.054194933650756366
obs_887c39404f0a7a28,K-Means,total_sales_lag_1,0.05075200952934521
obs_887c39404f0a7a28,K-Means,total_quantity_lag_1,0.04098519740394714
obs_887c39404f0a7a28,K-Means,total_quantity,0.034951236291547325
obs_1f756071328bd279,K-Means,simulated_payout_to_sales_ratio,0.04342351696418509
obs_1f756071328bd279,K-Means,product_class_share,0.03678668024888434
obs_1f756071328bd279,K-Means,total_quantity_team_relative,0.03500702676790309
obs_738f85c10c7498b9,K-Means,total_sales_lag_3,0.053391526443630044
obs_738f85c10c7498b9,K-Means,total_quantity_lag_2,0.05016157265390947
obs_738f85c10c7498b9,K-Means,simulated_actual_payout_trend,0.04325283771983507
obs_b7684022d1716823,K-Means,distinct_customers_lag_6,0.10459241256562414
obs_b7684022d1716823,K-Means,total_quantity_lag_3,0.07711910925465884
obs_b7684022d1716823,K-Means,simulated_actual_payout_trend,0.0664997376045295
obs_8a94740ac921ff3c,K-Means,distinct_customers_lag_6,0.2061258956497285
obs_8a94740ac921ff3c,K-Means,country_mix,0.03766371686864311
obs_8a94740ac921ff3c,K-Means,total_sales_rolling_mean_6,0.0316905129068411
obs_d17d011c1bbf4d3c,K-Means,total_sales_lag_6,0.12311755435911789
obs_d17d011c1bbf4d3c,K-Means,total_quantity_lag_6,0.07980048636058078
obs_d17d011c1bbf4d3c,K-Means,simulated_actual_payout_lag_6,0.038614834664654846
obs_38471472e3d98d0e,K-Means,total_quantity_lag_6,0.13641399127465514
obs_38471472e3d98d0e,K-Means,total_sales_lag_6,0.12158027550816844
obs_38471472e3d98d0e,K-Means,product_mix_change,0.0840202307208161
obs_c75b449bde71da7b,K-Means,distinct_customers_lag_6,0.09815048914126011
obs_c75b449bde71da7b,K-Means,total_quantity_lag_3,0.04030226578508616
obs_c75b449bde71da7b,K-Means,total_sales_rolling_std,0.03770526181437975
obs_727bc88a4dbe8d76,K-Means,new_customers,0.12443309634755848
obs_727bc88a4dbe8d76,K-Means,distinct_customers_lag_6,0.12082271683431836
obs_727bc88a4dbe8d76,K-Means,distributor_concentration,0.08545001274645476
obs_1aef421c3f93f3b6,K-Means,distinct_customers_lag_6,0.13190763576118955
obs_1aef421c3f93f3b6,K-Means,new_customers,0.06626831766982234
obs_1aef421c3f93f3b6,K-Means,distinct_customers_trend,0.04382803006354952
obs_7a0240e9b46b5764,K-Means,distinct_customers_rolling_MAD,0.088204755351929
obs_7a0240e9b46b5764,K-Means,distinct_customers_lag_6,0.07329749592208872
obs_7a0240e9b46b5764,K-Means,distributor_count,0.06329476853619355
obs_f3da011b799a8d8a,K-Means,distinct_customers_lag_6,0.14887133588720947
obs_f3da011b799a8d8a,K-Means,subchannel_mix,0.07436206505135722
obs_f3da011b799a8d8a,K-Means,new_customers,0.07134842506861033
obs_c4541c1b7fa5a7c1,K-Means,simulated_payout_to_sales_ratio,0.09177261009108893
obs_c4541c1b7fa5a7c1,K-Means,total_sales_peer_country_product_class_relative,0.08136012391585107
obs_c4541c1b7fa5a7c1,K-Means,total_sales_product_class_relative,0.07990321597150621
obs_030786bf110b77d9,K-Means,simulated_actual_payout_rolling_mean_3,0.1658930832970649
obs_030786bf110b77d9,K-Means,median_price,0.15860215360793417
obs_030786bf110b77d9,K-Means,simulated_actual_payout_lag_1,0.11228518665887215
obs_5d8028d4f70396b1,K-Means,total_quantity_rolling_std,0.18775284025220032
obs_5d8028d4f70396b1,K-Means,simulated_actual_payout_rolling_median,0.12633648008160991
obs_5d8028d4f70396b1,K-Means,median_price,0.09457396345093896
obs_bfa8bb793ba5f061,K-Means,total_quantity_rolling_MAD,0.11375599436975854
obs_bfa8bb793ba5f061,K-Means,simulated_actual_payout_lag_3,0.0983652676679974
obs_bfa8bb793ba5f061,K-Means,distinct_customers_peer_country_product_class_relative,0.04426939645731579
obs_2f6c1e30a0ef34f9,K-Means,median_price,0.14838372076024328
obs_2f6c1e30a0ef34f9,K-Means,channel_mix,0.1254259317070854
obs_2f6c1e30a0ef34f9,K-Means,average_price,0.055093968737444925
obs_a12aa273014350eb,K-Means,total_quantity_rolling_MAD,0.09151211387334589
obs_a12aa273014350eb,K-Means,total_quantity_rolling_std,0.05970203197817447
obs_a12aa273014350eb,K-Means,subchannel_mix,0.04797533496931955
obs_e131b38f94d8f48c,K-Means,simulated_actual_payout_lag_6,0.4651910859059494
obs_e131b38f94d8f48c,K-Means,product_breadth_change,0.0399216698961504
obs_e131b38f94d8f48c,K-Means,customer_loss_rate,0.030486187747615204
obs_cfca299b6151f0fd,K-Means,median_price,0.28421924262397874
obs_cfca299b6151f0fd,K-Means,average_price,0.042696307737361355
obs_cfca299b6151f0fd,K-Means,total_sales,0.036541233246913815
obs_96d486c242e7d757,K-Means,total_sales_lag_1,0.11364785323992285
obs_96d486c242e7d757,K-Means,simulated_actual_payout_lag_1,0.04409817766624221
obs_96d486c242e7d757,K-Means,simulated_actual_payout_rolling_mean_3,0.035215174841024065
obs_b2117b63c7fdf1f0,K-Means,simulated_payout_to_sales_ratio,0.10009039948288961
obs_b2117b63c7fdf1f0,K-Means,median_price,0.0815413982944441
obs_b2117b63c7fdf1f0,K-Means,total_sales_lag_2,0.0785178070527611
obs_6cca7e84c908df29,K-Means,total_sales_lag_3,0.09106642327360935
obs_6cca7e84c908df29,K-Means,simulated_actual_payout_trend,0.06462507825014277
obs_6cca7e84c908df29,K-Means,simulated_actual_payout_team_relative,0.04395386145707694
obs_be9e83caa3668d51,K-Means,simulated_actual_payout_trend,0.11696075237448691
obs_be9e83caa3668d51,K-Means,total_sales_trend,0.05725953828841233
obs_be9e83caa3668d51,K-Means,total_sales_lag_3,0.04852440373690771
obs_4e83a66c3379bca1,K-Means,simulated_actual_payout_lag_12,0.07260559330352602
obs_4e83a66c3379bca1,K-Means,customer_growth,0.05136147865604937
obs_4e83a66c3379bca1,K-Means,distinct_customers_month_over_month_growth,0.05136147865604937
obs_f56acbec9eb39062,K-Means,total_sales_lag_6,0.27635662789195486
obs_f56acbec9eb39062,K-Means,simulated_actual_payout_lag_6,0.07439586320094972
obs_f56acbec9eb39062,K-Means,total_quantity_lag_6,0.06554675474830482
obs_39296f2dd57f23c5,K-Means,median_price,0.0767644660824962
obs_39296f2dd57f23c5,K-Means,total_sales_lag_6,0.0754730540844309
obs_39296f2dd57f23c5,K-Means,product_mix_change,0.043107209905940025
obs_b85f8754b648eccc,K-Means,median_price,0.11926584714426994
obs_b85f8754b648eccc,K-Means,distinct_customers_rolling_MAD,0.05815344540300508
obs_b85f8754b648eccc,K-Means,distinct_customers_lag_1,0.0454812094498866
obs_444e608e30a54b6e,K-Means,simulated_actual_payout_lag_6,0.08442861535880225
obs_444e608e30a54b6e,K-Means,total_quantity_lag_3,0.0626032861409465
obs_444e608e30a54b6e,K-Means,average_price,0.03532615879380494
obs_bb6a0cdc81535dd8,K-Means,simulated_actual_payout_history_deviation,0.04209134781969365
obs_bb6a0cdc81535dd8,K-Means,total_sales_lag_6,0.041083254184620104
obs_bb6a0cdc81535dd8,K-Means,channel_mix,0.036717960822155386
obs_41a18ea035c0270e,K-Means,total_sales_trend,0.08677771408027088
obs_41a18ea035c0270e,K-Means,simulated_actual_payout_trend,0.0821677895567707
obs_41a18ea035c0270e,K-Means,total_quantity_trend,0.07026161064037117
obs_8779f3e45326b375,K-Means,median_price,0.13706530557259147
obs_8779f3e45326b375,K-Means,total_quantity_lag_2,0.054325521360696204
obs_8779f3e45326b375,K-Means,total_sales_lag_2,0.054153995098114846
obs_d0c85db5106d817a,K-Means,distinct_customers_lag_6,0.17323166894419784
obs_d0c85db5106d817a,K-Means,median_price,0.09814248932874099
obs_d0c85db5106d817a,K-Means,total_sales_lag_3,0.06865289323732893
obs_6b0d0d776be185aa,K-Means,total_sales_rolling_MAD,0.1293095451009338
obs_6b0d0d776be185aa,K-Means,total_sales_lag_6,0.0485895453804396
obs_6b0d0d776be185aa,K-Means,total_sales_history_deviation,0.044836009946001766
obs_8973eca36cf1bc3a,K-Means,median_price,0.1047926000465921
obs_8973eca36cf1bc3a,K-Means,distinct_customers_lag_6,0.053248887921745806
obs_8973eca36cf1bc3a,K-Means,country_mix,0.04006985598870378
obs_468e5da9ded335e0,K-Means,total_sales_lag_6,0.16821474760831107
obs_468e5da9ded335e0,K-Means,total_quantity_lag_6,0.13818348825428767
obs_468e5da9ded335e0,K-Means,simulated_actual_payout_lag_6,0.08715462200358923
obs_1d1e8ec6f77ea57d,K-Means,new_customers,0.14727409798106844
obs_1d1e8ec6f77ea57d,K-Means,distinct_customers_lag_6,0.051286002266786875
obs_1d1e8ec6f77ea57d,K-Means,product_breadth_change,0.0476882856689048
obs_5603690afa021eb9,K-Means,distinct_customers_lag_6,0.08874907130294087
obs_5603690afa021eb9,K-Means,new_customers,0.07833285058285197
obs_5603690afa021eb9,K-Means,simulated_payout_to_sales_ratio,0.06570366141674322
obs_e3fe1d34540d0fcd,K-Means,median_price,0.14575775316768327
obs_e3fe1d34540d0fcd,K-Means,new_customers,0.11145230272558483
obs_e3fe1d34540d0fcd,K-Means,distinct_customers_lag_6,0.05299996981655853
obs_f1ab3b7b1b980f80,K-Means,distinct_customers_lag_6,0.20080629801558988
obs_f1ab3b7b1b980f80,K-Means,new_customers,0.08072815099470727
obs_f1ab3b7b1b980f80,K-Means,median_price,0.07649891905437922
obs_de80b7e66a395c1a,K-Means,customer_concentration,0.08433977953519982
obs_de80b7e66a395c1a,K-Means,city_concentration,0.0843335150581745
obs_de80b7e66a395c1a,K-Means,product_concentration,0.07736554237699181
obs_a7f3e91e363adb24,K-Means,simulated_actual_payout_rolling_mean_3,0.22157949811248595
obs_a7f3e91e363adb24,K-Means,simulated_actual_payout_lag_1,0.14787555507513728
obs_a7f3e91e363adb24,K-Means,simulated_actual_payout_rolling_mean_6,0.08014313705745206
obs_032a9f23af907d2d,K-Means,simulated_actual_payout_rolling_median,0.24451479142128837
obs_032a9f23af907d2d,K-Means,simulated_actual_payout_lag_2,0.13782409370539034
obs_032a9f23af907d2d,K-Means,total_quantity_rolling_std,0.09376343978172343
obs_8198ac5b23196a98,K-Means,simulated_actual_payout_lag_3,0.1311093935679743
obs_8198ac5b23196a98,K-Means,total_sales_rolling_MAD,0.107654070742734
obs_8198ac5b23196a98,K-Means,total_quantity_rolling_std,0.07082333449899107
obs_b9bcbe879939acd8,K-Means,total_sales_rolling_MAD,0.13938179790455354
obs_b9bcbe879939acd8,K-Means,total_quantity_rolling_std,0.07737918913426811
obs_b9bcbe879939acd8,K-Means,total_quantity_rolling_MAD,0.06026687944009435
obs_21a3db0b42857c99,K-Means,total_sales_history_deviation,0.06466952902799429
obs_21a3db0b42857c99,K-Means,total_sales_rolling_MAD,0.05411329889989383
obs_21a3db0b42857c99,K-Means,product_mix_change,0.03655673724038314
obs_d8f38bac5a7189ea,K-Means,simulated_actual_payout_lag_6,0.4880001709497198
obs_d8f38bac5a7189ea,K-Means,distinct_customers_lag_6,0.12105665803445233
obs_d8f38bac5a7189ea,K-Means,distinct_customers_acceleration,0.025426249753700652
obs_0da60e41fb8b477f,K-Means,simulated_actual_payout_lag_6,0.06001251507659572
obs_0da60e41fb8b477f,K-Means,total_sales_lag_2,0.0436318133934205
obs_0da60e41fb8b477f,K-Means,distinct_customers_trend,0.042525290743946544
obs_1f1f01127f45b59a,K-Means,subchannel_mix,0.12948470485949273
obs_1f1f01127f45b59a,K-Means,customer_concentration,0.06859931808947825
obs_1f1f01127f45b59a,K-Means,city_concentration,0.06859919053320154
obs_e60812d74c9fb245,K-Means,channel_mix,0.12498722379113174
obs_e60812d74c9fb245,K-Means,customer_concentration,0.059639960051161324
obs_e60812d74c9fb245,K-Means,city_concentration,0.05963985497955507
obs_09e35c3d90ad95e2,K-Means,simulated_actual_payout_history_deviation,0.043898425672099776
obs_09e35c3d90ad95e2,K-Means,distributor_mix_change,0.03761738941385927
obs_09e35c3d90ad95e2,K-Means,total_quantity_month_over_month_growth,0.03662813245556353
obs_27595db232aba339,K-Means,product_breadth_change,0.05077389898332092
obs_27595db232aba339,K-Means,total_sales_lag_6,0.042250476170595484
obs_27595db232aba339,K-Means,average_price,0.03816517319751491
obs_f3eeb6ab8efe986e,K-Means,customer_growth,0.10886734259570133
obs_f3eeb6ab8efe986e,K-Means,distinct_customers_month_over_month_growth,0.10886734259570133
obs_f3eeb6ab8efe986e,K-Means,product_breadth_change,0.08171729602290428
obs_bb529e3286843150,K-Means,distinct_customers_lag_2,0.08097396299804165
obs_bb529e3286843150,K-Means,distinct_customers_acceleration,0.07519611745553098
obs_bb529e3286843150,K-Means,total_quantity_lag_2,0.049725602695258636
obs_d617c65cefa48a3b,K-Means,distinct_customers_trend,0.08994556205254592
obs_d617c65cefa48a3b,K-Means,total_sales_lag_6,0.08119865132117388
obs_d617c65cefa48a3b,K-Means,distinct_customers_lag_3,0.04966866395326993
obs_273a54b61e32c4fd,K-Means,total_sales_lag_6,0.07419402924587547
obs_273a54b61e32c4fd,K-Means,total_quantity_lag_6,0.06629596801763023
obs_273a54b61e32c4fd,K-Means,simulated_actual_payout_trend,0.052188185201515976
obs_711cce7f67b668cc,K-Means,total_quantity_lag_2,0.05275675865447159
obs_711cce7f67b668cc,K-Means,total_sales_lag_2,0.05229931918103523
obs_711cce7f67b668cc,K-Means,simulated_actual_payout_lag_2,0.0446220317722001
obs_d4281d2971f0021c,K-Means,distinct_customers_lag_6,0.18617107808945363
obs_d4281d2971f0021c,K-Means,total_quantity_lag_6,0.08517595971429341
obs_d4281d2971f0021c,K-Means,simulated_actual_payout_lag_6,0.06322443786163007
obs_d3e759104ab317d1,K-Means,distinct_customers_lag_6,0.11153653725616446
obs_d3e759104ab317d1,K-Means,total_quantity_lag_6,0.05637009195428875
obs_d3e759104ab317d1,K-Means,simulated_actual_payout_lag_6,0.05439280384024122
obs_9cbb78a59c69d4a9,K-Means,distinct_customers_rolling_MAD,0.0686134096872484
obs_9cbb78a59c69d4a9,K-Means,total_quantity_lag_3,0.05347222590121903
obs_9cbb78a59c69d4a9,K-Means,simulated_actual_payout_trend,0.05339406242500877
obs_52369d90c0aa2b23,K-Means,distinct_customers_lag_6,0.14538633164830697
obs_52369d90c0aa2b23,K-Means,total_sales_lag_6,0.13556962687948398
obs_52369d90c0aa2b23,K-Means,total_quantity_lag_6,0.11527307589458223
obs_1b2ee89cf7f0c53d,K-Means,new_customers,0.09665336706771921
obs_1b2ee89cf7f0c53d,K-Means,total_quantity_lag_6,0.06902580846859838
obs_1b2ee89cf7f0c53d,K-Means,total_sales_lag_6,0.0641777779030044
obs_f35a4a916f36d9b2,K-Means,simulated_actual_payout_lag_6,0.0817456522175177
obs_f35a4a916f36d9b2,K-Means,total_quantity_lag_6,0.06471128420600687
obs_f35a4a916f36d9b2,K-Means,total_sales_lag_6,0.06403567059589867
obs_625a8b4aed948ddc,K-Means,new_customers,0.15954010407512967
obs_625a8b4aed948ddc,K-Means,distinct_customers_history_deviation,0.056145121736149245
obs_625a8b4aed948ddc,K-Means,total_quantity_peer_median,0.05274635208985686
obs_ac9bfa1d0f0d2a77,K-Means,total_quantity_peer_median,0.09892161628186961
obs_ac9bfa1d0f0d2a77,K-Means,distributor_count,0.08253990485190851
obs_ac9bfa1d0f0d2a77,K-Means,distinct_customers_lag_6,0.06789850277164539
obs_32c4914e8957141c,K-Means,distinct_customers_lag_6,0.09120169636162026
obs_32c4914e8957141c,K-Means,new_customers,0.08452867032712601
obs_32c4914e8957141c,K-Means,distinct_customers_trend,0.03878937490219476
obs_270a4ee8731bbb8b,K-Means,new_customers,0.06607030665485497
obs_270a4ee8731bbb8b,K-Means,distinct_customers_lag_6,0.06569952167477668
obs_270a4ee8731bbb8b,K-Means,total_sales_lag_6,0.054641359254375785
obs_af7d3e7b7e77e818,K-Means,distinct_customers_lag_6,0.20436209100992583
obs_af7d3e7b7e77e818,K-Means,new_customers,0.08344745606229523
obs_af7d3e7b7e77e818,K-Means,simulated_actual_payout_trend,0.049666469382074134
obs_7c68c00e71ff9fe8,K-Means,subchannel_mix,0.15493156612668582
obs_7c68c00e71ff9fe8,K-Means,simulated_payout_to_sales_ratio,0.11001408183255247
obs_7c68c00e71ff9fe8,K-Means,channel_mix,0.05282485419668597
obs_d2cf2c89908bdb7d,K-Means,simulated_actual_payout_rolling_mean_3,0.29970880656722215
obs_d2cf2c89908bdb7d,K-Means,simulated_actual_payout_lag_1,0.16302028884095887
obs_d2cf2c89908bdb7d,K-Means,simulated_actual_payout_rolling_mean_6,0.11043345637307161
obs_580cfc40f7f72f88,K-Means,simulated_actual_payout_rolling_median,0.1673021656662658
obs_580cfc40f7f72f88,K-Means,subchannel_mix,0.08157615497574998
obs_580cfc40f7f72f88,K-Means,simulated_actual_payout_lag_2,0.07907328711002254
obs_7c97c97fa8a7c0b4,K-Means,simulated_actual_payout_lag_3,0.14886445313769786
obs_7c97c97fa8a7c0b4,K-Means,simulated_actual_payout_rolling_mean_3,0.09496135675076137
obs_7c97c97fa8a7c0b4,K-Means,simulated_actual_payout_rolling_std,0.054908400465443694
obs_b489f41fa1a1d83a,K-Means,product_breadth_change,0.08032289579468452
obs_b489f41fa1a1d83a,K-Means,simulated_actual_payout_rolling_std,0.0775188359558148
obs_b489f41fa1a1d83a,K-Means,simulated_actual_payout_rolling_MAD,0.04380659634240453
obs_4049e33faa0cd4a6,K-Means,simulated_actual_payout_rolling_std,0.06962426771540373
obs_4049e33faa0cd4a6,K-Means,simulated_actual_payout_rolling_MAD,0.03710527512537649
obs_4049e33faa0cd4a6,K-Means,product_breadth_change,0.03427737928650645
obs_784cce7d1dff5f04,K-Means,simulated_actual_payout_lag_6,0.31085672317655844
obs_784cce7d1dff5f04,K-Means,distinct_customers_team_relative,0.03704290375396064
obs_784cce7d1dff5f04,K-Means,simulated_actual_payout_rolling_mean_3,0.03449593812522473
obs_24067fd1cb5c5458,K-Means,simulated_actual_payout_trend,0.07779337958912469
obs_24067fd1cb5c5458,K-Means,total_sales_lag_6,0.0651779392944264
obs_24067fd1cb5c5458,K-Means,simulated_actual_payout_acceleration,0.04991001797783214
obs_04785f3723d6cf91,K-Means,total_sales_lag_6,0.06168890592654152
obs_04785f3723d6cf91,K-Means,representative_rank,0.04353607436483158
obs_04785f3723d6cf91,K-Means,product_class_share,0.04137708403281455
obs_88b20e5920dd5e98,K-Means,customer_concentration,0.10545228842692618
obs_88b20e5920dd5e98,K-Means,city_concentration,0.10545158641690316
obs_88b20e5920dd5e98,K-Means,product_concentration,0.09872843799406401
obs_1fb45de867904e30,K-Means,distinct_customers_lag_6,0.1321070000805681
obs_1fb45de867904e30,K-Means,simulated_actual_payout_lag_6,0.061938871228663234
obs_1fb45de867904e30,K-Means,total_sales_rolling_MAD,0.05048021217913581
obs_b5a779d3c73ff828,K-Means,total_sales_lag_6,0.08338483433257313
obs_b5a779d3c73ff828,K-Means,distinct_customers_history_deviation,0.06196583956805573
obs_b5a779d3c73ff828,K-Means,simulated_actual_payout_lag_6,0.048134815631224716
obs_ced085c0a2ae1390,K-Means,total_sales_lag_6,0.11358528408669928
obs_ced085c0a2ae1390,K-Means,distinct_customers_lag_6,0.10840396592570888
obs_ced085c0a2ae1390,K-Means,simulated_actual_payout_lag_12,0.05737287279073143
obs_be1abd6ef911b39d,K-Means,distinct_customers_lag_6,0.05705401191353602
obs_be1abd6ef911b39d,K-Means,sales_per_transaction,0.04676694254791828
obs_be1abd6ef911b39d,K-Means,average_transaction_value,0.04676694254791828
obs_3ee56a81248f2d77,K-Means,distinct_customers_lag_6,0.08267081905955126
obs_3ee56a81248f2d77,K-Means,total_sales_lag_6,0.08245498222090497
obs_3ee56a81248f2d77,K-Means,distinct_customers_trend,0.058656689487297985
obs_95eda1f07670c051,K-Means,distinct_customers_lag_6,0.05199458682496968
obs_95eda1f07670c051,K-Means,total_sales_acceleration,0.051364105475444906
obs_95eda1f07670c051,K-Means,distributor_concentration,0.05131865239622689
obs_137a195db407e4f6,K-Means,distinct_customers_lag_6,0.07485540181933756
obs_137a195db407e4f6,K-Means,total_sales_lag_2,0.06705604820452339
obs_137a195db407e4f6,K-Means,total_quantity_rolling_MAD,0.05819413936821696
obs_b1028deaf46c2615,K-Means,total_quantity_lag_6,0.06831182987180645
obs_b1028deaf46c2615,K-Means,total_sales_lag_3,0.06576618570557899
obs_b1028deaf46c2615,K-Means,total_quantity_rolling_MAD,0.061006543178175276
obs_e39ea366e4d6721a,K-Means,distinct_customers_lag_6,0.21406054386340742
obs_e39ea366e4d6721a,K-Means,total_quantity_rolling_MAD,0.06459535093421723
obs_e39ea366e4d6721a,K-Means,channel_mix,0.04592729928121611
obs_dda6ce1e09326005,K-Means,distinct_customers_lag_6,0.3213976421571567
obs_dda6ce1e09326005,K-Means,total_sales_lag_6,0.0850049012969247
obs_dda6ce1e09326005,K-Means,distinct_customers_rolling_median,0.04242889218324365
obs_024ec09aea430081,K-Means,distinct_customers_lag_6,0.19262286473432214
obs_024ec09aea430081,K-Means,total_sales_lag_6,0.13704062976392
obs_024ec09aea430081,K-Means,total_quantity_lag_6,0.10156754039083775
obs_c156fa7d11107354,K-Means,distinct_customers_lag_6,0.17369573781585534
obs_c156fa7d11107354,K-Means,total_quantity_lag_1,0.05452958769952202
obs_c156fa7d11107354,K-Means,new_customers,0.04352529562687284
obs_2ad467b788104948,K-Means,distinct_customers_lag_6,0.13533904062048507
obs_2ad467b788104948,K-Means,total_quantity_lag_2,0.0574421092390503
obs_2ad467b788104948,K-Means,distinct_customers_rolling_mean_6,0.0502446945491097
obs_b2bcdf9d58cc00f9,K-Means,distinct_customers_lag_6,0.14922889214442422
obs_b2bcdf9d58cc00f9,K-Means,total_quantity_lag_3,0.04980393065283077
obs_b2bcdf9d58cc00f9,K-Means,new_customers,0.03465611619440199
obs_36c0297ca3b151d8,K-Means,new_customers,0.13776351720979504
obs_36c0297ca3b151d8,K-Means,distinct_customers_lag_6,0.12451353034441431
obs_36c0297ca3b151d8,K-Means,distributor_count,0.06569689239858276
obs_933ff6c411f73168,K-Means,new_customers,0.17388747518835804
obs_933ff6c411f73168,K-Means,distinct_customers_lag_6,0.1626715479988932
obs_933ff6c411f73168,K-Means,distinct_customers_rolling_median,0.041432934568097414
obs_3e27772abe511521,K-Means,new_customers,0.13857969122759098
obs_3e27772abe511521,K-Means,distinct_customers_lag_6,0.1027576462649475
obs_3e27772abe511521,K-Means,total_quantity_lag_6,0.08617622430151638
obs_b22cc8e4dd6ae929,K-Means,distinct_customers_lag_6,0.2238359197602763
obs_b22cc8e4dd6ae929,K-Means,new_customers,0.11266708006509435
obs_b22cc8e4dd6ae929,K-Means,distributor_count,0.033780054293205936
obs_0ecee085edee1190,K-Means,simulated_payout_to_sales_ratio,0.10745891536735655
obs_0ecee085edee1190,K-Means,distinct_customers_team_relative,0.0793391298402707
obs_0ecee085edee1190,K-Means,distinct_customers_peer_country_product_class_relative,0.07558142796014161
obs_70ea2d6d0e6b545a,K-Means,simulated_actual_payout_rolling_mean_3,0.1605811383636011
obs_70ea2d6d0e6b545a,K-Means,simulated_actual_payout_lag_1,0.108533242495464
obs_70ea2d6d0e6b545a,K-Means,simulated_actual_payout_rolling_mean_6,0.05748673481551585
obs_69f095f1b1b8c387,K-Means,simulated_actual_payout_rolling_median,0.2523065310935289
obs_69f095f1b1b8c387,K-Means,simulated_actual_payout_lag_2,0.12422421619190797
obs_69f095f1b1b8c387,K-Means,simulated_actual_payout_rolling_mean_3,0.1024127775878396
obs_7202190d3204b693,K-Means,simulated_actual_payout_lag_3,0.10550367240738853
obs_7202190d3204b693,K-Means,total_sales_rolling_median,0.044657449258250236
obs_7202190d3204b693,K-Means,total_quantity_rolling_median,0.041128951181985625
obs_fe2223edc7dda8f0,K-Means,customer_growth,0.0720153538427851
obs_fe2223edc7dda8f0,K-Means,distinct_customers_month_over_month_growth,0.0720153538427851
obs_fe2223edc7dda8f0,K-Means,product_breadth_change,0.06530296701343309
obs_03e86b2dcbe5f4d0,K-Means,distinct_customers_acceleration,0.05219505306847512
obs_03e86b2dcbe5f4d0,K-Means,simulated_actual_payout_rolling_std,0.0464223480454844
obs_03e86b2dcbe5f4d0,K-Means,simulated_actual_payout_rolling_MAD,0.046386682600661436
obs_522da6976e00143e,K-Means,simulated_actual_payout_lag_6,0.29944197157694186
obs_522da6976e00143e,K-Means,simulated_actual_payout_month_over_month_growth,0.038453949189516744
obs_522da6976e00143e,K-Means,distinct_customers_lag_3,0.03309118016077825
obs_30a9bc2058690733,K-Means,median_price,0.06763238314134737
obs_30a9bc2058690733,K-Means,distinct_customers_peer_country_product_class_relative,0.05032109833901745
obs_30a9bc2058690733,K-Means,distinct_customers_product_class_relative,0.05007607523557517
obs_75fa3743c534e3c6,K-Means,total_sales_lag_6,0.08443850643713342
obs_75fa3743c534e3c6,K-Means,total_quantity_lag_6,0.07047689979634483
obs_75fa3743c534e3c6,K-Means,total_sales_lag_3,0.05581360790375303
obs_543f9b59451b6c6e,K-Means,simulated_actual_payout_lag_6,0.0810416918997009
obs_543f9b59451b6c6e,K-Means,new_customers,0.06277619763854726
obs_543f9b59451b6c6e,K-Means,simulated_actual_payout_rolling_median,0.053517457865565096
obs_a7ba022cd2dedf7b,K-Means,distinct_customers_lag_6,0.24049665722014518
obs_a7ba022cd2dedf7b,K-Means,total_sales_lag_6,0.050895943800553775
obs_a7ba022cd2dedf7b,K-Means,simulated_actual_payout_rolling_mean_3,0.03802439835722951
obs_ca4ce1272b47d942,K-Means,subchannel_mix,0.11690019553183079
obs_ca4ce1272b47d942,K-Means,simulated_actual_payout_lag_6,0.0673464002569436
obs_ca4ce1272b47d942,K-Means,product_concentration,0.054528971169470156
obs_5ca8d0b45db80818,K-Means,product_concentration,0.09075943038676848
obs_5ca8d0b45db80818,K-Means,customer_concentration,0.0873153472706945
obs_5ca8d0b45db80818,K-Means,city_concentration,0.08731524092458572
obs_f4749e09a014ebfa,K-Means,distinct_customers_history_deviation,0.06291160676997143
obs_f4749e09a014ebfa,K-Means,total_sales_trend,0.04859657392936783
obs_f4749e09a014ebfa,K-Means,distinct_customers_lag_6,0.04284233573960009
obs_99cef9179d8c4097,K-Means,distinct_customers_trend,0.12865755635158385
obs_99cef9179d8c4097,K-Means,total_sales_rolling_MAD,0.060298049017755845
obs_99cef9179d8c4097,K-Means,distinct_customers_history_deviation,0.05427261156657591
obs_57ee784686b85884,K-Means,distributor_concentration,0.2015756627758961
obs_57ee784686b85884,K-Means,distinct_customers_rolling_MAD,0.07370252349190784
obs_57ee784686b85884,K-Means,distinct_customers_lag_6,0.05989489930563594
obs_00de046a6740be34,K-Means,distinct_customers_rolling_MAD,0.07467253509447633
obs_00de046a6740be34,K-Means,distinct_customers_lag_3,0.06294954769809688
obs_00de046a6740be34,K-Means,distinct_customers_trend,0.04702017062255769
obs_2a224a4d37042a64,K-Means,product_mix_change,0.08784635814548608
obs_2a224a4d37042a64,K-Means,latitude_dispersion,0.06699508658688494
obs_2a224a4d37042a64,K-Means,distinct_customers_lag_3,0.03641787178226082
obs_bd9405ef2011ad51,K-Means,total_sales_lag_6,0.15791805370256662
obs_bd9405ef2011ad51,K-Means,distinct_customers_lag_6,0.15548718323311114
obs_bd9405ef2011ad51,K-Means,total_quantity_lag_6,0.08273956729651438
obs_1127362ece2a4aa6,K-Means,distinct_customers_lag_6,0.25254041001436667
obs_1127362ece2a4aa6,K-Means,simulated_actual_payout_rolling_std,0.03616595526754533
obs_1127362ece2a4aa6,K-Means,distinct_customers_rolling_mean_6,0.03493590317467654
obs_9ec8e2b9950d4c8e,K-Means,distinct_customers_lag_6,0.3462975399350223
obs_9ec8e2b9950d4c8e,K-Means,total_quantity_rolling_std,0.05800588833373055
obs_9ec8e2b9950d4c8e,K-Means,total_quantity_rolling_MAD,0.05067042558355731
obs_4fa506f86bd818ad,K-Means,distinct_customers_lag_6,0.11277783718860653
obs_4fa506f86bd818ad,K-Means,total_sales_rolling_MAD,0.07268717891536673
obs_4fa506f86bd818ad,K-Means,total_quantity_rolling_std,0.059088420989160256
obs_08a15578bc01a800,K-Means,distinct_customers_lag_6,0.1673123112018323
obs_08a15578bc01a800,K-Means,total_sales_lag_6,0.0594369882933008
obs_08a15578bc01a800,K-Means,total_quantity_history_deviation,0.04557312698720449
obs_dfb4bf3294810d2e,K-Means,simulated_actual_payout_rolling_MAD,0.15649756922279778
obs_dfb4bf3294810d2e,K-Means,distinct_customers_lag_6,0.15441602674575375
obs_dfb4bf3294810d2e,K-Means,new_customers,0.0583782443767131
obs_14c84c5373ab6e9f,K-Means,new_customers,0.06981764736089414
obs_14c84c5373ab6e9f,K-Means,distinct_customers_lag_6,0.05454817933641212
obs_14c84c5373ab6e9f,K-Means,customer_concentration,0.04664793734410809
obs_7c4ed3e0d26e7366,K-Means,new_customers,0.19934387452948713
obs_7c4ed3e0d26e7366,K-Means,distinct_customers_trend,0.058180085857084916
obs_7c4ed3e0d26e7366,K-Means,distinct_customers_lag_6,0.05171286507999413
obs_8334eb12fadfda7a,K-Means,distinct_customers_lag_6,0.16741314659575515
obs_8334eb12fadfda7a,K-Means,new_customers,0.059596423465736785
obs_8334eb12fadfda7a,K-Means,distinct_customers_rolling_MAD,0.057584819135805425
obs_26700eeab9c910eb,K-Means,distinct_customers_lag_6,0.17509285169900088
obs_26700eeab9c910eb,K-Means,new_customers,0.17113606703814246
obs_26700eeab9c910eb,K-Means,subchannel_mix,0.043819977221669235
