observation_id,model,feature,contribution
obs_e23e597521391cf3,PCA Reconstruction,distributor_concentration,0.3133720669846932
obs_e23e597521391cf3,PCA Reconstruction,distinct_products,0.16719530424937165
obs_e23e597521391cf3,PCA Reconstruction,total_sales_team_relative,0.15556527832670336
obs_615f1e87ef3d13b8,PCA Reconstruction,distributor_mix_change,0.6273687717802401
obs_615f1e87ef3d13b8,PCA Reconstruction,distributor_concentration,0.4217591168977061
obs_615f1e87ef3d13b8,PCA Reconstruction,product_mix_change,0.36342582306654103
obs_e34700c8cd07293a,PCA Reconstruction,distributor_concentration,0.3815430142100705
obs_e34700c8cd07293a,PCA Reconstruction,distinct_customers_trend,0.21687791921776067
obs_e34700c8cd07293a,PCA Reconstruction,distinct_customers_history_deviation,0.18575889260512016
obs_99444d4e9650045b,PCA Reconstruction,distinct_customers_lag_2,0.3598780786551607
obs_99444d4e9650045b,PCA Reconstruction,total_quantity_lag_3,0.32245210306040945
obs_99444d4e9650045b,PCA Reconstruction,simulated_actual_payout_lag_3,0.2787878652693065
obs_b860fa3f27bce88a,PCA Reconstruction,distributor_concentration,0.2788292616263979
obs_b860fa3f27bce88a,PCA Reconstruction,product_mix_change,0.20709294180836557
obs_b860fa3f27bce88a,PCA Reconstruction,total_quantity_team_relative,0.16744898931489086
obs_614d2c48e59c5a11,PCA Reconstruction,product_class_share,2.2910893062725917
obs_614d2c48e59c5a11,PCA Reconstruction,total_sales_peer_z,0.5947135982574717
obs_614d2c48e59c5a11,PCA Reconstruction,total_sales_team_relative,0.3840858640899318
obs_2b54b4193131acb6,PCA Reconstruction,distributor_mix_change,2.195794946431654
obs_2b54b4193131acb6,PCA Reconstruction,product_class_share,0.7691907495146133
obs_2b54b4193131acb6,PCA Reconstruction,total_sales_trend,0.3294773036853291
obs_1f48c1ee3e71a112,PCA Reconstruction,distributor_concentration,0.3515749798033684
obs_1f48c1ee3e71a112,PCA Reconstruction,new_customers,0.2825609887742489
obs_1f48c1ee3e71a112,PCA Reconstruction,simulated_payout_to_sales_ratio,0.21003925692201278
obs_fac9a84a13517c49,PCA Reconstruction,total_quantity_peer_percentile,0.9686563270256703
obs_fac9a84a13517c49,PCA Reconstruction,total_quantity_lag_3,0.7511169873590979
obs_fac9a84a13517c49,PCA Reconstruction,total_sales_peer_percentile,0.5229847047494887
obs_0d38ba308d8034c2,PCA Reconstruction,product_mix_change,0.44905248642127515
obs_0d38ba308d8034c2,PCA Reconstruction,customer_loss_rate,0.22070317447488058
obs_0d38ba308d8034c2,PCA Reconstruction,total_quantity_lag_1,0.19868974994164448
obs_61ac42657d7331dd,PCA Reconstruction,total_quantity_lag_2,0.5361735227835178
obs_61ac42657d7331dd,PCA Reconstruction,total_quantity_peer_median,0.32186481290150276
obs_61ac42657d7331dd,PCA Reconstruction,total_sales_peer_z,0.31839108007212247
obs_43a512da6ca25bcc,PCA Reconstruction,total_quantity_lag_3,0.5399994513566028
obs_43a512da6ca25bcc,PCA Reconstruction,total_sales_peer_percentile,0.3681892292711542
obs_43a512da6ca25bcc,PCA Reconstruction,simulated_actual_payout_team_relative,0.27391984379540557
obs_1753f2f158ae70ac,PCA Reconstruction,subchannel_mix,0.988008579991578
obs_1753f2f158ae70ac,PCA Reconstruction,product_concentration,0.9279004051766334
obs_1753f2f158ae70ac,PCA Reconstruction,dominant_product_share,0.6000619228698229
obs_f515e3cb78631885,PCA Reconstruction,product_class_share,0.3823814923732802
obs_f515e3cb78631885,PCA Reconstruction,total_quantity_year_over_year_growth,0.24792951399222413
obs_f515e3cb78631885,PCA Reconstruction,new_customers,0.1910753675269465
obs_1fc0b0ecd7830d62,PCA Reconstruction,product_class_share,0.49979109942903244
obs_1fc0b0ecd7830d62,PCA Reconstruction,simulated_actual_payout_year_over_year_growth,0.20323047144400552
obs_1fc0b0ecd7830d62,PCA Reconstruction,simulated_actual_payout_peer_median,0.1785621748671687
obs_d814e046eaa60d15,PCA Reconstruction,total_quantity_lag_1,0.34989863350666567
obs_d814e046eaa60d15,PCA Reconstruction,distributor_mix_change,0.3193765847461362
obs_d814e046eaa60d15,PCA Reconstruction,country_mix,0.30067476987046565
obs_76bde88d2475a77f,PCA Reconstruction,total_quantity_lag_2,0.4242181079010559
obs_76bde88d2475a77f,PCA Reconstruction,distributor_concentration,0.3579488037705244
obs_76bde88d2475a77f,PCA Reconstruction,total_sales_rolling_std,0.3091823996014781
obs_03a31da4d41327a0,PCA Reconstruction,total_quantity_peer_percentile,0.9091850700881994
obs_03a31da4d41327a0,PCA Reconstruction,simulated_actual_payout_lag_12,0.8632574742339338
obs_03a31da4d41327a0,PCA Reconstruction,total_quantity_peer_median,0.6436981540280552
obs_33d19603a3759bab,PCA Reconstruction,distributor_mix_change,1.9494277208664552
obs_33d19603a3759bab,PCA Reconstruction,new_customers,0.7928914385494499
obs_33d19603a3759bab,PCA Reconstruction,total_quantity_lag_12,0.6617540092428603
obs_791d08d7ef65ea42,PCA Reconstruction,simulated_actual_payout_year_over_year_growth,1.504345697269887
obs_791d08d7ef65ea42,PCA Reconstruction,simulated_actual_payout_peer_median,0.9902500302630419
obs_791d08d7ef65ea42,PCA Reconstruction,subchannel_mix,0.8070613731606662
obs_5a95dfdf8550b3c1,PCA Reconstruction,total_quantity_lag_12,1.5105137017836623
obs_5a95dfdf8550b3c1,PCA Reconstruction,new_customers,0.44075292618152667
obs_5a95dfdf8550b3c1,PCA Reconstruction,simulated_actual_payout_lag_12,0.41853865906133425
obs_0011949b2bb7fbcd,PCA Reconstruction,new_customers,4.744681295753237
obs_0011949b2bb7fbcd,PCA Reconstruction,simulated_actual_payout_year_over_year_growth,1.3361804809335638
obs_0011949b2bb7fbcd,PCA Reconstruction,simulated_actual_payout_lag_12,0.8819021911674444
obs_063693637ef59cce,PCA Reconstruction,new_customers,2.5977186654495923
obs_063693637ef59cce,PCA Reconstruction,distributor_mix_change,2.490740284586706
obs_063693637ef59cce,PCA Reconstruction,distributor_concentration,0.5766790316025959
obs_1b443ebac94ac4d4,PCA Reconstruction,new_customers,0.8140877900895395
obs_1b443ebac94ac4d4,PCA Reconstruction,simulated_actual_payout_lag_12,0.3926146569762842
obs_1b443ebac94ac4d4,PCA Reconstruction,simulated_actual_payout_rolling_mean_6,0.3619167864850438
obs_b5b4c5d2b06e9f98,PCA Reconstruction,distributor_count,2.1695040289112764
obs_b5b4c5d2b06e9f98,PCA Reconstruction,simulated_actual_payout_peer_median,1.3258154888139577
obs_b5b4c5d2b06e9f98,PCA Reconstruction,distinct_customers_history_deviation,0.8187318937966758
obs_b06ed11f42fcfbdf,PCA Reconstruction,simulated_actual_payout_peer_median,3.1037429060656643
obs_b06ed11f42fcfbdf,PCA Reconstruction,distinct_customers_rolling_std,2.0191549122456425
obs_b06ed11f42fcfbdf,PCA Reconstruction,distributor_mix_change,1.7185445942202136
obs_2df2349d5d6d4af1,PCA Reconstruction,new_customers,4.69570567910783
obs_2df2349d5d6d4af1,PCA Reconstruction,distinct_customers_lag_2,2.2169799522532476
obs_2df2349d5d6d4af1,PCA Reconstruction,distinct_customers_rolling_std,1.5588427624663816
obs_62f13cc5df51a157,PCA Reconstruction,new_customers,7.917737922488
obs_62f13cc5df51a157,PCA Reconstruction,simulated_actual_payout_year_over_year_growth,2.79889432162401
obs_62f13cc5df51a157,PCA Reconstruction,distinct_customers_rolling_std,1.903824455897809
obs_43336d845ea431bc,PCA Reconstruction,distinct_customers_team_relative,0.17862928817551632
obs_43336d845ea431bc,PCA Reconstruction,total_sales_team_relative,0.1721430943583103
obs_43336d845ea431bc,PCA Reconstruction,total_quantity_team_relative,0.12535287016727084
obs_baf5625da2096882,PCA Reconstruction,subchannel_mix,0.5897332204492363
obs_baf5625da2096882,PCA Reconstruction,distinct_customers_history_deviation,0.4127262404728201
obs_baf5625da2096882,PCA Reconstruction,distributor_concentration,0.37947347215376775
obs_c6bc5c9e95ff4666,PCA Reconstruction,product_breadth_change,1.5470468220784506
obs_c6bc5c9e95ff4666,PCA Reconstruction,total_sales_rolling_std,1.3339787548026483
obs_c6bc5c9e95ff4666,PCA Reconstruction,subchannel_mix,1.0105948908858993
obs_de9e824837a99403,PCA Reconstruction,distributor_concentration,0.9505637760668537
obs_de9e824837a99403,PCA Reconstruction,product_breadth_change,0.798155278382945
obs_de9e824837a99403,PCA Reconstruction,total_sales_history_deviation,0.4719970975446427
obs_e3f6a3859fd7ad45,PCA Reconstruction,channel_mix,0.43244025161286453
obs_e3f6a3859fd7ad45,PCA Reconstruction,product_mix_change,0.28990291735552454
obs_e3f6a3859fd7ad45,PCA Reconstruction,total_quantity_history_deviation,0.2370026573444277
obs_b5111b97e6ed38c7,PCA Reconstruction,product_mix_change,0.6880958359680118
obs_b5111b97e6ed38c7,PCA Reconstruction,distributor_mix_change,0.567220413535652
obs_b5111b97e6ed38c7,PCA Reconstruction,product_concentration,0.2449648833539693
obs_05c6a0c0b9d9e885,PCA Reconstruction,total_sales_history_deviation,0.2783175072239636
obs_05c6a0c0b9d9e885,PCA Reconstruction,product_breadth_change,0.19547073001910112
obs_05c6a0c0b9d9e885,PCA Reconstruction,product_class_share,0.17562217195773935
obs_de55c5814290b874,PCA Reconstruction,distributor_concentration,2.0731523509238676
obs_de55c5814290b874,PCA Reconstruction,simulated_actual_payout_rolling_std,1.0280009339953882
obs_de55c5814290b874,PCA Reconstruction,product_mix_change,0.53557568591765
obs_70f1c06cda49ce50,PCA Reconstruction,distributor_mix_change,0.39773503052596565
obs_70f1c06cda49ce50,PCA Reconstruction,simulated_actual_payout_history_deviation,0.24648337853880634
obs_70f1c06cda49ce50,PCA Reconstruction,total_sales_rolling_MAD,0.14201666766905752
obs_309b62ebed7b301b,PCA Reconstruction,customer_loss_rate,0.36257736971356236
obs_309b62ebed7b301b,PCA Reconstruction,total_sales_peer_z,0.33348972111825426
obs_309b62ebed7b301b,PCA Reconstruction,product_breadth_change,0.28450250008134853
obs_a202012c4ef24643,PCA Reconstruction,distributor_concentration,1.2747666236834785
obs_a202012c4ef24643,PCA Reconstruction,product_mix_change,0.45982072718173916
obs_a202012c4ef24643,PCA Reconstruction,distributor_count,0.4205311687984333
obs_2efdc8c5fbd6df78,PCA Reconstruction,distributor_count,0.4149604227971706
obs_2efdc8c5fbd6df78,PCA Reconstruction,product_class_share,0.33174380423519023
obs_2efdc8c5fbd6df78,PCA Reconstruction,representative_rank,0.21244259295811152
obs_0cadaa8e09752462,PCA Reconstruction,total_sales_year_over_year_growth,0.47241422965136043
obs_0cadaa8e09752462,PCA Reconstruction,simulated_actual_payout_lag_12,0.45494525558771565
obs_0cadaa8e09752462,PCA Reconstruction,distributor_concentration,0.29233639281217955
obs_4d5cbeb7f46f0e31,PCA Reconstruction,simulated_actual_payout_lag_12,0.8128022319888938
obs_4d5cbeb7f46f0e31,PCA Reconstruction,simulated_actual_payout_history_deviation,0.7138493269920194
obs_4d5cbeb7f46f0e31,PCA Reconstruction,simulated_actual_payout_peer_median,0.5932846686868027
obs_9803f0acde4e76f3,PCA Reconstruction,product_mix_change,0.7471030058372321
obs_9803f0acde4e76f3,PCA Reconstruction,product_class_share,0.48274307532476196
obs_9803f0acde4e76f3,PCA Reconstruction,distributor_mix_change,0.445761877559304
obs_e1b37c675c3003b1,PCA Reconstruction,total_sales_year_over_year_growth,0.486597868635507
obs_e1b37c675c3003b1,PCA Reconstruction,simulated_target_attainment_pct,0.3993554587048553
obs_e1b37c675c3003b1,PCA Reconstruction,total_quantity_lag_12,0.2625930891084344
obs_0b498f5343e84a61,PCA Reconstruction,total_quantity_lag_3,0.49542758995272934
obs_0b498f5343e84a61,PCA Reconstruction,country_mix,0.4455490684943422
obs_0b498f5343e84a61,PCA Reconstruction,total_quantity_lag_12,0.20791580745582422
obs_d7a2b25a8cdc5b6a,PCA Reconstruction,simulated_actual_payout_acceleration,0.6990931393064139
obs_d7a2b25a8cdc5b6a,PCA Reconstruction,total_quantity_acceleration,0.5484162855744741
obs_d7a2b25a8cdc5b6a,PCA Reconstruction,product_class_share,0.3175463347285614
obs_2a80e8723ccdd491,PCA Reconstruction,distinct_customers_rolling_std,0.6859230878104812
obs_2a80e8723ccdd491,PCA Reconstruction,distinct_products,0.5859225830669931
obs_2a80e8723ccdd491,PCA Reconstruction,total_quantity_lag_2,0.47207520856532414
obs_c32b47f34eec76af,PCA Reconstruction,distinct_customers_rolling_std,1.3272008161977928
obs_c32b47f34eec76af,PCA Reconstruction,product_breadth_change,0.7577141285579307
obs_c32b47f34eec76af,PCA Reconstruction,country_mix,0.5184775759395405
obs_d537f23061649c08,PCA Reconstruction,distinct_customers_rolling_std,0.7848348693781805
obs_d537f23061649c08,PCA Reconstruction,channel_mix,0.29853778301261524
obs_d537f23061649c08,PCA Reconstruction,distinct_customers_lag_2,0.287794142210442
obs_06bc80ca1592529b,PCA Reconstruction,new_customers,1.1822815735412535
obs_06bc80ca1592529b,PCA Reconstruction,distinct_customers_rolling_std,0.8177264073312251
obs_06bc80ca1592529b,PCA Reconstruction,customer_loss_rate,0.6583465521901257
obs_593c6b0abfbff40f,PCA Reconstruction,new_customers,1.5151051871000052
obs_593c6b0abfbff40f,PCA Reconstruction,distributor_mix_change,0.3571949932609766
obs_593c6b0abfbff40f,PCA Reconstruction,product_breadth_change,0.3298391443603163
obs_0764cae41bcbe612,PCA Reconstruction,new_customers,1.7560286107312417
obs_0764cae41bcbe612,PCA Reconstruction,distinct_customers_team_relative,0.7375083180046903
obs_0764cae41bcbe612,PCA Reconstruction,distributor_count,0.6773565525203827
obs_d05b3b40b386e054,PCA Reconstruction,distributor_mix_change,3.576619065015856
obs_d05b3b40b386e054,PCA Reconstruction,distributor_count,1.688597678007151
obs_d05b3b40b386e054,PCA Reconstruction,simulated_actual_payout_peer_median,1.1210723590552913
obs_04e73b8f3403f58d,PCA Reconstruction,distinct_customers_rolling_std,2.5014169947939298
obs_04e73b8f3403f58d,PCA Reconstruction,product_breadth_change,1.072641533912284
obs_04e73b8f3403f58d,PCA Reconstruction,simulated_actual_payout_lag_12,1.015240368625809
obs_e4f6b17418ade61e,PCA Reconstruction,distributor_count,2.717871237920863
obs_e4f6b17418ade61e,PCA Reconstruction,distinct_customers_lag_2,2.3347761616081257
obs_e4f6b17418ade61e,PCA Reconstruction,distinct_customers_rolling_std,2.1127591355020416
obs_3e72ae64b4ee1487,PCA Reconstruction,distinct_customers_rolling_std,2.4266737524988837
obs_3e72ae64b4ee1487,PCA Reconstruction,new_customers,1.5282177813966031
obs_3e72ae64b4ee1487,PCA Reconstruction,simulated_actual_payout_year_over_year_growth,1.4158481212024616
obs_979be2c88656c12c,PCA Reconstruction,distributor_concentration,0.739505714906536
obs_979be2c88656c12c,PCA Reconstruction,channel_mix,0.5050504147515711
obs_979be2c88656c12c,PCA Reconstruction,subchannel_mix,0.3879805872744506
obs_dfa27919b86c3d52,PCA Reconstruction,distributor_count,0.7774294943153823
obs_dfa27919b86c3d52,PCA Reconstruction,distributor_concentration,0.5926247186844917
obs_dfa27919b86c3d52,PCA Reconstruction,total_sales_rolling_median,0.5257154432503862
obs_68b49514dab5a9ca,PCA Reconstruction,distinct_customers_rolling_std,2.1770672898466157
obs_68b49514dab5a9ca,PCA Reconstruction,total_quantity_rolling_std,0.7723220267836832
obs_68b49514dab5a9ca,PCA Reconstruction,distributor_mix_change,0.5878508285922176
obs_308780ad50c636ca,PCA Reconstruction,product_breadth_change,2.151455446847216
obs_308780ad50c636ca,PCA Reconstruction,total_sales_history_deviation,0.8824657370834624
obs_308780ad50c636ca,PCA Reconstruction,total_quantity_lag_2,0.6804774399866037
obs_a4c24cdcb0026734,PCA Reconstruction,distinct_customers_rolling_std,0.5912011289365129
obs_a4c24cdcb0026734,PCA Reconstruction,distributor_mix_change,0.3941229402645113
obs_a4c24cdcb0026734,PCA Reconstruction,distributor_concentration,0.3662371240571804
obs_182375d528750b6c,PCA Reconstruction,total_quantity_rolling_std,0.4488599530355024
obs_182375d528750b6c,PCA Reconstruction,average_price,0.33557849445170335
obs_182375d528750b6c,PCA Reconstruction,distinct_customers_lag_2,0.2512191149528352
obs_8abab8423ce5b57a,PCA Reconstruction,product_class_share,0.7864057027982752
obs_8abab8423ce5b57a,PCA Reconstruction,distinct_customers_rolling_std,0.3740844183199041
obs_8abab8423ce5b57a,PCA Reconstruction,total_sales_history_deviation,0.3279613777923892
obs_047985ea3c9cd755,PCA Reconstruction,total_sales_history_deviation,0.3452066685668566
obs_047985ea3c9cd755,PCA Reconstruction,total_quantity_peer_percentile,0.21492668019676694
obs_047985ea3c9cd755,PCA Reconstruction,total_sales_rolling_std,0.1829355000162499
obs_d9289b44a1d34714,PCA Reconstruction,distributor_concentration,0.8328314089531889
obs_d9289b44a1d34714,PCA Reconstruction,product_breadth_change,0.663899397736883
obs_d9289b44a1d34714,PCA Reconstruction,total_sales_rolling_median,0.5270467156147667
obs_5015dcfd335cfe6b,PCA Reconstruction,distributor_count,0.4721354713614946
obs_5015dcfd335cfe6b,PCA Reconstruction,product_mix_change,0.39380716697450313
obs_5015dcfd335cfe6b,PCA Reconstruction,rank_change,0.27807891162915094
obs_122ff7e4b022803a,PCA Reconstruction,product_breadth_change,0.6054864755801316
obs_122ff7e4b022803a,PCA Reconstruction,distributor_concentration,0.3880734147066241
obs_122ff7e4b022803a,PCA Reconstruction,average_price,0.32494784985431846
obs_0bdcb50077926fdd,PCA Reconstruction,product_mix_change,0.46876490401678783
obs_0bdcb50077926fdd,PCA Reconstruction,simulated_actual_payout_lag_12,0.3486221305694016
obs_0bdcb50077926fdd,PCA Reconstruction,product_breadth_change,0.31996683989589114
obs_a2471ed7d158d3a2,PCA Reconstruction,country_mix,0.42805018990991484
obs_a2471ed7d158d3a2,PCA Reconstruction,distributor_mix_change,0.40993853948607495
obs_a2471ed7d158d3a2,PCA Reconstruction,total_sales_rolling_mean_3,0.30234533197131985
obs_0fd2277576d131c5,PCA Reconstruction,distributor_concentration,0.2704761611395843
obs_0fd2277576d131c5,PCA Reconstruction,distinct_customers_rolling_MAD,0.21229517809893894
obs_0fd2277576d131c5,PCA Reconstruction,total_quantity_peer_percentile,0.19990594027363168
obs_f919088c73e72be1,PCA Reconstruction,product_mix_change,0.2647505252068997
obs_f919088c73e72be1,PCA Reconstruction,total_quantity_year_over_year_growth,0.24839075922943438
obs_f919088c73e72be1,PCA Reconstruction,total_quantity_lag_2,0.23008481804526226
obs_27e4d2ad8d9be82a,PCA Reconstruction,total_quantity_history_deviation,0.39432407161634
obs_27e4d2ad8d9be82a,PCA Reconstruction,total_sales_rolling_median,0.390536987039333
obs_27e4d2ad8d9be82a,PCA Reconstruction,average_price,0.3039905258930259
obs_6eca4269d60b55fa,PCA Reconstruction,product_mix_change,0.6345807887137374
obs_6eca4269d60b55fa,PCA Reconstruction,total_quantity_rolling_median,0.5266670939966294
obs_6eca4269d60b55fa,PCA Reconstruction,total_sales_lag_12,0.41922772362099486
obs_b6b35315a88c7800,PCA Reconstruction,product_class_share,0.8698658995587848
obs_b6b35315a88c7800,PCA Reconstruction,total_quantity_history_deviation,0.5853421199349231
obs_b6b35315a88c7800,PCA Reconstruction,product_breadth_change,0.5611980425778087
obs_cee5c1e4f3e8006e,PCA Reconstruction,distinct_customers_history_deviation,0.41026478576506586
obs_cee5c1e4f3e8006e,PCA Reconstruction,total_quantity_peer_percentile,0.4017300808439663
obs_cee5c1e4f3e8006e,PCA Reconstruction,simulated_actual_payout_peer_median,0.337536702500755
obs_d7ceb393881b22a6,PCA Reconstruction,total_quantity_peer_median,0.8520405406527726
obs_d7ceb393881b22a6,PCA Reconstruction,median_price,0.4258862989120132
obs_d7ceb393881b22a6,PCA Reconstruction,customer_loss_rate,0.42008273314116856
obs_fd7a14533175bc3b,PCA Reconstruction,distinct_customers_rolling_std,1.238360852159255
obs_fd7a14533175bc3b,PCA Reconstruction,average_price,0.9454094432224278
obs_fd7a14533175bc3b,PCA Reconstruction,total_quantity_year_over_year_growth,0.6762720837480821
obs_ecd4c7198c8348a5,PCA Reconstruction,simulated_actual_payout_lag_12,1.7749671304044523
obs_ecd4c7198c8348a5,PCA Reconstruction,simulated_actual_payout_year_over_year_growth,0.9778776904843675
obs_ecd4c7198c8348a5,PCA Reconstruction,total_sales_rolling_mean_3,0.9334987271305011
obs_069f966ef2f3ff89,PCA Reconstruction,product_breadth_change,1.4188837000293837
obs_069f966ef2f3ff89,PCA Reconstruction,new_customers,1.3440446998805478
obs_069f966ef2f3ff89,PCA Reconstruction,total_quantity_lag_2,0.7062945583666618
obs_890c162e5617bff7,PCA Reconstruction,total_quantity_lag_3,1.300948762068012
obs_890c162e5617bff7,PCA Reconstruction,distinct_customers_rolling_MAD,0.8200806315224619
obs_890c162e5617bff7,PCA Reconstruction,simulated_actual_payout_lag_3,0.789733656707205
obs_6c27798b6101288b,PCA Reconstruction,distributor_count,1.4929660178050526
obs_6c27798b6101288b,PCA Reconstruction,distributor_concentration,1.2928941672296388
obs_6c27798b6101288b,PCA Reconstruction,total_sales_rolling_std,1.0574922998813414
obs_45857c1a6bd69901,PCA Reconstruction,product_mix_change,2.538518395884652
obs_45857c1a6bd69901,PCA Reconstruction,total_quantity_lag_2,1.9935711071085918
obs_45857c1a6bd69901,PCA Reconstruction,simulated_actual_payout_peer_median,1.6621233861001496
obs_414b31aff8f47057,PCA Reconstruction,new_customers,9.05316109759805
obs_414b31aff8f47057,PCA Reconstruction,distributor_count,3.0686046544455263
obs_414b31aff8f47057,PCA Reconstruction,total_quantity_lag_3,1.91259167628742
obs_2835518b42eb6685,PCA Reconstruction,new_customers,4.5652425273381025
obs_2835518b42eb6685,PCA Reconstruction,distinct_customers_rolling_std,1.744362149542604
obs_2835518b42eb6685,PCA Reconstruction,distributor_count,1.4497535632029872
obs_e31ae31bfcf0fa35,PCA Reconstruction,distributor_concentration,0.6188870307530661
obs_e31ae31bfcf0fa35,PCA Reconstruction,simulated_payout_to_sales_ratio,0.34772206025586483
obs_e31ae31bfcf0fa35,PCA Reconstruction,customer_loss_rate,0.2555846324401001
obs_e2991b3dc0037036,PCA Reconstruction,customer_loss_rate,0.6171266781992321
obs_e2991b3dc0037036,PCA Reconstruction,total_quantity_lag_3,0.560134989718937
obs_e2991b3dc0037036,PCA Reconstruction,product_mix_change,0.5521896247911575
obs_ba083d35986c96ef,PCA Reconstruction,distinct_customers_rolling_std,0.9113392545851526
obs_ba083d35986c96ef,PCA Reconstruction,total_sales_history_deviation,0.341297584327035
obs_ba083d35986c96ef,PCA Reconstruction,simulated_actual_payout_history_deviation,0.33692706699525804
obs_26248f6afed02ffa,PCA Reconstruction,distinct_customers_history_deviation,0.3413680035028168
obs_26248f6afed02ffa,PCA Reconstruction,simulated_actual_payout_trend,0.28429100872738244
obs_26248f6afed02ffa,PCA Reconstruction,total_quantity_rolling_median,0.2502429171005048
obs_c5929a7675610dae,PCA Reconstruction,distributor_mix_change,0.24862899161138619
obs_c5929a7675610dae,PCA Reconstruction,total_quantity_team_relative,0.24652676201025459
obs_c5929a7675610dae,PCA Reconstruction,average_price,0.18298871223636332
obs_6a00219cfab950aa,PCA Reconstruction,distributor_count,0.37451517234147175
obs_6a00219cfab950aa,PCA Reconstruction,distinct_customers_history_deviation,0.3190065709366463
obs_6a00219cfab950aa,PCA Reconstruction,total_sales_rolling_median,0.3026995427060463
obs_f83caddbc1b9d053,PCA Reconstruction,product_class_share,0.9230199166589181
obs_f83caddbc1b9d053,PCA Reconstruction,subchannel_mix,0.5661324483044862
obs_f83caddbc1b9d053,PCA Reconstruction,channel_mix,0.50666756599771
obs_d4083525788fe9dd,PCA Reconstruction,product_mix_change,1.889505388017072
obs_d4083525788fe9dd,PCA Reconstruction,distinct_customers_history_deviation,0.292509027072757
obs_d4083525788fe9dd,PCA Reconstruction,distributor_mix_change,0.2416254888278856
obs_49fe18ffa6259ad5,PCA Reconstruction,distributor_concentration,0.7503060700446201
obs_49fe18ffa6259ad5,PCA Reconstruction,simulated_actual_payout_peer_z,0.3071945132798608
obs_49fe18ffa6259ad5,PCA Reconstruction,simulated_actual_payout_month_over_month_growth,0.2599251619080771
obs_952bf57ffd9a5f43,PCA Reconstruction,distributor_mix_change,0.3590117711676436
obs_952bf57ffd9a5f43,PCA Reconstruction,simulated_actual_payout_acceleration,0.24263433881336507
obs_952bf57ffd9a5f43,PCA Reconstruction,distributor_concentration,0.20006894710608203
obs_6f6703e51e278b47,PCA Reconstruction,customer_loss_rate,0.3162565135739574
obs_6f6703e51e278b47,PCA Reconstruction,simulated_actual_payout_team_relative,0.22701446423042404
obs_6f6703e51e278b47,PCA Reconstruction,total_quantity_peer_percentile,0.21101640562500157
obs_9affe7fb434117f8,PCA Reconstruction,simulated_actual_payout_lag_12,0.18499435489140648
obs_9affe7fb434117f8,PCA Reconstruction,total_sales_peer_percentile,0.18004411204149606
obs_9affe7fb434117f8,PCA Reconstruction,new_customers,0.1793944187715971
obs_ba8370d76ad0e8fa,PCA Reconstruction,total_sales_year_over_year_growth,0.7622414196863936
obs_ba8370d76ad0e8fa,PCA Reconstruction,total_quantity_year_over_year_growth,0.5593397052541564
obs_ba8370d76ad0e8fa,PCA Reconstruction,subchannel_mix,0.45800007294660566
obs_6fbbb68b8333a761,PCA Reconstruction,total_sales_year_over_year_growth,0.7002547688501878
obs_6fbbb68b8333a761,PCA Reconstruction,total_sales_team_relative,0.6327153735201513
obs_6fbbb68b8333a761,PCA Reconstruction,product_breadth_change,0.48122364107555715
obs_a4fa64c11bca5df4,PCA Reconstruction,simulated_actual_payout_history_deviation,0.4291121461272155
obs_a4fa64c11bca5df4,PCA Reconstruction,total_sales_trend,0.3320901399656802
obs_a4fa64c11bca5df4,PCA Reconstruction,product_breadth_change,0.32580669678227614
obs_0f0a972fdd81380f,PCA Reconstruction,distributor_concentration,0.4787562975194102
obs_0f0a972fdd81380f,PCA Reconstruction,total_quantity_lag_12,0.3566873237825399
obs_0f0a972fdd81380f,PCA Reconstruction,simulated_actual_payout_year_over_year_growth,0.337370972654674
obs_95b0b02329fbc254,PCA Reconstruction,country_mix,0.2874077034821304
obs_95b0b02329fbc254,PCA Reconstruction,distributor_mix_change,0.2644534309634314
obs_95b0b02329fbc254,PCA Reconstruction,distinct_customers_rolling_median,0.15851361288161908
obs_3f54eb758387db85,PCA Reconstruction,product_breadth_change,0.6716278491749862
obs_3f54eb758387db85,PCA Reconstruction,product_class_share,0.5424107002653306
obs_3f54eb758387db85,PCA Reconstruction,distributor_mix_change,0.4423722717573742
obs_5b3678539e95b0b2,PCA Reconstruction,distributor_concentration,1.986032345603545
obs_5b3678539e95b0b2,PCA Reconstruction,product_breadth_change,1.4323354248167735
obs_5b3678539e95b0b2,PCA Reconstruction,product_mix_change,0.7437870677445805
obs_1121c787d49a3276,PCA Reconstruction,simulated_actual_payout_lag_12,2.025027069207146
obs_1121c787d49a3276,PCA Reconstruction,distributor_mix_change,1.3720464664096317
obs_1121c787d49a3276,PCA Reconstruction,distributor_count,0.35753903962158695
obs_988c4ec12efd2894,PCA Reconstruction,total_sales_month_over_month_growth,0.47432134334071363
obs_988c4ec12efd2894,PCA Reconstruction,distinct_customers_rolling_std,0.4587232310595746
obs_988c4ec12efd2894,PCA Reconstruction,product_breadth_change,0.3942581832542391
obs_e16591dea25fd1a6,PCA Reconstruction,simulated_actual_payout_lag_12,1.7467443271483867
obs_e16591dea25fd1a6,PCA Reconstruction,new_customers,1.2433336626557114
obs_e16591dea25fd1a6,PCA Reconstruction,distinct_customers_rolling_std,0.8827226744284933
obs_3c86f628b67cc3f8,PCA Reconstruction,new_customers,1.1001987259858546
obs_3c86f628b67cc3f8,PCA Reconstruction,distributor_concentration,0.9570041998913582
obs_3c86f628b67cc3f8,PCA Reconstruction,channel_mix,0.8813020776440904
obs_6d502ebf7664cbcb,PCA Reconstruction,country_mix,1.0643037851032306
obs_6d502ebf7664cbcb,PCA Reconstruction,simulated_actual_payout_lag_12,0.9038923393788819
obs_6d502ebf7664cbcb,PCA Reconstruction,product_breadth_change,0.8460345384311553
obs_9381de55942bf2ca,PCA Reconstruction,new_customers,1.6593558574854
obs_9381de55942bf2ca,PCA Reconstruction,distributor_count,1.2957975777453536
obs_9381de55942bf2ca,PCA Reconstruction,distinct_customers_history_deviation,0.8285672373772139
obs_96ba25e4460616e5,PCA Reconstruction,new_customers,3.4191342069495225
obs_96ba25e4460616e5,PCA Reconstruction,simulated_actual_payout_peer_median,1.850599961203497
obs_96ba25e4460616e5,PCA Reconstruction,total_quantity_lag_2,1.1446924953150688
obs_927653606ac82639,PCA Reconstruction,new_customers,2.7965162851871233
obs_927653606ac82639,PCA Reconstruction,simulated_actual_payout_year_over_year_growth,1.7004177310616928
obs_927653606ac82639,PCA Reconstruction,total_quantity_lag_3,1.3612757528945443
obs_fc0e2698434adc3b,PCA Reconstruction,new_customers,5.402806823031207
obs_fc0e2698434adc3b,PCA Reconstruction,distributor_count,1.6778809248416136
obs_fc0e2698434adc3b,PCA Reconstruction,simulated_actual_payout_year_over_year_growth,1.564603746144582
obs_f94d749361ef2cd1,PCA Reconstruction,total_sales_team_relative,0.3758674844043225
obs_f94d749361ef2cd1,PCA Reconstruction,simulated_actual_payout_team_relative,0.3358068159073605
obs_f94d749361ef2cd1,PCA Reconstruction,simulated_payout_to_sales_ratio,0.30795963697500056
obs_2ee6132f55e95c0b,PCA Reconstruction,distinct_customers_team_relative,0.4881516412097992
obs_2ee6132f55e95c0b,PCA Reconstruction,customer_loss_rate,0.46504478854494824
obs_2ee6132f55e95c0b,PCA Reconstruction,total_sales_rolling_mean_6,0.43544417316139233
obs_cb5adde5518e5a4b,PCA Reconstruction,product_mix_change,0.975932611739495
obs_cb5adde5518e5a4b,PCA Reconstruction,distinct_customers_rolling_std,0.7105392553839684
obs_cb5adde5518e5a4b,PCA Reconstruction,customer_loss_rate,0.3212179395275758
obs_1a97daaff441e048,PCA Reconstruction,total_quantity_rolling_std,0.6690610630063765
obs_1a97daaff441e048,PCA Reconstruction,distinct_customers_history_deviation,0.38362968443460077
obs_1a97daaff441e048,PCA Reconstruction,total_quantity_team_relative,0.32097010324671776
obs_5a31ed1945c06339,PCA Reconstruction,distributor_mix_change,1.1050768901925483
obs_5a31ed1945c06339,PCA Reconstruction,product_mix_change,0.6184127894395656
obs_5a31ed1945c06339,PCA Reconstruction,distinct_customers_history_deviation,0.5719986606335082
obs_9468090f2a09b525,PCA Reconstruction,distributor_mix_change,0.336591594267354
obs_9468090f2a09b525,PCA Reconstruction,distributor_concentration,0.3220144386405817
obs_9468090f2a09b525,PCA Reconstruction,total_quantity_peer_median,0.18333451169563475
obs_e066ac342ed4730a,PCA Reconstruction,channel_mix,0.26181379845997305
obs_e066ac342ed4730a,PCA Reconstruction,product_class_share,0.25108892856415815
obs_e066ac342ed4730a,PCA Reconstruction,total_quantity_month_over_month_growth,0.21459869085846178
obs_d5c3421318523173,PCA Reconstruction,total_sales_history_deviation,0.4654304556762876
obs_d5c3421318523173,PCA Reconstruction,simulated_actual_payout_history_deviation,0.43243829880084145
obs_d5c3421318523173,PCA Reconstruction,total_sales_rolling_std,0.3160713681793811
obs_dd785b0f7ecf3ed4,PCA Reconstruction,simulated_actual_payout_trend,0.7192749260002055
obs_dd785b0f7ecf3ed4,PCA Reconstruction,dominant_product_share,0.6168391235376528
obs_dd785b0f7ecf3ed4,PCA Reconstruction,simulated_actual_payout_history_deviation,0.6138657626504488
obs_0de4ab5f7ac3473c,PCA Reconstruction,simulated_actual_payout_history_deviation,0.33963452180511605
obs_0de4ab5f7ac3473c,PCA Reconstruction,total_quantity_lag_1,0.235421881805242
obs_0de4ab5f7ac3473c,PCA Reconstruction,subchannel_mix,0.22642693282078616
obs_1e0200583c608457,PCA Reconstruction,total_quantity_lag_2,0.6021772536619161
obs_1e0200583c608457,PCA Reconstruction,simulated_actual_payout_lag_12,0.41748432879058617
obs_1e0200583c608457,PCA Reconstruction,new_customers,0.4158659682326897
obs_567aec2a1b875305,PCA Reconstruction,simulated_actual_payout_trend,0.44727247124000913
obs_567aec2a1b875305,PCA Reconstruction,total_quantity_trend,0.3986118613129067
obs_567aec2a1b875305,PCA Reconstruction,distributor_count,0.3658902572276973
obs_3ef20d80a429210f,PCA Reconstruction,simulated_actual_payout_lag_12,1.1437632357739216
obs_3ef20d80a429210f,PCA Reconstruction,distributor_mix_change,0.980290979680538
obs_3ef20d80a429210f,PCA Reconstruction,product_class_share,0.5085976440862673
obs_429b6f613b3c4bfa,PCA Reconstruction,simulated_actual_payout_year_over_year_growth,0.5821838603808257
obs_429b6f613b3c4bfa,PCA Reconstruction,simulated_actual_payout_acceleration,0.5517032173048727
obs_429b6f613b3c4bfa,PCA Reconstruction,total_sales_peer_z,0.3808889300565081
obs_1e4d49a2d800aad0,PCA Reconstruction,product_class_share,0.5340063624331252
obs_1e4d49a2d800aad0,PCA Reconstruction,product_mix_change,0.4201844804728992
obs_1e4d49a2d800aad0,PCA Reconstruction,product_breadth_change,0.38228235783079006
obs_a97b8d1e9afeecb2,PCA Reconstruction,product_class_share,1.110108391979257
obs_a97b8d1e9afeecb2,PCA Reconstruction,distributor_mix_change,0.31296206581525976
obs_a97b8d1e9afeecb2,PCA Reconstruction,country_mix,0.30833662918092586
obs_bca088b18d8451c4,PCA Reconstruction,total_quantity_lag_12,0.2534605791754443
obs_bca088b18d8451c4,PCA Reconstruction,distributor_concentration,0.2237939734716718
obs_bca088b18d8451c4,PCA Reconstruction,country_mix,0.20417187331624093
obs_ccdf622376fdaf22,PCA Reconstruction,product_class_share,0.6554036185382368
obs_ccdf622376fdaf22,PCA Reconstruction,total_quantity_year_over_year_growth,0.294659965031061
obs_ccdf622376fdaf22,PCA Reconstruction,product_breadth_change,0.21509274358392025
obs_81799aaea829b660,PCA Reconstruction,distributor_mix_change,1.6271973600834555
obs_81799aaea829b660,PCA Reconstruction,new_customers,1.1466819656425526
obs_81799aaea829b660,PCA Reconstruction,distinct_customers_team_relative,0.49233469008387215
obs_bfcae23427ce1662,PCA Reconstruction,distributor_mix_change,3.3563585405910494
obs_bfcae23427ce1662,PCA Reconstruction,simulated_actual_payout_year_over_year_growth,0.8932720370331946
obs_bfcae23427ce1662,PCA Reconstruction,new_customers,0.8827583752146677
obs_40fdb640556f75f6,PCA Reconstruction,distributor_mix_change,0.8576734401448547
obs_40fdb640556f75f6,PCA Reconstruction,total_quantity_lag_12,0.6461870161384256
obs_40fdb640556f75f6,PCA Reconstruction,new_customers,0.5294052006764047
obs_09e77e38d95d2087,PCA Reconstruction,new_customers,2.5384578642186137
obs_09e77e38d95d2087,PCA Reconstruction,simulated_actual_payout_lag_12,1.1533917573405157
obs_09e77e38d95d2087,PCA Reconstruction,distinct_customers_rolling_std,0.5723352493239762
obs_d44e23642ed4b765,PCA Reconstruction,new_customers,4.630728308523172
obs_d44e23642ed4b765,PCA Reconstruction,distributor_mix_change,0.8314747925025135
obs_d44e23642ed4b765,PCA Reconstruction,product_mix_change,0.5862364235345395
obs_d8b8034144828733,PCA Reconstruction,new_customers,1.0404349065454621
obs_d8b8034144828733,PCA Reconstruction,distributor_concentration,0.7510194397937399
obs_d8b8034144828733,PCA Reconstruction,distinct_customers_lag_2,0.6619064935997706
obs_8a6b05144a4bd5ef,PCA Reconstruction,distributor_count,2.935358116002373
obs_8a6b05144a4bd5ef,PCA Reconstruction,new_customers,1.196573521840628
obs_8a6b05144a4bd5ef,PCA Reconstruction,simulated_actual_payout_peer_median,0.9738779510792516
obs_be5060a455d194a7,PCA Reconstruction,new_customers,7.156529198521176
obs_be5060a455d194a7,PCA Reconstruction,simulated_actual_payout_peer_median,1.4718308605240664
obs_be5060a455d194a7,PCA Reconstruction,distinct_customers_rolling_std,1.4084747482870281
obs_e75cea050177ef45,PCA Reconstruction,new_customers,4.801349840561842
obs_e75cea050177ef45,PCA Reconstruction,distributor_mix_change,1.9991162608830797
obs_e75cea050177ef45,PCA Reconstruction,distinct_customers_lag_2,1.9883664510024581
obs_29d4e7aacd1322d0,PCA Reconstruction,new_customers,8.542657187808153
obs_29d4e7aacd1322d0,PCA Reconstruction,distributor_mix_change,2.863314152953644
obs_29d4e7aacd1322d0,PCA Reconstruction,distributor_count,1.2976667779126272
obs_c7d3b769ce4896a8,PCA Reconstruction,simulated_actual_payout_team_relative,0.4839635998887262
obs_c7d3b769ce4896a8,PCA Reconstruction,simulated_payout_to_sales_ratio,0.47444415968977033
obs_c7d3b769ce4896a8,PCA Reconstruction,total_sales_history_deviation,0.35525624423463287
obs_9998d4f803eb4b0d,PCA Reconstruction,total_sales_rolling_mean_6,0.7698882224688152
obs_9998d4f803eb4b0d,PCA Reconstruction,simulated_actual_payout_rolling_MAD,0.29290956323126904
obs_9998d4f803eb4b0d,PCA Reconstruction,distributor_concentration,0.27029754815757184
obs_a7014d343fbf535b,PCA Reconstruction,distinct_customers_rolling_std,0.7488950343009662
obs_a7014d343fbf535b,PCA Reconstruction,simulated_actual_payout_rolling_mean_3,0.3240231622748799
obs_a7014d343fbf535b,PCA Reconstruction,customer_loss_rate,0.3134129627268668
obs_db3a5969cf6667b0,PCA Reconstruction,distinct_customers_history_deviation,0.7145853344179974
obs_db3a5969cf6667b0,PCA Reconstruction,distinct_customers_rolling_std,0.6218225339487027
obs_db3a5969cf6667b0,PCA Reconstruction,distinct_customers_rolling_MAD,0.5010758629381391
obs_6e480dc7648c9b09,PCA Reconstruction,customer_loss_rate,0.48578582733863745
obs_6e480dc7648c9b09,PCA Reconstruction,total_quantity_lag_2,0.48170121214491823
obs_6e480dc7648c9b09,PCA Reconstruction,total_quantity_lag_3,0.46987652567632965
obs_94097bebe7d07fad,PCA Reconstruction,product_breadth_change,0.6566132532624647
obs_94097bebe7d07fad,PCA Reconstruction,total_quantity_lag_3,0.39710621465619667
obs_94097bebe7d07fad,PCA Reconstruction,total_quantity_lag_2,0.26276609976199755
obs_51dc75ed844c5afa,PCA Reconstruction,product_class_share,0.6478515250078168
obs_51dc75ed844c5afa,PCA Reconstruction,distributor_mix_change,0.3449756159414761
obs_51dc75ed844c5afa,PCA Reconstruction,customer_loss_rate,0.26063158234685124
obs_039c2328757fd2a3,PCA Reconstruction,representative_rank,0.2934511756871298
obs_039c2328757fd2a3,PCA Reconstruction,distinct_customers_rolling_MAD,0.23079376151083
obs_039c2328757fd2a3,PCA Reconstruction,product_breadth_change,0.22269251753955766
obs_9fde3129e39d2362,PCA Reconstruction,distributor_count,0.6785622461188251
obs_9fde3129e39d2362,PCA Reconstruction,subchannel_mix,0.4603851599941134
obs_9fde3129e39d2362,PCA Reconstruction,total_quantity_lag_2,0.2929341031478088
obs_c50b1f5354dee310,PCA Reconstruction,distributor_count,0.333102773139765
obs_c50b1f5354dee310,PCA Reconstruction,total_sales_trend,0.24753655155306703
obs_c50b1f5354dee310,PCA Reconstruction,total_quantity_trend,0.22976569123146023
obs_83b9ae5947472f93,PCA Reconstruction,distributor_count,0.3230816228789693
obs_83b9ae5947472f93,PCA Reconstruction,total_quantity_peer_percentile,0.30543104220900974
obs_83b9ae5947472f93,PCA Reconstruction,product_breadth_change,0.2848201295133949
obs_165738616ce99974,PCA Reconstruction,distributor_concentration,0.23680476944596848
obs_165738616ce99974,PCA Reconstruction,distinct_customers_team_relative,0.22227168170709688
obs_165738616ce99974,PCA Reconstruction,subchannel_mix,0.20135922468967402
obs_c46ec21ed4c28830,PCA Reconstruction,simulated_actual_payout_lag_12,1.2324148462504456
obs_c46ec21ed4c28830,PCA Reconstruction,dominant_product_share,0.3008360592511141
obs_c46ec21ed4c28830,PCA Reconstruction,product_class_share,0.28425266581482556
obs_be6752169fc32a9b,PCA Reconstruction,simulated_actual_payout_year_over_year_growth,0.6841730256010671
obs_be6752169fc32a9b,PCA Reconstruction,simulated_actual_payout_lag_12,0.41510673844105445
obs_be6752169fc32a9b,PCA Reconstruction,simulated_actual_payout_history_deviation,0.40287700815771005
obs_c47b80c362e28157,PCA Reconstruction,distinct_customers_team_relative,0.6134110169611487
obs_c47b80c362e28157,PCA Reconstruction,total_sales_year_over_year_growth,0.5538333609420515
obs_c47b80c362e28157,PCA Reconstruction,simulated_actual_payout_year_over_year_growth,0.4194841122431122
obs_e7f83c2dbc3643cb,PCA Reconstruction,distributor_mix_change,0.5235708472157055
obs_e7f83c2dbc3643cb,PCA Reconstruction,new_customers,0.4224720858191455
obs_e7f83c2dbc3643cb,PCA Reconstruction,country_mix,0.37433756482003633
obs_c3a34f040bf7e3a1,PCA Reconstruction,distributor_concentration,0.3873037646659474
obs_c3a34f040bf7e3a1,PCA Reconstruction,simulated_actual_payout_peer_z,0.2042058718986309
obs_c3a34f040bf7e3a1,PCA Reconstruction,total_quantity_rolling_median,0.20067701912282654
obs_3e8793c64b8fe8b6,PCA Reconstruction,product_mix_change,0.6162926322895924
obs_3e8793c64b8fe8b6,PCA Reconstruction,product_class_share,0.5137417686254906
obs_3e8793c64b8fe8b6,PCA Reconstruction,rank_change,0.41738687100302857
obs_7b4a92fb0b39fc24,PCA Reconstruction,new_customers,0.8262188216433903
obs_7b4a92fb0b39fc24,PCA Reconstruction,rank_change,0.5697220918492165
obs_7b4a92fb0b39fc24,PCA Reconstruction,total_quantity_lag_12,0.49940040026014665
obs_6323cb430e6a9ff7,PCA Reconstruction,simulated_actual_payout_year_over_year_growth,1.0854722939340626
obs_6323cb430e6a9ff7,PCA Reconstruction,distributor_mix_change,0.5781553593982759
obs_6323cb430e6a9ff7,PCA Reconstruction,simulated_actual_payout_lag_12,0.48399012658837404
obs_780ee4c2e8543d69,PCA Reconstruction,simulated_actual_payout_year_over_year_growth,0.9148559554707781
obs_780ee4c2e8543d69,PCA Reconstruction,new_customers,0.8187646435636374
obs_780ee4c2e8543d69,PCA Reconstruction,total_sales_lag_12,0.6052186630831592
obs_f6a416351ea5a816,PCA Reconstruction,new_customers,1.7041187341313397
obs_f6a416351ea5a816,PCA Reconstruction,product_mix_change,1.0141820575286757
obs_f6a416351ea5a816,PCA Reconstruction,simulated_actual_payout_lag_12,0.7876881708148951
obs_865b95d23116c43a,PCA Reconstruction,new_customers,1.7931934314471993
obs_865b95d23116c43a,PCA Reconstruction,product_breadth_change,1.3661218710124612
obs_865b95d23116c43a,PCA Reconstruction,product_class_share,0.4715627492333728
obs_fe531257d8203eff,PCA Reconstruction,new_customers,7.502773052502621
obs_fe531257d8203eff,PCA Reconstruction,simulated_actual_payout_rolling_mean_6,0.5882370620430893
obs_fe531257d8203eff,PCA Reconstruction,simulated_actual_payout_lag_12,0.5598538883331907
obs_437956653bdaac46,PCA Reconstruction,new_customers,2.527253321034595
obs_437956653bdaac46,PCA Reconstruction,distributor_mix_change,0.804658074742134
obs_437956653bdaac46,PCA Reconstruction,distributor_count,0.7039034704696322
obs_2d794f00d18f54c4,PCA Reconstruction,new_customers,7.290213419629368
obs_2d794f00d18f54c4,PCA Reconstruction,distinct_customers_rolling_std,2.0583056821119725
obs_2d794f00d18f54c4,PCA Reconstruction,distinct_customers_rolling_MAD,0.8563803625378809
obs_434a8af6c193eb1f,PCA Reconstruction,distributor_count,2.8105523367445593
obs_434a8af6c193eb1f,PCA Reconstruction,distinct_customers_rolling_std,1.5147692008785818
obs_434a8af6c193eb1f,PCA Reconstruction,distinct_customers_lag_2,0.8284267366985482
obs_0d031e070c441b8c,PCA Reconstruction,new_customers,6.770705419587554
obs_0d031e070c441b8c,PCA Reconstruction,distinct_customers_rolling_std,1.7837643074821874
obs_0d031e070c441b8c,PCA Reconstruction,distributor_count,1.4005838800730113
obs_f59d8b8ded76d0de,PCA Reconstruction,simulated_payout_to_sales_ratio,1.5928653810402085
obs_f59d8b8ded76d0de,PCA Reconstruction,customer_loss_rate,1.1088233518538755
obs_f59d8b8ded76d0de,PCA Reconstruction,distributor_concentration,0.7569665256386621
obs_6acfb85d3311cd62,PCA Reconstruction,total_quantity_rolling_mean_6,1.2121762828961462
obs_6acfb85d3311cd62,PCA Reconstruction,total_quantity_lag_2,0.7386767798785152
obs_6acfb85d3311cd62,PCA Reconstruction,subchannel_mix,0.6046175961052982
obs_28f5d0164fb489d7,PCA Reconstruction,simulated_actual_payout_rolling_std,1.4188464265405052
obs_28f5d0164fb489d7,PCA Reconstruction,total_quantity_lag_2,0.840884259046373
obs_28f5d0164fb489d7,PCA Reconstruction,distributor_concentration,0.7144072188708296
obs_971d0aad1d87d250,PCA Reconstruction,simulated_actual_payout_rolling_MAD,2.0156831906813037
obs_971d0aad1d87d250,PCA Reconstruction,simulated_actual_payout_lag_3,1.3738591221112557
obs_971d0aad1d87d250,PCA Reconstruction,total_sales_trend,1.1407688604799189
obs_e03d7f66d346c839,PCA Reconstruction,distributor_concentration,0.7472888907136825
obs_e03d7f66d346c839,PCA Reconstruction,simulated_actual_payout_rolling_median,0.3588118285160464
obs_e03d7f66d346c839,PCA Reconstruction,simulated_actual_payout_history_deviation,0.27836882351007547
obs_a522d03a8c5f2b4b,PCA Reconstruction,total_sales_rolling_median,0.4059806525621422
obs_a522d03a8c5f2b4b,PCA Reconstruction,simulated_actual_payout_lag_2,0.4015217710682186
obs_a522d03a8c5f2b4b,PCA Reconstruction,distributor_concentration,0.32695037641996316
obs_dfc482fa9dc557f5,PCA Reconstruction,simulated_actual_payout_trend,0.4734195485842054
obs_dfc482fa9dc557f5,PCA Reconstruction,simulated_actual_payout_history_deviation,0.24947034996352518
obs_dfc482fa9dc557f5,PCA Reconstruction,total_sales_rolling_MAD,0.2197406758348505
obs_bc89b5e815f61b20,PCA Reconstruction,product_mix_change,0.6192919252757312
obs_bc89b5e815f61b20,PCA Reconstruction,simulated_actual_payout_team_relative,0.2573623523849666
obs_bc89b5e815f61b20,PCA Reconstruction,simulated_actual_payout_rolling_MAD,0.20887178749127908
obs_fc6c6e4cb6c6408b,PCA Reconstruction,subchannel_mix,0.7965012646830691
obs_fc6c6e4cb6c6408b,PCA Reconstruction,channel_mix,0.45922349377156585
obs_fc6c6e4cb6c6408b,PCA Reconstruction,distributor_count,0.2955371373293779
obs_c4b8f427388f2073,PCA Reconstruction,simulated_actual_payout_trend,0.345251358259381
obs_c4b8f427388f2073,PCA Reconstruction,distributor_mix_change,0.16506254598139888
obs_c4b8f427388f2073,PCA Reconstruction,total_quantity_peer_percentile,0.1566051681457611
obs_c2f75088b2cf61c3,PCA Reconstruction,product_mix_change,1.1312392257562582
obs_c2f75088b2cf61c3,PCA Reconstruction,distributor_concentration,0.5722736925924068
obs_c2f75088b2cf61c3,PCA Reconstruction,distinct_customers_rolling_MAD,0.4101197957430556
obs_1dd563122c36a4cc,PCA Reconstruction,representative_rank,0.7840676753191098
obs_1dd563122c36a4cc,PCA Reconstruction,dominant_product_share,0.4197604014554044
obs_1dd563122c36a4cc,PCA Reconstruction,total_quantity_peer_percentile,0.3913878265819103
obs_f6e5f3b1455aecab,PCA Reconstruction,total_quantity_lag_3,0.7088358983075229
obs_f6e5f3b1455aecab,PCA Reconstruction,country_mix,0.4560800895027391
obs_f6e5f3b1455aecab,PCA Reconstruction,total_quantity_lag_12,0.40644429601789317
obs_f9dddcc836ab162b,PCA Reconstruction,total_quantity_lag_2,0.8478082094597763
obs_f9dddcc836ab162b,PCA Reconstruction,distinct_customers_lag_2,0.3625296158615709
obs_f9dddcc836ab162b,PCA Reconstruction,total_quantity_rolling_std,0.3016607018140454
obs_aaf4356fdfef9538,PCA Reconstruction,simulated_actual_payout_history_deviation,1.5883225647556491
obs_aaf4356fdfef9538,PCA Reconstruction,simulated_actual_payout_rolling_MAD,0.4160207808234501
obs_aaf4356fdfef9538,PCA Reconstruction,distinct_customers_rolling_MAD,0.39873396321679094
obs_27b985fccd305872,PCA Reconstruction,product_breadth_change,0.4582500340093124
obs_27b985fccd305872,PCA Reconstruction,country_mix,0.4134159977899336
obs_27b985fccd305872,PCA Reconstruction,simulated_actual_payout_lag_12,0.37360743458582063
obs_3666de587fdfd7bb,PCA Reconstruction,simulated_actual_payout_lag_12,0.546507292570026
obs_3666de587fdfd7bb,PCA Reconstruction,distributor_mix_change,0.4943417980110013
obs_3666de587fdfd7bb,PCA Reconstruction,simulated_actual_payout_year_over_year_growth,0.3747946081795608
obs_e4c2855d5fcbf458,PCA Reconstruction,total_quantity_peer_median,0.29387123783341856
obs_e4c2855d5fcbf458,PCA Reconstruction,simulated_actual_payout_lag_12,0.2922058537242402
obs_e4c2855d5fcbf458,PCA Reconstruction,product_mix_change,0.2884778178133788
obs_5bb52d909b6d58f7,PCA Reconstruction,new_customers,0.87163506242872
obs_5bb52d909b6d58f7,PCA Reconstruction,total_quantity_year_over_year_growth,0.6689423737682906
obs_5bb52d909b6d58f7,PCA Reconstruction,rank_change,0.4675504980682884
obs_d71673b68df05c45,PCA Reconstruction,total_quantity_rolling_std,0.5597234341478359
obs_d71673b68df05c45,PCA Reconstruction,new_customers,0.496617203899901
obs_d71673b68df05c45,PCA Reconstruction,total_sales_trend,0.29504228133184796
obs_8aae99145fca0de6,PCA Reconstruction,simulated_actual_payout_lag_12,0.7932329696528068
obs_8aae99145fca0de6,PCA Reconstruction,distinct_customers_rolling_std,0.7887353098716524
obs_8aae99145fca0de6,PCA Reconstruction,total_sales_rolling_std,0.5752088420084118
obs_86311734d2f92047,PCA Reconstruction,new_customers,0.903008942642507
obs_86311734d2f92047,PCA Reconstruction,simulated_actual_payout_year_over_year_growth,0.7969946716222754
obs_86311734d2f92047,PCA Reconstruction,distinct_products,0.49571667772524275
obs_a9e0ce9abccba836,PCA Reconstruction,new_customers,1.775402854760514
obs_a9e0ce9abccba836,PCA Reconstruction,distributor_mix_change,1.0571275847815513
obs_a9e0ce9abccba836,PCA Reconstruction,simulated_actual_payout_year_over_year_growth,0.8659107507804336
obs_333f4bb8bbab0ad5,PCA Reconstruction,new_customers,2.6993812275580695
obs_333f4bb8bbab0ad5,PCA Reconstruction,distributor_concentration,0.6070285618350892
obs_333f4bb8bbab0ad5,PCA Reconstruction,total_quantity_lag_12,0.5325772773438431
obs_2fa61f4345725ed9,PCA Reconstruction,distributor_count,1.8447758184206338
obs_2fa61f4345725ed9,PCA Reconstruction,new_customers,1.6087666819106665
obs_2fa61f4345725ed9,PCA Reconstruction,total_quantity_peer_median,1.1519990303321728
obs_c0c41142faac01a9,PCA Reconstruction,new_customers,3.2524028649787287
obs_c0c41142faac01a9,PCA Reconstruction,simulated_actual_payout_peer_median,1.3202290042038012
obs_c0c41142faac01a9,PCA Reconstruction,total_quantity_lag_2,0.9924014398257154
obs_a3c1436f4a4dc5f8,PCA Reconstruction,new_customers,3.7962122790261454
obs_a3c1436f4a4dc5f8,PCA Reconstruction,distributor_count,3.1108116987456516
obs_a3c1436f4a4dc5f8,PCA Reconstruction,simulated_actual_payout_year_over_year_growth,2.012482121639338
obs_a0202590016b807d,PCA Reconstruction,new_customers,5.6888705952655485
obs_a0202590016b807d,PCA Reconstruction,distinct_customers_rolling_std,2.3682552739346843
obs_a0202590016b807d,PCA Reconstruction,product_mix_change,1.284916674091455
obs_d53cb4ace9236f83,PCA Reconstruction,product_class_share,1.2127327041539135
obs_d53cb4ace9236f83,PCA Reconstruction,total_sales_history_deviation,1.1664518719238781
obs_d53cb4ace9236f83,PCA Reconstruction,total_sales_month_over_month_growth,0.9940685772609711
obs_30e309db14222915,PCA Reconstruction,total_sales_rolling_mean_6,3.334610015020378
obs_30e309db14222915,PCA Reconstruction,total_quantity_rolling_mean_6,2.11537483647812
obs_30e309db14222915,PCA Reconstruction,total_sales_rolling_std,1.9036546397094423
obs_07957e1a0eac75b4,PCA Reconstruction,product_breadth_change,2.8950465086497967
obs_07957e1a0eac75b4,PCA Reconstruction,total_sales_rolling_median,2.083487013004359
obs_07957e1a0eac75b4,PCA Reconstruction,simulated_actual_payout_rolling_median,0.8134547943780129
obs_fe612689724d1340,PCA Reconstruction,product_mix_change,2.1205628722175187
obs_fe612689724d1340,PCA Reconstruction,simulated_actual_payout_trend,1.1319479082366992
obs_fe612689724d1340,PCA Reconstruction,distinct_customers_rolling_MAD,1.0085912062054836
obs_29595e61142abe40,PCA Reconstruction,simulated_actual_payout_rolling_mean_6,0.8361863937055997
obs_29595e61142abe40,PCA Reconstruction,distributor_concentration,0.724641743762663
obs_29595e61142abe40,PCA Reconstruction,simulated_actual_payout_rolling_mean_3,0.6077483632387749
obs_c91e044a37b5e69d,PCA Reconstruction,representative_rank,0.8526763015693946
obs_c91e044a37b5e69d,PCA Reconstruction,total_sales_history_deviation,0.674285836049257
obs_c91e044a37b5e69d,PCA Reconstruction,simulated_actual_payout_rolling_mean_6,0.6402946733249946
obs_87db4f8b38f8c94e,PCA Reconstruction,simulated_actual_payout_lag_2,0.4982311578642252
obs_87db4f8b38f8c94e,PCA Reconstruction,product_mix_change,0.3479877836789423
obs_87db4f8b38f8c94e,PCA Reconstruction,simulated_actual_payout_rolling_median,0.32779494991231933
obs_f16961d69302cebb,PCA Reconstruction,distinct_customers_peer_percentile,0.7644906765986402
obs_f16961d69302cebb,PCA Reconstruction,distinct_customers_rolling_std,0.35085695442851783
obs_f16961d69302cebb,PCA Reconstruction,total_sales_history_deviation,0.2552359883814657
obs_156d27aa8e139ed2,PCA Reconstruction,total_sales_history_deviation,1.0150628953633953
obs_156d27aa8e139ed2,PCA Reconstruction,distributor_concentration,0.6667716540782003
obs_156d27aa8e139ed2,PCA Reconstruction,simulated_actual_payout_rolling_std,0.3481729542224825
obs_8f9269a751b0e534,PCA Reconstruction,total_sales_peer_z,0.5914775069754595
obs_8f9269a751b0e534,PCA Reconstruction,distributor_count,0.4181353900756972
obs_8f9269a751b0e534,PCA Reconstruction,simulated_actual_payout_peer_percentile,0.39047276606962367
obs_56d3f10b1af993c2,PCA Reconstruction,distinct_customers_rolling_std,0.4849055653262462
obs_56d3f10b1af993c2,PCA Reconstruction,product_breadth_change,0.2175034704359933
obs_56d3f10b1af993c2,PCA Reconstruction,distributor_mix_change,0.1500790563501567
obs_aca0ed8ccec6b7d0,PCA Reconstruction,distinct_customers_rolling_std,0.2603653002954092
obs_aca0ed8ccec6b7d0,PCA Reconstruction,product_mix_change,0.25258485472613057
obs_aca0ed8ccec6b7d0,PCA Reconstruction,distributor_mix_change,0.2502552741442608
obs_6cba36a785573028,PCA Reconstruction,simulated_actual_payout_lag_12,2.764529291085114
obs_6cba36a785573028,PCA Reconstruction,total_sales_lag_12,0.33863849232957566
obs_6cba36a785573028,PCA Reconstruction,total_quantity_peer_percentile,0.27149174803874165
obs_0e6867b30abbbb6d,PCA Reconstruction,simulated_actual_payout_year_over_year_growth,2.2644854730897968
obs_0e6867b30abbbb6d,PCA Reconstruction,simulated_actual_payout_lag_12,1.4710658982752916
obs_0e6867b30abbbb6d,PCA Reconstruction,total_quantity_acceleration,0.6723573556149466
obs_ec6848bc3eeb9290,PCA Reconstruction,simulated_actual_payout_year_over_year_growth,1.6386942909800262
obs_ec6848bc3eeb9290,PCA Reconstruction,simulated_actual_payout_lag_12,1.3107625568059114
obs_ec6848bc3eeb9290,PCA Reconstruction,total_quantity_lag_2,0.6614880260937446
obs_45e4034a8c7912c1,PCA Reconstruction,rank_change,0.3912138387372668
obs_45e4034a8c7912c1,PCA Reconstruction,simulated_actual_payout_lag_2,0.30592072347061955
obs_45e4034a8c7912c1,PCA Reconstruction,simulated_actual_payout_lag_12,0.2751205036547949
obs_f5c4e2bdd922a7e0,PCA Reconstruction,distributor_mix_change,0.41482636933670275
obs_f5c4e2bdd922a7e0,PCA Reconstruction,channel_mix,0.3501981335010362
obs_f5c4e2bdd922a7e0,PCA Reconstruction,total_quantity_acceleration,0.26208252714027147
obs_31f83a704a4c4b2b,PCA Reconstruction,simulated_actual_payout_peer_median,0.16440393893614813
obs_31f83a704a4c4b2b,PCA Reconstruction,total_sales_rolling_mean_3,0.16211818970035505
obs_31f83a704a4c4b2b,PCA Reconstruction,total_quantity_year_over_year_growth,0.15997935303672153
obs_e8251079bd54c73c,PCA Reconstruction,distinct_customers_rolling_std,1.3170450943798861
obs_e8251079bd54c73c,PCA Reconstruction,country_mix,0.632748733163427
obs_e8251079bd54c73c,PCA Reconstruction,simulated_actual_payout_lag_12,0.47360359590126666
obs_80a3e86ffb4cbc10,PCA Reconstruction,total_quantity_lag_2,0.4543148395429368
obs_80a3e86ffb4cbc10,PCA Reconstruction,distinct_customers_team_relative,0.44856306631103715
obs_80a3e86ffb4cbc10,PCA Reconstruction,rank_change,0.44531155069720696
obs_14d6c35ff70d6bd8,PCA Reconstruction,rank_change,0.8526023551479622
obs_14d6c35ff70d6bd8,PCA Reconstruction,simulated_actual_payout_peer_z,0.8305586760144714
obs_14d6c35ff70d6bd8,PCA Reconstruction,country_mix,0.8163386185757647
obs_fdbdb8a5536848d3,PCA Reconstruction,new_customers,1.3174608312721747
obs_fdbdb8a5536848d3,PCA Reconstruction,simulated_actual_payout_lag_12,1.1535354986529693
obs_fdbdb8a5536848d3,PCA Reconstruction,simulated_actual_payout_year_over_year_growth,1.0175641315120745
obs_a37aac9eec58d20b,PCA Reconstruction,new_customers,0.8136424588816522
obs_a37aac9eec58d20b,PCA Reconstruction,total_quantity_team_relative,0.5568017646332782
obs_a37aac9eec58d20b,PCA Reconstruction,representative_rank,0.4744937314918694
obs_a09e94fa2819bdb6,PCA Reconstruction,new_customers,1.422104530449215
obs_a09e94fa2819bdb6,PCA Reconstruction,country_mix,0.8829509536597739
obs_a09e94fa2819bdb6,PCA Reconstruction,product_breadth_change,0.7004456115013078
obs_a4603a2098b015b4,PCA Reconstruction,total_quantity,1.9739694981676574
obs_a4603a2098b015b4,PCA Reconstruction,distinct_customers_history_deviation,1.463514373960954
obs_a4603a2098b015b4,PCA Reconstruction,customer_loss_rate,1.2873309681254186
obs_c02e50578eb8d285,PCA Reconstruction,new_customers,2.0627803381332543
obs_c02e50578eb8d285,PCA Reconstruction,distinct_customers_rolling_std,1.687873503823644
obs_c02e50578eb8d285,PCA Reconstruction,total_quantity_month_over_month_growth,1.6436991193677084
obs_ae8abdc367a19bf1,PCA Reconstruction,new_customers,2.6089402680869096
obs_ae8abdc367a19bf1,PCA Reconstruction,distributor_count,2.4981698564981376
obs_ae8abdc367a19bf1,PCA Reconstruction,distinct_customers_lag_2,2.4033677984701054
obs_6fc50b42eec9e24f,PCA Reconstruction,new_customers,6.271990540706255
obs_6fc50b42eec9e24f,PCA Reconstruction,distributor_mix_change,2.2327528830458947
obs_6fc50b42eec9e24f,PCA Reconstruction,distinct_customers_lag_2,2.1407870883523645
obs_bda9ae5cd003c988,PCA Reconstruction,distributor_count,0.5676042305511299
obs_bda9ae5cd003c988,PCA Reconstruction,product_class_share,0.3059460433604179
obs_bda9ae5cd003c988,PCA Reconstruction,median_price,0.22484005096946338
obs_271a46d26d667d12,PCA Reconstruction,distinct_customers_history_deviation,0.8334969656774296
obs_271a46d26d667d12,PCA Reconstruction,product_class_share,0.42198692390356807
obs_271a46d26d667d12,PCA Reconstruction,distinct_customers_acceleration,0.30325767903032935
obs_29af730dcb5934b5,PCA Reconstruction,distinct_customers_lag_3,0.35179690043158207
obs_29af730dcb5934b5,PCA Reconstruction,distinct_customers_rolling_std,0.340285403803462
obs_29af730dcb5934b5,PCA Reconstruction,distributor_mix_change,0.31469987588988146
obs_b941a9451a1dd3ee,PCA Reconstruction,distinct_customers_peer_percentile,0.38391621915578034
obs_b941a9451a1dd3ee,PCA Reconstruction,customer_loss_rate,0.38316079152447263
obs_b941a9451a1dd3ee,PCA Reconstruction,product_breadth_change,0.3396018759114378
obs_7fd702d77fabc354,PCA Reconstruction,product_mix_change,0.5299179875075962
obs_7fd702d77fabc354,PCA Reconstruction,total_sales_rolling_std,0.4540131029339981
obs_7fd702d77fabc354,PCA Reconstruction,subchannel_mix,0.4288536863398588
obs_f0369a5723e05d91,PCA Reconstruction,distributor_concentration,0.5965769637493302
obs_f0369a5723e05d91,PCA Reconstruction,customer_loss_rate,0.568644303195227
obs_f0369a5723e05d91,PCA Reconstruction,distinct_customers_rolling_std,0.45772958855120904
obs_9ee27a6297fa7cd5,PCA Reconstruction,total_quantity_trend,0.3662948075639332
obs_9ee27a6297fa7cd5,PCA Reconstruction,product_mix_change,0.36586257530230165
obs_9ee27a6297fa7cd5,PCA Reconstruction,distinct_customers_rolling_MAD,0.28413658524028845
obs_74764a3dd73bb4d9,PCA Reconstruction,distinct_customers_history_deviation,0.2592045775830857
obs_74764a3dd73bb4d9,PCA Reconstruction,total_quantity_peer_percentile,0.2232669495430979
obs_74764a3dd73bb4d9,PCA Reconstruction,distributor_mix_change,0.20132345016875716
obs_15046b2d2f85b636,PCA Reconstruction,distinct_customers_peer_percentile,0.24207590866979128
obs_15046b2d2f85b636,PCA Reconstruction,simulated_actual_payout_rolling_MAD,0.20322167728056825
obs_15046b2d2f85b636,PCA Reconstruction,total_quantity_lag_3,0.1542738579071841
obs_827506a58afc0d33,PCA Reconstruction,distributor_count,0.4097027860310642
obs_827506a58afc0d33,PCA Reconstruction,distributor_mix_change,0.27755659536314436
obs_827506a58afc0d33,PCA Reconstruction,simulated_actual_payout_acceleration,0.23096302316168638
obs_ddcfb406be3bbef5,PCA Reconstruction,distributor_mix_change,0.8883858945447882
obs_ddcfb406be3bbef5,PCA Reconstruction,distributor_count,0.69156775255089
obs_ddcfb406be3bbef5,PCA Reconstruction,simulated_actual_payout_team_relative,0.22698585765729684
obs_9ac16145a4603183,PCA Reconstruction,distinct_customers_lag_2,0.4872882616896776
obs_9ac16145a4603183,PCA Reconstruction,simulated_actual_payout_lag_12,0.3110149655912219
obs_9ac16145a4603183,PCA Reconstruction,total_quantity_peer_median,0.2581816960310014
obs_c143012a3c7d3e23,PCA Reconstruction,product_breadth_change,0.6016785866926332
obs_c143012a3c7d3e23,PCA Reconstruction,average_price,0.44906684317017176
obs_c143012a3c7d3e23,PCA Reconstruction,product_mix_change,0.4270463713464646
obs_5f9306c678a2af05,PCA Reconstruction,total_quantity_lag_3,0.4749466402495281
obs_5f9306c678a2af05,PCA Reconstruction,distinct_customers_lag_2,0.3530305083703803
obs_5f9306c678a2af05,PCA Reconstruction,product_mix_change,0.2730066470557359
obs_6b6ae26a93859b80,PCA Reconstruction,distinct_customers_rolling_median,0.8837469585430537
obs_6b6ae26a93859b80,PCA Reconstruction,product_mix_change,0.8806314803128305
obs_6b6ae26a93859b80,PCA Reconstruction,distinct_customers_history_deviation,0.8310734480373553
obs_bf158488277b06be,PCA Reconstruction,distributor_concentration,1.188683412364595
obs_bf158488277b06be,PCA Reconstruction,average_price,0.4281637908413333
obs_bf158488277b06be,PCA Reconstruction,simulated_actual_payout_lag_12,0.34378836941556573
obs_36f2f572c30b9ebd,PCA Reconstruction,distributor_mix_change,0.8526944433733109
obs_36f2f572c30b9ebd,PCA Reconstruction,new_customers,0.29080315671107454
obs_36f2f572c30b9ebd,PCA Reconstruction,distinct_customers_rolling_std,0.2520625684677353
obs_758ab165357f3fbe,PCA Reconstruction,product_mix_change,2.28974823213486
obs_758ab165357f3fbe,PCA Reconstruction,distributor_mix_change,0.9390186842550655
obs_758ab165357f3fbe,PCA Reconstruction,distinct_customers_rolling_MAD,0.7852827383622645
obs_79eb15ce7bc39cf5,PCA Reconstruction,distinct_customers_team_relative,0.5393717335482299
obs_79eb15ce7bc39cf5,PCA Reconstruction,new_customers,0.45556457105033493
obs_79eb15ce7bc39cf5,PCA Reconstruction,simulated_actual_payout_peer_median,0.42211608494735975
obs_f9f357a15a1d30b3,PCA Reconstruction,product_breadth_change,1.0499345176166297
obs_f9f357a15a1d30b3,PCA Reconstruction,distinct_customers_team_relative,0.5257713656025169
obs_f9f357a15a1d30b3,PCA Reconstruction,simulated_actual_payout_lag_12,0.482091876584794
obs_c3cf3cd3740cdfd3,PCA Reconstruction,new_customers,1.652138768506648
obs_c3cf3cd3740cdfd3,PCA Reconstruction,simulated_actual_payout_peer_median,1.0696965482047327
obs_c3cf3cd3740cdfd3,PCA Reconstruction,country_mix,0.8518837152416233
obs_27ff3c8d075ba86a,PCA Reconstruction,new_customers,1.2962748973277103
obs_27ff3c8d075ba86a,PCA Reconstruction,total_quantity_rolling_median,0.604721138147801
obs_27ff3c8d075ba86a,PCA Reconstruction,customer_loss_rate,0.601051304325056
obs_e008358a19621c85,PCA Reconstruction,new_customers,1.662570150208044
obs_e008358a19621c85,PCA Reconstruction,distinct_products,0.7550444549712649
obs_e008358a19621c85,PCA Reconstruction,average_price,0.6350399136986472
obs_f0314e62e3031f0c,PCA Reconstruction,total_sales_trend,0.49067388049351657
obs_f0314e62e3031f0c,PCA Reconstruction,simulated_actual_payout_peer_median,0.4582051611915707
obs_f0314e62e3031f0c,PCA Reconstruction,new_customers,0.443570365140095
obs_cb5f1207a1207b21,PCA Reconstruction,simulated_actual_payout_peer_median,0.919204229214252
obs_cb5f1207a1207b21,PCA Reconstruction,new_customers,0.8284532993082651
obs_cb5f1207a1207b21,PCA Reconstruction,distributor_count,0.6282091367890045
obs_b0d0ade04ca42c02,PCA Reconstruction,simulated_actual_payout_peer_median,1.3809642949901801
obs_b0d0ade04ca42c02,PCA Reconstruction,new_customers,1.3081740443659602
obs_b0d0ade04ca42c02,PCA Reconstruction,distinct_customers_year_over_year_growth,0.5803555924194825
obs_6d9eb6a98e6ce65e,PCA Reconstruction,distributor_count,3.4573716313984773
obs_6d9eb6a98e6ce65e,PCA Reconstruction,new_customers,2.1381821169908513
obs_6d9eb6a98e6ce65e,PCA Reconstruction,distributor_mix_change,1.7896364537637373
obs_f9b7ebabd09145e0,PCA Reconstruction,new_customers,1.5677371200717294
obs_f9b7ebabd09145e0,PCA Reconstruction,distributor_concentration,1.4079208609478477
obs_f9b7ebabd09145e0,PCA Reconstruction,distinct_customers_rolling_std,1.2518674181253262
obs_fdf88c2e4f1544de,PCA Reconstruction,product_class_share,0.3819992343452792
obs_fdf88c2e4f1544de,PCA Reconstruction,distributor_concentration,0.32481392691448385
obs_fdf88c2e4f1544de,PCA Reconstruction,distinct_products,0.16077136668576236
obs_d31eaeda39d0b201,PCA Reconstruction,distinct_customers_acceleration,0.40967884582205116
obs_d31eaeda39d0b201,PCA Reconstruction,subchannel_mix,0.39054700569185474
obs_d31eaeda39d0b201,PCA Reconstruction,distributor_concentration,0.3129286945306577
obs_03f44d5b4a20739c,PCA Reconstruction,product_breadth_change,0.2502407196907089
obs_03f44d5b4a20739c,PCA Reconstruction,total_quantity_lag_3,0.14743549893345897
obs_03f44d5b4a20739c,PCA Reconstruction,distinct_customers_acceleration,0.1463268918114826
obs_5f6edc7de04065f8,PCA Reconstruction,total_sales_rolling_MAD,0.6132414665849039
obs_5f6edc7de04065f8,PCA Reconstruction,total_sales_rolling_median,0.5231938489363477
obs_5f6edc7de04065f8,PCA Reconstruction,total_sales_history_deviation,0.4312894288888589
obs_2ef5e8a43e4fc8a4,PCA Reconstruction,product_class_share,0.6790277330319203
obs_2ef5e8a43e4fc8a4,PCA Reconstruction,distributor_mix_change,0.6217285507358246
obs_2ef5e8a43e4fc8a4,PCA Reconstruction,distinct_customers_team_relative,0.4601130093997897
obs_d1d278704aeda347,PCA Reconstruction,total_sales_history_deviation,0.31753733690761576
obs_d1d278704aeda347,PCA Reconstruction,distinct_customers_history_deviation,0.2860871537181017
obs_d1d278704aeda347,PCA Reconstruction,distinct_customers_lag_2,0.21360076552671445
obs_f59085eb20e60d62,PCA Reconstruction,product_mix_change,0.2680886800950537
obs_f59085eb20e60d62,PCA Reconstruction,distributor_count,0.24471662164945568
obs_f59085eb20e60d62,PCA Reconstruction,channel_mix,0.19469258981013665
obs_898919677b598cdb,PCA Reconstruction,subchannel_mix,0.7666007293778289
obs_898919677b598cdb,PCA Reconstruction,simulated_actual_payout_team_relative,0.29965062593361214
obs_898919677b598cdb,PCA Reconstruction,dominant_product_share,0.24165333459577693
obs_bbf6c37af35e8fa5,PCA Reconstruction,distributor_mix_change,0.7180683650973028
obs_bbf6c37af35e8fa5,PCA Reconstruction,distinct_customers_history_deviation,0.39002475786018964
obs_bbf6c37af35e8fa5,PCA Reconstruction,distributor_concentration,0.3092958395627975
obs_a0cafc24c286c5a3,PCA Reconstruction,rank_change,0.2680048643048141
obs_a0cafc24c286c5a3,PCA Reconstruction,average_price,0.18912357995539464
obs_a0cafc24c286c5a3,PCA Reconstruction,distinct_customers_team_relative,0.16120822273550645
obs_a13a6f78c9a23b37,PCA Reconstruction,distributor_concentration,0.2979271972225687
obs_a13a6f78c9a23b37,PCA Reconstruction,rank_change,0.20661688418417584
obs_a13a6f78c9a23b37,PCA Reconstruction,distributor_mix_change,0.20214872206329415
obs_5413499f6550af82,PCA Reconstruction,distinct_customers_team_relative,0.20563672157752924
obs_5413499f6550af82,PCA Reconstruction,rank_change,0.17367408777461718
obs_5413499f6550af82,PCA Reconstruction,dominant_product_share,0.15468719053790225
obs_ba72091ed4fc516f,PCA Reconstruction,customer_loss_rate,0.6148681194317706
obs_ba72091ed4fc516f,PCA Reconstruction,product_mix_change,0.38624319739272395
obs_ba72091ed4fc516f,PCA Reconstruction,distinct_customers_lag_2,0.3456026425140743
obs_2ced491060bc0e02,PCA Reconstruction,simulated_actual_payout_history_deviation,0.6113633587101777
obs_2ced491060bc0e02,PCA Reconstruction,distinct_customers_lag_2,0.43194428396821444
obs_2ced491060bc0e02,PCA Reconstruction,simulated_actual_payout_rolling_MAD,0.42905644959099165
obs_2b72eba85df8a400,PCA Reconstruction,simulated_actual_payout_rolling_std,0.5529908433010258
obs_2b72eba85df8a400,PCA Reconstruction,simulated_actual_payout_rolling_median,0.5151568763366237
obs_2b72eba85df8a400,PCA Reconstruction,simulated_actual_payout_history_deviation,0.2274700704906512
obs_687e9a16ccb18a71,PCA Reconstruction,product_class_share,0.7597829888073776
obs_687e9a16ccb18a71,PCA Reconstruction,product_mix_change,0.3634456132572958
obs_687e9a16ccb18a71,PCA Reconstruction,simulated_actual_payout_history_deviation,0.34990681128090456
obs_25be00379e2cd9c1,PCA Reconstruction,simulated_actual_payout_history_deviation,0.9074234158570854
obs_25be00379e2cd9c1,PCA Reconstruction,product_breadth_change,0.9042673578561169
obs_25be00379e2cd9c1,PCA Reconstruction,distributor_mix_change,0.6267900866053598
obs_9c9817d8c98930a9,PCA Reconstruction,product_mix_change,0.4138239601037647
obs_9c9817d8c98930a9,PCA Reconstruction,simulated_actual_payout_peer_median,0.4126351965725503
obs_9c9817d8c98930a9,PCA Reconstruction,distinct_customers_lag_2,0.3338878387631932
obs_57f00a19cab0d769,PCA Reconstruction,distributor_concentration,1.7510333257747293
obs_57f00a19cab0d769,PCA Reconstruction,simulated_actual_payout_year_over_year_growth,1.3605413169909775
obs_57f00a19cab0d769,PCA Reconstruction,simulated_actual_payout_lag_12,0.6657366268099216
obs_12b72c9640d22d65,PCA Reconstruction,new_customers,1.105780654991869
obs_12b72c9640d22d65,PCA Reconstruction,product_class_share,0.34172419094003637
obs_12b72c9640d22d65,PCA Reconstruction,simulated_actual_payout_lag_2,0.321322721571488
obs_1366e77458f74fd4,PCA Reconstruction,simulated_actual_payout_year_over_year_growth,0.9490383561393484
obs_1366e77458f74fd4,PCA Reconstruction,distinct_customers_team_relative,0.5481174802294378
obs_1366e77458f74fd4,PCA Reconstruction,new_customers,0.45602000450822133
obs_540588694e9cdd91,PCA Reconstruction,distinct_customers_team_relative,0.4948216196977862
obs_540588694e9cdd91,PCA Reconstruction,country_mix,0.43753526623158595
obs_540588694e9cdd91,PCA Reconstruction,distinct_customers_rolling_MAD,0.40675787125594853
obs_31a004ba64edc6bd,PCA Reconstruction,distributor_mix_change,2.6984934218076098
obs_31a004ba64edc6bd,PCA Reconstruction,distinct_customers_team_relative,0.847815708651513
obs_31a004ba64edc6bd,PCA Reconstruction,new_customers,0.7729718432801089
obs_2031544166a18f49,PCA Reconstruction,new_customers,6.147002140737564
obs_2031544166a18f49,PCA Reconstruction,country_mix,0.8011623466642317
obs_2031544166a18f49,PCA Reconstruction,simulated_actual_payout_rolling_mean_6,0.43801890011874606
obs_1440a4b8b224df45,PCA Reconstruction,new_customers,2.4838777934507026
obs_1440a4b8b224df45,PCA Reconstruction,distributor_count,1.8052121015087315
obs_1440a4b8b224df45,PCA Reconstruction,simulated_actual_payout_peer_median,0.8068940562485328
obs_505c2d519359e370,PCA Reconstruction,simulated_actual_payout_peer_median,2.305651411059675
obs_505c2d519359e370,PCA Reconstruction,distinct_customers_rolling_std,1.0906090304218319
obs_505c2d519359e370,PCA Reconstruction,new_customers,0.8225968594154611
obs_e4f9db585bca2fe8,PCA Reconstruction,new_customers,4.841337312454974
obs_e4f9db585bca2fe8,PCA Reconstruction,product_breadth_change,2.5959746447795222
obs_e4f9db585bca2fe8,PCA Reconstruction,distributor_count,2.3585750964691186
obs_013dfe8d1044aceb,PCA Reconstruction,new_customers,2.190004127500306
obs_013dfe8d1044aceb,PCA Reconstruction,distinct_customers_rolling_std,1.401075559304661
obs_013dfe8d1044aceb,PCA Reconstruction,distributor_mix_change,1.2780916028920044
obs_ea119cd8b582a91a,PCA Reconstruction,subchannel_mix,0.6586866646367178
obs_ea119cd8b582a91a,PCA Reconstruction,channel_mix,0.4997518174354065
obs_ea119cd8b582a91a,PCA Reconstruction,customer_loss_rate,0.18842203825257126
obs_29e6404898639c43,PCA Reconstruction,total_sales_rolling_median,0.3439987644732353
obs_29e6404898639c43,PCA Reconstruction,total_quantity_rolling_median,0.3308786819579535
obs_29e6404898639c43,PCA Reconstruction,total_quantity_history_deviation,0.28435453383184567
obs_3c46ed10a05688e5,PCA Reconstruction,distinct_customers_rolling_std,0.8183894818507684
obs_3c46ed10a05688e5,PCA Reconstruction,total_quantity_lag_3,0.548857240223634
obs_3c46ed10a05688e5,PCA Reconstruction,product_breadth_change,0.5306157055940696
obs_bb4bd199498fac5e,PCA Reconstruction,distinct_customers_rolling_std,0.728646012334684
obs_bb4bd199498fac5e,PCA Reconstruction,distributor_count,0.6100823018082373
obs_bb4bd199498fac5e,PCA Reconstruction,distinct_customers_history_deviation,0.35215597190032194
obs_e9ac9fd753c35046,PCA Reconstruction,product_breadth_change,0.5868261240382794
obs_e9ac9fd753c35046,PCA Reconstruction,total_sales_peer_percentile,0.25324886097542076
obs_e9ac9fd753c35046,PCA Reconstruction,simulated_target_attainment_pct,0.14481652978309806
obs_a5ec35f7cd908c51,PCA Reconstruction,distributor_concentration,0.323585369303275
obs_a5ec35f7cd908c51,PCA Reconstruction,total_quantity_history_deviation,0.2772732898935262
obs_a5ec35f7cd908c51,PCA Reconstruction,simulated_actual_payout_lag_12,0.2230646695585295
obs_79f025bb263690b4,PCA Reconstruction,product_class_share,0.35895345702569104
obs_79f025bb263690b4,PCA Reconstruction,simulated_actual_payout_acceleration,0.28136745957141945
obs_79f025bb263690b4,PCA Reconstruction,distributor_concentration,0.2447770861014318
obs_1f844b72e5f364c8,PCA Reconstruction,product_mix_change,1.2632986314638786
obs_1f844b72e5f364c8,PCA Reconstruction,product_breadth_change,0.8036891683890045
obs_1f844b72e5f364c8,PCA Reconstruction,simulated_actual_payout_trend,0.7041556287781664
obs_c89e98db60cfa754,PCA Reconstruction,simulated_actual_payout_lag_2,0.3696351138483865
obs_c89e98db60cfa754,PCA Reconstruction,product_breadth_change,0.1819278097210391
obs_c89e98db60cfa754,PCA Reconstruction,total_sales_peer_percentile,0.15926265922090638
obs_41423822fd53cf18,PCA Reconstruction,simulated_actual_payout_history_deviation,0.24226259527001687
obs_41423822fd53cf18,PCA Reconstruction,subchannel_mix,0.22233160145697276
obs_41423822fd53cf18,PCA Reconstruction,channel_mix,0.18400900353344393
obs_98574d9990103b33,PCA Reconstruction,customer_loss_rate,0.35310029285811495
obs_98574d9990103b33,PCA Reconstruction,distinct_customers_rolling_std,0.34796816742516856
obs_98574d9990103b33,PCA Reconstruction,distributor_count,0.25843685324003474
obs_0d63ec705e2fafe9,PCA Reconstruction,customer_loss_rate,1.2773986878670849
obs_0d63ec705e2fafe9,PCA Reconstruction,product_mix_change,1.2501863026691917
obs_0d63ec705e2fafe9,PCA Reconstruction,new_customers,0.493586955447499
obs_6e033e03991c566a,PCA Reconstruction,product_breadth_change,0.5616937143412363
obs_6e033e03991c566a,PCA Reconstruction,simulated_actual_payout_lag_12,0.4214898019838363
obs_6e033e03991c566a,PCA Reconstruction,distributor_concentration,0.399564158546835
obs_1da0dd151ad70305,PCA Reconstruction,distinct_customers_rolling_std,0.5191858267390186
obs_1da0dd151ad70305,PCA Reconstruction,simulated_actual_payout_history_deviation,0.3836439469997034
obs_1da0dd151ad70305,PCA Reconstruction,product_mix_change,0.3366359445414638
obs_5a676355300925de,PCA Reconstruction,product_mix_change,0.4141630783509673
obs_5a676355300925de,PCA Reconstruction,total_quantity_lag_2,0.22568422058344398
obs_5a676355300925de,PCA Reconstruction,distributor_mix_change,0.20184069858337114
obs_030647de3fbd3ed3,PCA Reconstruction,simulated_actual_payout_lag_12,0.3551448518019225
obs_030647de3fbd3ed3,PCA Reconstruction,total_sales_peer_percentile,0.30955986363731575
obs_030647de3fbd3ed3,PCA Reconstruction,simulated_actual_payout_peer_percentile,0.2691558627335732
obs_d983232522da960c,PCA Reconstruction,simulated_actual_payout_lag_12,0.8702881550403675
obs_d983232522da960c,PCA Reconstruction,product_breadth_change,0.4243466748596724
obs_d983232522da960c,PCA Reconstruction,distributor_concentration,0.3546423599797881
obs_3e520ca6a4f92327,PCA Reconstruction,new_customers,0.47253172342366073
obs_3e520ca6a4f92327,PCA Reconstruction,product_class_share,0.31707601449495454
obs_3e520ca6a4f92327,PCA Reconstruction,country_mix,0.24028821503379258
obs_64dc226cbbe48716,PCA Reconstruction,new_customers,0.9513951750401358
obs_64dc226cbbe48716,PCA Reconstruction,product_mix_change,0.6112003112004537
obs_64dc226cbbe48716,PCA Reconstruction,total_quantity_history_deviation,0.38702113345225475
obs_d5bb39d965bf44e1,PCA Reconstruction,new_customers,0.853347612626013
obs_d5bb39d965bf44e1,PCA Reconstruction,distinct_customers_team_relative,0.7706875013446502
obs_d5bb39d965bf44e1,PCA Reconstruction,country_mix,0.6287329826668531
obs_c9d5c7a6cd1c0ddb,PCA Reconstruction,new_customers,1.2235598212193501
obs_c9d5c7a6cd1c0ddb,PCA Reconstruction,simulated_actual_payout_year_over_year_growth,0.9613929308205523
obs_c9d5c7a6cd1c0ddb,PCA Reconstruction,product_breadth_change,0.7918915408200025
obs_2a3a9d586a42d313,PCA Reconstruction,new_customers,3.19630497541099
obs_2a3a9d586a42d313,PCA Reconstruction,simulated_actual_payout_year_over_year_growth,0.8231031037086473
obs_2a3a9d586a42d313,PCA Reconstruction,simulated_actual_payout_lag_12,0.7811672274251225
obs_4ae98a1dd3053168,PCA Reconstruction,new_customers,2.249194275330388
obs_4ae98a1dd3053168,PCA Reconstruction,rank_change,0.5540360863709851
obs_4ae98a1dd3053168,PCA Reconstruction,country_mix,0.3528739544050372
obs_52a0b609d3df34dc,PCA Reconstruction,new_customers,5.022328757262631
obs_52a0b609d3df34dc,PCA Reconstruction,subchannel_mix,0.5183914209330588
obs_52a0b609d3df34dc,PCA Reconstruction,distributor_concentration,0.46902285753150313
obs_544200e66770d25d,PCA Reconstruction,distributor_count,2.169606278992729
obs_544200e66770d25d,PCA Reconstruction,new_customers,1.0483576564506216
obs_544200e66770d25d,PCA Reconstruction,distinct_customers_history_deviation,0.7622952016767062
obs_6761f6d2bc1f430a,PCA Reconstruction,new_customers,5.943463019607283
obs_6761f6d2bc1f430a,PCA Reconstruction,distinct_customers_rolling_std,1.6377499550246704
obs_6761f6d2bc1f430a,PCA Reconstruction,simulated_actual_payout_peer_median,1.1946095124893392
obs_b7ff122d6e4264f7,PCA Reconstruction,new_customers,14.001052448942708
obs_b7ff122d6e4264f7,PCA Reconstruction,distinct_customers_rolling_std,1.483137805897125
obs_b7ff122d6e4264f7,PCA Reconstruction,distributor_count,1.3089723535589135
obs_df3487c4a9702f65,PCA Reconstruction,new_customers,3.3064443435073327
obs_df3487c4a9702f65,PCA Reconstruction,distinct_customers_rolling_std,2.5992027271753604
obs_df3487c4a9702f65,PCA Reconstruction,product_breadth_change,2.0596752151704116
obs_220618d6ebb74e72,PCA Reconstruction,product_class_share,0.2993523004784215
obs_220618d6ebb74e72,PCA Reconstruction,distributor_count,0.28715108579515297
obs_220618d6ebb74e72,PCA Reconstruction,subchannel_mix,0.10714649446398908
obs_8d0c9b21ff277234,PCA Reconstruction,distributor_mix_change,0.9948032953275573
obs_8d0c9b21ff277234,PCA Reconstruction,subchannel_mix,0.8610675742389801
obs_8d0c9b21ff277234,PCA Reconstruction,channel_mix,0.5867441738375302
obs_460efe3930c7226d,PCA Reconstruction,total_quantity_lag_2,0.2975191651068122
obs_460efe3930c7226d,PCA Reconstruction,total_sales_rolling_std,0.2524273023898827
obs_460efe3930c7226d,PCA Reconstruction,total_quantity_rolling_mean_6,0.23665460271896285
obs_b85150d9017d6ac5,PCA Reconstruction,distributor_mix_change,1.3464144996004765
obs_b85150d9017d6ac5,PCA Reconstruction,total_quantity_history_deviation,1.0579299630276426
obs_b85150d9017d6ac5,PCA Reconstruction,total_quantity_rolling_MAD,0.9506929076300263
obs_a02b9608b4dc1543,PCA Reconstruction,product_breadth_change,1.3782017306587608
obs_a02b9608b4dc1543,PCA Reconstruction,product_mix_change,0.6795894336622645
obs_a02b9608b4dc1543,PCA Reconstruction,distributor_mix_change,0.6088960888031232
obs_18a134012c80a257,PCA Reconstruction,distributor_concentration,0.2893888139745205
obs_18a134012c80a257,PCA Reconstruction,total_sales_rolling_median,0.2721147185899011
obs_18a134012c80a257,PCA Reconstruction,total_quantity_history_deviation,0.22699973777127724
obs_aca7bb4d66b6ccdb,PCA Reconstruction,total_quantity_rolling_mean_3,0.24924990469194447
obs_aca7bb4d66b6ccdb,PCA Reconstruction,total_sales_rolling_std,0.2261309494650378
obs_aca7bb4d66b6ccdb,PCA Reconstruction,total_quantity_lag_2,0.20333779718019387
obs_82e573d1027ade26,PCA Reconstruction,distinct_customers_history_deviation,0.4780208768029177
obs_82e573d1027ade26,PCA Reconstruction,simulated_actual_payout_team_relative,0.339662076544573
obs_82e573d1027ade26,PCA Reconstruction,product_breadth_change,0.3040445025606395
obs_47030c7ee6393c51,PCA Reconstruction,customer_loss_rate,0.4835979509552939
obs_47030c7ee6393c51,PCA Reconstruction,simulated_actual_payout_history_deviation,0.4147200969004442
obs_47030c7ee6393c51,PCA Reconstruction,product_mix_change,0.32058161932052226
obs_31cda9fd77ac38eb,PCA Reconstruction,distributor_count,0.41105457324814876
obs_31cda9fd77ac38eb,PCA Reconstruction,customer_loss_rate,0.30681556547413275
obs_31cda9fd77ac38eb,PCA Reconstruction,distinct_customers_rolling_std,0.1862537256455774
obs_e42e64505762034d,PCA Reconstruction,distinct_customers_lag_2,0.7575315977059913
obs_e42e64505762034d,PCA Reconstruction,distributor_mix_change,0.3390888988339645
obs_e42e64505762034d,PCA Reconstruction,simulated_actual_payout_rolling_median,0.314181968599018
obs_76b95deab9fc0586,PCA Reconstruction,distinct_customers_team_relative,0.5551650513850142
obs_76b95deab9fc0586,PCA Reconstruction,distributor_mix_change,0.47981499120867144
obs_76b95deab9fc0586,PCA Reconstruction,product_class_share,0.26415003800678716
obs_6f7636554830f20b,PCA Reconstruction,distributor_mix_change,0.5905910125251843
obs_6f7636554830f20b,PCA Reconstruction,total_quantity_year_over_year_growth,0.49981867150531184
obs_6f7636554830f20b,PCA Reconstruction,simulated_actual_payout_lag_12,0.472910781067553
obs_464d7b13032ffc34,PCA Reconstruction,product_breadth_change,0.5619759675636743
obs_464d7b13032ffc34,PCA Reconstruction,total_quantity_lag_2,0.48725164546571764
obs_464d7b13032ffc34,PCA Reconstruction,distinct_customers_rolling_MAD,0.3173330386402297
obs_dfc2144b90132e20,PCA Reconstruction,distributor_mix_change,0.569758909717215
obs_dfc2144b90132e20,PCA Reconstruction,customer_loss_rate,0.4165205499797676
obs_dfc2144b90132e20,PCA Reconstruction,total_quantity_lag_2,0.2437567230744807
obs_018b6cdb3d6be9a0,PCA Reconstruction,distributor_mix_change,1.1421889330592196
obs_018b6cdb3d6be9a0,PCA Reconstruction,distributor_concentration,0.20177494869952442
obs_018b6cdb3d6be9a0,PCA Reconstruction,product_breadth_change,0.19771423076268574
obs_c2070daf0f4d7c4a,PCA Reconstruction,simulated_actual_payout_history_deviation,0.38672350040137826
obs_c2070daf0f4d7c4a,PCA Reconstruction,total_quantity_peer_percentile,0.33595130166887893
obs_c2070daf0f4d7c4a,PCA Reconstruction,new_customers,0.2704583436228427
obs_7a911d3ed08817e4,PCA Reconstruction,total_quantity_year_over_year_growth,0.5843676434429947
obs_7a911d3ed08817e4,PCA Reconstruction,simulated_actual_payout_year_over_year_growth,0.4996547844268236
obs_7a911d3ed08817e4,PCA Reconstruction,total_sales_year_over_year_growth,0.45824262719273684
obs_a3b64a1d9c420961,PCA Reconstruction,distributor_mix_change,0.8863103571926776
obs_a3b64a1d9c420961,PCA Reconstruction,simulated_actual_payout_lag_12,0.6082014567735374
obs_a3b64a1d9c420961,PCA Reconstruction,distinct_customers_rolling_std,0.42499142909399157
obs_d898c82ae6184281,PCA Reconstruction,distinct_customers_rolling_std,0.5156836799015232
obs_d898c82ae6184281,PCA Reconstruction,new_customers,0.5123131492161302
obs_d898c82ae6184281,PCA Reconstruction,distributor_concentration,0.41023192013157395
obs_785cb2443567e3c5,PCA Reconstruction,distributor_mix_change,0.6870449954734666
obs_785cb2443567e3c5,PCA Reconstruction,country_mix,0.48837015282260743
obs_785cb2443567e3c5,PCA Reconstruction,distinct_customers_rolling_std,0.46847424045375863
obs_6fee769e25886197,PCA Reconstruction,new_customers,2.938977412524819
obs_6fee769e25886197,PCA Reconstruction,distinct_customers_rolling_std,1.0959861177004462
obs_6fee769e25886197,PCA Reconstruction,simulated_actual_payout_year_over_year_growth,0.7561002671613477
obs_5c7c9a00cb1afea5,PCA Reconstruction,new_customers,3.260718992324873
obs_5c7c9a00cb1afea5,PCA Reconstruction,product_breadth_change,0.6932516979238169
obs_5c7c9a00cb1afea5,PCA Reconstruction,rank_change,0.5479518346906082
obs_6a0f452b826e0edd,PCA Reconstruction,new_customers,3.1049530452327105
obs_6a0f452b826e0edd,PCA Reconstruction,product_mix_change,0.8779878305735161
obs_6a0f452b826e0edd,PCA Reconstruction,distinct_customers_rolling_std,0.7953983933102589
obs_b3f68c2042acdbc1,PCA Reconstruction,new_customers,4.926898055778491
obs_b3f68c2042acdbc1,PCA Reconstruction,customer_loss_rate,0.7045010407347504
obs_b3f68c2042acdbc1,PCA Reconstruction,distributor_count,0.6927214157447309
obs_87560cbf7dfb56cf,PCA Reconstruction,new_customers,1.3427167962304825
obs_87560cbf7dfb56cf,PCA Reconstruction,simulated_actual_payout_peer_median,1.0440601689519138
obs_87560cbf7dfb56cf,PCA Reconstruction,distinct_customers_rolling_std,0.6676342221801642
obs_bdbb5cd3eeada6d3,PCA Reconstruction,new_customers,4.555123750624461
obs_bdbb5cd3eeada6d3,PCA Reconstruction,product_mix_change,4.450068152711456
obs_bdbb5cd3eeada6d3,PCA Reconstruction,distributor_count,1.3885170879906572
obs_82d2ebba38eb998a,PCA Reconstruction,new_customers,13.396396457383812
obs_82d2ebba38eb998a,PCA Reconstruction,distributor_concentration,1.881722411304391
obs_82d2ebba38eb998a,PCA Reconstruction,distributor_count,1.113677822417291
obs_4b1e4f723392580c,PCA Reconstruction,product_class_share,0.2685117105509459
obs_4b1e4f723392580c,PCA Reconstruction,subchannel_mix,0.2062711841929765
obs_4b1e4f723392580c,PCA Reconstruction,simulated_actual_payout_peer_percentile,0.17316332419059716
obs_b02041cefb822f98,PCA Reconstruction,distinct_customers_history_deviation,0.4541927768188805
obs_b02041cefb822f98,PCA Reconstruction,distinct_customers_acceleration,0.4506116237556928
obs_b02041cefb822f98,PCA Reconstruction,distributor_concentration,0.320135147122615
obs_a2890d47f268917e,PCA Reconstruction,distinct_customers_rolling_std,1.7306781621829428
obs_a2890d47f268917e,PCA Reconstruction,distributor_mix_change,0.4761248786205587
obs_a2890d47f268917e,PCA Reconstruction,total_quantity_peer_percentile,0.19436893844924516
obs_b623d1b9ab87cc4e,PCA Reconstruction,distributor_mix_change,0.8888407290250743
obs_b623d1b9ab87cc4e,PCA Reconstruction,customer_loss_rate,0.6262693219811435
obs_b623d1b9ab87cc4e,PCA Reconstruction,simulated_actual_payout_lag_3,0.46389656425970166
obs_4b2b254e670a4daa,PCA Reconstruction,distributor_mix_change,0.5930434362158318
obs_4b2b254e670a4daa,PCA Reconstruction,simulated_actual_payout_history_deviation,0.5819773462961942
obs_4b2b254e670a4daa,PCA Reconstruction,channel_mix,0.5623225432634901
obs_986e27d057aebeef,PCA Reconstruction,simulated_actual_payout_history_deviation,2.5508722395925374
obs_986e27d057aebeef,PCA Reconstruction,total_quantity_peer_median,1.122424744875344
obs_986e27d057aebeef,PCA Reconstruction,simulated_actual_payout_rolling_MAD,0.9644389273353668
obs_6df6c63d321a3bc5,PCA Reconstruction,simulated_actual_payout_history_deviation,1.7608338176331049
obs_6df6c63d321a3bc5,PCA Reconstruction,simulated_actual_payout_rolling_MAD,0.6421685865667588
obs_6df6c63d321a3bc5,PCA Reconstruction,simulated_actual_payout_peer_median,0.575400831902422
obs_2cb1ed1b720138fe,PCA Reconstruction,product_breadth_change,0.5131482963354571
obs_2cb1ed1b720138fe,PCA Reconstruction,customer_loss_rate,0.4154384742196219
obs_2cb1ed1b720138fe,PCA Reconstruction,simulated_actual_payout_history_deviation,0.3579007505993828
obs_0bd852db3417d874,PCA Reconstruction,distinct_customers_peer_z,0.5167354706595766
obs_0bd852db3417d874,PCA Reconstruction,total_quantity_history_deviation,0.3474566050662876
obs_0bd852db3417d874,PCA Reconstruction,product_class_share,0.31531970992156216
obs_a8c028f293e60c30,PCA Reconstruction,product_breadth_change,0.44118188737512726
obs_a8c028f293e60c30,PCA Reconstruction,distributor_count,0.19652450845168404
obs_a8c028f293e60c30,PCA Reconstruction,simulated_actual_payout_peer_country_product_class_relative,0.17037546442994894
obs_a630c5ce5ee491e2,PCA Reconstruction,product_mix_change,0.31066933113697853
obs_a630c5ce5ee491e2,PCA Reconstruction,new_customers,0.20118824539918007
obs_a630c5ce5ee491e2,PCA Reconstruction,product_class_share,0.17827694382336784
obs_e829c5936286fd07,PCA Reconstruction,simulated_actual_payout_history_deviation,0.38508932609821384
obs_e829c5936286fd07,PCA Reconstruction,subchannel_mix,0.33361362960864954
obs_e829c5936286fd07,PCA Reconstruction,total_quantity_peer_z,0.3033216200610945
obs_7411414a25388997,PCA Reconstruction,total_quantity_peer_median,1.10329515994696
obs_7411414a25388997,PCA Reconstruction,total_sales_peer_median,0.8523465416868863
obs_7411414a25388997,PCA Reconstruction,distributor_mix_change,0.5985869037133966
obs_7e69d007fcbc1812,PCA Reconstruction,total_sales_peer_z,0.5060367575443268
obs_7e69d007fcbc1812,PCA Reconstruction,product_breadth_change,0.3944862583935969
obs_7e69d007fcbc1812,PCA Reconstruction,simulated_actual_payout_trend,0.28512156703097885
obs_f3e078cb43e091fb,PCA Reconstruction,product_class_share,0.7578607132955975
obs_f3e078cb43e091fb,PCA Reconstruction,country_mix,0.18139844920234885
obs_f3e078cb43e091fb,PCA Reconstruction,distinct_customers_team_relative,0.15798971560142808
obs_eda8448f318d7d99,PCA Reconstruction,distributor_concentration,0.7384316883365226
obs_eda8448f318d7d99,PCA Reconstruction,total_quantity_peer_median,0.5621173559044944
obs_eda8448f318d7d99,PCA Reconstruction,total_quantity_rolling_median,0.40216528506408794
obs_235da8cf622eed41,PCA Reconstruction,distributor_mix_change,0.6263873234217414
obs_235da8cf622eed41,PCA Reconstruction,total_quantity_lag_12,0.3775902054410206
obs_235da8cf622eed41,PCA Reconstruction,total_sales_peer_z,0.3316469094057791
obs_ccac97308d514ae7,PCA Reconstruction,total_sales_peer_z,0.880877263831
obs_ccac97308d514ae7,PCA Reconstruction,simulated_actual_payout_lag_12,0.5305840328489119
obs_ccac97308d514ae7,PCA Reconstruction,new_customers,0.439905110114384
obs_0a2c57408a82d081,PCA Reconstruction,simulated_actual_payout_lag_12,0.9912352031204767
obs_0a2c57408a82d081,PCA Reconstruction,distinct_customers_rolling_std,0.6035361719136578
obs_0a2c57408a82d081,PCA Reconstruction,distinct_customers_lag_2,0.3806284444841538
obs_99666595eaf64012,PCA Reconstruction,distinct_customers_rolling_std,1.5252677808270416
obs_99666595eaf64012,PCA Reconstruction,simulated_actual_payout_lag_12,1.056954295501813
obs_99666595eaf64012,PCA Reconstruction,new_customers,0.878731123897749
obs_cb214b6fe2efad71,PCA Reconstruction,distinct_customers_rolling_std,1.3756579229985817
obs_cb214b6fe2efad71,PCA Reconstruction,simulated_actual_payout_peer_country_product_class_relative,1.3109010402048067
obs_cb214b6fe2efad71,PCA Reconstruction,simulated_actual_payout_year_over_year_growth,1.214496369674012
obs_33f64c9fdbca41fc,PCA Reconstruction,distinct_customers_team_relative,0.7908394275007886
obs_33f64c9fdbca41fc,PCA Reconstruction,distinct_customers_rolling_std,0.6518655703672837
obs_33f64c9fdbca41fc,PCA Reconstruction,product_mix_change,0.4680796473256047
obs_5a9f60cbcf4e7567,PCA Reconstruction,distributor_mix_change,0.7232603647932916
obs_5a9f60cbcf4e7567,PCA Reconstruction,new_customers,0.7100269596995384
obs_5a9f60cbcf4e7567,PCA Reconstruction,distinct_customers_rolling_std,0.4109935162575734
obs_ab532998711e3596,PCA Reconstruction,distributor_mix_change,1.2835804589132007
obs_ab532998711e3596,PCA Reconstruction,new_customers,1.0784544432512664
obs_ab532998711e3596,PCA Reconstruction,distributor_count,0.6639369583107364
obs_dc9dbb42301f79c4,PCA Reconstruction,new_customers,4.269868717240862
obs_dc9dbb42301f79c4,PCA Reconstruction,total_quantity_peer_median,1.0829383891180493
obs_dc9dbb42301f79c4,PCA Reconstruction,simulated_actual_payout_peer_median,0.7745603237179213
obs_f5e46cff1749afa3,PCA Reconstruction,new_customers,8.107439159557334
obs_f5e46cff1749afa3,PCA Reconstruction,simulated_actual_payout_peer_median,2.6705252577451795
obs_f5e46cff1749afa3,PCA Reconstruction,simulated_actual_payout_team_relative,1.2234265958599848
obs_bbea40fafaf3160d,PCA Reconstruction,distributor_count,3.4923394230388016
obs_bbea40fafaf3160d,PCA Reconstruction,distinct_customers_rolling_std,0.9267050100396841
obs_bbea40fafaf3160d,PCA Reconstruction,total_quantity_lag_3,0.788739018331168
obs_c2446c7ada9c04b4,PCA Reconstruction,new_customers,3.542159200293228
obs_c2446c7ada9c04b4,PCA Reconstruction,distinct_customers_history_deviation,1.0735387572263615
obs_c2446c7ada9c04b4,PCA Reconstruction,distinct_customers_year_over_year_growth,0.8151497711994621
obs_55c0ac9d93c87406,PCA Reconstruction,subchannel_mix,0.7837631200785018
obs_55c0ac9d93c87406,PCA Reconstruction,channel_mix,0.43791762117381733
obs_55c0ac9d93c87406,PCA Reconstruction,simulated_actual_payout_peer_z,0.15183413421400427
obs_99292efbee0bba6e,PCA Reconstruction,distinct_customers_rolling_mean_6,0.43442055394017226
obs_99292efbee0bba6e,PCA Reconstruction,product_breadth_change,0.35247122080997484
obs_99292efbee0bba6e,PCA Reconstruction,total_quantity_peer_median,0.2595016809839905
obs_5ca60e71a0e55f7e,PCA Reconstruction,total_sales_rolling_std,0.4427603749040641
obs_5ca60e71a0e55f7e,PCA Reconstruction,simulated_actual_payout_peer_median,0.28156875398258396
obs_5ca60e71a0e55f7e,PCA Reconstruction,total_quantity_rolling_std,0.26863774123444556
obs_9a50740a1690c2a2,PCA Reconstruction,total_quantity_peer_median,0.5447123790288292
obs_9a50740a1690c2a2,PCA Reconstruction,simulated_actual_payout_peer_percentile,0.2913632528061223
obs_9a50740a1690c2a2,PCA Reconstruction,total_sales_trend,0.2598011529336961
obs_f1a9fbc1233c1ba8,PCA Reconstruction,simulated_actual_payout_peer_percentile,0.49816522789637674
obs_f1a9fbc1233c1ba8,PCA Reconstruction,total_sales_peer_z,0.37025824314200634
obs_f1a9fbc1233c1ba8,PCA Reconstruction,distributor_concentration,0.34148126556381037
obs_2eeedc6f4e05fb88,PCA Reconstruction,product_mix_change,1.2739272502047312
obs_2eeedc6f4e05fb88,PCA Reconstruction,total_quantity_lag_2,0.9625710268412944
obs_2eeedc6f4e05fb88,PCA Reconstruction,total_sales_rolling_std,0.654779637080203
obs_0308328d3d22cd88,PCA Reconstruction,product_mix_change,1.3325480145336057
obs_0308328d3d22cd88,PCA Reconstruction,channel_mix,0.7792659943834023
obs_0308328d3d22cd88,PCA Reconstruction,subchannel_mix,0.385987155285488
obs_45950e1d8e9d509e,PCA Reconstruction,simulated_actual_payout_rolling_median,0.4213703860729517
obs_45950e1d8e9d509e,PCA Reconstruction,product_mix_change,0.28055065282734626
obs_45950e1d8e9d509e,PCA Reconstruction,total_sales_rolling_median,0.2598260085752615
obs_f372f7bbdcaf4ed9,PCA Reconstruction,representative_rank,0.4611408484118039
obs_f372f7bbdcaf4ed9,PCA Reconstruction,total_quantity_lag_2,0.4151087170798361
obs_f372f7bbdcaf4ed9,PCA Reconstruction,total_quantity_peer_z,0.4115011643321726
obs_b287274dc3e2bfc4,PCA Reconstruction,total_sales_peer_z,1.3620755565517393
obs_b287274dc3e2bfc4,PCA Reconstruction,representative_rank,0.4090913976573658
obs_b287274dc3e2bfc4,PCA Reconstruction,total_sales_team_relative,0.34665884898815225
obs_0c0d159935f7ba75,PCA Reconstruction,product_class_share,0.3615057519541942
obs_0c0d159935f7ba75,PCA Reconstruction,total_sales_peer_percentile,0.21868613754455188
obs_0c0d159935f7ba75,PCA Reconstruction,simulated_actual_payout_peer_median,0.18655384193033936
obs_8317edcb7213f4f0,PCA Reconstruction,total_quantity_peer_median,0.3958077151137245
obs_8317edcb7213f4f0,PCA Reconstruction,rank_change,0.38753380124690623
obs_8317edcb7213f4f0,PCA Reconstruction,representative_rank,0.3700536863902645
obs_5c78a14fe3cb1b79,PCA Reconstruction,product_mix_change,0.81939158181582
obs_5c78a14fe3cb1b79,PCA Reconstruction,product_breadth_change,0.6296011137535688
obs_5c78a14fe3cb1b79,PCA Reconstruction,simulated_actual_payout_lag_12,0.5944664240473297
obs_8c2c30ad7d34d40f,PCA Reconstruction,product_breadth_change,0.5227543672943191
obs_8c2c30ad7d34d40f,PCA Reconstruction,country_mix,0.30451220023848463
obs_8c2c30ad7d34d40f,PCA Reconstruction,distributor_mix_change,0.21504102048579135
obs_92eea3b84d8c6330,PCA Reconstruction,distributor_concentration,3.4627068717535625
obs_92eea3b84d8c6330,PCA Reconstruction,total_sales_year_over_year_growth,1.1102016623560784
obs_92eea3b84d8c6330,PCA Reconstruction,channel_mix,1.0986789689486556
obs_7ecbbd24eedbbb7a,PCA Reconstruction,simulated_actual_payout_peer_median,1.4600671077825391
obs_7ecbbd24eedbbb7a,PCA Reconstruction,product_mix_change,0.585404652593358
obs_7ecbbd24eedbbb7a,PCA Reconstruction,distinct_customers_team_relative,0.4064143370483134
obs_7f83d8a69acb1c6a,PCA Reconstruction,distributor_mix_change,0.7249389493407933
obs_7f83d8a69acb1c6a,PCA Reconstruction,distributor_concentration,0.6247500464749205
obs_7f83d8a69acb1c6a,PCA Reconstruction,product_breadth_change,0.5000980016323769
obs_a939b40c6b9a5cf9,PCA Reconstruction,distributor_mix_change,1.790712382410843
obs_a939b40c6b9a5cf9,PCA Reconstruction,distinct_customers_history_deviation,0.7058207648570562
obs_a939b40c6b9a5cf9,PCA Reconstruction,product_breadth_change,0.42713407799817327
obs_d69487577a66e73f,PCA Reconstruction,distributor_mix_change,0.7930683305279446
obs_d69487577a66e73f,PCA Reconstruction,total_sales_peer_median,0.7832242798532617
obs_d69487577a66e73f,PCA Reconstruction,simulated_actual_payout_history_deviation,0.6935294541764947
obs_861c756cce74bbdd,PCA Reconstruction,total_sales_peer_country_product_class_relative,0.7441457184566325
obs_861c756cce74bbdd,PCA Reconstruction,distinct_customers_rolling_std,0.6262104067338767
obs_861c756cce74bbdd,PCA Reconstruction,simulated_actual_payout_peer_z,0.35349467526300865
obs_b79a469d0bc13e12,PCA Reconstruction,new_customers,0.973996936138084
obs_b79a469d0bc13e12,PCA Reconstruction,product_breadth_change,0.7227886273777259
obs_b79a469d0bc13e12,PCA Reconstruction,distinct_customers_rolling_std,0.6794867959036721
obs_1ec60d200bdb767e,PCA Reconstruction,new_customers,1.8408388421669384
obs_1ec60d200bdb767e,PCA Reconstruction,distinct_customers_team_relative,0.842360830746382
obs_1ec60d200bdb767e,PCA Reconstruction,simulated_actual_payout_lag_12,0.719828429731216
obs_14a4bb5dfce4659d,PCA Reconstruction,new_customers,2.38344434872678
obs_14a4bb5dfce4659d,PCA Reconstruction,simulated_actual_payout_lag_12,0.9553806010991198
obs_14a4bb5dfce4659d,PCA Reconstruction,simulated_actual_payout_history_deviation,0.8908492591523908
obs_f820b020c2316376,PCA Reconstruction,new_customers,1.306810807009153
obs_f820b020c2316376,PCA Reconstruction,product_class_share,0.942615990294279
obs_f820b020c2316376,PCA Reconstruction,distributor_count,0.8243417942430429
obs_5f9377be2bcbc53f,PCA Reconstruction,new_customers,2.2415683742124153
obs_5f9377be2bcbc53f,PCA Reconstruction,distributor_count,1.5214125681287725
obs_5f9377be2bcbc53f,PCA Reconstruction,total_quantity_lag_2,1.1857963344087814
obs_1f76a87ebe43803c,PCA Reconstruction,new_customers,2.299790740530636
obs_1f76a87ebe43803c,PCA Reconstruction,simulated_actual_payout_peer_median,2.0544687706876257
obs_1f76a87ebe43803c,PCA Reconstruction,simulated_actual_payout_team_relative,0.9402507552497735
obs_464290d1950a19cb,PCA Reconstruction,distributor_mix_change,1.516931211867741
obs_464290d1950a19cb,PCA Reconstruction,distinct_customers_lag_2,1.4178305696301114
obs_464290d1950a19cb,PCA Reconstruction,distributor_count,1.0547543496658272
obs_d5f0a6bcbc4941e9,PCA Reconstruction,new_customers,3.1045265127170425
obs_d5f0a6bcbc4941e9,PCA Reconstruction,distributor_mix_change,1.1200638198130755
obs_d5f0a6bcbc4941e9,PCA Reconstruction,distributor_count,0.9434327549932024
obs_dbdd6564b80c07ad,PCA Reconstruction,simulated_payout_to_sales_ratio,3.7702669134907376
obs_dbdd6564b80c07ad,PCA Reconstruction,customer_loss_rate,2.4180823260632014
obs_dbdd6564b80c07ad,PCA Reconstruction,simulated_actual_payout_peer_median,1.0071938364476951
obs_91f1be5d8a6fed77,PCA Reconstruction,total_quantity_rolling_mean_6,1.567934992668385
obs_91f1be5d8a6fed77,PCA Reconstruction,product_breadth_change,1.0389326666758834
obs_91f1be5d8a6fed77,PCA Reconstruction,total_sales_rolling_median,0.822625928479441
obs_db60a9b442d1664a,PCA Reconstruction,distributor_mix_change,1.4393448417775985
obs_db60a9b442d1664a,PCA Reconstruction,product_mix_change,0.7185267651611891
obs_db60a9b442d1664a,PCA Reconstruction,total_quantity_rolling_median,0.4380731403098053
obs_6e536b1d10b9f955,PCA Reconstruction,simulated_actual_payout_rolling_MAD,0.8409784808163275
obs_6e536b1d10b9f955,PCA Reconstruction,distributor_concentration,0.726594645718854
obs_6e536b1d10b9f955,PCA Reconstruction,total_quantity_lag_2,0.503968127356021
obs_08a7588135104db9,PCA Reconstruction,simulated_actual_payout_rolling_MAD,0.5274870845995153
obs_08a7588135104db9,PCA Reconstruction,simulated_actual_payout_history_deviation,0.3219667371802353
obs_08a7588135104db9,PCA Reconstruction,total_quantity_lag_3,0.2959735006914475
obs_a0d15e4c6ba6ca93,PCA Reconstruction,distributor_concentration,0.9252059487600033
obs_a0d15e4c6ba6ca93,PCA Reconstruction,simulated_actual_payout_peer_median,0.46609644275634593
obs_a0d15e4c6ba6ca93,PCA Reconstruction,distributor_count,0.383380821972967
obs_f3a7cf1c3a77ff65,PCA Reconstruction,subchannel_mix,0.7265563947241831
obs_f3a7cf1c3a77ff65,PCA Reconstruction,total_sales_product_class_relative,0.3342369730403278
obs_f3a7cf1c3a77ff65,PCA Reconstruction,channel_mix,0.3158785292681329
obs_a0c9ed0605d9a493,PCA Reconstruction,total_quantity_peer_z,1.0087714567394417
obs_a0c9ed0605d9a493,PCA Reconstruction,product_breadth_change,0.4656705966589783
obs_a0c9ed0605d9a493,PCA Reconstruction,product_mix_change,0.4359586535966988
obs_6b0e65cd1e96dfe4,PCA Reconstruction,product_breadth_change,0.3491447647651658
obs_6b0e65cd1e96dfe4,PCA Reconstruction,simulated_actual_payout_history_deviation,0.2725478672153833
obs_6b0e65cd1e96dfe4,PCA Reconstruction,customer_loss_rate,0.2557870001678569
obs_266d802b401ed0de,PCA Reconstruction,simulated_actual_payout_peer_percentile,0.8183682757130284
obs_266d802b401ed0de,PCA Reconstruction,total_sales_peer_percentile,0.4644713816729251
obs_266d802b401ed0de,PCA Reconstruction,total_quantity_rolling_median,0.31972469477647225
obs_8cf109bd240a4e94,PCA Reconstruction,distributor_concentration,0.4647943995664787
obs_8cf109bd240a4e94,PCA Reconstruction,total_quantity_rolling_median,0.37737783994233043
obs_8cf109bd240a4e94,PCA Reconstruction,new_customers,0.3770269750765868
obs_138d7bd1d969d130,PCA Reconstruction,simulated_actual_payout_peer_z,0.4199154034622675
obs_138d7bd1d969d130,PCA Reconstruction,simulated_actual_payout_peer_median,0.41676476387177186
obs_138d7bd1d969d130,PCA Reconstruction,distinct_customers_peer_percentile,0.3978392160021253
obs_b67ea80e8371d573,PCA Reconstruction,total_quantity_lag_12,0.5564875404464239
obs_b67ea80e8371d573,PCA Reconstruction,total_quantity_history_deviation,0.2881869808680292
obs_b67ea80e8371d573,PCA Reconstruction,average_price,0.2583389232464574
obs_cd84ea3afe39023a,PCA Reconstruction,distributor_mix_change,0.9225131876221612
obs_cd84ea3afe39023a,PCA Reconstruction,product_mix_change,0.49362331414724064
obs_cd84ea3afe39023a,PCA Reconstruction,simulated_actual_payout_lag_12,0.38217323158067806
obs_a9483caf598e01c7,PCA Reconstruction,total_quantity_peer_z,1.2707870269711343
obs_a9483caf598e01c7,PCA Reconstruction,product_class_share,0.8584857563681154
obs_a9483caf598e01c7,PCA Reconstruction,total_sales_month_over_month_growth,0.4684857429976605
obs_b3d8b0f27abf386d,PCA Reconstruction,total_quantity_history_deviation,1.5638044085698128
obs_b3d8b0f27abf386d,PCA Reconstruction,distributor_concentration,0.6264473574082057
obs_b3d8b0f27abf386d,PCA Reconstruction,distinct_customers_rolling_median,0.4224352309117725
obs_3aae6362be77bd2e,PCA Reconstruction,rank_change,0.49876190483914357
obs_3aae6362be77bd2e,PCA Reconstruction,total_quantity_trend,0.32544443857300825
obs_3aae6362be77bd2e,PCA Reconstruction,total_sales_rolling_mean_3,0.23031109666591015
obs_92bdacf19f342eef,PCA Reconstruction,country_mix,0.44411179925334937
obs_92bdacf19f342eef,PCA Reconstruction,average_price,0.435951474973258
obs_92bdacf19f342eef,PCA Reconstruction,distributor_concentration,0.4102601876121442
obs_ae7dda38a96ed030,PCA Reconstruction,total_quantity_peer_percentile,1.1401677600653832
obs_ae7dda38a96ed030,PCA Reconstruction,distributor_mix_change,0.5074653203793816
obs_ae7dda38a96ed030,PCA Reconstruction,distinct_customers_team_relative,0.4337472713078915
obs_e7382207e41716dc,PCA Reconstruction,simulated_actual_payout_year_over_year_growth,1.0000551373881417
obs_e7382207e41716dc,PCA Reconstruction,total_sales_product_class_relative,0.6271516132728284
obs_e7382207e41716dc,PCA Reconstruction,total_sales_peer_country_product_class_relative,0.6221602308999876
obs_faee8c8204593261,PCA Reconstruction,product_mix_change,3.323619546207039
obs_faee8c8204593261,PCA Reconstruction,new_customers,0.8855381951303926
obs_faee8c8204593261,PCA Reconstruction,simulated_actual_payout_lag_12,0.8276612593863942
obs_9183a9714680d267,PCA Reconstruction,product_mix_change,2.4074833124478427
obs_9183a9714680d267,PCA Reconstruction,distributor_mix_change,1.2646874980315952
obs_9183a9714680d267,PCA Reconstruction,distributor_concentration,0.943865900965301
obs_cf1767593ec77b46,PCA Reconstruction,new_customers,2.973730963255929
obs_cf1767593ec77b46,PCA Reconstruction,country_mix,0.5542943304264385
obs_cf1767593ec77b46,PCA Reconstruction,total_sales_rolling_median,0.5364946671893905
obs_2a1b5c051b1331a7,PCA Reconstruction,new_customers,0.7756888472392426
obs_2a1b5c051b1331a7,PCA Reconstruction,country_mix,0.615794291647599
obs_2a1b5c051b1331a7,PCA Reconstruction,product_breadth_change,0.6149983068204519
obs_9ea6572debcf3e83,PCA Reconstruction,distributor_count,1.86171794293904
obs_9ea6572debcf3e83,PCA Reconstruction,simulated_actual_payout_peer_median,1.2320740714887681
obs_9ea6572debcf3e83,PCA Reconstruction,total_quantity_peer_median,1.203741813319766
obs_a5a9c54946a2608d,PCA Reconstruction,customer_loss_rate,3.4563006588746936
obs_a5a9c54946a2608d,PCA Reconstruction,new_customers,1.873829891772388
obs_a5a9c54946a2608d,PCA Reconstruction,simulated_payout_to_sales_ratio,1.6737382987487797
obs_41a75f482cf8e6c5,PCA Reconstruction,new_customers,4.0983660683931395
obs_41a75f482cf8e6c5,PCA Reconstruction,distributor_count,1.8765793073324686
obs_41a75f482cf8e6c5,PCA Reconstruction,distinct_customers_rolling_std,0.7722728989279313
obs_aab8018119f29bef,PCA Reconstruction,new_customers,13.30312284409415
obs_aab8018119f29bef,PCA Reconstruction,simulated_actual_payout_peer_median,1.305960024655409
obs_aab8018119f29bef,PCA Reconstruction,distributor_concentration,1.2799884048319476
obs_3cb714ccb1aaf5d0,PCA Reconstruction,total_quantity_peer_percentile,0.36400953712815154
obs_3cb714ccb1aaf5d0,PCA Reconstruction,product_class_share,0.1648805776316105
obs_3cb714ccb1aaf5d0,PCA Reconstruction,distributor_count,0.1609207261346781
obs_790dd810588a0a1e,PCA Reconstruction,product_breadth_change,0.7912337309861683
obs_790dd810588a0a1e,PCA Reconstruction,total_quantity_peer_median,0.3731710959019132
obs_790dd810588a0a1e,PCA Reconstruction,distinct_customers_history_deviation,0.37166373823423604
obs_95b0af9a0690b258,PCA Reconstruction,distinct_customers_rolling_std,0.7679057989759103
obs_95b0af9a0690b258,PCA Reconstruction,total_quantity_rolling_median,0.4308555693865905
obs_95b0af9a0690b258,PCA Reconstruction,product_breadth_change,0.35483258219388253
obs_03ca759dbf91f94f,PCA Reconstruction,distinct_customers_peer_percentile,0.45025300621511427
obs_03ca759dbf91f94f,PCA Reconstruction,total_quantity_history_deviation,0.40360606601257254
obs_03ca759dbf91f94f,PCA Reconstruction,product_breadth_change,0.2516129187732231
obs_5dffe6f84639d3a8,PCA Reconstruction,simulated_actual_payout_lag_12,0.684945668440233
obs_5dffe6f84639d3a8,PCA Reconstruction,distinct_customers_rolling_std,0.599495084510912
obs_5dffe6f84639d3a8,PCA Reconstruction,simulated_actual_payout_peer_z,0.5039561831275998
obs_524e922f6065e5f1,PCA Reconstruction,distinct_customers_rolling_std,0.6337887124523557
obs_524e922f6065e5f1,PCA Reconstruction,distinct_customers_peer_percentile,0.41051820009574436
obs_524e922f6065e5f1,PCA Reconstruction,total_quantity_lag_1,0.23454801608881332
obs_347d5795c05721b5,PCA Reconstruction,product_breadth_change,1.4923170234909187
obs_347d5795c05721b5,PCA Reconstruction,product_mix_change,0.5954237710748541
obs_347d5795c05721b5,PCA Reconstruction,distributor_mix_change,0.4692665081982215
obs_841e02eec3e98165,PCA Reconstruction,total_quantity_lag_3,0.7223340719758707
obs_841e02eec3e98165,PCA Reconstruction,simulated_actual_payout_trend,0.3773926985849617
obs_841e02eec3e98165,PCA Reconstruction,simulated_actual_payout_lag_12,0.30401055663617765
obs_4bd8f51ec7106311,PCA Reconstruction,product_mix_change,0.43519724497642
obs_4bd8f51ec7106311,PCA Reconstruction,customer_loss_rate,0.3433659768031775
obs_4bd8f51ec7106311,PCA Reconstruction,rank_change,0.25978982138493745
obs_2d8e2943c2d9d097,PCA Reconstruction,distributor_count,1.2546558108764962
obs_2d8e2943c2d9d097,PCA Reconstruction,simulated_actual_payout_peer_z,0.30937012960425997
obs_2d8e2943c2d9d097,PCA Reconstruction,subchannel_mix,0.23996394764765708
obs_243f3aff2c289395,PCA Reconstruction,distributor_mix_change,0.8330190192564664
obs_243f3aff2c289395,PCA Reconstruction,distributor_concentration,0.7348663996122403
obs_243f3aff2c289395,PCA Reconstruction,product_class_share,0.43549236063542646
obs_7fea92946e9a8b12,PCA Reconstruction,subchannel_mix,0.6210934583293172
obs_7fea92946e9a8b12,PCA Reconstruction,channel_mix,0.21755978713626006
obs_7fea92946e9a8b12,PCA Reconstruction,distributor_mix_change,0.18255683424795238
obs_0c53c3fb9ffe70a0,PCA Reconstruction,total_quantity_peer_percentile,0.6111348993731908
obs_0c53c3fb9ffe70a0,PCA Reconstruction,simulated_actual_payout_lag_12,0.4597710861135589
obs_0c53c3fb9ffe70a0,PCA Reconstruction,customer_loss_rate,0.34392260160190863
obs_827be26708e746ab,PCA Reconstruction,product_breadth_change,0.5153748882041499
obs_827be26708e746ab,PCA Reconstruction,total_quantity_history_deviation,0.42707769126047074
obs_827be26708e746ab,PCA Reconstruction,total_quantity_lag_12,0.3450734842287921
obs_da68f773afd87d0e,PCA Reconstruction,product_class_share,1.4034756179340397
obs_da68f773afd87d0e,PCA Reconstruction,total_quantity_peer_z,0.7746346945559549
obs_da68f773afd87d0e,PCA Reconstruction,distinct_customers_lag_2,0.592253745091814
obs_a2cf8265882a677c,PCA Reconstruction,subchannel_mix,1.064214282987158
obs_a2cf8265882a677c,PCA Reconstruction,product_breadth_change,0.6427975825782922
obs_a2cf8265882a677c,PCA Reconstruction,distributor_concentration,0.4711765319975523
obs_5673e640ccadf13f,PCA Reconstruction,total_quantity_lag_12,0.8942871393275938
obs_5673e640ccadf13f,PCA Reconstruction,total_sales_lag_12,0.18981654530448563
obs_5673e640ccadf13f,PCA Reconstruction,simulated_actual_payout_history_deviation,0.17299010861075795
obs_d788dee1ac93c08b,PCA Reconstruction,product_breadth_change,0.4259642859762865
obs_d788dee1ac93c08b,PCA Reconstruction,simulated_actual_payout_history_deviation,0.4204785246038123
obs_d788dee1ac93c08b,PCA Reconstruction,total_quantity_team_relative,0.3196643244396463
obs_88fe2597af817bfc,PCA Reconstruction,simulated_actual_payout_lag_12,1.369898085860038
obs_88fe2597af817bfc,PCA Reconstruction,product_breadth_change,0.5858055710479486
obs_88fe2597af817bfc,PCA Reconstruction,distributor_count,0.33623457573359206
obs_5353c6054677cc60,PCA Reconstruction,simulated_actual_payout_lag_12,0.5219221251328501
obs_5353c6054677cc60,PCA Reconstruction,total_quantity_peer_percentile,0.48602121036115753
obs_5353c6054677cc60,PCA Reconstruction,distinct_products,0.4264527025097696
obs_ac34e43a2a14a617,PCA Reconstruction,simulated_actual_payout_year_over_year_growth,0.9119321297560942
obs_ac34e43a2a14a617,PCA Reconstruction,product_breadth_change,0.8920897634627989
obs_ac34e43a2a14a617,PCA Reconstruction,distinct_customers_team_relative,0.5117021107377595
obs_5cda62473b417485,PCA Reconstruction,customer_loss_rate,0.8131301730658923
obs_5cda62473b417485,PCA Reconstruction,distinct_customers_rolling_std,0.7074728041950652
obs_5cda62473b417485,PCA Reconstruction,distinct_customers_team_relative,0.6904749528730926
obs_9e7be3dd8ac1f14f,PCA Reconstruction,distributor_mix_change,1.4568531366920623
obs_9e7be3dd8ac1f14f,PCA Reconstruction,product_class_share,1.405957871042557
obs_9e7be3dd8ac1f14f,PCA Reconstruction,distinct_customers_team_relative,1.0719984932683926
obs_27f03e0ee71dd02a,PCA Reconstruction,distributor_mix_change,3.3609838177015297
obs_27f03e0ee71dd02a,PCA Reconstruction,distributor_count,0.9064597441011704
obs_27f03e0ee71dd02a,PCA Reconstruction,total_quantity_peer_median,0.7714105480686256
obs_d703f142fb27a25a,PCA Reconstruction,distributor_count,0.9551221814811571
obs_d703f142fb27a25a,PCA Reconstruction,total_quantity,0.714761112271542
obs_d703f142fb27a25a,PCA Reconstruction,total_quantity_peer_median,0.7089476550295087
obs_ae10458373d458b2,PCA Reconstruction,total_quantity_lag_2,1.8315945075724507
obs_ae10458373d458b2,PCA Reconstruction,new_customers,1.7964417214721224
obs_ae10458373d458b2,PCA Reconstruction,simulated_actual_payout_peer_median,1.7157350886138483
obs_069672d49c871b7c,PCA Reconstruction,new_customers,3.263702035571489
obs_069672d49c871b7c,PCA Reconstruction,simulated_actual_payout_peer_median,2.0027979388239614
obs_069672d49c871b7c,PCA Reconstruction,distributor_concentration,1.8327270669030618
obs_06ce9659f15e1481,PCA Reconstruction,new_customers,5.629741395515471
obs_06ce9659f15e1481,PCA Reconstruction,distributor_mix_change,2.040507366993175
obs_06ce9659f15e1481,PCA Reconstruction,distinct_customers_lag_2,0.9630521030179469
obs_df4bac1f5a15c041,PCA Reconstruction,total_sales_history_deviation,0.977428580740577
obs_df4bac1f5a15c041,PCA Reconstruction,total_sales_month_over_month_growth,0.7003168394625515
obs_df4bac1f5a15c041,PCA Reconstruction,simulated_payout_to_sales_ratio,0.6136018001869329
obs_f6eb12411025d18a,PCA Reconstruction,total_quantity_rolling_mean_6,2.091270733885799
obs_f6eb12411025d18a,PCA Reconstruction,total_sales_rolling_mean_6,1.7100025815630073
obs_f6eb12411025d18a,PCA Reconstruction,simulated_actual_payout_rolling_MAD,1.3953380269864877
obs_821c8335f76ca49e,PCA Reconstruction,simulated_actual_payout_acceleration,1.0895376399580947
obs_821c8335f76ca49e,PCA Reconstruction,product_mix_change,0.5846823239981249
obs_821c8335f76ca49e,PCA Reconstruction,total_quantity_peer_z,0.5601798550981122
obs_eb0c6b2f5a9eb719,PCA Reconstruction,total_quantity_rolling_median,0.7588684375499541
obs_eb0c6b2f5a9eb719,PCA Reconstruction,total_quantity_history_deviation,0.690572638290297
obs_eb0c6b2f5a9eb719,PCA Reconstruction,distinct_customers_rolling_MAD,0.5603518983353128
obs_8c3672e30e33b57c,PCA Reconstruction,total_sales_peer_percentile,0.47276969956132914
obs_8c3672e30e33b57c,PCA Reconstruction,distributor_concentration,0.47075697271369105
obs_8c3672e30e33b57c,PCA Reconstruction,simulated_actual_payout_rolling_mean_6,0.44219370153612264
obs_82d4ed5b2deb1464,PCA Reconstruction,distributor_mix_change,0.6373659814685356
obs_82d4ed5b2deb1464,PCA Reconstruction,simulated_actual_payout_rolling_mean_6,0.2036507103249415
obs_82d4ed5b2deb1464,PCA Reconstruction,simulated_actual_payout_lag_12,0.178173438814367
obs_58fbc3ff242645dc,PCA Reconstruction,simulated_actual_payout_trend,0.2773492591024533
obs_58fbc3ff242645dc,PCA Reconstruction,simulated_actual_payout_rolling_median,0.2549363969558432
obs_58fbc3ff242645dc,PCA Reconstruction,distributor_concentration,0.1834474959317375
obs_84648df48633e0d1,PCA Reconstruction,product_breadth_change,0.48589547512787545
obs_84648df48633e0d1,PCA Reconstruction,new_customers,0.3710203692750954
obs_84648df48633e0d1,PCA Reconstruction,distinct_customers_history_deviation,0.21076580424359898
obs_8e8a26b368bd60a9,PCA Reconstruction,distributor_mix_change,0.8152868374557266
obs_8e8a26b368bd60a9,PCA Reconstruction,product_breadth_change,0.7471250905100412
obs_8e8a26b368bd60a9,PCA Reconstruction,product_class_share,0.3071614573683692
obs_ae02fcb8930f451b,PCA Reconstruction,distinct_customers_peer_z,0.5417856102290182
obs_ae02fcb8930f451b,PCA Reconstruction,simulated_actual_payout_peer_z,0.3392623564172854
obs_ae02fcb8930f451b,PCA Reconstruction,distributor_mix_change,0.3161500955494537
obs_be2c52f7863ca133,PCA Reconstruction,distinct_customers_rolling_std,0.8784498319733661
obs_be2c52f7863ca133,PCA Reconstruction,total_quantity_peer_z,0.4476496127997911
obs_be2c52f7863ca133,PCA Reconstruction,simulated_actual_payout_acceleration,0.405584514408532
obs_ddae4dc32c3e3ee2,PCA Reconstruction,distributor_concentration,1.484777862526856
obs_ddae4dc32c3e3ee2,PCA Reconstruction,distinct_customers_rolling_std,0.9173383061663863
obs_ddae4dc32c3e3ee2,PCA Reconstruction,total_quantity_lag_3,0.66235811794679
obs_b1b0ef1d6ba28f65,PCA Reconstruction,simulated_actual_payout_lag_12,0.8591171589546366
obs_b1b0ef1d6ba28f65,PCA Reconstruction,distinct_customers_rolling_std,0.3141094567727684
obs_b1b0ef1d6ba28f65,PCA Reconstruction,customer_loss_rate,0.24539621534131584
obs_c20c4ca2bb756b5f,PCA Reconstruction,simulated_actual_payout_year_over_year_growth,1.3908814269352818
obs_c20c4ca2bb756b5f,PCA Reconstruction,simulated_actual_payout_lag_12,0.6399156708696446
obs_c20c4ca2bb756b5f,PCA Reconstruction,total_sales_rolling_mean_3,0.6198867004767592
obs_3af21b57432e8ddf,PCA Reconstruction,total_sales_rolling_mean_6,0.5400658414579885
obs_3af21b57432e8ddf,PCA Reconstruction,total_quantity_trend,0.5108956305544807
obs_3af21b57432e8ddf,PCA Reconstruction,product_class_share,0.4640775638266198
obs_53d29c3be7473ccc,PCA Reconstruction,distributor_mix_change,0.751236182949337
obs_53d29c3be7473ccc,PCA Reconstruction,country_mix,0.44775279897277537
obs_53d29c3be7473ccc,PCA Reconstruction,total_quantity_rolling_mean_3,0.40175420996051153
obs_36f419828ca66e50,PCA Reconstruction,distributor_concentration,0.7227370395682287
obs_36f419828ca66e50,PCA Reconstruction,distributor_mix_change,0.35687635252906014
obs_36f419828ca66e50,PCA Reconstruction,dominant_product_share,0.32351797732475085
obs_42729cb1a0fa7678,PCA Reconstruction,total_quantity_peer_percentile,0.8249967305922445
obs_42729cb1a0fa7678,PCA Reconstruction,customer_loss_rate,0.5442714159830848
obs_42729cb1a0fa7678,PCA Reconstruction,simulated_actual_payout_year_over_year_growth,0.5040232801704047
obs_92795b00ed546285,PCA Reconstruction,new_customers,1.1379728675851346
obs_92795b00ed546285,PCA Reconstruction,simulated_actual_payout_year_over_year_growth,0.8022563893999715
obs_92795b00ed546285,PCA Reconstruction,country_mix,0.5800633396945439
obs_0ebabf9b622cb155,PCA Reconstruction,new_customers,0.7874997383385892
obs_0ebabf9b622cb155,PCA Reconstruction,distinct_customers_team_relative,0.5615911032413142
obs_0ebabf9b622cb155,PCA Reconstruction,simulated_actual_payout_rolling_median,0.558421051888265
obs_902671b2e686348b,PCA Reconstruction,distributor_mix_change,0.879372175001078
obs_902671b2e686348b,PCA Reconstruction,distinct_customers_history_deviation,0.5877022385799313
obs_902671b2e686348b,PCA Reconstruction,distributor_count,0.490040217063061
obs_503c4f86e2369ccc,PCA Reconstruction,new_customers,4.294639334042173
obs_503c4f86e2369ccc,PCA Reconstruction,distributor_mix_change,1.1701856904301524
obs_503c4f86e2369ccc,PCA Reconstruction,distinct_customers_rolling_std,0.5561888404575914
obs_5ccd7a72a6f26908,PCA Reconstruction,new_customers,10.510961540729632
obs_5ccd7a72a6f26908,PCA Reconstruction,total_quantity_lag_12,0.7793433530832192
obs_5ccd7a72a6f26908,PCA Reconstruction,distributor_mix_change,0.7621616056404065
obs_246493ef18ed4231,PCA Reconstruction,new_customers,1.877455891496194
obs_246493ef18ed4231,PCA Reconstruction,distributor_mix_change,1.0206282409474887
obs_246493ef18ed4231,PCA Reconstruction,simulated_actual_payout_lag_12,0.6227524897977275
obs_e969db9c0d07986b,PCA Reconstruction,distributor_count,1.221740372132037
obs_e969db9c0d07986b,PCA Reconstruction,new_customers,1.2121567664823834
obs_e969db9c0d07986b,PCA Reconstruction,distinct_customers_year_over_year_growth,0.6708480637797969
obs_c20c24e5b7049874,PCA Reconstruction,simulated_actual_payout_peer_median,1.9690759925276928
obs_c20c24e5b7049874,PCA Reconstruction,simulated_actual_payout_team_relative,1.4483860339567591
obs_c20c24e5b7049874,PCA Reconstruction,new_customers,1.012439652169002
obs_f44ef6ec38987263,PCA Reconstruction,new_customers,5.395745152733822
obs_f44ef6ec38987263,PCA Reconstruction,distributor_count,2.9591115724669934
obs_f44ef6ec38987263,PCA Reconstruction,distinct_customers_lag_2,1.428679189559296
obs_cbc4cb3011569ad5,PCA Reconstruction,new_customers,4.822124083631504
obs_cbc4cb3011569ad5,PCA Reconstruction,distinct_customers_rolling_std,1.529614722801257
obs_cbc4cb3011569ad5,PCA Reconstruction,simulated_actual_payout_peer_median,1.4293833787895291
obs_b8fbbd15de93807f,PCA Reconstruction,total_quantity_peer_country_product_class_relative,0.551829027215641
obs_b8fbbd15de93807f,PCA Reconstruction,total_quantity_product_class_relative,0.5492847511213254
obs_b8fbbd15de93807f,PCA Reconstruction,product_class_share,0.5148178221064762
obs_fc6d22a2f2635a2e,PCA Reconstruction,total_quantity_rolling_mean_6,1.4584843123008446
obs_fc6d22a2f2635a2e,PCA Reconstruction,distributor_mix_change,0.5832681876951625
obs_fc6d22a2f2635a2e,PCA Reconstruction,total_quantity_rolling_mean_3,0.47820831918845697
obs_3920e97b47144a32,PCA Reconstruction,total_quantity_rolling_std,0.5075244676056183
obs_3920e97b47144a32,PCA Reconstruction,subchannel_mix,0.4705766868328262
obs_3920e97b47144a32,PCA Reconstruction,representative_rank,0.2737059616164525
obs_118517a1bc2f2c91,PCA Reconstruction,simulated_actual_payout_trend,0.4523508773795709
obs_118517a1bc2f2c91,PCA Reconstruction,total_quantity_peer_percentile,0.44454009525804394
obs_118517a1bc2f2c91,PCA Reconstruction,total_sales_trend,0.4088434613360835
obs_2372415654ace84b,PCA Reconstruction,distributor_mix_change,0.5230001355701693
obs_2372415654ace84b,PCA Reconstruction,total_quantity_peer_percentile,0.4260360185719778
obs_2372415654ace84b,PCA Reconstruction,rank_change,0.3123129159653755
obs_5999cba5128c4876,PCA Reconstruction,rank_change,0.29826120997971234
obs_5999cba5128c4876,PCA Reconstruction,total_quantity_acceleration,0.256242269136149
obs_5999cba5128c4876,PCA Reconstruction,simulated_actual_payout_acceleration,0.2058456105072909
obs_b00d2f82c2c07be4,PCA Reconstruction,total_quantity_lag_2,0.34008923574379973
obs_b00d2f82c2c07be4,PCA Reconstruction,simulated_actual_payout_peer_percentile,0.3205490871728006
obs_b00d2f82c2c07be4,PCA Reconstruction,simulated_actual_payout_peer_median,0.1952964308295111
obs_789c260027f642df,PCA Reconstruction,total_quantity_lag_3,0.4175611379986761
obs_789c260027f642df,PCA Reconstruction,customer_loss_rate,0.37575160608353786
obs_789c260027f642df,PCA Reconstruction,representative_rank,0.2332151375969569
obs_afd78942aaf7cb23,PCA Reconstruction,dominant_product_share,0.36639270921577755
obs_afd78942aaf7cb23,PCA Reconstruction,product_mix_change,0.35686900787600223
obs_afd78942aaf7cb23,PCA Reconstruction,customer_loss_rate,0.3057884037785492
obs_8dc60318c514a294,PCA Reconstruction,distributor_mix_change,0.5048314018632475
obs_8dc60318c514a294,PCA Reconstruction,rank_change,0.2558941067006247
obs_8dc60318c514a294,PCA Reconstruction,total_quantity_lag_1,0.2390710414913513
obs_0aeb6fccec776755,PCA Reconstruction,distributor_mix_change,0.7909257587183343
obs_0aeb6fccec776755,PCA Reconstruction,total_quantity_lag_2,0.7790307066664638
obs_0aeb6fccec776755,PCA Reconstruction,product_class_share,0.48317355416729496
obs_c58ae2c6a4703bbb,PCA Reconstruction,total_quantity_lag_3,0.7193953414585138
obs_c58ae2c6a4703bbb,PCA Reconstruction,representative_rank,0.5036562448291843
obs_c58ae2c6a4703bbb,PCA Reconstruction,simulated_actual_payout_peer_percentile,0.4887776150487321
obs_e5e359da0f8d215d,PCA Reconstruction,simulated_actual_payout_lag_12,0.7290116999807883
obs_e5e359da0f8d215d,PCA Reconstruction,distinct_customers_peer_percentile,0.4185527772520862
obs_e5e359da0f8d215d,PCA Reconstruction,product_breadth_change,0.37228763309840845
obs_0006914c84cb3c1b,PCA Reconstruction,total_quantity_rolling_mean_3,0.5372473307401823
obs_0006914c84cb3c1b,PCA Reconstruction,total_quantity_lag_3,0.4274371113008967
obs_0006914c84cb3c1b,PCA Reconstruction,representative_rank,0.32760759799497324
obs_8f0374c4aeb0e7cf,PCA Reconstruction,distributor_mix_change,2.53876149671098
obs_8f0374c4aeb0e7cf,PCA Reconstruction,product_mix_change,0.6296277359408443
obs_8f0374c4aeb0e7cf,PCA Reconstruction,distributor_concentration,0.410931259127784
obs_053858f2f390d004,PCA Reconstruction,distributor_concentration,1.2723219244712825
obs_053858f2f390d004,PCA Reconstruction,distributor_mix_change,0.8861381495498624
obs_053858f2f390d004,PCA Reconstruction,rank_change,0.24349212183883678
obs_cfa2e0ab970da1dd,PCA Reconstruction,simulated_actual_payout_lag_12,0.8409678921883134
obs_cfa2e0ab970da1dd,PCA Reconstruction,total_quantity_peer_percentile,0.6150832195113831
obs_cfa2e0ab970da1dd,PCA Reconstruction,distinct_customers_lag_2,0.4788798093101602
obs_631b63bebbb34a02,PCA Reconstruction,simulated_actual_payout_peer_median,0.5132100339950073
obs_631b63bebbb34a02,PCA Reconstruction,total_quantity_month_over_month_growth,0.29917809023094666
obs_631b63bebbb34a02,PCA Reconstruction,country_mix,0.2436372949630465
obs_98d6b7eee87cf8b0,PCA Reconstruction,distributor_concentration,0.830666468683465
obs_98d6b7eee87cf8b0,PCA Reconstruction,new_customers,0.5294755025291453
obs_98d6b7eee87cf8b0,PCA Reconstruction,simulated_actual_payout_rolling_median,0.32773981884080644
obs_9a3b25c8db702217,PCA Reconstruction,new_customers,0.24860923800777063
obs_9a3b25c8db702217,PCA Reconstruction,simulated_actual_payout_product_class_relative,0.23941134219005067
obs_9a3b25c8db702217,PCA Reconstruction,total_quantity_lag_3,0.20931643967577626
obs_4ca18be3dbb72b0c,PCA Reconstruction,total_quantity_lag_12,0.9372734179209895
obs_4ca18be3dbb72b0c,PCA Reconstruction,distributor_count,0.8978157495873603
obs_4ca18be3dbb72b0c,PCA Reconstruction,distributor_concentration,0.7776048155405766
obs_dede2ac82e7fa087,PCA Reconstruction,new_customers,3.5878127638294073
obs_dede2ac82e7fa087,PCA Reconstruction,simulated_actual_payout_lag_12,0.984601836941047
obs_dede2ac82e7fa087,PCA Reconstruction,product_breadth_change,0.6276121216037963
obs_c7287770a01ef9f9,PCA Reconstruction,new_customers,1.9639384427041702
obs_c7287770a01ef9f9,PCA Reconstruction,distributor_mix_change,0.6977788817262153
obs_c7287770a01ef9f9,PCA Reconstruction,product_breadth_change,0.4797628767439848
obs_54a6e597c0264f7a,PCA Reconstruction,new_customers,3.187813971040369
obs_54a6e597c0264f7a,PCA Reconstruction,distributor_count,1.1443839956693684
obs_54a6e597c0264f7a,PCA Reconstruction,distinct_customers_trend,0.6130226320194873
obs_4a2437a93da623cd,PCA Reconstruction,new_customers,3.3174548045682544
obs_4a2437a93da623cd,PCA Reconstruction,distributor_count,1.446634891324211
obs_4a2437a93da623cd,PCA Reconstruction,simulated_actual_payout_peer_median,1.0496356917654048
obs_39c3c4016a1c8103,PCA Reconstruction,simulated_actual_payout_peer_median,2.008483996708327
obs_39c3c4016a1c8103,PCA Reconstruction,distinct_customers_rolling_std,1.7265351065961556
obs_39c3c4016a1c8103,PCA Reconstruction,product_mix_change,1.4642591800843343
obs_6e814f7a9360ccb8,PCA Reconstruction,new_customers,5.59599531006544
obs_6e814f7a9360ccb8,PCA Reconstruction,distinct_customers_rolling_std,2.653174488798547
obs_6e814f7a9360ccb8,PCA Reconstruction,distributor_count,2.6163889002174217
obs_519103e60f991e45,PCA Reconstruction,new_customers,4.4055091105325195
obs_519103e60f991e45,PCA Reconstruction,distinct_customers_rolling_std,1.9339807773446756
obs_519103e60f991e45,PCA Reconstruction,total_sales_peer_percentile,0.8583999114482401
obs_c9ecf1c69bdc8241,PCA Reconstruction,distributor_count,0.20158948142439123
obs_c9ecf1c69bdc8241,PCA Reconstruction,simulated_actual_payout_peer_median,0.19685166021575412
obs_c9ecf1c69bdc8241,PCA Reconstruction,product_class_share,0.15453871480061163
obs_f12a2fd32147e8df,PCA Reconstruction,distinct_customers_rolling_mean_6,0.3203262088239835
obs_f12a2fd32147e8df,PCA Reconstruction,distributor_count,0.2764105884109608
obs_f12a2fd32147e8df,PCA Reconstruction,distributor_concentration,0.24845537160156078
obs_68e881da971a2378,PCA Reconstruction,total_quantity_history_deviation,1.4676101200754361
obs_68e881da971a2378,PCA Reconstruction,total_sales_history_deviation,1.2457019974833017
obs_68e881da971a2378,PCA Reconstruction,total_sales_rolling_median,0.7430381414642618
obs_a3ab35c5561fde28,PCA Reconstruction,simulated_actual_payout_trend,0.6617551121836484
obs_a3ab35c5561fde28,PCA Reconstruction,simulated_actual_payout_rolling_std,0.3500618640133189
obs_a3ab35c5561fde28,PCA Reconstruction,total_quantity_rolling_mean_6,0.32928148622792025
obs_3e71930e34fe5e72,PCA Reconstruction,total_quantity_lag_2,0.39846388124823096
obs_3e71930e34fe5e72,PCA Reconstruction,product_mix_change,0.24844339045078348
obs_3e71930e34fe5e72,PCA Reconstruction,total_sales_rolling_median,0.21874332090596896
obs_ced1c4e255370d70,PCA Reconstruction,total_quantity_lag_3,0.30414805062592937
obs_ced1c4e255370d70,PCA Reconstruction,distributor_concentration,0.19754537091830254
obs_ced1c4e255370d70,PCA Reconstruction,repeat_customer_ratio,0.1889083869393193
obs_c9cfd8ad04b1ffa5,PCA Reconstruction,total_quantity_team_relative,0.45912474073425347
obs_c9cfd8ad04b1ffa5,PCA Reconstruction,product_mix_change,0.3787903611093582
obs_c9cfd8ad04b1ffa5,PCA Reconstruction,total_sales_product_class_relative,0.30015829054305293
obs_6853dc742e6a2e25,PCA Reconstruction,total_quantity_trend,0.3477923416634254
obs_6853dc742e6a2e25,PCA Reconstruction,distributor_concentration,0.31722047648397755
obs_6853dc742e6a2e25,PCA Reconstruction,total_sales_acceleration,0.22826809801568465
obs_afe0f136ae61afc5,PCA Reconstruction,product_breadth_change,0.29972085809027665
obs_afe0f136ae61afc5,PCA Reconstruction,total_quantity_lag_2,0.23178388629775662
obs_afe0f136ae61afc5,PCA Reconstruction,new_customers,0.22631564152817032
obs_3deb1f7badc4174b,PCA Reconstruction,product_class_share,0.23361338620049318
obs_3deb1f7badc4174b,PCA Reconstruction,total_quantity_team_relative,0.1956974395358419
obs_3deb1f7badc4174b,PCA Reconstruction,distinct_customers_rolling_std,0.16658791511095908
obs_d14e4870a8f88595,PCA Reconstruction,product_breadth_change,0.6111727579889545
obs_d14e4870a8f88595,PCA Reconstruction,simulated_actual_payout_peer_percentile,0.4126522892615556
obs_d14e4870a8f88595,PCA Reconstruction,total_sales_peer_percentile,0.30573875642319154
obs_152dac2ba73e8aa1,PCA Reconstruction,subchannel_mix,0.9058389188812007
obs_152dac2ba73e8aa1,PCA Reconstruction,channel_mix,0.3878044071136013
obs_152dac2ba73e8aa1,PCA Reconstruction,product_breadth_change,0.22062885704822965
obs_80aba4f56f072a33,PCA Reconstruction,country_mix,0.3690617783118377
obs_80aba4f56f072a33,PCA Reconstruction,total_quantity_peer_percentile,0.35496501203167435
obs_80aba4f56f072a33,PCA Reconstruction,total_sales_rolling_std,0.29423084704661606
obs_89ab9f059cc9a575,PCA Reconstruction,distinct_customers_lag_2,0.5871904395521859
obs_89ab9f059cc9a575,PCA Reconstruction,distinct_customers_acceleration,0.3910394308401612
obs_89ab9f059cc9a575,PCA Reconstruction,distributor_mix_change,0.3775274234505014
obs_6b8453e7f8bea27b,PCA Reconstruction,total_quantity_lag_12,0.7109863162536316
obs_6b8453e7f8bea27b,PCA Reconstruction,simulated_actual_payout_history_deviation,0.33278936539180626
obs_6b8453e7f8bea27b,PCA Reconstruction,total_sales_lag_12,0.32507939279939335
obs_40aa4f59dd8a11d9,PCA Reconstruction,product_class_share,0.5339314969375192
obs_40aa4f59dd8a11d9,PCA Reconstruction,country_mix,0.40939051191981723
obs_40aa4f59dd8a11d9,PCA Reconstruction,distributor_count,0.2660960708237
obs_b45890ab0fb7b9df,PCA Reconstruction,simulated_actual_payout_lag_12,0.4424182741871905
obs_b45890ab0fb7b9df,PCA Reconstruction,distributor_concentration,0.41451486546911814
obs_b45890ab0fb7b9df,PCA Reconstruction,country_mix,0.2720620360271386
obs_87fc8c8c3aa54364,PCA Reconstruction,total_quantity_peer_median,0.3036604234418159
obs_87fc8c8c3aa54364,PCA Reconstruction,total_sales_peer_country_product_class_relative,0.2639574731981035
obs_87fc8c8c3aa54364,PCA Reconstruction,total_sales_product_class_relative,0.2442922666668316
obs_86804c7876360ac5,PCA Reconstruction,distributor_mix_change,0.614434011721418
obs_86804c7876360ac5,PCA Reconstruction,new_customers,0.5473412013216252
obs_86804c7876360ac5,PCA Reconstruction,product_class_share,0.5107970151202501
obs_0f1d69367bdf1b0e,PCA Reconstruction,distributor_mix_change,1.5627241025012861
obs_0f1d69367bdf1b0e,PCA Reconstruction,distinct_customers_team_relative,0.9774873417186261
obs_0f1d69367bdf1b0e,PCA Reconstruction,simulated_actual_payout_year_over_year_growth,0.7908282850299552
obs_0a689c59289a9a8d,PCA Reconstruction,distinct_customers_team_relative,0.6333353173305833
obs_0a689c59289a9a8d,PCA Reconstruction,simulated_actual_payout_lag_12,0.5388190887003621
obs_0a689c59289a9a8d,PCA Reconstruction,distributor_concentration,0.4931633599348247
obs_97edebdcaa3ad902,PCA Reconstruction,new_customers,1.2541931158791313
obs_97edebdcaa3ad902,PCA Reconstruction,simulated_actual_payout_lag_12,1.1630247818988297
obs_97edebdcaa3ad902,PCA Reconstruction,country_mix,0.41629920971739126
obs_188c283f9ef7994f,PCA Reconstruction,new_customers,1.262464955874592
obs_188c283f9ef7994f,PCA Reconstruction,simulated_actual_payout_year_over_year_growth,0.39877032044927707
obs_188c283f9ef7994f,PCA Reconstruction,total_sales_year_over_year_growth,0.3969522661319241
obs_8a717a29ad23b8d3,PCA Reconstruction,distributor_mix_change,1.218428041030359
obs_8a717a29ad23b8d3,PCA Reconstruction,country_mix,0.9021940643003834
obs_8a717a29ad23b8d3,PCA Reconstruction,new_customers,0.593146169448602
obs_6dbf7453e066a433,PCA Reconstruction,distributor_count,1.3003968929896523
obs_6dbf7453e066a433,PCA Reconstruction,total_quantity_peer_median,1.2096065544956172
obs_6dbf7453e066a433,PCA Reconstruction,new_customers,0.82500445512419
obs_e19db1d4c736fe1a,PCA Reconstruction,new_customers,3.5522374396452387
obs_e19db1d4c736fe1a,PCA Reconstruction,simulated_actual_payout_peer_median,2.9403041519551816
obs_e19db1d4c736fe1a,PCA Reconstruction,product_breadth_change,2.4779221208517166
obs_af344527ea86884a,PCA Reconstruction,new_customers,4.210549468185561
obs_af344527ea86884a,PCA Reconstruction,distributor_count,3.2957691198931904
obs_af344527ea86884a,PCA Reconstruction,distinct_customers_lag_2,1.195704434046682
obs_6e1bd7223c85ebfd,PCA Reconstruction,new_customers,5.34280066278626
obs_6e1bd7223c85ebfd,PCA Reconstruction,simulated_actual_payout_year_over_year_growth,3.03530818637955
obs_6e1bd7223c85ebfd,PCA Reconstruction,distinct_customers_lag_2,1.8721119963538928
obs_e7d010ea8ce4d62b,PCA Reconstruction,distributor_concentration,0.35898102596225256
obs_e7d010ea8ce4d62b,PCA Reconstruction,simulated_payout_to_sales_ratio,0.3107716145243243
obs_e7d010ea8ce4d62b,PCA Reconstruction,total_sales_history_deviation,0.2926314358329195
obs_36a9dbfd122b14b1,PCA Reconstruction,total_quantity_rolling_mean_6,0.6215075252422717
obs_36a9dbfd122b14b1,PCA Reconstruction,distributor_mix_change,0.4858438474273101
obs_36a9dbfd122b14b1,PCA Reconstruction,total_sales_rolling_mean_6,0.4377777216762997
obs_d03ac9eb92ccce96,PCA Reconstruction,distributor_mix_change,1.1396431732501489
obs_d03ac9eb92ccce96,PCA Reconstruction,total_quantity_rolling_median,0.5969191522168742
obs_d03ac9eb92ccce96,PCA Reconstruction,simulated_actual_payout_rolling_median,0.47473042812289684
obs_cd6ce9d7391bac20,PCA Reconstruction,simulated_actual_payout_rolling_MAD,0.9589192747270584
obs_cd6ce9d7391bac20,PCA Reconstruction,simulated_actual_payout_lag_3,0.6750792923963211
obs_cd6ce9d7391bac20,PCA Reconstruction,product_mix_change,0.6748624222661345
obs_6b30339ad2a0e4ee,PCA Reconstruction,total_quantity_trend,0.501080683198183
obs_6b30339ad2a0e4ee,PCA Reconstruction,simulated_actual_payout_trend,0.3528750518948266
obs_6b30339ad2a0e4ee,PCA Reconstruction,total_quantity_lag_3,0.3519003356247427
obs_37032ab932a7a2d6,PCA Reconstruction,total_quantity_rolling_median,0.43781649477120593
obs_37032ab932a7a2d6,PCA Reconstruction,distributor_count,0.32552921678276214
obs_37032ab932a7a2d6,PCA Reconstruction,distributor_mix_change,0.26747833933476434
obs_21ee9d23cfdc913a,PCA Reconstruction,distributor_mix_change,0.9396133636641135
obs_21ee9d23cfdc913a,PCA Reconstruction,product_mix_change,0.4625567545853519
obs_21ee9d23cfdc913a,PCA Reconstruction,distributor_count,0.3171180703061913
obs_ed467d9949cad18b,PCA Reconstruction,distinct_customers_history_deviation,0.21413709327589442
obs_ed467d9949cad18b,PCA Reconstruction,rank_change,0.1921640426318154
obs_ed467d9949cad18b,PCA Reconstruction,total_sales_rolling_mean_6,0.16238025287473598
obs_6135e32b3c741234,PCA Reconstruction,total_quantity_history_deviation,0.4930453660720001
obs_6135e32b3c741234,PCA Reconstruction,total_quantity_rolling_median,0.42205228561968483
obs_6135e32b3c741234,PCA Reconstruction,dominant_product_share,0.3069772641999633
obs_2477ec671ed821d1,PCA Reconstruction,total_quantity_rolling_std,0.7495941005351765
obs_2477ec671ed821d1,PCA Reconstruction,total_quantity_trend,0.7416890482696084
obs_2477ec671ed821d1,PCA Reconstruction,total_sales_rolling_std,0.6147253062750472
obs_26c8c7b44128cd19,PCA Reconstruction,product_mix_change,1.2913756266398932
obs_26c8c7b44128cd19,PCA Reconstruction,distributor_mix_change,0.9385263139422755
obs_26c8c7b44128cd19,PCA Reconstruction,total_quantity_rolling_std,0.5245978589264275
obs_97de9ca2a1e84c74,PCA Reconstruction,distributor_mix_change,0.7475194723205817
obs_97de9ca2a1e84c74,PCA Reconstruction,new_customers,0.6646735124817128
obs_97de9ca2a1e84c74,PCA Reconstruction,average_price,0.3852666494671902
obs_319d8b138bef8e19,PCA Reconstruction,simulated_actual_payout_lag_12,0.7195689164565345
obs_319d8b138bef8e19,PCA Reconstruction,total_quantity_rolling_std,0.6375450951531496
obs_319d8b138bef8e19,PCA Reconstruction,product_mix_change,0.47446587132265233
obs_63318be6a86c28aa,PCA Reconstruction,simulated_actual_payout_year_over_year_growth,2.1286756472414274
obs_63318be6a86c28aa,PCA Reconstruction,total_quantity_rolling_std,0.8438415179888508
obs_63318be6a86c28aa,PCA Reconstruction,simulated_actual_payout_lag_12,0.7930480782517273
obs_020a3daac8d5a886,PCA Reconstruction,simulated_actual_payout_year_over_year_growth,0.7461404606919753
obs_020a3daac8d5a886,PCA Reconstruction,total_sales_lag_12,0.3973610747891913
obs_020a3daac8d5a886,PCA Reconstruction,total_sales_year_over_year_growth,0.2516441244009291
obs_b736e2a838b4cc2d,PCA Reconstruction,product_breadth_change,0.2541358674855425
obs_b736e2a838b4cc2d,PCA Reconstruction,simulated_actual_payout_lag_12,0.2503712826511268
obs_b736e2a838b4cc2d,PCA Reconstruction,simulated_actual_payout_year_over_year_growth,0.19508731723682377
obs_7ee56118602d5484,PCA Reconstruction,distributor_mix_change,0.6212749397220291
obs_7ee56118602d5484,PCA Reconstruction,total_quantity_year_over_year_growth,0.4929116110856314
obs_7ee56118602d5484,PCA Reconstruction,country_mix,0.3335497345089012
obs_0440c545ba985eb1,PCA Reconstruction,simulated_actual_payout_trend,0.2492835562160648
obs_0440c545ba985eb1,PCA Reconstruction,total_sales_rolling_mean_3,0.22788090324518384
obs_0440c545ba985eb1,PCA Reconstruction,total_quantity_lag_1,0.20543181662685986
obs_48f0d611bca2c6ed,PCA Reconstruction,distributor_concentration,1.0792676811592896
obs_48f0d611bca2c6ed,PCA Reconstruction,product_class_share,0.792390897337615
obs_48f0d611bca2c6ed,PCA Reconstruction,distributor_count,0.5186062497363589
obs_bd3145d07fd9cac8,PCA Reconstruction,product_mix_change,1.6984255811555904
obs_bd3145d07fd9cac8,PCA Reconstruction,distinct_customers_team_relative,0.5554248616399953
obs_bd3145d07fd9cac8,PCA Reconstruction,customer_loss_rate,0.4991651449678778
obs_5c6a61e0c9792ecc,PCA Reconstruction,total_quantity_lag_12,0.696116259805008
obs_5c6a61e0c9792ecc,PCA Reconstruction,distinct_customers_team_relative,0.5957978838185443
obs_5c6a61e0c9792ecc,PCA Reconstruction,country_mix,0.5125209646878757
obs_5fe4bb7aac642e27,PCA Reconstruction,new_customers,1.014024070890385
obs_5fe4bb7aac642e27,PCA Reconstruction,simulated_actual_payout_lag_12,0.5635473182787296
obs_5fe4bb7aac642e27,PCA Reconstruction,total_quantity_rolling_std,0.5351325239542187
obs_cdfe529bad55d8c9,PCA Reconstruction,new_customers,0.857830435112072
obs_cdfe529bad55d8c9,PCA Reconstruction,simulated_actual_payout_lag_12,0.4252688422643619
obs_cdfe529bad55d8c9,PCA Reconstruction,distinct_customers_lag_2,0.37536055619335285
obs_a23f8156bc3bc3fe,PCA Reconstruction,product_breadth_change,1.746166718402477
obs_a23f8156bc3bc3fe,PCA Reconstruction,new_customers,0.45320293188019184
obs_a23f8156bc3bc3fe,PCA Reconstruction,simulated_actual_payout_year_over_year_growth,0.4140744364285939
obs_c4103f019ef5a7a9,PCA Reconstruction,new_customers,2.0031119060293947
obs_c4103f019ef5a7a9,PCA Reconstruction,distributor_count,1.7087356707246326
obs_c4103f019ef5a7a9,PCA Reconstruction,total_quantity_peer_median,1.021835198158545
obs_2377e7f08916fe5a,PCA Reconstruction,distinct_customers_rolling_std,1.4160253822528006
obs_2377e7f08916fe5a,PCA Reconstruction,product_breadth_change,1.3193754711291419
obs_2377e7f08916fe5a,PCA Reconstruction,total_quantity_month_over_month_growth,1.1557124330185282
obs_0c6472ff7367b6e1,PCA Reconstruction,distributor_count,3.551839285045219
obs_0c6472ff7367b6e1,PCA Reconstruction,new_customers,3.1222631941763375
obs_0c6472ff7367b6e1,PCA Reconstruction,simulated_actual_payout_peer_median,2.139689324564024
obs_de8639cf7c1808d7,PCA Reconstruction,new_customers,4.83770091157642
obs_de8639cf7c1808d7,PCA Reconstruction,distributor_mix_change,4.3424831293537
obs_de8639cf7c1808d7,PCA Reconstruction,distinct_customers_lag_2,1.6825358855901116
obs_154c1d1a1ba3152c,PCA Reconstruction,simulated_payout_to_sales_ratio,0.8730579423030372
obs_154c1d1a1ba3152c,PCA Reconstruction,distinct_products,0.49429493923763257
obs_154c1d1a1ba3152c,PCA Reconstruction,customer_loss_rate,0.39234470157964746
obs_a8268acde4b8eaf8,PCA Reconstruction,total_quantity_rolling_mean_6,0.5936161646251275
obs_a8268acde4b8eaf8,PCA Reconstruction,total_sales_rolling_mean_6,0.43638018770407305
obs_a8268acde4b8eaf8,PCA Reconstruction,simulated_actual_payout_rolling_MAD,0.39990425997208556
obs_f18114503d67d0f3,PCA Reconstruction,total_quantity_rolling_std,0.8793958258145824
obs_f18114503d67d0f3,PCA Reconstruction,total_sales_rolling_median,0.779619238708514
obs_f18114503d67d0f3,PCA Reconstruction,product_mix_change,0.47649164883886175
obs_d854c829244150d9,PCA Reconstruction,distributor_mix_change,0.6275863499287303
obs_d854c829244150d9,PCA Reconstruction,simulated_actual_payout_trend,0.5929375337131767
obs_d854c829244150d9,PCA Reconstruction,total_quantity_history_deviation,0.4803923430298104
obs_ebeb8afb53f24cc0,PCA Reconstruction,average_price,0.5718214951481302
obs_ebeb8afb53f24cc0,PCA Reconstruction,product_breadth_change,0.5093955830041478
obs_ebeb8afb53f24cc0,PCA Reconstruction,median_price,0.5036700486914267
obs_4bebf820e8e4332d,PCA Reconstruction,product_breadth_change,0.4395578811519346
obs_4bebf820e8e4332d,PCA Reconstruction,total_quantity_rolling_median,0.4304096644022705
obs_4bebf820e8e4332d,PCA Reconstruction,total_sales_rolling_median,0.38341056084108205
obs_028db214774bf3fd,PCA Reconstruction,customer_loss_rate,0.30402438873352605
obs_028db214774bf3fd,PCA Reconstruction,simulated_payout_to_sales_ratio,0.298473004195362
obs_028db214774bf3fd,PCA Reconstruction,channel_mix,0.29417069261052076
obs_089b36475b709e7c,PCA Reconstruction,total_quantity_lag_3,0.2813871406565566
obs_089b36475b709e7c,PCA Reconstruction,distributor_mix_change,0.25982126411426476
obs_089b36475b709e7c,PCA Reconstruction,total_sales_trend,0.22669109387282885
obs_29273ce4af30e523,PCA Reconstruction,customer_loss_rate,0.5803953895417067
obs_29273ce4af30e523,PCA Reconstruction,simulated_actual_payout_lag_12,0.19159049234012285
obs_29273ce4af30e523,PCA Reconstruction,total_sales_rolling_median,0.18101028403198932
obs_47df8de1f8b499ed,PCA Reconstruction,distinct_customers_lag_2,0.309794437518086
obs_47df8de1f8b499ed,PCA Reconstruction,distinct_customers_history_deviation,0.2348602092840285
obs_47df8de1f8b499ed,PCA Reconstruction,distinct_customers_team_relative,0.18439605261577754
obs_6b6ff1c7fb151f8e,PCA Reconstruction,product_class_share,0.46855725117843877
obs_6b6ff1c7fb151f8e,PCA Reconstruction,distributor_mix_change,0.34477063682562104
obs_6b6ff1c7fb151f8e,PCA Reconstruction,product_breadth_change,0.34443811552973735
obs_b53d6350e9a049b1,PCA Reconstruction,simulated_actual_payout_history_deviation,0.6345310002358597
obs_b53d6350e9a049b1,PCA Reconstruction,product_breadth_change,0.4790237399555049
obs_b53d6350e9a049b1,PCA Reconstruction,customer_loss_rate,0.34004455871946976
obs_b952e4043d62e0d6,PCA Reconstruction,simulated_actual_payout_lag_12,0.6842099136770067
obs_b952e4043d62e0d6,PCA Reconstruction,customer_loss_rate,0.46122547209827813
obs_b952e4043d62e0d6,PCA Reconstruction,country_mix,0.44501787929944625
obs_118404618c74dca2,PCA Reconstruction,simulated_actual_payout_year_over_year_growth,1.0146559487077431
obs_118404618c74dca2,PCA Reconstruction,simulated_actual_payout_lag_12,0.44874466379689926
obs_118404618c74dca2,PCA Reconstruction,subchannel_mix,0.40899666920616357
obs_4889326aedd448a7,PCA Reconstruction,product_mix_change,1.2265456058238875
obs_4889326aedd448a7,PCA Reconstruction,simulated_actual_payout_year_over_year_growth,0.6987667728452872
obs_4889326aedd448a7,PCA Reconstruction,country_mix,0.6643561679588765
obs_d58927a034600285,PCA Reconstruction,subchannel_mix,0.3745472843600847
obs_d58927a034600285,PCA Reconstruction,distributor_mix_change,0.24544402176983576
obs_d58927a034600285,PCA Reconstruction,distinct_products,0.21898139351054505
obs_8ff6c0b7bf653105,PCA Reconstruction,distributor_concentration,0.4225342125740883
obs_8ff6c0b7bf653105,PCA Reconstruction,country_mix,0.2851014253362786
obs_8ff6c0b7bf653105,PCA Reconstruction,simulated_actual_payout_rolling_median,0.2451468204235221
obs_e47ca23204bbb3b2,PCA Reconstruction,product_concentration,1.1076029592106291
obs_e47ca23204bbb3b2,PCA Reconstruction,distributor_mix_change,0.9147683067564045
obs_e47ca23204bbb3b2,PCA Reconstruction,rank_change,0.41059058298516915
obs_4beb8f6a4d8a2e19,PCA Reconstruction,distributor_mix_change,0.9196705256040734
obs_4beb8f6a4d8a2e19,PCA Reconstruction,distinct_customers_rolling_std,0.6741224499638061
obs_4beb8f6a4d8a2e19,PCA Reconstruction,total_quantity_peer_percentile,0.6421729612482825
obs_0419ff12a579654b,PCA Reconstruction,product_mix_change,1.591903985677004
obs_0419ff12a579654b,PCA Reconstruction,distinct_customers_team_relative,0.8790626276938065
obs_0419ff12a579654b,PCA Reconstruction,total_quantity_peer_median,0.8777915947754902
obs_0fa459ae12407e95,PCA Reconstruction,new_customers,0.7771525280409494
obs_0fa459ae12407e95,PCA Reconstruction,country_mix,0.5534167408483807
obs_0fa459ae12407e95,PCA Reconstruction,distributor_count,0.5315115583502242
obs_bda94eddac6e3229,PCA Reconstruction,distinct_customers_rolling_std,0.8727806671522615
obs_bda94eddac6e3229,PCA Reconstruction,distinct_customers_team_relative,0.5571474726457089
obs_bda94eddac6e3229,PCA Reconstruction,distinct_products,0.5285339118097433
obs_39b8dd5eeaeca1e9,PCA Reconstruction,new_customers,1.0923492949390403
obs_39b8dd5eeaeca1e9,PCA Reconstruction,distinct_customers_lag_2,0.4880147111122637
obs_39b8dd5eeaeca1e9,PCA Reconstruction,average_price,0.4502630380511896
obs_da569ddaf01a28dd,PCA Reconstruction,new_customers,0.9394999680456088
obs_da569ddaf01a28dd,PCA Reconstruction,country_mix,0.5836094090892429
obs_da569ddaf01a28dd,PCA Reconstruction,distributor_concentration,0.5522492861034723
obs_4b6156e52f599913,PCA Reconstruction,distributor_count,2.1856654903840127
obs_4b6156e52f599913,PCA Reconstruction,simulated_actual_payout_peer_median,0.8526838854113589
obs_4b6156e52f599913,PCA Reconstruction,product_breadth_change,0.6273023525769871
obs_a60cd302ff931258,PCA Reconstruction,simulated_actual_payout_peer_median,1.2944739618713568
obs_a60cd302ff931258,PCA Reconstruction,rank_change,1.0636858453097222
obs_a60cd302ff931258,PCA Reconstruction,distinct_customers_rolling_std,0.9403738288061907
obs_7eb0ce7600bf8974,PCA Reconstruction,new_customers,3.882032093218883
obs_7eb0ce7600bf8974,PCA Reconstruction,simulated_actual_payout_peer_median,2.5374829873552525
obs_7eb0ce7600bf8974,PCA Reconstruction,distributor_count,1.9876232020883573
obs_f753afdb6e06e37c,PCA Reconstruction,distributor_mix_change,3.4026032371796804
obs_f753afdb6e06e37c,PCA Reconstruction,new_customers,2.488836228325874
obs_f753afdb6e06e37c,PCA Reconstruction,distinct_customers_rolling_std,1.474754100281177
obs_1a0e10c779fcf4ec,PCA Reconstruction,distributor_count,0.2579678761464239
obs_1a0e10c779fcf4ec,PCA Reconstruction,product_class_share,0.2563411965079558
obs_1a0e10c779fcf4ec,PCA Reconstruction,subchannel_mix,0.16641357142633192
obs_314a98cd4e2b871c,PCA Reconstruction,distributor_concentration,3.4386047793488665
obs_314a98cd4e2b871c,PCA Reconstruction,distinct_customers_history_deviation,0.7727784288703557
obs_314a98cd4e2b871c,PCA Reconstruction,product_concentration,0.5629987765927157
obs_f145d72eab09f819,PCA Reconstruction,distinct_customers_lag_3,0.6799627755042955
obs_f145d72eab09f819,PCA Reconstruction,product_mix_change,0.6162409293356669
obs_f145d72eab09f819,PCA Reconstruction,distributor_mix_change,0.5635529486648171
obs_0ef32fe52a570a0a,PCA Reconstruction,distributor_count,0.4741184684675601
obs_0ef32fe52a570a0a,PCA Reconstruction,average_price,0.45607915153945805
obs_0ef32fe52a570a0a,PCA Reconstruction,median_price,0.26426877046523467
obs_841b343ef7d93d8f,PCA Reconstruction,distributor_count,0.4595451812867877
obs_841b343ef7d93d8f,PCA Reconstruction,simulated_actual_payout_lag_12,0.4029411333006086
obs_841b343ef7d93d8f,PCA Reconstruction,product_class_share,0.37002030363670774
obs_2ec7bd68440d75fe,PCA Reconstruction,total_sales_history_deviation,0.23070028062704614
obs_2ec7bd68440d75fe,PCA Reconstruction,rank_change,0.21723669065419676
obs_2ec7bd68440d75fe,PCA Reconstruction,product_breadth_change,0.19292330648597328
obs_6c43cd2fe99b518c,PCA Reconstruction,product_breadth_change,1.6049420506586103
obs_6c43cd2fe99b518c,PCA Reconstruction,average_price,0.20705067485809078
obs_6c43cd2fe99b518c,PCA Reconstruction,total_quantity_team_relative,0.16440699934273717
obs_45d6504b2b111753,PCA Reconstruction,distributor_mix_change,0.503427596966028
obs_45d6504b2b111753,PCA Reconstruction,product_breadth_change,0.48321175059819876
obs_45d6504b2b111753,PCA Reconstruction,simulated_actual_payout_peer_median,0.27359239777792305
obs_10f7714a6ea99690,PCA Reconstruction,distributor_mix_change,0.6215416600533433
obs_10f7714a6ea99690,PCA Reconstruction,product_breadth_change,0.387489310534494
obs_10f7714a6ea99690,PCA Reconstruction,repeat_customer_ratio,0.375265154784025
obs_af849a5e76efc113,PCA Reconstruction,distributor_mix_change,0.5703299335923029
obs_af849a5e76efc113,PCA Reconstruction,distributor_count,0.32550367940970987
obs_af849a5e76efc113,PCA Reconstruction,total_sales_peer_percentile,0.3123029181692752
obs_7bd95a9694ac5a71,PCA Reconstruction,total_quantity_peer_median,0.29588845963348304
obs_7bd95a9694ac5a71,PCA Reconstruction,customer_loss_rate,0.24386845205276317
obs_7bd95a9694ac5a71,PCA Reconstruction,product_breadth_change,0.23576157912109869
obs_e910a18031034c1d,PCA Reconstruction,product_mix_change,0.8371125896173636
obs_e910a18031034c1d,PCA Reconstruction,product_breadth_change,0.4327870946421106
obs_e910a18031034c1d,PCA Reconstruction,simulated_actual_payout_acceleration,0.3041080822914471
obs_e7f5d4735bdff3d6,PCA Reconstruction,product_breadth_change,0.9560924714384355
obs_e7f5d4735bdff3d6,PCA Reconstruction,simulated_actual_payout_lag_12,0.535458877982366
obs_e7f5d4735bdff3d6,PCA Reconstruction,product_class_share,0.4322226710736116
obs_85871b41c90627a9,PCA Reconstruction,total_sales_history_deviation,0.6051810068456734
obs_85871b41c90627a9,PCA Reconstruction,simulated_actual_payout_trend,0.5864595396006972
obs_85871b41c90627a9,PCA Reconstruction,total_quantity_rolling_median,0.5170090752989581
obs_9319aa5248630ad5,PCA Reconstruction,distinct_customers_history_deviation,0.7101611256613793
obs_9319aa5248630ad5,PCA Reconstruction,distributor_mix_change,0.6730193387110798
obs_9319aa5248630ad5,PCA Reconstruction,distinct_customers_rolling_MAD,0.6127761750539432
obs_b9bf282772d12bb6,PCA Reconstruction,rank_change,0.38479746115109925
obs_b9bf282772d12bb6,PCA Reconstruction,distributor_concentration,0.34173240234307645
obs_b9bf282772d12bb6,PCA Reconstruction,product_mix_change,0.31925481875195993
obs_eaecbbfc5084df63,PCA Reconstruction,product_breadth_change,0.4450562101691478
obs_eaecbbfc5084df63,PCA Reconstruction,customer_loss_rate,0.4438915393020505
obs_eaecbbfc5084df63,PCA Reconstruction,total_quantity_history_deviation,0.33785121754351033
obs_6f5d602835b95c31,PCA Reconstruction,product_mix_change,0.5754361169660017
obs_6f5d602835b95c31,PCA Reconstruction,rank_change,0.22185396953440842
obs_6f5d602835b95c31,PCA Reconstruction,distributor_count,0.20811851112702803
obs_9535f59e1da49fb9,PCA Reconstruction,distributor_mix_change,1.4229002697423894
obs_9535f59e1da49fb9,PCA Reconstruction,product_class_share,0.7075497613539886
obs_9535f59e1da49fb9,PCA Reconstruction,distinct_customers_team_relative,0.5114380559481481
obs_b6d0806d153187c5,PCA Reconstruction,simulated_actual_payout_lag_12,0.5135607719975935
obs_b6d0806d153187c5,PCA Reconstruction,distributor_mix_change,0.5028108939810277
obs_b6d0806d153187c5,PCA Reconstruction,distinct_products,0.2693481308818687
obs_13f1aa61197ea45d,PCA Reconstruction,product_breadth_change,0.9462979520121474
obs_13f1aa61197ea45d,PCA Reconstruction,distinct_customers_team_relative,0.7386305333774089
obs_13f1aa61197ea45d,PCA Reconstruction,simulated_actual_payout_lag_12,0.6557971236374142
obs_c2746c6d1a230f77,PCA Reconstruction,simulated_actual_payout_year_over_year_growth,0.8279652936744378
obs_c2746c6d1a230f77,PCA Reconstruction,total_sales_lag_12,0.6654410605507801
obs_c2746c6d1a230f77,PCA Reconstruction,simulated_actual_payout_lag_12,0.5587743810298015
obs_97e49fd0497d2bc9,PCA Reconstruction,distributor_mix_change,1.399302194164423
obs_97e49fd0497d2bc9,PCA Reconstruction,distinct_customers_team_relative,0.8623668333242273
obs_97e49fd0497d2bc9,PCA Reconstruction,product_breadth_change,0.8160346740324728
obs_3fbd7c27458da79a,PCA Reconstruction,new_customers,1.4994466787512983
obs_3fbd7c27458da79a,PCA Reconstruction,rank_change,0.6844071273883056
obs_3fbd7c27458da79a,PCA Reconstruction,distinct_customers_rolling_MAD,0.4907173633712461
obs_b8ce099d96f0602e,PCA Reconstruction,distributor_count,1.9388203578234284
obs_b8ce099d96f0602e,PCA Reconstruction,total_quantity_peer_median,0.7013745316992333
obs_b8ce099d96f0602e,PCA Reconstruction,distinct_customers_rolling_std,0.6575433727297689
obs_c99f5a8d215c53ad,PCA Reconstruction,new_customers,2.832887595739167
obs_c99f5a8d215c53ad,PCA Reconstruction,simulated_actual_payout_peer_median,2.0698647634875122
obs_c99f5a8d215c53ad,PCA Reconstruction,distributor_mix_change,1.0081569967469564
obs_0b872227274ab87b,PCA Reconstruction,new_customers,3.8310747899215967
obs_0b872227274ab87b,PCA Reconstruction,distributor_count,2.5457329832827273
obs_0b872227274ab87b,PCA Reconstruction,simulated_actual_payout_peer_median,2.0123199157782174
obs_29409348634dab0b,PCA Reconstruction,new_customers,1.3692215070579892
obs_29409348634dab0b,PCA Reconstruction,distinct_customers_rolling_std,1.2092286125359344
obs_29409348634dab0b,PCA Reconstruction,distributor_mix_change,1.0752377686387848
obs_80394ba55aa01467,PCA Reconstruction,distinct_products,0.24203717642844905
obs_80394ba55aa01467,PCA Reconstruction,average_price,0.16672435278471184
obs_80394ba55aa01467,PCA Reconstruction,product_class_share,0.08670722012582088
obs_647f912e8f747fce,PCA Reconstruction,distinct_products,0.3493862465326846
obs_647f912e8f747fce,PCA Reconstruction,product_breadth_change,0.20268194301862166
obs_647f912e8f747fce,PCA Reconstruction,total_quantity_month_over_month_growth,0.19105148538297512
obs_82297644314f444d,PCA Reconstruction,total_quantity_rolling_std,0.5751570722260934
obs_82297644314f444d,PCA Reconstruction,product_breadth_change,0.555188140444815
obs_82297644314f444d,PCA Reconstruction,total_quantity_team_relative,0.3415645429633957
obs_82b535f9b798fe87,PCA Reconstruction,distributor_count,3.4090347281967044
obs_82b535f9b798fe87,PCA Reconstruction,simulated_actual_payout_history_deviation,0.915949908385447
obs_82b535f9b798fe87,PCA Reconstruction,distributor_mix_change,0.7597852224648429
obs_fbe856870eb02757,PCA Reconstruction,product_breadth_change,0.48960814102959754
obs_fbe856870eb02757,PCA Reconstruction,distributor_concentration,0.3753119922735669
obs_fbe856870eb02757,PCA Reconstruction,distributor_count,0.27377848573335545
obs_1aa0b80892769768,PCA Reconstruction,distributor_concentration,0.4094416054438682
obs_1aa0b80892769768,PCA Reconstruction,distributor_mix_change,0.3270746224812118
obs_1aa0b80892769768,PCA Reconstruction,product_mix_change,0.23294146765501403
obs_839771c75eddabf4,PCA Reconstruction,distributor_mix_change,1.34298772790557
obs_839771c75eddabf4,PCA Reconstruction,simulated_actual_payout_lag_12,0.2319796161664452
obs_839771c75eddabf4,PCA Reconstruction,total_quantity_lag_2,0.19032632899337604
obs_fecdb2eb900a099c,PCA Reconstruction,distributor_count,0.26527917866763223
obs_fecdb2eb900a099c,PCA Reconstruction,average_price,0.14911691821168657
obs_fecdb2eb900a099c,PCA Reconstruction,distributor_mix_change,0.11711106354406443
obs_7b4eff6f4a2cea3f,PCA Reconstruction,product_mix_change,0.8647958313577068
obs_7b4eff6f4a2cea3f,PCA Reconstruction,distributor_mix_change,0.5644480199045504
obs_7b4eff6f4a2cea3f,PCA Reconstruction,customer_loss_rate,0.26858139402073494
obs_2ca11d9d5d498566,PCA Reconstruction,product_breadth_change,0.31136110481742607
obs_2ca11d9d5d498566,PCA Reconstruction,distinct_customers_team_relative,0.25215538354563855
obs_2ca11d9d5d498566,PCA Reconstruction,distributor_count,0.2084036283500695
obs_4e2467ccf8a0c613,PCA Reconstruction,distributor_concentration,0.5350565370765356
obs_4e2467ccf8a0c613,PCA Reconstruction,distinct_customers_rolling_std,0.3077539790992742
obs_4e2467ccf8a0c613,PCA Reconstruction,distributor_mix_change,0.17705607291148842
obs_81a9d571ad0f3c40,PCA Reconstruction,new_customers,0.32158669417940505
obs_81a9d571ad0f3c40,PCA Reconstruction,product_breadth_change,0.2502370612406277
obs_81a9d571ad0f3c40,PCA Reconstruction,dominant_product_share,0.23035178743945892
obs_396d12c62b02a8b1,PCA Reconstruction,distributor_concentration,0.4227075995454138
obs_396d12c62b02a8b1,PCA Reconstruction,simulated_actual_payout_lag_12,0.3598437441905754
obs_396d12c62b02a8b1,PCA Reconstruction,product_mix_change,0.25718670995877574
obs_e092fd0c3e760969,PCA Reconstruction,total_quantity_peer_median,0.2102230832458364
obs_e092fd0c3e760969,PCA Reconstruction,customer_loss_rate,0.19030152996484975
obs_e092fd0c3e760969,PCA Reconstruction,distinct_customers_peer_percentile,0.1872090188151246
obs_9e6330523666fc18,PCA Reconstruction,distributor_count,0.35053338016166136
obs_9e6330523666fc18,PCA Reconstruction,distinct_customers_lag_2,0.29433800652944475
obs_9e6330523666fc18,PCA Reconstruction,rank_change,0.2880452801120884
obs_f54ae4a669026e09,PCA Reconstruction,total_quantity_year_over_year_growth,1.44301971755078
obs_f54ae4a669026e09,PCA Reconstruction,total_quantity_peer_percentile,1.2872418132321224
obs_f54ae4a669026e09,PCA Reconstruction,simulated_actual_payout_year_over_year_growth,1.0366246302019944
obs_419eb1119f5a9b55,PCA Reconstruction,simulated_actual_payout_history_deviation,0.8751789365090837
obs_419eb1119f5a9b55,PCA Reconstruction,total_quantity_trend,0.4274037785796881
obs_419eb1119f5a9b55,PCA Reconstruction,simulated_actual_payout_lag_12,0.42604380697594635
obs_65421b8620999480,PCA Reconstruction,simulated_actual_payout_history_deviation,0.9250141851672388
obs_65421b8620999480,PCA Reconstruction,simulated_actual_payout_rolling_MAD,0.5717129184532131
obs_65421b8620999480,PCA Reconstruction,simulated_actual_payout_acceleration,0.3272470452203257
obs_eff8caabec843516,PCA Reconstruction,distinct_customers_rolling_std,0.8542956726814109
obs_eff8caabec843516,PCA Reconstruction,product_class_share,0.6006302064786168
obs_eff8caabec843516,PCA Reconstruction,distributor_mix_change,0.588451482373972
obs_7549f5a41db1d2a3,PCA Reconstruction,distinct_customers_rolling_std,1.0941288831849674
obs_7549f5a41db1d2a3,PCA Reconstruction,new_customers,1.0221123435943527
obs_7549f5a41db1d2a3,PCA Reconstruction,total_quantity_rolling_mean_3,0.4914632252355535
obs_a50d859059b89990,PCA Reconstruction,new_customers,1.1408924568666223
obs_a50d859059b89990,PCA Reconstruction,total_quantity_lag_2,0.4279797453754021
obs_a50d859059b89990,PCA Reconstruction,total_quantity_rolling_mean_3,0.4075238720944851
obs_9d34fa66d4e5582c,PCA Reconstruction,new_customers,1.9756978708311337
obs_9d34fa66d4e5582c,PCA Reconstruction,total_quantity_rolling_mean_3,1.0401114102126188
obs_9d34fa66d4e5582c,PCA Reconstruction,simulated_actual_payout_year_over_year_growth,0.5695239885387555
obs_6e06b428693eb0e4,PCA Reconstruction,new_customers,1.5338544908044944
obs_6e06b428693eb0e4,PCA Reconstruction,total_sales_rolling_MAD,0.6067194152790257
obs_6e06b428693eb0e4,PCA Reconstruction,country_mix,0.5265983827485593
obs_23aa8ee0609ca1c3,PCA Reconstruction,distributor_mix_change,1.9599963567512688
obs_23aa8ee0609ca1c3,PCA Reconstruction,new_customers,1.5647224834627214
obs_23aa8ee0609ca1c3,PCA Reconstruction,country_mix,0.5639208594369516
obs_a0ec10f16ce2ec5f,PCA Reconstruction,new_customers,2.9750115111825934
obs_a0ec10f16ce2ec5f,PCA Reconstruction,distinct_customers_history_deviation,1.339814330682161
obs_a0ec10f16ce2ec5f,PCA Reconstruction,distributor_concentration,0.9068941240576803
obs_2eca01bffa44d368,PCA Reconstruction,new_customers,7.537696079123285
obs_2eca01bffa44d368,PCA Reconstruction,distributor_count,2.246049934053096
obs_2eca01bffa44d368,PCA Reconstruction,distinct_customers_rolling_std,1.442016462937133
obs_5002acba73ef80f1,PCA Reconstruction,new_customers,3.8609672579359113
obs_5002acba73ef80f1,PCA Reconstruction,distinct_customers_lag_2,2.5645791920488796
obs_5002acba73ef80f1,PCA Reconstruction,distributor_count,2.554806441189192
obs_fc763aa90deb982e,PCA Reconstruction,new_customers,5.8279858070869714
obs_fc763aa90deb982e,PCA Reconstruction,distinct_customers_rolling_std,2.1413603414430673
obs_fc763aa90deb982e,PCA Reconstruction,product_breadth_change,2.0801007852765414
obs_64ac8dadff02984d,PCA Reconstruction,channel_mix,0.23864153827033333
obs_64ac8dadff02984d,PCA Reconstruction,subchannel_mix,0.21130828403082452
obs_64ac8dadff02984d,PCA Reconstruction,product_class_share,0.15727726081488191
obs_38676a738b01b2da,PCA Reconstruction,product_breadth_change,0.30101768580556637
obs_38676a738b01b2da,PCA Reconstruction,total_sales_peer_median,0.20067825525048033
obs_38676a738b01b2da,PCA Reconstruction,total_quantity_peer_percentile,0.18410084869503102
obs_cb3f9ee2f5c22bed,PCA Reconstruction,total_quantity_rolling_std,10.975455623722437
obs_cb3f9ee2f5c22bed,PCA Reconstruction,total_sales_rolling_mean_6,2.147303891571306
obs_cb3f9ee2f5c22bed,PCA Reconstruction,total_quantity_rolling_mean_6,1.957736617566061
obs_a24356479fcd3a45,PCA Reconstruction,distributor_concentration,1.6753620026353766
obs_a24356479fcd3a45,PCA Reconstruction,total_quantity_rolling_MAD,0.591584508290895
obs_a24356479fcd3a45,PCA Reconstruction,total_quantity_lag_3,0.40392406012001153
obs_48e33304ef0d79b4,PCA Reconstruction,distributor_concentration,0.7660755335229184
obs_48e33304ef0d79b4,PCA Reconstruction,total_sales_rolling_MAD,0.5121552564576164
obs_48e33304ef0d79b4,PCA Reconstruction,distributor_mix_change,0.44612495379009903
obs_0df14494be69de5b,PCA Reconstruction,distributor_mix_change,0.36708503220082367
obs_0df14494be69de5b,PCA Reconstruction,distributor_count,0.265944358961517
obs_0df14494be69de5b,PCA Reconstruction,distinct_customers_team_relative,0.25339655822053186
obs_2a0f8b970fd2cf99,PCA Reconstruction,distributor_mix_change,0.4825345005137007
obs_2a0f8b970fd2cf99,PCA Reconstruction,total_sales_rolling_MAD,0.23467309108484075
obs_2a0f8b970fd2cf99,PCA Reconstruction,rank_change,0.1887742998298252
obs_278ad958b9c21d1d,PCA Reconstruction,distributor_mix_change,1.0022477642274712
obs_278ad958b9c21d1d,PCA Reconstruction,total_sales_history_deviation,0.8074305030141906
obs_278ad958b9c21d1d,PCA Reconstruction,distributor_concentration,0.3532565477108342
obs_0a0c51cc5fbc8297,PCA Reconstruction,total_quantity_rolling_std,0.5012637939008241
obs_0a0c51cc5fbc8297,PCA Reconstruction,total_quantity_trend,0.3814422532671216
obs_0a0c51cc5fbc8297,PCA Reconstruction,simulated_actual_payout_trend,0.3769119539413669
obs_2d78342e88e2905d,PCA Reconstruction,product_breadth_change,1.0246670124795296
obs_2d78342e88e2905d,PCA Reconstruction,distinct_customers_history_deviation,0.7258408722159672
obs_2d78342e88e2905d,PCA Reconstruction,product_mix_change,0.6830118569903303
obs_c4c3d58644e26467,PCA Reconstruction,product_class_share,0.5287339929283252
obs_c4c3d58644e26467,PCA Reconstruction,product_breadth_change,0.48637995869987205
obs_c4c3d58644e26467,PCA Reconstruction,new_customers,0.2861935037145896
obs_f84e516d55fa22fb,PCA Reconstruction,product_breadth_change,0.4947077906257575
obs_f84e516d55fa22fb,PCA Reconstruction,product_mix_change,0.45691325794088045
obs_f84e516d55fa22fb,PCA Reconstruction,simulated_actual_payout_team_relative,0.4456879929444547
obs_3f2ccc085c72a579,PCA Reconstruction,simulated_actual_payout_lag_12,0.6807001121081776
obs_3f2ccc085c72a579,PCA Reconstruction,product_breadth_change,0.5142790108814062
obs_3f2ccc085c72a579,PCA Reconstruction,distributor_concentration,0.4321940843070594
obs_9f746b2b79caeaeb,PCA Reconstruction,product_mix_change,0.720959394261776
obs_9f746b2b79caeaeb,PCA Reconstruction,customer_loss_rate,0.6467213890276471
obs_9f746b2b79caeaeb,PCA Reconstruction,total_quantity_rolling_std,0.23799035345078715
obs_8fef2e625aee0cee,PCA Reconstruction,product_mix_change,1.2064545373358462
obs_8fef2e625aee0cee,PCA Reconstruction,subchannel_mix,0.5179787053401493
obs_8fef2e625aee0cee,PCA Reconstruction,distributor_mix_change,0.45162352051487104
obs_8ee538feda162af2,PCA Reconstruction,distributor_mix_change,1.6404917674368404
obs_8ee538feda162af2,PCA Reconstruction,product_mix_change,0.518961288022271
obs_8ee538feda162af2,PCA Reconstruction,total_sales_history_deviation,0.2782727581097797
obs_4697f4e2d9fe010b,PCA Reconstruction,simulated_actual_payout_peer_z,0.444567473679336
obs_4697f4e2d9fe010b,PCA Reconstruction,product_breadth_change,0.41813101587651186
obs_4697f4e2d9fe010b,PCA Reconstruction,rank_change,0.3426989709442701
obs_03a50dbaf024fc40,PCA Reconstruction,distributor_mix_change,0.7052554734833033
obs_03a50dbaf024fc40,PCA Reconstruction,country_mix,0.5892009761958632
obs_03a50dbaf024fc40,PCA Reconstruction,total_sales_history_deviation,0.580622132003398
obs_c2339ed6bd9d90e6,PCA Reconstruction,product_class_share,0.6729954275851276
obs_c2339ed6bd9d90e6,PCA Reconstruction,simulated_actual_payout_lag_12,0.5673996783560901
obs_c2339ed6bd9d90e6,PCA Reconstruction,total_sales_lag_12,0.41512846215143645
obs_2f32ddd0a2e94a9f,PCA Reconstruction,distributor_concentration,0.4981326932770262
obs_2f32ddd0a2e94a9f,PCA Reconstruction,distinct_customers_rolling_std,0.352846228462154
obs_2f32ddd0a2e94a9f,PCA Reconstruction,distinct_customers_team_relative,0.294711735608287
obs_ff228098000f31a4,PCA Reconstruction,new_customers,1.1747818728718002
obs_ff228098000f31a4,PCA Reconstruction,representative_rank,0.6801991969504033
obs_ff228098000f31a4,PCA Reconstruction,country_mix,0.4514697266427534
obs_e10040da5653d166,PCA Reconstruction,new_customers,1.6565839999480971
obs_e10040da5653d166,PCA Reconstruction,simulated_actual_payout_lag_12,1.1331486747591715
obs_e10040da5653d166,PCA Reconstruction,simulated_actual_payout_year_over_year_growth,0.5730850576645231
obs_a40688e3012fb701,PCA Reconstruction,new_customers,2.466642569539885
obs_a40688e3012fb701,PCA Reconstruction,product_breadth_change,0.7399933393287098
obs_a40688e3012fb701,PCA Reconstruction,simulated_actual_payout_lag_12,0.6941713046426026
obs_832b2a61982038e4,PCA Reconstruction,new_customers,4.141833358588713
obs_832b2a61982038e4,PCA Reconstruction,distributor_concentration,1.3935418799325505
obs_832b2a61982038e4,PCA Reconstruction,distributor_mix_change,0.6282365911916536
obs_db0fcfce59c29ec3,PCA Reconstruction,distributor_count,1.5262211265051135
obs_db0fcfce59c29ec3,PCA Reconstruction,total_sales_team_relative,0.8646151044926017
obs_db0fcfce59c29ec3,PCA Reconstruction,distributor_mix_change,0.801794788527806
obs_b7104111d63806bf,PCA Reconstruction,new_customers,3.6484366915605895
obs_b7104111d63806bf,PCA Reconstruction,distinct_customers_rolling_std,1.1985867306546507
obs_b7104111d63806bf,PCA Reconstruction,distributor_count,1.1034163597538664
obs_93f16dd623a75aba,PCA Reconstruction,new_customers,3.945091472943318
obs_93f16dd623a75aba,PCA Reconstruction,distributor_count,1.3578096046165538
obs_93f16dd623a75aba,PCA Reconstruction,distinct_customers_lag_2,1.343180393770229
obs_81e5813f62b2c57a,PCA Reconstruction,new_customers,7.852496769518932
obs_81e5813f62b2c57a,PCA Reconstruction,distinct_customers_rolling_std,1.448792318875016
obs_81e5813f62b2c57a,PCA Reconstruction,distinct_customers_year_over_year_growth,0.7441053064398097
obs_1aa795299e0cb6ce,PCA Reconstruction,simulated_payout_to_sales_ratio,0.3611774502857606
obs_1aa795299e0cb6ce,PCA Reconstruction,channel_mix,0.30833769568751096
obs_1aa795299e0cb6ce,PCA Reconstruction,customer_loss_rate,0.20194788994829424
obs_a52a27f658b8e268,PCA Reconstruction,subchannel_mix,1.439110158555275
obs_a52a27f658b8e268,PCA Reconstruction,distributor_mix_change,0.9751878254872174
obs_a52a27f658b8e268,PCA Reconstruction,representative_rank,0.7514582297834617
obs_947acac2d689eb52,PCA Reconstruction,distinct_customers_rolling_std,2.2208232364563347
obs_947acac2d689eb52,PCA Reconstruction,total_quantity_rolling_std,0.9260161279850185
obs_947acac2d689eb52,PCA Reconstruction,simulated_actual_payout_history_deviation,0.4599768257068793
obs_eafee8335b376eb9,PCA Reconstruction,simulated_actual_payout_trend,0.5283052412901337
obs_eafee8335b376eb9,PCA Reconstruction,product_breadth_change,0.4765424799965962
obs_eafee8335b376eb9,PCA Reconstruction,distinct_customers_rolling_std,0.3249825488826228
obs_497a2f5d75cba8c8,PCA Reconstruction,product_breadth_change,1.0470298197092338
obs_497a2f5d75cba8c8,PCA Reconstruction,product_mix_change,0.9470676719275631
obs_497a2f5d75cba8c8,PCA Reconstruction,distributor_concentration,0.8728246457155411
obs_a0e029c774718100,PCA Reconstruction,total_sales_rolling_std,0.33552365344037216
obs_a0e029c774718100,PCA Reconstruction,product_class_share,0.3322993895551193
obs_a0e029c774718100,PCA Reconstruction,product_breadth_change,0.3199605133439299
obs_aff9c9691d68d316,PCA Reconstruction,distinct_customers_history_deviation,0.2881684928364022
obs_aff9c9691d68d316,PCA Reconstruction,total_quantity_history_deviation,0.28663104183338683
obs_aff9c9691d68d316,PCA Reconstruction,simulated_actual_payout_lag_2,0.23130161255644346
obs_2d91acc0ed1eb224,PCA Reconstruction,distributor_mix_change,0.44275873621507045
obs_2d91acc0ed1eb224,PCA Reconstruction,simulated_actual_payout_team_relative,0.40926727196181345
obs_2d91acc0ed1eb224,PCA Reconstruction,distinct_customers_peer_percentile,0.37381886365285105
obs_c2868c88c9f66634,PCA Reconstruction,distributor_mix_change,0.31728281293678884
obs_c2868c88c9f66634,PCA Reconstruction,total_quantity_lag_2,0.2880478670118473
obs_c2868c88c9f66634,PCA Reconstruction,total_sales_month_over_month_growth,0.23639797530931822
obs_6707daeefe0bf398,PCA Reconstruction,product_breadth_change,0.8315124287427608
obs_6707daeefe0bf398,PCA Reconstruction,total_quantity_peer_median,0.33506710423163527
obs_6707daeefe0bf398,PCA Reconstruction,average_price,0.22534012579091378
obs_650926c97abe489d,PCA Reconstruction,distributor_concentration,4.210652933165934
obs_650926c97abe489d,PCA Reconstruction,distributor_count,1.0730221625259921
obs_650926c97abe489d,PCA Reconstruction,total_sales_history_deviation,0.5726763331933022
obs_ef23e537a280a2c6,PCA Reconstruction,total_quantity_lag_2,0.5950536633512234
obs_ef23e537a280a2c6,PCA Reconstruction,channel_mix,0.5387568489575096
obs_ef23e537a280a2c6,PCA Reconstruction,distributor_count,0.4629918737187871
obs_87b552f43a581274,PCA Reconstruction,distributor_count,0.8394909775466461
obs_87b552f43a581274,PCA Reconstruction,simulated_actual_payout_lag_12,0.800362668527581
obs_87b552f43a581274,PCA Reconstruction,subchannel_mix,0.44836807075393836
obs_8200b59379acc241,PCA Reconstruction,total_quantity_lag_2,0.8917820902303814
obs_8200b59379acc241,PCA Reconstruction,distinct_customers_lag_2,0.699353126444863
obs_8200b59379acc241,PCA Reconstruction,product_mix_change,0.3713384554556242
obs_5fe352327795efd4,PCA Reconstruction,distinct_customers_rolling_MAD,0.5194610491764984
obs_5fe352327795efd4,PCA Reconstruction,distributor_mix_change,0.4908123317669077
obs_5fe352327795efd4,PCA Reconstruction,distinct_customers_lag_2,0.34939184184348787
obs_a7abda0717fdafce,PCA Reconstruction,simulated_actual_payout_history_deviation,0.8823306151056133
obs_a7abda0717fdafce,PCA Reconstruction,product_breadth_change,0.40585652872251377
obs_a7abda0717fdafce,PCA Reconstruction,customer_loss_rate,0.2831156129917001
obs_743e3830c1000d77,PCA Reconstruction,product_mix_change,0.31924453529070884
obs_743e3830c1000d77,PCA Reconstruction,total_quantity_lag_12,0.263388893060607
obs_743e3830c1000d77,PCA Reconstruction,customer_loss_rate,0.13718665982331577
obs_408f08c4ec4b9aae,PCA Reconstruction,subchannel_mix,0.4175857543797173
obs_408f08c4ec4b9aae,PCA Reconstruction,total_sales_peer_country_product_class_relative,0.4039626608118486
obs_408f08c4ec4b9aae,PCA Reconstruction,total_sales_product_class_relative,0.3931119276745953
obs_3abbeaeaec1941c9,PCA Reconstruction,simulated_actual_payout_lag_12,0.8197303870752897
obs_3abbeaeaec1941c9,PCA Reconstruction,distinct_customers_rolling_std,0.7024941198206659
obs_3abbeaeaec1941c9,PCA Reconstruction,total_sales_lag_12,0.5291144726071896
obs_d25e74c6df97189c,PCA Reconstruction,distributor_mix_change,2.5148022600878077
obs_d25e74c6df97189c,PCA Reconstruction,simulated_actual_payout_peer_median,1.1732268371580532
obs_d25e74c6df97189c,PCA Reconstruction,distinct_products,0.9227077110296906
obs_8d0ba40c6ed54109,PCA Reconstruction,new_customers,1.0518847885721767
obs_8d0ba40c6ed54109,PCA Reconstruction,product_breadth_change,0.6491654755509993
obs_8d0ba40c6ed54109,PCA Reconstruction,distributor_count,0.5721147402718081
obs_0cf0ac05045e9dd9,PCA Reconstruction,total_quantity_lag_2,1.2898837893831785
obs_0cf0ac05045e9dd9,PCA Reconstruction,distinct_customers_rolling_std,0.9210853575407489
obs_0cf0ac05045e9dd9,PCA Reconstruction,distinct_customers_team_relative,0.8818077131369932
obs_2850203b29d86c7b,PCA Reconstruction,new_customers,3.1817418769704218
obs_2850203b29d86c7b,PCA Reconstruction,distributor_mix_change,1.330539212757601
obs_2850203b29d86c7b,PCA Reconstruction,total_quantity_lag_2,0.52111458762409
obs_4f95d43413528ed7,PCA Reconstruction,new_customers,1.3197239392625806
obs_4f95d43413528ed7,PCA Reconstruction,product_mix_change,0.966946729033356
obs_4f95d43413528ed7,PCA Reconstruction,distributor_mix_change,0.8472678926243077
obs_94a0c4eb8176a145,PCA Reconstruction,new_customers,2.882462303481519
obs_94a0c4eb8176a145,PCA Reconstruction,total_quantity_peer_median,1.7626760838479891
obs_94a0c4eb8176a145,PCA Reconstruction,distributor_count,1.5607337941504766
obs_15d69bb41dff4fe7,PCA Reconstruction,new_customers,3.8977691700778716
obs_15d69bb41dff4fe7,PCA Reconstruction,simulated_actual_payout_peer_median,2.0617846044626402
obs_15d69bb41dff4fe7,PCA Reconstruction,distinct_customers_rolling_std,1.6719031170402692
obs_b4c23df3fe6a3030,PCA Reconstruction,new_customers,10.715931739941915
obs_b4c23df3fe6a3030,PCA Reconstruction,distinct_customers_rolling_std,1.421919892173654
obs_b4c23df3fe6a3030,PCA Reconstruction,total_quantity_lag_3,1.4017005342836153
obs_e4d904bef15cb6d9,PCA Reconstruction,new_customers,2.81944451023805
obs_e4d904bef15cb6d9,PCA Reconstruction,distinct_customers_rolling_std,2.005480620497006
obs_e4d904bef15cb6d9,PCA Reconstruction,distributor_count,1.1996751296749812
obs_9c3dcfd269f1daed,PCA Reconstruction,channel_mix,0.26545353740224736
obs_9c3dcfd269f1daed,PCA Reconstruction,distinct_customers_history_deviation,0.25629091378512514
obs_9c3dcfd269f1daed,PCA Reconstruction,distinct_products,0.2558077406612655
obs_5db6a16e24782000,PCA Reconstruction,product_mix_change,0.7484033135724759
obs_5db6a16e24782000,PCA Reconstruction,product_breadth_change,0.5110751621324073
obs_5db6a16e24782000,PCA Reconstruction,total_quantity_rolling_mean_6,0.48519360801159006
obs_9ff330ee056b6bf3,PCA Reconstruction,city_concentration,0.3556172565542695
obs_9ff330ee056b6bf3,PCA Reconstruction,customer_concentration,0.3556114394437475
obs_9ff330ee056b6bf3,PCA Reconstruction,distinct_customers_rolling_std,0.34583118648962957
obs_a9b92a41baf4fcfd,PCA Reconstruction,distributor_mix_change,0.6420944626339461
obs_a9b92a41baf4fcfd,PCA Reconstruction,simulated_actual_payout_lag_3,0.6118554860034645
obs_a9b92a41baf4fcfd,PCA Reconstruction,total_sales_trend,0.4046672978435193
obs_b49cf9291af38640,PCA Reconstruction,total_quantity_rolling_median,0.4417622189013482
obs_b49cf9291af38640,PCA Reconstruction,subchannel_mix,0.4390493991160871
obs_b49cf9291af38640,PCA Reconstruction,simulated_actual_payout_lag_12,0.3761123669830564
obs_1ecc14141825d009,PCA Reconstruction,total_quantity_history_deviation,0.7398088861948395
obs_1ecc14141825d009,PCA Reconstruction,distinct_products,0.7289283974736616
obs_1ecc14141825d009,PCA Reconstruction,distributor_concentration,0.6093996178381389
obs_1b6de767e8ff2313,PCA Reconstruction,product_breadth_change,1.7807621693098041
obs_1b6de767e8ff2313,PCA Reconstruction,simulated_actual_payout_lag_12,0.8664963369576556
obs_1b6de767e8ff2313,PCA Reconstruction,distributor_mix_change,0.4307489962466431
obs_88347e381f25c2a3,PCA Reconstruction,simulated_actual_payout_peer_percentile,0.2579508816602033
obs_88347e381f25c2a3,PCA Reconstruction,distinct_customers_history_deviation,0.23173514389479624
obs_88347e381f25c2a3,PCA Reconstruction,total_quantity_lag_2,0.22577196017031412
obs_f1287555d5f46daa,PCA Reconstruction,distributor_concentration,0.28425882736453795
obs_f1287555d5f46daa,PCA Reconstruction,total_quantity_trend,0.22757907782239756
obs_f1287555d5f46daa,PCA Reconstruction,total_quantity_lag_2,0.18753287063446064
obs_5f4f5b630be891ef,PCA Reconstruction,customer_loss_rate,0.33907550898507965
obs_5f4f5b630be891ef,PCA Reconstruction,total_sales_peer_z,0.3275930287833413
obs_5f4f5b630be891ef,PCA Reconstruction,total_quantity_peer_median,0.19230180081981366
obs_b8596af14b0de19a,PCA Reconstruction,distributor_concentration,0.7439997327052674
obs_b8596af14b0de19a,PCA Reconstruction,distributor_mix_change,0.4502417376583261
obs_b8596af14b0de19a,PCA Reconstruction,product_class_share,0.28020479224855344
obs_9cfab4050a288096,PCA Reconstruction,distributor_count,0.4363377137988278
obs_9cfab4050a288096,PCA Reconstruction,distinct_customers_team_relative,0.34263639802933565
obs_9cfab4050a288096,PCA Reconstruction,product_class_share,0.3166878809241713
obs_846f3c1b9f22cc40,PCA Reconstruction,product_breadth_change,0.4496400816442288
obs_846f3c1b9f22cc40,PCA Reconstruction,total_quantity_lag_12,0.3480988209810289
obs_846f3c1b9f22cc40,PCA Reconstruction,distributor_mix_change,0.22639625952009063
obs_11d1908dd080d16d,PCA Reconstruction,simulated_actual_payout_history_deviation,0.6492118206419875
obs_11d1908dd080d16d,PCA Reconstruction,distributor_mix_change,0.5375962643287706
obs_11d1908dd080d16d,PCA Reconstruction,simulated_actual_payout_rolling_median,0.3024938542815908
obs_0b5365c4f5e77a73,PCA Reconstruction,product_breadth_change,0.39440248887901674
obs_0b5365c4f5e77a73,PCA Reconstruction,simulated_actual_payout_history_deviation,0.3122682104544557
obs_0b5365c4f5e77a73,PCA Reconstruction,subchannel_mix,0.2634062805778686
obs_af37b35f684f563e,PCA Reconstruction,customer_loss_rate,0.7301798894341642
obs_af37b35f684f563e,PCA Reconstruction,simulated_payout_to_sales_ratio,0.2815978738352376
obs_af37b35f684f563e,PCA Reconstruction,product_mix_change,0.26170079000401275
obs_b8e5434a0f5313f8,PCA Reconstruction,customer_loss_rate,0.5620470548213355
obs_b8e5434a0f5313f8,PCA Reconstruction,country_mix,0.4482005907031437
obs_b8e5434a0f5313f8,PCA Reconstruction,distinct_customers_peer_percentile,0.28143403366217545
obs_ad65eea82bf5323a,PCA Reconstruction,distributor_mix_change,2.9031777865797235
obs_ad65eea82bf5323a,PCA Reconstruction,total_sales_lag_12,0.7703740209127365
obs_ad65eea82bf5323a,PCA Reconstruction,total_quantity_lag_12,0.5578135608505087
obs_5dcdeaf28a91fe21,PCA Reconstruction,product_breadth_change,0.9339895344171972
obs_5dcdeaf28a91fe21,PCA Reconstruction,distinct_customers_rolling_std,0.5520568844861957
obs_5dcdeaf28a91fe21,PCA Reconstruction,distributor_mix_change,0.37550660295328314
obs_f71b9b50c4274c0f,PCA Reconstruction,distributor_mix_change,1.8106080520794274
obs_f71b9b50c4274c0f,PCA Reconstruction,simulated_actual_payout_lag_12,0.6397895818583917
obs_f71b9b50c4274c0f,PCA Reconstruction,distinct_customers_team_relative,0.6059554000100196
obs_732536e08786e6c7,PCA Reconstruction,product_breadth_change,1.332350257634786
obs_732536e08786e6c7,PCA Reconstruction,product_concentration,0.6502607287423754
obs_732536e08786e6c7,PCA Reconstruction,simulated_actual_payout_lag_12,0.5240181906411958
obs_f65d22be8bfa06d9,PCA Reconstruction,distinct_customers_team_relative,1.0081159741667374
obs_f65d22be8bfa06d9,PCA Reconstruction,new_customers,0.764461431703325
obs_f65d22be8bfa06d9,PCA Reconstruction,simulated_actual_payout_lag_12,0.6112901456162017
obs_54820cc69d912153,PCA Reconstruction,new_customers,0.9889640050311598
obs_54820cc69d912153,PCA Reconstruction,representative_rank,0.6983052279924551
obs_54820cc69d912153,PCA Reconstruction,total_quantity_team_relative,0.5546979156864945
obs_7bee3b75cbfd01b5,PCA Reconstruction,new_customers,2.375745816391022
obs_7bee3b75cbfd01b5,PCA Reconstruction,product_mix_change,2.372067709997246
obs_7bee3b75cbfd01b5,PCA Reconstruction,product_concentration,0.9160808158625466
obs_baf102b14125479d,PCA Reconstruction,new_customers,1.9462306898548147
obs_baf102b14125479d,PCA Reconstruction,simulated_actual_payout_peer_median,1.3396892048810747
obs_baf102b14125479d,PCA Reconstruction,distributor_count,1.2607778572849475
obs_cf31dd46a83fc1e5,PCA Reconstruction,product_mix_change,5.0489367740256235
obs_cf31dd46a83fc1e5,PCA Reconstruction,new_customers,2.539238774809514
obs_cf31dd46a83fc1e5,PCA Reconstruction,total_quantity_lag_2,0.9172819582979099
obs_75a12c5a719bc3f8,PCA Reconstruction,distributor_count,2.989346397393478
obs_75a12c5a719bc3f8,PCA Reconstruction,simulated_actual_payout_peer_median,1.3619338890486403
obs_75a12c5a719bc3f8,PCA Reconstruction,new_customers,1.0185278298700886
obs_570846473486eb2a,PCA Reconstruction,new_customers,5.07258765753328
obs_570846473486eb2a,PCA Reconstruction,distributor_mix_change,1.9118375909594891
obs_570846473486eb2a,PCA Reconstruction,distributor_count,1.1265866543319043
obs_7c90c9b465b3ce03,PCA Reconstruction,distributor_concentration,0.5041925340441947
obs_7c90c9b465b3ce03,PCA Reconstruction,simulated_actual_payout_peer_percentile,0.16873558695081078
obs_7c90c9b465b3ce03,PCA Reconstruction,total_sales_rolling_median,0.15923486391888533
obs_4624815e1b6571f4,PCA Reconstruction,distributor_mix_change,0.5468318621821125
obs_4624815e1b6571f4,PCA Reconstruction,total_sales_rolling_mean_6,0.3767840200823633
obs_4624815e1b6571f4,PCA Reconstruction,total_sales_rolling_mean_3,0.3751163341710397
obs_788da99fadf55c29,PCA Reconstruction,distinct_customers_rolling_std,3.6339443598950947
obs_788da99fadf55c29,PCA Reconstruction,total_sales_rolling_std,1.1357371852694003
obs_788da99fadf55c29,PCA Reconstruction,total_quantity_rolling_mean_6,1.021503556942205
obs_be640ec06b900c95,PCA Reconstruction,simulated_payout_to_sales_ratio,1.942684282186132
obs_be640ec06b900c95,PCA Reconstruction,total_sales,1.1760512768481952
obs_be640ec06b900c95,PCA Reconstruction,product_mix_change,0.7430280709336763
obs_d20fdf27a33e0234,PCA Reconstruction,product_mix_change,2.0356186758991623
obs_d20fdf27a33e0234,PCA Reconstruction,customer_loss_rate,1.893317556748674
obs_d20fdf27a33e0234,PCA Reconstruction,total_sales_rolling_mean_3,1.2735120297187204
obs_58d925454f9e05fc,PCA Reconstruction,total_quantity_lag_2,6.893637326209915
obs_58d925454f9e05fc,PCA Reconstruction,product_mix_change,4.983015262953788
obs_58d925454f9e05fc,PCA Reconstruction,simulated_actual_payout_rolling_median,2.457285374113215
obs_65323f996fed38ad,PCA Reconstruction,total_quantity_lag_3,3.7502161751074783
obs_65323f996fed38ad,PCA Reconstruction,customer_loss_rate,1.5540630363752055
obs_65323f996fed38ad,PCA Reconstruction,simulated_payout_to_sales_ratio,1.291130752006754
obs_f5f9917acc9d5593,PCA Reconstruction,total_sales_rolling_median,0.27567018889039174
obs_f5f9917acc9d5593,PCA Reconstruction,average_price,0.25788395507722023
obs_f5f9917acc9d5593,PCA Reconstruction,median_price,0.2329095546598196
obs_e80cef77c45a5f5e,PCA Reconstruction,product_breadth_change,0.8855152902884026
obs_e80cef77c45a5f5e,PCA Reconstruction,distinct_customers_history_deviation,0.2169333805320754
obs_e80cef77c45a5f5e,PCA Reconstruction,total_sales_rolling_median,0.2040747990278222
obs_7c9ad99ab054b16d,PCA Reconstruction,product_mix_change,0.817082787936979
obs_7c9ad99ab054b16d,PCA Reconstruction,total_quantity_rolling_median,0.2976266767544731
obs_7c9ad99ab054b16d,PCA Reconstruction,total_sales_rolling_median,0.18548302360813415
obs_c9d9306b6ae8157e,PCA Reconstruction,product_mix_change,0.4962963930478978
obs_c9d9306b6ae8157e,PCA Reconstruction,product_breadth_change,0.43339074138147854
obs_c9d9306b6ae8157e,PCA Reconstruction,simulated_actual_payout_history_deviation,0.348894880490188
obs_f8232747ddf33b37,PCA Reconstruction,product_class_share,0.7995005752895621
obs_f8232747ddf33b37,PCA Reconstruction,product_breadth_change,0.6900386567282722
obs_f8232747ddf33b37,PCA Reconstruction,product_mix_change,0.25797568347873334
obs_161d6f5cb3beed1f,PCA Reconstruction,product_breadth_change,1.084529503200623
obs_161d6f5cb3beed1f,PCA Reconstruction,distributor_count,0.41278301459784716
obs_161d6f5cb3beed1f,PCA Reconstruction,distinct_customers_rolling_std,0.37614943969480413
obs_9de119baa3b059b5,PCA Reconstruction,product_breadth_change,1.0638978123651837
obs_9de119baa3b059b5,PCA Reconstruction,distinct_customers_lag_2,0.5408255259451954
obs_9de119baa3b059b5,PCA Reconstruction,customer_loss_rate,0.47472440635697083
obs_08a026b4d2571082,PCA Reconstruction,country_mix,0.4608419286043421
obs_08a026b4d2571082,PCA Reconstruction,distributor_mix_change,0.25051727268054
obs_08a026b4d2571082,PCA Reconstruction,simulated_actual_payout_history_deviation,0.2319897042826254
obs_155361f7eadc6348,PCA Reconstruction,total_sales_lag_12,27.451818869543
obs_155361f7eadc6348,PCA Reconstruction,total_sales_year_over_year_growth,16.184429149994696
obs_155361f7eadc6348,PCA Reconstruction,total_quantity_lag_12,15.27991754306844
obs_d8848fed50d11de1,PCA Reconstruction,distributor_mix_change,0.5550428094223441
obs_d8848fed50d11de1,PCA Reconstruction,product_class_share,0.20815270316912338
obs_d8848fed50d11de1,PCA Reconstruction,simulated_actual_payout_acceleration,0.142569647482575
obs_e3fcdac9c6a4c5c6,PCA Reconstruction,new_customers,0.31871538815024003
obs_e3fcdac9c6a4c5c6,PCA Reconstruction,total_quantity_history_deviation,0.3011477299907633
obs_e3fcdac9c6a4c5c6,PCA Reconstruction,simulated_actual_payout_peer_z,0.218006272421821
obs_4f83bbe75832bd5b,PCA Reconstruction,total_quantity_lag_1,0.7376096242413488
obs_4f83bbe75832bd5b,PCA Reconstruction,subchannel_mix,0.49417760619045636
obs_4f83bbe75832bd5b,PCA Reconstruction,total_sales_trend,0.48712293569533577
obs_7b7ec58e8a1270ed,PCA Reconstruction,distinct_customers_rolling_std,1.0164210199077224
obs_7b7ec58e8a1270ed,PCA Reconstruction,total_quantity_peer_median,0.883166079352458
obs_7b7ec58e8a1270ed,PCA Reconstruction,total_quantity_lag_2,0.7033055448654635
obs_1c1b4c9da23469ae,PCA Reconstruction,total_quantity_lag_3,0.8079474538413337
obs_1c1b4c9da23469ae,PCA Reconstruction,simulated_actual_payout_lag_3,0.5702114445696893
obs_1c1b4c9da23469ae,PCA Reconstruction,distinct_customers_lag_2,0.5480956905650001
obs_e9fe998905709e1d,PCA Reconstruction,distinct_customers_rolling_std,0.7765780777866839
obs_e9fe998905709e1d,PCA Reconstruction,distinct_customers_team_relative,0.7402834058987191
obs_e9fe998905709e1d,PCA Reconstruction,new_customers,0.5155408412507403
obs_0a141093362c3096,PCA Reconstruction,new_customers,2.1552490214932396
obs_0a141093362c3096,PCA Reconstruction,total_quantity_year_over_year_growth,1.1631846958378682
obs_0a141093362c3096,PCA Reconstruction,distributor_mix_change,1.0280337940979971
obs_c6dfad417a3890fc,PCA Reconstruction,total_quantity_lag_1,0.8954647840242441
obs_c6dfad417a3890fc,PCA Reconstruction,distinct_customers_rolling_std,0.6387144733234215
obs_c6dfad417a3890fc,PCA Reconstruction,total_sales_trend,0.48923340851984465
obs_86c4a6b685d8f5e6,PCA Reconstruction,distributor_count,1.8028767158370869
obs_86c4a6b685d8f5e6,PCA Reconstruction,simulated_actual_payout_peer_median,1.0976233962893929
obs_86c4a6b685d8f5e6,PCA Reconstruction,simulated_actual_payout_history_deviation,0.9849145182525045
obs_b2acf47a04294fcd,PCA Reconstruction,distributor_mix_change,1.9914289589139096
obs_b2acf47a04294fcd,PCA Reconstruction,simulated_actual_payout_peer_median,1.244933809370684
obs_b2acf47a04294fcd,PCA Reconstruction,customer_loss_rate,1.0871212698307111
obs_75dbaa4dbb0c93da,PCA Reconstruction,new_customers,6.901461804632222
obs_75dbaa4dbb0c93da,PCA Reconstruction,simulated_actual_payout_year_over_year_growth,4.232854231013633
obs_75dbaa4dbb0c93da,PCA Reconstruction,distributor_count,2.0177546182956068
obs_cd9f5091b691e0dd,PCA Reconstruction,new_customers,3.845271284572823
obs_cd9f5091b691e0dd,PCA Reconstruction,distinct_customers_rolling_std,1.8865388077395178
obs_cd9f5091b691e0dd,PCA Reconstruction,distributor_count,1.763809770229975
obs_900a98b2fa1dd5d2,PCA Reconstruction,distributor_count,0.2327071911091504
obs_900a98b2fa1dd5d2,PCA Reconstruction,distributor_concentration,0.11564153773041101
obs_900a98b2fa1dd5d2,PCA Reconstruction,distinct_customers_team_relative,0.10915903823373793
obs_49941b43ad514681,PCA Reconstruction,product_breadth_change,0.5756098985453814
obs_49941b43ad514681,PCA Reconstruction,distributor_mix_change,0.5244423245542078
obs_49941b43ad514681,PCA Reconstruction,simulated_payout_to_sales_ratio,0.5015810509129137
obs_9872583637a9443a,PCA Reconstruction,distinct_customers_rolling_std,0.7257366018570881
obs_9872583637a9443a,PCA Reconstruction,total_quantity_rolling_median,0.3369577296358879
obs_9872583637a9443a,PCA Reconstruction,total_quantity_lag_3,0.32682405992507585
obs_796b446d5c201de7,PCA Reconstruction,distinct_customers_rolling_std,0.37935615090532276
obs_796b446d5c201de7,PCA Reconstruction,distinct_products,0.22277322047050396
obs_796b446d5c201de7,PCA Reconstruction,customer_loss_rate,0.21105642642154435
obs_fdf518b8ae53a4d8,PCA Reconstruction,product_breadth_change,1.5183378568432915
obs_fdf518b8ae53a4d8,PCA Reconstruction,distinct_customers_rolling_std,0.8243451785621535
obs_fdf518b8ae53a4d8,PCA Reconstruction,product_mix_change,0.43995521313248376
obs_427eb79a1ed182ca,PCA Reconstruction,distributor_count,0.28678909385493623
obs_427eb79a1ed182ca,PCA Reconstruction,total_quantity_lag_2,0.27298982871804645
obs_427eb79a1ed182ca,PCA Reconstruction,distinct_customers_rolling_median,0.21999312659862277
obs_0060b9c28244647e,PCA Reconstruction,total_sales_peer_percentile,0.204650501760107
obs_0060b9c28244647e,PCA Reconstruction,product_class_share,0.1665491881713497
obs_0060b9c28244647e,PCA Reconstruction,total_quantity_history_deviation,0.13022184577248003
obs_d2edd6a25a82f42d,PCA Reconstruction,total_sales_rolling_mean_3,0.22325547855698544
obs_d2edd6a25a82f42d,PCA Reconstruction,simulated_actual_payout_team_relative,0.19774643309498768
obs_d2edd6a25a82f42d,PCA Reconstruction,total_sales_rolling_mean_6,0.19549256944287963
obs_193e15cd476de669,PCA Reconstruction,product_breadth_change,0.8508285094290491
obs_193e15cd476de669,PCA Reconstruction,distinct_products,0.2715159519457358
obs_193e15cd476de669,PCA Reconstruction,subchannel_mix,0.2616959913555944
obs_879dc48fd82bd515,PCA Reconstruction,product_mix_change,0.594837024696865
obs_879dc48fd82bd515,PCA Reconstruction,product_breadth_change,0.4810396561630106
obs_879dc48fd82bd515,PCA Reconstruction,distributor_count,0.41685638218493853
obs_ef93e4f99b59d101,PCA Reconstruction,distributor_count,0.6713930368614909
obs_ef93e4f99b59d101,PCA Reconstruction,product_mix_change,0.36240379974608294
obs_ef93e4f99b59d101,PCA Reconstruction,new_customers,0.3011750696303353
obs_410eae61eac6c92d,PCA Reconstruction,distributor_concentration,1.7874750275837643
obs_410eae61eac6c92d,PCA Reconstruction,channel_mix,0.949986284896875
obs_410eae61eac6c92d,PCA Reconstruction,product_class_share,0.8711145893437162
obs_34f2956a032ddbc7,PCA Reconstruction,simulated_actual_payout_lag_12,0.6266727521009249
obs_34f2956a032ddbc7,PCA Reconstruction,simulated_actual_payout_team_relative,0.30050038339067087
obs_34f2956a032ddbc7,PCA Reconstruction,simulated_actual_payout_rolling_mean_3,0.18716156808366696
obs_5122b66ff9e538cb,PCA Reconstruction,simulated_actual_payout_peer_country_product_class_relative,0.5654052708039902
obs_5122b66ff9e538cb,PCA Reconstruction,simulated_actual_payout_lag_12,0.4051595562922832
obs_5122b66ff9e538cb,PCA Reconstruction,simulated_actual_payout_peer_percentile,0.27443756898671273
obs_1de566a2e8bd77d1,PCA Reconstruction,total_quantity_year_over_year_growth,0.5959345145016847
obs_1de566a2e8bd77d1,PCA Reconstruction,total_sales_year_over_year_growth,0.5942217809618319
obs_1de566a2e8bd77d1,PCA Reconstruction,dominant_product_share,0.43029499956988837
obs_67b7822b7c5131b2,PCA Reconstruction,distributor_concentration,1.0056173172709044
obs_67b7822b7c5131b2,PCA Reconstruction,total_quantity_year_over_year_growth,0.8025218424678907
obs_67b7822b7c5131b2,PCA Reconstruction,simulated_actual_payout_trend,0.5864961605858215
obs_3d87973f8b310e5f,PCA Reconstruction,distributor_mix_change,1.7566133341958292
obs_3d87973f8b310e5f,PCA Reconstruction,total_sales_trend,0.4962702475803995
obs_3d87973f8b310e5f,PCA Reconstruction,product_mix_change,0.4273676739429309
obs_ade2ee1e771e5f33,PCA Reconstruction,total_quantity_lag_3,0.7477222238486768
obs_ade2ee1e771e5f33,PCA Reconstruction,product_mix_change,0.7447439911944956
obs_ade2ee1e771e5f33,PCA Reconstruction,total_quantity_lag_2,0.6675250689343483
obs_a83cddd2da17568b,PCA Reconstruction,distinct_customers_rolling_std,1.4952414275923729
obs_a83cddd2da17568b,PCA Reconstruction,new_customers,0.9327373030720563
obs_a83cddd2da17568b,PCA Reconstruction,distinct_customers_lag_2,0.8937005712791088
obs_fffd8da94d1acdaf,PCA Reconstruction,distinct_customers_rolling_std,1.8704857841676654
obs_fffd8da94d1acdaf,PCA Reconstruction,distinct_customers_lag_2,1.0149073695197646
obs_fffd8da94d1acdaf,PCA Reconstruction,total_quantity_rolling_mean_3,0.9366787022941861
obs_44038fa39e94b163,PCA Reconstruction,simulated_actual_payout_history_deviation,0.7009237747048673
obs_44038fa39e94b163,PCA Reconstruction,country_mix,0.4530989021854938
obs_44038fa39e94b163,PCA Reconstruction,distinct_customers_lag_2,0.3863947395955967
obs_3ab658cf89b7aac7,PCA Reconstruction,simulated_actual_payout_lag_12,1.288015714644435
obs_3ab658cf89b7aac7,PCA Reconstruction,total_sales_rolling_std,1.0341266000291207
obs_3ab658cf89b7aac7,PCA Reconstruction,total_quantity_rolling_std,0.856058641064602
obs_d4ef4ce81469a50a,PCA Reconstruction,distributor_concentration,1.3189314084270582
obs_d4ef4ce81469a50a,PCA Reconstruction,total_sales_lag_12,1.1277545413499461
obs_d4ef4ce81469a50a,PCA Reconstruction,total_quantity_year_over_year_growth,0.9982413921372878
obs_c4e7dd5ed759585a,PCA Reconstruction,new_customers,0.8731526093822888
obs_c4e7dd5ed759585a,PCA Reconstruction,distributor_count,0.8493948596220655
obs_c4e7dd5ed759585a,PCA Reconstruction,simulated_actual_payout_rolling_median,0.5057483106822444
obs_84db3e00ddd03327,PCA Reconstruction,new_customers,2.822363116700562
obs_84db3e00ddd03327,PCA Reconstruction,distributor_concentration,1.5997136685053182
obs_84db3e00ddd03327,PCA Reconstruction,distributor_count,1.1084026618874945
obs_0deef46e6f835f36,PCA Reconstruction,subchannel_mix,1.9767321380825342
obs_0deef46e6f835f36,PCA Reconstruction,new_customers,1.4198594223503669
obs_0deef46e6f835f36,PCA Reconstruction,total_sales_month_over_month_growth,1.3801477712164267
obs_dae0b526a7776639,PCA Reconstruction,distributor_count,2.9241336258384703
obs_dae0b526a7776639,PCA Reconstruction,simulated_actual_payout_peer_median,2.8188128051730366
obs_dae0b526a7776639,PCA Reconstruction,new_customers,2.466545094812062
obs_d59c2b4863b3bc0b,PCA Reconstruction,new_customers,4.204112810822943
obs_d59c2b4863b3bc0b,PCA Reconstruction,distinct_customers_rolling_std,1.9236952233885811
obs_d59c2b4863b3bc0b,PCA Reconstruction,total_quantity_lag_12,1.0984199654221851
obs_b456484b52b4e4f1,PCA Reconstruction,distributor_count,0.35259812972233956
obs_b456484b52b4e4f1,PCA Reconstruction,average_price,0.1889895532437888
obs_b456484b52b4e4f1,PCA Reconstruction,channel_mix,0.12377252578455947
obs_9dd3730aaed3d08b,PCA Reconstruction,product_breadth_change,0.9144058354314937
obs_9dd3730aaed3d08b,PCA Reconstruction,customer_loss_rate,0.6560909433916312
obs_9dd3730aaed3d08b,PCA Reconstruction,distinct_customers_history_deviation,0.41945579305499164
obs_7c853d39bb1b9102,PCA Reconstruction,distinct_customers_lag_3,0.5674987667871774
obs_7c853d39bb1b9102,PCA Reconstruction,total_quantity_team_relative,0.3431722734394771
obs_7c853d39bb1b9102,PCA Reconstruction,total_quantity_lag_2,0.3079965585905778
obs_0e4abbc6c11b00de,PCA Reconstruction,simulated_payout_to_sales_ratio,0.564047950669604
obs_0e4abbc6c11b00de,PCA Reconstruction,customer_loss_rate,0.4449101899735559
obs_0e4abbc6c11b00de,PCA Reconstruction,total_quantity_peer_percentile,0.4388502259436456
obs_408ce70b542c7cf5,PCA Reconstruction,customer_loss_rate,0.7033203238861673
obs_408ce70b542c7cf5,PCA Reconstruction,distributor_mix_change,0.4888308139767535
obs_408ce70b542c7cf5,PCA Reconstruction,total_quantity_lag_2,0.4487716303635096
obs_db21fbee777446a6,PCA Reconstruction,simulated_actual_payout_lag_12,0.3102345855258512
obs_db21fbee777446a6,PCA Reconstruction,product_breadth_change,0.3094115120911725
obs_db21fbee777446a6,PCA Reconstruction,distributor_concentration,0.3077333406130941
obs_02498a937b0d485c,PCA Reconstruction,product_breadth_change,0.3153821343417968
obs_02498a937b0d485c,PCA Reconstruction,distributor_count,0.2215407571150287
obs_02498a937b0d485c,PCA Reconstruction,product_mix_change,0.146539019259145
obs_ff60c748c8e496b9,PCA Reconstruction,simulated_actual_payout_team_relative,0.1718198786240829
obs_ff60c748c8e496b9,PCA Reconstruction,simulated_actual_payout_history_deviation,0.1615206685256672
obs_ff60c748c8e496b9,PCA Reconstruction,simulated_actual_payout_rolling_std,0.152270593885999
obs_982eb68099f6a917,PCA Reconstruction,distributor_mix_change,0.6549774504543954
obs_982eb68099f6a917,PCA Reconstruction,channel_mix,0.2905914754867873
obs_982eb68099f6a917,PCA Reconstruction,subchannel_mix,0.15383063444386363
obs_01f0c01107cd4029,PCA Reconstruction,distributor_count,0.4334077822001103
obs_01f0c01107cd4029,PCA Reconstruction,product_class_share,0.31238275713794045
obs_01f0c01107cd4029,PCA Reconstruction,product_breadth_change,0.3119246989367371
obs_541b5b8a6a16fdaf,PCA Reconstruction,new_customers,0.8607629870928233
obs_541b5b8a6a16fdaf,PCA Reconstruction,distinct_customers_history_deviation,0.228240741142912
obs_541b5b8a6a16fdaf,PCA Reconstruction,repeat_customer_ratio,0.18278005511481346
obs_65f811d5639d7483,PCA Reconstruction,product_class_share,0.9357761097597171
obs_65f811d5639d7483,PCA Reconstruction,distinct_customers_team_relative,0.6678902197239164
obs_65f811d5639d7483,PCA Reconstruction,new_customers,0.5273535730305337
obs_87bcd398c16122ca,PCA Reconstruction,total_quantity_year_over_year_growth,0.6547354627583071
obs_87bcd398c16122ca,PCA Reconstruction,simulated_actual_payout_lag_12,0.6095043704534401
obs_87bcd398c16122ca,PCA Reconstruction,total_sales_year_over_year_growth,0.5116251012176908
obs_966701c56227ca17,PCA Reconstruction,product_mix_change,0.5040722111415202
obs_966701c56227ca17,PCA Reconstruction,country_mix,0.23006536361424515
obs_966701c56227ca17,PCA Reconstruction,simulated_actual_payout_peer_percentile,0.22585894634972495
obs_d9a52392c28710a8,PCA Reconstruction,product_mix_change,0.530972250350508
obs_d9a52392c28710a8,PCA Reconstruction,product_class_share,0.4884069882743924
obs_d9a52392c28710a8,PCA Reconstruction,total_quantity_lag_12,0.32782916850428345
obs_41916127eaa3e4de,PCA Reconstruction,product_class_share,0.17017789095942773
obs_41916127eaa3e4de,PCA Reconstruction,distributor_mix_change,0.16498470807815532
obs_41916127eaa3e4de,PCA Reconstruction,dominant_product_share,0.15629326704100943
obs_ce11fd5eaef5bcc2,PCA Reconstruction,total_sales_peer_percentile,0.3936331484891729
obs_ce11fd5eaef5bcc2,PCA Reconstruction,simulated_actual_payout_lag_12,0.3024173921449663
obs_ce11fd5eaef5bcc2,PCA Reconstruction,distributor_concentration,0.28900555559662855
obs_5927199c7eebd454,PCA Reconstruction,distributor_concentration,0.6059892114914848
obs_5927199c7eebd454,PCA Reconstruction,product_breadth_change,0.537081422643882
obs_5927199c7eebd454,PCA Reconstruction,simulated_actual_payout_lag_12,0.42279555402401575
obs_73bdc503445cb9af,PCA Reconstruction,product_breadth_change,1.8983928415262137
obs_73bdc503445cb9af,PCA Reconstruction,new_customers,0.4564807795746228
obs_73bdc503445cb9af,PCA Reconstruction,total_quantity_acceleration,0.3102713960385087
obs_888624f62fe4cfee,PCA Reconstruction,new_customers,0.6892683318281034
obs_888624f62fe4cfee,PCA Reconstruction,distinct_customers_team_relative,0.6139211419657447
obs_888624f62fe4cfee,PCA Reconstruction,channel_mix,0.560077083533581
obs_40a6f45b08428bcc,PCA Reconstruction,new_customers,0.8019501955588423
obs_40a6f45b08428bcc,PCA Reconstruction,distributor_concentration,0.7459597738859685
obs_40a6f45b08428bcc,PCA Reconstruction,distinct_customers_team_relative,0.6413957151383785
obs_b108a68b96f29533,PCA Reconstruction,new_customers,1.3518197140609984
obs_b108a68b96f29533,PCA Reconstruction,simulated_actual_payout_lag_12,0.8583718781597541
obs_b108a68b96f29533,PCA Reconstruction,product_mix_change,0.7339805514649279
obs_b162a97feff97b66,PCA Reconstruction,new_customers,3.454161344156043
obs_b162a97feff97b66,PCA Reconstruction,distributor_mix_change,0.906350338970003
obs_b162a97feff97b66,PCA Reconstruction,total_quantity_rolling_std,0.5420901957239358
obs_4b1db870abc01152,PCA Reconstruction,new_customers,4.519763802898832
obs_4b1db870abc01152,PCA Reconstruction,simulated_actual_payout_rolling_mean_6,0.5148772238468752
obs_4b1db870abc01152,PCA Reconstruction,total_quantity_lag_12,0.4291890282654475
obs_1faa474944514701,PCA Reconstruction,new_customers,7.665858563533826
obs_1faa474944514701,PCA Reconstruction,distributor_count,1.4979299902017233
obs_1faa474944514701,PCA Reconstruction,distinct_customers_history_deviation,1.180183084532867
obs_13c0551c97421ce1,PCA Reconstruction,new_customers,4.399373384099887
obs_13c0551c97421ce1,PCA Reconstruction,distinct_customers_rolling_std,2.222263143979265
obs_13c0551c97421ce1,PCA Reconstruction,simulated_actual_payout_lag_12,1.6537301644657285
obs_889e417ddd683809,PCA Reconstruction,distinct_customers_lag_2,3.5877313835971862
obs_889e417ddd683809,PCA Reconstruction,distinct_customers_rolling_std,2.154716904581582
obs_889e417ddd683809,PCA Reconstruction,new_customers,2.1057421606141338
obs_a190a3470aca3529,PCA Reconstruction,new_customers,7.859431437464799
obs_a190a3470aca3529,PCA Reconstruction,distinct_customers_rolling_std,1.8551423450689482
obs_a190a3470aca3529,PCA Reconstruction,distinct_customers_rolling_median,1.6524178676426464
obs_ed1716315ce2f89a,PCA Reconstruction,distributor_concentration,0.2205555776639234
obs_ed1716315ce2f89a,PCA Reconstruction,simulated_payout_to_sales_ratio,0.08423855274391424
obs_ed1716315ce2f89a,PCA Reconstruction,distinct_customers_history_deviation,0.08241765376409248
obs_1c93ed3f616ce45b,PCA Reconstruction,distributor_mix_change,0.3912225668290225
obs_1c93ed3f616ce45b,PCA Reconstruction,product_mix_change,0.22462974284453557
obs_1c93ed3f616ce45b,PCA Reconstruction,total_quantity_history_deviation,0.20291455402535125
obs_dd731e0c61511cf4,PCA Reconstruction,distinct_customers_rolling_std,1.780826838691958
obs_dd731e0c61511cf4,PCA Reconstruction,total_quantity_rolling_std,0.6467960200327119
obs_dd731e0c61511cf4,PCA Reconstruction,distinct_customers_lag_2,0.2787194008094713
obs_2c80cfc92072f711,PCA Reconstruction,distinct_customers_rolling_std,1.3374868944491554
obs_2c80cfc92072f711,PCA Reconstruction,total_quantity_peer_z,0.46958808995097906
obs_2c80cfc92072f711,PCA Reconstruction,subchannel_mix,0.36254679822333
obs_0aca714c8947d562,PCA Reconstruction,total_sales_history_deviation,0.8957975237260218
obs_0aca714c8947d562,PCA Reconstruction,distributor_mix_change,0.6774679674093209
obs_0aca714c8947d562,PCA Reconstruction,product_class_share,0.4809018558666811
obs_0d3c9c4be99aa1d8,PCA Reconstruction,product_class_share,0.475274706942665
obs_0d3c9c4be99aa1d8,PCA Reconstruction,total_sales_history_deviation,0.46797432993027915
obs_0d3c9c4be99aa1d8,PCA Reconstruction,distributor_mix_change,0.36925878800901957
obs_8b56840a414b53fa,PCA Reconstruction,distributor_mix_change,0.6526325013277174
obs_8b56840a414b53fa,PCA Reconstruction,distributor_count,0.30048297400858986
obs_8b56840a414b53fa,PCA Reconstruction,simulated_actual_payout_peer_percentile,0.26707460409304007
obs_96d2e226d31577e9,PCA Reconstruction,new_customers,0.30166559648927543
obs_96d2e226d31577e9,PCA Reconstruction,simulated_actual_payout_peer_median,0.18031716661654226
obs_96d2e226d31577e9,PCA Reconstruction,product_breadth_change,0.14004703063366009
obs_6b020e5bfb1650f3,PCA Reconstruction,simulated_actual_payout_acceleration,0.1803366937169852
obs_6b020e5bfb1650f3,PCA Reconstruction,product_breadth_change,0.14501004367932463
obs_6b020e5bfb1650f3,PCA Reconstruction,simulated_actual_payout_month_over_month_growth,0.1235900229120671
obs_b2f32696ec50e6f8,PCA Reconstruction,dominant_product_share,0.1924191653583108
obs_b2f32696ec50e6f8,PCA Reconstruction,total_quantity_peer_percentile,0.1891769966730215
obs_b2f32696ec50e6f8,PCA Reconstruction,simulated_actual_payout_lag_2,0.18149955025430764
obs_a5d2109ed12e13d6,PCA Reconstruction,subchannel_mix,0.33543426638235224
obs_a5d2109ed12e13d6,PCA Reconstruction,total_sales_product_class_relative,0.23669067347326445
obs_a5d2109ed12e13d6,PCA Reconstruction,total_sales_peer_country_product_class_relative,0.23233876828934308
obs_e2f7f8bf9ea4bf2f,PCA Reconstruction,distinct_customers_team_relative,0.786970531404041
obs_e2f7f8bf9ea4bf2f,PCA Reconstruction,product_class_share,0.44476607037471866
obs_e2f7f8bf9ea4bf2f,PCA Reconstruction,total_sales_trend,0.25302225245206267
obs_ba5ecd10c0998bd2,PCA Reconstruction,simulated_actual_payout_lag_12,0.6345185525690917
obs_ba5ecd10c0998bd2,PCA Reconstruction,product_class_share,0.3327024168441537
obs_ba5ecd10c0998bd2,PCA Reconstruction,simulated_actual_payout_trend,0.2914860216933013
obs_149c8d214e505346,PCA Reconstruction,total_quantity_lag_2,0.3415058653255482
obs_149c8d214e505346,PCA Reconstruction,simulated_actual_payout_acceleration,0.3315420745765029
obs_149c8d214e505346,PCA Reconstruction,rank_change,0.302479177953415
obs_24442b9a94e1a6f7,PCA Reconstruction,product_mix_change,0.7478150963452252
obs_24442b9a94e1a6f7,PCA Reconstruction,distinct_customers_history_deviation,0.6156405469917466
obs_24442b9a94e1a6f7,PCA Reconstruction,total_quantity_lag_3,0.4968776837385162
obs_a989ff2712f9c12f,PCA Reconstruction,product_mix_change,0.7649276594299292
obs_a989ff2712f9c12f,PCA Reconstruction,distributor_mix_change,0.5625634420291722
obs_a989ff2712f9c12f,PCA Reconstruction,distributor_concentration,0.4570748574098044
obs_d528493d6805d843,PCA Reconstruction,simulated_actual_payout_lag_12,0.1895249186142195
obs_d528493d6805d843,PCA Reconstruction,distributor_mix_change,0.1617817544498141
obs_d528493d6805d843,PCA Reconstruction,rank_change,0.14741141701038032
obs_092f3b1e6b398f1e,PCA Reconstruction,distributor_concentration,0.5092643232641769
obs_092f3b1e6b398f1e,PCA Reconstruction,simulated_actual_payout_peer_z,0.3192871039925009
obs_092f3b1e6b398f1e,PCA Reconstruction,total_quantity_lag_12,0.2662532829846197
obs_3770032df4a3e2f1,PCA Reconstruction,distributor_mix_change,0.9112288511765033
obs_3770032df4a3e2f1,PCA Reconstruction,distributor_concentration,0.8327834716031998
obs_3770032df4a3e2f1,PCA Reconstruction,simulated_actual_payout_lag_12,0.8205596886643678
obs_6e40a3bd41969dcb,PCA Reconstruction,simulated_actual_payout_lag_12,1.0065591610068574
obs_6e40a3bd41969dcb,PCA Reconstruction,simulated_actual_payout_year_over_year_growth,0.8779773259459874
obs_6e40a3bd41969dcb,PCA Reconstruction,country_mix,0.41490123616554886
obs_f78d6eb89d7c1767,PCA Reconstruction,new_customers,1.4660276093446267
obs_f78d6eb89d7c1767,PCA Reconstruction,distributor_concentration,0.3999020397427797
obs_f78d6eb89d7c1767,PCA Reconstruction,distinct_customers_rolling_MAD,0.31529984113356185
obs_d58b09b05a6b6144,PCA Reconstruction,distributor_mix_change,1.083360012635578
obs_d58b09b05a6b6144,PCA Reconstruction,simulated_actual_payout_lag_12,0.8938049922170972
obs_d58b09b05a6b6144,PCA Reconstruction,new_customers,0.8142301676040941
obs_f9e45f05702360d0,PCA Reconstruction,new_customers,0.8603565840563572
obs_f9e45f05702360d0,PCA Reconstruction,total_quantity_team_relative,0.5030398586112421
obs_f9e45f05702360d0,PCA Reconstruction,distinct_customers_team_relative,0.4459530909323515
obs_d65eb48503f91821,PCA Reconstruction,distinct_customers_rolling_MAD,1.1840242799660115
obs_d65eb48503f91821,PCA Reconstruction,simulated_actual_payout_lag_12,1.1447646281764698
obs_d65eb48503f91821,PCA Reconstruction,product_breadth_change,0.899524706577927
obs_f9409e706a67bb78,PCA Reconstruction,distributor_count,1.7912551221367077
obs_f9409e706a67bb78,PCA Reconstruction,distinct_customers_year_over_year_growth,0.5986062719637014
obs_f9409e706a67bb78,PCA Reconstruction,product_class_share,0.585235380579882
obs_6973de100a5d6b7b,PCA Reconstruction,new_customers,2.4011438809490726
obs_6973de100a5d6b7b,PCA Reconstruction,distinct_customers_rolling_std,1.8250185916203583
obs_6973de100a5d6b7b,PCA Reconstruction,distributor_mix_change,1.27055537857201
obs_392b8f8d5d2be289,PCA Reconstruction,new_customers,6.8165702258842
obs_392b8f8d5d2be289,PCA Reconstruction,distributor_count,2.1602927694964906
obs_392b8f8d5d2be289,PCA Reconstruction,distinct_customers_rolling_std,1.3050789725354803
obs_0e3e4e142988957b,PCA Reconstruction,new_customers,8.854607248193936
obs_0e3e4e142988957b,PCA Reconstruction,distinct_customers_rolling_std,1.7193795743293896
obs_0e3e4e142988957b,PCA Reconstruction,distributor_mix_change,1.5708498309331904
obs_bd73c32a613a01a5,PCA Reconstruction,simulated_payout_to_sales_ratio,0.32825003018807375
obs_bd73c32a613a01a5,PCA Reconstruction,simulated_actual_payout_peer_median,0.2539475882339744
obs_bd73c32a613a01a5,PCA Reconstruction,total_quantity_history_deviation,0.24864866050116616
obs_75d8eca18ba89778,PCA Reconstruction,total_quantity_rolling_mean_6,1.038866023773162
obs_75d8eca18ba89778,PCA Reconstruction,subchannel_mix,0.5274060307954084
obs_75d8eca18ba89778,PCA Reconstruction,simulated_actual_payout_rolling_MAD,0.35762849378455613
obs_0bc960191a55d7f9,PCA Reconstruction,simulated_actual_payout_peer_z,0.6098049637628545
obs_0bc960191a55d7f9,PCA Reconstruction,product_breadth_change,0.2836249268806175
obs_0bc960191a55d7f9,PCA Reconstruction,simulated_actual_payout_acceleration,0.22942623664498094
obs_cd64c7cb8e44bcc2,PCA Reconstruction,simulated_actual_payout_lag_3,0.5153107286888593
obs_cd64c7cb8e44bcc2,PCA Reconstruction,total_quantity_peer_z,0.48822877336366355
obs_cd64c7cb8e44bcc2,PCA Reconstruction,simulated_actual_payout_trend,0.3229854733056804
obs_fa92e2cc98cbc505,PCA Reconstruction,total_quantity_peer_z,0.5275519285316029
obs_fa92e2cc98cbc505,PCA Reconstruction,product_breadth_change,0.41013118391383246
obs_fa92e2cc98cbc505,PCA Reconstruction,distributor_concentration,0.39593641760684944
obs_54a3917b64f9bde1,PCA Reconstruction,total_quantity_peer_median,0.8662859747800631
obs_54a3917b64f9bde1,PCA Reconstruction,simulated_actual_payout_peer_percentile,0.5237775426383358
obs_54a3917b64f9bde1,PCA Reconstruction,total_quantity_trend,0.4207450458492771
obs_e315a185e103df51,PCA Reconstruction,total_quantity_lag_2,0.6803984178948504
obs_e315a185e103df51,PCA Reconstruction,simulated_actual_payout_peer_median,0.4800290743867404
obs_e315a185e103df51,PCA Reconstruction,product_mix_change,0.38846434352626663
obs_eca2bb43009c3b5f,PCA Reconstruction,distributor_count,1.4088468326795418
obs_eca2bb43009c3b5f,PCA Reconstruction,total_quantity_lag_3,0.7982712697581624
obs_eca2bb43009c3b5f,PCA Reconstruction,product_class_share,0.48194398201760763
obs_f206ee28d3c9ee51,PCA Reconstruction,distinct_customers_rolling_std,0.5002567634292129
obs_f206ee28d3c9ee51,PCA Reconstruction,distinct_customers_peer_z,0.32991813844187773
obs_f206ee28d3c9ee51,PCA Reconstruction,total_quantity_rolling_median,0.23138457672069224
obs_1993aa4c5400524c,PCA Reconstruction,distributor_mix_change,0.6696809899316946
obs_1993aa4c5400524c,PCA Reconstruction,distributor_count,0.6440215127103032
obs_1993aa4c5400524c,PCA Reconstruction,distributor_concentration,0.6391447614633199
obs_048d304ecf78185d,PCA Reconstruction,distinct_customers_rolling_std,0.6335689932290908
obs_048d304ecf78185d,PCA Reconstruction,simulated_actual_payout_history_deviation,0.36653316099996947
obs_048d304ecf78185d,PCA Reconstruction,product_class_share,0.3285074974411348
obs_30263cfb7575a80a,PCA Reconstruction,distinct_customers_lag_2,0.8187954516479062
obs_30263cfb7575a80a,PCA Reconstruction,total_quantity_lag_2,0.3835494927192003
obs_30263cfb7575a80a,PCA Reconstruction,total_sales_rolling_std,0.329662568237195
obs_b59cbd08569fb1fb,PCA Reconstruction,distributor_mix_change,2.856868068684077
obs_b59cbd08569fb1fb,PCA Reconstruction,simulated_actual_payout_lag_12,1.2940570492407726
obs_b59cbd08569fb1fb,PCA Reconstruction,total_quantity_peer_country_product_class_relative,0.5703593660551073
obs_00596573c5f20356,PCA Reconstruction,distributor_mix_change,0.994089274228672
obs_00596573c5f20356,PCA Reconstruction,product_mix_change,0.6727071552537519
obs_00596573c5f20356,PCA Reconstruction,simulated_actual_payout_year_over_year_growth,0.507236509236094
obs_ad56092096392851,PCA Reconstruction,distributor_mix_change,0.8784108873607284
obs_ad56092096392851,PCA Reconstruction,product_mix_change,0.3418496660829155
obs_ad56092096392851,PCA Reconstruction,simulated_actual_payout_team_relative,0.26745188177468826
obs_4b9df30d99de2528,PCA Reconstruction,distributor_mix_change,0.7006470433517508
obs_4b9df30d99de2528,PCA Reconstruction,total_quantity_peer_median,0.5492213956181647
obs_4b9df30d99de2528,PCA Reconstruction,product_mix_change,0.4053167895567222
obs_c684edf8178fb200,PCA Reconstruction,total_quantity_lag_12,0.9098679631906309
obs_c684edf8178fb200,PCA Reconstruction,simulated_actual_payout_peer_z,0.4374856054358942
obs_c684edf8178fb200,PCA Reconstruction,country_mix,0.4188435500967653
obs_18fe79a3239e7368,PCA Reconstruction,distributor_concentration,1.1234885611543528
obs_18fe79a3239e7368,PCA Reconstruction,total_quantity_lag_2,0.46672991876535186
obs_18fe79a3239e7368,PCA Reconstruction,distributor_mix_change,0.4624430925983872
obs_451ac52478edfc8d,PCA Reconstruction,product_class_share,0.7714650166658524
obs_451ac52478edfc8d,PCA Reconstruction,new_customers,0.7218569630359655
obs_451ac52478edfc8d,PCA Reconstruction,simulated_actual_payout_year_over_year_growth,0.6767583323770727
obs_a943a1d9a04eea0a,PCA Reconstruction,distributor_concentration,1.8623753778897336
obs_a943a1d9a04eea0a,PCA Reconstruction,distinct_customers_team_relative,1.238623548132145
obs_a943a1d9a04eea0a,PCA Reconstruction,dominant_product_share,0.6683007484835776
obs_69eb056c724f001f,PCA Reconstruction,new_customers,3.5106739869090013
obs_69eb056c724f001f,PCA Reconstruction,simulated_actual_payout_lag_12,0.6387678018843084
obs_69eb056c724f001f,PCA Reconstruction,distinct_customers_team_relative,0.5794230347276637
obs_848ab056cb80733d,PCA Reconstruction,new_customers,2.2479207206704968
obs_848ab056cb80733d,PCA Reconstruction,distributor_mix_change,1.023446782254365
obs_848ab056cb80733d,PCA Reconstruction,distinct_customers_rolling_std,0.8803804013421141
obs_1ef450087534d063,PCA Reconstruction,total_quantity,370.81084768372534
obs_1ef450087534d063,PCA Reconstruction,total_quantity_product_class_relative,5.4382214447471044
obs_1ef450087534d063,PCA Reconstruction,total_quantity_peer_country_product_class_relative,5.282117771096357
obs_438e87ccdfc7619e,PCA Reconstruction,total_quantity_lag_1,364.36193239418054
obs_438e87ccdfc7619e,PCA Reconstruction,simulated_actual_payout_acceleration,8.038219523907143
obs_438e87ccdfc7619e,PCA Reconstruction,total_sales_acceleration,7.200774074511241
obs_a1e4ca82ef0309af,PCA Reconstruction,total_quantity_lag_2,319.28159777455016
obs_a1e4ca82ef0309af,PCA Reconstruction,distinct_customers_lag_2,13.090097118606097
obs_a1e4ca82ef0309af,PCA Reconstruction,total_sales_acceleration,11.087651820220293
obs_6503b2dd1b66b41d,PCA Reconstruction,total_quantity_lag_3,335.65382790532
obs_6503b2dd1b66b41d,PCA Reconstruction,total_sales_trend,26.774282186803934
obs_6503b2dd1b66b41d,PCA Reconstruction,simulated_actual_payout_trend,18.83721567865265
obs_91ba83492f3c9342,PCA Reconstruction,new_customers,8.612896806235046
obs_91ba83492f3c9342,PCA Reconstruction,simulated_actual_payout_peer_median,1.0774954444900773
obs_91ba83492f3c9342,PCA Reconstruction,distinct_customers_rolling_std,1.0685086517774485
obs_7200cb8bd36c4c13,PCA Reconstruction,new_customers,4.600110759612531
obs_7200cb8bd36c4c13,PCA Reconstruction,distinct_customers_rolling_std,1.185441534792054
obs_7200cb8bd36c4c13,PCA Reconstruction,distributor_count,1.0822277981317912
obs_d11687b67e281458,PCA Reconstruction,dominant_product_share,0.29757526609105445
obs_d11687b67e281458,PCA Reconstruction,distributor_concentration,0.2346128560956615
obs_d11687b67e281458,PCA Reconstruction,product_concentration,0.14102946654739698
obs_eb566018c674d79a,PCA Reconstruction,total_quantity_history_deviation,0.9018946682291263
obs_eb566018c674d79a,PCA Reconstruction,total_sales_history_deviation,0.6887403730751989
obs_eb566018c674d79a,PCA Reconstruction,total_sales_rolling_median,0.44187559432784673
obs_e807748135c8dedd,PCA Reconstruction,total_quantity_rolling_median,1.518820612219304
obs_e807748135c8dedd,PCA Reconstruction,total_quantity_history_deviation,0.9072683998626656
obs_e807748135c8dedd,PCA Reconstruction,distributor_mix_change,0.6642382868900444
obs_98f1081ab65cc75e,PCA Reconstruction,total_quantity_history_deviation,1.3366169596246145
obs_98f1081ab65cc75e,PCA Reconstruction,total_quantity_lag_2,0.8330664087293147
obs_98f1081ab65cc75e,PCA Reconstruction,total_quantity_rolling_MAD,0.5470716385226968
obs_74422b86aacae2d2,PCA Reconstruction,total_quantity_lag_3,1.0680788629955924
obs_74422b86aacae2d2,PCA Reconstruction,subchannel_mix,0.7748305004367846
obs_74422b86aacae2d2,PCA Reconstruction,simulated_actual_payout_peer_percentile,0.596725276239319
obs_cf7d2172be882e15,PCA Reconstruction,total_quantity_peer_z,0.5869878578967879
obs_cf7d2172be882e15,PCA Reconstruction,customer_loss_rate,0.4417541566178068
obs_cf7d2172be882e15,PCA Reconstruction,distributor_concentration,0.42693529273240477
obs_5e5c09b685f1bf17,PCA Reconstruction,product_breadth_change,0.7100022271348658
obs_5e5c09b685f1bf17,PCA Reconstruction,total_quantity_lag_3,0.6375701137827082
obs_5e5c09b685f1bf17,PCA Reconstruction,total_quantity_rolling_mean_3,0.5523216321100237
obs_cab75bcadeb80081,PCA Reconstruction,total_sales_history_deviation,0.2308419956553007
obs_cab75bcadeb80081,PCA Reconstruction,country_mix,0.18818120270925004
obs_cab75bcadeb80081,PCA Reconstruction,total_quantity_rolling_mean_3,0.17141675572601178
obs_e2b6bfa92eb956c6,PCA Reconstruction,total_quantity_peer_median,0.5263235994656302
obs_e2b6bfa92eb956c6,PCA Reconstruction,product_class_share,0.3790323033831787
obs_e2b6bfa92eb956c6,PCA Reconstruction,distributor_mix_change,0.3329030842331826
obs_aaa50611211a6ad3,PCA Reconstruction,total_quantity_trend,0.4159434223116731
obs_aaa50611211a6ad3,PCA Reconstruction,distributor_concentration,0.4038259327431848
obs_aaa50611211a6ad3,PCA Reconstruction,total_sales_peer_percentile,0.3612645395521496
obs_df737925c58762c3,PCA Reconstruction,product_mix_change,0.9393332167989397
obs_df737925c58762c3,PCA Reconstruction,distinct_customers_rolling_MAD,0.6657665806266864
obs_df737925c58762c3,PCA Reconstruction,total_sales_peer_z,0.6142623838659584
obs_c0e042a749e1d752,PCA Reconstruction,subchannel_mix,0.6278766446383688
obs_c0e042a749e1d752,PCA Reconstruction,total_sales_peer_z,0.5333176145011957
obs_c0e042a749e1d752,PCA Reconstruction,total_quantity_lag_3,0.4999935737304561
obs_4e3ae75c3fa87163,PCA Reconstruction,product_mix_change,1.9413476120452113
obs_4e3ae75c3fa87163,PCA Reconstruction,simulated_actual_payout_lag_12,0.6284792726482762
obs_4e3ae75c3fa87163,PCA Reconstruction,total_quantity_lag_2,0.30810929970024925
obs_4b309b0dde35281b,PCA Reconstruction,total_quantity_lag_12,0.6659130462317662
obs_4b309b0dde35281b,PCA Reconstruction,distinct_customers_rolling_std,0.2987971233179335
obs_4b309b0dde35281b,PCA Reconstruction,total_quantity_lag_3,0.271499164196291
obs_71a8785cd0972f04,PCA Reconstruction,simulated_actual_payout_year_over_year_growth,0.9049427187695336
obs_71a8785cd0972f04,PCA Reconstruction,distributor_mix_change,0.7849508707310198
obs_71a8785cd0972f04,PCA Reconstruction,product_mix_change,0.7308356327158536
obs_1f1963680bbeeb26,PCA Reconstruction,product_mix_change,0.9033068377199941
obs_1f1963680bbeeb26,PCA Reconstruction,simulated_actual_payout_acceleration,0.8245780193646165
obs_1f1963680bbeeb26,PCA Reconstruction,simulated_actual_payout_year_over_year_growth,0.7490724170681122
obs_738e85a119e6eb35,PCA Reconstruction,distributor_mix_change,0.8875263050914461
obs_738e85a119e6eb35,PCA Reconstruction,distinct_products,0.27080729616197763
obs_738e85a119e6eb35,PCA Reconstruction,simulated_actual_payout_peer_country_product_class_relative,0.18904944620197875
obs_440cf65a65a2e366,PCA Reconstruction,product_mix_change,0.9165149024944866
obs_440cf65a65a2e366,PCA Reconstruction,distributor_mix_change,0.8392709425308158
obs_440cf65a65a2e366,PCA Reconstruction,total_sales_year_over_year_growth,0.7161358882590744
obs_3e2813855b634f69,PCA Reconstruction,distributor_mix_change,0.7584173955023424
obs_3e2813855b634f69,PCA Reconstruction,distinct_products,0.44869501740938567
obs_3e2813855b634f69,PCA Reconstruction,total_sales_year_over_year_growth,0.4399487954415127
obs_f4ef65b329725b1d,PCA Reconstruction,distributor_mix_change,1.6191951181109825
obs_f4ef65b329725b1d,PCA Reconstruction,simulated_target_attainment_pct,1.1887431282270822
obs_f4ef65b329725b1d,PCA Reconstruction,new_customers,1.1105562094692591
obs_5fb5b0bced9c02ff,PCA Reconstruction,total_sales_month_over_month_growth,2.8651645726352544
obs_5fb5b0bced9c02ff,PCA Reconstruction,country_mix,1.0260433088598928
obs_5fb5b0bced9c02ff,PCA Reconstruction,distributor_mix_change,0.9973796239433717
obs_8a4675ad028e63e6,PCA Reconstruction,total_sales_acceleration,1.2293000998338468
obs_8a4675ad028e63e6,PCA Reconstruction,simulated_actual_payout_lag_12,0.844805306098771
obs_8a4675ad028e63e6,PCA Reconstruction,simulated_actual_payout_peer_median,0.8236406815001861
obs_c391486438f5a080,PCA Reconstruction,total_sales_trend,1.9120252147916215
obs_c391486438f5a080,PCA Reconstruction,distributor_mix_change,1.2644795793997636
obs_c391486438f5a080,PCA Reconstruction,new_customers,0.6763319755400489
obs_28022f8d6683c03e,PCA Reconstruction,total_quantity_peer_percentile,1.1275645819478672
obs_28022f8d6683c03e,PCA Reconstruction,simulated_actual_payout_acceleration,0.8299744613381247
obs_28022f8d6683c03e,PCA Reconstruction,total_sales_trend,0.6862857827637497
obs_7cf5dbfadbb0dd0d,PCA Reconstruction,customer_loss_rate,1.0511989988498314
obs_7cf5dbfadbb0dd0d,PCA Reconstruction,distributor_count,0.8542976583656499
obs_7cf5dbfadbb0dd0d,PCA Reconstruction,simulated_actual_payout_peer_median,0.8380731266782623
obs_a093dd93e57cf6d1,PCA Reconstruction,simulated_actual_payout_peer_median,3.750085708750571
obs_a093dd93e57cf6d1,PCA Reconstruction,new_customers,2.8836903878425564
obs_a093dd93e57cf6d1,PCA Reconstruction,distinct_customers_rolling_std,0.8677928551484142
obs_0d6759992602f406,PCA Reconstruction,distributor_count,3.0420452990953217
obs_0d6759992602f406,PCA Reconstruction,new_customers,2.261452742909474
obs_0d6759992602f406,PCA Reconstruction,distinct_customers_lag_2,2.147893891984274
obs_0c4f481a7326995f,PCA Reconstruction,new_customers,4.126356071716799
obs_0c4f481a7326995f,PCA Reconstruction,distinct_customers_rolling_std,1.492367051383679
obs_0c4f481a7326995f,PCA Reconstruction,distinct_customers_lag_2,1.015339471999582
obs_45d0000ddc5b8b92,PCA Reconstruction,subchannel_mix,0.507115976618475
obs_45d0000ddc5b8b92,PCA Reconstruction,channel_mix,0.25639672874231173
obs_45d0000ddc5b8b92,PCA Reconstruction,distinct_customers_peer_percentile,0.24087892570246217
obs_d32febf883bab2bd,PCA Reconstruction,simulated_actual_payout_peer_median,0.9523852483171682
obs_d32febf883bab2bd,PCA Reconstruction,total_sales_history_deviation,0.4628775949550572
obs_d32febf883bab2bd,PCA Reconstruction,average_price,0.45535116860312713
obs_b46f9e80805342c1,PCA Reconstruction,distinct_customers_rolling_std,1.3282208549225591
obs_b46f9e80805342c1,PCA Reconstruction,total_quantity_lag_3,0.5711299629950226
obs_b46f9e80805342c1,PCA Reconstruction,total_sales_rolling_mean_6,0.33307363116660865
obs_13dafee7e70e41b9,PCA Reconstruction,average_price,0.4544957318323755
obs_13dafee7e70e41b9,PCA Reconstruction,product_breadth_change,0.2934656945898608
obs_13dafee7e70e41b9,PCA Reconstruction,median_price,0.1756458420520825
obs_c7ace9c3db3422d3,PCA Reconstruction,total_sales_product_class_relative,0.3177113257409641
obs_c7ace9c3db3422d3,PCA Reconstruction,total_sales_peer_country_product_class_relative,0.3004185113212927
obs_c7ace9c3db3422d3,PCA Reconstruction,simulated_actual_payout_peer_median,0.24948265439794398
obs_b45afd788e07ea13,PCA Reconstruction,product_class_share,0.6277231202961209
obs_b45afd788e07ea13,PCA Reconstruction,distributor_mix_change,0.49795537100276277
obs_b45afd788e07ea13,PCA Reconstruction,simulated_actual_payout_peer_median,0.4572058146201746
obs_53a3f4b5b6ef655d,PCA Reconstruction,distributor_count,0.35489104980806185
obs_53a3f4b5b6ef655d,PCA Reconstruction,simulated_actual_payout_rolling_median,0.3412084704405145
obs_53a3f4b5b6ef655d,PCA Reconstruction,total_quantity_history_deviation,0.25564491041567045
obs_9362df50c664d001,PCA Reconstruction,distributor_count,0.7593773854829056
obs_9362df50c664d001,PCA Reconstruction,product_mix_change,0.5513184337927628
obs_9362df50c664d001,PCA Reconstruction,customer_loss_rate,0.3967570666218099
obs_1b1075c78359f83c,PCA Reconstruction,distributor_mix_change,1.6955756665179076
obs_1b1075c78359f83c,PCA Reconstruction,channel_mix,0.40140119686467357
obs_1b1075c78359f83c,PCA Reconstruction,total_sales_history_deviation,0.2860401461885327
obs_08ef5f4baba26ce7,PCA Reconstruction,total_quantity_history_deviation,0.40832563269028427
obs_08ef5f4baba26ce7,PCA Reconstruction,average_price,0.3782899820019873
obs_08ef5f4baba26ce7,PCA Reconstruction,median_price,0.3378572356601761
obs_ea1abb7d972a552d,PCA Reconstruction,channel_mix,1.2875795194657222
obs_ea1abb7d972a552d,PCA Reconstruction,distinct_customers_rolling_std,0.9867435005703558
obs_ea1abb7d972a552d,PCA Reconstruction,customer_loss_rate,0.9091764678973718
obs_433656d2edc018ad,PCA Reconstruction,product_mix_change,3.6199767133836867
obs_433656d2edc018ad,PCA Reconstruction,distributor_mix_change,0.9361375336576567
obs_433656d2edc018ad,PCA Reconstruction,channel_mix,0.5923164519435685
obs_8b314bfe391f9c8b,PCA Reconstruction,product_breadth_change,0.5484531980555556
obs_8b314bfe391f9c8b,PCA Reconstruction,simulated_actual_payout_month_over_month_growth,0.38694311824389394
obs_8b314bfe391f9c8b,PCA Reconstruction,total_sales_year_over_year_growth,0.3604675086352696
obs_e4133424a7d0041d,PCA Reconstruction,simulated_actual_payout_lag_12,1.2593286047815393
obs_e4133424a7d0041d,PCA Reconstruction,product_mix_change,0.786570764567181
obs_e4133424a7d0041d,PCA Reconstruction,customer_loss_rate,0.5409238353334698
obs_de1bdbbc146298ff,PCA Reconstruction,total_quantity_team_relative,0.28231085437389586
obs_de1bdbbc146298ff,PCA Reconstruction,distributor_mix_change,0.20523137235038516
obs_de1bdbbc146298ff,PCA Reconstruction,total_sales_team_relative,0.2026576985260855
obs_38c87787d6b8bdff,PCA Reconstruction,distributor_concentration,1.3130219554358276
obs_38c87787d6b8bdff,PCA Reconstruction,subchannel_mix,0.7073636684572053
obs_38c87787d6b8bdff,PCA Reconstruction,channel_mix,0.6089134419999719
obs_0ffeba0f27397a0d,PCA Reconstruction,distributor_count,0.5880501467238562
obs_0ffeba0f27397a0d,PCA Reconstruction,total_sales_peer_percentile,0.4868963563093994
obs_0ffeba0f27397a0d,PCA Reconstruction,country_mix,0.46492263448629595
obs_1ea520309ab1fd1d,PCA Reconstruction,total_quantity_peer_median,0.5169490310113756
obs_1ea520309ab1fd1d,PCA Reconstruction,distinct_products,0.39714980896153423
obs_1ea520309ab1fd1d,PCA Reconstruction,distinct_customers_team_relative,0.338220763872613
obs_633d6005a490d842,PCA Reconstruction,simulated_payout_to_sales_ratio,0.47094830395608467
obs_633d6005a490d842,PCA Reconstruction,distinct_customers_rolling_std,0.4195470479516415
obs_633d6005a490d842,PCA Reconstruction,distinct_customers_team_relative,0.3570627574731893
obs_d61298e8afbdef33,PCA Reconstruction,distinct_customers_rolling_std,0.6519944021071881
obs_d61298e8afbdef33,PCA Reconstruction,total_sales_rolling_median,0.44223505272645947
obs_d61298e8afbdef33,PCA Reconstruction,simulated_actual_payout_lag_12,0.4367906780431841
obs_ecef6fb95deac46c,PCA Reconstruction,simulated_actual_payout_lag_12,0.9525689554511042
obs_ecef6fb95deac46c,PCA Reconstruction,product_breadth_change,0.6870807277189472
obs_ecef6fb95deac46c,PCA Reconstruction,distributor_count,0.5404783959186104
obs_814948edc63189b0,PCA Reconstruction,distinct_customers_team_relative,1.1502228156138854
obs_814948edc63189b0,PCA Reconstruction,distributor_mix_change,0.7898587077696178
obs_814948edc63189b0,PCA Reconstruction,product_breadth_change,0.5864889279763116
obs_a7e55e2a1ec76bc7,PCA Reconstruction,new_customers,0.9870248036938024
obs_a7e55e2a1ec76bc7,PCA Reconstruction,distinct_products,0.5290396415579907
obs_a7e55e2a1ec76bc7,PCA Reconstruction,average_price,0.42486846857081373
obs_86266d57f1974de3,PCA Reconstruction,new_customers,1.095564553182735
obs_86266d57f1974de3,PCA Reconstruction,total_sales_peer_country_product_class_relative,0.6958623711417162
obs_86266d57f1974de3,PCA Reconstruction,distributor_count,0.607297940314352
obs_6d466a58064bbf32,PCA Reconstruction,distributor_count,1.8967126156172693
obs_6d466a58064bbf32,PCA Reconstruction,total_quantity_peer_median,1.1119909274284645
obs_6d466a58064bbf32,PCA Reconstruction,product_breadth_change,0.8451656898723011
obs_f1b3c08527ad249a,PCA Reconstruction,distributor_count,3.038897534180093
obs_f1b3c08527ad249a,PCA Reconstruction,simulated_actual_payout_peer_median,2.366487069332085
obs_f1b3c08527ad249a,PCA Reconstruction,new_customers,2.272161245303515
obs_774860ee00f8f643,PCA Reconstruction,distributor_count,3.164185988423116
obs_774860ee00f8f643,PCA Reconstruction,new_customers,3.1148507716468017
obs_774860ee00f8f643,PCA Reconstruction,total_sales_peer_z,2.162709007581687
obs_7ce0a356cf1fdf0d,PCA Reconstruction,new_customers,2.2905118952372843
obs_7ce0a356cf1fdf0d,PCA Reconstruction,simulated_actual_payout_peer_median,2.166482046582563
obs_7ce0a356cf1fdf0d,PCA Reconstruction,distinct_customers_rolling_median,1.3015992869842496
obs_a693b1e4720f37b7,PCA Reconstruction,subchannel_mix,0.24544790232060873
obs_a693b1e4720f37b7,PCA Reconstruction,distributor_concentration,0.22106036346061939
obs_a693b1e4720f37b7,PCA Reconstruction,total_sales_peer_percentile,0.1929630290539646
obs_73e9acd8c52fc5c4,PCA Reconstruction,distributor_concentration,1.029227055709566
obs_73e9acd8c52fc5c4,PCA Reconstruction,total_quantity_peer_percentile,0.36744163284882947
obs_73e9acd8c52fc5c4,PCA Reconstruction,product_concentration,0.36074756247852835
obs_6a2f4fe0164aff97,PCA Reconstruction,total_sales_history_deviation,0.7692692862380576
obs_6a2f4fe0164aff97,PCA Reconstruction,total_quantity_rolling_median,0.7381506412525488
obs_6a2f4fe0164aff97,PCA Reconstruction,total_sales_peer_z,0.6796958315502745
obs_99dcb3232f8bd51a,PCA Reconstruction,total_quantity_lag_3,0.2900948032765091
obs_99dcb3232f8bd51a,PCA Reconstruction,representative_rank,0.2675535517853892
obs_99dcb3232f8bd51a,PCA Reconstruction,simulated_actual_payout_trend,0.2588008923279977
obs_ea0a55627efbc7de,PCA Reconstruction,product_breadth_change,0.4442779941390319
obs_ea0a55627efbc7de,PCA Reconstruction,rank_change,0.3136123225973736
obs_ea0a55627efbc7de,PCA Reconstruction,distinct_customers_lag_2,0.27049866907885783
obs_ef3430d4df211b40,PCA Reconstruction,simulated_actual_payout_peer_median,0.8334183955367148
obs_ef3430d4df211b40,PCA Reconstruction,product_mix_change,0.6573674265956833
obs_ef3430d4df211b40,PCA Reconstruction,total_sales_peer_z,0.41869242431350867
obs_05b0f6df06f16e76,PCA Reconstruction,product_breadth_change,0.3199768148395465
obs_05b0f6df06f16e76,PCA Reconstruction,total_sales_peer_percentile,0.2859270597182754
obs_05b0f6df06f16e76,PCA Reconstruction,total_quantity_lag_2,0.25020955935749517
obs_a162fa5c4cdedf4c,PCA Reconstruction,product_breadth_change,1.773644445229303
obs_a162fa5c4cdedf4c,PCA Reconstruction,customer_loss_rate,0.46590173987978
obs_a162fa5c4cdedf4c,PCA Reconstruction,average_price,0.17538690606688065
obs_3361a16617e0093b,PCA Reconstruction,distributor_mix_change,0.8265292085631776
obs_3361a16617e0093b,PCA Reconstruction,total_quantity_lag_3,0.43536945721705667
obs_3361a16617e0093b,PCA Reconstruction,representative_rank,0.22265871666793335
obs_d98fbee3187ea3db,PCA Reconstruction,customer_loss_rate,1.8053804845608876
obs_d98fbee3187ea3db,PCA Reconstruction,product_mix_change,1.199117136620461
obs_d98fbee3187ea3db,PCA Reconstruction,distributor_mix_change,1.1104927015852561
obs_7e547f00a67a0898,PCA Reconstruction,product_class_share,0.5953936623047621
obs_7e547f00a67a0898,PCA Reconstruction,total_quantity_trend,0.45324888035724004
obs_7e547f00a67a0898,PCA Reconstruction,product_breadth_change,0.4028639798586524
obs_529ee7ef8986470d,PCA Reconstruction,country_mix,0.2503728800920881
obs_529ee7ef8986470d,PCA Reconstruction,simulated_actual_payout_peer_z,0.22827539279478326
obs_529ee7ef8986470d,PCA Reconstruction,distinct_customers_history_deviation,0.22798705843934
obs_265363b36e36ab69,PCA Reconstruction,simulated_actual_payout_peer_z,1.6614017474129592
obs_265363b36e36ab69,PCA Reconstruction,product_class_share,0.5467058115247414
obs_265363b36e36ab69,PCA Reconstruction,country_mix,0.37431507380162843
obs_ff8bebacc8bd4bf7,PCA Reconstruction,total_sales_rolling_std,0.4553181987135148
obs_ff8bebacc8bd4bf7,PCA Reconstruction,total_quantity_rolling_mean_6,0.2853539080096894
obs_ff8bebacc8bd4bf7,PCA Reconstruction,distinct_customers_history_deviation,0.25068690215090134
obs_7dfc439258a33da7,PCA Reconstruction,total_sales_peer_percentile,0.3146992599143463
obs_7dfc439258a33da7,PCA Reconstruction,distinct_customers_history_deviation,0.2720279840330488
obs_7dfc439258a33da7,PCA Reconstruction,distributor_concentration,0.2689408940703597
obs_779a4547c5588516,PCA Reconstruction,total_sales_rolling_median,0.21770448253370187
obs_779a4547c5588516,PCA Reconstruction,total_sales_rolling_std,0.20927687635949418
obs_779a4547c5588516,PCA Reconstruction,distinct_customers_peer_percentile,0.20052905784709346
obs_6e932623d2a294a4,PCA Reconstruction,new_customers,0.4054670043722568
obs_6e932623d2a294a4,PCA Reconstruction,simulated_actual_payout_lag_12,0.16171231877022418
obs_6e932623d2a294a4,PCA Reconstruction,product_class_share,0.12348534619576294
obs_20ccb4d24d7c2ad4,PCA Reconstruction,simulated_actual_payout_year_over_year_growth,1.0474964297446197
obs_20ccb4d24d7c2ad4,PCA Reconstruction,total_quantity_year_over_year_growth,0.9237050258871602
obs_20ccb4d24d7c2ad4,PCA Reconstruction,total_sales_lag_12,0.9046510639218339
obs_8b66e74c01c18008,PCA Reconstruction,distributor_concentration,1.48334140836599
obs_8b66e74c01c18008,PCA Reconstruction,total_sales_rolling_median,0.7539124971546382
obs_8b66e74c01c18008,PCA Reconstruction,new_customers,0.6155150125991211
obs_7777ca5d48381645,PCA Reconstruction,product_class_share,0.6424247525197323
obs_7777ca5d48381645,PCA Reconstruction,new_customers,0.6308079117844151
obs_7777ca5d48381645,PCA Reconstruction,distinct_customers_team_relative,0.445632297108773
obs_dfc83b5b25c1c2b5,PCA Reconstruction,new_customers,1.459714608004943
obs_dfc83b5b25c1c2b5,PCA Reconstruction,simulated_actual_payout_rolling_std,0.8049139963243442
obs_dfc83b5b25c1c2b5,PCA Reconstruction,distinct_products,0.5803293393345617
obs_961e175161b790a9,PCA Reconstruction,new_customers,1.0811200646723087
obs_961e175161b790a9,PCA Reconstruction,distinct_products,1.0707998397419811
obs_961e175161b790a9,PCA Reconstruction,distributor_mix_change,0.8532994257016867
obs_6c771815a75e414e,PCA Reconstruction,product_breadth_change,2.317651268089785
obs_6c771815a75e414e,PCA Reconstruction,distinct_customers_team_relative,1.3723455836573983
obs_6c771815a75e414e,PCA Reconstruction,total_quantity_peer_median,1.0163216379930173
obs_88135179e9776079,PCA Reconstruction,simulated_actual_payout_lag_12,0.5010643925640584
obs_88135179e9776079,PCA Reconstruction,distinct_customers_lag_2,0.49683747739815937
obs_88135179e9776079,PCA Reconstruction,new_customers,0.4232754862774463
obs_ac773a96bb138aa8,PCA Reconstruction,new_customers,2.409498135449117
obs_ac773a96bb138aa8,PCA Reconstruction,simulated_actual_payout_peer_median,0.7357387569922299
obs_ac773a96bb138aa8,PCA Reconstruction,distributor_count,0.5537680951107431
obs_d5ca598502762b8a,PCA Reconstruction,total_sales_peer_z,2.335861751913804
obs_d5ca598502762b8a,PCA Reconstruction,simulated_actual_payout_peer_median,2.277233286198529
obs_d5ca598502762b8a,PCA Reconstruction,distributor_mix_change,1.239190687826025
obs_1a58e4d3c759c7d0,PCA Reconstruction,simulated_actual_payout_peer_median,3.0425642653934837
obs_1a58e4d3c759c7d0,PCA Reconstruction,distributor_count,2.2569243556853826
obs_1a58e4d3c759c7d0,PCA Reconstruction,simulated_actual_payout_year_over_year_growth,2.071207722884447
obs_9393cf3bd272aba4,PCA Reconstruction,new_customers,5.3365247183674125
obs_9393cf3bd272aba4,PCA Reconstruction,distinct_customers_rolling_std,2.122189685563497
obs_9393cf3bd272aba4,PCA Reconstruction,simulated_actual_payout_rolling_std,1.3812659631313184
obs_f7a43f9660ca17e3,PCA Reconstruction,simulated_actual_payout_peer_median,0.32880900712199485
obs_f7a43f9660ca17e3,PCA Reconstruction,simulated_payout_to_sales_ratio,0.3041503606164923
obs_f7a43f9660ca17e3,PCA Reconstruction,total_sales_history_deviation,0.21431312407375422
obs_d2f819093ae640b0,PCA Reconstruction,simulated_actual_payout_peer_median,0.5360038424994195
obs_d2f819093ae640b0,PCA Reconstruction,simulated_actual_payout_rolling_std,0.49240270260688745
obs_d2f819093ae640b0,PCA Reconstruction,product_mix_change,0.44941097551729314
obs_6073c97338d52c0e,PCA Reconstruction,distinct_customers_rolling_std,2.33762610806866
obs_6073c97338d52c0e,PCA Reconstruction,distributor_concentration,0.23174086511141406
obs_6073c97338d52c0e,PCA Reconstruction,distinct_customers_history_deviation,0.1745571698863478
obs_69396bae196c921a,PCA Reconstruction,total_quantity_rolling_std,0.4046984873307782
obs_69396bae196c921a,PCA Reconstruction,distinct_customers_rolling_std,0.37296406319139497
obs_69396bae196c921a,PCA Reconstruction,subchannel_mix,0.2929208909548438
obs_3635e8c427192ea7,PCA Reconstruction,total_sales_peer_z,1.4525714578401203
obs_3635e8c427192ea7,PCA Reconstruction,total_quantity_peer_z,0.9745255222028415
obs_3635e8c427192ea7,PCA Reconstruction,product_breadth_change,0.8560878515031528
obs_8dc7fed7a389fd89,PCA Reconstruction,distributor_mix_change,1.1401027298669573
obs_8dc7fed7a389fd89,PCA Reconstruction,total_quantity_lag_1,0.3699267561711487
obs_8dc7fed7a389fd89,PCA Reconstruction,total_sales_rolling_std,0.220791638189512
obs_7168f625808ebdbb,PCA Reconstruction,distinct_customers_peer_percentile,0.5127191249565992
obs_7168f625808ebdbb,PCA Reconstruction,product_mix_change,0.36788231949884487
obs_7168f625808ebdbb,PCA Reconstruction,product_class_share,0.32894149992156074
obs_7fd81698e140b320,PCA Reconstruction,total_sales_trend,0.6190375194867138
obs_7fd81698e140b320,PCA Reconstruction,customer_loss_rate,0.5994952103017573
obs_7fd81698e140b320,PCA Reconstruction,total_quantity_trend,0.48095442229869145
obs_07faa0093b1b83a4,PCA Reconstruction,product_breadth_change,0.6639313816338169
obs_07faa0093b1b83a4,PCA Reconstruction,distinct_customers_rolling_MAD,0.46089623517896
obs_07faa0093b1b83a4,PCA Reconstruction,total_quantity_rolling_median,0.32754203294144485
obs_3a669adbb7df7796,PCA Reconstruction,distinct_customers_peer_percentile,0.2778956111156197
obs_3a669adbb7df7796,PCA Reconstruction,distributor_mix_change,0.2682570106475511
obs_3a669adbb7df7796,PCA Reconstruction,distinct_customers_peer_country_product_class_relative,0.26473348491156967
obs_ece23a8d928453f3,PCA Reconstruction,distributor_concentration,1.0963423269900143
obs_ece23a8d928453f3,PCA Reconstruction,product_class_share,0.7034342801669707
obs_ece23a8d928453f3,PCA Reconstruction,total_sales_peer_median,0.533483887446026
obs_c620dd787f8d23cf,PCA Reconstruction,product_concentration,1.0828320785678351
obs_c620dd787f8d23cf,PCA Reconstruction,dominant_product_share,0.8096845207544311
obs_c620dd787f8d23cf,PCA Reconstruction,new_customers,0.6056381163733904
obs_d2644044d6da3e96,PCA Reconstruction,simulated_actual_payout_lag_12,0.7790110282979893
obs_d2644044d6da3e96,PCA Reconstruction,product_class_share,0.6313085633507126
obs_d2644044d6da3e96,PCA Reconstruction,distinct_customers_team_relative,0.2998543752533873
obs_63f6d3343a634da0,PCA Reconstruction,simulated_actual_payout_history_deviation,1.2657041691954078
obs_63f6d3343a634da0,PCA Reconstruction,simulated_actual_payout_rolling_MAD,0.8684373917700104
obs_63f6d3343a634da0,PCA Reconstruction,distinct_customers_lag_2,0.4089037534899852
obs_e5e80f98d5036969,PCA Reconstruction,simulated_actual_payout_history_deviation,0.9502862608237207
obs_e5e80f98d5036969,PCA Reconstruction,simulated_actual_payout_rolling_MAD,0.46881398866066876
obs_e5e80f98d5036969,PCA Reconstruction,channel_mix,0.23283383862193469
obs_68e2ec0229a13cda,PCA Reconstruction,simulated_actual_payout_history_deviation,1.1956378351291703
obs_68e2ec0229a13cda,PCA Reconstruction,distributor_concentration,0.8528086421859044
obs_68e2ec0229a13cda,PCA Reconstruction,simulated_actual_payout_rolling_MAD,0.4933693444318299
obs_d819a4a94915350c,PCA Reconstruction,simulated_actual_payout_year_over_year_growth,0.558141782246572
obs_d819a4a94915350c,PCA Reconstruction,total_quantity_lag_12,0.5142746967830628
obs_d819a4a94915350c,PCA Reconstruction,representative_rank,0.4319782492631181
obs_00311e0c09a25f8c,PCA Reconstruction,simulated_actual_payout_peer_median,0.35249333853515086
obs_00311e0c09a25f8c,PCA Reconstruction,simulated_actual_payout_year_over_year_growth,0.2720978771748856
obs_00311e0c09a25f8c,PCA Reconstruction,product_class_share,0.2501032498517561
obs_3f6d6e7383bf34c5,PCA Reconstruction,distributor_mix_change,1.0742795035874206
obs_3f6d6e7383bf34c5,PCA Reconstruction,distinct_customers_rolling_std,0.5927320012096234
obs_3f6d6e7383bf34c5,PCA Reconstruction,total_sales_peer_z,0.5594128492464062
obs_0b259d033a6e191e,PCA Reconstruction,distinct_customers_rolling_std,1.065680403070176
obs_0b259d033a6e191e,PCA Reconstruction,distinct_customers_team_relative,0.6749492571253783
obs_0b259d033a6e191e,PCA Reconstruction,distinct_customers_history_deviation,0.57216283645411
obs_766fe3a476b2f940,PCA Reconstruction,new_customers,2.5412783931350926
obs_766fe3a476b2f940,PCA Reconstruction,distributor_mix_change,1.5545820478020058
obs_766fe3a476b2f940,PCA Reconstruction,distinct_customers_history_deviation,0.809636390055406
obs_92762d44fa55a27c,PCA Reconstruction,new_customers,2.9259437399967485
obs_92762d44fa55a27c,PCA Reconstruction,simulated_actual_payout_peer_median,0.5892402562068644
obs_92762d44fa55a27c,PCA Reconstruction,product_mix_change,0.5691750451070039
obs_83dc9887f0271c97,PCA Reconstruction,new_customers,5.370920222984122
obs_83dc9887f0271c97,PCA Reconstruction,product_mix_change,0.7210018248136816
obs_83dc9887f0271c97,PCA Reconstruction,simulated_actual_payout_rolling_mean_6,0.5108839033643465
obs_3696fd0ba387683b,PCA Reconstruction,new_customers,6.254205844008683
obs_3696fd0ba387683b,PCA Reconstruction,country_mix,0.4959584468199423
obs_3696fd0ba387683b,PCA Reconstruction,product_class_share,0.4656769799184037
obs_bdef240254c3c291,PCA Reconstruction,new_customers,2.9388554891345553
obs_bdef240254c3c291,PCA Reconstruction,distributor_count,2.3772306433203467
obs_bdef240254c3c291,PCA Reconstruction,simulated_actual_payout_peer_median,0.9423659721837064
obs_fce724102d01ef18,PCA Reconstruction,new_customers,2.7333897013139317
obs_fce724102d01ef18,PCA Reconstruction,distinct_customers_rolling_std,1.9959258855698998
obs_fce724102d01ef18,PCA Reconstruction,distributor_count,1.1522160457991621
obs_d66050ec3113da29,PCA Reconstruction,new_customers,3.2441189456232777
obs_d66050ec3113da29,PCA Reconstruction,distributor_count,2.5861028416112144
obs_d66050ec3113da29,PCA Reconstruction,distinct_customers_rolling_std,1.7662825993826654
obs_d24a62812072f37a,PCA Reconstruction,new_customers,7.254154046928288
obs_d24a62812072f37a,PCA Reconstruction,distinct_customers_rolling_std,3.070894378309372
obs_d24a62812072f37a,PCA Reconstruction,product_mix_change,1.7945826961452012
obs_e90cc232be59aba2,PCA Reconstruction,total_quantity_peer_median,0.25089987733511215
obs_e90cc232be59aba2,PCA Reconstruction,distinct_customers_team_relative,0.1312899347103611
obs_e90cc232be59aba2,PCA Reconstruction,rank_change,0.07531322940493729
obs_588145622e0b71f2,PCA Reconstruction,distributor_concentration,0.1761339147492604
obs_588145622e0b71f2,PCA Reconstruction,total_sales_rolling_median,0.10182826503934876
obs_588145622e0b71f2,PCA Reconstruction,product_breadth_change,0.09609881200744812
obs_c28019ea673bd80c,PCA Reconstruction,total_quantity_peer_percentile,0.4272596833204521
obs_c28019ea673bd80c,PCA Reconstruction,distinct_customers_history_deviation,0.27944082502195616
obs_c28019ea673bd80c,PCA Reconstruction,distinct_customers_rolling_std,0.27411313165524287
obs_1398abdce4708efe,PCA Reconstruction,distributor_mix_change,0.5069784779647676
obs_1398abdce4708efe,PCA Reconstruction,simulated_actual_payout_history_deviation,0.43381031267973447
obs_1398abdce4708efe,PCA Reconstruction,distributor_concentration,0.339105982186639
obs_1dd29706deab1968,PCA Reconstruction,total_sales_peer_percentile,0.9515508685837989
obs_1dd29706deab1968,PCA Reconstruction,product_breadth_change,0.543399637917483
obs_1dd29706deab1968,PCA Reconstruction,product_mix_change,0.2724296974888299
obs_e08f153bead0da34,PCA Reconstruction,product_breadth_change,0.6913747683284909
obs_e08f153bead0da34,PCA Reconstruction,distributor_concentration,0.23468593416938402
obs_e08f153bead0da34,PCA Reconstruction,total_quantity_peer_percentile,0.21978604786772876
obs_5f57983318fffd6e,PCA Reconstruction,average_price,0.30474945161430833
obs_5f57983318fffd6e,PCA Reconstruction,subchannel_mix,0.2504362421063128
obs_5f57983318fffd6e,PCA Reconstruction,total_sales_history_deviation,0.23372746194248692
obs_330e1cc1cc2e3c2e,PCA Reconstruction,total_quantity_peer_percentile,0.30771029720463733
obs_330e1cc1cc2e3c2e,PCA Reconstruction,total_sales_history_deviation,0.2735413583841963
obs_330e1cc1cc2e3c2e,PCA Reconstruction,total_sales_rolling_mean_3,0.1570171745066214
obs_266e5b7884c84062,PCA Reconstruction,product_breadth_change,0.6978501028702768
obs_266e5b7884c84062,PCA Reconstruction,subchannel_mix,0.42220436539917694
obs_266e5b7884c84062,PCA Reconstruction,new_customers,0.37378355943153846
obs_b93166c4530f273d,PCA Reconstruction,distributor_mix_change,0.4055843581242369
obs_b93166c4530f273d,PCA Reconstruction,channel_mix,0.21095854691748075
obs_b93166c4530f273d,PCA Reconstruction,total_quantity_acceleration,0.10925684399610967
obs_c50e16976d711d4c,PCA Reconstruction,dominant_product_share,0.3982119953096049
obs_c50e16976d711d4c,PCA Reconstruction,total_sales_year_over_year_growth,0.22761904963795523
obs_c50e16976d711d4c,PCA Reconstruction,average_price,0.1874153587329156
obs_dc8750e2367c6e19,PCA Reconstruction,total_quantity_peer_percentile,0.7878439059797533
obs_dc8750e2367c6e19,PCA Reconstruction,product_class_share,0.3586238441706393
obs_dc8750e2367c6e19,PCA Reconstruction,total_sales_month_over_month_growth,0.3390479167081645
obs_81f83a6282e48455,PCA Reconstruction,simulated_actual_payout_rolling_median,0.29569420836129306
obs_81f83a6282e48455,PCA Reconstruction,total_quantity_history_deviation,0.2816293769994037
obs_81f83a6282e48455,PCA Reconstruction,distributor_mix_change,0.2336054119606213
obs_6be1d05f2c0fd4a0,PCA Reconstruction,total_sales_rolling_mean_3,0.5569389430129926
obs_6be1d05f2c0fd4a0,PCA Reconstruction,total_quantity_rolling_std,0.38803005028010634
obs_6be1d05f2c0fd4a0,PCA Reconstruction,total_quantity_lag_1,0.3449836568177085
obs_baa6dcd2ae6ba2fc,PCA Reconstruction,total_sales_rolling_mean_6,0.5600611890730384
obs_baa6dcd2ae6ba2fc,PCA Reconstruction,total_quantity_trend,0.4259826261399536
obs_baa6dcd2ae6ba2fc,PCA Reconstruction,simulated_actual_payout_trend,0.32513065804916463
obs_27c558fb9c2f290c,PCA Reconstruction,country_mix,0.8079401728225658
obs_27c558fb9c2f290c,PCA Reconstruction,simulated_actual_payout_month_over_month_growth,0.25285414725548083
obs_27c558fb9c2f290c,PCA Reconstruction,distributor_concentration,0.25262096442509374
obs_59227d080bd5a67c,PCA Reconstruction,rank_change,0.49425229936680554
obs_59227d080bd5a67c,PCA Reconstruction,simulated_actual_payout_peer_percentile,0.32786005807597307
obs_59227d080bd5a67c,PCA Reconstruction,simulated_actual_payout_peer_z,0.3079991649094713
obs_3dafc4b5eb647e2d,PCA Reconstruction,product_mix_change,0.41879067507278983
obs_3dafc4b5eb647e2d,PCA Reconstruction,simulated_actual_payout_peer_median,0.3493621460770097
obs_3dafc4b5eb647e2d,PCA Reconstruction,customer_loss_rate,0.3307297011997908
obs_d91968c24a57f672,PCA Reconstruction,simulated_actual_payout_rolling_MAD,0.40266269526297704
obs_d91968c24a57f672,PCA Reconstruction,simulated_actual_payout_rolling_median,0.3976872678229886
obs_d91968c24a57f672,PCA Reconstruction,simulated_actual_payout_history_deviation,0.39688135117598206
obs_eeb54bf126948756,PCA Reconstruction,new_customers,1.2788602725863665
obs_eeb54bf126948756,PCA Reconstruction,simulated_actual_payout_year_over_year_growth,1.122388774293658
obs_eeb54bf126948756,PCA Reconstruction,subchannel_mix,0.7767402154532337
obs_5869cc04a6d3c608,PCA Reconstruction,new_customers,2.130838081423306
obs_5869cc04a6d3c608,PCA Reconstruction,simulated_actual_payout_rolling_median,0.6427867416910846
obs_5869cc04a6d3c608,PCA Reconstruction,distinct_customers_rolling_std,0.6413899873493841
obs_dda7a903327b9dd2,PCA Reconstruction,total_sales_peer_z,1.5074249686533958
obs_dda7a903327b9dd2,PCA Reconstruction,simulated_actual_payout_year_over_year_growth,1.3355953001476375
obs_dda7a903327b9dd2,PCA Reconstruction,distinct_customers_team_relative,0.9772578707580771
obs_475498238e5d1e8d,PCA Reconstruction,distributor_mix_change,3.0855251273526356
obs_475498238e5d1e8d,PCA Reconstruction,new_customers,1.611912683036073
obs_475498238e5d1e8d,PCA Reconstruction,total_quantity,0.7940041856004105
obs_4b77c7a3ecd392cf,PCA Reconstruction,new_customers,6.756951632867253
obs_4b77c7a3ecd392cf,PCA Reconstruction,country_mix,0.9354785705671691
obs_4b77c7a3ecd392cf,PCA Reconstruction,simulated_actual_payout_peer_z,0.7927513010986471
obs_439ed5ddc4725821,PCA Reconstruction,distributor_count,2.1948230938764275
obs_439ed5ddc4725821,PCA Reconstruction,total_quantity_lag_2,1.4168653089309742
obs_439ed5ddc4725821,PCA Reconstruction,simulated_actual_payout_peer_median,0.8380138678885084
obs_517f0b361f499a26,PCA Reconstruction,new_customers,4.855454691338749
obs_517f0b361f499a26,PCA Reconstruction,simulated_actual_payout_team_relative,1.5814144221109794
obs_517f0b361f499a26,PCA Reconstruction,simulated_actual_payout_peer_median,1.4394166987888077
obs_b3f7eae2e1c434f2,PCA Reconstruction,new_customers,4.965501253404512
obs_b3f7eae2e1c434f2,PCA Reconstruction,distributor_count,2.288311614427248
obs_b3f7eae2e1c434f2,PCA Reconstruction,product_breadth_change,2.0096195372962353
obs_cf6d4a789a91eb96,PCA Reconstruction,new_customers,4.674607646155478
obs_cf6d4a789a91eb96,PCA Reconstruction,distributor_mix_change,2.8934172724064395
obs_cf6d4a789a91eb96,PCA Reconstruction,distinct_customers_rolling_std,1.6762012791382626
obs_6251c1a84b617f8e,PCA Reconstruction,total_quantity_peer_z,0.2089655022933027
obs_6251c1a84b617f8e,PCA Reconstruction,distinct_customers_history_deviation,0.20280793838211553
obs_6251c1a84b617f8e,PCA Reconstruction,product_class_share,0.19443786025229584
obs_a2e9ab498e13ed91,PCA Reconstruction,distributor_mix_change,0.44867932949963596
obs_a2e9ab498e13ed91,PCA Reconstruction,distinct_customers_rolling_mean_6,0.3768270266319119
obs_a2e9ab498e13ed91,PCA Reconstruction,total_quantity_rolling_mean_6,0.2590158900283018
obs_0a16da559a66f0b7,PCA Reconstruction,total_sales_rolling_std,1.1599351290638888
obs_0a16da559a66f0b7,PCA Reconstruction,product_breadth_change,0.5613549084223052
obs_0a16da559a66f0b7,PCA Reconstruction,distinct_customers_rolling_std,0.5114235972234502
obs_903c9372d91c3625,PCA Reconstruction,total_sales_history_deviation,0.5872495795450767
obs_903c9372d91c3625,PCA Reconstruction,simulated_actual_payout_trend,0.5102958800009955
obs_903c9372d91c3625,PCA Reconstruction,total_quantity_rolling_std,0.4255008203826013
obs_c3860532d86d8a86,PCA Reconstruction,total_quantity_history_deviation,0.6184218106605945
obs_c3860532d86d8a86,PCA Reconstruction,total_sales_rolling_median,0.3555309700397681
obs_c3860532d86d8a86,PCA Reconstruction,product_breadth_change,0.22527737706391102
obs_a0852ea50e37e563,PCA Reconstruction,distributor_mix_change,0.6907475731593575
obs_a0852ea50e37e563,PCA Reconstruction,product_breadth_change,0.35371285345588716
obs_a0852ea50e37e563,PCA Reconstruction,total_sales_rolling_median,0.28301217285215824
obs_c3c1670909474058,PCA Reconstruction,simulated_actual_payout_lag_12,0.2733098776623822
obs_c3c1670909474058,PCA Reconstruction,total_sales_history_deviation,0.24139287550528996
obs_c3c1670909474058,PCA Reconstruction,distributor_mix_change,0.21118079150101213
obs_4be340a44ff817bb,PCA Reconstruction,distributor_concentration,0.5524835693742298
obs_4be340a44ff817bb,PCA Reconstruction,customer_loss_rate,0.27989085006326414
obs_4be340a44ff817bb,PCA Reconstruction,total_sales_trend,0.2736302939809491
obs_2f96440e690c74fd,PCA Reconstruction,distributor_concentration,0.468138493154685
obs_2f96440e690c74fd,PCA Reconstruction,total_sales_history_deviation,0.2561136169588731
obs_2f96440e690c74fd,PCA Reconstruction,total_sales_rolling_median,0.20565160201722624
obs_59b1255bd35fc547,PCA Reconstruction,distributor_mix_change,0.2960587433474177
obs_59b1255bd35fc547,PCA Reconstruction,rank_change,0.22879448515852477
obs_59b1255bd35fc547,PCA Reconstruction,distinct_customers_rolling_MAD,0.20390959539008205
obs_af6ca94b8e10f3c9,PCA Reconstruction,distributor_count,0.3592998639503161
obs_af6ca94b8e10f3c9,PCA Reconstruction,total_quantity_peer_median,0.23545778201181344
obs_af6ca94b8e10f3c9,PCA Reconstruction,simulated_actual_payout_peer_z,0.17218365718204517
obs_a75d1c019358e93b,PCA Reconstruction,product_breadth_change,0.39343762309814945
obs_a75d1c019358e93b,PCA Reconstruction,total_quantity_peer_percentile,0.1641154327679115
obs_a75d1c019358e93b,PCA Reconstruction,simulated_actual_payout_peer_median,0.13099098764912465
obs_d31a1c551b05c6ba,PCA Reconstruction,product_breadth_change,0.6860954198980883
obs_d31a1c551b05c6ba,PCA Reconstruction,simulated_actual_payout_lag_12,0.4007711446950975
obs_d31a1c551b05c6ba,PCA Reconstruction,product_mix_change,0.29896491698564387
obs_a5825b9906cc66d5,PCA Reconstruction,simulated_actual_payout_lag_12,0.35695206454579015
obs_a5825b9906cc66d5,PCA Reconstruction,simulated_actual_payout_peer_median,0.19939210739055
obs_a5825b9906cc66d5,PCA Reconstruction,subchannel_mix,0.14431356585538177
obs_77885cf8dbc70089,PCA Reconstruction,simulated_actual_payout_lag_12,0.3255795842611297
obs_77885cf8dbc70089,PCA Reconstruction,simulated_actual_payout_peer_percentile,0.3132612934817648
obs_77885cf8dbc70089,PCA Reconstruction,simulated_actual_payout_team_relative,0.23618986059143124
obs_19cbd92d5e85e00b,PCA Reconstruction,simulated_actual_payout_history_deviation,0.497926613645921
obs_19cbd92d5e85e00b,PCA Reconstruction,product_breadth_change,0.4330556591290535
obs_19cbd92d5e85e00b,PCA Reconstruction,rank_change,0.39302000299669654
obs_a505a7efe7559ca7,PCA Reconstruction,total_sales_lag_12,0.3732720086155348
obs_a505a7efe7559ca7,PCA Reconstruction,new_customers,0.35131924138535325
obs_a505a7efe7559ca7,PCA Reconstruction,simulated_actual_payout_lag_12,0.284087791228724
obs_7c842a62bfdcc660,PCA Reconstruction,simulated_actual_payout_lag_12,0.6662015743357476
obs_7c842a62bfdcc660,PCA Reconstruction,total_sales_year_over_year_growth,0.5778699119081625
obs_7c842a62bfdcc660,PCA Reconstruction,total_quantity_peer_median,0.5570843387221535
obs_ef3b252342c829c8,PCA Reconstruction,new_customers,0.5484913311475418
obs_ef3b252342c829c8,PCA Reconstruction,total_quantity_month_over_month_growth,0.43153500293046126
obs_ef3b252342c829c8,PCA Reconstruction,simulated_actual_payout_history_deviation,0.42629467319022607
obs_8fd59f66e79f833b,PCA Reconstruction,distinct_customers_peer_percentile,0.4943205000711682
obs_8fd59f66e79f833b,PCA Reconstruction,new_customers,0.4582445471776816
obs_8fd59f66e79f833b,PCA Reconstruction,simulated_actual_payout_rolling_std,0.4186296237273209
obs_6b82c69c3e6de82a,PCA Reconstruction,product_breadth_change,0.7773864175780553
obs_6b82c69c3e6de82a,PCA Reconstruction,product_class_share,0.7599810217709053
obs_6b82c69c3e6de82a,PCA Reconstruction,new_customers,0.7254440091089339
obs_22fca9b762c9104f,PCA Reconstruction,new_customers,2.122136299148615
obs_22fca9b762c9104f,PCA Reconstruction,total_quantity_rolling_mean_3,0.8634732176767783
obs_22fca9b762c9104f,PCA Reconstruction,distributor_mix_change,0.46972781152270937
obs_8889a36d1477e3b6,PCA Reconstruction,new_customers,2.779323717405965
obs_8889a36d1477e3b6,PCA Reconstruction,distributor_mix_change,0.7694613005953029
obs_8889a36d1477e3b6,PCA Reconstruction,total_quantity_rolling_mean_3,0.6934176529033929
obs_6f7d485c264e0882,PCA Reconstruction,product_class_share,1.6718748640868208
obs_6f7d485c264e0882,PCA Reconstruction,new_customers,1.4138151524899536
obs_6f7d485c264e0882,PCA Reconstruction,distinct_customers_rolling_MAD,0.680338105944712
obs_1fe6e1661f3a50b1,PCA Reconstruction,new_customers,3.706614443101772
obs_1fe6e1661f3a50b1,PCA Reconstruction,distributor_count,1.5954057769080594
obs_1fe6e1661f3a50b1,PCA Reconstruction,total_quantity_peer_median,1.382443543874232
obs_dc9158abb896ea55,PCA Reconstruction,simulated_actual_payout_peer_median,3.367905429342518
obs_dc9158abb896ea55,PCA Reconstruction,new_customers,2.5803988602358174
obs_dc9158abb896ea55,PCA Reconstruction,distributor_count,2.1978798811714566
obs_649d97eead1025ee,PCA Reconstruction,new_customers,2.907944903984218
obs_649d97eead1025ee,PCA Reconstruction,distinct_customers_lag_2,2.0028965565673613
obs_649d97eead1025ee,PCA Reconstruction,distinct_customers_rolling_std,1.5633743020206399
obs_6dc3d0265d5c6e00,PCA Reconstruction,new_customers,3.915515802081309
obs_6dc3d0265d5c6e00,PCA Reconstruction,product_class_share,2.950177373564322
obs_6dc3d0265d5c6e00,PCA Reconstruction,distributor_mix_change,2.3678476522093233
obs_5a3021ba8bfa112d,PCA Reconstruction,distinct_products,0.6048977678063102
obs_5a3021ba8bfa112d,PCA Reconstruction,distributor_count,0.2718802361520173
obs_5a3021ba8bfa112d,PCA Reconstruction,simulated_payout_to_sales_ratio,0.24720824550361742
obs_77d87a742b738a24,PCA Reconstruction,product_breadth_change,0.9113373597803418
obs_77d87a742b738a24,PCA Reconstruction,distinct_customers_team_relative,0.47365535947539694
obs_77d87a742b738a24,PCA Reconstruction,total_sales_rolling_mean_6,0.30423003607335786
obs_194d717e9eb573dd,PCA Reconstruction,distinct_customers_rolling_std,1.9578888581836424
obs_194d717e9eb573dd,PCA Reconstruction,product_mix_change,0.7844927791132057
obs_194d717e9eb573dd,PCA Reconstruction,average_price,0.44829171946922086
obs_34ad6bb7659614b6,PCA Reconstruction,total_quantity_history_deviation,0.3437010086381964
obs_34ad6bb7659614b6,PCA Reconstruction,distinct_customers_rolling_std,0.33682729728470284
obs_34ad6bb7659614b6,PCA Reconstruction,dominant_product_share,0.28633197600162935
obs_83b812cb4bf863ee,PCA Reconstruction,distinct_customers_rolling_std,0.6673358104227348
obs_83b812cb4bf863ee,PCA Reconstruction,distributor_count,0.42559592413190606
obs_83b812cb4bf863ee,PCA Reconstruction,distinct_customers_history_deviation,0.26686541314316864
obs_80e7e3ff190fc716,PCA Reconstruction,distributor_concentration,1.625738151106792
obs_80e7e3ff190fc716,PCA Reconstruction,product_breadth_change,0.6100379923289653
obs_80e7e3ff190fc716,PCA Reconstruction,distributor_count,0.5978409345177941
obs_d633a2cf7c82d92d,PCA Reconstruction,distinct_customers_rolling_std,0.5559113820832142
obs_d633a2cf7c82d92d,PCA Reconstruction,product_mix_change,0.4495868693970311
obs_d633a2cf7c82d92d,PCA Reconstruction,distributor_concentration,0.328328881773462
obs_8d301510829d7347,PCA Reconstruction,product_breadth_change,0.5642130853411992
obs_8d301510829d7347,PCA Reconstruction,product_mix_change,0.4156775636163477
obs_8d301510829d7347,PCA Reconstruction,distributor_concentration,0.4023670756247474
obs_1d48e6ef47bbb986,PCA Reconstruction,distinct_customers_lag_2,0.5788611004427223
obs_1d48e6ef47bbb986,PCA Reconstruction,distinct_customers_acceleration,0.3067739878454878
obs_1d48e6ef47bbb986,PCA Reconstruction,distinct_customers_history_deviation,0.304870456863807
obs_28fef1b36e9a7ca4,PCA Reconstruction,rank_change,0.4587267014207995
obs_28fef1b36e9a7ca4,PCA Reconstruction,product_breadth_change,0.4363728755292193
obs_28fef1b36e9a7ca4,PCA Reconstruction,total_sales_history_deviation,0.3931914438964319
obs_d174e690ff41fa5d,PCA Reconstruction,distributor_count,0.3285395776971093
obs_d174e690ff41fa5d,PCA Reconstruction,total_quantity_peer_percentile,0.2569306068073954
obs_d174e690ff41fa5d,PCA Reconstruction,product_breadth_change,0.21479454690184102
obs_7bcf3ba85d207e95,PCA Reconstruction,total_quantity_history_deviation,0.1858367466599103
obs_7bcf3ba85d207e95,PCA Reconstruction,subchannel_mix,0.1533040943195045
obs_7bcf3ba85d207e95,PCA Reconstruction,simulated_actual_payout_team_relative,0.11474075298297358
obs_9936346df25db8a9,PCA Reconstruction,simulated_actual_payout_history_deviation,0.3611194949197761
obs_9936346df25db8a9,PCA Reconstruction,distributor_concentration,0.21784776870969924
obs_9936346df25db8a9,PCA Reconstruction,simulated_actual_payout_lag_12,0.18551712497751732
obs_d4c56e701930911b,PCA Reconstruction,simulated_actual_payout_lag_12,0.8961665751616432
obs_d4c56e701930911b,PCA Reconstruction,distinct_customers_lag_2,0.3932375223538824
obs_d4c56e701930911b,PCA Reconstruction,simulated_actual_payout_peer_median,0.32346586445602693
obs_e8d76798f21d0ff8,PCA Reconstruction,simulated_actual_payout_lag_12,0.41287331453472587
obs_e8d76798f21d0ff8,PCA Reconstruction,total_quantity_lag_2,0.3224787726593857
obs_e8d76798f21d0ff8,PCA Reconstruction,product_mix_change,0.30775933574244796
obs_9c92f1a4118b82e1,PCA Reconstruction,representative_rank,0.5426903610092674
obs_9c92f1a4118b82e1,PCA Reconstruction,simulated_actual_payout_peer_percentile,0.5104804358959512
obs_9c92f1a4118b82e1,PCA Reconstruction,product_mix_change,0.5029596478087744
obs_30221ccee23a2683,PCA Reconstruction,total_quantity_history_deviation,0.6304588484053721
obs_30221ccee23a2683,PCA Reconstruction,total_quantity_peer_country_product_class_relative,0.40786976118358653
obs_30221ccee23a2683,PCA Reconstruction,total_sales_peer_country_product_class_relative,0.3444503509087319
obs_43c2ece06fc95513,PCA Reconstruction,simulated_actual_payout_acceleration,0.32377701983976187
obs_43c2ece06fc95513,PCA Reconstruction,rank_change,0.2988348883984828
obs_43c2ece06fc95513,PCA Reconstruction,distributor_mix_change,0.26658282578278336
obs_b743ccdc0a262747,PCA Reconstruction,simulated_actual_payout_year_over_year_growth,0.5980459912556451
obs_b743ccdc0a262747,PCA Reconstruction,distinct_customers_rolling_MAD,0.4850275155299178
obs_b743ccdc0a262747,PCA Reconstruction,distinct_customers_lag_2,0.44890905481575216
obs_48e8349ce3511672,PCA Reconstruction,simulated_actual_payout_lag_12,0.9824487294848815
obs_48e8349ce3511672,PCA Reconstruction,distinct_customers_rolling_std,0.798281361483997
obs_48e8349ce3511672,PCA Reconstruction,product_breadth_change,0.7047819304606646
obs_5e5033af7fe74082,PCA Reconstruction,simulated_actual_payout_year_over_year_growth,0.8646316651610834
obs_5e5033af7fe74082,PCA Reconstruction,distributor_mix_change,0.8100166191705408
obs_5e5033af7fe74082,PCA Reconstruction,distinct_customers_rolling_std,0.6738002695191218
obs_e1eaedfe7e44a601,PCA Reconstruction,new_customers,1.5743521351520722
obs_e1eaedfe7e44a601,PCA Reconstruction,simulated_actual_payout_lag_12,0.7874958615715967
obs_e1eaedfe7e44a601,PCA Reconstruction,total_quantity_lag_3,0.7531793316018083
obs_31c1d344ab799778,PCA Reconstruction,distributor_mix_change,2.6649470823327817
obs_31c1d344ab799778,PCA Reconstruction,new_customers,0.7881314012774415
obs_31c1d344ab799778,PCA Reconstruction,product_mix_change,0.6715516812646886
obs_2d0cae3b27e68c95,PCA Reconstruction,country_mix,1.131201145910005
obs_2d0cae3b27e68c95,PCA Reconstruction,new_customers,0.8818681871342974
obs_2d0cae3b27e68c95,PCA Reconstruction,distributor_mix_change,0.4469725157106207
obs_873f9650d3b744ad,PCA Reconstruction,distinct_customers_history_deviation,2.111674824282519
obs_873f9650d3b744ad,PCA Reconstruction,new_customers,1.5248114947384863
obs_873f9650d3b744ad,PCA Reconstruction,total_sales_history_deviation,1.1751987092657465
obs_9dab0a349f801ef0,PCA Reconstruction,product_breadth_change,1.4033640196176533
obs_9dab0a349f801ef0,PCA Reconstruction,new_customers,1.3077514276957731
obs_9dab0a349f801ef0,PCA Reconstruction,distributor_mix_change,0.9630454445203142
obs_7ae2aed251841dc3,PCA Reconstruction,new_customers,2.6517547323834916
obs_7ae2aed251841dc3,PCA Reconstruction,total_quantity_lag_3,1.903028930324778
obs_7ae2aed251841dc3,PCA Reconstruction,distinct_customers_lag_2,1.868825734767099
obs_1a8e037d17118727,PCA Reconstruction,distributor_mix_change,4.856406303053437
obs_1a8e037d17118727,PCA Reconstruction,distinct_customers_rolling_std,1.879232997820216
obs_1a8e037d17118727,PCA Reconstruction,new_customers,1.221336769905766
obs_da72f212534ddc49,PCA Reconstruction,simulated_payout_to_sales_ratio,0.9371860314500668
obs_da72f212534ddc49,PCA Reconstruction,customer_loss_rate,0.5241793996311152
obs_da72f212534ddc49,PCA Reconstruction,average_price,0.4889514006774854
obs_a8a6e8f24bef5bd4,PCA Reconstruction,subchannel_mix,0.6654762890881916
obs_a8a6e8f24bef5bd4,PCA Reconstruction,total_sales_rolling_mean_6,0.6352347015953006
obs_a8a6e8f24bef5bd4,PCA Reconstruction,average_price,0.48984209119625766
obs_7775930664b81687,PCA Reconstruction,distributor_mix_change,0.8296374770191649
obs_7775930664b81687,PCA Reconstruction,distinct_customers_history_deviation,0.6860774021572488
obs_7775930664b81687,PCA Reconstruction,product_mix_change,0.244745805719002
obs_09c0c5c3ae15134a,PCA Reconstruction,total_sales_history_deviation,0.9674448682597472
obs_09c0c5c3ae15134a,PCA Reconstruction,distributor_concentration,0.3278773310021289
obs_09c0c5c3ae15134a,PCA Reconstruction,total_sales_trend,0.30504298484918385
obs_eaa48f3fce1e6d85,PCA Reconstruction,product_mix_change,0.6412577707142427
obs_eaa48f3fce1e6d85,PCA Reconstruction,distributor_mix_change,0.4722094946245746
obs_eaa48f3fce1e6d85,PCA Reconstruction,customer_loss_rate,0.3036703220396154
obs_db71f2609fe2d288,PCA Reconstruction,product_breadth_change,0.5141226598424408
obs_db71f2609fe2d288,PCA Reconstruction,average_price,0.4948960950282069
obs_db71f2609fe2d288,PCA Reconstruction,median_price,0.36034946753330555
obs_12de259ce4ffe190,PCA Reconstruction,distributor_concentration,0.883268099480543
obs_12de259ce4ffe190,PCA Reconstruction,product_mix_change,0.8084166105853243
obs_12de259ce4ffe190,PCA Reconstruction,product_breadth_change,0.640478266921125
obs_f6c20a71b17148b0,PCA Reconstruction,product_breadth_change,0.3615784943747953
obs_f6c20a71b17148b0,PCA Reconstruction,average_price,0.3374626956761247
obs_f6c20a71b17148b0,PCA Reconstruction,median_price,0.19776386038762248
obs_b2374cd3e207c6fe,PCA Reconstruction,total_sales_peer_percentile,0.33833673976314305
obs_b2374cd3e207c6fe,PCA Reconstruction,total_quantity_peer_percentile,0.3133760233887062
obs_b2374cd3e207c6fe,PCA Reconstruction,product_breadth_change,0.27924413658657504
obs_d38f74f35def6555,PCA Reconstruction,distributor_mix_change,0.5963017306619351
obs_d38f74f35def6555,PCA Reconstruction,product_breadth_change,0.3683592477547643
obs_d38f74f35def6555,PCA Reconstruction,new_customers,0.3294865300138638
obs_559d8fb95bdae153,PCA Reconstruction,simulated_actual_payout_peer_median,0.31612383876211025
obs_559d8fb95bdae153,PCA Reconstruction,total_quantity_lag_3,0.22771804461480827
obs_559d8fb95bdae153,PCA Reconstruction,simulated_actual_payout_peer_country_product_class_relative,0.20898437022503552
obs_97dbb8eef8ecbb00,PCA Reconstruction,product_mix_change,1.300061965851461
obs_97dbb8eef8ecbb00,PCA Reconstruction,average_price,0.4421568777336919
obs_97dbb8eef8ecbb00,PCA Reconstruction,distributor_mix_change,0.41459382669172934
obs_ff442b772b9e8e85,PCA Reconstruction,product_mix_change,2.1495374521154655
obs_ff442b772b9e8e85,PCA Reconstruction,subchannel_mix,1.1026216469800632
obs_ff442b772b9e8e85,PCA Reconstruction,distributor_mix_change,1.0434244119276836
obs_aa953a10c3d0c25f,PCA Reconstruction,product_breadth_change,0.6269941670506105
obs_aa953a10c3d0c25f,PCA Reconstruction,subchannel_mix,0.3823438014940235
obs_aa953a10c3d0c25f,PCA Reconstruction,channel_mix,0.3555952615691904
obs_9ec58fc19ac85e9b,PCA Reconstruction,distributor_concentration,0.25386192666444735
obs_9ec58fc19ac85e9b,PCA Reconstruction,distributor_mix_change,0.24977462172261614
obs_9ec58fc19ac85e9b,PCA Reconstruction,simulated_actual_payout_rolling_median,0.24045141590969013
obs_26410fddfc967281,PCA Reconstruction,total_sales_peer_percentile,0.6854081279478917
obs_26410fddfc967281,PCA Reconstruction,distributor_concentration,0.5440216771038414
obs_26410fddfc967281,PCA Reconstruction,dominant_product_share,0.4353375799521769
obs_e663f1b564f750b2,PCA Reconstruction,simulated_actual_payout_lag_12,0.7143821037397121
obs_e663f1b564f750b2,PCA Reconstruction,product_mix_change,0.445009663893862
obs_e663f1b564f750b2,PCA Reconstruction,distributor_count,0.2930038948053925
obs_38bc8aabe35c9371,PCA Reconstruction,total_sales_year_over_year_growth,0.54863357851743
obs_38bc8aabe35c9371,PCA Reconstruction,total_sales_month_over_month_growth,0.5154519929281338
obs_38bc8aabe35c9371,PCA Reconstruction,total_sales_team_relative,0.41874457269685034
obs_7d82079d3bf1ac48,PCA Reconstruction,distinct_customers_rolling_std,1.1419270795880254
obs_7d82079d3bf1ac48,PCA Reconstruction,total_sales_rolling_median,0.7881833241209316
obs_7d82079d3bf1ac48,PCA Reconstruction,simulated_actual_payout_lag_12,0.7549451114317725
obs_444af7278196ca87,PCA Reconstruction,distinct_customers_rolling_std,1.450970810005726
obs_444af7278196ca87,PCA Reconstruction,average_price,0.7858083233312151
obs_444af7278196ca87,PCA Reconstruction,total_quantity_peer_median,0.6759486584226782
obs_9d2cfd0637048f0f,PCA Reconstruction,distinct_customers_rolling_std,1.4180359049705762
obs_9d2cfd0637048f0f,PCA Reconstruction,product_class_share,1.3009579500990476
obs_9d2cfd0637048f0f,PCA Reconstruction,simulated_actual_payout_year_over_year_growth,1.0213637084423894
obs_144cbb989002bef5,PCA Reconstruction,distinct_customers_rolling_std,1.4531211577797818
obs_144cbb989002bef5,PCA Reconstruction,distinct_products,0.7756277925540594
obs_144cbb989002bef5,PCA Reconstruction,distinct_customers_team_relative,0.6820832776129031
obs_faf4cc9fc17832da,PCA Reconstruction,distributor_mix_change,0.6236199784283097
obs_faf4cc9fc17832da,PCA Reconstruction,new_customers,0.49305508305140905
obs_faf4cc9fc17832da,PCA Reconstruction,distinct_products,0.45113366515058445
obs_e1d4402110e3ea1b,PCA Reconstruction,new_customers,1.3947173451559987
obs_e1d4402110e3ea1b,PCA Reconstruction,average_price,0.5390393280469544
obs_e1d4402110e3ea1b,PCA Reconstruction,distinct_customers_rolling_MAD,0.45029258194865673
obs_300d5f992010ea9b,PCA Reconstruction,new_customers,1.5118590487622259
obs_300d5f992010ea9b,PCA Reconstruction,distributor_count,1.4014518555575577
obs_300d5f992010ea9b,PCA Reconstruction,product_breadth_change,1.0290486566871448
obs_84a8e8aef44fcfaa,PCA Reconstruction,new_customers,3.6521045699429986
obs_84a8e8aef44fcfaa,PCA Reconstruction,simulated_actual_payout_year_over_year_growth,3.3088726020927544
obs_84a8e8aef44fcfaa,PCA Reconstruction,distinct_customers_rolling_std,2.321697357822132
obs_ec1f3b73133cdbbe,PCA Reconstruction,distributor_count,2.633370100359074
obs_ec1f3b73133cdbbe,PCA Reconstruction,distinct_customers_lag_2,2.1303403557812532
obs_ec1f3b73133cdbbe,PCA Reconstruction,new_customers,2.0367796839977177
obs_fead628ba2864762,PCA Reconstruction,customer_loss_rate,2.7767743807133702
obs_fead628ba2864762,PCA Reconstruction,new_customers,1.8284410619883145
obs_fead628ba2864762,PCA Reconstruction,distinct_customers_rolling_std,1.4114394124835676
obs_b4a94c019834034d,PCA Reconstruction,subchannel_mix,0.18072576526615058
obs_b4a94c019834034d,PCA Reconstruction,total_quantity_peer_median,0.10663395156496183
obs_b4a94c019834034d,PCA Reconstruction,dominant_product_share,0.10440317192220817
obs_d372b0510d828553,PCA Reconstruction,distributor_concentration,0.9024352180652768
obs_d372b0510d828553,PCA Reconstruction,distributor_mix_change,0.6339976655826032
obs_d372b0510d828553,PCA Reconstruction,distinct_customers_team_relative,0.3413084261345062
obs_2bc5df5f8b01c585,PCA Reconstruction,total_sales_rolling_median,0.5082084511756945
obs_2bc5df5f8b01c585,PCA Reconstruction,total_quantity_history_deviation,0.49937115428582174
obs_2bc5df5f8b01c585,PCA Reconstruction,total_sales_history_deviation,0.3033480922268424
obs_20174a2925a65bba,PCA Reconstruction,total_sales_history_deviation,1.0749811714051676
obs_20174a2925a65bba,PCA Reconstruction,simulated_actual_payout_history_deviation,0.7165278968367987
obs_20174a2925a65bba,PCA Reconstruction,simulated_actual_payout_rolling_std,0.42277089550336167
obs_e5735a7678a8a76e,PCA Reconstruction,distributor_mix_change,0.5616268830673462
obs_e5735a7678a8a76e,PCA Reconstruction,distinct_customers_rolling_std,0.5352440722380579
obs_e5735a7678a8a76e,PCA Reconstruction,simulated_actual_payout_lag_2,0.3654015008707284
obs_bcb153d6b0aa7ee0,PCA Reconstruction,total_quantity_rolling_median,0.5002526761312448
obs_bcb153d6b0aa7ee0,PCA Reconstruction,representative_rank,0.47795802599196496
obs_bcb153d6b0aa7ee0,PCA Reconstruction,distinct_customers_lag_2,0.3631548741437568
obs_2b14db8ef4838450,PCA Reconstruction,simulated_actual_payout_team_relative,0.2926553371918343
obs_2b14db8ef4838450,PCA Reconstruction,product_class_share,0.2409429846954617
obs_2b14db8ef4838450,PCA Reconstruction,distinct_customers_lag_2,0.21935633693558768
obs_690f54d86e679d04,PCA Reconstruction,simulated_actual_payout_history_deviation,0.3363513629019907
obs_690f54d86e679d04,PCA Reconstruction,distinct_customers_rolling_median,0.326196578227312
obs_690f54d86e679d04,PCA Reconstruction,distributor_mix_change,0.2798920992935765
obs_53cf40bef1326153,PCA Reconstruction,product_breadth_change,0.9072869657261694
obs_53cf40bef1326153,PCA Reconstruction,distributor_count,0.3190568589906919
obs_53cf40bef1326153,PCA Reconstruction,rank_change,0.2394511495036958
obs_fa72854f29e548d1,PCA Reconstruction,distributor_mix_change,0.6419078003810283
obs_fa72854f29e548d1,PCA Reconstruction,distributor_concentration,0.4709414169629039
obs_fa72854f29e548d1,PCA Reconstruction,distinct_customers_history_deviation,0.2694903270352967
obs_bad46d4d73f0caea,PCA Reconstruction,customer_loss_rate,2.3697426491772413
obs_bad46d4d73f0caea,PCA Reconstruction,simulated_payout_to_sales_ratio,1.2210013721362372
obs_bad46d4d73f0caea,PCA Reconstruction,distinct_customers_rolling_std,0.8016359063219212
obs_68b0fd3b78a4c411,PCA Reconstruction,new_customers,0.3531737071087797
obs_68b0fd3b78a4c411,PCA Reconstruction,subchannel_mix,0.2215225233291852
obs_68b0fd3b78a4c411,PCA Reconstruction,product_mix_change,0.18329970646289198
obs_9791a7744762bf14,PCA Reconstruction,simulated_actual_payout_lag_12,0.4276679811191183
obs_9791a7744762bf14,PCA Reconstruction,total_quantity_lag_12,0.22869715035102303
obs_9791a7744762bf14,PCA Reconstruction,total_quantity_year_over_year_growth,0.13349525669818077
obs_000e0d96022360cf,PCA Reconstruction,rank_change,0.30389280322794465
obs_000e0d96022360cf,PCA Reconstruction,distinct_customers_rolling_MAD,0.26757618614958045
obs_000e0d96022360cf,PCA Reconstruction,simulated_actual_payout_rolling_MAD,0.17926751348322603
obs_9ba2f807644f3492,PCA Reconstruction,product_mix_change,1.0794858959338145
obs_9ba2f807644f3492,PCA Reconstruction,simulated_actual_payout_year_over_year_growth,0.5440435158483602
obs_9ba2f807644f3492,PCA Reconstruction,distinct_customers_history_deviation,0.48395735511195
obs_c12e93e8fa307c87,PCA Reconstruction,distributor_mix_change,0.908579085399747
obs_c12e93e8fa307c87,PCA Reconstruction,product_mix_change,0.5549565910175746
obs_c12e93e8fa307c87,PCA Reconstruction,total_quantity_lag_12,0.4780051591233533
obs_6d7647a79470d97f,PCA Reconstruction,distinct_customers_peer_country_product_class_relative,1.0622082352509796
obs_6d7647a79470d97f,PCA Reconstruction,country_mix,0.5295367211750026
obs_6d7647a79470d97f,PCA Reconstruction,distinct_customers_rolling_MAD,0.28916502190517573
obs_930347be8cb19a44,PCA Reconstruction,product_class_share,0.3211201333106399
obs_930347be8cb19a44,PCA Reconstruction,distributor_concentration,0.24582698535742611
obs_930347be8cb19a44,PCA Reconstruction,total_quantity_peer_percentile,0.17293371290167048
obs_fa405646abcdad26,PCA Reconstruction,distributor_concentration,0.3874707774554218
obs_fa405646abcdad26,PCA Reconstruction,subchannel_mix,0.36497166305887846
obs_fa405646abcdad26,PCA Reconstruction,simulated_actual_payout_year_over_year_growth,0.2610350741773938
obs_0f7e286919c243d5,PCA Reconstruction,simulated_actual_payout_year_over_year_growth,1.4741138199765118
obs_0f7e286919c243d5,PCA Reconstruction,simulated_actual_payout_lag_12,1.065916697802935
obs_0f7e286919c243d5,PCA Reconstruction,distributor_count,0.9383935517038656
obs_ace1c0c4a7f1a4ac,PCA Reconstruction,product_breadth_change,0.8891110736121562
obs_ace1c0c4a7f1a4ac,PCA Reconstruction,product_class_share,0.5218651990406784
obs_ace1c0c4a7f1a4ac,PCA Reconstruction,simulated_actual_payout_lag_12,0.493013063023987
obs_87bc85f6a35b423c,PCA Reconstruction,distributor_mix_change,1.1680265396208385
obs_87bc85f6a35b423c,PCA Reconstruction,simulated_actual_payout_lag_12,1.0608962004423217
obs_87bc85f6a35b423c,PCA Reconstruction,new_customers,0.7709447368969577
obs_b2ce7582d0911ee6,PCA Reconstruction,new_customers,1.2602192839460367
obs_b2ce7582d0911ee6,PCA Reconstruction,country_mix,0.8029792377928838
obs_b2ce7582d0911ee6,PCA Reconstruction,distributor_mix_change,0.7589021778017159
obs_2102b14c60fdbb23,PCA Reconstruction,product_breadth_change,0.9749061150673722
obs_2102b14c60fdbb23,PCA Reconstruction,distinct_customers_team_relative,0.6643654121158473
obs_2102b14c60fdbb23,PCA Reconstruction,distributor_count,0.6322664370520251
obs_5202c1ed7e2bbce2,PCA Reconstruction,distributor_concentration,1.242186420234478
obs_5202c1ed7e2bbce2,PCA Reconstruction,product_class_share,1.0010825340620335
obs_5202c1ed7e2bbce2,PCA Reconstruction,simulated_actual_payout_peer_median,0.9921004154864946
obs_61544e16a880582b,PCA Reconstruction,distributor_mix_change,4.988696332569274
obs_61544e16a880582b,PCA Reconstruction,simulated_actual_payout_peer_median,2.195409986323352
obs_61544e16a880582b,PCA Reconstruction,product_class_share,1.5206770635830478
obs_129946494823134d,PCA Reconstruction,new_customers,3.3951994749827934
obs_129946494823134d,PCA Reconstruction,distributor_count,2.329870239038138
obs_129946494823134d,PCA Reconstruction,simulated_actual_payout_peer_median,1.7541348410456443
obs_b4ef81e9df72d62e,PCA Reconstruction,new_customers,2.5071131794691226
obs_b4ef81e9df72d62e,PCA Reconstruction,distinct_customers_rolling_std,1.9942680466090044
obs_b4ef81e9df72d62e,PCA Reconstruction,distinct_customers_lag_2,1.0276495547051732
obs_653fa09d1b900869,PCA Reconstruction,distinct_customers_peer_percentile,0.1727807379765051
obs_653fa09d1b900869,PCA Reconstruction,simulated_actual_payout_peer_percentile,0.11805781387995064
obs_653fa09d1b900869,PCA Reconstruction,rank_change,0.09580366466140294
obs_9f918922618ca348,PCA Reconstruction,product_breadth_change,2.193942127164655
obs_9f918922618ca348,PCA Reconstruction,distinct_customers_acceleration,0.6071184165686011
obs_9f918922618ca348,PCA Reconstruction,total_sales_month_over_month_growth,0.40639574816518625
obs_55ab1cafda85cb14,PCA Reconstruction,distinct_customers_rolling_std,0.7088580763565911
obs_55ab1cafda85cb14,PCA Reconstruction,total_sales_peer_median,0.5402779696476583
obs_55ab1cafda85cb14,PCA Reconstruction,total_quantity_history_deviation,0.37347477921539085
obs_ebe4851d166bbf9c,PCA Reconstruction,distributor_concentration,0.2958605735059273
obs_ebe4851d166bbf9c,PCA Reconstruction,distinct_customers_peer_percentile,0.28735754355739934
obs_ebe4851d166bbf9c,PCA Reconstruction,simulated_actual_payout_rolling_std,0.21710337328274953
obs_b383baf0d6a67b15,PCA Reconstruction,total_quantity_team_relative,0.3939694894658603
obs_b383baf0d6a67b15,PCA Reconstruction,total_quantity_acceleration,0.29365703740117305
obs_b383baf0d6a67b15,PCA Reconstruction,simulated_payout_to_sales_ratio,0.2777527460184391
obs_e66673c8d46f928b,PCA Reconstruction,total_quantity_trend,0.6034471714672435
obs_e66673c8d46f928b,PCA Reconstruction,customer_loss_rate,0.41182327075613984
obs_e66673c8d46f928b,PCA Reconstruction,representative_rank,0.34592748163444514
obs_9d6e397f55cb95c6,PCA Reconstruction,total_quantity_lag_2,0.3886346466212323
obs_9d6e397f55cb95c6,PCA Reconstruction,distributor_count,0.3195124876346279
obs_9d6e397f55cb95c6,PCA Reconstruction,simulated_actual_payout_history_deviation,0.30595387623978104
obs_44c9dc8158f6542d,PCA Reconstruction,total_quantity_lag_3,0.27597263061955424
obs_44c9dc8158f6542d,PCA Reconstruction,distributor_mix_change,0.2157980043231628
obs_44c9dc8158f6542d,PCA Reconstruction,average_price,0.19742790926613657
obs_82b968436e6b45bc,PCA Reconstruction,distributor_mix_change,0.8845342954310378
obs_82b968436e6b45bc,PCA Reconstruction,total_quantity_rolling_std,0.2812112879269821
obs_82b968436e6b45bc,PCA Reconstruction,distributor_count,0.2556273413337555
obs_c85040a116f3ef52,PCA Reconstruction,product_mix_change,0.6083412549257512
obs_c85040a116f3ef52,PCA Reconstruction,distinct_customers_team_relative,0.40537183174807584
obs_c85040a116f3ef52,PCA Reconstruction,simulated_actual_payout_peer_median,0.25990878600379863
obs_06c7977ec95652d1,PCA Reconstruction,distinct_customers_rolling_std,0.6816220814576215
obs_06c7977ec95652d1,PCA Reconstruction,distinct_customers_history_deviation,0.3233975809548482
obs_06c7977ec95652d1,PCA Reconstruction,distributor_mix_change,0.31591025487775065
obs_17783d4374d5de8f,PCA Reconstruction,new_customers,0.7191371678573503
obs_17783d4374d5de8f,PCA Reconstruction,product_class_share,0.633247098733017
obs_17783d4374d5de8f,PCA Reconstruction,customer_loss_rate,0.35779516150107077
obs_2deedff6988b7699,PCA Reconstruction,distributor_count,0.27753531825606553
obs_2deedff6988b7699,PCA Reconstruction,simulated_actual_payout_lag_12,0.24324889844844536
obs_2deedff6988b7699,PCA Reconstruction,total_sales_rolling_mean_3,0.21738762479617846
obs_e932b61e11fcbcb7,PCA Reconstruction,product_mix_change,0.21540432022819997
obs_e932b61e11fcbcb7,PCA Reconstruction,simulated_actual_payout_rolling_median,0.19585626670851072
obs_e932b61e11fcbcb7,PCA Reconstruction,product_class_share,0.1781918334412421
obs_712963d3d146e24c,PCA Reconstruction,distributor_mix_change,0.23408788494796196
obs_712963d3d146e24c,PCA Reconstruction,simulated_actual_payout_lag_12,0.21294853093494528
obs_712963d3d146e24c,PCA Reconstruction,total_sales_rolling_std,0.2038639527345788
obs_c676e9e9ccea02a9,PCA Reconstruction,distributor_mix_change,1.410538518336135
obs_c676e9e9ccea02a9,PCA Reconstruction,simulated_actual_payout_peer_percentile,0.40000399274494647
obs_c676e9e9ccea02a9,PCA Reconstruction,total_quantity_peer_percentile,0.2346311875265592
obs_087f6873f93d2c1f,PCA Reconstruction,total_quantity_lag_12,0.6706972128139217
obs_087f6873f93d2c1f,PCA Reconstruction,new_customers,0.3241034496663199
obs_087f6873f93d2c1f,PCA Reconstruction,country_mix,0.3215575087874588
obs_7ba2d42fc68fb60f,PCA Reconstruction,product_class_share,1.0907594842784938
obs_7ba2d42fc68fb60f,PCA Reconstruction,representative_rank,0.6875452585259372
obs_7ba2d42fc68fb60f,PCA Reconstruction,total_quantity_acceleration,0.27893997205708176
obs_14d98f3ce289b097,PCA Reconstruction,simulated_actual_payout_lag_12,1.1568802147437358
obs_14d98f3ce289b097,PCA Reconstruction,new_customers,1.1314273516825015
obs_14d98f3ce289b097,PCA Reconstruction,total_quantity_history_deviation,0.6168964455487345
obs_b9ebdd2edc49933c,PCA Reconstruction,distinct_customers_team_relative,0.7712858936260072
obs_b9ebdd2edc49933c,PCA Reconstruction,simulated_actual_payout_year_over_year_growth,0.4986072782590581
obs_b9ebdd2edc49933c,PCA Reconstruction,distinct_customers_history_deviation,0.4930247005663601
obs_b56068573c533851,PCA Reconstruction,product_mix_change,2.2205404779864906
obs_b56068573c533851,PCA Reconstruction,distributor_mix_change,1.4212987275237527
obs_b56068573c533851,PCA Reconstruction,distributor_count,0.7887753024893249
obs_2164ec6c045ed458,PCA Reconstruction,new_customers,3.0448899787290378
obs_2164ec6c045ed458,PCA Reconstruction,distributor_mix_change,0.6749860341005366
obs_2164ec6c045ed458,PCA Reconstruction,simulated_actual_payout_lag_12,0.4983995335484217
obs_e145ec19c526bbb6,PCA Reconstruction,new_customers,2.447430710639312
obs_e145ec19c526bbb6,PCA Reconstruction,distributor_mix_change,0.5080938003793198
obs_e145ec19c526bbb6,PCA Reconstruction,distributor_count,0.27923752960531495
obs_64bcb9c347f912f5,PCA Reconstruction,new_customers,2.644148408155944
obs_64bcb9c347f912f5,PCA Reconstruction,distributor_mix_change,1.042339636470327
obs_64bcb9c347f912f5,PCA Reconstruction,country_mix,0.4184941354861984
obs_52fb9768362acfa7,PCA Reconstruction,new_customers,2.595515941512139
obs_52fb9768362acfa7,PCA Reconstruction,total_quantity_team_relative,1.0737855024888432
obs_52fb9768362acfa7,PCA Reconstruction,distributor_count,1.0284257049266037
obs_9f666e58c57f88a2,PCA Reconstruction,new_customers,3.972286731558655
obs_9f666e58c57f88a2,PCA Reconstruction,distributor_count,3.4624184819490935
obs_9f666e58c57f88a2,PCA Reconstruction,distributor_mix_change,1.4381367040908404
obs_60e7e0b3687019a9,PCA Reconstruction,distributor_count,3.9202118535448194
obs_60e7e0b3687019a9,PCA Reconstruction,distinct_customers_lag_2,2.319686458687615
obs_60e7e0b3687019a9,PCA Reconstruction,new_customers,2.055346203547184
obs_b380d2170ca43351,PCA Reconstruction,new_customers,7.052481643753988
obs_b380d2170ca43351,PCA Reconstruction,distinct_customers_rolling_std,2.227507354304004
obs_b380d2170ca43351,PCA Reconstruction,distinct_customers_lag_2,1.177410008148081
obs_b672eacc3c0f8834,PCA Reconstruction,total_sales_history_deviation,0.8072849813005263
obs_b672eacc3c0f8834,PCA Reconstruction,simulated_payout_to_sales_ratio,0.6579245157196209
obs_b672eacc3c0f8834,PCA Reconstruction,product_class_share,0.5803521186906985
obs_96beed11b0588d08,PCA Reconstruction,total_sales_rolling_mean_6,1.9438732255542683
obs_96beed11b0588d08,PCA Reconstruction,total_quantity_rolling_mean_6,1.0804020070501332
obs_96beed11b0588d08,PCA Reconstruction,simulated_actual_payout_rolling_MAD,0.8750805497567467
obs_db91f6bbfb78f48b,PCA Reconstruction,distinct_customers_rolling_std,1.7259921923286727
obs_db91f6bbfb78f48b,PCA Reconstruction,product_mix_change,0.673190761394115
obs_db91f6bbfb78f48b,PCA Reconstruction,simulated_actual_payout_rolling_median,0.6154472200905949
obs_0bb28d588c4391a3,PCA Reconstruction,distributor_mix_change,1.2971636193129048
obs_0bb28d588c4391a3,PCA Reconstruction,simulated_actual_payout_trend,0.7711764607326781
obs_0bb28d588c4391a3,PCA Reconstruction,distinct_customers_rolling_std,0.7105547303255345
obs_47ec1b53fd683158,PCA Reconstruction,distinct_customers_rolling_std,0.9368378497810856
obs_47ec1b53fd683158,PCA Reconstruction,distributor_concentration,0.8261168328351159
obs_47ec1b53fd683158,PCA Reconstruction,simulated_actual_payout_rolling_mean_6,0.2995138282760935
obs_9dd540b021d14318,PCA Reconstruction,customer_loss_rate,1.3806439337819025
obs_9dd540b021d14318,PCA Reconstruction,distributor_mix_change,0.8916939099580764
obs_9dd540b021d14318,PCA Reconstruction,simulated_payout_to_sales_ratio,0.4466541391414661
obs_a4322d504e197fea,PCA Reconstruction,product_mix_change,0.9486803352259231
obs_a4322d504e197fea,PCA Reconstruction,product_class_share,0.43484032111583565
obs_a4322d504e197fea,PCA Reconstruction,subchannel_mix,0.3938315070351117
obs_a3ace4dacdf6331f,PCA Reconstruction,new_customers,0.274096979247647
obs_a3ace4dacdf6331f,PCA Reconstruction,distributor_concentration,0.18959735660493077
obs_a3ace4dacdf6331f,PCA Reconstruction,total_quantity_lag_2,0.17914048326977317
obs_71be97fea9fd8b83,PCA Reconstruction,product_mix_change,0.5398581318268194
obs_71be97fea9fd8b83,PCA Reconstruction,distributor_mix_change,0.33976994270317523
obs_71be97fea9fd8b83,PCA Reconstruction,total_sales_peer_country_product_class_relative,0.18882198377249543
obs_ec4b1def1b562289,PCA Reconstruction,product_class_share,0.5248133436340859
obs_ec4b1def1b562289,PCA Reconstruction,total_quantity_history_deviation,0.1764517505846888
obs_ec4b1def1b562289,PCA Reconstruction,rank_change,0.159331473500559
obs_5c3b3186494602b7,PCA Reconstruction,customer_loss_rate,0.21828373439266735
obs_5c3b3186494602b7,PCA Reconstruction,simulated_actual_payout_lag_12,0.19532116322552634
obs_5c3b3186494602b7,PCA Reconstruction,distinct_customers_rolling_std,0.1798579631992258
obs_4fb55720c69353ba,PCA Reconstruction,product_class_share,0.5140900907051332
obs_4fb55720c69353ba,PCA Reconstruction,distributor_count,0.42133425809022784
obs_4fb55720c69353ba,PCA Reconstruction,distinct_customers_history_deviation,0.29404802983224065
obs_6e32ebcba355bee2,PCA Reconstruction,simulated_actual_payout_lag_12,1.864776712900301
obs_6e32ebcba355bee2,PCA Reconstruction,product_breadth_change,0.46428391927571966
obs_6e32ebcba355bee2,PCA Reconstruction,distributor_mix_change,0.326187067848926
obs_0055e9c8b873ca14,PCA Reconstruction,simulated_actual_payout_year_over_year_growth,0.9383674186001031
obs_0055e9c8b873ca14,PCA Reconstruction,simulated_actual_payout_lag_12,0.84753557399371
obs_0055e9c8b873ca14,PCA Reconstruction,simulated_actual_payout_acceleration,0.3124016356479056
obs_c251b0079088f19e,PCA Reconstruction,simulated_actual_payout_year_over_year_growth,0.649557027995308
obs_c251b0079088f19e,PCA Reconstruction,simulated_actual_payout_lag_12,0.38070519838510797
obs_c251b0079088f19e,PCA Reconstruction,total_sales_team_relative,0.2441036046239149
obs_44a4d8e4ebc8f5f8,PCA Reconstruction,simulated_actual_payout_trend,0.5641092171955281
obs_44a4d8e4ebc8f5f8,PCA Reconstruction,distributor_concentration,0.48652627366805457
obs_44a4d8e4ebc8f5f8,PCA Reconstruction,total_quantity_lag_3,0.43817187950573855
obs_7c8c5003fe32b868,PCA Reconstruction,country_mix,0.43111771093211915
obs_7c8c5003fe32b868,PCA Reconstruction,distributor_concentration,0.31580556663702536
obs_7c8c5003fe32b868,PCA Reconstruction,simulated_actual_payout_lag_2,0.17511706030845967
obs_e2920c314e63316c,PCA Reconstruction,product_class_share,1.6808678169455704
obs_e2920c314e63316c,PCA Reconstruction,distributor_mix_change,0.8482430322109258
obs_e2920c314e63316c,PCA Reconstruction,total_quantity_rolling_median,0.33952037971097376
obs_6d18cc6b86cd16d0,PCA Reconstruction,distributor_mix_change,1.0175652073251777
obs_6d18cc6b86cd16d0,PCA Reconstruction,new_customers,0.5981590800727612
obs_6d18cc6b86cd16d0,PCA Reconstruction,country_mix,0.5452537044949545
obs_b8e3f42f291f949f,PCA Reconstruction,new_customers,0.908924225891763
obs_b8e3f42f291f949f,PCA Reconstruction,distributor_mix_change,0.4615988751295037
obs_b8e3f42f291f949f,PCA Reconstruction,distinct_customers_team_relative,0.4106047810746955
obs_2360cb2cc804e447,PCA Reconstruction,new_customers,1.6144939185665008
obs_2360cb2cc804e447,PCA Reconstruction,product_class_share,0.5721586503018097
obs_2360cb2cc804e447,PCA Reconstruction,country_mix,0.4162159188346145
obs_55c330ed875989ab,PCA Reconstruction,new_customers,0.560396305590709
obs_55c330ed875989ab,PCA Reconstruction,country_mix,0.5518491564527556
obs_55c330ed875989ab,PCA Reconstruction,simulated_actual_payout_year_over_year_growth,0.47002013712952884
obs_10ea485da97a841e,PCA Reconstruction,new_customers,2.742661397260244
obs_10ea485da97a841e,PCA Reconstruction,product_breadth_change,0.9557857273519483
obs_10ea485da97a841e,PCA Reconstruction,product_mix_change,0.5040866621801213
obs_d4df2cd22a222e6f,PCA Reconstruction,new_customers,3.2443392240368967
obs_d4df2cd22a222e6f,PCA Reconstruction,country_mix,0.9215274606965348
obs_d4df2cd22a222e6f,PCA Reconstruction,product_breadth_change,0.44999326895815633
obs_37c6a7f423beddce,PCA Reconstruction,new_customers,3.3402896877211115
obs_37c6a7f423beddce,PCA Reconstruction,distributor_count,1.528873321515236
obs_37c6a7f423beddce,PCA Reconstruction,distinct_customers_history_deviation,1.3684077986559289
obs_dacbe183b6f4d5ae,PCA Reconstruction,new_customers,4.848412091883022
obs_dacbe183b6f4d5ae,PCA Reconstruction,distinct_customers_rolling_std,1.2955831463773169
obs_dacbe183b6f4d5ae,PCA Reconstruction,product_class_share,1.2819454562940131
obs_61acc28c63c70642,PCA Reconstruction,new_customers,6.868853907760272
obs_61acc28c63c70642,PCA Reconstruction,distributor_count,2.865876028202003
obs_61acc28c63c70642,PCA Reconstruction,distinct_customers_lag_2,2.084132891637465
obs_601b04da3fa5a22e,PCA Reconstruction,distinct_customers_rolling_std,2.3537534346223232
obs_601b04da3fa5a22e,PCA Reconstruction,distributor_count,2.0031686670739672
obs_601b04da3fa5a22e,PCA Reconstruction,new_customers,1.6480077081830324
obs_cbd46fa107e1f4f6,PCA Reconstruction,distinct_customers_history_deviation,0.1549284858161601
obs_cbd46fa107e1f4f6,PCA Reconstruction,distributor_count,0.1341051879983281
obs_cbd46fa107e1f4f6,PCA Reconstruction,average_price,0.11568151744398919
obs_89d34a302c50535d,PCA Reconstruction,distinct_customers_history_deviation,0.3180339534934489
obs_89d34a302c50535d,PCA Reconstruction,distinct_customers_acceleration,0.3059474928314163
obs_89d34a302c50535d,PCA Reconstruction,distinct_customers_rolling_mean_6,0.21233882097755705
obs_ac84a4c36df4ada5,PCA Reconstruction,distinct_customers_history_deviation,0.35082772320222544
obs_ac84a4c36df4ada5,PCA Reconstruction,total_sales_peer_percentile,0.31642093839752605
obs_ac84a4c36df4ada5,PCA Reconstruction,total_quantity_peer_percentile,0.29681290850717196
obs_9100c93b8bdf31e5,PCA Reconstruction,distinct_customers_lag_2,1.0319942946592937
obs_9100c93b8bdf31e5,PCA Reconstruction,simulated_actual_payout_lag_3,0.5677190325860807
obs_9100c93b8bdf31e5,PCA Reconstruction,distinct_customers_rolling_MAD,0.4849729054774701
obs_c610e64784f513b8,PCA Reconstruction,subchannel_mix,0.34917652701646645
obs_c610e64784f513b8,PCA Reconstruction,total_quantity_rolling_median,0.2525777668583747
obs_c610e64784f513b8,PCA Reconstruction,total_quantity_rolling_mean_6,0.2185159647069592
obs_c13ce06e873b174b,PCA Reconstruction,simulated_actual_payout_peer_median,0.5376903922370683
obs_c13ce06e873b174b,PCA Reconstruction,total_quantity_peer_median,0.502068897718442
obs_c13ce06e873b174b,PCA Reconstruction,total_quantity_team_relative,0.34971712923390663
obs_b43042ad34cc6d9b,PCA Reconstruction,total_quantity_rolling_std,0.8901609488992012
obs_b43042ad34cc6d9b,PCA Reconstruction,total_quantity_trend,0.8835452535575986
obs_b43042ad34cc6d9b,PCA Reconstruction,total_quantity_lag_1,0.7906834845689182
obs_a261d5a15218af0d,PCA Reconstruction,total_sales_rolling_std,1.0566573198985965
obs_a261d5a15218af0d,PCA Reconstruction,total_quantity_lag_2,0.9094174296620681
obs_a261d5a15218af0d,PCA Reconstruction,total_quantity_rolling_mean_3,0.5584221666947705
obs_9422da56757e90e0,PCA Reconstruction,total_quantity_lag_3,1.028110749284435
obs_9422da56757e90e0,PCA Reconstruction,product_class_share,0.797826709318865
obs_9422da56757e90e0,PCA Reconstruction,distinct_customers_lag_2,0.5367572282884305
obs_b1f2b62c881fbbdb,PCA Reconstruction,representative_rank,0.4373661750406258
obs_b1f2b62c881fbbdb,PCA Reconstruction,distinct_customers_rolling_std,0.28860903052207587
obs_b1f2b62c881fbbdb,PCA Reconstruction,simulated_actual_payout_rolling_median,0.24011549790803866
obs_da0518f21371255c,PCA Reconstruction,product_breadth_change,0.7352524039782943
obs_da0518f21371255c,PCA Reconstruction,distinct_customers_rolling_std,0.7171980479207517
obs_da0518f21371255c,PCA Reconstruction,product_class_share,0.6514779379704632
obs_56b8827f9a6baf0e,PCA Reconstruction,product_class_share,1.1303694196976193
obs_56b8827f9a6baf0e,PCA Reconstruction,distinct_customers_rolling_std,0.6464944868396982
obs_56b8827f9a6baf0e,PCA Reconstruction,product_breadth_change,0.5643977516891043
obs_014376334ebd1804,PCA Reconstruction,total_quantity_peer_z,1.2982143777204411
obs_014376334ebd1804,PCA Reconstruction,total_quantity_year_over_year_growth,1.1885720179909782
obs_014376334ebd1804,PCA Reconstruction,total_sales_year_over_year_growth,1.0666598488831915
obs_076f361542fe1a45,PCA Reconstruction,distributor_mix_change,0.7837703494338549
obs_076f361542fe1a45,PCA Reconstruction,product_breadth_change,0.6276539903290187
obs_076f361542fe1a45,PCA Reconstruction,distributor_concentration,0.4790062083127686
obs_2529328866b74d13,PCA Reconstruction,product_breadth_change,0.30837748233597295
obs_2529328866b74d13,PCA Reconstruction,total_sales_rolling_mean_3,0.2812690881999788
obs_2529328866b74d13,PCA Reconstruction,simulated_actual_payout_lag_12,0.2120287100156926
obs_b3bb063f5567f03b,PCA Reconstruction,distributor_concentration,0.9147527423363357
obs_b3bb063f5567f03b,PCA Reconstruction,total_quantity_peer_median,0.5105876930472145
obs_b3bb063f5567f03b,PCA Reconstruction,total_quantity_lag_3,0.43918965353759204
obs_1a09d512bfc26af6,PCA Reconstruction,distributor_mix_change,2.1554021262614356
obs_1a09d512bfc26af6,PCA Reconstruction,product_class_share,0.3547618404012225
obs_1a09d512bfc26af6,PCA Reconstruction,total_sales_peer_z,0.3334559758313204
obs_6dc8ac1d0c021358,PCA Reconstruction,total_quantity_lag_12,1.417654713760559
obs_6dc8ac1d0c021358,PCA Reconstruction,country_mix,0.5253412504601771
obs_6dc8ac1d0c021358,PCA Reconstruction,total_quantity_year_over_year_growth,0.40257095315506747
obs_8729cfb19aabaa9a,PCA Reconstruction,simulated_target_attainment_pct,3.26813615249795
obs_8729cfb19aabaa9a,PCA Reconstruction,simulated_payout_to_sales_ratio,2.5798617434028808
obs_8729cfb19aabaa9a,PCA Reconstruction,total_sales,1.6875978920913368
obs_81ac4aaa9d548179,PCA Reconstruction,total_sales_month_over_month_growth,4.942494442602532
obs_81ac4aaa9d548179,PCA Reconstruction,distinct_customers_rolling_std,2.591653110787612
obs_81ac4aaa9d548179,PCA Reconstruction,total_quantity_lag_2,0.8764685284712158
obs_9830d9d609b5684e,PCA Reconstruction,total_sales_acceleration,2.483704728505089
obs_9830d9d609b5684e,PCA Reconstruction,distinct_customers_rolling_std,1.7715846505979422
obs_9830d9d609b5684e,PCA Reconstruction,distinct_customers_lag_2,0.8741805750877424
obs_b693334e5ccb6aea,PCA Reconstruction,total_sales_trend,3.6426319534063967
obs_b693334e5ccb6aea,PCA Reconstruction,distinct_customers_rolling_std,1.2806451652917341
obs_b693334e5ccb6aea,PCA Reconstruction,simulated_actual_payout_lag_12,0.8925068771660707
obs_72fdb01eba809279,PCA Reconstruction,new_customers,1.6342052105632838
obs_72fdb01eba809279,PCA Reconstruction,simulated_actual_payout_peer_z,0.5711276158708437
obs_72fdb01eba809279,PCA Reconstruction,distinct_customers_peer_percentile,0.41244459107342546
obs_ce617f4fc8762849,PCA Reconstruction,new_customers,2.058334499602666
obs_ce617f4fc8762849,PCA Reconstruction,simulated_actual_payout_lag_12,0.5565314647517635
obs_ce617f4fc8762849,PCA Reconstruction,simulated_actual_payout_rolling_std,0.54054511434315
obs_26b49ab82e74261f,PCA Reconstruction,distributor_count,1.6197660191580272
obs_26b49ab82e74261f,PCA Reconstruction,total_quantity_lag_12,0.984097762099167
obs_26b49ab82e74261f,PCA Reconstruction,total_quantity_peer_median,0.9636024531640979
obs_cb398e9509b390d5,PCA Reconstruction,new_customers,7.837733200822152
obs_cb398e9509b390d5,PCA Reconstruction,simulated_actual_payout_peer_median,2.2818056046014825
obs_cb398e9509b390d5,PCA Reconstruction,distinct_customers_rolling_std,1.5738774117848433
obs_ac723ce5c2f43a3a,PCA Reconstruction,distributor_count,2.4208755042883228
obs_ac723ce5c2f43a3a,PCA Reconstruction,new_customers,2.193675603010897
obs_ac723ce5c2f43a3a,PCA Reconstruction,distinct_customers_rolling_std,1.5220671368750758
obs_49643e3e73b66e9f,PCA Reconstruction,new_customers,14.557783267714244
obs_49643e3e73b66e9f,PCA Reconstruction,distributor_mix_change,4.034235704844528
obs_49643e3e73b66e9f,PCA Reconstruction,distinct_customers_rolling_std,2.0388229426081343
obs_631cdf877fa29895,PCA Reconstruction,total_sales_peer_percentile,0.30424370343631557
obs_631cdf877fa29895,PCA Reconstruction,simulated_actual_payout_peer_percentile,0.27336400234521424
obs_631cdf877fa29895,PCA Reconstruction,simulated_actual_payout_peer_median,0.23169966626142108
obs_52a496a7ba01ba76,PCA Reconstruction,total_quantity_peer_median,0.32797243188708514
obs_52a496a7ba01ba76,PCA Reconstruction,product_class_share,0.27186775551428666
obs_52a496a7ba01ba76,PCA Reconstruction,distinct_customers_peer_percentile,0.23750920831017625
obs_ea425068714558ae,PCA Reconstruction,distinct_customers_rolling_std,0.4778863796693733
obs_ea425068714558ae,PCA Reconstruction,representative_rank,0.33702860761317927
obs_ea425068714558ae,PCA Reconstruction,customer_loss_rate,0.30375592971948506
obs_f7cdfded6e78e457,PCA Reconstruction,subchannel_mix,0.7304485842893523
obs_f7cdfded6e78e457,PCA Reconstruction,total_quantity_peer_median,0.5540983859596719
obs_f7cdfded6e78e457,PCA Reconstruction,simulated_actual_payout_history_deviation,0.3367470657773867
obs_2c7b955b8e09649f,PCA Reconstruction,customer_loss_rate,0.594301263663233
obs_2c7b955b8e09649f,PCA Reconstruction,product_mix_change,0.5439423237287697
obs_2c7b955b8e09649f,PCA Reconstruction,total_sales_peer_percentile,0.4749537863703416
obs_995eb5c90e7c225d,PCA Reconstruction,distributor_mix_change,0.7138821208897148
obs_995eb5c90e7c225d,PCA Reconstruction,product_mix_change,0.3380189010191491
obs_995eb5c90e7c225d,PCA Reconstruction,distinct_customers_team_relative,0.24202448831326442
obs_40e0e61cf7f50598,PCA Reconstruction,distributor_mix_change,0.3709550326780891
obs_40e0e61cf7f50598,PCA Reconstruction,distributor_count,0.36141737008360214
obs_40e0e61cf7f50598,PCA Reconstruction,product_mix_change,0.3218994966641124
obs_119caf27a8b2f82d,PCA Reconstruction,product_breadth_change,0.3605845715612546
obs_119caf27a8b2f82d,PCA Reconstruction,product_mix_change,0.266254347722768
obs_119caf27a8b2f82d,PCA Reconstruction,distinct_customers_history_deviation,0.20706998947042204
obs_26051653028b5abd,PCA Reconstruction,total_quantity_peer_median,0.4615088321305875
obs_26051653028b5abd,PCA Reconstruction,distributor_count,0.41219317086534846
obs_26051653028b5abd,PCA Reconstruction,product_breadth_change,0.3272746361486326
obs_7c26608e3ee5546e,PCA Reconstruction,product_breadth_change,0.32907128762381
obs_7c26608e3ee5546e,PCA Reconstruction,total_quantity_month_over_month_growth,0.29536882921630886
obs_7c26608e3ee5546e,PCA Reconstruction,distributor_count,0.28988284088614136
obs_91afe70dc6939f09,PCA Reconstruction,product_breadth_change,0.26810650073736103
obs_91afe70dc6939f09,PCA Reconstruction,simulated_actual_payout_peer_median,0.20882826692799825
obs_91afe70dc6939f09,PCA Reconstruction,distributor_mix_change,0.1860296893030114
obs_808754a4352cc44b,PCA Reconstruction,simulated_actual_payout_history_deviation,0.8548596097270845
obs_808754a4352cc44b,PCA Reconstruction,distributor_mix_change,0.7709061569850684
obs_808754a4352cc44b,PCA Reconstruction,distinct_products,0.4153745459832006
obs_2bbb13bb654b6577,PCA Reconstruction,product_breadth_change,0.7176922464536463
obs_2bbb13bb654b6577,PCA Reconstruction,distinct_customers_history_deviation,0.3024468547392981
obs_2bbb13bb654b6577,PCA Reconstruction,total_quantity_rolling_median,0.2153307990764877
obs_9528b1b7591d286b,PCA Reconstruction,product_mix_change,0.6857945088298384
obs_9528b1b7591d286b,PCA Reconstruction,distributor_concentration,0.3842745873703651
obs_9528b1b7591d286b,PCA Reconstruction,total_quantity_lag_3,0.325940464434863
obs_658998285580395d,PCA Reconstruction,simulated_actual_payout_year_over_year_growth,0.3868580445707668
obs_658998285580395d,PCA Reconstruction,country_mix,0.35695185016653663
obs_658998285580395d,PCA Reconstruction,total_sales_product_class_relative,0.2603788376032184
obs_1aed0db99720d44c,PCA Reconstruction,simulated_actual_payout_peer_median,0.8290473403901634
obs_1aed0db99720d44c,PCA Reconstruction,total_sales_history_deviation,0.7746139906820073
obs_1aed0db99720d44c,PCA Reconstruction,simulated_actual_payout_history_deviation,0.4678632014005337
obs_066c669e310f70ce,PCA Reconstruction,simulated_actual_payout_lag_12,0.873407925194541
obs_066c669e310f70ce,PCA Reconstruction,total_sales_peer_median,0.6298698899157328
obs_066c669e310f70ce,PCA Reconstruction,distributor_mix_change,0.45254445312397745
obs_ad8d98ce7635d999,PCA Reconstruction,country_mix,0.36081185638319896
obs_ad8d98ce7635d999,PCA Reconstruction,product_mix_change,0.3532832493805695
obs_ad8d98ce7635d999,PCA Reconstruction,total_quantity_peer_median,0.278551475786783
obs_79ff0f0f028b602b,PCA Reconstruction,total_sales_peer_median,0.8923975667778143
obs_79ff0f0f028b602b,PCA Reconstruction,simulated_actual_payout_lag_12,0.6191721279428605
obs_79ff0f0f028b602b,PCA Reconstruction,new_customers,0.5187602238516743
obs_26922596f0214a38,PCA Reconstruction,distinct_customers_rolling_std,0.6114582867887122
obs_26922596f0214a38,PCA Reconstruction,new_customers,0.563039040488986
obs_26922596f0214a38,PCA Reconstruction,distributor_mix_change,0.4925316394567711
obs_1b9b1154434e719c,PCA Reconstruction,product_concentration,0.8550188540994671
obs_1b9b1154434e719c,PCA Reconstruction,total_quantity_peer_percentile,0.5525325392703399
obs_1b9b1154434e719c,PCA Reconstruction,total_quantity_lag_12,0.4353797486867376
obs_7bfecb6bb5bca86d,PCA Reconstruction,new_customers,1.1060172792919483
obs_7bfecb6bb5bca86d,PCA Reconstruction,product_breadth_change,0.7471819220881253
obs_7bfecb6bb5bca86d,PCA Reconstruction,customer_loss_rate,0.7202901672183443
obs_49466129e0f7227a,PCA Reconstruction,new_customers,0.5440381453457227
obs_49466129e0f7227a,PCA Reconstruction,total_quantity_rolling_median,0.5314856652402746
obs_49466129e0f7227a,PCA Reconstruction,product_breadth_change,0.5162403116930412
obs_5915c3e57d080a01,PCA Reconstruction,total_quantity_history_deviation,0.6202124681396375
obs_5915c3e57d080a01,PCA Reconstruction,distinct_customers_team_relative,0.4239214229938257
obs_5915c3e57d080a01,PCA Reconstruction,distributor_mix_change,0.3707919100442361
obs_2366d4e13ed79fdb,PCA Reconstruction,distributor_count,1.4796914187893233
obs_2366d4e13ed79fdb,PCA Reconstruction,new_customers,0.9215290849019483
obs_2366d4e13ed79fdb,PCA Reconstruction,simulated_actual_payout_peer_median,0.820744978470158
obs_b6ee1a3db0d15b8b,PCA Reconstruction,new_customers,3.2204339845175394
obs_b6ee1a3db0d15b8b,PCA Reconstruction,simulated_actual_payout_peer_median,1.6252814967240512
obs_b6ee1a3db0d15b8b,PCA Reconstruction,distributor_mix_change,1.3662345698960439
obs_1bdef114730fee3c,PCA Reconstruction,distributor_mix_change,3.414921980098627
obs_1bdef114730fee3c,PCA Reconstruction,new_customers,3.3885939763539508
obs_1bdef114730fee3c,PCA Reconstruction,distinct_customers_lag_2,1.7878363747069332
obs_d60c7a5318db3cb4,PCA Reconstruction,new_customers,3.3748231452552573
obs_d60c7a5318db3cb4,PCA Reconstruction,distinct_customers_rolling_std,1.0056975747187982
obs_d60c7a5318db3cb4,PCA Reconstruction,distributor_count,0.8873923053232936
obs_83a3dbcc9d2b1e1f,PCA Reconstruction,average_price,0.7185216236556435
obs_83a3dbcc9d2b1e1f,PCA Reconstruction,distributor_concentration,0.5818663759275264
obs_83a3dbcc9d2b1e1f,PCA Reconstruction,median_price,0.5046620781422357
obs_284866c1d356813f,PCA Reconstruction,simulated_actual_payout_peer_median,1.0579143420736572
obs_284866c1d356813f,PCA Reconstruction,product_class_share,0.3938185440467816
obs_284866c1d356813f,PCA Reconstruction,average_price,0.3821774241089944
obs_4c60fee6172513bd,PCA Reconstruction,product_breadth_change,0.702030302970358
obs_4c60fee6172513bd,PCA Reconstruction,average_price,0.6396305283498059
obs_4c60fee6172513bd,PCA Reconstruction,distinct_customers_history_deviation,0.35765588502797396
obs_b4e21c7da57a318a,PCA Reconstruction,simulated_actual_payout_history_deviation,0.7574810762642372
obs_b4e21c7da57a318a,PCA Reconstruction,total_quantity_history_deviation,0.6242082541562858
obs_b4e21c7da57a318a,PCA Reconstruction,total_quantity_peer_percentile,0.5714736520970075
obs_4d046d4141612b3e,PCA Reconstruction,distributor_concentration,0.43129181140902256
obs_4d046d4141612b3e,PCA Reconstruction,product_breadth_change,0.2991575097622055
obs_4d046d4141612b3e,PCA Reconstruction,distinct_customers_rolling_std,0.2847380319728109
obs_d4b46760f75a5536,PCA Reconstruction,total_quantity_month_over_month_growth,0.5201964747642694
obs_d4b46760f75a5536,PCA Reconstruction,distributor_mix_change,0.4932442830015733
obs_d4b46760f75a5536,PCA Reconstruction,simulated_actual_payout_peer_median,0.448984699028591
obs_7af91d45ed60d5e7,PCA Reconstruction,subchannel_mix,0.4506963693105397
obs_7af91d45ed60d5e7,PCA Reconstruction,distributor_mix_change,0.42962274649722376
obs_7af91d45ed60d5e7,PCA Reconstruction,product_mix_change,0.35784082667070854
obs_69709a51329859d7,PCA Reconstruction,distributor_concentration,0.9910310839904666
obs_69709a51329859d7,PCA Reconstruction,total_sales_trend,0.904678054049445
obs_69709a51329859d7,PCA Reconstruction,total_quantity_lag_3,0.5227906363088284
obs_71096dd1ba3c00b2,PCA Reconstruction,product_class_share,0.2675071863512671
obs_71096dd1ba3c00b2,PCA Reconstruction,average_price,0.2663620440467569
obs_71096dd1ba3c00b2,PCA Reconstruction,product_mix_change,0.2511185107899358
obs_077ec24744447e1d,PCA Reconstruction,channel_mix,1.2769810372162202
obs_077ec24744447e1d,PCA Reconstruction,subchannel_mix,0.7901248618214646
obs_077ec24744447e1d,PCA Reconstruction,total_sales_peer_z,0.556833288356608
obs_f93a975377221a1e,PCA Reconstruction,product_breadth_change,1.448430973244248
obs_f93a975377221a1e,PCA Reconstruction,total_sales_rolling_mean_3,0.6706222010147783
obs_f93a975377221a1e,PCA Reconstruction,distinct_customers_acceleration,0.2946749483601449
obs_d5e716c382707284,PCA Reconstruction,simulated_actual_payout_peer_median,0.7676669164584641
obs_d5e716c382707284,PCA Reconstruction,total_quantity_history_deviation,0.5436941814462638
obs_d5e716c382707284,PCA Reconstruction,total_sales_rolling_median,0.25522860966453975
obs_5958156a8fb4b18c,PCA Reconstruction,simulated_actual_payout_peer_median,0.4096927947403916
obs_5958156a8fb4b18c,PCA Reconstruction,customer_loss_rate,0.26635575966288966
obs_5958156a8fb4b18c,PCA Reconstruction,simulated_actual_payout_peer_z,0.2622442794950296
obs_99813cbb5982238f,PCA Reconstruction,total_quantity_history_deviation,0.5783295560491329
obs_99813cbb5982238f,PCA Reconstruction,total_sales_peer_percentile,0.3248785829546858
obs_99813cbb5982238f,PCA Reconstruction,simulated_actual_payout_peer_median,0.28337415080191897
obs_a36d92b0139c7f39,PCA Reconstruction,distributor_mix_change,0.7087212903626418
obs_a36d92b0139c7f39,PCA Reconstruction,distributor_count,0.35778516788356607
obs_a36d92b0139c7f39,PCA Reconstruction,simulated_actual_payout_lag_12,0.2419872329198258
obs_ad122f99baf2aaa7,PCA Reconstruction,total_quantity,0.34273391368420897
obs_ad122f99baf2aaa7,PCA Reconstruction,total_quantity_year_over_year_growth,0.3297457197772424
obs_ad122f99baf2aaa7,PCA Reconstruction,simulated_actual_payout_lag_12,0.3222825374473903
obs_ff653c25b99d8e76,PCA Reconstruction,distributor_concentration,1.082565104686303
obs_ff653c25b99d8e76,PCA Reconstruction,new_customers,0.8155722212232365
obs_ff653c25b99d8e76,PCA Reconstruction,simulated_actual_payout_lag_12,0.7971502299262997
obs_3485a99c96e2d20f,PCA Reconstruction,product_mix_change,0.7863240839100744
obs_3485a99c96e2d20f,PCA Reconstruction,total_quantity_lag_2,0.46888502471819765
obs_3485a99c96e2d20f,PCA Reconstruction,total_quantity_year_over_year_growth,0.33223414299299436
obs_3717f0183f9d9999,PCA Reconstruction,simulated_actual_payout_peer_median,0.667981378132686
obs_3717f0183f9d9999,PCA Reconstruction,distinct_customers_team_relative,0.599532618459291
obs_3717f0183f9d9999,PCA Reconstruction,total_quantity_lag_12,0.5458612925566393
obs_ab2134c11b5ff949,PCA Reconstruction,country_mix,1.004571890633725
obs_ab2134c11b5ff949,PCA Reconstruction,total_quantity_peer_median,0.6957654617958414
obs_ab2134c11b5ff949,PCA Reconstruction,distinct_customers_history_deviation,0.4634440573989687
obs_c871abafd365e3d3,PCA Reconstruction,new_customers,1.5476284316170827
obs_c871abafd365e3d3,PCA Reconstruction,average_price,0.5988534931618221
obs_c871abafd365e3d3,PCA Reconstruction,distributor_concentration,0.517317056101678
obs_01a72951313acd7d,PCA Reconstruction,new_customers,2.3141510907260217
obs_01a72951313acd7d,PCA Reconstruction,distributor_mix_change,0.8885233687127905
obs_01a72951313acd7d,PCA Reconstruction,total_quantity_lag_3,0.6921463335997432
obs_c1303e3983fb074f,PCA Reconstruction,new_customers,1.8388911579463263
obs_c1303e3983fb074f,PCA Reconstruction,distinct_customers_peer_country_product_class_relative,1.0451947777091841
obs_c1303e3983fb074f,PCA Reconstruction,distributor_concentration,0.8924017220884302
obs_a49df09ba3837ebc,PCA Reconstruction,new_customers,1.1891056056236575
obs_a49df09ba3837ebc,PCA Reconstruction,total_quantity_lag_1,0.9100851807482881
obs_a49df09ba3837ebc,PCA Reconstruction,simulated_actual_payout_lag_12,0.6155466860587192
obs_00826b1cafdb233e,PCA Reconstruction,total_quantity_lag_2,1.775648775701186
obs_00826b1cafdb233e,PCA Reconstruction,distributor_count,1.7518804474194598
obs_00826b1cafdb233e,PCA Reconstruction,distributor_mix_change,1.5282014153929506
obs_45712c66dd35cc62,PCA Reconstruction,product_concentration,3.2636945661042285
obs_45712c66dd35cc62,PCA Reconstruction,total_quantity_lag_2,2.7878923760494962
obs_45712c66dd35cc62,PCA Reconstruction,simulated_actual_payout_year_over_year_growth,2.614411172886289
obs_5cc9f52a7b53c7f7,PCA Reconstruction,new_customers,5.62005901123782
obs_5cc9f52a7b53c7f7,PCA Reconstruction,distributor_count,1.9663008933486261
obs_5cc9f52a7b53c7f7,PCA Reconstruction,simulated_actual_payout_rolling_mean_3,1.2800702195923435
obs_f54cc5c841a39019,PCA Reconstruction,new_customers,7.370569395420475
obs_f54cc5c841a39019,PCA Reconstruction,distributor_mix_change,1.8584117538288254
obs_f54cc5c841a39019,PCA Reconstruction,simulated_actual_payout_peer_median,1.6761186287392875
obs_86de6fa51ea2cdb7,PCA Reconstruction,simulated_actual_payout_peer_median,0.2209419069188303
obs_86de6fa51ea2cdb7,PCA Reconstruction,total_quantity_peer_z,0.21261594172609016
obs_86de6fa51ea2cdb7,PCA Reconstruction,subchannel_mix,0.19554751007374016
obs_f891ddf0e9ea98fb,PCA Reconstruction,total_sales_rolling_median,0.537636889090179
obs_f891ddf0e9ea98fb,PCA Reconstruction,total_quantity_history_deviation,0.4613033088742609
obs_f891ddf0e9ea98fb,PCA Reconstruction,total_quantity_peer_percentile,0.39636928581300557
obs_031b0a10125fdc81,PCA Reconstruction,total_quantity_rolling_median,0.6989330731774813
obs_031b0a10125fdc81,PCA Reconstruction,total_quantity_history_deviation,0.4213076765464837
obs_031b0a10125fdc81,PCA Reconstruction,distributor_mix_change,0.34407528001634896
obs_28cdb8fa4057829f,PCA Reconstruction,simulated_actual_payout_history_deviation,0.9815222086436035
obs_28cdb8fa4057829f,PCA Reconstruction,total_sales_history_deviation,0.8161250948943356
obs_28cdb8fa4057829f,PCA Reconstruction,distributor_mix_change,0.6317856469189486
obs_e76e46472b64c2eb,PCA Reconstruction,distributor_concentration,0.6800896316048376
obs_e76e46472b64c2eb,PCA Reconstruction,distinct_customers_lag_2,0.4539056291695225
obs_e76e46472b64c2eb,PCA Reconstruction,simulated_actual_payout_rolling_median,0.44980412735137904
obs_1e7f3be29afc0068,PCA Reconstruction,simulated_actual_payout_peer_median,0.3341094446093008
obs_1e7f3be29afc0068,PCA Reconstruction,distinct_customers_history_deviation,0.3204188503898588
obs_1e7f3be29afc0068,PCA Reconstruction,simulated_actual_payout_year_over_year_growth,0.16944638979870205
obs_5d90def18f4be306,PCA Reconstruction,total_quantity_peer_z,0.28892292925548246
obs_5d90def18f4be306,PCA Reconstruction,representative_rank,0.27460418284852073
obs_5d90def18f4be306,PCA Reconstruction,simulated_actual_payout_acceleration,0.22992516195675722
obs_24baad46a6effc15,PCA Reconstruction,distributor_mix_change,3.9291949342901598
obs_24baad46a6effc15,PCA Reconstruction,simulated_actual_payout_peer_z,0.9626567108790047
obs_24baad46a6effc15,PCA Reconstruction,product_class_share,0.6953952489064725
obs_afb562c6cf829b8e,PCA Reconstruction,distributor_concentration,0.4308699680726592
obs_afb562c6cf829b8e,PCA Reconstruction,distributor_count,0.29217148215239475
obs_afb562c6cf829b8e,PCA Reconstruction,total_quantity_lag_1,0.23839852909588652
obs_32287083ec91525a,PCA Reconstruction,total_quantity_lag_2,0.5146924998775086
obs_32287083ec91525a,PCA Reconstruction,simulated_actual_payout_peer_median,0.4867437290199951
obs_32287083ec91525a,PCA Reconstruction,channel_mix,0.45304784585699875
obs_75b8efd714ff5dbf,PCA Reconstruction,product_class_share,1.3444689599211266
obs_75b8efd714ff5dbf,PCA Reconstruction,total_sales_peer_z,0.41300707178489016
obs_75b8efd714ff5dbf,PCA Reconstruction,customer_loss_rate,0.33564203957905764
obs_b92e5452a5769eea,PCA Reconstruction,distributor_mix_change,1.5056019119100876
obs_b92e5452a5769eea,PCA Reconstruction,simulated_actual_payout_rolling_median,0.42798130123804545
obs_b92e5452a5769eea,PCA Reconstruction,simulated_actual_payout_rolling_MAD,0.39378295040853106
obs_b81ec307ab3cc515,PCA Reconstruction,product_mix_change,0.854030614830953
obs_b81ec307ab3cc515,PCA Reconstruction,product_breadth_change,0.7861656011499151
obs_b81ec307ab3cc515,PCA Reconstruction,simulated_actual_payout_lag_12,0.751885714138255
obs_a62aebddce9add5a,PCA Reconstruction,distributor_count,0.4740189093366785
obs_a62aebddce9add5a,PCA Reconstruction,product_mix_change,0.4127778341200508
obs_a62aebddce9add5a,PCA Reconstruction,total_quantity_lag_12,0.24679649390652528
obs_f23b0bb1d31b70fd,PCA Reconstruction,simulated_actual_payout_year_over_year_growth,0.7634869564670894
obs_f23b0bb1d31b70fd,PCA Reconstruction,simulated_actual_payout_lag_12,0.35353495667248125
obs_f23b0bb1d31b70fd,PCA Reconstruction,product_breadth_change,0.2898725690087812
obs_5efa7953fb538f31,PCA Reconstruction,product_class_share,0.2626522126558799
obs_5efa7953fb538f31,PCA Reconstruction,total_quantity_lag_12,0.2522523601682981
obs_5efa7953fb538f31,PCA Reconstruction,subchannel_mix,0.19365242562690832
obs_192c9765c2546b02,PCA Reconstruction,customer_loss_rate,0.5042727233097557
obs_192c9765c2546b02,PCA Reconstruction,simulated_actual_payout_lag_12,0.3831028267118108
obs_192c9765c2546b02,PCA Reconstruction,total_quantity_lag_12,0.35150996403097773
obs_242ae224edbbae07,PCA Reconstruction,customer_loss_rate,1.1035550614902823
obs_242ae224edbbae07,PCA Reconstruction,product_breadth_change,0.7256144076480525
obs_242ae224edbbae07,PCA Reconstruction,country_mix,0.6392004749815152
obs_58f4d3993b5b45bd,PCA Reconstruction,total_quantity_peer_percentile,0.5702953765538116
obs_58f4d3993b5b45bd,PCA Reconstruction,customer_loss_rate,0.55170554980464
obs_58f4d3993b5b45bd,PCA Reconstruction,distributor_concentration,0.5162726525569862
obs_4b3970619f911fd6,PCA Reconstruction,distributor_mix_change,1.3443736152697017
obs_4b3970619f911fd6,PCA Reconstruction,new_customers,0.7260291702749069
obs_4b3970619f911fd6,PCA Reconstruction,country_mix,0.6339198738705972
obs_eec6f2c7fad38d76,PCA Reconstruction,new_customers,1.5892948988358926
obs_eec6f2c7fad38d76,PCA Reconstruction,simulated_actual_payout_year_over_year_growth,1.3959768010575597
obs_eec6f2c7fad38d76,PCA Reconstruction,distributor_mix_change,0.7621098188944704
obs_0e905af3b93b5145,PCA Reconstruction,distributor_mix_change,2.3492499123633492
obs_0e905af3b93b5145,PCA Reconstruction,simulated_actual_payout_year_over_year_growth,1.8669394784767945
obs_0e905af3b93b5145,PCA Reconstruction,total_sales_lag_12,1.3649985544016685
obs_052a52cabcac1091,PCA Reconstruction,distributor_mix_change,0.9815962194413229
obs_052a52cabcac1091,PCA Reconstruction,distinct_customers_team_relative,0.7935098856114817
obs_052a52cabcac1091,PCA Reconstruction,new_customers,0.7614148092989471
obs_e722fff5f7b3ad81,PCA Reconstruction,total_quantity_peer_percentile,1.4172559189870295
obs_e722fff5f7b3ad81,PCA Reconstruction,total_sales_peer_percentile,1.407492402091031
obs_e722fff5f7b3ad81,PCA Reconstruction,representative_rank,1.3129973354267837
obs_80915f1f5725ff14,PCA Reconstruction,new_customers,1.176613880998448
obs_80915f1f5725ff14,PCA Reconstruction,distributor_count,1.031129349841275
obs_80915f1f5725ff14,PCA Reconstruction,distinct_customers_year_over_year_growth,0.7714369099856776
obs_4d21f10b7b1d31e2,PCA Reconstruction,simulated_actual_payout_peer_median,4.213565674551629
obs_4d21f10b7b1d31e2,PCA Reconstruction,distributor_mix_change,1.2324630789843372
obs_4d21f10b7b1d31e2,PCA Reconstruction,total_quantity_rolling_median,1.1913442042298004
obs_d9117c8cd8db883f,PCA Reconstruction,simulated_actual_payout_peer_median,3.9916090545947926
obs_d9117c8cd8db883f,PCA Reconstruction,distributor_count,2.252082542714184
obs_d9117c8cd8db883f,PCA Reconstruction,total_quantity_rolling_median,1.7835683128596576
obs_a414c34d53169a46,PCA Reconstruction,new_customers,4.014977779819379
obs_a414c34d53169a46,PCA Reconstruction,distinct_customers_rolling_std,1.2787389511450575
obs_a414c34d53169a46,PCA Reconstruction,simulated_actual_payout_year_over_year_growth,0.9984625389329659
obs_7333e38741215bcb,PCA Reconstruction,distinct_customers_team_relative,0.18525472356180378
obs_7333e38741215bcb,PCA Reconstruction,dominant_product_share,0.17922972253497332
obs_7333e38741215bcb,PCA Reconstruction,subchannel_mix,0.1476440032004
obs_d2bb63224e190063,PCA Reconstruction,simulated_actual_payout_peer_median,0.6327411817474082
obs_d2bb63224e190063,PCA Reconstruction,distributor_concentration,0.517952521858511
obs_d2bb63224e190063,PCA Reconstruction,simulated_actual_payout_peer_z,0.4974269287434976
obs_c166cfa6a58be327,PCA Reconstruction,subchannel_mix,1.2523060761988076
obs_c166cfa6a58be327,PCA Reconstruction,distinct_customers_rolling_std,0.8780266401978845
obs_c166cfa6a58be327,PCA Reconstruction,channel_mix,0.5970801112650607
obs_272ed8093b4c5d13,PCA Reconstruction,total_sales_peer_z,0.5379240592841111
obs_272ed8093b4c5d13,PCA Reconstruction,simulated_actual_payout_rolling_MAD,0.40903112023264576
obs_272ed8093b4c5d13,PCA Reconstruction,product_mix_change,0.3864053450638169
obs_5de06f88b51a2ab3,PCA Reconstruction,product_class_share,1.1240647631722085
obs_5de06f88b51a2ab3,PCA Reconstruction,distributor_concentration,0.407858578956369
obs_5de06f88b51a2ab3,PCA Reconstruction,product_mix_change,0.272308045885699
obs_0bfd9913cb478b4c,PCA Reconstruction,distributor_mix_change,0.6131950833828378
obs_0bfd9913cb478b4c,PCA Reconstruction,distributor_count,0.427350373529109
obs_0bfd9913cb478b4c,PCA Reconstruction,total_quantity_product_class_relative,0.36012164336579594
obs_62e5c72221b343c4,PCA Reconstruction,distributor_concentration,0.2888164904994483
obs_62e5c72221b343c4,PCA Reconstruction,product_mix_change,0.2794450391401158
obs_62e5c72221b343c4,PCA Reconstruction,total_quantity_peer_percentile,0.22574575310861944
obs_4516c561e963f6c0,PCA Reconstruction,total_sales_peer_z,0.4911697711774763
obs_4516c561e963f6c0,PCA Reconstruction,product_mix_change,0.2978888960179381
obs_4516c561e963f6c0,PCA Reconstruction,distinct_customers_lag_2,0.2729058018307672
obs_4d20be4ada41bef6,PCA Reconstruction,distinct_customers_rolling_std,0.5235755187853062
obs_4d20be4ada41bef6,PCA Reconstruction,product_mix_change,0.42330663408897157
obs_4d20be4ada41bef6,PCA Reconstruction,total_sales_peer_percentile,0.4021833026341509
obs_1130753106cf2c76,PCA Reconstruction,distinct_customers_rolling_std,0.3344256572925519
obs_1130753106cf2c76,PCA Reconstruction,distinct_customers_peer_z,0.20234077985544768
obs_1130753106cf2c76,PCA Reconstruction,distinct_customers_team_relative,0.17416337398506856
obs_361217757d53024d,PCA Reconstruction,distinct_customers_rolling_std,0.7658940061883923
obs_361217757d53024d,PCA Reconstruction,total_sales_rolling_median,0.45867484082617876
obs_361217757d53024d,PCA Reconstruction,product_class_share,0.4287338961097965
obs_b79dfaced0fc80bd,PCA Reconstruction,distributor_count,0.8749402607143842
obs_b79dfaced0fc80bd,PCA Reconstruction,product_class_share,0.44925628842350634
obs_b79dfaced0fc80bd,PCA Reconstruction,distributor_mix_change,0.4408420660879475
obs_00ab52f275e8561b,PCA Reconstruction,simulated_actual_payout_peer_country_product_class_relative,0.7386555040286155
obs_00ab52f275e8561b,PCA Reconstruction,distinct_customers_team_relative,0.5315629399611442
obs_00ab52f275e8561b,PCA Reconstruction,distinct_customers_peer_country_product_class_relative,0.46799376079663024
obs_7c809c13225d7e4a,PCA Reconstruction,product_mix_change,0.7214370757080285
obs_7c809c13225d7e4a,PCA Reconstruction,distinct_customers_rolling_std,0.5037201051102509
obs_7c809c13225d7e4a,PCA Reconstruction,distinct_customers_history_deviation,0.38119172347849284
obs_0bc036bec65e6788,PCA Reconstruction,distinct_customers_lag_2,0.9062545778501883
obs_0bc036bec65e6788,PCA Reconstruction,distinct_customers_acceleration,0.5369054950649323
obs_0bc036bec65e6788,PCA Reconstruction,product_breadth_change,0.5190144792410504
obs_4ec4edbed5d2f0ec,PCA Reconstruction,total_sales_peer_median,0.20552995536351568
obs_4ec4edbed5d2f0ec,PCA Reconstruction,simulated_actual_payout_peer_z,0.1929012702488625
obs_4ec4edbed5d2f0ec,PCA Reconstruction,distributor_mix_change,0.16692628344548435
obs_362839ad7ca89b45,PCA Reconstruction,distributor_mix_change,0.8575159870711123
obs_362839ad7ca89b45,PCA Reconstruction,customer_loss_rate,0.16287972796837763
obs_362839ad7ca89b45,PCA Reconstruction,total_sales_rolling_std,0.15981285152825453
obs_5101c6b74efbdfcd,PCA Reconstruction,simulated_actual_payout_peer_percentile,0.6069028433437685
obs_5101c6b74efbdfcd,PCA Reconstruction,simulated_actual_payout_peer_z,0.5126052122461434
obs_5101c6b74efbdfcd,PCA Reconstruction,simulated_actual_payout_peer_median,0.3823790538594589
obs_3b553f832b1c8c18,PCA Reconstruction,country_mix,0.652173479314955
obs_3b553f832b1c8c18,PCA Reconstruction,product_class_share,0.5795354578631905
obs_3b553f832b1c8c18,PCA Reconstruction,new_customers,0.5483269239578502
obs_2deb4f556c2b4161,PCA Reconstruction,new_customers,0.9350506081902793
obs_2deb4f556c2b4161,PCA Reconstruction,distinct_customers_team_relative,0.5281672722754648
obs_2deb4f556c2b4161,PCA Reconstruction,distinct_customers_rolling_std,0.4458978282544192
obs_99a75cbb4009c142,PCA Reconstruction,new_customers,0.8740722105814535
obs_99a75cbb4009c142,PCA Reconstruction,simulated_actual_payout_year_over_year_growth,0.8637097953227596
obs_99a75cbb4009c142,PCA Reconstruction,distinct_customers_team_relative,0.46920987058080776
obs_9e78d27f6225ce5a,PCA Reconstruction,new_customers,6.18123472528201
obs_9e78d27f6225ce5a,PCA Reconstruction,simulated_actual_payout_peer_median,0.94777204576039
obs_9e78d27f6225ce5a,PCA Reconstruction,simulated_actual_payout_year_over_year_growth,0.9281276206107706
obs_4676c55d8a7efb87,PCA Reconstruction,new_customers,3.0432744558008786
obs_4676c55d8a7efb87,PCA Reconstruction,product_breadth_change,0.5287155826448113
obs_4676c55d8a7efb87,PCA Reconstruction,channel_mix,0.4830186875479686
obs_28a00261025228a0,PCA Reconstruction,new_customers,4.683708936120626
obs_28a00261025228a0,PCA Reconstruction,distributor_count,1.541499761997285
obs_28a00261025228a0,PCA Reconstruction,simulated_actual_payout_lag_12,0.5498074204127841
obs_b7354cf6fdcb20cb,PCA Reconstruction,distributor_count,2.5589095356641574
obs_b7354cf6fdcb20cb,PCA Reconstruction,new_customers,1.875167093823205
obs_b7354cf6fdcb20cb,PCA Reconstruction,simulated_actual_payout_peer_median,1.5049712511263922
obs_2a64fbe2d47aa63e,PCA Reconstruction,new_customers,13.265050002452533
obs_2a64fbe2d47aa63e,PCA Reconstruction,simulated_actual_payout_peer_median,1.668638059049171
obs_2a64fbe2d47aa63e,PCA Reconstruction,distinct_customers_rolling_std,1.174992945536439
obs_98eb32fd0eeef011,PCA Reconstruction,new_customers,14.902387881744767
obs_98eb32fd0eeef011,PCA Reconstruction,distinct_customers_lag_2,2.0189851266500365
obs_98eb32fd0eeef011,PCA Reconstruction,distinct_customers_rolling_std,1.5314138780174136
obs_6429b60561dd55f7,PCA Reconstruction,new_customers,5.007178612853478
obs_6429b60561dd55f7,PCA Reconstruction,distinct_customers_rolling_std,2.2896950565338514
obs_6429b60561dd55f7,PCA Reconstruction,simulated_actual_payout_peer_median,1.3636885967753953
obs_278adef27dea2ab1,PCA Reconstruction,distinct_customers_team_relative,0.4919453095126128
obs_278adef27dea2ab1,PCA Reconstruction,distinct_customers_history_deviation,0.36723265758693496
obs_278adef27dea2ab1,PCA Reconstruction,total_quantity_peer_median,0.34476105137800156
obs_47f9f55ccb122c3a,PCA Reconstruction,distinct_customers_rolling_mean_6,0.4886615369615701
obs_47f9f55ccb122c3a,PCA Reconstruction,customer_loss_rate,0.2532131926814264
obs_47f9f55ccb122c3a,PCA Reconstruction,distinct_customers_acceleration,0.23894315822237003
obs_2fe2076e769a0e04,PCA Reconstruction,total_sales_rolling_std,1.5210593533429373
obs_2fe2076e769a0e04,PCA Reconstruction,total_quantity_rolling_std,0.6972985944956601
obs_2fe2076e769a0e04,PCA Reconstruction,distinct_customers_rolling_std,0.3528359080236565
obs_f8fe87ad51c60d69,PCA Reconstruction,simulated_actual_payout_peer_z,0.8961690618230645
obs_f8fe87ad51c60d69,PCA Reconstruction,total_sales_history_deviation,0.7814934526212112
obs_f8fe87ad51c60d69,PCA Reconstruction,total_quantity_rolling_std,0.41848524832110834
obs_0e1b58afca253ca9,PCA Reconstruction,total_sales_peer_z,0.9807689326848748
obs_0e1b58afca253ca9,PCA Reconstruction,total_quantity_history_deviation,0.303887411983425
obs_0e1b58afca253ca9,PCA Reconstruction,total_quantity_lag_3,0.2475069385142157
obs_cd6ce9e3328af4f0,PCA Reconstruction,total_sales_rolling_median,0.2080920437289212
obs_cd6ce9e3328af4f0,PCA Reconstruction,simulated_actual_payout_history_deviation,0.18043842021918702
obs_cd6ce9e3328af4f0,PCA Reconstruction,total_sales_month_over_month_growth,0.1672042591621472
obs_dd4c560e45d219cb,PCA Reconstruction,subchannel_mix,0.5886309889708653
obs_dd4c560e45d219cb,PCA Reconstruction,product_class_share,0.27326646880782207
obs_dd4c560e45d219cb,PCA Reconstruction,total_sales_product_class_relative,0.2362798940779554
obs_0bf451f599dcc51c,PCA Reconstruction,simulated_actual_payout_peer_percentile,0.4923123270563177
obs_0bf451f599dcc51c,PCA Reconstruction,simulated_actual_payout_history_deviation,0.43889491861031654
obs_0bf451f599dcc51c,PCA Reconstruction,distinct_customers_rolling_std,0.3187782477756953
obs_561550360f8465a1,PCA Reconstruction,product_breadth_change,0.6054957168394304
obs_561550360f8465a1,PCA Reconstruction,product_class_share,0.44042867366657623
obs_561550360f8465a1,PCA Reconstruction,distributor_concentration,0.26181528320263125
obs_37425032394b7dd2,PCA Reconstruction,rank_change,0.36849507728063086
obs_37425032394b7dd2,PCA Reconstruction,product_breadth_change,0.3346872601389017
obs_37425032394b7dd2,PCA Reconstruction,total_quantity_peer_percentile,0.32221771693105733
obs_f85b941c64ff71ed,PCA Reconstruction,distributor_mix_change,0.45972702462707393
obs_f85b941c64ff71ed,PCA Reconstruction,product_class_share,0.4487808740685074
obs_f85b941c64ff71ed,PCA Reconstruction,product_breadth_change,0.37698195072656393
obs_4cdace3f20c85067,PCA Reconstruction,total_sales_peer_z,0.4980196283576685
obs_4cdace3f20c85067,PCA Reconstruction,total_quantity,0.2978591236586877
obs_4cdace3f20c85067,PCA Reconstruction,average_price,0.2849577544712346
obs_a9a546a4d53fc50c,PCA Reconstruction,product_mix_change,0.8182798989467501
obs_a9a546a4d53fc50c,PCA Reconstruction,total_sales_month_over_month_growth,0.7346889100817555
obs_a9a546a4d53fc50c,PCA Reconstruction,total_quantity_month_over_month_growth,0.6462600200832449
obs_e68fc7896a5e47df,PCA Reconstruction,total_quantity_lag_3,0.33408192511744206
obs_e68fc7896a5e47df,PCA Reconstruction,total_sales_acceleration,0.2628322680498301
obs_e68fc7896a5e47df,PCA Reconstruction,simulated_actual_payout_lag_12,0.24304902657966157
obs_7c7df77b19c761b1,PCA Reconstruction,total_quantity_trend,0.3135995551248952
obs_7c7df77b19c761b1,PCA Reconstruction,total_quantity_year_over_year_growth,0.2567107046695585
obs_7c7df77b19c761b1,PCA Reconstruction,simulated_actual_payout_lag_2,0.23725526218139703
obs_0f8d4e41db9e0aa4,PCA Reconstruction,distributor_mix_change,0.4755030044024494
obs_0f8d4e41db9e0aa4,PCA Reconstruction,simulated_actual_payout_lag_12,0.4176386738870325
obs_0f8d4e41db9e0aa4,PCA Reconstruction,distributor_concentration,0.3828416565219858
obs_5ad5d19172c357a7,PCA Reconstruction,distributor_concentration,0.8405185530733162
obs_5ad5d19172c357a7,PCA Reconstruction,simulated_actual_payout_peer_percentile,0.4896013910640207
obs_5ad5d19172c357a7,PCA Reconstruction,simulated_actual_payout_lag_12,0.44090201653783484
obs_907d282003c9c3a0,PCA Reconstruction,country_mix,0.6537062612820025
obs_907d282003c9c3a0,PCA Reconstruction,distributor_mix_change,0.6366888523052037
obs_907d282003c9c3a0,PCA Reconstruction,simulated_actual_payout_team_relative,0.47868185117096773
obs_bb8178536d0155f7,PCA Reconstruction,new_customers,0.8238553730337501
obs_bb8178536d0155f7,PCA Reconstruction,simulated_actual_payout_lag_12,0.39941246261331
obs_bb8178536d0155f7,PCA Reconstruction,total_sales_year_over_year_growth,0.23693711218130428
obs_767b15ff7e3610f9,PCA Reconstruction,new_customers,0.994842521218583
obs_767b15ff7e3610f9,PCA Reconstruction,simulated_actual_payout_peer_median,0.48020419942578635
obs_767b15ff7e3610f9,PCA Reconstruction,product_mix_change,0.3841111074201915
obs_26caa4d4b13383df,PCA Reconstruction,new_customers,1.3008267024813889
obs_26caa4d4b13383df,PCA Reconstruction,product_class_share,1.0981507356160407
obs_26caa4d4b13383df,PCA Reconstruction,total_sales_team_relative,0.8012157763540573
obs_32b0ee52e4974c09,PCA Reconstruction,new_customers,1.2525885295329704
obs_32b0ee52e4974c09,PCA Reconstruction,distributor_mix_change,1.1834440892060827
obs_32b0ee52e4974c09,PCA Reconstruction,total_sales_rolling_mean_3,0.7794895400211164
obs_1f0e4884ec36bce7,PCA Reconstruction,new_customers,3.2535688834705985
obs_1f0e4884ec36bce7,PCA Reconstruction,distributor_mix_change,1.3241792901597826
obs_1f0e4884ec36bce7,PCA Reconstruction,distinct_customers_team_relative,0.5157716103838375
obs_86f4e52429bb32d5,PCA Reconstruction,new_customers,2.2009169840107816
obs_86f4e52429bb32d5,PCA Reconstruction,simulated_actual_payout_history_deviation,0.7839313282112675
obs_86f4e52429bb32d5,PCA Reconstruction,total_quantity_peer_percentile,0.5906888144430901
obs_a38e9669fc4913f4,PCA Reconstruction,distributor_count,1.9733859087915402
obs_a38e9669fc4913f4,PCA Reconstruction,representative_rank,1.5182702438347055
obs_a38e9669fc4913f4,PCA Reconstruction,subchannel_mix,1.1579642553864153
obs_ea6b56f3e9c18bb2,PCA Reconstruction,new_customers,13.559789741425089
obs_ea6b56f3e9c18bb2,PCA Reconstruction,simulated_actual_payout_peer_median,3.014030954805678
obs_ea6b56f3e9c18bb2,PCA Reconstruction,distinct_customers_rolling_std,1.2534848173447117
obs_f9d1029a6941a846,PCA Reconstruction,new_customers,6.0648237138154295
obs_f9d1029a6941a846,PCA Reconstruction,simulated_actual_payout_peer_median,2.0066263016311354
obs_f9d1029a6941a846,PCA Reconstruction,distinct_customers_lag_2,1.7777007269163514
obs_cd66821449168102,PCA Reconstruction,new_customers,2.802039694299367
obs_cd66821449168102,PCA Reconstruction,distributor_mix_change,1.8468686553941265
obs_cd66821449168102,PCA Reconstruction,distinct_customers_rolling_std,1.0910484217502345
obs_77a99877de3c1484,PCA Reconstruction,distributor_count,0.6657942911477381
obs_77a99877de3c1484,PCA Reconstruction,average_price,0.16674064508639214
obs_77a99877de3c1484,PCA Reconstruction,subchannel_mix,0.15927558830192937
obs_b99e185dbc13e970,PCA Reconstruction,distributor_concentration,0.42796743885148236
obs_b99e185dbc13e970,PCA Reconstruction,total_quantity_history_deviation,0.3213506057800538
obs_b99e185dbc13e970,PCA Reconstruction,distinct_customers_rolling_mean_6,0.25248359848673757
obs_1ac5b7bdda595109,PCA Reconstruction,total_quantity_history_deviation,0.3995391023350066
obs_1ac5b7bdda595109,PCA Reconstruction,total_sales_history_deviation,0.28450016429762653
obs_1ac5b7bdda595109,PCA Reconstruction,total_quantity_rolling_median,0.28287289335634347
obs_4d3c5b907c744439,PCA Reconstruction,channel_mix,0.4163210672006259
obs_4d3c5b907c744439,PCA Reconstruction,subchannel_mix,0.34360915852315305
obs_4d3c5b907c744439,PCA Reconstruction,distinct_customers_team_relative,0.29829847204099236
obs_28af5876f0a448b4,PCA Reconstruction,product_class_share,0.6371209210758644
obs_28af5876f0a448b4,PCA Reconstruction,distributor_mix_change,0.4773831935515224
obs_28af5876f0a448b4,PCA Reconstruction,total_sales_team_relative,0.15874209459122757
obs_8d5f4d007c254c68,PCA Reconstruction,total_sales_acceleration,0.7545854151626691
obs_8d5f4d007c254c68,PCA Reconstruction,total_sales_peer_z,0.4328925015526547
obs_8d5f4d007c254c68,PCA Reconstruction,total_quantity_acceleration,0.35624939563150027
obs_2979534ddb1ec7be,PCA Reconstruction,total_sales_trend,0.2663720749071526
obs_2979534ddb1ec7be,PCA Reconstruction,subchannel_mix,0.17160908632442523
obs_2979534ddb1ec7be,PCA Reconstruction,repeat_customer_ratio,0.1420913715318789
obs_f30678984d366dd1,PCA Reconstruction,distributor_concentration,0.3111780059962322
obs_f30678984d366dd1,PCA Reconstruction,total_quantity_lag_2,0.2973316440766017
obs_f30678984d366dd1,PCA Reconstruction,distributor_mix_change,0.2580930735298261
obs_172f8a576131e5d5,PCA Reconstruction,product_breadth_change,0.3813287838418169
obs_172f8a576131e5d5,PCA Reconstruction,total_sales_peer_percentile,0.26089324662271796
obs_172f8a576131e5d5,PCA Reconstruction,distributor_count,0.2320101054886152
obs_fb92fb95e352914b,PCA Reconstruction,product_breadth_change,0.15770282928123408
obs_fb92fb95e352914b,PCA Reconstruction,distributor_mix_change,0.1570291994865229
obs_fb92fb95e352914b,PCA Reconstruction,total_quantity_lag_3,0.15464808345497497
obs_d06901f1df737f79,PCA Reconstruction,customer_loss_rate,0.4726886827262885
obs_d06901f1df737f79,PCA Reconstruction,total_quantity_lag_3,0.4564361074558706
obs_d06901f1df737f79,PCA Reconstruction,distributor_concentration,0.3210735542994212
obs_7fb926aba0f08d33,PCA Reconstruction,total_sales_team_relative,0.6944948149261286
obs_7fb926aba0f08d33,PCA Reconstruction,total_quantity_peer_percentile,0.6925416838955828
obs_7fb926aba0f08d33,PCA Reconstruction,total_quantity_team_relative,0.6025654456117755
obs_a0eaec0824425112,PCA Reconstruction,total_quantity_month_over_month_growth,0.30729149228183833
obs_a0eaec0824425112,PCA Reconstruction,total_quantity_lag_1,0.3003136734525706
obs_a0eaec0824425112,PCA Reconstruction,distinct_customers_rolling_std,0.28533320346619095
obs_b6b752c377e35af7,PCA Reconstruction,total_quantity_lag_2,0.7034327596809733
obs_b6b752c377e35af7,PCA Reconstruction,total_quantity_lag_12,0.3081715506577745
obs_b6b752c377e35af7,PCA Reconstruction,total_quantity_rolling_mean_3,0.3071806092924377
obs_f61f16c90004c6bb,PCA Reconstruction,total_quantity_lag_3,0.9045316601167679
obs_f61f16c90004c6bb,PCA Reconstruction,distinct_customers_lag_2,0.5998488442360819
obs_f61f16c90004c6bb,PCA Reconstruction,total_sales_peer_percentile,0.40023982925901386
obs_8a6286557c28fd32,PCA Reconstruction,distributor_mix_change,2.008454037971965
obs_8a6286557c28fd32,PCA Reconstruction,distributor_concentration,0.611783248993208
obs_8a6286557c28fd32,PCA Reconstruction,total_quantity_lag_2,0.40099180394865086
obs_4757f6d9472fda96,PCA Reconstruction,total_quantity_lag_2,0.44182980629763763
obs_4757f6d9472fda96,PCA Reconstruction,total_quantity_rolling_mean_3,0.31379322626040873
obs_4757f6d9472fda96,PCA Reconstruction,simulated_actual_payout_history_deviation,0.31303284906524825
obs_49c82dc0de060b8e,PCA Reconstruction,simulated_actual_payout_rolling_median,0.3943719036142082
obs_49c82dc0de060b8e,PCA Reconstruction,total_quantity_rolling_mean_3,0.37653792071679876
obs_49c82dc0de060b8e,PCA Reconstruction,total_sales_history_deviation,0.2808231194576752
obs_bd9ac0d063ee0847,PCA Reconstruction,simulated_actual_payout_lag_12,1.19473625132506
obs_bd9ac0d063ee0847,PCA Reconstruction,distributor_mix_change,0.6690378431623011
obs_bd9ac0d063ee0847,PCA Reconstruction,simulated_actual_payout_year_over_year_growth,0.35176104022968363
obs_44110b4bb25c937b,PCA Reconstruction,product_class_share,1.154185813496248
obs_44110b4bb25c937b,PCA Reconstruction,new_customers,0.5948557367311134
obs_44110b4bb25c937b,PCA Reconstruction,total_quantity_rolling_median,0.36478529240207686
obs_a6bf95db374f44b4,PCA Reconstruction,new_customers,4.663211710122548
obs_a6bf95db374f44b4,PCA Reconstruction,distributor_count,0.8654901829220583
obs_a6bf95db374f44b4,PCA Reconstruction,simulated_actual_payout_year_over_year_growth,0.8578989822898372
obs_fa7053de17982c41,PCA Reconstruction,product_breadth_change,0.7408091946989871
obs_fa7053de17982c41,PCA Reconstruction,new_customers,0.5860169055414759
obs_fa7053de17982c41,PCA Reconstruction,total_sales_peer_percentile,0.5028101931686494
obs_5c38a7c18c2ddbb2,PCA Reconstruction,new_customers,2.4587090414157937
obs_5c38a7c18c2ddbb2,PCA Reconstruction,distributor_mix_change,1.2357249572721785
obs_5c38a7c18c2ddbb2,PCA Reconstruction,product_breadth_change,0.7433181913385792
obs_e5449791e7b4c89b,PCA Reconstruction,new_customers,1.6532687143877602
obs_e5449791e7b4c89b,PCA Reconstruction,total_quantity_lag_12,1.2128503903089547
obs_e5449791e7b4c89b,PCA Reconstruction,total_sales_rolling_median,0.5316218367145724
obs_5be129f93c304a45,PCA Reconstruction,new_customers,3.115722559260182
obs_5be129f93c304a45,PCA Reconstruction,distributor_count,1.883732849728484
obs_5be129f93c304a45,PCA Reconstruction,simulated_actual_payout_peer_median,1.2981760790444206
obs_8336a042f33369e2,PCA Reconstruction,new_customers,1.9502483072467194
obs_8336a042f33369e2,PCA Reconstruction,simulated_actual_payout_peer_median,1.6562048528815532
obs_8336a042f33369e2,PCA Reconstruction,distinct_customers_rolling_std,1.3737093267556229
obs_4ee1ce5944c5064a,PCA Reconstruction,new_customers,4.410178418024067
obs_4ee1ce5944c5064a,PCA Reconstruction,simulated_actual_payout_peer_median,1.832919277454675
obs_4ee1ce5944c5064a,PCA Reconstruction,distributor_count,1.6377043085247431
obs_92fced08c02c0033,PCA Reconstruction,new_customers,2.419570979312624
obs_92fced08c02c0033,PCA Reconstruction,distinct_customers_rolling_std,2.1205337087964957
obs_92fced08c02c0033,PCA Reconstruction,distributor_mix_change,1.9007405834525926
obs_b233f5b5eb920fbf,PCA Reconstruction,distributor_count,0.27511354239618535
obs_b233f5b5eb920fbf,PCA Reconstruction,distinct_customers_peer_percentile,0.27114765337339175
obs_b233f5b5eb920fbf,PCA Reconstruction,distributor_concentration,0.19387701593402842
obs_9bfbbc88e3dfbf62,PCA Reconstruction,product_breadth_change,0.5902812554111513
obs_9bfbbc88e3dfbf62,PCA Reconstruction,distinct_customers_rolling_mean_6,0.49130951695339936
obs_9bfbbc88e3dfbf62,PCA Reconstruction,distinct_customers_month_over_month_growth,0.3134027796829443
obs_99508b8a31a6044c,PCA Reconstruction,product_breadth_change,1.0354977773512641
obs_99508b8a31a6044c,PCA Reconstruction,distinct_customers_rolling_MAD,0.4301818386372843
obs_99508b8a31a6044c,PCA Reconstruction,distinct_customers_acceleration,0.41885908874360345
obs_7973615dff37ffd1,PCA Reconstruction,distributor_mix_change,1.3559238621992058
obs_7973615dff37ffd1,PCA Reconstruction,product_breadth_change,0.9894858914501172
obs_7973615dff37ffd1,PCA Reconstruction,distinct_customers_rolling_std,0.4964136375305635
obs_4ba076ed610ee970,PCA Reconstruction,product_breadth_change,0.48188970391662056
obs_4ba076ed610ee970,PCA Reconstruction,total_quantity_team_relative,0.3906100121181648
obs_4ba076ed610ee970,PCA Reconstruction,total_quantity_history_deviation,0.33649397580302576
obs_c4a21a6fff5101f5,PCA Reconstruction,subchannel_mix,0.503217516560529
obs_c4a21a6fff5101f5,PCA Reconstruction,channel_mix,0.3290280184720157
obs_c4a21a6fff5101f5,PCA Reconstruction,distributor_concentration,0.3287546972621189
obs_8939e2a596e98823,PCA Reconstruction,customer_loss_rate,0.2420820684725333
obs_8939e2a596e98823,PCA Reconstruction,distributor_mix_change,0.2254177170965893
obs_8939e2a596e98823,PCA Reconstruction,simulated_actual_payout_lag_12,0.21142656239870553
obs_724f40891fd547bd,PCA Reconstruction,distinct_customers_history_deviation,0.29074911105050405
obs_724f40891fd547bd,PCA Reconstruction,total_quantity_peer_percentile,0.19004104615360748
obs_724f40891fd547bd,PCA Reconstruction,simulated_actual_payout_peer_percentile,0.18332562575227562
obs_c07aa415e6eb4f30,PCA Reconstruction,channel_mix,0.184481025405574
obs_c07aa415e6eb4f30,PCA Reconstruction,customer_loss_rate,0.1432932957595719
obs_c07aa415e6eb4f30,PCA Reconstruction,subchannel_mix,0.1407569172902029
obs_df52d35a45f8bf68,PCA Reconstruction,total_sales_peer_median,0.3692688755212079
obs_df52d35a45f8bf68,PCA Reconstruction,customer_loss_rate,0.2888781282332728
obs_df52d35a45f8bf68,PCA Reconstruction,distinct_customers_history_deviation,0.2813624753736578
obs_4126a2b775dedf7f,PCA Reconstruction,distributor_count,1.1357287535800826
obs_4126a2b775dedf7f,PCA Reconstruction,channel_mix,0.5661226034016835
obs_4126a2b775dedf7f,PCA Reconstruction,distributor_concentration,0.5214105054433553
obs_c151ba8ea4c9d3e9,PCA Reconstruction,product_breadth_change,0.3737935647732081
obs_c151ba8ea4c9d3e9,PCA Reconstruction,total_quantity_lag_2,0.20007225457600805
obs_c151ba8ea4c9d3e9,PCA Reconstruction,distributor_mix_change,0.19318122788771427
obs_93efa5e520a14da4,PCA Reconstruction,total_quantity_peer_percentile,0.23267707965452636
obs_93efa5e520a14da4,PCA Reconstruction,distributor_concentration,0.20990742074313315
obs_93efa5e520a14da4,PCA Reconstruction,total_sales_peer_country_product_class_relative,0.16267710173967498
obs_5a1c8547afd06027,PCA Reconstruction,distributor_count,0.2592100741642707
obs_5a1c8547afd06027,PCA Reconstruction,country_mix,0.21133653789582282
obs_5a1c8547afd06027,PCA Reconstruction,customer_loss_rate,0.19180048991168144
obs_5908dc161f3ca50d,PCA Reconstruction,distributor_mix_change,0.3168235678234032
obs_5908dc161f3ca50d,PCA Reconstruction,simulated_actual_payout_lag_12,0.20673774185733892
obs_5908dc161f3ca50d,PCA Reconstruction,distinct_customers_rolling_MAD,0.17757250696841348
obs_713f7c47e95bec5f,PCA Reconstruction,distributor_mix_change,0.49162987639321776
obs_713f7c47e95bec5f,PCA Reconstruction,country_mix,0.4075611464763363
obs_713f7c47e95bec5f,PCA Reconstruction,distributor_count,0.2126416930886445
obs_222604120f61a2f5,PCA Reconstruction,distributor_concentration,0.2077116543223669
obs_222604120f61a2f5,PCA Reconstruction,rank_change,0.12242712008109476
obs_222604120f61a2f5,PCA Reconstruction,total_sales_year_over_year_growth,0.11755717101880651
obs_3fa24be50b0003a7,PCA Reconstruction,average_price,0.7327712928450493
obs_3fa24be50b0003a7,PCA Reconstruction,product_mix_change,0.5906896388761738
obs_3fa24be50b0003a7,PCA Reconstruction,total_quantity_history_deviation,0.4687090562623819
obs_68618141fb96333c,PCA Reconstruction,simulated_actual_payout_year_over_year_growth,1.405736269919319
obs_68618141fb96333c,PCA Reconstruction,channel_mix,0.6601504265392861
obs_68618141fb96333c,PCA Reconstruction,total_sales_lag_12,0.6271502025137007
obs_63edf6dab59a7f17,PCA Reconstruction,total_sales_history_deviation,0.5896827540801757
obs_63edf6dab59a7f17,PCA Reconstruction,distributor_mix_change,0.5341534519551289
obs_63edf6dab59a7f17,PCA Reconstruction,new_customers,0.49683658331433117
obs_953f59ce7800444e,PCA Reconstruction,new_customers,1.330077911888512
obs_953f59ce7800444e,PCA Reconstruction,country_mix,0.34302463813459
obs_953f59ce7800444e,PCA Reconstruction,simulated_actual_payout_acceleration,0.213636307702223
obs_d613301fbe34d91c,PCA Reconstruction,new_customers,1.530716935528338
obs_d613301fbe34d91c,PCA Reconstruction,distributor_mix_change,0.4854220486244963
obs_d613301fbe34d91c,PCA Reconstruction,simulated_actual_payout_peer_percentile,0.4541189914062977
obs_584bf1df6e76f200,PCA Reconstruction,distributor_mix_change,1.2762348682068703
obs_584bf1df6e76f200,PCA Reconstruction,new_customers,1.2362740363190126
obs_584bf1df6e76f200,PCA Reconstruction,simulated_actual_payout_trend,0.8682009167706828
obs_2ba1e1a3bc6df4b8,PCA Reconstruction,new_customers,2.0228258839988134
obs_2ba1e1a3bc6df4b8,PCA Reconstruction,distributor_mix_change,1.119563412746665
obs_2ba1e1a3bc6df4b8,PCA Reconstruction,country_mix,0.8182098375820797
obs_fb399c34ea4c6dcd,PCA Reconstruction,distributor_mix_change,1.3505861126091825
obs_fb399c34ea4c6dcd,PCA Reconstruction,total_quantity_peer_median,1.2931517801105448
obs_fb399c34ea4c6dcd,PCA Reconstruction,product_breadth_change,1.0303639176548685
obs_c0d1c6de3bdde231,PCA Reconstruction,distinct_customers_rolling_std,1.4316445452045827
obs_c0d1c6de3bdde231,PCA Reconstruction,distributor_mix_change,1.034713425787033
obs_c0d1c6de3bdde231,PCA Reconstruction,distinct_customers_history_deviation,0.967807009545232
obs_b216b604baf6e880,PCA Reconstruction,distributor_count,2.2969434361397427
obs_b216b604baf6e880,PCA Reconstruction,product_mix_change,1.8632705339147202
obs_b216b604baf6e880,PCA Reconstruction,distinct_customers_lag_2,1.1536201629732865
obs_b777ee20cf495f39,PCA Reconstruction,new_customers,1.5023872563960483
obs_b777ee20cf495f39,PCA Reconstruction,distributor_count,1.4086945096365842
obs_b777ee20cf495f39,PCA Reconstruction,total_quantity_month_over_month_growth,0.9514360345910889
obs_b244789d21a3e211,PCA Reconstruction,distributor_concentration,1.3137467320807616
obs_b244789d21a3e211,PCA Reconstruction,average_price,0.7577126832219786
obs_b244789d21a3e211,PCA Reconstruction,total_quantity_team_relative,0.3119600981505816
obs_7bf68159f37a5ee0,PCA Reconstruction,product_breadth_change,0.6998201491229165
obs_7bf68159f37a5ee0,PCA Reconstruction,total_quantity_rolling_mean_6,0.502035591978377
obs_7bf68159f37a5ee0,PCA Reconstruction,distinct_products,0.27049042751233726
obs_5d3274ab7bdf9b15,PCA Reconstruction,total_sales_rolling_std,2.0421133404466723
obs_5d3274ab7bdf9b15,PCA Reconstruction,average_price,0.566640252467644
obs_5d3274ab7bdf9b15,PCA Reconstruction,total_quantity_rolling_mean_6,0.44821485624007684
obs_28552404d75b3d69,PCA Reconstruction,total_sales_history_deviation,0.4467856370199215
obs_28552404d75b3d69,PCA Reconstruction,average_price,0.42964606453277837
obs_28552404d75b3d69,PCA Reconstruction,simulated_actual_payout_trend,0.36181094086746607
obs_6aa1c350bc61fdfe,PCA Reconstruction,distributor_mix_change,0.4049569290603146
obs_6aa1c350bc61fdfe,PCA Reconstruction,distinct_customers_rolling_std,0.3928968395624349
obs_6aa1c350bc61fdfe,PCA Reconstruction,product_breadth_change,0.3166250754273377
obs_e15e3c3869dcda4a,PCA Reconstruction,average_price,0.7368743090352097
obs_e15e3c3869dcda4a,PCA Reconstruction,total_quantity_lag_2,0.46998299982610475
obs_e15e3c3869dcda4a,PCA Reconstruction,median_price,0.39177116550681074
obs_33643078426ff90d,PCA Reconstruction,average_price,0.4185870698655079
obs_33643078426ff90d,PCA Reconstruction,total_quantity_lag_2,0.33750515215265736
obs_33643078426ff90d,PCA Reconstruction,channel_mix,0.27494429374177803
obs_48eee27141148124,PCA Reconstruction,distributor_mix_change,0.28225964435004514
obs_48eee27141148124,PCA Reconstruction,total_sales_rolling_median,0.275399403054869
obs_48eee27141148124,PCA Reconstruction,total_quantity_lag_3,0.27270462075311885
obs_6d0b7b4fd9f3baf4,PCA Reconstruction,distributor_mix_change,0.9149745093124175
obs_6d0b7b4fd9f3baf4,PCA Reconstruction,product_breadth_change,0.2811877198927039
obs_6d0b7b4fd9f3baf4,PCA Reconstruction,total_sales_team_relative,0.2325650009846559
obs_7cbd8cc9e41782e9,PCA Reconstruction,average_price,0.6000138328346271
obs_7cbd8cc9e41782e9,PCA Reconstruction,median_price,0.34469122678119435
obs_7cbd8cc9e41782e9,PCA Reconstruction,total_sales_rolling_median,0.29601275206575556
obs_b6c55f9422a11484,PCA Reconstruction,product_breadth_change,1.3112457980551688
obs_b6c55f9422a11484,PCA Reconstruction,total_sales_rolling_median,0.3398909309000385
obs_b6c55f9422a11484,PCA Reconstruction,distinct_customers_lag_2,0.26404700116224955
obs_05bc3e5d59c3fa68,PCA Reconstruction,product_class_share,0.434845273950096
obs_05bc3e5d59c3fa68,PCA Reconstruction,simulated_actual_payout_acceleration,0.3843452338748748
obs_05bc3e5d59c3fa68,PCA Reconstruction,total_quantity_month_over_month_growth,0.34294243906245325
obs_80395d20ba2cee99,PCA Reconstruction,subchannel_mix,0.6753709372180022
obs_80395d20ba2cee99,PCA Reconstruction,simulated_actual_payout_lag_12,0.5037336604401496
obs_80395d20ba2cee99,PCA Reconstruction,total_quantity_acceleration,0.3668654139623661
obs_9e0903bc45ffae24,PCA Reconstruction,product_breadth_change,0.49217253256090054
obs_9e0903bc45ffae24,PCA Reconstruction,country_mix,0.43597195614789636
obs_9e0903bc45ffae24,PCA Reconstruction,simulated_actual_payout_year_over_year_growth,0.42040100449432855
obs_d726d5ba2e2d76ce,PCA Reconstruction,total_sales_year_over_year_growth,0.4143516485964188
obs_d726d5ba2e2d76ce,PCA Reconstruction,average_price,0.2609859752902004
obs_d726d5ba2e2d76ce,PCA Reconstruction,simulated_actual_payout_peer_z,0.2607296764619519
obs_318521c6adc15704,PCA Reconstruction,simulated_actual_payout_year_over_year_growth,0.7519566782874292
obs_318521c6adc15704,PCA Reconstruction,product_breadth_change,0.40569937396832756
obs_318521c6adc15704,PCA Reconstruction,distributor_concentration,0.19984824971464007
obs_6589eb701a410167,PCA Reconstruction,product_breadth_change,0.7996208302474648
obs_6589eb701a410167,PCA Reconstruction,simulated_actual_payout_lag_12,0.5137689030788384
obs_6589eb701a410167,PCA Reconstruction,total_quantity_year_over_year_growth,0.4276956844719902
obs_a92839872466a678,PCA Reconstruction,country_mix,0.6172866700845172
obs_a92839872466a678,PCA Reconstruction,product_breadth_change,0.5370085546805485
obs_a92839872466a678,PCA Reconstruction,distinct_customers_history_deviation,0.3328698283674982
obs_6754e1cd36efe08c,PCA Reconstruction,product_breadth_change,0.7206797921444651
obs_6754e1cd36efe08c,PCA Reconstruction,average_price,0.6604718926638459
obs_6754e1cd36efe08c,PCA Reconstruction,new_customers,0.6365173990345442
obs_a4443d30223db44c,PCA Reconstruction,total_quantity_peer_median,1.1488399143714185
obs_a4443d30223db44c,PCA Reconstruction,new_customers,0.6141641614978335
obs_a4443d30223db44c,PCA Reconstruction,average_price,0.3928105586789523
obs_8966e5e271ad1b1e,PCA Reconstruction,country_mix,0.9341995227253407
obs_8966e5e271ad1b1e,PCA Reconstruction,distributor_mix_change,0.6859866830719885
obs_8966e5e271ad1b1e,PCA Reconstruction,total_quantity_peer_percentile,0.5076314254128383
obs_d1ccc5d0742f68ae,PCA Reconstruction,simulated_actual_payout_year_over_year_growth,1.3371215905289635
obs_d1ccc5d0742f68ae,PCA Reconstruction,distinct_products,0.7988031671550841
obs_d1ccc5d0742f68ae,PCA Reconstruction,new_customers,0.7829237357913872
obs_542377b2933417c9,PCA Reconstruction,new_customers,2.55374031507645
obs_542377b2933417c9,PCA Reconstruction,product_breadth_change,0.8637320408285428
obs_542377b2933417c9,PCA Reconstruction,country_mix,0.5782168872196018
obs_73e46e98c829288a,PCA Reconstruction,new_customers,1.5315390597707266
obs_73e46e98c829288a,PCA Reconstruction,distinct_customers_lag_2,0.9403854084851693
obs_73e46e98c829288a,PCA Reconstruction,representative_rank,0.5605578030703187
obs_5a210aa8f1cba883,PCA Reconstruction,distributor_count,2.2503141978397125
obs_5a210aa8f1cba883,PCA Reconstruction,distinct_customers_rolling_std,0.8629561321676031
obs_5a210aa8f1cba883,PCA Reconstruction,simulated_actual_payout_peer_median,0.8148372976723832
obs_58f27ea1af851e20,PCA Reconstruction,new_customers,2.775368988189068
obs_58f27ea1af851e20,PCA Reconstruction,simulated_actual_payout_peer_median,2.1680438731553724
obs_58f27ea1af851e20,PCA Reconstruction,distinct_customers_rolling_std,1.1871089542469553
obs_4d13e89d6197649d,PCA Reconstruction,simulated_actual_payout_peer_median,2.1387087224899797
obs_4d13e89d6197649d,PCA Reconstruction,distinct_customers_rolling_std,1.3406009120066356
obs_4d13e89d6197649d,PCA Reconstruction,distributor_count,1.241024623238958
obs_875a762049353ec8,PCA Reconstruction,distinct_customers_rolling_std,2.704973813863136
obs_875a762049353ec8,PCA Reconstruction,new_customers,2.6044714007201417
obs_875a762049353ec8,PCA Reconstruction,distributor_mix_change,2.5950448324576922
obs_17a7feac9427b114,PCA Reconstruction,distributor_concentration,0.24122735964929368
obs_17a7feac9427b114,PCA Reconstruction,total_quantity_peer_median,0.20610519890315077
obs_17a7feac9427b114,PCA Reconstruction,distinct_customers_team_relative,0.17620809275518112
obs_44ac73bb7b958d05,PCA Reconstruction,product_breadth_change,0.6274632579371319
obs_44ac73bb7b958d05,PCA Reconstruction,distinct_products,0.34467406965100894
obs_44ac73bb7b958d05,PCA Reconstruction,subchannel_mix,0.3061619716336804
obs_27524602b896e1a8,PCA Reconstruction,distinct_customers_rolling_std,5.56905667731535
obs_27524602b896e1a8,PCA Reconstruction,product_breadth_change,0.7200666931115322
obs_27524602b896e1a8,PCA Reconstruction,distinct_customers_trend,0.48417827904113664
obs_4793801fa7bdd012,PCA Reconstruction,distinct_customers_rolling_std,0.8991975431049793
obs_4793801fa7bdd012,PCA Reconstruction,simulated_actual_payout_history_deviation,0.3023941583510794
obs_4793801fa7bdd012,PCA Reconstruction,distinct_customers_rolling_MAD,0.29886537853857187
obs_cd8ba18276cb08a1,PCA Reconstruction,simulated_actual_payout_lag_12,0.5285219086091458
obs_cd8ba18276cb08a1,PCA Reconstruction,product_class_share,0.34225553576471845
obs_cd8ba18276cb08a1,PCA Reconstruction,total_quantity_year_over_year_growth,0.31632627510233263
obs_25bf323de42ea0d6,PCA Reconstruction,simulated_payout_to_sales_ratio,0.33102001675956144
obs_25bf323de42ea0d6,PCA Reconstruction,total_sales_trend,0.2425162794924114
obs_25bf323de42ea0d6,PCA Reconstruction,customer_loss_rate,0.18017985074303738
obs_4a8e791302735fd2,PCA Reconstruction,distributor_mix_change,0.5184203003943127
obs_4a8e791302735fd2,PCA Reconstruction,total_quantity_lag_3,0.25069212010848063
obs_4a8e791302735fd2,PCA Reconstruction,total_sales_rolling_mean_3,0.13818630356014228
obs_71e8208d4e32623d,PCA Reconstruction,subchannel_mix,0.742588105729449
obs_71e8208d4e32623d,PCA Reconstruction,total_quantity_lag_3,0.6189003382378536
obs_71e8208d4e32623d,PCA Reconstruction,channel_mix,0.5703081792022527
obs_a57fe324acbc57da,PCA Reconstruction,distributor_concentration,0.5416050950070227
obs_a57fe324acbc57da,PCA Reconstruction,total_sales_peer_percentile,0.2344560207458141
obs_a57fe324acbc57da,PCA Reconstruction,total_quantity_lag_1,0.19900267251985423
obs_1c99d9744f6847f0,PCA Reconstruction,total_quantity_peer_percentile,0.3563474345423774
obs_1c99d9744f6847f0,PCA Reconstruction,distinct_customers_team_relative,0.27023988815863864
obs_1c99d9744f6847f0,PCA Reconstruction,total_sales_peer_percentile,0.2701136190198235
obs_5e6d3a86d859b772,PCA Reconstruction,total_quantity_peer_median,0.36143004653981486
obs_5e6d3a86d859b772,PCA Reconstruction,total_quantity_lag_3,0.24972030176693832
obs_5e6d3a86d859b772,PCA Reconstruction,total_quantity_trend,0.23686854684202172
obs_adfd95ec7094e88d,PCA Reconstruction,product_class_share,0.8268706872634001
obs_adfd95ec7094e88d,PCA Reconstruction,customer_loss_rate,0.3553300805739035
obs_adfd95ec7094e88d,PCA Reconstruction,simulated_actual_payout_team_relative,0.34498437829321477
obs_7f121eebf008c4bf,PCA Reconstruction,product_mix_change,0.426903152189438
obs_7f121eebf008c4bf,PCA Reconstruction,simulated_actual_payout_lag_12,0.21119266790941657
obs_7f121eebf008c4bf,PCA Reconstruction,distributor_mix_change,0.1932692250674917
obs_9a3cb056d4ba571e,PCA Reconstruction,product_mix_change,2.3034437817400946
obs_9a3cb056d4ba571e,PCA Reconstruction,distributor_mix_change,1.2955187836232709
obs_9a3cb056d4ba571e,PCA Reconstruction,distinct_customers_rolling_MAD,0.777051503150082
obs_02028f589373a591,PCA Reconstruction,country_mix,0.5324667387938177
obs_02028f589373a591,PCA Reconstruction,product_class_share,0.3280680740242347
obs_02028f589373a591,PCA Reconstruction,total_sales_peer_percentile,0.22228486354180893
obs_2fd84dda41c28895,PCA Reconstruction,rank_change,0.43435371154195174
obs_2fd84dda41c28895,PCA Reconstruction,total_quantity_lag_12,0.4039513646881079
obs_2fd84dda41c28895,PCA Reconstruction,country_mix,0.39367641206459425
obs_6aafa6965a8aabf0,PCA Reconstruction,product_class_share,0.9727050189428265
obs_6aafa6965a8aabf0,PCA Reconstruction,distributor_mix_change,0.8086511969088312
obs_6aafa6965a8aabf0,PCA Reconstruction,total_quantity_lag_12,0.601161910391321
obs_51b2c6914adbe267,PCA Reconstruction,product_mix_change,0.3934589517000301
obs_51b2c6914adbe267,PCA Reconstruction,distributor_mix_change,0.3899612738343907
obs_51b2c6914adbe267,PCA Reconstruction,simulated_payout_to_sales_ratio,0.29853102426510275
obs_8ef8d500d512af95,PCA Reconstruction,simulated_actual_payout_lag_12,0.7670538874426057
obs_8ef8d500d512af95,PCA Reconstruction,distributor_mix_change,0.5221972173532934
obs_8ef8d500d512af95,PCA Reconstruction,distinct_customers_rolling_std,0.48551982436968383
obs_365429a5c5b577bf,PCA Reconstruction,distinct_customers_rolling_std,0.9951670066427447
obs_365429a5c5b577bf,PCA Reconstruction,distributor_count,0.6388737717151908
obs_365429a5c5b577bf,PCA Reconstruction,distributor_mix_change,0.573978980124115
obs_8455d03f04957712,PCA Reconstruction,country_mix,0.8439457681301795
obs_8455d03f04957712,PCA Reconstruction,distinct_customers_rolling_std,0.7905399719665872
obs_8455d03f04957712,PCA Reconstruction,simulated_actual_payout_lag_12,0.36519689671631
obs_4bb49cf16a76c278,PCA Reconstruction,distinct_customers_team_relative,1.287730282479077
obs_4bb49cf16a76c278,PCA Reconstruction,distributor_concentration,1.2572010789863488
obs_4bb49cf16a76c278,PCA Reconstruction,distinct_customers_rolling_std,0.7236848113748744
obs_bcb0558290f0833e,PCA Reconstruction,new_customers,1.1740393409179317
obs_bcb0558290f0833e,PCA Reconstruction,country_mix,0.6957193381387885
obs_bcb0558290f0833e,PCA Reconstruction,simulated_actual_payout_lag_12,0.5359788901531753
obs_778dcf4b0d025611,PCA Reconstruction,new_customers,0.8823416994296747
obs_778dcf4b0d025611,PCA Reconstruction,product_mix_change,0.6690831408195335
obs_778dcf4b0d025611,PCA Reconstruction,subchannel_mix,0.6570633750877191
obs_8fdc05181cc4a0c0,PCA Reconstruction,distributor_count,1.5575508322988632
obs_8fdc05181cc4a0c0,PCA Reconstruction,representative_rank,0.8123678143869175
obs_8fdc05181cc4a0c0,PCA Reconstruction,simulated_actual_payout_peer_median,0.8001190072832943
obs_655bf660d59bbffc,PCA Reconstruction,new_customers,2.380784306980786
obs_655bf660d59bbffc,PCA Reconstruction,simulated_actual_payout_peer_median,2.0891394654797817
obs_655bf660d59bbffc,PCA Reconstruction,distributor_mix_change,1.760033862239427
obs_e59761ef2fa5cdb1,PCA Reconstruction,product_breadth_change,2.0525614571740083
obs_e59761ef2fa5cdb1,PCA Reconstruction,distributor_count,1.9496553038652853
obs_e59761ef2fa5cdb1,PCA Reconstruction,simulated_actual_payout_peer_median,1.924014177123715
obs_ae4b69b411dcc307,PCA Reconstruction,new_customers,3.953853985050076
obs_ae4b69b411dcc307,PCA Reconstruction,distributor_count,1.5477630228106822
obs_ae4b69b411dcc307,PCA Reconstruction,distinct_customers_history_deviation,1.2739601235274145
obs_247172c195d58c25,PCA Reconstruction,distinct_products,0.5503347771443232
obs_247172c195d58c25,PCA Reconstruction,distributor_concentration,0.1761678329667783
obs_247172c195d58c25,PCA Reconstruction,total_sales_peer_median,0.14578707968949894
obs_db323f875a093bc9,PCA Reconstruction,distinct_customers_team_relative,0.5406657814303997
obs_db323f875a093bc9,PCA Reconstruction,distributor_concentration,0.37063441247568074
obs_db323f875a093bc9,PCA Reconstruction,distributor_count,0.3291606467967178
obs_69201ab862b11414,PCA Reconstruction,total_quantity_rolling_median,0.4696228090042207
obs_69201ab862b11414,PCA Reconstruction,total_quantity_lag_3,0.4634478967743788
obs_69201ab862b11414,PCA Reconstruction,simulated_actual_payout_history_deviation,0.3254001910787868
obs_73882243e74ed5de,PCA Reconstruction,product_class_share,2.1807372860292893
obs_73882243e74ed5de,PCA Reconstruction,distributor_concentration,1.6181354695919337
obs_73882243e74ed5de,PCA Reconstruction,total_sales_team_relative,0.7526082447425742
obs_9ffac94ca00ad0a0,PCA Reconstruction,simulated_actual_payout_peer_median,0.24172078792739482
obs_9ffac94ca00ad0a0,PCA Reconstruction,distributor_concentration,0.23910747452223222
obs_9ffac94ca00ad0a0,PCA Reconstruction,total_quantity_rolling_median,0.22839672035279762
obs_15d3ba810bc0030d,PCA Reconstruction,total_quantity_rolling_median,0.4484575388609148
obs_15d3ba810bc0030d,PCA Reconstruction,total_quantity_lag_2,0.36460607771578385
obs_15d3ba810bc0030d,PCA Reconstruction,distributor_mix_change,0.308181043803591
obs_97a3d472958afbb6,PCA Reconstruction,product_class_share,0.35055016745833273
obs_97a3d472958afbb6,PCA Reconstruction,product_mix_change,0.2779452974812021
obs_97a3d472958afbb6,PCA Reconstruction,dominant_product_share,0.22212412072856452
obs_ac8bf90f15106c25,PCA Reconstruction,subchannel_mix,0.276430385287537
obs_ac8bf90f15106c25,PCA Reconstruction,distributor_concentration,0.24773238706594858
obs_ac8bf90f15106c25,PCA Reconstruction,simulated_actual_payout_trend,0.20416781135690118
obs_0213507f5e6126fa,PCA Reconstruction,distributor_mix_change,1.4436230115633217
obs_0213507f5e6126fa,PCA Reconstruction,distributor_count,0.41281130714743686
obs_0213507f5e6126fa,PCA Reconstruction,product_mix_change,0.2886185208623797
obs_4d776ed3e396c974,PCA Reconstruction,distributor_mix_change,1.878502840481849
obs_4d776ed3e396c974,PCA Reconstruction,product_mix_change,0.32121877663412274
obs_4d776ed3e396c974,PCA Reconstruction,total_quantity_peer_median,0.16963863927133851
obs_49a2950a39c620d1,PCA Reconstruction,distributor_mix_change,0.5517693202652597
obs_49a2950a39c620d1,PCA Reconstruction,new_customers,0.5040420324647691
obs_49a2950a39c620d1,PCA Reconstruction,distinct_customers_history_deviation,0.21163426418212053
obs_751f6d35f922d3b3,PCA Reconstruction,product_class_share,0.9604440686992642
obs_751f6d35f922d3b3,PCA Reconstruction,customer_loss_rate,0.598667028009685
obs_751f6d35f922d3b3,PCA Reconstruction,distributor_concentration,0.46482250820864646
obs_40f8b14b2da153f0,PCA Reconstruction,total_sales_trend,0.24495715845622945
obs_40f8b14b2da153f0,PCA Reconstruction,total_quantity_year_over_year_growth,0.21817936364046084
obs_40f8b14b2da153f0,PCA Reconstruction,total_quantity_peer_percentile,0.19813913923002044
obs_45a1bbdd2f732ba5,PCA Reconstruction,total_sales_lag_12,0.3933172580954369
obs_45a1bbdd2f732ba5,PCA Reconstruction,total_sales_year_over_year_growth,0.3769586773438753
obs_45a1bbdd2f732ba5,PCA Reconstruction,total_quantity_year_over_year_growth,0.33406215864346744
obs_8672dbff7862e4e0,PCA Reconstruction,distributor_concentration,0.34266537946261477
obs_8672dbff7862e4e0,PCA Reconstruction,distributor_mix_change,0.2685116815742971
obs_8672dbff7862e4e0,PCA Reconstruction,total_quantity_trend,0.2132697341647446
obs_0bcfd7a76fd44d9a,PCA Reconstruction,distributor_concentration,1.8482415168389583
obs_0bcfd7a76fd44d9a,PCA Reconstruction,simulated_actual_payout_lag_12,0.8731203706022381
obs_0bcfd7a76fd44d9a,PCA Reconstruction,dominant_product_share,0.3623050669708156
obs_b8ed73a20b2bdd57,PCA Reconstruction,simulated_actual_payout_lag_12,0.27651333796376687
obs_b8ed73a20b2bdd57,PCA Reconstruction,total_sales_peer_percentile,0.26189797543691473
obs_b8ed73a20b2bdd57,PCA Reconstruction,dominant_product_share,0.1556239383469653
obs_0c13bd63c129a0e3,PCA Reconstruction,representative_rank,0.4784403543562008
obs_0c13bd63c129a0e3,PCA Reconstruction,total_sales_peer_z,0.2098318736376277
obs_0c13bd63c129a0e3,PCA Reconstruction,total_sales_peer_percentile,0.20877812961460493
obs_c70382dae6903d56,PCA Reconstruction,new_customers,1.0954692330561642
obs_c70382dae6903d56,PCA Reconstruction,simulated_actual_payout_lag_12,0.7438576690613823
obs_c70382dae6903d56,PCA Reconstruction,distinct_customers_rolling_std,0.5992602670044002
obs_0a579a3ef4551465,PCA Reconstruction,product_class_share,1.6384482498253223
obs_0a579a3ef4551465,PCA Reconstruction,simulated_actual_payout_year_over_year_growth,1.0613419590123572
obs_0a579a3ef4551465,PCA Reconstruction,simulated_actual_payout_lag_12,0.8250174596399937
obs_444bffabe4c932e2,PCA Reconstruction,new_customers,1.1403807037075935
obs_444bffabe4c932e2,PCA Reconstruction,country_mix,0.7487089908947643
obs_444bffabe4c932e2,PCA Reconstruction,simulated_actual_payout_lag_12,0.6763762939674086
obs_e32a6b13f2b590dc,PCA Reconstruction,new_customers,1.5918192211521076
obs_e32a6b13f2b590dc,PCA Reconstruction,simulated_actual_payout_lag_12,0.9826608944206989
obs_e32a6b13f2b590dc,PCA Reconstruction,distinct_customers_rolling_std,0.7808097038723025
obs_8ed139ed60ada8e2,PCA Reconstruction,new_customers,3.885328522561827
obs_8ed139ed60ada8e2,PCA Reconstruction,country_mix,0.8710243622365511
obs_8ed139ed60ada8e2,PCA Reconstruction,distributor_mix_change,0.5954409187600903
obs_5587bf70f00382f6,PCA Reconstruction,new_customers,1.8931210703996018
obs_5587bf70f00382f6,PCA Reconstruction,product_class_share,0.7679776385549948
obs_5587bf70f00382f6,PCA Reconstruction,distinct_customers_rolling_std,0.7330132620740613
obs_829f61fac3d09df7,PCA Reconstruction,new_customers,4.631224848794545
obs_829f61fac3d09df7,PCA Reconstruction,distributor_count,1.4803817735718596
obs_829f61fac3d09df7,PCA Reconstruction,customer_loss_rate,1.2512952369330226
obs_e1cdc5984added2c,PCA Reconstruction,new_customers,11.60437926816924
obs_e1cdc5984added2c,PCA Reconstruction,distributor_count,2.0166105635161506
obs_e1cdc5984added2c,PCA Reconstruction,simulated_actual_payout_peer_median,1.5562764623502798
obs_23df2ae63ff8e1e8,PCA Reconstruction,new_customers,6.512069699204841
obs_23df2ae63ff8e1e8,PCA Reconstruction,distributor_count,1.9317870355953066
obs_23df2ae63ff8e1e8,PCA Reconstruction,distinct_customers_rolling_std,1.5317326554641864
obs_9506fd6f5bcc4b52,PCA Reconstruction,new_customers,7.48418145457664
obs_9506fd6f5bcc4b52,PCA Reconstruction,distributor_mix_change,1.69193932126786
obs_9506fd6f5bcc4b52,PCA Reconstruction,distinct_customers_rolling_std,1.4254128296890187
obs_9a24f1d93ed16b84,PCA Reconstruction,simulated_payout_to_sales_ratio,0.4946934063748116
obs_9a24f1d93ed16b84,PCA Reconstruction,customer_loss_rate,0.32809841356829433
obs_9a24f1d93ed16b84,PCA Reconstruction,distributor_concentration,0.21922682519442654
obs_d4549f7568038f3f,PCA Reconstruction,total_quantity_month_over_month_growth,0.7509839725833264
obs_d4549f7568038f3f,PCA Reconstruction,product_breadth_change,0.719934516965173
obs_d4549f7568038f3f,PCA Reconstruction,distinct_customers_history_deviation,0.503845294063655
obs_e9564f9b03b1f81d,PCA Reconstruction,total_quantity_rolling_median,0.8710606305171432
obs_e9564f9b03b1f81d,PCA Reconstruction,total_quantity_lag_2,0.7313030672701204
obs_e9564f9b03b1f81d,PCA Reconstruction,total_quantity_lag_3,0.6877966949240993
obs_4be8cf97d2c5206c,PCA Reconstruction,total_quantity_lag_3,0.6670669901373365
obs_4be8cf97d2c5206c,PCA Reconstruction,simulated_actual_payout_lag_3,0.5189808719160707
obs_4be8cf97d2c5206c,PCA Reconstruction,distinct_customers_lag_2,0.4468030727257632
obs_4f12db2e0e6e094e,PCA Reconstruction,total_quantity_lag_3,0.4382623218356026
obs_4f12db2e0e6e094e,PCA Reconstruction,subchannel_mix,0.290505367747616
obs_4f12db2e0e6e094e,PCA Reconstruction,simulated_actual_payout_rolling_median,0.2815514490077986
obs_cc984462b5ffbbd0,PCA Reconstruction,product_breadth_change,0.3756630010037355
obs_cc984462b5ffbbd0,PCA Reconstruction,distinct_customers_team_relative,0.2785705784762293
obs_cc984462b5ffbbd0,PCA Reconstruction,new_customers,0.131441340517553
obs_1c29eae7a281f6b3,PCA Reconstruction,subchannel_mix,0.9719895745008202
obs_1c29eae7a281f6b3,PCA Reconstruction,channel_mix,0.5184745935776931
obs_1c29eae7a281f6b3,PCA Reconstruction,distributor_mix_change,0.35918439154720133
obs_67fb95aabddf902e,PCA Reconstruction,distributor_mix_change,1.2630802915243653
obs_67fb95aabddf902e,PCA Reconstruction,distributor_count,0.403692023718338
obs_67fb95aabddf902e,PCA Reconstruction,simulated_actual_payout_peer_median,0.3049419292343969
obs_a5dfe380447e5cc9,PCA Reconstruction,distributor_mix_change,0.5151626560921893
obs_a5dfe380447e5cc9,PCA Reconstruction,product_mix_change,0.43617694433934934
obs_a5dfe380447e5cc9,PCA Reconstruction,customer_loss_rate,0.24363892108603769
obs_2256f2ec45290909,PCA Reconstruction,simulated_payout_to_sales_ratio,0.3762204537349306
obs_2256f2ec45290909,PCA Reconstruction,customer_loss_rate,0.2980562463046029
obs_2256f2ec45290909,PCA Reconstruction,product_breadth_change,0.20595651496301867
obs_7bd86e0624a6cd91,PCA Reconstruction,dominant_product_share,0.6282138614846988
obs_7bd86e0624a6cd91,PCA Reconstruction,product_concentration,0.5473201347447902
obs_7bd86e0624a6cd91,PCA Reconstruction,total_quantity_history_deviation,0.49973641074404607
obs_4e63c465f7c026df,PCA Reconstruction,product_class_share,0.4201826843996855
obs_4e63c465f7c026df,PCA Reconstruction,distributor_mix_change,0.13562099853583168
obs_4e63c465f7c026df,PCA Reconstruction,product_breadth_change,0.11345995443487493
obs_52d6c32ef5eb1a9d,PCA Reconstruction,customer_loss_rate,0.4945304286696804
obs_52d6c32ef5eb1a9d,PCA Reconstruction,simulated_actual_payout_lag_12,0.370064185867442
obs_52d6c32ef5eb1a9d,PCA Reconstruction,total_quantity_year_over_year_growth,0.32672977534393044
obs_d6afaf5b1e936788,PCA Reconstruction,total_quantity_lag_12,0.5148795639461813
obs_d6afaf5b1e936788,PCA Reconstruction,simulated_actual_payout_lag_12,0.36809762020305575
obs_d6afaf5b1e936788,PCA Reconstruction,total_quantity_lag_3,0.2845664729112897
obs_0fd5045162b0ec4f,PCA Reconstruction,total_quantity_history_deviation,0.2963190006944394
obs_0fd5045162b0ec4f,PCA Reconstruction,product_breadth_change,0.2598405769286978
obs_0fd5045162b0ec4f,PCA Reconstruction,simulated_actual_payout_lag_12,0.23488348537729098
obs_2ee9b800b6f3f7f7,PCA Reconstruction,distributor_mix_change,1.215847344682642
obs_2ee9b800b6f3f7f7,PCA Reconstruction,total_quantity_peer_country_product_class_relative,0.8305682416725864
obs_2ee9b800b6f3f7f7,PCA Reconstruction,country_mix,0.6508746161841845
obs_0fef442039fc2632,PCA Reconstruction,total_sales_peer_country_product_class_relative,0.4093938000442577
obs_0fef442039fc2632,PCA Reconstruction,total_quantity_peer_percentile,0.4024263056072729
obs_0fef442039fc2632,PCA Reconstruction,total_quantity_peer_country_product_class_relative,0.3692806014085376
obs_0afba209e524765f,PCA Reconstruction,distributor_concentration,0.6853534447279236
obs_0afba209e524765f,PCA Reconstruction,dominant_product_share,0.31907197106705515
obs_0afba209e524765f,PCA Reconstruction,subchannel_mix,0.1631111792508585
obs_66056234fb0552b0,PCA Reconstruction,distributor_concentration,2.588925297705843
obs_66056234fb0552b0,PCA Reconstruction,simulated_actual_payout_peer_median,0.39395186461134074
obs_66056234fb0552b0,PCA Reconstruction,distinct_products,0.3693054807860971
obs_febfa2b0137387b6,PCA Reconstruction,simulated_actual_payout_year_over_year_growth,2.0465215103644483
obs_febfa2b0137387b6,PCA Reconstruction,total_sales_year_over_year_growth,1.6057573898751136
obs_febfa2b0137387b6,PCA Reconstruction,total_quantity_year_over_year_growth,1.4690700719974559
obs_ed59145c0ff7799f,PCA Reconstruction,product_breadth_change,0.721479831599693
obs_ed59145c0ff7799f,PCA Reconstruction,total_quantity_month_over_month_growth,0.5882423624906035
obs_ed59145c0ff7799f,PCA Reconstruction,total_sales_month_over_month_growth,0.5774912527430356
obs_bee2572f3f0acf28,PCA Reconstruction,new_customers,0.882499089892049
obs_bee2572f3f0acf28,PCA Reconstruction,simulated_actual_payout_lag_12,0.810616916989516
obs_bee2572f3f0acf28,PCA Reconstruction,simulated_actual_payout_acceleration,0.40060196947264176
obs_7b984662169c715e,PCA Reconstruction,new_customers,0.8813786845998799
obs_7b984662169c715e,PCA Reconstruction,product_breadth_change,0.6973260268874001
obs_7b984662169c715e,PCA Reconstruction,country_mix,0.4208197694322024
obs_0b6fd5ed0688000e,PCA Reconstruction,new_customers,2.1185499373215246
obs_0b6fd5ed0688000e,PCA Reconstruction,simulated_actual_payout_lag_12,0.7474510457928359
obs_0b6fd5ed0688000e,PCA Reconstruction,simulated_actual_payout_peer_median,0.5680679705204363
obs_3fb95259921af67c,PCA Reconstruction,distributor_count,1.5581997625463266
obs_3fb95259921af67c,PCA Reconstruction,new_customers,1.097360983322774
obs_3fb95259921af67c,PCA Reconstruction,total_sales_rolling_mean_3,0.6834369382610587
obs_b41e3317a598f9b8,PCA Reconstruction,distinct_customers_rolling_std,1.5875083658862557
obs_b41e3317a598f9b8,PCA Reconstruction,new_customers,0.8781209033506983
obs_b41e3317a598f9b8,PCA Reconstruction,total_sales_rolling_mean_3,0.69240356143286
obs_513a75c19be2b19d,PCA Reconstruction,new_customers,14.156090905962934
obs_513a75c19be2b19d,PCA Reconstruction,distributor_count,2.6427883573145685
obs_513a75c19be2b19d,PCA Reconstruction,product_class_share,1.555268112167711
obs_983f2fc32fe7e3de,PCA Reconstruction,new_customers,3.6771306449431225
obs_983f2fc32fe7e3de,PCA Reconstruction,distinct_customers_rolling_std,2.452943822852975
obs_983f2fc32fe7e3de,PCA Reconstruction,distinct_customers_year_over_year_growth,0.8347188384331918
obs_be6753e66d2c7210,PCA Reconstruction,distributor_concentration,0.5862370982424732
obs_be6753e66d2c7210,PCA Reconstruction,distinct_customers_peer_percentile,0.1905815187799109
obs_be6753e66d2c7210,PCA Reconstruction,dominant_product_share,0.1719727983127004
obs_708d7474998c3d76,PCA Reconstruction,distributor_count,0.2796273734726657
obs_708d7474998c3d76,PCA Reconstruction,distinct_products,0.2545140167099812
obs_708d7474998c3d76,PCA Reconstruction,total_sales_history_deviation,0.18717335142012576
obs_14251f0e4353be88,PCA Reconstruction,total_sales_rolling_std,3.3938235692783256
obs_14251f0e4353be88,PCA Reconstruction,total_quantity_rolling_std,2.2882250064143848
obs_14251f0e4353be88,PCA Reconstruction,simulated_actual_payout_peer_percentile,0.7513964915444443
obs_1ab8ffa792483b91,PCA Reconstruction,distributor_mix_change,1.2661409637227656
obs_1ab8ffa792483b91,PCA Reconstruction,distributor_concentration,0.3562116069617162
obs_1ab8ffa792483b91,PCA Reconstruction,product_mix_change,0.27843251082131826
obs_6d0f2fb4f735c0a7,PCA Reconstruction,distributor_mix_change,1.463376742748565
obs_6d0f2fb4f735c0a7,PCA Reconstruction,distributor_concentration,0.6202044263339171
obs_6d0f2fb4f735c0a7,PCA Reconstruction,total_sales_history_deviation,0.4226643322867443
obs_8a3eaa37448ed6e4,PCA Reconstruction,total_sales_history_deviation,1.5288124294466583
obs_8a3eaa37448ed6e4,PCA Reconstruction,simulated_actual_payout_peer_z,0.921209152207018
obs_8a3eaa37448ed6e4,PCA Reconstruction,simulated_actual_payout_peer_median,0.85516218414801
obs_ab3795304350519f,PCA Reconstruction,simulated_actual_payout_peer_z,1.2823390241625054
obs_ab3795304350519f,PCA Reconstruction,product_class_share,1.0446107058602798
obs_ab3795304350519f,PCA Reconstruction,simulated_actual_payout_peer_median,0.6064098387008959
obs_bc91ca3dd15ba955,PCA Reconstruction,total_sales_rolling_median,0.43283805775529194
obs_bc91ca3dd15ba955,PCA Reconstruction,total_quantity_history_deviation,0.33974473245116527
obs_bc91ca3dd15ba955,PCA Reconstruction,distinct_customers_rolling_MAD,0.27219866051781366
obs_713af2d33a020488,PCA Reconstruction,total_quantity_lag_3,0.5363677680535954
obs_713af2d33a020488,PCA Reconstruction,distributor_concentration,0.28796832715601306
obs_713af2d33a020488,PCA Reconstruction,total_quantity_history_deviation,0.2586877854544973
obs_11df24090b7d4535,PCA Reconstruction,product_mix_change,0.69603402284195
obs_11df24090b7d4535,PCA Reconstruction,simulated_actual_payout_lag_2,0.49082422564781863
obs_11df24090b7d4535,PCA Reconstruction,distributor_mix_change,0.4536860769214767
obs_ae38daf22ee9012c,PCA Reconstruction,simulated_actual_payout_lag_2,0.43189406009259773
obs_ae38daf22ee9012c,PCA Reconstruction,product_mix_change,0.33499309429594654
obs_ae38daf22ee9012c,PCA Reconstruction,simulated_actual_payout_rolling_mean_3,0.3118641614126076
obs_b263258762fe77d8,PCA Reconstruction,product_mix_change,0.9864299827958838
obs_b263258762fe77d8,PCA Reconstruction,distinct_customers_rolling_std,0.5263117114793026
obs_b263258762fe77d8,PCA Reconstruction,simulated_actual_payout_trend,0.47834856776236
obs_7c2af4dfbc89053c,PCA Reconstruction,total_quantity_peer_median,1.2938777075342505
obs_7c2af4dfbc89053c,PCA Reconstruction,total_sales_peer_median,0.857936451795799
obs_7c2af4dfbc89053c,PCA Reconstruction,product_mix_change,0.606626358375903
obs_e16da9b66fad50d2,PCA Reconstruction,customer_loss_rate,0.3772954179450412
obs_e16da9b66fad50d2,PCA Reconstruction,distributor_count,0.21109780902079076
obs_e16da9b66fad50d2,PCA Reconstruction,total_quantity_peer_z,0.20237238842104155
obs_d76dcb24ce7b3c66,PCA Reconstruction,distributor_mix_change,1.0441361546485863
obs_d76dcb24ce7b3c66,PCA Reconstruction,representative_rank,0.3761524498554717
obs_d76dcb24ce7b3c66,PCA Reconstruction,distributor_count,0.36750662465691114
obs_a7263c47a58a51a0,PCA Reconstruction,total_quantity_peer_z,0.42291016219731775
obs_a7263c47a58a51a0,PCA Reconstruction,total_quantity_peer_median,0.4112967746521136
obs_a7263c47a58a51a0,PCA Reconstruction,distributor_concentration,0.29648507784238814
obs_2133b846cece10c4,PCA Reconstruction,distributor_concentration,0.6549412269000171
obs_2133b846cece10c4,PCA Reconstruction,channel_mix,0.40336054952443184
obs_2133b846cece10c4,PCA Reconstruction,representative_rank,0.3104175426299927
obs_fbd97bc8466b2c1c,PCA Reconstruction,product_mix_change,0.540455684988118
obs_fbd97bc8466b2c1c,PCA Reconstruction,customer_loss_rate,0.474599957511844
obs_fbd97bc8466b2c1c,PCA Reconstruction,total_quantity_lag_12,0.44013526405992137
obs_74c0e46c4f12267e,PCA Reconstruction,distributor_concentration,1.0865974987154885
obs_74c0e46c4f12267e,PCA Reconstruction,distributor_mix_change,1.0109782928088835
obs_74c0e46c4f12267e,PCA Reconstruction,distinct_products,0.44402567439229496
obs_164431e9c2e6eef5,PCA Reconstruction,simulated_actual_payout_lag_12,1.2075426713651982
obs_164431e9c2e6eef5,PCA Reconstruction,simulated_actual_payout_year_over_year_growth,0.3613409058299848
obs_164431e9c2e6eef5,PCA Reconstruction,new_customers,0.33080863920420045
obs_13188499c4444596,PCA Reconstruction,simulated_actual_payout_year_over_year_growth,1.673354856165189
obs_13188499c4444596,PCA Reconstruction,total_sales_lag_12,1.0200380184525901
obs_13188499c4444596,PCA Reconstruction,total_quantity_year_over_year_growth,1.0098724394963243
obs_ca491fddea4b6c1e,PCA Reconstruction,distributor_mix_change,1.4561514761999501
obs_ca491fddea4b6c1e,PCA Reconstruction,total_quantity_lag_12,0.7472247388466293
obs_ca491fddea4b6c1e,PCA Reconstruction,distinct_products,0.747102892512386
obs_5490d0977481f5cc,PCA Reconstruction,new_customers,1.3481966734857926
obs_5490d0977481f5cc,PCA Reconstruction,total_sales_rolling_std,0.37326861325998884
obs_5490d0977481f5cc,PCA Reconstruction,product_breadth_change,0.3658295801962741
obs_a8dfe3531fbd879f,PCA Reconstruction,new_customers,1.6726543856092941
obs_a8dfe3531fbd879f,PCA Reconstruction,distributor_count,0.5509827588373675
obs_a8dfe3531fbd879f,PCA Reconstruction,product_breadth_change,0.3953407545759425
obs_994fec176aea5485,PCA Reconstruction,new_customers,2.518274060905891
obs_994fec176aea5485,PCA Reconstruction,simulated_actual_payout_peer_median,1.45645049922037
obs_994fec176aea5485,PCA Reconstruction,distributor_count,1.368598350939512
obs_709a6e1aa5eed464,PCA Reconstruction,new_customers,4.056181586371305
obs_709a6e1aa5eed464,PCA Reconstruction,simulated_actual_payout_peer_median,3.1342897348222585
obs_709a6e1aa5eed464,PCA Reconstruction,distinct_customers_rolling_std,1.5193999895157988
obs_8767d7a2091cd223,PCA Reconstruction,distributor_count,2.3725422082929715
obs_8767d7a2091cd223,PCA Reconstruction,new_customers,1.8689273030318743
obs_8767d7a2091cd223,PCA Reconstruction,distinct_customers_rolling_std,1.3980117105635923
obs_504529fd7ee68958,PCA Reconstruction,new_customers,5.23177404652593
obs_504529fd7ee68958,PCA Reconstruction,distinct_customers_rolling_std,1.295606628230331
obs_504529fd7ee68958,PCA Reconstruction,distributor_mix_change,1.2259122413832924
obs_18137fdb0ad2dbb6,PCA Reconstruction,total_quantity_peer_z,0.7778279883127117
obs_18137fdb0ad2dbb6,PCA Reconstruction,total_quantity_history_deviation,0.39722608354135175
obs_18137fdb0ad2dbb6,PCA Reconstruction,distributor_count,0.35517245196194275
obs_2f974247aba7852d,PCA Reconstruction,total_quantity_rolling_mean_6,1.8750916065290517
obs_2f974247aba7852d,PCA Reconstruction,total_quantity_rolling_mean_3,1.0222875391095954
obs_2f974247aba7852d,PCA Reconstruction,total_quantity_lag_1,0.48588053633181516
obs_b4b227a7b8c98e8b,PCA Reconstruction,total_quantity_rolling_median,1.362325705087727
obs_b4b227a7b8c98e8b,PCA Reconstruction,total_quantity_history_deviation,0.3766100920515707
obs_b4b227a7b8c98e8b,PCA Reconstruction,total_quantity_peer_z,0.3522805999586871
obs_f6cbae282b348a61,PCA Reconstruction,total_quantity_rolling_median,0.6662553388929939
obs_f6cbae282b348a61,PCA Reconstruction,product_class_share,0.5703750115019806
obs_f6cbae282b348a61,PCA Reconstruction,total_quantity_trend,0.49718125134015434
obs_0b14b76bbe8c7a8c,PCA Reconstruction,total_quantity_rolling_median,0.5909191148015108
obs_0b14b76bbe8c7a8c,PCA Reconstruction,simulated_actual_payout_lag_12,0.5435313951219508
obs_0b14b76bbe8c7a8c,PCA Reconstruction,simulated_actual_payout_lag_1,0.40379507733511694
obs_2eee857cbdcd6596,PCA Reconstruction,total_quantity_rolling_median,0.6218372854620781
obs_2eee857cbdcd6596,PCA Reconstruction,product_mix_change,0.5144423787014851
obs_2eee857cbdcd6596,PCA Reconstruction,distinct_customers_rolling_std,0.4240132622661878
obs_605f864f1f85947e,PCA Reconstruction,total_sales_peer_median,0.435143899509112
obs_605f864f1f85947e,PCA Reconstruction,distinct_customers_history_deviation,0.3514802986041974
obs_605f864f1f85947e,PCA Reconstruction,distinct_customers_lag_2,0.3276924725567338
obs_d5da4e5f65795530,PCA Reconstruction,product_class_share,0.2084154947312098
obs_d5da4e5f65795530,PCA Reconstruction,new_customers,0.20714281749225846
obs_d5da4e5f65795530,PCA Reconstruction,distinct_customers_rolling_median,0.15645193624329828
obs_92b0e820465724ca,PCA Reconstruction,total_quantity_peer_median,0.7845614290845019
obs_92b0e820465724ca,PCA Reconstruction,product_mix_change,0.7271151202462629
obs_92b0e820465724ca,PCA Reconstruction,distinct_customers_peer_percentile,0.6061584119601423
obs_9d0c933c9454dc1e,PCA Reconstruction,simulated_actual_payout_peer_z,0.49197496991842204
obs_9d0c933c9454dc1e,PCA Reconstruction,distributor_concentration,0.29121024819832075
obs_9d0c933c9454dc1e,PCA Reconstruction,customer_loss_rate,0.2648575217204993
obs_29fa7ad39eb92e58,PCA Reconstruction,average_price,0.18484550136448383
obs_29fa7ad39eb92e58,PCA Reconstruction,product_breadth_change,0.15749261569345843
obs_29fa7ad39eb92e58,PCA Reconstruction,distributor_count,0.1409443581359958
obs_a4c84d6051f73841,PCA Reconstruction,customer_loss_rate,0.6263437825754775
obs_a4c84d6051f73841,PCA Reconstruction,total_sales_peer_z,0.4508792134053432
obs_a4c84d6051f73841,PCA Reconstruction,distributor_mix_change,0.3049915742325423
obs_29833edc90218b7d,PCA Reconstruction,simulated_actual_payout_lag_12,0.5163136597289611
obs_29833edc90218b7d,PCA Reconstruction,distributor_concentration,0.5105893770784852
obs_29833edc90218b7d,PCA Reconstruction,total_quantity_lag_12,0.35803540601147854
obs_5a9f776c733f2470,PCA Reconstruction,product_mix_change,0.8707043555835223
obs_5a9f776c733f2470,PCA Reconstruction,distributor_mix_change,0.7629755721670509
obs_5a9f776c733f2470,PCA Reconstruction,total_quantity_lag_12,0.2942587941129847
obs_e14a4caeb5a51564,PCA Reconstruction,simulated_actual_payout_peer_median,1.175032564264509
obs_e14a4caeb5a51564,PCA Reconstruction,total_quantity_peer_median,0.473154469998884
obs_e14a4caeb5a51564,PCA Reconstruction,total_sales_peer_median,0.3997342383396062
obs_8c533dbbd0223c47,PCA Reconstruction,distributor_mix_change,0.7481498685666237
obs_8c533dbbd0223c47,PCA Reconstruction,simulated_actual_payout_lag_12,0.5967583235178453
obs_8c533dbbd0223c47,PCA Reconstruction,simulated_actual_payout_peer_country_product_class_relative,0.48067880490115505
obs_58df5a587eb0ebce,PCA Reconstruction,country_mix,0.9995643714620321
obs_58df5a587eb0ebce,PCA Reconstruction,distributor_mix_change,0.6327848086928191
obs_58df5a587eb0ebce,PCA Reconstruction,simulated_actual_payout_lag_12,0.4723099618067795
obs_af1de9484f76d99b,PCA Reconstruction,total_quantity_peer_median,0.5353164276907497
obs_af1de9484f76d99b,PCA Reconstruction,total_sales_team_relative,0.5206883707228007
obs_af1de9484f76d99b,PCA Reconstruction,product_breadth_change,0.2544074464626542
obs_83fd385d1a58f2e7,PCA Reconstruction,simulated_actual_payout_peer_z,1.2590531963173242
obs_83fd385d1a58f2e7,PCA Reconstruction,total_sales_lag_12,0.9550205473268808
obs_83fd385d1a58f2e7,PCA Reconstruction,simulated_actual_payout_year_over_year_growth,0.7533270411516872
obs_0e6390af2cae1a61,PCA Reconstruction,distributor_mix_change,3.16683363089446
obs_0e6390af2cae1a61,PCA Reconstruction,distinct_customers_team_relative,0.9935364347088295
obs_0e6390af2cae1a61,PCA Reconstruction,distinct_products,0.8293648400004575
obs_65d8d8b0f7a771ad,PCA Reconstruction,new_customers,1.8824784529581435
obs_65d8d8b0f7a771ad,PCA Reconstruction,product_breadth_change,1.660088186196068
obs_65d8d8b0f7a771ad,PCA Reconstruction,country_mix,1.421837830226062
obs_5dcb1b75eef8ab59,PCA Reconstruction,total_quantity_peer_z,1.2259670915562386
obs_5dcb1b75eef8ab59,PCA Reconstruction,product_breadth_change,0.9892522422403282
obs_5dcb1b75eef8ab59,PCA Reconstruction,simulated_actual_payout_peer_median,0.683613938936841
obs_4ad7da690ee91842,PCA Reconstruction,new_customers,1.0961633695619515
obs_4ad7da690ee91842,PCA Reconstruction,simulated_actual_payout_history_deviation,0.45604225808643134
obs_4ad7da690ee91842,PCA Reconstruction,distinct_customers_team_relative,0.3380601244244125
obs_85162be80c0fee03,PCA Reconstruction,new_customers,1.9762916335942422
obs_85162be80c0fee03,PCA Reconstruction,distributor_mix_change,0.5179365434213546
obs_85162be80c0fee03,PCA Reconstruction,distinct_customers_team_relative,0.48177690318509564
obs_2a5e6b8477a80d33,PCA Reconstruction,distributor_count,2.193918253712216
obs_2a5e6b8477a80d33,PCA Reconstruction,customer_loss_rate,1.1824942067977198
obs_2a5e6b8477a80d33,PCA Reconstruction,distributor_mix_change,1.1700951775299335
obs_d4a744b7c90aa0ad,PCA Reconstruction,simulated_actual_payout_peer_median,2.6494177243437336
obs_d4a744b7c90aa0ad,PCA Reconstruction,distinct_customers_rolling_std,1.2790646923388644
obs_d4a744b7c90aa0ad,PCA Reconstruction,simulated_actual_payout_team_relative,0.9204072828617889
obs_66248c0aba5c1747,PCA Reconstruction,new_customers,4.150602776511359
obs_66248c0aba5c1747,PCA Reconstruction,distributor_count,2.12957835992259
obs_66248c0aba5c1747,PCA Reconstruction,product_mix_change,1.4545889948576711
obs_f47c5f94a5509dbb,PCA Reconstruction,new_customers,6.064444608610079
obs_f47c5f94a5509dbb,PCA Reconstruction,distributor_mix_change,4.258128579412774
obs_f47c5f94a5509dbb,PCA Reconstruction,distinct_customers_rolling_std,2.0948078545690376
obs_77dd3dce735539fe,PCA Reconstruction,simulated_payout_to_sales_ratio,1.0414537708596396
obs_77dd3dce735539fe,PCA Reconstruction,customer_loss_rate,0.5553663448427446
obs_77dd3dce735539fe,PCA Reconstruction,simulated_actual_payout_peer_median,0.4439312926090495
obs_2e583d38c07650d3,PCA Reconstruction,customer_loss_rate,0.7959923579573106
obs_2e583d38c07650d3,PCA Reconstruction,total_quantity_lag_3,0.5580577642163547
obs_2e583d38c07650d3,PCA Reconstruction,total_quantity_rolling_mean_6,0.512687569751932
obs_87350adf27a08528,PCA Reconstruction,distinct_customers_rolling_std,0.6440507459314699
obs_87350adf27a08528,PCA Reconstruction,total_sales_history_deviation,0.49163726587452783
obs_87350adf27a08528,PCA Reconstruction,total_sales_rolling_median,0.4016444366648538
obs_aa95024dad7cee59,PCA Reconstruction,simulated_actual_payout_trend,0.5259951329231334
obs_aa95024dad7cee59,PCA Reconstruction,product_breadth_change,0.37959711810859603
obs_aa95024dad7cee59,PCA Reconstruction,distributor_count,0.28442955483689514
obs_69ca057897a09098,PCA Reconstruction,distributor_mix_change,0.5379897378833024
obs_69ca057897a09098,PCA Reconstruction,total_sales_peer_percentile,0.3715983928216733
obs_69ca057897a09098,PCA Reconstruction,distributor_concentration,0.33237949926932336
obs_43c6e0c7c6471507,PCA Reconstruction,simulated_actual_payout_peer_median,0.5512135474563543
obs_43c6e0c7c6471507,PCA Reconstruction,product_breadth_change,0.31626498798620134
obs_43c6e0c7c6471507,PCA Reconstruction,total_sales_peer_country_product_class_relative,0.29495609710491394
obs_73b8c10b22658dee,PCA Reconstruction,product_breadth_change,0.5773670424153934
obs_73b8c10b22658dee,PCA Reconstruction,total_sales_peer_median,0.3141580439730263
obs_73b8c10b22658dee,PCA Reconstruction,distributor_mix_change,0.25343013759470967
obs_ad48ad4b848c4869,PCA Reconstruction,distributor_mix_change,2.912737570932422
obs_ad48ad4b848c4869,PCA Reconstruction,product_mix_change,0.7766248566722095
obs_ad48ad4b848c4869,PCA Reconstruction,simulated_actual_payout_product_class_relative,0.350422555377251
obs_bf7317cb51cdadcb,PCA Reconstruction,average_price,0.8134696650473999
obs_bf7317cb51cdadcb,PCA Reconstruction,median_price,0.40831451009400677
obs_bf7317cb51cdadcb,PCA Reconstruction,total_quantity_team_relative,0.3103100168414588
obs_626a7a2afd57e58b,PCA Reconstruction,total_quantity_peer_percentile,0.778280060937325
obs_626a7a2afd57e58b,PCA Reconstruction,simulated_actual_payout_peer_z,0.3640259412208776
obs_626a7a2afd57e58b,PCA Reconstruction,total_quantity_peer_z,0.3345021242129338
obs_bd141bb37e2f3bf8,PCA Reconstruction,customer_loss_rate,0.5335691939675954
obs_bd141bb37e2f3bf8,PCA Reconstruction,average_price,0.412124382248901
obs_bd141bb37e2f3bf8,PCA Reconstruction,total_quantity_trend,0.28508135342650676
obs_a2551526538ada8b,PCA Reconstruction,simulated_actual_payout_peer_median,0.6187188422456052
obs_a2551526538ada8b,PCA Reconstruction,average_price,0.3231875820533391
obs_a2551526538ada8b,PCA Reconstruction,total_sales_peer_percentile,0.2678128847551856
obs_90f6e5179ad5e577,PCA Reconstruction,subchannel_mix,0.5686698138842564
obs_90f6e5179ad5e577,PCA Reconstruction,country_mix,0.4567122353464642
obs_90f6e5179ad5e577,PCA Reconstruction,channel_mix,0.4303524946425387
obs_e3c425ee6ea11f9f,PCA Reconstruction,distributor_mix_change,1.1515321542878343
obs_e3c425ee6ea11f9f,PCA Reconstruction,product_mix_change,0.53483723544765
obs_e3c425ee6ea11f9f,PCA Reconstruction,simulated_actual_payout_peer_median,0.42051278152378135
obs_5fd2ae0ead16f43d,PCA Reconstruction,total_sales_lag_12,0.3644113240360006
obs_5fd2ae0ead16f43d,PCA Reconstruction,simulated_actual_payout_year_over_year_growth,0.33953009526361044
obs_5fd2ae0ead16f43d,PCA Reconstruction,simulated_actual_payout_lag_12,0.2792015197934492
obs_c5c3225cad924e3c,PCA Reconstruction,distributor_mix_change,0.39744321762607177
obs_c5c3225cad924e3c,PCA Reconstruction,distributor_concentration,0.33900554538437055
obs_c5c3225cad924e3c,PCA Reconstruction,product_class_share,0.23490904129642792
obs_ba4615ca68392dff,PCA Reconstruction,average_price,0.6638302343920467
obs_ba4615ca68392dff,PCA Reconstruction,distributor_mix_change,0.4359687751886982
obs_ba4615ca68392dff,PCA Reconstruction,median_price,0.37139683442991783
obs_3d2619e0bcd8352e,PCA Reconstruction,distributor_concentration,1.0663406529542003
obs_3d2619e0bcd8352e,PCA Reconstruction,product_mix_change,0.9880777622621539
obs_3d2619e0bcd8352e,PCA Reconstruction,distributor_mix_change,0.7232003135405608
obs_7216f335bda97895,PCA Reconstruction,distributor_mix_change,2.2678477741531085
obs_7216f335bda97895,PCA Reconstruction,distinct_products,0.7842374790334454
obs_7216f335bda97895,PCA Reconstruction,product_mix_change,0.6232305801146208
obs_73bc6665a6add3d8,PCA Reconstruction,product_breadth_change,0.9978882981796182
obs_73bc6665a6add3d8,PCA Reconstruction,total_quantity_peer_median,0.8022172798616998
obs_73bc6665a6add3d8,PCA Reconstruction,total_sales_peer_country_product_class_relative,0.5804752178238085
obs_7b1d41c62eee039c,PCA Reconstruction,distributor_mix_change,1.8793647969283012
obs_7b1d41c62eee039c,PCA Reconstruction,product_concentration,0.7597604638698144
obs_7b1d41c62eee039c,PCA Reconstruction,country_mix,0.7502066837447009
obs_11c45d0687f2ab7e,PCA Reconstruction,simulated_actual_payout_lag_12,0.9515583052222504
obs_11c45d0687f2ab7e,PCA Reconstruction,distinct_customers_team_relative,0.8436640604787405
obs_11c45d0687f2ab7e,PCA Reconstruction,distributor_mix_change,0.8207083915496476
obs_5c20b3dd6cbeed3e,PCA Reconstruction,new_customers,1.450388476937694
obs_5c20b3dd6cbeed3e,PCA Reconstruction,distributor_mix_change,1.3438799389545235
obs_5c20b3dd6cbeed3e,PCA Reconstruction,product_breadth_change,0.4124357275962583
obs_83cbe38d645eaa7b,PCA Reconstruction,new_customers,0.5963139969740812
obs_83cbe38d645eaa7b,PCA Reconstruction,average_price,0.399757434152326
obs_83cbe38d645eaa7b,PCA Reconstruction,simulated_actual_payout_lag_3,0.3363334596459581
obs_9c7437eb4c478fc9,PCA Reconstruction,distributor_concentration,2.7565110192612243
obs_9c7437eb4c478fc9,PCA Reconstruction,simulated_actual_payout_peer_median,1.9239521349910131
obs_9c7437eb4c478fc9,PCA Reconstruction,distributor_count,1.3826893428127935
obs_6be2b26857aa2441,PCA Reconstruction,new_customers,7.636954117882782
obs_6be2b26857aa2441,PCA Reconstruction,simulated_actual_payout_peer_median,3.340582906455901
obs_6be2b26857aa2441,PCA Reconstruction,distinct_customers_rolling_std,1.836340420638937
obs_08605942ae2f08e9,PCA Reconstruction,simulated_actual_payout_peer_median,1.9210160095113153
obs_08605942ae2f08e9,PCA Reconstruction,new_customers,1.7085885568299584
obs_08605942ae2f08e9,PCA Reconstruction,distinct_customers_lag_2,1.4346379672801994
obs_94a7d64759033a11,PCA Reconstruction,new_customers,3.882582772486178
obs_94a7d64759033a11,PCA Reconstruction,distributor_mix_change,2.8103225081167715
obs_94a7d64759033a11,PCA Reconstruction,distinct_customers_rolling_std,1.59775988747223
obs_4bdf25bfc511bc04,PCA Reconstruction,distributor_count,0.5438376110147565
obs_4bdf25bfc511bc04,PCA Reconstruction,total_quantity_peer_median,0.18552461465544595
obs_4bdf25bfc511bc04,PCA Reconstruction,subchannel_mix,0.17145136059965987
obs_df4a590003964a49,PCA Reconstruction,distributor_count,0.7289908005386061
obs_df4a590003964a49,PCA Reconstruction,total_quantity_rolling_mean_6,0.432614540626195
obs_df4a590003964a49,PCA Reconstruction,average_price,0.4052200149768212
obs_737762458ee1173d,PCA Reconstruction,distinct_customers_rolling_std,1.4230321705469695
obs_737762458ee1173d,PCA Reconstruction,product_breadth_change,1.0422581003735032
obs_737762458ee1173d,PCA Reconstruction,total_quantity_rolling_median,0.5019007131657923
obs_0ee2bb6350ce0d55,PCA Reconstruction,total_quantity_lag_2,0.6085319214741614
obs_0ee2bb6350ce0d55,PCA Reconstruction,rank_change,0.5413285100305087
obs_0ee2bb6350ce0d55,PCA Reconstruction,total_sales_rolling_median,0.3799095373415384
obs_e42f647bfaae561b,PCA Reconstruction,distributor_concentration,0.5009878852174006
obs_e42f647bfaae561b,PCA Reconstruction,rank_change,0.39500236119441245
obs_e42f647bfaae561b,PCA Reconstruction,total_sales_peer_percentile,0.3803760731926716
obs_fe45b3727f588964,PCA Reconstruction,product_class_share,1.2256859380432814
obs_fe45b3727f588964,PCA Reconstruction,total_sales_history_deviation,0.46036874221742846
obs_fe45b3727f588964,PCA Reconstruction,representative_rank,0.42071019261241155
obs_fd6311aea139b9cf,PCA Reconstruction,distributor_mix_change,1.0143681675436518
obs_fd6311aea139b9cf,PCA Reconstruction,total_sales_history_deviation,0.3803251639748408
obs_fd6311aea139b9cf,PCA Reconstruction,product_breadth_change,0.25736684201866733
obs_959cf626cf8b0281,PCA Reconstruction,product_breadth_change,0.6421977325539873
obs_959cf626cf8b0281,PCA Reconstruction,product_mix_change,0.26703548184888787
obs_959cf626cf8b0281,PCA Reconstruction,distinct_customers_peer_percentile,0.15989915019845824
obs_cb5961c34b34f824,PCA Reconstruction,product_breadth_change,0.7176567239079343
obs_cb5961c34b34f824,PCA Reconstruction,product_mix_change,0.5256783788251802
obs_cb5961c34b34f824,PCA Reconstruction,distinct_customers_lag_2,0.3283793044556244
obs_1535a94daa9bce14,PCA Reconstruction,product_breadth_change,1.508667429479815
obs_1535a94daa9bce14,PCA Reconstruction,product_class_share,0.3589503587063075
obs_1535a94daa9bce14,PCA Reconstruction,simulated_actual_payout_peer_median,0.25192850944428896
obs_91c31b8ff6f47940,PCA Reconstruction,product_mix_change,5.812002875302147
obs_91c31b8ff6f47940,PCA Reconstruction,distributor_mix_change,0.975821097499114
obs_91c31b8ff6f47940,PCA Reconstruction,distinct_customers_rolling_MAD,0.5986441938351609
obs_047509cc32370e7d,PCA Reconstruction,product_breadth_change,0.6390444413780356
obs_047509cc32370e7d,PCA Reconstruction,distinct_products,0.4830103486580157
obs_047509cc32370e7d,PCA Reconstruction,simulated_actual_payout_peer_percentile,0.4257681218174986
obs_d067341622c2be58,PCA Reconstruction,product_breadth_change,1.451285346799202
obs_d067341622c2be58,PCA Reconstruction,distributor_mix_change,0.9743619211760262
obs_d067341622c2be58,PCA Reconstruction,simulated_actual_payout_peer_median,0.3310351849937475
obs_69def97dfb457caf,PCA Reconstruction,product_mix_change,0.4189843650176491
obs_69def97dfb457caf,PCA Reconstruction,country_mix,0.30646976664287195
obs_69def97dfb457caf,PCA Reconstruction,distributor_count,0.2887976830721618
obs_26a847b1d4497868,PCA Reconstruction,country_mix,0.48496908133630023
obs_26a847b1d4497868,PCA Reconstruction,product_breadth_change,0.18586702034051325
obs_26a847b1d4497868,PCA Reconstruction,rank_change,0.15716395945697395
obs_c64b17f78af3fc20,PCA Reconstruction,subchannel_mix,0.9672263463476951
obs_c64b17f78af3fc20,PCA Reconstruction,product_mix_change,0.6137575900451577
obs_c64b17f78af3fc20,PCA Reconstruction,total_quantity_peer_percentile,0.5057343875909663
obs_912a45deec5c9877,PCA Reconstruction,total_quantity_peer_percentile,0.2414805023591873
obs_912a45deec5c9877,PCA Reconstruction,simulated_actual_payout_lag_12,0.1862398979493488
obs_912a45deec5c9877,PCA Reconstruction,simulated_actual_payout_peer_percentile,0.1843642295652928
obs_f86621dad8423568,PCA Reconstruction,product_mix_change,0.30553467761140896
obs_f86621dad8423568,PCA Reconstruction,simulated_actual_payout_peer_percentile,0.2912592214042469
obs_f86621dad8423568,PCA Reconstruction,distinct_customers_peer_percentile,0.26711360734957856
obs_21eccc1a36ef728f,PCA Reconstruction,distributor_concentration,1.5773785577692812
obs_21eccc1a36ef728f,PCA Reconstruction,simulated_actual_payout_lag_12,0.8284609424854376
obs_21eccc1a36ef728f,PCA Reconstruction,total_quantity_peer_z,0.6315866612265943
obs_cf88aeb5ef9c08d1,PCA Reconstruction,distributor_mix_change,0.7095809879209493
obs_cf88aeb5ef9c08d1,PCA Reconstruction,total_quantity_peer_z,0.538089486330023
obs_cf88aeb5ef9c08d1,PCA Reconstruction,customer_loss_rate,0.42315076718996464
obs_abde4f835ce4cb5a,PCA Reconstruction,new_customers,0.934826874916088
obs_abde4f835ce4cb5a,PCA Reconstruction,distinct_customers_peer_country_product_class_relative,0.680928537675319
obs_abde4f835ce4cb5a,PCA Reconstruction,distinct_customers_product_class_relative,0.6344215289524164
obs_3b182b15539aec0a,PCA Reconstruction,new_customers,1.1856400237087295
obs_3b182b15539aec0a,PCA Reconstruction,distinct_customers_team_relative,0.6910861963272742
obs_3b182b15539aec0a,PCA Reconstruction,distinct_products,0.45171435121231657
obs_944c60e265db1b64,PCA Reconstruction,distributor_mix_change,1.072974658398142
obs_944c60e265db1b64,PCA Reconstruction,distinct_customers_team_relative,1.0657729385674815
obs_944c60e265db1b64,PCA Reconstruction,customer_loss_rate,0.772560769794542
obs_9ca10903a999c6d7,PCA Reconstruction,new_customers,2.1404476784666446
obs_9ca10903a999c6d7,PCA Reconstruction,product_breadth_change,0.8547296871402915
obs_9ca10903a999c6d7,PCA Reconstruction,distinct_customers_rolling_MAD,0.527602364208107
obs_5327c3840f4cea12,PCA Reconstruction,distributor_count,1.9204002255228811
obs_5327c3840f4cea12,PCA Reconstruction,new_customers,1.3885402384145675
obs_5327c3840f4cea12,PCA Reconstruction,distinct_customers_rolling_std,1.2197364472626901
obs_c48289e0bca93184,PCA Reconstruction,new_customers,3.196056454908406
obs_c48289e0bca93184,PCA Reconstruction,simulated_actual_payout_peer_median,2.583520151322276
obs_c48289e0bca93184,PCA Reconstruction,distinct_customers_rolling_std,1.4220801040453739
obs_51f13243c9343e52,PCA Reconstruction,new_customers,10.091216747755384
obs_51f13243c9343e52,PCA Reconstruction,simulated_actual_payout_peer_median,2.985198282874125
obs_51f13243c9343e52,PCA Reconstruction,distinct_customers_rolling_std,1.7497999566053661
obs_8e9ea3ff8597b66e,PCA Reconstruction,new_customers,4.330703766484976
obs_8e9ea3ff8597b66e,PCA Reconstruction,distinct_customers_rolling_std,4.052704850169354
obs_8e9ea3ff8597b66e,PCA Reconstruction,distributor_count,1.230643509364523
obs_4b5741ed50ba64eb,PCA Reconstruction,distinct_customers_team_relative,0.26194276097762514
obs_4b5741ed50ba64eb,PCA Reconstruction,total_quantity_peer_percentile,0.22219371000198562
obs_4b5741ed50ba64eb,PCA Reconstruction,total_quantity_history_deviation,0.18222629096223295
obs_ff161deeacca9cba,PCA Reconstruction,simulated_actual_payout_peer_median,0.859638670491787
obs_ff161deeacca9cba,PCA Reconstruction,total_quantity_history_deviation,0.35621353727726457
obs_ff161deeacca9cba,PCA Reconstruction,total_quantity_rolling_mean_6,0.3515857012426828
obs_96f4af0799efbbc0,PCA Reconstruction,distinct_customers_rolling_std,5.979696252844592
obs_96f4af0799efbbc0,PCA Reconstruction,total_quantity_rolling_std,0.7587679397784791
obs_96f4af0799efbbc0,PCA Reconstruction,distributor_mix_change,0.6542741210807729
obs_9ea2069f2f280202,PCA Reconstruction,distinct_customers_rolling_std,0.9892636641798621
obs_9ea2069f2f280202,PCA Reconstruction,total_sales_peer_z,0.4826266878185674
obs_9ea2069f2f280202,PCA Reconstruction,distributor_count,0.44246532989700843
obs_684cebe21c44031c,PCA Reconstruction,distinct_customers_rolling_std,0.71718455843247
obs_684cebe21c44031c,PCA Reconstruction,customer_loss_rate,0.4745392116148429
obs_684cebe21c44031c,PCA Reconstruction,total_quantity_peer_percentile,0.38636544418918134
obs_d6747d3fed5fe293,PCA Reconstruction,simulated_actual_payout_history_deviation,2.1478189218737738
obs_d6747d3fed5fe293,PCA Reconstruction,simulated_actual_payout_rolling_MAD,1.0431530921331706
obs_d6747d3fed5fe293,PCA Reconstruction,distributor_count,0.5493637282652997
obs_ae527233d11b8c58,PCA Reconstruction,product_breadth_change,0.27946305914924713
obs_ae527233d11b8c58,PCA Reconstruction,distinct_customers_peer_percentile,0.19769740317849727
obs_ae527233d11b8c58,PCA Reconstruction,total_sales_peer_median,0.18238861535959044
obs_e0aa7af3118372d2,PCA Reconstruction,product_class_share,0.4646840233169618
obs_e0aa7af3118372d2,PCA Reconstruction,distributor_count,0.4209636343651077
obs_e0aa7af3118372d2,PCA Reconstruction,new_customers,0.17074156145181515
obs_0229e81d5958fde5,PCA Reconstruction,distributor_mix_change,0.6907647961669727
obs_0229e81d5958fde5,PCA Reconstruction,product_class_share,0.2728512099372326
obs_0229e81d5958fde5,PCA Reconstruction,total_quantity_history_deviation,0.24369073373090216
obs_cad1ebb4b0087903,PCA Reconstruction,distinct_customers_peer_percentile,0.2958274493080384
obs_cad1ebb4b0087903,PCA Reconstruction,distinct_customers_peer_country_product_class_relative,0.24077492214208915
obs_cad1ebb4b0087903,PCA Reconstruction,distinct_customers_product_class_relative,0.22919814970525887
obs_29b4c5dcc875026b,PCA Reconstruction,total_sales_peer_median,0.6694839594384038
obs_29b4c5dcc875026b,PCA Reconstruction,total_sales_history_deviation,0.54714086165188
obs_29b4c5dcc875026b,PCA Reconstruction,total_quantity_peer_median,0.546754622570333
obs_8c7da68229dfd4dd,PCA Reconstruction,product_breadth_change,0.2527262577098333
obs_8c7da68229dfd4dd,PCA Reconstruction,distributor_concentration,0.24257312799815084
obs_8c7da68229dfd4dd,PCA Reconstruction,simulated_actual_payout_history_deviation,0.22151204250817316
obs_c55be8b0c5d1aa36,PCA Reconstruction,distributor_concentration,0.5426531166461278
obs_c55be8b0c5d1aa36,PCA Reconstruction,simulated_actual_payout_lag_12,0.49365350656338897
obs_c55be8b0c5d1aa36,PCA Reconstruction,total_quantity_lag_2,0.47475884003759794
obs_856d745d7b285dd5,PCA Reconstruction,simulated_actual_payout_lag_12,0.5920797511430475
obs_856d745d7b285dd5,PCA Reconstruction,total_sales_lag_12,0.44389496855438276
obs_856d745d7b285dd5,PCA Reconstruction,simulated_actual_payout_year_over_year_growth,0.377579570638922
obs_c680775d3c45bb03,PCA Reconstruction,product_mix_change,0.39454289861771163
obs_c680775d3c45bb03,PCA Reconstruction,distributor_mix_change,0.29134187069908307
obs_c680775d3c45bb03,PCA Reconstruction,total_quantity_history_deviation,0.22460155907581417
obs_ee269b31b2258a76,PCA Reconstruction,simulated_actual_payout_peer_z,0.830108436875458
obs_ee269b31b2258a76,PCA Reconstruction,product_class_share,0.601537143953064
obs_ee269b31b2258a76,PCA Reconstruction,total_sales_peer_z,0.5200320534339963
obs_bcb97222de1e5531,PCA Reconstruction,total_quantity_rolling_std,0.57610191961492
obs_bcb97222de1e5531,PCA Reconstruction,total_sales_trend,0.39458977157186165
obs_bcb97222de1e5531,PCA Reconstruction,total_quantity_trend,0.33568684264987714
obs_b89117199cbaf8fe,PCA Reconstruction,simulated_actual_payout_peer_median,0.9180063617954409
obs_b89117199cbaf8fe,PCA Reconstruction,total_sales_peer_z,0.8481113186626249
obs_b89117199cbaf8fe,PCA Reconstruction,total_sales_rolling_std,0.6685847034148011
obs_e7efc862635bfca3,PCA Reconstruction,product_class_share,0.7183000856127387
obs_e7efc862635bfca3,PCA Reconstruction,new_customers,0.6350383329613646
obs_e7efc862635bfca3,PCA Reconstruction,total_quantity_trend,0.47858818123335506
obs_157d22d466b324c7,PCA Reconstruction,total_quantity_year_over_year_growth,0.8556505472926541
obs_157d22d466b324c7,PCA Reconstruction,new_customers,0.781913543234363
obs_157d22d466b324c7,PCA Reconstruction,distributor_mix_change,0.7386101506239335
obs_c4b4fb806e71be32,PCA Reconstruction,new_customers,2.370518315307965
obs_c4b4fb806e71be32,PCA Reconstruction,simulated_actual_payout_lag_12,0.6029591470167135
obs_c4b4fb806e71be32,PCA Reconstruction,total_quantity_rolling_std,0.5206566852519734
obs_ee02843b8d5b905f,PCA Reconstruction,new_customers,1.3267081991140959
obs_ee02843b8d5b905f,PCA Reconstruction,distinct_customers_rolling_std,1.262650117214626
obs_ee02843b8d5b905f,PCA Reconstruction,distributor_mix_change,1.051702445860349
obs_936198b6db928724,PCA Reconstruction,new_customers,4.135436511798173
obs_936198b6db928724,PCA Reconstruction,distinct_customers_team_relative,0.7245832479133937
obs_936198b6db928724,PCA Reconstruction,customer_loss_rate,0.5080959759055075
obs_632a94bba6e0c262,PCA Reconstruction,new_customers,1.757280841596084
obs_632a94bba6e0c262,PCA Reconstruction,total_quantity_rolling_std,0.7742488348103398
obs_632a94bba6e0c262,PCA Reconstruction,distributor_mix_change,0.7437543148706944
obs_f11ed02c849df06f,PCA Reconstruction,new_customers,8.259591459206856
obs_f11ed02c849df06f,PCA Reconstruction,distinct_customers_history_deviation,1.261141712207168
obs_f11ed02c849df06f,PCA Reconstruction,distributor_count,1.0052587864103144
obs_33372ad63a7d545f,PCA Reconstruction,new_customers,4.221054008137358
obs_33372ad63a7d545f,PCA Reconstruction,distinct_customers_rolling_std,1.8549164630986288
obs_33372ad63a7d545f,PCA Reconstruction,product_breadth_change,1.6828805726445661
obs_6658ec4b6b16eb6f,PCA Reconstruction,new_customers,6.158346899933703
obs_6658ec4b6b16eb6f,PCA Reconstruction,distributor_count,2.7572243196260233
obs_6658ec4b6b16eb6f,PCA Reconstruction,distinct_customers_rolling_std,2.019035767090162
obs_8fc1c60a30ed360f,PCA Reconstruction,new_customers,3.8901134835684226
obs_8fc1c60a30ed360f,PCA Reconstruction,distinct_customers_rolling_std,2.4426749716478593
obs_8fc1c60a30ed360f,PCA Reconstruction,simulated_actual_payout_peer_median,1.0888226739739337
obs_7cd9291ab9e23889,PCA Reconstruction,total_quantity_peer_country_product_class_relative,0.42678680240528016
obs_7cd9291ab9e23889,PCA Reconstruction,total_quantity_product_class_relative,0.422175934663564
obs_7cd9291ab9e23889,PCA Reconstruction,total_quantity_rolling_median,0.30330855928410705
obs_35014e9dd1664d42,PCA Reconstruction,total_quantity_rolling_mean_6,1.068747418241484
obs_35014e9dd1664d42,PCA Reconstruction,simulated_actual_payout_rolling_MAD,0.5834825219642623
obs_35014e9dd1664d42,PCA Reconstruction,simulated_actual_payout_lag_3,0.5140101913328295
obs_e67ea1210406939c,PCA Reconstruction,distributor_count,1.2674445809298558
obs_e67ea1210406939c,PCA Reconstruction,total_quantity_history_deviation,0.5744929377713693
obs_e67ea1210406939c,PCA Reconstruction,total_quantity,0.538526698961036
obs_b1ccbb453e9c0135,PCA Reconstruction,simulated_actual_payout_trend,0.7174693233210409
obs_b1ccbb453e9c0135,PCA Reconstruction,customer_loss_rate,0.6840159273299922
obs_b1ccbb453e9c0135,PCA Reconstruction,distributor_mix_change,0.5086195110802397
obs_2f39d6c9fe4e897e,PCA Reconstruction,subchannel_mix,0.5116993276509738
obs_2f39d6c9fe4e897e,PCA Reconstruction,distributor_mix_change,0.5064394397608694
obs_2f39d6c9fe4e897e,PCA Reconstruction,simulated_actual_payout_peer_percentile,0.38677756060678037
obs_934fef4e832aff1c,PCA Reconstruction,total_quantity_peer_percentile,1.188041390847958
obs_934fef4e832aff1c,PCA Reconstruction,customer_loss_rate,0.808148960308858
obs_934fef4e832aff1c,PCA Reconstruction,distributor_concentration,0.6107826689576087
obs_f98e680761efb923,PCA Reconstruction,simulated_actual_payout_peer_z,1.0346472044928545
obs_f98e680761efb923,PCA Reconstruction,product_mix_change,0.8069952661000386
obs_f98e680761efb923,PCA Reconstruction,total_quantity_lag_1,0.5765429259087325
obs_22e6af2dcecc25cf,PCA Reconstruction,total_quantity_lag_2,0.5287121428272703
obs_22e6af2dcecc25cf,PCA Reconstruction,total_quantity_rolling_mean_3,0.2899103010839041
obs_22e6af2dcecc25cf,PCA Reconstruction,total_sales_peer_percentile,0.2501848791542234
obs_b930465323cdf45f,PCA Reconstruction,subchannel_mix,0.5560516878838594
obs_b930465323cdf45f,PCA Reconstruction,channel_mix,0.4263266538780505
obs_b930465323cdf45f,PCA Reconstruction,distinct_customers_rolling_std,0.3876848914505681
obs_aff0d3b25f8b847b,PCA Reconstruction,customer_loss_rate,1.786131749017541
obs_aff0d3b25f8b847b,PCA Reconstruction,total_quantity_rolling_mean_3,0.5874010800999067
obs_aff0d3b25f8b847b,PCA Reconstruction,total_sales_rolling_mean_3,0.4422819071771912
obs_93c8a88af7e3824d,PCA Reconstruction,product_mix_change,4.838603789342592
obs_93c8a88af7e3824d,PCA Reconstruction,distributor_mix_change,1.270273159545811
obs_93c8a88af7e3824d,PCA Reconstruction,product_class_share,0.6615827095381351
obs_1f1b3fd393d99e28,PCA Reconstruction,product_breadth_change,0.8025831030153666
obs_1f1b3fd393d99e28,PCA Reconstruction,new_customers,0.5905439381082178
obs_1f1b3fd393d99e28,PCA Reconstruction,total_sales_peer_percentile,0.5525183195770095
obs_5c2e84244ceccaea,PCA Reconstruction,simulated_actual_payout_lag_12,1.16178254338036
obs_5c2e84244ceccaea,PCA Reconstruction,simulated_actual_payout_peer_median,0.46686225946121535
obs_5c2e84244ceccaea,PCA Reconstruction,distributor_mix_change,0.44123197630238087
obs_20d3d2a2e4e17f46,PCA Reconstruction,simulated_actual_payout_lag_12,0.4384631388942311
obs_20d3d2a2e4e17f46,PCA Reconstruction,representative_rank,0.33980429118535316
obs_20d3d2a2e4e17f46,PCA Reconstruction,simulated_actual_payout_year_over_year_growth,0.32030005255588706
obs_2dd788baad324c83,PCA Reconstruction,total_sales_lag_12,0.8407233091072195
obs_2dd788baad324c83,PCA Reconstruction,total_sales_year_over_year_growth,0.6455489394222949
obs_2dd788baad324c83,PCA Reconstruction,total_quantity_year_over_year_growth,0.6377750150568728
obs_1281ff9b7d79031c,PCA Reconstruction,distributor_mix_change,1.4966489956518314
obs_1281ff9b7d79031c,PCA Reconstruction,product_class_share,0.29103923269505294
obs_1281ff9b7d79031c,PCA Reconstruction,total_quantity_peer_z,0.18642997047209472
obs_2a7bc1113ffef823,PCA Reconstruction,distributor_mix_change,0.6376568533127858
obs_2a7bc1113ffef823,PCA Reconstruction,total_sales_peer_percentile,0.5127195449315005
obs_2a7bc1113ffef823,PCA Reconstruction,simulated_actual_payout_history_deviation,0.3988090663749752
obs_043ebf753eede07f,PCA Reconstruction,total_quantity_lag_12,0.9465455269883484
obs_043ebf753eede07f,PCA Reconstruction,simulated_actual_payout_lag_12,0.9434083176140886
obs_043ebf753eede07f,PCA Reconstruction,simulated_actual_payout_peer_median,0.8177940189150578
obs_80c63ffe914d53d1,PCA Reconstruction,simulated_actual_payout_year_over_year_growth,0.9637062581453913
obs_80c63ffe914d53d1,PCA Reconstruction,distinct_customers_team_relative,0.7177835907651842
obs_80c63ffe914d53d1,PCA Reconstruction,distributor_mix_change,0.6378947962164557
obs_b561b25e5070268d,PCA Reconstruction,new_customers,0.783940938495996
obs_b561b25e5070268d,PCA Reconstruction,distinct_customers_team_relative,0.72400333164236
obs_b561b25e5070268d,PCA Reconstruction,distributor_mix_change,0.6792024697483003
obs_e73d82a12c2c46af,PCA Reconstruction,country_mix,0.6081193384182351
obs_e73d82a12c2c46af,PCA Reconstruction,distinct_customers_team_relative,0.33583629397679304
obs_e73d82a12c2c46af,PCA Reconstruction,product_class_share,0.27093477451055764
obs_2321a847c7af5a11,PCA Reconstruction,distinct_customers_rolling_std,0.9275786544567949
obs_2321a847c7af5a11,PCA Reconstruction,new_customers,0.9178988307443312
obs_2321a847c7af5a11,PCA Reconstruction,distinct_products,0.3399838933354716
obs_66a3a3e725623d23,PCA Reconstruction,new_customers,2.4557485277399675
obs_66a3a3e725623d23,PCA Reconstruction,distributor_mix_change,1.5337737298191256
obs_66a3a3e725623d23,PCA Reconstruction,distinct_customers_team_relative,0.8240873674030552
obs_a64442afd0c679c5,PCA Reconstruction,new_customers,2.6515861281545474
obs_a64442afd0c679c5,PCA Reconstruction,distributor_mix_change,1.0673637877409061
obs_a64442afd0c679c5,PCA Reconstruction,distinct_customers_lag_2,0.5650636488126621
obs_08e3ffcfe50579d8,PCA Reconstruction,distributor_count,1.069358006621747
obs_08e3ffcfe50579d8,PCA Reconstruction,simulated_actual_payout_peer_median,0.7415152214984118
obs_08e3ffcfe50579d8,PCA Reconstruction,new_customers,0.7222460941196702
obs_d46736be5597657e,PCA Reconstruction,new_customers,4.206255319897599
obs_d46736be5597657e,PCA Reconstruction,simulated_actual_payout_peer_median,2.3798526054274296
obs_d46736be5597657e,PCA Reconstruction,distributor_count,2.2579881511236257
obs_c5a8d498671eed1d,PCA Reconstruction,new_customers,7.24372545096414
obs_c5a8d498671eed1d,PCA Reconstruction,distinct_customers_rolling_std,2.4843007725256134
obs_c5a8d498671eed1d,PCA Reconstruction,distinct_customers_lag_2,2.1925916665742813
obs_902988302cf00c77,PCA Reconstruction,new_customers,15.935182491394857
obs_902988302cf00c77,PCA Reconstruction,distinct_customers_rolling_std,2.742704974184953
obs_902988302cf00c77,PCA Reconstruction,simulated_actual_payout_rolling_std,1.0133012350265855
obs_d3f01262ad4045cd,PCA Reconstruction,distributor_concentration,0.5395520441283455
obs_d3f01262ad4045cd,PCA Reconstruction,dominant_product_share,0.1863956172501615
obs_d3f01262ad4045cd,PCA Reconstruction,customer_loss_rate,0.14840363393086714
obs_7b8ed877916254b4,PCA Reconstruction,total_sales_history_deviation,0.6012466743437717
obs_7b8ed877916254b4,PCA Reconstruction,total_quantity_history_deviation,0.5494495693115288
obs_7b8ed877916254b4,PCA Reconstruction,total_quantity,0.4955708186185496
obs_2a8b2584fb5642b5,PCA Reconstruction,distinct_customers_rolling_std,1.293051147910731
obs_2a8b2584fb5642b5,PCA Reconstruction,product_breadth_change,1.0391108980948007
obs_2a8b2584fb5642b5,PCA Reconstruction,total_quantity_lag_3,0.6979139343734903
obs_2f7c264d425def13,PCA Reconstruction,distinct_customers_rolling_std,0.43570599757611006
obs_2f7c264d425def13,PCA Reconstruction,subchannel_mix,0.4205840227776833
obs_2f7c264d425def13,PCA Reconstruction,channel_mix,0.2533189855172326
obs_b5c639f7cc222bb1,PCA Reconstruction,customer_loss_rate,1.051321953721781
obs_b5c639f7cc222bb1,PCA Reconstruction,product_mix_change,0.5327770253437382
obs_b5c639f7cc222bb1,PCA Reconstruction,simulated_payout_to_sales_ratio,0.3868532244473874
obs_147d84ddc706e3e6,PCA Reconstruction,customer_loss_rate,0.4472768692876266
obs_147d84ddc706e3e6,PCA Reconstruction,product_class_share,0.42880639772721396
obs_147d84ddc706e3e6,PCA Reconstruction,subchannel_mix,0.311092094888423
obs_02d90b7c36a77e71,PCA Reconstruction,simulated_actual_payout_rolling_MAD,0.2046148148178293
obs_02d90b7c36a77e71,PCA Reconstruction,total_sales_rolling_std,0.18421656272679068
obs_02d90b7c36a77e71,PCA Reconstruction,simulated_actual_payout_rolling_median,0.17671331842756016
obs_748765f00024da5c,PCA Reconstruction,simulated_actual_payout_history_deviation,1.5556652355494907
obs_748765f00024da5c,PCA Reconstruction,simulated_actual_payout_rolling_MAD,1.0488469889367626
obs_748765f00024da5c,PCA Reconstruction,product_mix_change,0.883646211949329
obs_c38319956cd44f75,PCA Reconstruction,simulated_actual_payout_history_deviation,2.4058976016027764
obs_c38319956cd44f75,PCA Reconstruction,simulated_actual_payout_rolling_MAD,0.754254385974042
obs_c38319956cd44f75,PCA Reconstruction,total_sales_history_deviation,0.5013324064686763
obs_dd3c9633e41e6035,PCA Reconstruction,customer_loss_rate,0.4067784593567593
obs_dd3c9633e41e6035,PCA Reconstruction,total_sales_team_relative,0.28921892916839836
obs_dd3c9633e41e6035,PCA Reconstruction,rank_change,0.23104975241150538
obs_bf974ba023a14a2a,PCA Reconstruction,product_breadth_change,0.40734824628532673
obs_bf974ba023a14a2a,PCA Reconstruction,total_quantity_peer_median,0.2774514007458355
obs_bf974ba023a14a2a,PCA Reconstruction,average_price,0.18089480639349562
obs_b737010e5a567cb0,PCA Reconstruction,rank_change,0.3702524102985845
obs_b737010e5a567cb0,PCA Reconstruction,dominant_product_share,0.3370620101408701
obs_b737010e5a567cb0,PCA Reconstruction,total_quantity_acceleration,0.32379929910131533
obs_4df3b3bce7e94fd9,PCA Reconstruction,product_breadth_change,0.2643483058845253
obs_4df3b3bce7e94fd9,PCA Reconstruction,total_quantity_lag_2,0.2492335332699627
obs_4df3b3bce7e94fd9,PCA Reconstruction,distributor_mix_change,0.2476901244027117
obs_646b38202b90e7f4,PCA Reconstruction,country_mix,0.4915399041706192
obs_646b38202b90e7f4,PCA Reconstruction,customer_loss_rate,0.4756409202605358
obs_646b38202b90e7f4,PCA Reconstruction,total_sales_lag_12,0.4094370275501366
obs_4fa92ce6ce27c5b3,PCA Reconstruction,subchannel_mix,0.41734697597094267
obs_4fa92ce6ce27c5b3,PCA Reconstruction,product_breadth_change,0.40356540816734193
obs_4fa92ce6ce27c5b3,PCA Reconstruction,simulated_actual_payout_year_over_year_growth,0.30525009162581407
obs_148589c47958c750,PCA Reconstruction,country_mix,0.19930815305360494
obs_148589c47958c750,PCA Reconstruction,total_quantity_peer_percentile,0.16263854006512476
obs_148589c47958c750,PCA Reconstruction,total_quantity_history_deviation,0.10625196192562224
obs_df5e49cf0f6ccd0f,PCA Reconstruction,product_breadth_change,0.5928508156960035
obs_df5e49cf0f6ccd0f,PCA Reconstruction,total_quantity_lag_1,0.2168912436036143
obs_df5e49cf0f6ccd0f,PCA Reconstruction,distributor_mix_change,0.15557725545814852
obs_142930539284638f,PCA Reconstruction,total_quantity_lag_2,0.6439884430235179
obs_142930539284638f,PCA Reconstruction,distributor_concentration,0.4578122198729208
obs_142930539284638f,PCA Reconstruction,product_breadth_change,0.3922068893950239
obs_5d8aea770b79e5ec,PCA Reconstruction,distributor_concentration,1.352117940397673
obs_5d8aea770b79e5ec,PCA Reconstruction,distributor_mix_change,1.0466414227042755
obs_5d8aea770b79e5ec,PCA Reconstruction,new_customers,0.8357702741695547
obs_280bd9281188dddf,PCA Reconstruction,simulated_actual_payout_peer_median,0.6663035921688052
obs_280bd9281188dddf,PCA Reconstruction,new_customers,0.5711149282125885
obs_280bd9281188dddf,PCA Reconstruction,simulated_actual_payout_lag_12,0.5637088989713455
obs_c6b0474c323eb704,PCA Reconstruction,new_customers,1.166974295027821
obs_c6b0474c323eb704,PCA Reconstruction,product_class_share,0.7562463154650068
obs_c6b0474c323eb704,PCA Reconstruction,distributor_mix_change,0.6278713881294065
obs_bd593f383b0e6676,PCA Reconstruction,simulated_actual_payout_year_over_year_growth,0.9444916588532438
obs_bd593f383b0e6676,PCA Reconstruction,total_sales_rolling_median,0.7574699011647452
obs_bd593f383b0e6676,PCA Reconstruction,distributor_concentration,0.7099465483287916
obs_03d9d98392f40653,PCA Reconstruction,distributor_mix_change,5.038037088299978
obs_03d9d98392f40653,PCA Reconstruction,new_customers,3.207138946197826
obs_03d9d98392f40653,PCA Reconstruction,simulated_actual_payout_year_over_year_growth,0.5375079598538024
obs_2f8eb50592cf1dcd,PCA Reconstruction,new_customers,4.121745789264563
obs_2f8eb50592cf1dcd,PCA Reconstruction,distinct_customers_trend,0.626567538119058
obs_2f8eb50592cf1dcd,PCA Reconstruction,product_breadth_change,0.5741857978744634
obs_b1b7fef11e1d4dc9,PCA Reconstruction,distributor_count,1.8438057230888847
obs_b1b7fef11e1d4dc9,PCA Reconstruction,total_quantity_peer_median,1.4084713354529717
obs_b1b7fef11e1d4dc9,PCA Reconstruction,new_customers,0.7240197072956205
obs_3f0ccaf0362e81e1,PCA Reconstruction,simulated_actual_payout_peer_median,3.6318860290314112
obs_3f0ccaf0362e81e1,PCA Reconstruction,new_customers,1.6715435238983134
obs_3f0ccaf0362e81e1,PCA Reconstruction,distributor_mix_change,1.5721951119036672
obs_544e87c9754de2a1,PCA Reconstruction,new_customers,4.584550102324991
obs_544e87c9754de2a1,PCA Reconstruction,distributor_count,2.084930660902804
obs_544e87c9754de2a1,PCA Reconstruction,total_quantity_lag_3,1.140299036289347
obs_1e7998d0440ce97f,PCA Reconstruction,new_customers,4.216258412471586
obs_1e7998d0440ce97f,PCA Reconstruction,distinct_customers_rolling_std,0.8824230862432366
obs_1e7998d0440ce97f,PCA Reconstruction,distinct_customers_history_deviation,0.8282184375015326
obs_6e13fd082165ead9,PCA Reconstruction,distinct_products,0.4097511088177575
obs_6e13fd082165ead9,PCA Reconstruction,average_price,0.3042190265686535
obs_6e13fd082165ead9,PCA Reconstruction,distributor_concentration,0.25581599838808555
obs_9b97af6148b25f1a,PCA Reconstruction,product_breadth_change,2.0298121374974354
obs_9b97af6148b25f1a,PCA Reconstruction,distinct_customers_team_relative,0.63522418569184
obs_9b97af6148b25f1a,PCA Reconstruction,customer_loss_rate,0.31078758258902345
obs_f6eb93cbbf7375ff,PCA Reconstruction,total_sales_rolling_std,0.2880718521725341
obs_f6eb93cbbf7375ff,PCA Reconstruction,total_quantity_rolling_median,0.2394039457759538
obs_f6eb93cbbf7375ff,PCA Reconstruction,distinct_customers_trend,0.2154160094276438
obs_2bb90c5f64009fad,PCA Reconstruction,average_price,0.8244071495243454
obs_2bb90c5f64009fad,PCA Reconstruction,total_sales_history_deviation,0.7918117379381061
obs_2bb90c5f64009fad,PCA Reconstruction,simulated_actual_payout_history_deviation,0.6185523433190602
obs_a4e1978d459c3f78,PCA Reconstruction,product_breadth_change,1.4961072870305734
obs_a4e1978d459c3f78,PCA Reconstruction,customer_loss_rate,1.3156034408649628
obs_a4e1978d459c3f78,PCA Reconstruction,product_mix_change,0.8231400903764875
obs_36d9ce091d0620ff,PCA Reconstruction,product_mix_change,0.9655573952914307
obs_36d9ce091d0620ff,PCA Reconstruction,average_price,0.3143593598049391
obs_36d9ce091d0620ff,PCA Reconstruction,distributor_count,0.2811155705718476
obs_17f088e62032bc1a,PCA Reconstruction,distributor_mix_change,0.5157738062979701
obs_17f088e62032bc1a,PCA Reconstruction,average_price,0.23351078107072581
obs_17f088e62032bc1a,PCA Reconstruction,simulated_actual_payout_acceleration,0.22560534124392662
obs_907add980b3e9986,PCA Reconstruction,total_quantity_lag_2,0.55950537891655
obs_907add980b3e9986,PCA Reconstruction,distributor_count,0.4814974271207352
obs_907add980b3e9986,PCA Reconstruction,channel_mix,0.3226633618819245
obs_83db82e8e13f2f6e,PCA Reconstruction,distributor_count,0.6680471110774988
obs_83db82e8e13f2f6e,PCA Reconstruction,product_mix_change,0.4024984204766515
obs_83db82e8e13f2f6e,PCA Reconstruction,total_quantity_rolling_median,0.331481907793541
obs_dff1b66938b8f8cb,PCA Reconstruction,simulated_actual_payout_peer_z,0.689036179361131
obs_dff1b66938b8f8cb,PCA Reconstruction,total_sales_peer_percentile,0.656975567350182
obs_dff1b66938b8f8cb,PCA Reconstruction,product_mix_change,0.4433655560827033
obs_c3301c211f9b71cc,PCA Reconstruction,new_customers,0.3013308777944315
obs_c3301c211f9b71cc,PCA Reconstruction,distributor_mix_change,0.2736336083105541
obs_c3301c211f9b71cc,PCA Reconstruction,simulated_actual_payout_acceleration,0.25943872907164767
obs_062bad93b51845e8,PCA Reconstruction,total_quantity_rolling_std,0.284323677641691
obs_062bad93b51845e8,PCA Reconstruction,total_quantity_trend,0.2023505613773814
obs_062bad93b51845e8,PCA Reconstruction,distinct_customers_lag_2,0.18419744731061885
obs_780058a1c73c5452,PCA Reconstruction,distributor_mix_change,1.4498382140203856
obs_780058a1c73c5452,PCA Reconstruction,simulated_actual_payout_lag_12,0.5986208148115881
obs_780058a1c73c5452,PCA Reconstruction,distinct_customers_rolling_std,0.5579387696485948
obs_d73fe1615c68fdfc,PCA Reconstruction,product_breadth_change,0.31526953858380274
obs_d73fe1615c68fdfc,PCA Reconstruction,distinct_customers_rolling_std,0.2961197319415684
obs_d73fe1615c68fdfc,PCA Reconstruction,distributor_count,0.23667811922499796
obs_ce537d6fe6c5d260,PCA Reconstruction,simulated_actual_payout_rolling_median,0.729780483273366
obs_ce537d6fe6c5d260,PCA Reconstruction,distinct_customers_lag_2,0.7235307414548238
obs_ce537d6fe6c5d260,PCA Reconstruction,distinct_customers_rolling_MAD,0.6611033127000723
obs_6534540a6fb12523,PCA Reconstruction,total_sales_year_over_year_growth,0.7849493515411894
obs_6534540a6fb12523,PCA Reconstruction,simulated_actual_payout_history_deviation,0.7121756286387393
obs_6534540a6fb12523,PCA Reconstruction,country_mix,0.5170202444389884
obs_14541eefb04e6a1c,PCA Reconstruction,product_mix_change,0.5040119888275482
obs_14541eefb04e6a1c,PCA Reconstruction,simulated_target_attainment_pct,0.3800676439144435
obs_14541eefb04e6a1c,PCA Reconstruction,simulated_actual_payout_rolling_MAD,0.3338310324064342
obs_2e324c032723d014,PCA Reconstruction,total_sales_month_over_month_growth,1.3323837159349978
obs_2e324c032723d014,PCA Reconstruction,new_customers,0.41223616250138256
obs_2e324c032723d014,PCA Reconstruction,total_quantity_year_over_year_growth,0.3845648717008243
obs_ebe5b8bf5d5ad451,PCA Reconstruction,distributor_concentration,1.2941413829847612
obs_ebe5b8bf5d5ad451,PCA Reconstruction,total_sales_acceleration,1.082637254142727
obs_ebe5b8bf5d5ad451,PCA Reconstruction,new_customers,0.8401611895999556
obs_052848da90300067,PCA Reconstruction,total_sales_trend,1.1543199733582892
obs_052848da90300067,PCA Reconstruction,product_breadth_change,0.63035574821304
obs_052848da90300067,PCA Reconstruction,new_customers,0.584153430717707
obs_65a51d0317d5d6b6,PCA Reconstruction,simulated_actual_payout_lag_12,0.5614476864232363
obs_65a51d0317d5d6b6,PCA Reconstruction,product_class_share,0.555811582124326
obs_65a51d0317d5d6b6,PCA Reconstruction,distinct_customers_team_relative,0.5475092630504332
obs_b39eb0301781b477,PCA Reconstruction,distinct_customers_rolling_std,1.862285648627228
obs_b39eb0301781b477,PCA Reconstruction,new_customers,0.8717264630788983
obs_b39eb0301781b477,PCA Reconstruction,total_quantity_lag_2,0.7107281833402438
obs_87a8cb1c321eb328,PCA Reconstruction,new_customers,1.162209069728953
obs_87a8cb1c321eb328,PCA Reconstruction,distinct_customers_rolling_std,1.0634027922758373
obs_87a8cb1c321eb328,PCA Reconstruction,distributor_mix_change,0.8938379704909137
obs_b3e2742a6ccab663,PCA Reconstruction,distinct_customers_rolling_std,0.827959923819228
obs_b3e2742a6ccab663,PCA Reconstruction,distributor_count,0.6946872321282769
obs_b3e2742a6ccab663,PCA Reconstruction,distinct_customers_lag_2,0.5901702600535711
obs_97d0242a52bba266,PCA Reconstruction,new_customers,8.373863944600961
obs_97d0242a52bba266,PCA Reconstruction,distributor_count,1.2730820311355526
obs_97d0242a52bba266,PCA Reconstruction,total_quantity_lag_2,0.8833359155261479
obs_ef32f788a96725c8,PCA Reconstruction,new_customers,3.662007329280174
obs_ef32f788a96725c8,PCA Reconstruction,distinct_customers_rolling_std,1.5181272872888547
obs_ef32f788a96725c8,PCA Reconstruction,distributor_mix_change,1.3361545190519792
obs_e01f280f5f460ee7,PCA Reconstruction,new_customers,3.154765686683971
obs_e01f280f5f460ee7,PCA Reconstruction,product_breadth_change,2.931375061821305
obs_e01f280f5f460ee7,PCA Reconstruction,distributor_count,2.362827323404255
obs_e6d005d98582fb46,PCA Reconstruction,new_customers,6.670119939848939
obs_e6d005d98582fb46,PCA Reconstruction,distinct_customers_rolling_std,1.7127532254068196
obs_e6d005d98582fb46,PCA Reconstruction,distributor_mix_change,0.9309655959299694
obs_5c4929a697dbbdfe,PCA Reconstruction,distinct_products,0.3453273802535868
obs_5c4929a697dbbdfe,PCA Reconstruction,simulated_actual_payout_peer_median,0.3062878677410183
obs_5c4929a697dbbdfe,PCA Reconstruction,distinct_customers_history_deviation,0.22510955813741065
obs_16ad5f7ddf147b74,PCA Reconstruction,product_breadth_change,1.2885736098782268
obs_16ad5f7ddf147b74,PCA Reconstruction,distinct_customers_acceleration,0.8316755237882595
obs_16ad5f7ddf147b74,PCA Reconstruction,total_quantity_history_deviation,0.47717715939347677
obs_384a5033d3110712,PCA Reconstruction,distinct_customers_rolling_std,1.2979084776029728
obs_384a5033d3110712,PCA Reconstruction,total_sales_rolling_std,0.7614106699239127
obs_384a5033d3110712,PCA Reconstruction,distinct_customers_history_deviation,0.5996562313887874
obs_3e3926de8a10965d,PCA Reconstruction,product_mix_change,0.6605079609626764
obs_3e3926de8a10965d,PCA Reconstruction,distributor_mix_change,0.6365653661480967
obs_3e3926de8a10965d,PCA Reconstruction,distinct_customers_rolling_std,0.4142013541865239
obs_8d639df99c79a561,PCA Reconstruction,distinct_customers_rolling_std,0.4947573266345193
obs_8d639df99c79a561,PCA Reconstruction,total_quantity_peer_percentile,0.4544842477525758
obs_8d639df99c79a561,PCA Reconstruction,subchannel_mix,0.42410925291836105
obs_b372b06ae2e6a419,PCA Reconstruction,average_price,0.23333189414801747
obs_b372b06ae2e6a419,PCA Reconstruction,distinct_customers_history_deviation,0.2199857611537782
obs_b372b06ae2e6a419,PCA Reconstruction,median_price,0.21788320851207366
obs_98bbb26f2aeb5380,PCA Reconstruction,channel_mix,0.7840388466989957
obs_98bbb26f2aeb5380,PCA Reconstruction,subchannel_mix,0.6519449614951824
obs_98bbb26f2aeb5380,PCA Reconstruction,distinct_customers_history_deviation,0.36591497287359237
obs_4f0aafcd3b129198,PCA Reconstruction,distributor_mix_change,0.3619753489793521
obs_4f0aafcd3b129198,PCA Reconstruction,average_price,0.17671688431306076
obs_4f0aafcd3b129198,PCA Reconstruction,rank_change,0.16519382193714222
obs_60af4f1c0a28dc54,PCA Reconstruction,product_mix_change,0.3438604632711157
obs_60af4f1c0a28dc54,PCA Reconstruction,customer_loss_rate,0.2955381339913922
obs_60af4f1c0a28dc54,PCA Reconstruction,simulated_actual_payout_trend,0.2405762744876642
obs_e7e0599feffde74f,PCA Reconstruction,customer_loss_rate,0.5047566159980693
obs_e7e0599feffde74f,PCA Reconstruction,distributor_mix_change,0.30628583129992204
obs_e7e0599feffde74f,PCA Reconstruction,distributor_count,0.2385868774757266
obs_285b8a25ad929712,PCA Reconstruction,total_quantity_peer_median,0.249630556102196
obs_285b8a25ad929712,PCA Reconstruction,distinct_customers_history_deviation,0.2189932689387946
obs_285b8a25ad929712,PCA Reconstruction,channel_mix,0.2159587694402967
obs_e409e0b87cd6c57a,PCA Reconstruction,subchannel_mix,0.7604213490568974
obs_e409e0b87cd6c57a,PCA Reconstruction,distributor_mix_change,0.34968170053874204
obs_e409e0b87cd6c57a,PCA Reconstruction,median_price,0.30419140762675867
obs_4b01603ccbad5716,PCA Reconstruction,total_quantity_history_deviation,0.5023293830432776
obs_4b01603ccbad5716,PCA Reconstruction,average_price,0.47560068187816
obs_4b01603ccbad5716,PCA Reconstruction,distinct_customers_rolling_std,0.30588143556741443
obs_a3e184d42bede7e7,PCA Reconstruction,total_sales_lag_12,0.3929616260483643
obs_a3e184d42bede7e7,PCA Reconstruction,simulated_actual_payout_lag_2,0.33478509680581264
obs_a3e184d42bede7e7,PCA Reconstruction,simulated_actual_payout_year_over_year_growth,0.29118473628493513
obs_985d7b9ca766f221,PCA Reconstruction,simulated_actual_payout_lag_12,0.5221747630153197
obs_985d7b9ca766f221,PCA Reconstruction,distinct_customers_lag_2,0.515487906711198
obs_985d7b9ca766f221,PCA Reconstruction,distributor_mix_change,0.45180350388087864
obs_343e1fbf672a0a53,PCA Reconstruction,product_mix_change,0.4683529618969365
obs_343e1fbf672a0a53,PCA Reconstruction,distributor_count,0.3804950657070858
obs_343e1fbf672a0a53,PCA Reconstruction,simulated_actual_payout_trend,0.3733281284559232
obs_086e9144f8bbba1c,PCA Reconstruction,total_sales_year_over_year_growth,1.274380050286096
obs_086e9144f8bbba1c,PCA Reconstruction,simulated_actual_payout_year_over_year_growth,1.0592963335514827
obs_086e9144f8bbba1c,PCA Reconstruction,total_sales_lag_12,1.0361097927284295
obs_0b0bab2652c11fe0,PCA Reconstruction,product_breadth_change,1.1147200831375732
obs_0b0bab2652c11fe0,PCA Reconstruction,country_mix,0.5098523929564239
obs_0b0bab2652c11fe0,PCA Reconstruction,average_price,0.28677095734579194
obs_fb3c719b2d7a3038,PCA Reconstruction,simulated_actual_payout_peer_median,0.6418619821479685
obs_fb3c719b2d7a3038,PCA Reconstruction,new_customers,0.6317312988425543
obs_fb3c719b2d7a3038,PCA Reconstruction,distributor_mix_change,0.6284132118128145
obs_f3d3295a0ffa2297,PCA Reconstruction,country_mix,0.57601561955622
obs_f3d3295a0ffa2297,PCA Reconstruction,distinct_customers_team_relative,0.5479641813926097
obs_f3d3295a0ffa2297,PCA Reconstruction,simulated_actual_payout_acceleration,0.5098604734170163
obs_384517c9a0db6481,PCA Reconstruction,distinct_customers_team_relative,0.5926344783102308
obs_384517c9a0db6481,PCA Reconstruction,country_mix,0.5807569925330417
obs_384517c9a0db6481,PCA Reconstruction,product_breadth_change,0.573498507325747
obs_3bb7216504ef8629,PCA Reconstruction,new_customers,1.0015033851532318
obs_3bb7216504ef8629,PCA Reconstruction,simulated_payout_to_sales_ratio,0.9923953121003195
obs_3bb7216504ef8629,PCA Reconstruction,customer_loss_rate,0.8005759788852295
obs_ac208950ac875d7b,PCA Reconstruction,new_customers,3.034006315470881
obs_ac208950ac875d7b,PCA Reconstruction,average_price,0.5155449504803779
obs_ac208950ac875d7b,PCA Reconstruction,simulated_actual_payout_peer_percentile,0.498457792875075
obs_20c75b0c1c5d3c7d,PCA Reconstruction,new_customers,1.7042691953457383
obs_20c75b0c1c5d3c7d,PCA Reconstruction,distributor_mix_change,1.0566070771617329
obs_20c75b0c1c5d3c7d,PCA Reconstruction,distributor_count,0.7200550168209765
obs_17f53ec8367d9e62,PCA Reconstruction,distributor_count,2.3405754620057855
obs_17f53ec8367d9e62,PCA Reconstruction,product_class_share,1.6712791985380575
obs_17f53ec8367d9e62,PCA Reconstruction,simulated_actual_payout_year_over_year_growth,1.4915015993636946
obs_9967bf55d0b81cf9,PCA Reconstruction,simulated_actual_payout_peer_median,2.3649843283462357
obs_9967bf55d0b81cf9,PCA Reconstruction,distributor_concentration,1.481305317776489
obs_9967bf55d0b81cf9,PCA Reconstruction,product_concentration,1.368320567880671
obs_e24f5f74b36d7230,PCA Reconstruction,distributor_count,3.8016221935568066
obs_e24f5f74b36d7230,PCA Reconstruction,new_customers,2.334978120552468
obs_e24f5f74b36d7230,PCA Reconstruction,distinct_customers_lag_2,1.5170535206734457
obs_780a2f8eae014516,PCA Reconstruction,distributor_mix_change,3.004807588243649
obs_780a2f8eae014516,PCA Reconstruction,new_customers,1.6432839414103881
obs_780a2f8eae014516,PCA Reconstruction,simulated_actual_payout_peer_median,1.241082680700385
obs_59c7d31794f68754,PCA Reconstruction,subchannel_mix,0.48600784801063146
obs_59c7d31794f68754,PCA Reconstruction,product_class_share,0.45093554793721535
obs_59c7d31794f68754,PCA Reconstruction,channel_mix,0.3762596114944004
obs_c44addd8177a87e0,PCA Reconstruction,product_class_share,0.5469328038089376
obs_c44addd8177a87e0,PCA Reconstruction,subchannel_mix,0.40653118239516883
obs_c44addd8177a87e0,PCA Reconstruction,distributor_count,0.364036269869814
obs_d19aa9c60179ccbe,PCA Reconstruction,distinct_customers_rolling_std,0.585455655392172
obs_d19aa9c60179ccbe,PCA Reconstruction,distinct_products,0.29249209887454797
obs_d19aa9c60179ccbe,PCA Reconstruction,distributor_concentration,0.2321311117480252
obs_df28f7f597eefdf1,PCA Reconstruction,simulated_actual_payout_history_deviation,0.9261076972520569
obs_df28f7f597eefdf1,PCA Reconstruction,distributor_mix_change,0.9257027378461453
obs_df28f7f597eefdf1,PCA Reconstruction,total_sales_history_deviation,0.45809037167968175
obs_7ebd3a3ed2f5e1bc,PCA Reconstruction,simulated_actual_payout_peer_median,0.37726449302599036
obs_7ebd3a3ed2f5e1bc,PCA Reconstruction,distributor_mix_change,0.35870679177072773
obs_7ebd3a3ed2f5e1bc,PCA Reconstruction,distinct_customers_lag_2,0.25528429750294185
obs_719970dc4eb17e4c,PCA Reconstruction,total_quantity_lag_2,0.5238822271452896
obs_719970dc4eb17e4c,PCA Reconstruction,product_mix_change,0.22241623995779788
obs_719970dc4eb17e4c,PCA Reconstruction,distinct_products,0.19441391664014468
obs_4d55ec17f95a25c0,PCA Reconstruction,customer_loss_rate,0.4329924084922151
obs_4d55ec17f95a25c0,PCA Reconstruction,product_breadth_change,0.27383605126883054
obs_4d55ec17f95a25c0,PCA Reconstruction,simulated_payout_to_sales_ratio,0.15037099275349555
obs_8cc839ab27e58c58,PCA Reconstruction,product_breadth_change,0.47512416225005694
obs_8cc839ab27e58c58,PCA Reconstruction,total_sales_peer_median,0.26769861273356765
obs_8cc839ab27e58c58,PCA Reconstruction,total_quantity_peer_percentile,0.21344755103381607
obs_766866195c1e9dad,PCA Reconstruction,product_breadth_change,0.5509912023132687
obs_766866195c1e9dad,PCA Reconstruction,simulated_actual_payout_rolling_median,0.25483284904715225
obs_766866195c1e9dad,PCA Reconstruction,total_sales_month_over_month_growth,0.20372414299761718
obs_cab3309d22318b0c,PCA Reconstruction,product_breadth_change,0.5398297657072529
obs_cab3309d22318b0c,PCA Reconstruction,total_quantity_history_deviation,0.36253102223816414
obs_cab3309d22318b0c,PCA Reconstruction,total_sales_peer_percentile,0.2346715858604178
obs_9c7361113cb93f10,PCA Reconstruction,product_breadth_change,0.5050092344098007
obs_9c7361113cb93f10,PCA Reconstruction,distinct_customers_lag_2,0.3279367174847803
obs_9c7361113cb93f10,PCA Reconstruction,total_quantity_history_deviation,0.3193977444026177
obs_1970b262e4e4648b,PCA Reconstruction,simulated_actual_payout_acceleration,0.40476413438392805
obs_1970b262e4e4648b,PCA Reconstruction,simulated_actual_payout_trend,0.321477623093213
obs_1970b262e4e4648b,PCA Reconstruction,distributor_mix_change,0.28545571857340446
obs_49aadfdd1752bbba,PCA Reconstruction,simulated_actual_payout_lag_12,0.9604542256974251
obs_49aadfdd1752bbba,PCA Reconstruction,product_class_share,0.6539565248986884
obs_49aadfdd1752bbba,PCA Reconstruction,total_quantity_lag_2,0.49859035561926685
obs_2bd1432f147a9005,PCA Reconstruction,customer_loss_rate,0.22226673883369621
obs_2bd1432f147a9005,PCA Reconstruction,total_quantity_lag_3,0.19463211296189356
obs_2bd1432f147a9005,PCA Reconstruction,total_sales_year_over_year_growth,0.17596763647526362
obs_6189e656cd0d7f74,PCA Reconstruction,distributor_concentration,0.5390519475312306
obs_6189e656cd0d7f74,PCA Reconstruction,total_sales_history_deviation,0.3250878428213827
obs_6189e656cd0d7f74,PCA Reconstruction,product_mix_change,0.2788020815294485
obs_bcd0a51d0c87394e,PCA Reconstruction,product_breadth_change,0.511971649430258
obs_bcd0a51d0c87394e,PCA Reconstruction,product_class_share,0.40045948551851707
obs_bcd0a51d0c87394e,PCA Reconstruction,rank_change,0.3688739024148983
obs_d06a3a74960c6745,PCA Reconstruction,simulated_actual_payout_lag_12,1.114936614937164
obs_d06a3a74960c6745,PCA Reconstruction,product_breadth_change,0.8563834082015503
obs_d06a3a74960c6745,PCA Reconstruction,country_mix,0.5521074467417639
obs_7a1242795f867518,PCA Reconstruction,simulated_actual_payout_lag_12,0.46981713041851564
obs_7a1242795f867518,PCA Reconstruction,distributor_count,0.3545901811516316
obs_7a1242795f867518,PCA Reconstruction,simulated_actual_payout_history_deviation,0.31330919361548754
obs_3711f3e17bfef239,PCA Reconstruction,distributor_mix_change,1.2989192458192396
obs_3711f3e17bfef239,PCA Reconstruction,distributor_concentration,0.7189660331243144
obs_3711f3e17bfef239,PCA Reconstruction,distinct_customers_rolling_std,0.5972396618015701
obs_25d9ae24b9549e5f,PCA Reconstruction,distributor_mix_change,1.231594043130687
obs_25d9ae24b9549e5f,PCA Reconstruction,simulated_actual_payout_lag_12,1.1089389799938214
obs_25d9ae24b9549e5f,PCA Reconstruction,country_mix,0.7418085223145262
obs_faa6f16cc44cb549,PCA Reconstruction,distributor_mix_change,0.847345577551709
obs_faa6f16cc44cb549,PCA Reconstruction,simulated_actual_payout_rolling_MAD,0.6147570811775842
obs_faa6f16cc44cb549,PCA Reconstruction,simulated_actual_payout_history_deviation,0.601430599528574
obs_bb4ae453f0c97385,PCA Reconstruction,distributor_mix_change,0.5646593396270233
obs_bb4ae453f0c97385,PCA Reconstruction,simulated_actual_payout_lag_12,0.5084451483209426
obs_bb4ae453f0c97385,PCA Reconstruction,simulated_actual_payout_rolling_median,0.4745796403662494
obs_5e6619ebd95ab77d,PCA Reconstruction,new_customers,1.1003847285782202
obs_5e6619ebd95ab77d,PCA Reconstruction,distributor_concentration,0.7910406766254555
obs_5e6619ebd95ab77d,PCA Reconstruction,simulated_actual_payout_rolling_median,0.5970797406217543
obs_6eb49e7dd6fe56ba,PCA Reconstruction,product_breadth_change,0.8984490991698941
obs_6eb49e7dd6fe56ba,PCA Reconstruction,country_mix,0.6609150721255705
obs_6eb49e7dd6fe56ba,PCA Reconstruction,rank_change,0.4434689657002992
obs_b17f7244f4cf1790,PCA Reconstruction,new_customers,2.3759161220089062
obs_b17f7244f4cf1790,PCA Reconstruction,distributor_count,1.7608406329685284
obs_b17f7244f4cf1790,PCA Reconstruction,distributor_concentration,1.4926648718042856
obs_5412c0f05e9b9ddb,PCA Reconstruction,new_customers,4.884966849210936
obs_5412c0f05e9b9ddb,PCA Reconstruction,simulated_actual_payout_peer_median,1.7119952114953692
obs_5412c0f05e9b9ddb,PCA Reconstruction,product_breadth_change,1.7036341173176974
obs_2955b429d1e88562,PCA Reconstruction,distributor_count,3.0064967197508827
obs_2955b429d1e88562,PCA Reconstruction,new_customers,2.076391086441387
obs_2955b429d1e88562,PCA Reconstruction,simulated_actual_payout_peer_median,2.0668604104459214
obs_0602b94b7f772aca,PCA Reconstruction,distributor_mix_change,2.7333463550050996
obs_0602b94b7f772aca,PCA Reconstruction,distinct_customers_rolling_std,1.349146142718886
obs_0602b94b7f772aca,PCA Reconstruction,new_customers,1.2289644183468083
obs_3fef06f636736c87,PCA Reconstruction,distinct_customers_history_deviation,0.2866945331935455
obs_3fef06f636736c87,PCA Reconstruction,product_class_share,0.17953879370675616
obs_3fef06f636736c87,PCA Reconstruction,dominant_product_share,0.16454357476781356
obs_4bb757d351a70f08,PCA Reconstruction,customer_loss_rate,0.4975063848449019
obs_4bb757d351a70f08,PCA Reconstruction,distributor_mix_change,0.4109344843657416
obs_4bb757d351a70f08,PCA Reconstruction,distinct_customers_rolling_mean_6,0.3530622997518067
obs_b2fae231c46d3473,PCA Reconstruction,total_sales_rolling_std,0.8122048978858415
obs_b2fae231c46d3473,PCA Reconstruction,total_quantity_rolling_std,0.6077044799248997
obs_b2fae231c46d3473,PCA Reconstruction,distributor_mix_change,0.42332147078628857
obs_f2747becabf0296c,PCA Reconstruction,distributor_count,0.336296321191401
obs_f2747becabf0296c,PCA Reconstruction,simulated_actual_payout_trend,0.2943676087633099
obs_f2747becabf0296c,PCA Reconstruction,distinct_products,0.2603024022813943
obs_ec8d78cd8367c133,PCA Reconstruction,product_breadth_change,0.4345589082997101
obs_ec8d78cd8367c133,PCA Reconstruction,total_quantity_history_deviation,0.3680640047656803
obs_ec8d78cd8367c133,PCA Reconstruction,total_sales_rolling_median,0.20644314909359804
obs_4c066f9972a9ddd9,PCA Reconstruction,product_mix_change,0.5699083059866744
obs_4c066f9972a9ddd9,PCA Reconstruction,distinct_customers_rolling_MAD,0.35938561798374835
obs_4c066f9972a9ddd9,PCA Reconstruction,total_quantity_history_deviation,0.31602775157230667
obs_4216aedacef4997c,PCA Reconstruction,distributor_mix_change,0.5829502461893006
obs_4216aedacef4997c,PCA Reconstruction,total_quantity_history_deviation,0.2917883409825561
obs_4216aedacef4997c,PCA Reconstruction,distributor_count,0.14975566060363646
obs_f2720fae36425a69,PCA Reconstruction,simulated_actual_payout_rolling_MAD,0.46943895268319613
obs_f2720fae36425a69,PCA Reconstruction,simulated_actual_payout_history_deviation,0.3584737921255901
obs_f2720fae36425a69,PCA Reconstruction,total_quantity_rolling_median,0.25789632080179375
obs_c960963b4bd53129,PCA Reconstruction,distributor_mix_change,0.6086129871246969
obs_c960963b4bd53129,PCA Reconstruction,distributor_count,0.31754226506002575
obs_c960963b4bd53129,PCA Reconstruction,simulated_actual_payout_peer_percentile,0.2387087163777002
obs_66814a3fd3e0c188,PCA Reconstruction,customer_loss_rate,0.37363008822783744
obs_66814a3fd3e0c188,PCA Reconstruction,distinct_customers_team_relative,0.31707327656477485
obs_66814a3fd3e0c188,PCA Reconstruction,simulated_actual_payout_peer_z,0.3085731213764073
obs_ec63b173f7d9d9e7,PCA Reconstruction,simulated_actual_payout_peer_median,0.18462856292371496
obs_ec63b173f7d9d9e7,PCA Reconstruction,distributor_concentration,0.1808301665073471
obs_ec63b173f7d9d9e7,PCA Reconstruction,dominant_product_share,0.16673338376465877
obs_eb93599d4bf3b2b8,PCA Reconstruction,product_breadth_change,0.3482501992646046
obs_eb93599d4bf3b2b8,PCA Reconstruction,new_customers,0.2818154201674734
obs_eb93599d4bf3b2b8,PCA Reconstruction,total_sales_team_relative,0.2008232929577052
obs_ad216a42e18ac3b6,PCA Reconstruction,distributor_concentration,0.7701114932683805
obs_ad216a42e18ac3b6,PCA Reconstruction,simulated_actual_payout_lag_12,0.374060070347314
obs_ad216a42e18ac3b6,PCA Reconstruction,dominant_product_share,0.24428363127334538
obs_28c8068ffafb61bb,PCA Reconstruction,country_mix,0.35917005050463713
obs_28c8068ffafb61bb,PCA Reconstruction,total_quantity_peer_z,0.34825986879905113
obs_28c8068ffafb61bb,PCA Reconstruction,total_sales_peer_country_product_class_relative,0.27434796756849206
obs_0a5fb9967db25ee0,PCA Reconstruction,total_quantity_year_over_year_growth,0.5159115836796778
obs_0a5fb9967db25ee0,PCA Reconstruction,total_sales_lag_12,0.2880899962311445
obs_0a5fb9967db25ee0,PCA Reconstruction,simulated_payout_to_sales_ratio,0.26181102249896154
obs_23835a06e3aeecbc,PCA Reconstruction,distributor_concentration,0.7195510099347481
obs_23835a06e3aeecbc,PCA Reconstruction,country_mix,0.40633810893587324
obs_23835a06e3aeecbc,PCA Reconstruction,simulated_actual_payout_lag_12,0.3587139096410893
obs_19405248072e8f53,PCA Reconstruction,representative_rank,0.3955134160004013
obs_19405248072e8f53,PCA Reconstruction,product_class_share,0.3589271821988295
obs_19405248072e8f53,PCA Reconstruction,simulated_actual_payout_peer_median,0.19421920801211784
obs_61961bcfe011357d,PCA Reconstruction,distributor_mix_change,0.30961156744572027
obs_61961bcfe011357d,PCA Reconstruction,simulated_actual_payout_peer_percentile,0.26124449123547844
obs_61961bcfe011357d,PCA Reconstruction,total_quantity_peer_percentile,0.25836621526760656
obs_7f1719a3c16c32d7,PCA Reconstruction,distributor_concentration,3.8792338246054223
obs_7f1719a3c16c32d7,PCA Reconstruction,new_customers,0.9471560548593891
obs_7f1719a3c16c32d7,PCA Reconstruction,simulated_actual_payout_peer_median,0.47323234683414295
obs_bcb8ad1c743f6e8e,PCA Reconstruction,distinct_customers_team_relative,0.8145828893912707
obs_bcb8ad1c743f6e8e,PCA Reconstruction,new_customers,0.6879740543758939
obs_bcb8ad1c743f6e8e,PCA Reconstruction,total_quantity_history_deviation,0.645528317144136
obs_710879126547cbf8,PCA Reconstruction,simulated_actual_payout_lag_12,0.8247584683671347
obs_710879126547cbf8,PCA Reconstruction,distributor_count,0.6910402253016543
obs_710879126547cbf8,PCA Reconstruction,new_customers,0.6813873705905424
obs_67b00a0e4ea8af25,PCA Reconstruction,distributor_mix_change,1.3907591582500334
obs_67b00a0e4ea8af25,PCA Reconstruction,new_customers,0.8003850031645042
obs_67b00a0e4ea8af25,PCA Reconstruction,distinct_customers_rolling_std,0.7023212044873673
obs_8d5350dc9c8cb67a,PCA Reconstruction,new_customers,2.71218395340514
obs_8d5350dc9c8cb67a,PCA Reconstruction,product_breadth_change,0.6750502636081329
obs_8d5350dc9c8cb67a,PCA Reconstruction,country_mix,0.4515850564172275
obs_6d703926f7a662fd,PCA Reconstruction,new_customers,2.4132735776229346
obs_6d703926f7a662fd,PCA Reconstruction,total_quantity_trend,0.5884863089830004
obs_6d703926f7a662fd,PCA Reconstruction,simulated_actual_payout_rolling_std,0.4495480835070979
obs_4b557e3d4debf2cf,PCA Reconstruction,new_customers,3.1709546714554495
obs_4b557e3d4debf2cf,PCA Reconstruction,distributor_count,2.7874842479916193
obs_4b557e3d4debf2cf,PCA Reconstruction,distinct_customers_rolling_std,0.8318249752675212
obs_b1149f89397db108,PCA Reconstruction,new_customers,7.269267352087502
obs_b1149f89397db108,PCA Reconstruction,simulated_actual_payout_peer_median,1.2567872709975372
obs_b1149f89397db108,PCA Reconstruction,distinct_customers_rolling_std,1.1310751164342134
obs_3e8881e2a4c249ff,PCA Reconstruction,new_customers,6.6606664313287975
obs_3e8881e2a4c249ff,PCA Reconstruction,distributor_count,1.6128590918170818
obs_3e8881e2a4c249ff,PCA Reconstruction,distinct_customers_rolling_std,0.9960865731670572
obs_892b1b9eb570ead3,PCA Reconstruction,new_customers,15.01210602535822
obs_892b1b9eb570ead3,PCA Reconstruction,distributor_concentration,3.14092878204642
obs_892b1b9eb570ead3,PCA Reconstruction,distinct_customers_rolling_std,1.631395779947478
obs_4eb263de493ead37,PCA Reconstruction,simulated_payout_to_sales_ratio,0.19811176553941942
obs_4eb263de493ead37,PCA Reconstruction,rank_change,0.11261641434668711
obs_4eb263de493ead37,PCA Reconstruction,customer_loss_rate,0.10590914210855153
obs_cd5ea23d6f66dfce,PCA Reconstruction,distinct_customers_acceleration,0.37719287236738763
obs_cd5ea23d6f66dfce,PCA Reconstruction,total_sales_rolling_mean_6,0.2787108384772729
obs_cd5ea23d6f66dfce,PCA Reconstruction,distinct_customers_history_deviation,0.2779563489643682
obs_1b5aa7b992dd2b62,PCA Reconstruction,distinct_customers_rolling_std,1.271619985271209
obs_1b5aa7b992dd2b62,PCA Reconstruction,total_quantity_team_relative,0.46963663250632925
obs_1b5aa7b992dd2b62,PCA Reconstruction,representative_rank,0.40502176706553494
obs_6138503e8a811838,PCA Reconstruction,total_quantity_peer_z,0.6205007329690325
obs_6138503e8a811838,PCA Reconstruction,distributor_mix_change,0.32792462617606283
obs_6138503e8a811838,PCA Reconstruction,rank_change,0.32782946215508113
obs_797df6c58cb547b3,PCA Reconstruction,product_mix_change,0.6978088347584706
obs_797df6c58cb547b3,PCA Reconstruction,customer_loss_rate,0.6560284043077017
obs_797df6c58cb547b3,PCA Reconstruction,total_quantity_rolling_median,0.6043188663402222
obs_84f08c6be8e71260,PCA Reconstruction,total_quantity_history_deviation,0.4399351155542654
obs_84f08c6be8e71260,PCA Reconstruction,distributor_mix_change,0.3394439586845648
obs_84f08c6be8e71260,PCA Reconstruction,simulated_actual_payout_history_deviation,0.3196156749131582
obs_25f272a71c57029d,PCA Reconstruction,product_breadth_change,0.3736924599700471
obs_25f272a71c57029d,PCA Reconstruction,total_sales_history_deviation,0.26253968998756605
obs_25f272a71c57029d,PCA Reconstruction,simulated_actual_payout_history_deviation,0.2444673497054554
obs_e36e9e0cc0a3aa4a,PCA Reconstruction,total_quantity_rolling_median,0.44948962412616034
obs_e36e9e0cc0a3aa4a,PCA Reconstruction,total_sales_rolling_std,0.22897617150094357
obs_e36e9e0cc0a3aa4a,PCA Reconstruction,simulated_actual_payout_peer_median,0.2202080793618171
obs_12892cfcfded270f,PCA Reconstruction,representative_rank,0.33904891073288146
obs_12892cfcfded270f,PCA Reconstruction,total_quantity_rolling_median,0.3252282537958255
obs_12892cfcfded270f,PCA Reconstruction,distinct_customers_team_relative,0.2991234922994006
obs_76f5eded394f2abb,PCA Reconstruction,product_mix_change,2.396730011490058
obs_76f5eded394f2abb,PCA Reconstruction,rank_change,0.8204766672698317
obs_76f5eded394f2abb,PCA Reconstruction,product_breadth_change,0.7371626976348391
obs_dd30e597b4ec3869,PCA Reconstruction,total_quantity_rolling_median,0.25876680196795654
obs_dd30e597b4ec3869,PCA Reconstruction,product_breadth_change,0.24773698263845378
obs_dd30e597b4ec3869,PCA Reconstruction,total_sales_product_class_relative,0.2298120555714261
obs_a974ef93f9d4d140,PCA Reconstruction,simulated_actual_payout_team_relative,0.4123630054338897
obs_a974ef93f9d4d140,PCA Reconstruction,distinct_customers_team_relative,0.2409550495484779
obs_a974ef93f9d4d140,PCA Reconstruction,new_customers,0.14496558588485978
obs_240d860aa9223d3c,PCA Reconstruction,total_quantity_lag_3,0.49183448210836794
obs_240d860aa9223d3c,PCA Reconstruction,product_breadth_change,0.35136601925471106
obs_240d860aa9223d3c,PCA Reconstruction,total_quantity_history_deviation,0.3297388381224103
obs_0098199d9fffa2c0,PCA Reconstruction,average_price,0.6309387176284493
obs_0098199d9fffa2c0,PCA Reconstruction,distinct_customers_rolling_median,0.41038982949061537
obs_0098199d9fffa2c0,PCA Reconstruction,median_price,0.3759576131803677
obs_a9802de466942194,PCA Reconstruction,customer_loss_rate,0.38906804725105315
obs_a9802de466942194,PCA Reconstruction,distributor_mix_change,0.38885805695734227
obs_a9802de466942194,PCA Reconstruction,total_quantity_peer_percentile,0.3060370330423236
obs_dd262125eaa3bca7,PCA Reconstruction,distributor_concentration,0.3312013224947339
obs_dd262125eaa3bca7,PCA Reconstruction,simulated_payout_to_sales_ratio,0.25633988704999855
obs_dd262125eaa3bca7,PCA Reconstruction,distributor_mix_change,0.2540551801680564
obs_70a61ca794f27a9a,PCA Reconstruction,product_class_share,0.7808409088876266
obs_70a61ca794f27a9a,PCA Reconstruction,simulated_actual_payout_peer_z,0.319594382778719
obs_70a61ca794f27a9a,PCA Reconstruction,customer_loss_rate,0.22469194294647946
obs_3c29f8a0188dbcce,PCA Reconstruction,distributor_mix_change,1.626345974176873
obs_3c29f8a0188dbcce,PCA Reconstruction,product_mix_change,0.42862695321222405
obs_3c29f8a0188dbcce,PCA Reconstruction,simulated_actual_payout_peer_percentile,0.36020203084972385
obs_f5103d4cd447072a,PCA Reconstruction,distinct_customers_rolling_std,0.8574031853185392
obs_f5103d4cd447072a,PCA Reconstruction,simulated_actual_payout_lag_12,0.7662395333630557
obs_f5103d4cd447072a,PCA Reconstruction,distributor_mix_change,0.6362669585752682
obs_f7cc83ab7f3dd98c,PCA Reconstruction,new_customers,0.8427922977336696
obs_f7cc83ab7f3dd98c,PCA Reconstruction,product_mix_change,0.675794140288486
obs_f7cc83ab7f3dd98c,PCA Reconstruction,distinct_customers_rolling_std,0.4437427397750881
obs_1e84307f72827ac8,PCA Reconstruction,distinct_customers_rolling_std,0.6200879038473591
obs_1e84307f72827ac8,PCA Reconstruction,distinct_customers_lag_2,0.4425642265136718
obs_1e84307f72827ac8,PCA Reconstruction,total_quantity_lag_2,0.4062411201025738
obs_86645a58c711266e,PCA Reconstruction,new_customers,1.3991900323115332
obs_86645a58c711266e,PCA Reconstruction,simulated_actual_payout_year_over_year_growth,0.8228302421056656
obs_86645a58c711266e,PCA Reconstruction,simulated_actual_payout_lag_12,0.5492386108889974
obs_4c08eca9ff75fa34,PCA Reconstruction,new_customers,4.653554690400761
obs_4c08eca9ff75fa34,PCA Reconstruction,product_breadth_change,0.6078873791062367
obs_4c08eca9ff75fa34,PCA Reconstruction,distinct_customers_rolling_MAD,0.3736042670169936
obs_d5e35c98ca26b7c5,PCA Reconstruction,new_customers,1.654123913925445
obs_d5e35c98ca26b7c5,PCA Reconstruction,simulated_actual_payout_year_over_year_growth,0.9838922276210725
obs_d5e35c98ca26b7c5,PCA Reconstruction,simulated_actual_payout_peer_percentile,0.8042630782263755
obs_88c8b91535ce54d1,PCA Reconstruction,new_customers,3.8350028940122485
obs_88c8b91535ce54d1,PCA Reconstruction,distributor_count,1.1722814933839767
obs_88c8b91535ce54d1,PCA Reconstruction,total_quantity,0.8431955360417394
obs_e8d8a4698ce154e2,PCA Reconstruction,distinct_customers_rolling_std,1.8770364758961808
obs_e8d8a4698ce154e2,PCA Reconstruction,distributor_count,1.3008944338941595
obs_e8d8a4698ce154e2,PCA Reconstruction,new_customers,1.198123501088005
obs_3f73d0bb74545019,PCA Reconstruction,new_customers,5.719890157189631
obs_3f73d0bb74545019,PCA Reconstruction,product_mix_change,1.667167616020782
obs_3f73d0bb74545019,PCA Reconstruction,simulated_actual_payout_peer_median,1.0907564722699172
obs_048c6f5bbec93802,PCA Reconstruction,new_customers,4.606271160605869
obs_048c6f5bbec93802,PCA Reconstruction,distinct_customers_rolling_std,1.8908122256279123
obs_048c6f5bbec93802,PCA Reconstruction,distributor_mix_change,1.6257205057220467
obs_a64ac48dfaeba6c4,PCA Reconstruction,product_class_share,0.6290935541243027
obs_a64ac48dfaeba6c4,PCA Reconstruction,distributor_concentration,0.2718546888897568
obs_a64ac48dfaeba6c4,PCA Reconstruction,distributor_count,0.2151371117353895
obs_621cc65a01845bb4,PCA Reconstruction,total_quantity_lag_2,0.12948816766264026
obs_621cc65a01845bb4,PCA Reconstruction,total_sales_rolling_mean_6,0.09815462969319522
obs_621cc65a01845bb4,PCA Reconstruction,total_sales_month_over_month_growth,0.09416291775049719
obs_c63b51b4118d7be2,PCA Reconstruction,total_quantity_history_deviation,0.2351144249586426
obs_c63b51b4118d7be2,PCA Reconstruction,total_sales_history_deviation,0.23253609408706102
obs_c63b51b4118d7be2,PCA Reconstruction,product_breadth_change,0.20749636061461618
obs_b540270ab6bda12b,PCA Reconstruction,product_mix_change,0.6455959097715328
obs_b540270ab6bda12b,PCA Reconstruction,simulated_actual_payout_rolling_MAD,0.6411426996505758
obs_b540270ab6bda12b,PCA Reconstruction,simulated_actual_payout_trend,0.5907857038044025
obs_814d91f813e6e7a2,PCA Reconstruction,simulated_actual_payout_rolling_mean_3,0.1555805365562967
obs_814d91f813e6e7a2,PCA Reconstruction,distributor_count,0.1462962411145673
obs_814d91f813e6e7a2,PCA Reconstruction,distributor_mix_change,0.12987121310744398
obs_9ed19992a9626c3c,PCA Reconstruction,rank_change,0.3625803374038609
obs_9ed19992a9626c3c,PCA Reconstruction,customer_loss_rate,0.25974996259548344
obs_9ed19992a9626c3c,PCA Reconstruction,total_sales_peer_median,0.16397903693196322
obs_0a814af6e1a18d20,PCA Reconstruction,distributor_concentration,1.1247192900818457
obs_0a814af6e1a18d20,PCA Reconstruction,distributor_mix_change,0.7400820966629991
obs_0a814af6e1a18d20,PCA Reconstruction,rank_change,0.372497815415405
obs_4dca7706e248943c,PCA Reconstruction,distributor_mix_change,0.3653133859984426
obs_4dca7706e248943c,PCA Reconstruction,customer_loss_rate,0.35981877145339064
obs_4dca7706e248943c,PCA Reconstruction,new_customers,0.20081099735348687
obs_5a15b81eda60f699,PCA Reconstruction,rank_change,0.1750923137686343
obs_5a15b81eda60f699,PCA Reconstruction,total_quantity_rolling_median,0.1733320735330401
obs_5a15b81eda60f699,PCA Reconstruction,total_quantity_lag_2,0.10905498403181504
obs_cc17839a3b1ac428,PCA Reconstruction,product_class_share,0.24832392048580923
obs_cc17839a3b1ac428,PCA Reconstruction,product_breadth_change,0.23509880055471974
obs_cc17839a3b1ac428,PCA Reconstruction,simulated_actual_payout_team_relative,0.1434222633073849
obs_2260e2672d022302,PCA Reconstruction,distributor_count,0.8669944198684664
obs_2260e2672d022302,PCA Reconstruction,distinct_customers_rolling_std,0.809960967480627
obs_2260e2672d022302,PCA Reconstruction,subchannel_mix,0.3877287545367738
obs_fca5540590761641,PCA Reconstruction,distributor_mix_change,1.3978729508035492
obs_fca5540590761641,PCA Reconstruction,product_class_share,0.8370686739800922
obs_fca5540590761641,PCA Reconstruction,simulated_actual_payout_trend,0.5479305135055065
obs_d584fdb82d57a65b,PCA Reconstruction,product_mix_change,0.3576894919280496
obs_d584fdb82d57a65b,PCA Reconstruction,distinct_customers_peer_percentile,0.2348568430257154
obs_d584fdb82d57a65b,PCA Reconstruction,channel_mix,0.2288341975271965
obs_9609c1be78825052,PCA Reconstruction,distributor_mix_change,0.9958392252074376
obs_9609c1be78825052,PCA Reconstruction,customer_loss_rate,0.5109422578202508
obs_9609c1be78825052,PCA Reconstruction,product_mix_change,0.32673988668163856
obs_c54ba8d0179f235b,PCA Reconstruction,product_class_share,0.3220429804090919
obs_c54ba8d0179f235b,PCA Reconstruction,distributor_count,0.20049945109549652
obs_c54ba8d0179f235b,PCA Reconstruction,country_mix,0.1937105297078572
obs_91775617ba3c8b6d,PCA Reconstruction,simulated_actual_payout_lag_12,0.27922923621136586
obs_91775617ba3c8b6d,PCA Reconstruction,product_class_share,0.21904984147083514
obs_91775617ba3c8b6d,PCA Reconstruction,distributor_concentration,0.1868599998520716
obs_e09d82d6378f6e4e,PCA Reconstruction,simulated_actual_payout_lag_12,0.3181029205592772
obs_e09d82d6378f6e4e,PCA Reconstruction,total_quantity_rolling_std,0.16350034327653654
obs_e09d82d6378f6e4e,PCA Reconstruction,simulated_actual_payout_rolling_MAD,0.13492434042587648
obs_e89372b1e711d9d7,PCA Reconstruction,distributor_mix_change,0.6606171362723785
obs_e89372b1e711d9d7,PCA Reconstruction,product_breadth_change,0.48480617030499407
obs_e89372b1e711d9d7,PCA Reconstruction,total_sales_history_deviation,0.44489472809074293
obs_007a6e625825cdea,PCA Reconstruction,distributor_concentration,1.179684857688111
obs_007a6e625825cdea,PCA Reconstruction,distinct_customers_rolling_std,1.1055161465735504
obs_007a6e625825cdea,PCA Reconstruction,representative_rank,0.6990349592390461
obs_f53f164b263b19ed,PCA Reconstruction,simulated_actual_payout_year_over_year_growth,1.0149816175321813
obs_f53f164b263b19ed,PCA Reconstruction,total_sales_peer_country_product_class_relative,0.5182450808932377
obs_f53f164b263b19ed,PCA Reconstruction,total_quantity_peer_percentile,0.4826711573133017
obs_04aa0c5b55d1fe2b,PCA Reconstruction,new_customers,1.5956966276182667
obs_04aa0c5b55d1fe2b,PCA Reconstruction,simulated_actual_payout_year_over_year_growth,1.095327737064054
obs_04aa0c5b55d1fe2b,PCA Reconstruction,total_sales_lag_12,0.805434285271562
obs_9a215af32e8a23d9,PCA Reconstruction,new_customers,2.6889562400415943
obs_9a215af32e8a23d9,PCA Reconstruction,product_class_share,0.3687210592445887
obs_9a215af32e8a23d9,PCA Reconstruction,distinct_customers_team_relative,0.34979612991033304
obs_4ad4358b27a13918,PCA Reconstruction,new_customers,1.142381671094887
obs_4ad4358b27a13918,PCA Reconstruction,distinct_products,0.546214426425082
obs_4ad4358b27a13918,PCA Reconstruction,distributor_mix_change,0.4999357114169506
obs_e6e84951193c58f9,PCA Reconstruction,new_customers,2.4174484368676605
obs_e6e84951193c58f9,PCA Reconstruction,total_quantity_lag_3,0.9453439503765838
obs_e6e84951193c58f9,PCA Reconstruction,country_mix,0.8828064283050729
obs_a9212861cf9a8564,PCA Reconstruction,new_customers,3.683030187694069
obs_a9212861cf9a8564,PCA Reconstruction,distributor_count,2.1749159814228265
obs_a9212861cf9a8564,PCA Reconstruction,product_mix_change,1.7931240559057415
obs_75671c1d1f78294a,PCA Reconstruction,simulated_actual_payout_peer_median,2.5671885910334615
obs_75671c1d1f78294a,PCA Reconstruction,product_mix_change,1.6806514124419358
obs_75671c1d1f78294a,PCA Reconstruction,rank_change,1.3457032643500697
obs_1c99701da118d567,PCA Reconstruction,distributor_count,3.406042008485868
obs_1c99701da118d567,PCA Reconstruction,new_customers,3.298200313087159
obs_1c99701da118d567,PCA Reconstruction,simulated_actual_payout_peer_median,1.000373290805687
obs_49cdf2b48b15da9f,PCA Reconstruction,new_customers,7.536935515072932
obs_49cdf2b48b15da9f,PCA Reconstruction,distinct_customers_rolling_std,2.5596828048774585
obs_49cdf2b48b15da9f,PCA Reconstruction,distributor_mix_change,1.3028682836191758
obs_6ba0fc6742eb4749,PCA Reconstruction,product_class_share,1.6240979945390677
obs_6ba0fc6742eb4749,PCA Reconstruction,distributor_concentration,0.37608601874895414
obs_6ba0fc6742eb4749,PCA Reconstruction,dominant_product_share,0.18006680740332678
obs_c19fb56b4d5a491d,PCA Reconstruction,distinct_customers_acceleration,0.5208599409510637
obs_c19fb56b4d5a491d,PCA Reconstruction,distinct_customers_history_deviation,0.3389825845549978
obs_c19fb56b4d5a491d,PCA Reconstruction,product_breadth_change,0.2780519431842276
obs_176f20e078cc7116,PCA Reconstruction,distinct_customers_rolling_std,0.5836467378416502
obs_176f20e078cc7116,PCA Reconstruction,distinct_customers_rolling_MAD,0.448828394495431
obs_176f20e078cc7116,PCA Reconstruction,product_class_share,0.2568989170744886
obs_0f42853a9aea6211,PCA Reconstruction,channel_mix,0.5285546994258337
obs_0f42853a9aea6211,PCA Reconstruction,subchannel_mix,0.452397717180506
obs_0f42853a9aea6211,PCA Reconstruction,product_mix_change,0.2880543149900413
obs_276aae9fb6681991,PCA Reconstruction,total_sales_history_deviation,0.8085893374329265
obs_276aae9fb6681991,PCA Reconstruction,distributor_concentration,0.6078595216405922
obs_276aae9fb6681991,PCA Reconstruction,total_quantity_team_relative,0.46454158692250125
obs_0149b7c188d5dc5e,PCA Reconstruction,product_breadth_change,0.3418760024463572
obs_0149b7c188d5dc5e,PCA Reconstruction,customer_loss_rate,0.2560086346990435
obs_0149b7c188d5dc5e,PCA Reconstruction,total_sales_history_deviation,0.12497538984129127
obs_5a5773f5b5221947,PCA Reconstruction,distributor_mix_change,1.2295193834896503
obs_5a5773f5b5221947,PCA Reconstruction,subchannel_mix,0.8350270295985627
obs_5a5773f5b5221947,PCA Reconstruction,channel_mix,0.4312759710590888
obs_9d49cf9098ac7d2a,PCA Reconstruction,subchannel_mix,0.45344814548786316
obs_9d49cf9098ac7d2a,PCA Reconstruction,product_mix_change,0.3700937251836055
obs_9d49cf9098ac7d2a,PCA Reconstruction,product_concentration,0.24993490697307683
obs_f2aadf6de35c6ead,PCA Reconstruction,total_sales_history_deviation,0.37451415675887423
obs_f2aadf6de35c6ead,PCA Reconstruction,distinct_customers_history_deviation,0.28574327862248156
obs_f2aadf6de35c6ead,PCA Reconstruction,distinct_customers_rolling_MAD,0.25691638347734114
obs_f90db3653cdc8663,PCA Reconstruction,product_mix_change,0.4270297963528646
obs_f90db3653cdc8663,PCA Reconstruction,distributor_mix_change,0.37287033989125656
obs_f90db3653cdc8663,PCA Reconstruction,distributor_concentration,0.22451665479453714
obs_3d79b4b383508178,PCA Reconstruction,simulated_actual_payout_history_deviation,0.6204395603413575
obs_3d79b4b383508178,PCA Reconstruction,customer_loss_rate,0.39624348743082094
obs_3d79b4b383508178,PCA Reconstruction,total_quantity_peer_z,0.35962071062737616
obs_8c4449523df0d9ea,PCA Reconstruction,simulated_actual_payout_history_deviation,0.9817013679754767
obs_8c4449523df0d9ea,PCA Reconstruction,total_quantity_history_deviation,0.5159607285080341
obs_8c4449523df0d9ea,PCA Reconstruction,simulated_actual_payout_trend,0.45617818294924517
obs_779ca905d5821aa2,PCA Reconstruction,total_quantity_history_deviation,0.6223136858507161
obs_779ca905d5821aa2,PCA Reconstruction,distributor_concentration,0.40415276635071895
obs_779ca905d5821aa2,PCA Reconstruction,simulated_actual_payout_history_deviation,0.35214564905364254
obs_992bcf9dda39f7bc,PCA Reconstruction,distributor_concentration,0.41666728350116033
obs_992bcf9dda39f7bc,PCA Reconstruction,repeat_customer_ratio,0.3090858733690007
obs_992bcf9dda39f7bc,PCA Reconstruction,total_sales_year_over_year_growth,0.289343244929224
obs_f6281721df45a358,PCA Reconstruction,simulated_actual_payout_year_over_year_growth,1.6838974953923664
obs_f6281721df45a358,PCA Reconstruction,simulated_actual_payout_peer_percentile,0.9979500968174322
obs_f6281721df45a358,PCA Reconstruction,total_quantity_lag_2,0.589971490968554
obs_729cdfaf5fc8dc10,PCA Reconstruction,distributor_concentration,0.9849150939951558
obs_729cdfaf5fc8dc10,PCA Reconstruction,simulated_actual_payout_trend,0.6409106719753905
obs_729cdfaf5fc8dc10,PCA Reconstruction,total_quantity_year_over_year_growth,0.6022473736295273
obs_b3e16ae890e5fa33,PCA Reconstruction,simulated_actual_payout_acceleration,0.5783211965256317
obs_b3e16ae890e5fa33,PCA Reconstruction,total_quantity_lag_1,0.42531288778488363
obs_b3e16ae890e5fa33,PCA Reconstruction,total_quantity_month_over_month_growth,0.37592875239966295
obs_cb7f65d07f06aab3,PCA Reconstruction,total_quantity_lag_2,0.6390574679730789
obs_cb7f65d07f06aab3,PCA Reconstruction,total_quantity_acceleration,0.47637415248676307
obs_cb7f65d07f06aab3,PCA Reconstruction,distinct_customers_rolling_median,0.298021529153218
obs_56c0e047d64c1970,PCA Reconstruction,distinct_customers_rolling_std,0.8410057687154617
obs_56c0e047d64c1970,PCA Reconstruction,total_sales_rolling_mean_3,0.6492827982445517
obs_56c0e047d64c1970,PCA Reconstruction,customer_loss_rate,0.5937845566169888
obs_f7c73bb6a1482607,PCA Reconstruction,product_mix_change,1.2806567921886494
obs_f7c73bb6a1482607,PCA Reconstruction,distinct_customers_rolling_std,1.0502575147527828
obs_f7c73bb6a1482607,PCA Reconstruction,customer_loss_rate,0.9645522905927425
obs_2de0ae3481ab4e3a,PCA Reconstruction,new_customers,0.805330249960482
obs_2de0ae3481ab4e3a,PCA Reconstruction,total_sales_rolling_std,0.6104020331536026
obs_2de0ae3481ab4e3a,PCA Reconstruction,distributor_count,0.5988698022059649
obs_5ca7335930051c72,PCA Reconstruction,new_customers,1.9817407502068858
obs_5ca7335930051c72,PCA Reconstruction,distinct_customers_team_relative,0.7960242719342648
obs_5ca7335930051c72,PCA Reconstruction,simulated_actual_payout_year_over_year_growth,0.7746183192622551
obs_7bb1065d6ddcf649,PCA Reconstruction,distributor_mix_change,1.5801271043075862
obs_7bb1065d6ddcf649,PCA Reconstruction,new_customers,1.014171884866842
obs_7bb1065d6ddcf649,PCA Reconstruction,subchannel_mix,0.6891964008247243
obs_fa9ba3c194926fe8,PCA Reconstruction,distributor_mix_change,2.208262468444225
obs_fa9ba3c194926fe8,PCA Reconstruction,product_breadth_change,1.4739676160759811
obs_fa9ba3c194926fe8,PCA Reconstruction,customer_loss_rate,0.587232239326627
obs_053492ba661cdc3d,PCA Reconstruction,new_customers,3.183349121330618
obs_053492ba661cdc3d,PCA Reconstruction,customer_loss_rate,2.9992327705644
obs_053492ba661cdc3d,PCA Reconstruction,total_quantity,2.398725849175581
obs_36d0b37184997cfa,PCA Reconstruction,new_customers,8.190964816832562
obs_36d0b37184997cfa,PCA Reconstruction,total_quantity_lag_1,3.291106494746008
obs_36d0b37184997cfa,PCA Reconstruction,total_sales_month_over_month_growth,2.7313900544075196
obs_e43c1d5c2e90b7e1,PCA Reconstruction,product_mix_change,6.544823250368163
obs_e43c1d5c2e90b7e1,PCA Reconstruction,new_customers,3.973217647809828
obs_e43c1d5c2e90b7e1,PCA Reconstruction,subchannel_mix,2.7498147224792344
obs_240dbaec0a530417,PCA Reconstruction,new_customers,4.006914639797046
obs_240dbaec0a530417,PCA Reconstruction,distributor_mix_change,3.1298457756862104
obs_240dbaec0a530417,PCA Reconstruction,distinct_customers_rolling_std,2.1666064480530496
obs_4a7a18a2c9e2173c,PCA Reconstruction,simulated_payout_to_sales_ratio,15.896338911278459
obs_4a7a18a2c9e2173c,PCA Reconstruction,customer_loss_rate,10.996406640322299
obs_4a7a18a2c9e2173c,PCA Reconstruction,simulated_actual_payout_peer_median,3.103799778336545
obs_fcb4340788a3e905,PCA Reconstruction,total_sales_rolling_mean_6,3.0312290008883944
obs_fcb4340788a3e905,PCA Reconstruction,total_quantity_lag_2,1.4488561466371384
obs_fcb4340788a3e905,PCA Reconstruction,simulated_actual_payout_peer_percentile,0.936360011539751
obs_b15a88eb5845a081,PCA Reconstruction,total_sales_acceleration,0.680789695873338
obs_b15a88eb5845a081,PCA Reconstruction,distinct_customers_rolling_std,0.6089573022050413
obs_b15a88eb5845a081,PCA Reconstruction,simulated_actual_payout_rolling_MAD,0.4431682577469781
obs_5d5eee0555ed1832,PCA Reconstruction,total_sales_trend,2.250562444477203
obs_5d5eee0555ed1832,PCA Reconstruction,distinct_customers_rolling_std,1.5716376308099902
obs_5d5eee0555ed1832,PCA Reconstruction,simulated_actual_payout_history_deviation,1.3356492057473368
obs_7f70e3433ecc4b44,PCA Reconstruction,representative_rank,0.6095094088327645
obs_7f70e3433ecc4b44,PCA Reconstruction,simulated_actual_payout_lag_3,0.3892625022388747
obs_7f70e3433ecc4b44,PCA Reconstruction,distributor_concentration,0.33586177781842097
obs_53891aecf5fe8f8a,PCA Reconstruction,distributor_mix_change,0.7734241523749179
obs_53891aecf5fe8f8a,PCA Reconstruction,distinct_customers_rolling_std,0.6851372574430623
obs_53891aecf5fe8f8a,PCA Reconstruction,simulated_actual_payout_history_deviation,0.5996538227934537
obs_f28c83fc0eea81d6,PCA Reconstruction,customer_loss_rate,0.22400353345057059
obs_f28c83fc0eea81d6,PCA Reconstruction,total_quantity_lag_3,0.18422588170275966
obs_f28c83fc0eea81d6,PCA Reconstruction,average_price,0.18298177714844102
obs_904ef408849db5df,PCA Reconstruction,subchannel_mix,0.7235773899529265
obs_904ef408849db5df,PCA Reconstruction,channel_mix,0.44499544519087103
obs_904ef408849db5df,PCA Reconstruction,product_mix_change,0.40899112540756893
obs_93b697e2fbd87e48,PCA Reconstruction,customer_loss_rate,0.8780863049712688
obs_93b697e2fbd87e48,PCA Reconstruction,simulated_payout_to_sales_ratio,0.5249962781726946
obs_93b697e2fbd87e48,PCA Reconstruction,total_quantity_peer_percentile,0.4290844770393839
obs_913da1832f821023,PCA Reconstruction,simulated_actual_payout_rolling_median,0.45874307287887556
obs_913da1832f821023,PCA Reconstruction,distributor_concentration,0.4584040097237801
obs_913da1832f821023,PCA Reconstruction,average_price,0.37896871976166835
obs_b6bf3dcf82459ebf,PCA Reconstruction,average_price,0.37241872247449925
obs_b6bf3dcf82459ebf,PCA Reconstruction,simulated_actual_payout_peer_median,0.342562068698751
obs_b6bf3dcf82459ebf,PCA Reconstruction,simulated_actual_payout_lag_2,0.23833031935575874
obs_1361d935c1ca8622,PCA Reconstruction,simulated_actual_payout_lag_12,0.3530275818293303
obs_1361d935c1ca8622,PCA Reconstruction,product_class_share,0.26638242578925203
obs_1361d935c1ca8622,PCA Reconstruction,average_price,0.2552600294981692
obs_b10b29c051380592,PCA Reconstruction,total_sales_year_over_year_growth,0.8162899345225261
obs_b10b29c051380592,PCA Reconstruction,product_mix_change,0.5717238633444134
obs_b10b29c051380592,PCA Reconstruction,country_mix,0.3967961780010288
obs_2b2bd21b41f91189,PCA Reconstruction,simulated_actual_payout_lag_12,1.1524571374882078
obs_2b2bd21b41f91189,PCA Reconstruction,total_sales_lag_12,0.2925655919496298
obs_2b2bd21b41f91189,PCA Reconstruction,distinct_customers_history_deviation,0.28197751565978835
obs_d1204efe2d439ece,PCA Reconstruction,distributor_mix_change,0.4720306688070553
obs_d1204efe2d439ece,PCA Reconstruction,total_sales_history_deviation,0.2307789178141443
obs_d1204efe2d439ece,PCA Reconstruction,distinct_customers_rolling_median,0.19855090325192393
obs_adabdf4d271d373b,PCA Reconstruction,distributor_concentration,0.5275692554934315
obs_adabdf4d271d373b,PCA Reconstruction,total_sales_history_deviation,0.43467900727608316
obs_adabdf4d271d373b,PCA Reconstruction,product_breadth_change,0.4336794255105026
obs_ae237d32a62be1f4,PCA Reconstruction,simulated_actual_payout_lag_12,0.9868582155577114
obs_ae237d32a62be1f4,PCA Reconstruction,distributor_concentration,0.6651120915731723
obs_ae237d32a62be1f4,PCA Reconstruction,total_sales_rolling_mean_3,0.3279354406890929
obs_15711fe65046fa35,PCA Reconstruction,distributor_concentration,0.9920812150151508
obs_15711fe65046fa35,PCA Reconstruction,total_quantity_year_over_year_growth,0.6386869673115563
obs_15711fe65046fa35,PCA Reconstruction,total_sales_peer_percentile,0.5726590719659967
obs_4e50e8b4a8259fb1,PCA Reconstruction,total_quantity_peer_z,1.287851073974492
obs_4e50e8b4a8259fb1,PCA Reconstruction,total_quantity_acceleration,0.6746505911813879
obs_4e50e8b4a8259fb1,PCA Reconstruction,total_quantity_rolling_std,0.5908485441597962
obs_f9f3303f72545037,PCA Reconstruction,total_quantity_peer_median,0.8420659193922964
obs_f9f3303f72545037,PCA Reconstruction,total_sales_trend,0.5760991546858626
obs_f9f3303f72545037,PCA Reconstruction,total_quantity_rolling_median,0.5475870968732997
obs_16c8b6367b06dec1,PCA Reconstruction,total_quantity_rolling_median,1.2527769416125667
obs_16c8b6367b06dec1,PCA Reconstruction,total_quantity_lag_3,0.7666115115857488
obs_16c8b6367b06dec1,PCA Reconstruction,distinct_customers_rolling_std,0.7440064713395917
obs_b47d8202048cc8bb,PCA Reconstruction,new_customers,3.6642263658306136
obs_b47d8202048cc8bb,PCA Reconstruction,total_quantity_rolling_median,2.3669616143621726
obs_b47d8202048cc8bb,PCA Reconstruction,distinct_customers_team_relative,0.8992425204088046
obs_319fdaf8fe9a02a4,PCA Reconstruction,new_customers,1.444483846010113
obs_319fdaf8fe9a02a4,PCA Reconstruction,total_quantity_rolling_median,0.9463335369988005
obs_319fdaf8fe9a02a4,PCA Reconstruction,product_breadth_change,0.7649461337264788
obs_d954614e60baaa47,PCA Reconstruction,new_customers,1.4761437607421093
obs_d954614e60baaa47,PCA Reconstruction,total_quantity_rolling_median,0.5819265566482323
obs_d954614e60baaa47,PCA Reconstruction,distinct_customers_rolling_std,0.4809196897392991
obs_4291c6491ce84f7b,PCA Reconstruction,simulated_actual_payout_peer_median,1.0144125055484972
obs_4291c6491ce84f7b,PCA Reconstruction,distinct_customers_year_over_year_growth,0.5473786035567907
obs_4291c6491ce84f7b,PCA Reconstruction,distinct_customers_rolling_mean_6,0.459286251830728
obs_019dc3ab4ec01427,PCA Reconstruction,simulated_actual_payout_peer_median,1.6932633447006946
obs_019dc3ab4ec01427,PCA Reconstruction,distinct_customers_rolling_std,1.5459415347907621
obs_019dc3ab4ec01427,PCA Reconstruction,new_customers,1.5001455424336656
obs_51b0a62afb27b490,PCA Reconstruction,distributor_count,3.047865616975495
obs_51b0a62afb27b490,PCA Reconstruction,simulated_actual_payout_peer_median,2.0723046638343083
obs_51b0a62afb27b490,PCA Reconstruction,new_customers,1.6520991602644084
obs_4ccbaeb6d09341f9,PCA Reconstruction,new_customers,3.877809705907472
obs_4ccbaeb6d09341f9,PCA Reconstruction,simulated_actual_payout_peer_median,1.7403244997566114
obs_4ccbaeb6d09341f9,PCA Reconstruction,distinct_customers_rolling_std,1.5230913223749354
obs_4cc1c26e005d95a1,PCA Reconstruction,simulated_payout_to_sales_ratio,1.0723309248441804
obs_4cc1c26e005d95a1,PCA Reconstruction,customer_loss_rate,0.7394449859673982
obs_4cc1c26e005d95a1,PCA Reconstruction,channel_mix,0.331112333965782
obs_290bd7871d4cbc5d,PCA Reconstruction,total_quantity_rolling_mean_6,1.35607411487043
obs_290bd7871d4cbc5d,PCA Reconstruction,total_quantity_month_over_month_growth,0.6620931985531114
obs_290bd7871d4cbc5d,PCA Reconstruction,simulated_actual_payout_rolling_std,0.5478467562793568
obs_3da2378dd6475b9b,PCA Reconstruction,distributor_concentration,1.0964379611341801
obs_3da2378dd6475b9b,PCA Reconstruction,distinct_customers_rolling_std,0.6587286452274111
obs_3da2378dd6475b9b,PCA Reconstruction,total_quantity_lag_3,0.3164030180335008
obs_9d85dfa6ae050e95,PCA Reconstruction,distributor_mix_change,1.055350926396214
obs_9d85dfa6ae050e95,PCA Reconstruction,distinct_customers_rolling_std,0.6143729359436981
obs_9d85dfa6ae050e95,PCA Reconstruction,simulated_payout_to_sales_ratio,0.5307631169516704
obs_fa4b2575a990e285,PCA Reconstruction,product_breadth_change,0.6401251325884839
obs_fa4b2575a990e285,PCA Reconstruction,distributor_concentration,0.5846261166897646
obs_fa4b2575a990e285,PCA Reconstruction,simulated_actual_payout_lag_12,0.516548162737287
obs_3159819b1eafc1bf,PCA Reconstruction,distinct_customers_rolling_std,0.4835253475828184
obs_3159819b1eafc1bf,PCA Reconstruction,product_breadth_change,0.267323257457101
obs_3159819b1eafc1bf,PCA Reconstruction,total_quantity_lag_3,0.23680518437003595
obs_fc815ce024859e61,PCA Reconstruction,distinct_customers_rolling_median,0.4088037975253633
obs_fc815ce024859e61,PCA Reconstruction,total_quantity_lag_2,0.3061750946469856
obs_fc815ce024859e61,PCA Reconstruction,product_class_share,0.26335429514196707
obs_929b890a84c71b1f,PCA Reconstruction,distributor_mix_change,0.7529130908529547
obs_929b890a84c71b1f,PCA Reconstruction,distinct_customers_rolling_std,0.45768795710228416
obs_929b890a84c71b1f,PCA Reconstruction,distributor_count,0.30648456437947774
obs_58134935bf305d70,PCA Reconstruction,product_breadth_change,0.5722224921626785
obs_58134935bf305d70,PCA Reconstruction,distinct_customers_rolling_std,0.5063248311039591
obs_58134935bf305d70,PCA Reconstruction,distinct_products,0.22477817426571398
obs_6696d94774495cf9,PCA Reconstruction,product_breadth_change,2.7244478695497354
obs_6696d94774495cf9,PCA Reconstruction,distinct_customers_acceleration,0.44801217180755787
obs_6696d94774495cf9,PCA Reconstruction,distinct_products,0.4252495934233058
obs_c5baf5cb243f5f59,PCA Reconstruction,distributor_concentration,1.4680581645984483
obs_c5baf5cb243f5f59,PCA Reconstruction,product_breadth_change,0.7257041154802385
obs_c5baf5cb243f5f59,PCA Reconstruction,distinct_customers_rolling_std,0.5655738353344497
obs_7f6b332aa413c775,PCA Reconstruction,simulated_actual_payout_history_deviation,1.0500441232455493
obs_7f6b332aa413c775,PCA Reconstruction,simulated_actual_payout_rolling_MAD,0.5479101197813788
obs_7f6b332aa413c775,PCA Reconstruction,product_breadth_change,0.4140031239546877
obs_3ba9cc864f86cb05,PCA Reconstruction,total_quantity_year_over_year_growth,1.496443585247773
obs_3ba9cc864f86cb05,PCA Reconstruction,total_sales_year_over_year_growth,0.9335728981779312
obs_3ba9cc864f86cb05,PCA Reconstruction,product_breadth_change,0.6901119934711946
obs_ecaad660a4f97527,PCA Reconstruction,product_breadth_change,0.7128425889608657
obs_ecaad660a4f97527,PCA Reconstruction,simulated_actual_payout_history_deviation,0.616305141442987
obs_ecaad660a4f97527,PCA Reconstruction,subchannel_mix,0.5200965011760201
obs_91484a9f563ab46e,PCA Reconstruction,product_breadth_change,0.6218752407290945
obs_91484a9f563ab46e,PCA Reconstruction,total_sales_peer_percentile,0.31822664211480733
obs_91484a9f563ab46e,PCA Reconstruction,average_price,0.3143246533078761
obs_cd2e0ba5f933c5ae,PCA Reconstruction,country_mix,1.087670449157651
obs_cd2e0ba5f933c5ae,PCA Reconstruction,distributor_mix_change,0.4334977460446761
obs_cd2e0ba5f933c5ae,PCA Reconstruction,product_class_share,0.43274396144670213
obs_a79bc03e67cdde50,PCA Reconstruction,simulated_actual_payout_lag_12,0.40190574729147355
obs_a79bc03e67cdde50,PCA Reconstruction,distinct_products,0.2707559533629306
obs_a79bc03e67cdde50,PCA Reconstruction,subchannel_mix,0.26747612081601124
obs_38d52cc19f5e370d,PCA Reconstruction,product_breadth_change,0.9688642609000766
obs_38d52cc19f5e370d,PCA Reconstruction,total_quantity_peer_percentile,0.7403030821056344
obs_38d52cc19f5e370d,PCA Reconstruction,distinct_customers_history_deviation,0.17845409549837388
obs_0ffd32d44a6c26b0,PCA Reconstruction,distributor_mix_change,1.6996717340568732
obs_0ffd32d44a6c26b0,PCA Reconstruction,product_mix_change,0.7772036887865716
obs_0ffd32d44a6c26b0,PCA Reconstruction,distinct_customers_team_relative,0.5124732205194841
obs_a8397cb0f17f2f0c,PCA Reconstruction,simulated_actual_payout_lag_12,0.7559939848586597
obs_a8397cb0f17f2f0c,PCA Reconstruction,simulated_actual_payout_year_over_year_growth,0.5558615092790007
obs_a8397cb0f17f2f0c,PCA Reconstruction,total_sales_team_relative,0.48897418323360864
obs_e99ff49fbbe757b4,PCA Reconstruction,distributor_mix_change,1.5750312404266382
obs_e99ff49fbbe757b4,PCA Reconstruction,country_mix,0.9772703528644173
obs_e99ff49fbbe757b4,PCA Reconstruction,simulated_actual_payout_lag_12,0.690506320831723
obs_ae76078112de1e19,PCA Reconstruction,simulated_actual_payout_lag_12,1.407915573594436
obs_ae76078112de1e19,PCA Reconstruction,simulated_actual_payout_year_over_year_growth,1.0600618686469867
obs_ae76078112de1e19,PCA Reconstruction,distinct_customers_team_relative,0.8272355233977136
obs_cab2f02823010593,PCA Reconstruction,new_customers,1.3993851277815643
obs_cab2f02823010593,PCA Reconstruction,distinct_customers_team_relative,0.4278360314402024
obs_cab2f02823010593,PCA Reconstruction,product_breadth_change,0.34737263517325745
obs_ad162f0da1ddaea0,PCA Reconstruction,new_customers,1.219571632828868
obs_ad162f0da1ddaea0,PCA Reconstruction,distinct_customers_rolling_MAD,0.5193308078809341
obs_ad162f0da1ddaea0,PCA Reconstruction,distinct_customers_team_relative,0.40152169176703434
obs_719dd21e1e34c0bc,PCA Reconstruction,new_customers,3.4722077993346194
obs_719dd21e1e34c0bc,PCA Reconstruction,distributor_count,1.484425187299133
obs_719dd21e1e34c0bc,PCA Reconstruction,distinct_customers_history_deviation,1.3348652578211244
obs_b3ea536c255a1fa0,PCA Reconstruction,distributor_count,2.762913502057436
obs_b3ea536c255a1fa0,PCA Reconstruction,distinct_customers_rolling_std,1.085987969306256
obs_b3ea536c255a1fa0,PCA Reconstruction,simulated_actual_payout_peer_median,1.0001246453811972
obs_40d2a5c507a80451,PCA Reconstruction,distributor_count,3.395954531090235
obs_40d2a5c507a80451,PCA Reconstruction,distributor_mix_change,2.2347531063044923
obs_40d2a5c507a80451,PCA Reconstruction,new_customers,2.147353908638126
obs_029ecd95fba21f9c,PCA Reconstruction,new_customers,2.996043871790205
obs_029ecd95fba21f9c,PCA Reconstruction,distributor_mix_change,2.5649365471280854
obs_029ecd95fba21f9c,PCA Reconstruction,distinct_customers_lag_2,1.2995407374534573
obs_283347040803c6fd,PCA Reconstruction,simulated_payout_to_sales_ratio,2.5131251475949936
obs_283347040803c6fd,PCA Reconstruction,customer_loss_rate,1.5856214573489888
obs_283347040803c6fd,PCA Reconstruction,distinct_products,0.5418203480474684
obs_222be41c80285855,PCA Reconstruction,total_sales_rolling_mean_6,1.028294264811184
obs_222be41c80285855,PCA Reconstruction,distinct_customers_team_relative,0.5311581283183004
obs_222be41c80285855,PCA Reconstruction,total_sales_rolling_median,0.3691995460774764
obs_7df95534430eb52e,PCA Reconstruction,total_sales_rolling_median,0.4326533884476338
obs_7df95534430eb52e,PCA Reconstruction,distinct_customers_lag_3,0.3181378317878389
obs_7df95534430eb52e,PCA Reconstruction,distinct_customers_rolling_std,0.3146967734814214
obs_d7588b4ecd54fe15,PCA Reconstruction,simulated_actual_payout_rolling_MAD,1.0181846529612029
obs_d7588b4ecd54fe15,PCA Reconstruction,simulated_actual_payout_history_deviation,0.738942949828548
obs_d7588b4ecd54fe15,PCA Reconstruction,simulated_actual_payout_rolling_mean_3,0.5527963202836549
obs_7a3cb9bbbabd3d02,PCA Reconstruction,simulated_actual_payout_rolling_MAD,1.3546069039074373
obs_7a3cb9bbbabd3d02,PCA Reconstruction,simulated_actual_payout_history_deviation,1.0375080271428514
obs_7a3cb9bbbabd3d02,PCA Reconstruction,simulated_actual_payout_lag_3,0.7775607651956622
obs_31045847f351a000,PCA Reconstruction,simulated_actual_payout_history_deviation,0.7544809696380713
obs_31045847f351a000,PCA Reconstruction,product_mix_change,0.6913147725912708
obs_31045847f351a000,PCA Reconstruction,simulated_actual_payout_rolling_MAD,0.5303257694805686
obs_f5a2bc00a25b9fe0,PCA Reconstruction,simulated_actual_payout_history_deviation,0.3750991434816699
obs_f5a2bc00a25b9fe0,PCA Reconstruction,customer_loss_rate,0.34982654247254696
obs_f5a2bc00a25b9fe0,PCA Reconstruction,distributor_mix_change,0.32307672459518216
obs_46b36b716e668282,PCA Reconstruction,total_quantity_lag_2,0.249435485652449
obs_46b36b716e668282,PCA Reconstruction,product_breadth_change,0.2459185901060411
obs_46b36b716e668282,PCA Reconstruction,distinct_customers_lag_2,0.15826811503322694
obs_3771f7c1c99a1778,PCA Reconstruction,distributor_mix_change,0.38724627876046525
obs_3771f7c1c99a1778,PCA Reconstruction,total_quantity_history_deviation,0.24635504844839362
obs_3771f7c1c99a1778,PCA Reconstruction,customer_loss_rate,0.21448530575968822
obs_152b6d99c0c4df97,PCA Reconstruction,product_mix_change,0.8490755352993826
obs_152b6d99c0c4df97,PCA Reconstruction,distributor_mix_change,0.7548065322651352
obs_152b6d99c0c4df97,PCA Reconstruction,distinct_customers_team_relative,0.28817145190154175
obs_f475e4fedd906f56,PCA Reconstruction,customer_loss_rate,0.6431984270282919
obs_f475e4fedd906f56,PCA Reconstruction,distributor_count,0.32461455278883694
obs_f475e4fedd906f56,PCA Reconstruction,product_mix_change,0.23706358075837405
obs_ab519ebdd644e5c5,PCA Reconstruction,product_class_share,0.2776930487176017
obs_ab519ebdd644e5c5,PCA Reconstruction,distinct_customers_rolling_MAD,0.27445703163660773
obs_ab519ebdd644e5c5,PCA Reconstruction,product_mix_change,0.2572101691972653
obs_2c519e675a4e2e1f,PCA Reconstruction,total_quantity_lag_2,0.22496046614096804
obs_2c519e675a4e2e1f,PCA Reconstruction,total_quantity_lag_12,0.19720827262534835
obs_2c519e675a4e2e1f,PCA Reconstruction,distributor_mix_change,0.17784191855307746
obs_1da4f5589c48ff4d,PCA Reconstruction,total_quantity_peer_median,0.3980789580621022
obs_1da4f5589c48ff4d,PCA Reconstruction,distributor_mix_change,0.3961681983235106
obs_1da4f5589c48ff4d,PCA Reconstruction,total_sales_acceleration,0.37977438965743143
obs_65f07f4f4eb1e0db,PCA Reconstruction,simulated_actual_payout_acceleration,0.5240352723168008
obs_65f07f4f4eb1e0db,PCA Reconstruction,product_class_share,0.507921819628121
obs_65f07f4f4eb1e0db,PCA Reconstruction,total_quantity_acceleration,0.4965570665096052
obs_2dc57f17872057ae,PCA Reconstruction,total_quantity_lag_3,0.6063959115435574
obs_2dc57f17872057ae,PCA Reconstruction,total_sales_trend,0.4685784764980305
obs_2dc57f17872057ae,PCA Reconstruction,total_sales_history_deviation,0.33882283126162216
obs_82dcc2fae6ada85d,PCA Reconstruction,total_sales_trend,0.29186991052349803
obs_82dcc2fae6ada85d,PCA Reconstruction,new_customers,0.2887643775386462
obs_82dcc2fae6ada85d,PCA Reconstruction,simulated_actual_payout_lag_12,0.23931160727605763
obs_764b11dc03c59828,PCA Reconstruction,distributor_count,0.2106986395491411
obs_764b11dc03c59828,PCA Reconstruction,new_customers,0.20167272611690892
obs_764b11dc03c59828,PCA Reconstruction,country_mix,0.18358137584751388
obs_814d909eb1b13241,PCA Reconstruction,distributor_concentration,2.0593305632596333
obs_814d909eb1b13241,PCA Reconstruction,simulated_actual_payout_year_over_year_growth,1.1333467659552015
obs_814d909eb1b13241,PCA Reconstruction,distinct_customers_rolling_std,0.735439853220358
obs_715980a25487fbb7,PCA Reconstruction,new_customers,1.3850507935047067
obs_715980a25487fbb7,PCA Reconstruction,distinct_customers_rolling_std,0.7193072341076759
obs_715980a25487fbb7,PCA Reconstruction,total_quantity_peer_percentile,0.36222958580855275
obs_db498019c207f8e7,PCA Reconstruction,country_mix,0.825322496331277
obs_db498019c207f8e7,PCA Reconstruction,new_customers,0.4062446998784111
obs_db498019c207f8e7,PCA Reconstruction,distinct_customers_rolling_std,0.32144373326025805
obs_869858b4a85fea8e,PCA Reconstruction,new_customers,1.7106452286052831
obs_869858b4a85fea8e,PCA Reconstruction,distinct_customers_rolling_std,0.6165005947199481
obs_869858b4a85fea8e,PCA Reconstruction,simulated_actual_payout_lag_12,0.454627734170226
obs_0d5a0dc193224e6f,PCA Reconstruction,new_customers,1.0931402674869024
obs_0d5a0dc193224e6f,PCA Reconstruction,product_breadth_change,0.46423787230922775
obs_0d5a0dc193224e6f,PCA Reconstruction,distributor_mix_change,0.36912493269582886
obs_9750cd1cd2a5da29,PCA Reconstruction,new_customers,2.9744785043719144
obs_9750cd1cd2a5da29,PCA Reconstruction,distributor_mix_change,0.7623431030772665
obs_9750cd1cd2a5da29,PCA Reconstruction,distributor_concentration,0.34191864835179914
obs_d3b36dade48871aa,PCA Reconstruction,new_customers,2.285344062095561
obs_d3b36dade48871aa,PCA Reconstruction,distributor_count,2.2133111148417655
obs_d3b36dade48871aa,PCA Reconstruction,distinct_customers_history_deviation,1.1639166665882228
obs_ecaec85bcc962090,PCA Reconstruction,new_customers,7.9159553102586875
obs_ecaec85bcc962090,PCA Reconstruction,product_breadth_change,3.584282634902594
obs_ecaec85bcc962090,PCA Reconstruction,distinct_customers_rolling_std,2.085218029325162
obs_83c232f4208bd0fe,PCA Reconstruction,new_customers,3.1183194463622477
obs_83c232f4208bd0fe,PCA Reconstruction,distinct_customers_rolling_std,1.562259783779754
obs_83c232f4208bd0fe,PCA Reconstruction,distributor_count,1.5214259676634247
obs_f2502bed51b9399e,PCA Reconstruction,new_customers,4.950485179087188
obs_f2502bed51b9399e,PCA Reconstruction,distinct_customers_rolling_std,1.6649631125538755
obs_f2502bed51b9399e,PCA Reconstruction,customer_loss_rate,0.9981818326715567
obs_83055e50e6f6811e,PCA Reconstruction,product_class_share,0.402051802997235
obs_83055e50e6f6811e,PCA Reconstruction,distinct_products,0.26378324475943943
obs_83055e50e6f6811e,PCA Reconstruction,simulated_payout_to_sales_ratio,0.18753728334756695
obs_b9bc7db691e69391,PCA Reconstruction,product_breadth_change,1.224439564214684
obs_b9bc7db691e69391,PCA Reconstruction,distinct_customers_history_deviation,0.5843868009211971
obs_b9bc7db691e69391,PCA Reconstruction,distinct_customers_acceleration,0.35742405379545095
obs_cbef484e3c7c0382,PCA Reconstruction,total_sales_history_deviation,0.793300774420681
obs_cbef484e3c7c0382,PCA Reconstruction,total_quantity_history_deviation,0.6281687095418796
obs_cbef484e3c7c0382,PCA Reconstruction,simulated_actual_payout_history_deviation,0.4446999711521963
obs_a52ce93450ef5679,PCA Reconstruction,simulated_actual_payout_trend,0.7606218259112006
obs_a52ce93450ef5679,PCA Reconstruction,distinct_customers_lag_2,0.5572586283888374
obs_a52ce93450ef5679,PCA Reconstruction,total_quantity_lag_3,0.5356916608302597
obs_fa54618d2a4094a5,PCA Reconstruction,customer_loss_rate,0.5799503058515822
obs_fa54618d2a4094a5,PCA Reconstruction,simulated_payout_to_sales_ratio,0.3935855094967287
obs_fa54618d2a4094a5,PCA Reconstruction,product_breadth_change,0.22895533113050387
obs_cd8dac85daf8eeee,PCA Reconstruction,product_class_share,0.3188148287657922
obs_cd8dac85daf8eeee,PCA Reconstruction,total_quantity_peer_percentile,0.25506129580087783
obs_cd8dac85daf8eeee,PCA Reconstruction,subchannel_mix,0.21763376788743
obs_d10cb88749985b04,PCA Reconstruction,simulated_actual_payout_rolling_median,0.26141588763952506
obs_d10cb88749985b04,PCA Reconstruction,product_mix_change,0.24863213474651263
obs_d10cb88749985b04,PCA Reconstruction,simulated_actual_payout_trend,0.2232919925309972
obs_11f4affb67725d32,PCA Reconstruction,channel_mix,0.7931439125826703
obs_11f4affb67725d32,PCA Reconstruction,subchannel_mix,0.44712753685573214
obs_11f4affb67725d32,PCA Reconstruction,simulated_payout_to_sales_ratio,0.37180230200581516
obs_c46a04bd3ca97237,PCA Reconstruction,simulated_actual_payout_acceleration,0.2794372463790567
obs_c46a04bd3ca97237,PCA Reconstruction,total_sales_peer_percentile,0.18548192156044857
obs_c46a04bd3ca97237,PCA Reconstruction,distributor_mix_change,0.18149486834935652
obs_f1851f3b6216586c,PCA Reconstruction,distributor_count,0.3844434029754859
obs_f1851f3b6216586c,PCA Reconstruction,new_customers,0.21072749058842566
obs_f1851f3b6216586c,PCA Reconstruction,simulated_actual_payout_peer_median,0.17878975207617562
obs_ac8617af5e0b678b,PCA Reconstruction,distinct_customers_history_deviation,0.30088975458247985
obs_ac8617af5e0b678b,PCA Reconstruction,rank_change,0.23213788486260456
obs_ac8617af5e0b678b,PCA Reconstruction,simulated_actual_payout_peer_percentile,0.12749119299295597
obs_3bbdff331f9137e3,PCA Reconstruction,total_quantity_rolling_median,0.4309178401387279
obs_3bbdff331f9137e3,PCA Reconstruction,distributor_mix_change,0.42463038416503185
obs_3bbdff331f9137e3,PCA Reconstruction,product_class_share,0.2945796295717232
obs_0f31c86e24af9cf8,PCA Reconstruction,product_breadth_change,1.258897949505849
obs_0f31c86e24af9cf8,PCA Reconstruction,total_sales_year_over_year_growth,0.47854820296352074
obs_0f31c86e24af9cf8,PCA Reconstruction,total_quantity_year_over_year_growth,0.33584640401798543
obs_22572d8972a11a7a,PCA Reconstruction,product_mix_change,0.45525461816625207
obs_22572d8972a11a7a,PCA Reconstruction,distinct_customers_lag_2,0.4343425506104778
obs_22572d8972a11a7a,PCA Reconstruction,total_sales_peer_percentile,0.3086599726273486
obs_2bab812330fccd0a,PCA Reconstruction,product_class_share,0.285358340919609
obs_2bab812330fccd0a,PCA Reconstruction,rank_change,0.19679007533672535
obs_2bab812330fccd0a,PCA Reconstruction,simulated_actual_payout_rolling_median,0.16332388006091675
obs_69b988b1c5807b4f,PCA Reconstruction,simulated_actual_payout_lag_12,0.556703174409602
obs_69b988b1c5807b4f,PCA Reconstruction,product_class_share,0.5395517931058533
obs_69b988b1c5807b4f,PCA Reconstruction,simulated_actual_payout_acceleration,0.25748571232102957
obs_bbe7ee5daf199a40,PCA Reconstruction,distributor_mix_change,1.5213552542809516
obs_bbe7ee5daf199a40,PCA Reconstruction,simulated_actual_payout_year_over_year_growth,1.0018109651801514
obs_bbe7ee5daf199a40,PCA Reconstruction,distributor_count,0.8607137823498203
obs_e88018f46dc0d3cc,PCA Reconstruction,total_quantity_lag_12,0.3831586028309127
obs_e88018f46dc0d3cc,PCA Reconstruction,product_class_share,0.32911254035252263
obs_e88018f46dc0d3cc,PCA Reconstruction,country_mix,0.299794363611212
obs_4747f4b35ab970e0,PCA Reconstruction,distinct_customers_rolling_std,0.9344387028967233
obs_4747f4b35ab970e0,PCA Reconstruction,distinct_customers_history_deviation,0.5875012917311836
obs_4747f4b35ab970e0,PCA Reconstruction,simulated_actual_payout_lag_12,0.43496248345451655
obs_4f173c57255b3b98,PCA Reconstruction,distributor_mix_change,0.6959903028894777
obs_4f173c57255b3b98,PCA Reconstruction,distinct_customers_rolling_std,0.6198143283308903
obs_4f173c57255b3b98,PCA Reconstruction,country_mix,0.5640717992359461
obs_3b41febb948ea3f7,PCA Reconstruction,simulated_actual_payout_lag_12,0.6530523846251838
obs_3b41febb948ea3f7,PCA Reconstruction,distributor_count,0.5781946141064264
obs_3b41febb948ea3f7,PCA Reconstruction,distinct_customers_history_deviation,0.33003575466129353
obs_dd82569e4f306d85,PCA Reconstruction,new_customers,2.395928226423774
obs_dd82569e4f306d85,PCA Reconstruction,simulated_actual_payout_lag_12,1.3972114863942182
obs_dd82569e4f306d85,PCA Reconstruction,simulated_actual_payout_year_over_year_growth,0.5985674255232118
obs_7d82e1e05976e84b,PCA Reconstruction,new_customers,2.0442475593116103
obs_7d82e1e05976e84b,PCA Reconstruction,product_breadth_change,0.852265404544164
obs_7d82e1e05976e84b,PCA Reconstruction,product_mix_change,0.4111437632209935
obs_997531eee4ab4fe4,PCA Reconstruction,new_customers,4.594832035593945
obs_997531eee4ab4fe4,PCA Reconstruction,simulated_actual_payout_lag_12,0.6288350027433544
obs_997531eee4ab4fe4,PCA Reconstruction,distinct_customers_rolling_MAD,0.5843007243485515
obs_26bade2dab6a60d7,PCA Reconstruction,new_customers,2.769112165089164
obs_26bade2dab6a60d7,PCA Reconstruction,distinct_customers_rolling_std,1.1185925879944225
obs_26bade2dab6a60d7,PCA Reconstruction,distributor_concentration,0.8773135223116035
obs_c63e90bc4e49d113,PCA Reconstruction,new_customers,4.295363834147545
obs_c63e90bc4e49d113,PCA Reconstruction,product_mix_change,3.51772009437106
obs_c63e90bc4e49d113,PCA Reconstruction,distinct_customers_rolling_std,1.870514930447091
obs_a902eaa844131036,PCA Reconstruction,new_customers,12.699030996623925
obs_a902eaa844131036,PCA Reconstruction,distributor_count,2.4547450966166324
obs_a902eaa844131036,PCA Reconstruction,distinct_customers_rolling_std,1.3430755355883686
obs_b15c31a8737cf97b,PCA Reconstruction,new_customers,13.964085269661009
obs_b15c31a8737cf97b,PCA Reconstruction,distinct_customers_rolling_std,2.8234680345557206
obs_b15c31a8737cf97b,PCA Reconstruction,product_breadth_change,1.6434913780742753
obs_2e8f6e2448deb5b1,PCA Reconstruction,total_quantity_peer_median,0.10502510825844702
obs_2e8f6e2448deb5b1,PCA Reconstruction,product_class_share,0.07604080068235085
obs_2e8f6e2448deb5b1,PCA Reconstruction,rank_change,0.07179168387151083
obs_295fa136ae45538b,PCA Reconstruction,product_mix_change,0.26202294453773817
obs_295fa136ae45538b,PCA Reconstruction,total_quantity_history_deviation,0.23397144002656217
obs_295fa136ae45538b,PCA Reconstruction,customer_loss_rate,0.2092299358703329
obs_1a40591823016b5e,PCA Reconstruction,total_sales_rolling_std,0.32145941074275014
obs_1a40591823016b5e,PCA Reconstruction,simulated_actual_payout_peer_percentile,0.23485481095890895
obs_1a40591823016b5e,PCA Reconstruction,distributor_mix_change,0.19952805848919203
obs_cec78ecd285f9d4c,PCA Reconstruction,distributor_concentration,0.3831696095044128
obs_cec78ecd285f9d4c,PCA Reconstruction,simulated_actual_payout_history_deviation,0.32936935156903896
obs_cec78ecd285f9d4c,PCA Reconstruction,total_quantity_history_deviation,0.3252104789075685
obs_8bf010896264ce28,PCA Reconstruction,simulated_actual_payout_history_deviation,0.8635117939982895
obs_8bf010896264ce28,PCA Reconstruction,simulated_actual_payout_rolling_MAD,0.6108613972656838
obs_8bf010896264ce28,PCA Reconstruction,simulated_actual_payout_lag_12,0.3097302013243252
obs_80ff6c04046a9a5b,PCA Reconstruction,simulated_actual_payout_team_relative,0.5027870301098498
obs_80ff6c04046a9a5b,PCA Reconstruction,distinct_customers_lag_2,0.24271690890165798
obs_80ff6c04046a9a5b,PCA Reconstruction,total_quantity_history_deviation,0.23353951360917014
obs_872d280f7c2861d3,PCA Reconstruction,product_mix_change,3.551333957596687
obs_872d280f7c2861d3,PCA Reconstruction,total_quantity_team_relative,0.4448807715828483
obs_872d280f7c2861d3,PCA Reconstruction,simulated_actual_payout_rolling_MAD,0.36526840860920967
obs_b3dee67a1a9c8025,PCA Reconstruction,new_customers,0.522034828667519
obs_b3dee67a1a9c8025,PCA Reconstruction,repeat_customer_ratio,0.31010705678762024
obs_b3dee67a1a9c8025,PCA Reconstruction,simulated_actual_payout_rolling_std,0.26638221100112514
obs_25faf1088c7da548,PCA Reconstruction,product_mix_change,0.29538506723286584
obs_25faf1088c7da548,PCA Reconstruction,total_quantity_lag_2,0.15373570419040117
obs_25faf1088c7da548,PCA Reconstruction,simulated_actual_payout_history_deviation,0.13232034200817966
obs_cb9bf4bec2a9ea30,PCA Reconstruction,new_customers,0.18603446144001198
obs_cb9bf4bec2a9ea30,PCA Reconstruction,simulated_actual_payout_peer_median,0.1598703548542734
obs_cb9bf4bec2a9ea30,PCA Reconstruction,distinct_customers_peer_percentile,0.1388901201631642
obs_3746053215667910,PCA Reconstruction,total_quantity_peer_percentile,0.2799066682778987
obs_3746053215667910,PCA Reconstruction,product_breadth_change,0.24495344974129854
obs_3746053215667910,PCA Reconstruction,product_mix_change,0.24349775182527714
obs_4acb0549f6bbaac9,PCA Reconstruction,product_breadth_change,0.44015968202690503
obs_4acb0549f6bbaac9,PCA Reconstruction,product_class_share,0.34006477068385693
obs_4acb0549f6bbaac9,PCA Reconstruction,total_quantity_history_deviation,0.31166036999729213
obs_ea8244c706b522d3,PCA Reconstruction,total_quantity_history_deviation,0.5821576752019109
obs_ea8244c706b522d3,PCA Reconstruction,total_sales_year_over_year_growth,0.5002546497952043
obs_ea8244c706b522d3,PCA Reconstruction,representative_rank,0.4174629724929451
obs_5911d2aecb8e93dd,PCA Reconstruction,product_class_share,0.7366515706944787
obs_5911d2aecb8e93dd,PCA Reconstruction,total_quantity_history_deviation,0.4369486481899876
obs_5911d2aecb8e93dd,PCA Reconstruction,distinct_customers_rolling_std,0.3277124662192219
obs_c709399fb6797db1,PCA Reconstruction,country_mix,0.6320847243150242
obs_c709399fb6797db1,PCA Reconstruction,subchannel_mix,0.6175529824944526
obs_c709399fb6797db1,PCA Reconstruction,simulated_actual_payout_peer_median,0.4258072626968616
obs_176094043ab442f9,PCA Reconstruction,total_sales_peer_percentile,0.3616337661428182
obs_176094043ab442f9,PCA Reconstruction,channel_mix,0.31943390156478346
obs_176094043ab442f9,PCA Reconstruction,total_sales_peer_z,0.3051522443517901
obs_c57ea7aea4685d25,PCA Reconstruction,product_class_share,0.4995082527490829
obs_c57ea7aea4685d25,PCA Reconstruction,channel_mix,0.31526897959840133
obs_c57ea7aea4685d25,PCA Reconstruction,simulated_actual_payout_lag_12,0.31462790671356416
obs_429836da470579c8,PCA Reconstruction,simulated_actual_payout_peer_median,0.22346774674133812
obs_429836da470579c8,PCA Reconstruction,simulated_actual_payout_peer_z,0.19745153744203886
obs_429836da470579c8,PCA Reconstruction,total_quantity_rolling_std,0.19217883164091812
obs_9a1db00dd0321e4b,PCA Reconstruction,new_customers,0.6957445828665346
obs_9a1db00dd0321e4b,PCA Reconstruction,distinct_products,0.6266978244493985
obs_9a1db00dd0321e4b,PCA Reconstruction,distinct_customers_rolling_std,0.5395924696746988
obs_cf38fafc4c2ba121,PCA Reconstruction,simulated_actual_payout_peer_z,1.8182808301166202
obs_cf38fafc4c2ba121,PCA Reconstruction,new_customers,0.7823421579393405
obs_cf38fafc4c2ba121,PCA Reconstruction,total_sales_product_class_relative,0.6859044792634916
obs_ba930e8fb32ad5b2,PCA Reconstruction,simulated_actual_payout_year_over_year_growth,1.0716079306610788
obs_ba930e8fb32ad5b2,PCA Reconstruction,new_customers,0.8610096869365721
obs_ba930e8fb32ad5b2,PCA Reconstruction,simulated_actual_payout_lag_12,0.5999463635885114
obs_6fe7350a9a462d35,PCA Reconstruction,new_customers,1.1590579211657486
obs_6fe7350a9a462d35,PCA Reconstruction,distinct_products,0.7155742909406175
obs_6fe7350a9a462d35,PCA Reconstruction,distributor_mix_change,0.6567675223218026
obs_654b1292d0f5301d,PCA Reconstruction,new_customers,3.2363601101633996
obs_654b1292d0f5301d,PCA Reconstruction,product_breadth_change,0.8866027875494973
obs_654b1292d0f5301d,PCA Reconstruction,country_mix,0.36603932373909925
obs_02698c74129539a0,PCA Reconstruction,new_customers,1.6466201244221121
obs_02698c74129539a0,PCA Reconstruction,country_mix,0.308722010484734
obs_02698c74129539a0,PCA Reconstruction,distinct_customers_team_relative,0.2183018313483921
obs_d92fafc603dde4d2,PCA Reconstruction,distributor_count,1.9640219378310697
obs_d92fafc603dde4d2,PCA Reconstruction,simulated_actual_payout_peer_median,1.4513854258910586
obs_d92fafc603dde4d2,PCA Reconstruction,new_customers,1.0470536816336617
obs_f313d14aab3a2339,PCA Reconstruction,new_customers,10.718323487823882
obs_f313d14aab3a2339,PCA Reconstruction,simulated_actual_payout_peer_median,3.993033507970947
obs_f313d14aab3a2339,PCA Reconstruction,distinct_customers_rolling_std,1.7150240145253146
obs_ede105cce39324b6,PCA Reconstruction,distributor_count,2.8486594796358102
obs_ede105cce39324b6,PCA Reconstruction,distributor_mix_change,2.7422541773174762
obs_ede105cce39324b6,PCA Reconstruction,distinct_customers_rolling_std,2.70435716072543
obs_eb4e2baa04cbd2b4,PCA Reconstruction,distinct_customers_rolling_std,2.583206490870499
obs_eb4e2baa04cbd2b4,PCA Reconstruction,new_customers,2.0480460738760105
obs_eb4e2baa04cbd2b4,PCA Reconstruction,distinct_customers_lag_2,1.350119382248723
obs_f07bc33e8836907a,PCA Reconstruction,distributor_count,0.3661241925211108
obs_f07bc33e8836907a,PCA Reconstruction,representative_rank,0.08259052553346745
obs_f07bc33e8836907a,PCA Reconstruction,simulated_actual_payout_peer_percentile,0.07210732210656721
obs_491a9a8c5417d328,PCA Reconstruction,distinct_customers_team_relative,0.27078469580974396
obs_491a9a8c5417d328,PCA Reconstruction,customer_loss_rate,0.24213960651857902
obs_491a9a8c5417d328,PCA Reconstruction,rank_change,0.19031209306598817
obs_a87dc342c7f5200e,PCA Reconstruction,distributor_count,0.3545377443373848
obs_a87dc342c7f5200e,PCA Reconstruction,total_quantity_rolling_std,0.2902269162606484
obs_a87dc342c7f5200e,PCA Reconstruction,subchannel_mix,0.271178557032935
obs_b3c8277239037954,PCA Reconstruction,subchannel_mix,1.0548071840192064
obs_b3c8277239037954,PCA Reconstruction,simulated_actual_payout_rolling_MAD,0.8142116352665635
obs_b3c8277239037954,PCA Reconstruction,simulated_actual_payout_rolling_median,0.756301177238296
obs_18d835e8cd38b706,PCA Reconstruction,total_quantity_peer_percentile,0.5765397649607084
obs_18d835e8cd38b706,PCA Reconstruction,total_quantity_lag_3,0.48465517498961913
obs_18d835e8cd38b706,PCA Reconstruction,simulated_actual_payout_lag_1,0.3011569135074685
obs_289ab9e18df66978,PCA Reconstruction,representative_rank,0.3343817538190665
obs_289ab9e18df66978,PCA Reconstruction,product_breadth_change,0.2527179992966508
obs_289ab9e18df66978,PCA Reconstruction,distributor_concentration,0.20348949646809544
obs_ddd83c2b117e8f5b,PCA Reconstruction,representative_rank,0.6052196638054249
obs_ddd83c2b117e8f5b,PCA Reconstruction,product_breadth_change,0.5046196872533429
obs_ddd83c2b117e8f5b,PCA Reconstruction,distinct_customers_lag_2,0.272910723107414
obs_bb5e472971df2c98,PCA Reconstruction,distributor_mix_change,1.1403572523025043
obs_bb5e472971df2c98,PCA Reconstruction,simulated_actual_payout_team_relative,0.6425073607760275
obs_bb5e472971df2c98,PCA Reconstruction,product_breadth_change,0.6395274178150916
obs_dab91bf277f11629,PCA Reconstruction,distributor_mix_change,1.5884445307015853
obs_dab91bf277f11629,PCA Reconstruction,product_breadth_change,0.39442190016488093
obs_dab91bf277f11629,PCA Reconstruction,distributor_concentration,0.37055877520413866
obs_4064bef7e4437eb3,PCA Reconstruction,total_sales_peer_z,0.826220513528715
obs_4064bef7e4437eb3,PCA Reconstruction,distributor_mix_change,0.6897066612045928
obs_4064bef7e4437eb3,PCA Reconstruction,product_mix_change,0.518572725224357
obs_2042510e8fde8b3a,PCA Reconstruction,distributor_mix_change,0.7026225615144105
obs_2042510e8fde8b3a,PCA Reconstruction,simulated_actual_payout_lag_12,0.5261713080990218
obs_2042510e8fde8b3a,PCA Reconstruction,subchannel_mix,0.39027366489080595
obs_6df61fd7f1db7619,PCA Reconstruction,distributor_count,0.4216637505277105
obs_6df61fd7f1db7619,PCA Reconstruction,distinct_customers_team_relative,0.37069591502335525
obs_6df61fd7f1db7619,PCA Reconstruction,subchannel_mix,0.3085345862289361
obs_c6d22efbf62c3353,PCA Reconstruction,simulated_actual_payout_lag_12,0.33833562186700644
obs_c6d22efbf62c3353,PCA Reconstruction,distributor_count,0.2605113318340785
obs_c6d22efbf62c3353,PCA Reconstruction,product_breadth_change,0.235463685849757
obs_7494375c4869af73,PCA Reconstruction,simulated_actual_payout_history_deviation,0.5548783015550508
obs_7494375c4869af73,PCA Reconstruction,total_quantity_lag_2,0.5132194879467964
obs_7494375c4869af73,PCA Reconstruction,distributor_mix_change,0.3677915967005202
obs_5db46ab0de240248,PCA Reconstruction,simulated_actual_payout_history_deviation,0.5441799091628875
obs_5db46ab0de240248,PCA Reconstruction,total_quantity_lag_2,0.32282756858645073
obs_5db46ab0de240248,PCA Reconstruction,total_quantity_lag_3,0.2347489608323378
obs_860fc0db31e1f57e,PCA Reconstruction,simulated_actual_payout_history_deviation,0.5322717619378796
obs_860fc0db31e1f57e,PCA Reconstruction,product_mix_change,0.4439916584213095
obs_860fc0db31e1f57e,PCA Reconstruction,distributor_mix_change,0.4209540410893791
obs_887c39404f0a7a28,PCA Reconstruction,simulated_actual_payout_lag_12,1.710266892981556
obs_887c39404f0a7a28,PCA Reconstruction,product_mix_change,0.9061034512379018
obs_887c39404f0a7a28,PCA Reconstruction,distributor_mix_change,0.6803632176919728
obs_1f756071328bd279,PCA Reconstruction,distributor_mix_change,0.9369015910892742
obs_1f756071328bd279,PCA Reconstruction,country_mix,0.5411865984563925
obs_1f756071328bd279,PCA Reconstruction,product_mix_change,0.43220484047099805
obs_738f85c10c7498b9,PCA Reconstruction,simulated_actual_payout_year_over_year_growth,0.9196635291584143
obs_738f85c10c7498b9,PCA Reconstruction,distinct_customers_team_relative,0.627984466369578
obs_738f85c10c7498b9,PCA Reconstruction,distinct_products,0.45369403270421677
obs_b7684022d1716823,PCA Reconstruction,distributor_mix_change,0.582126579357108
obs_b7684022d1716823,PCA Reconstruction,rank_change,0.4908227946714368
obs_b7684022d1716823,PCA Reconstruction,distinct_customers_team_relative,0.39847895531099115
obs_8a94740ac921ff3c,PCA Reconstruction,country_mix,0.7902503810060452
obs_8a94740ac921ff3c,PCA Reconstruction,distinct_customers_team_relative,0.6299159326052337
obs_8a94740ac921ff3c,PCA Reconstruction,simulated_actual_payout_rolling_std,0.4774602042862043
obs_d17d011c1bbf4d3c,PCA Reconstruction,new_customers,0.5664846514204572
obs_d17d011c1bbf4d3c,PCA Reconstruction,simulated_actual_payout_lag_12,0.4480089353311873
obs_d17d011c1bbf4d3c,PCA Reconstruction,distinct_customers_team_relative,0.43386445007226077
obs_38471472e3d98d0e,PCA Reconstruction,product_mix_change,0.9522127141362279
obs_38471472e3d98d0e,PCA Reconstruction,product_breadth_change,0.6170661770510453
obs_38471472e3d98d0e,PCA Reconstruction,total_quantity_lag_2,0.5646036907734863
obs_c75b449bde71da7b,PCA Reconstruction,country_mix,0.6898674177854008
obs_c75b449bde71da7b,PCA Reconstruction,new_customers,0.6740275151857751
obs_c75b449bde71da7b,PCA Reconstruction,distinct_customers_team_relative,0.6265902383481989
obs_727bc88a4dbe8d76,PCA Reconstruction,new_customers,4.235148691992902
obs_727bc88a4dbe8d76,PCA Reconstruction,distributor_concentration,2.615539745064704
obs_727bc88a4dbe8d76,PCA Reconstruction,simulated_actual_payout_peer_median,1.5411707762476763
obs_1aef421c3f93f3b6,PCA Reconstruction,distinct_customers_rolling_std,1.6260584215607006
obs_1aef421c3f93f3b6,PCA Reconstruction,distinct_customers_year_over_year_growth,0.6073690745321457
obs_1aef421c3f93f3b6,PCA Reconstruction,distinct_customers_rolling_mean_6,0.5326877111876719
obs_7a0240e9b46b5764,PCA Reconstruction,distributor_count,3.3435119971987746
obs_7a0240e9b46b5764,PCA Reconstruction,distinct_customers_lag_2,2.163496673065621
obs_7a0240e9b46b5764,PCA Reconstruction,distinct_customers_rolling_std,2.007922728178391
obs_f3da011b799a8d8a,PCA Reconstruction,new_customers,4.909718283984674
obs_f3da011b799a8d8a,PCA Reconstruction,distinct_customers_rolling_std,1.8878014594007795
obs_f3da011b799a8d8a,PCA Reconstruction,distinct_customers_lag_2,1.8345148272105665
obs_c4541c1b7fa5a7c1,PCA Reconstruction,total_sales_peer_country_product_class_relative,0.2758004535543549
obs_c4541c1b7fa5a7c1,PCA Reconstruction,total_quantity_peer_median,0.27483191974628407
obs_c4541c1b7fa5a7c1,PCA Reconstruction,total_sales_product_class_relative,0.2649750307787643
obs_030786bf110b77d9,PCA Reconstruction,product_breadth_change,0.8307826450814417
obs_030786bf110b77d9,PCA Reconstruction,distributor_concentration,0.4492658412510427
obs_030786bf110b77d9,PCA Reconstruction,total_sales_history_deviation,0.3307900148518876
obs_5d8028d4f70396b1,PCA Reconstruction,total_quantity_rolling_std,3.50946713195571
obs_5d8028d4f70396b1,PCA Reconstruction,total_sales_rolling_std,3.0838096375469664
obs_5d8028d4f70396b1,PCA Reconstruction,distinct_customers_rolling_std,0.9039797606384665
obs_bfa8bb793ba5f061,PCA Reconstruction,distributor_count,0.5546649009751299
obs_bfa8bb793ba5f061,PCA Reconstruction,product_class_share,0.2718514600785746
obs_bfa8bb793ba5f061,PCA Reconstruction,total_quantity_peer_median,0.2238490858996388
obs_2f6c1e30a0ef34f9,PCA Reconstruction,channel_mix,0.4737566559673349
obs_2f6c1e30a0ef34f9,PCA Reconstruction,subchannel_mix,0.4355392328784827
obs_2f6c1e30a0ef34f9,PCA Reconstruction,distinct_customers_team_relative,0.3943498688252495
obs_a12aa273014350eb,PCA Reconstruction,product_breadth_change,0.5697193692593341
obs_a12aa273014350eb,PCA Reconstruction,total_quantity_history_deviation,0.45340136214327137
obs_a12aa273014350eb,PCA Reconstruction,median_price,0.41024477858132585
obs_e131b38f94d8f48c,PCA Reconstruction,product_breadth_change,0.64319257523958
obs_e131b38f94d8f48c,PCA Reconstruction,average_price,0.4394026510190432
obs_e131b38f94d8f48c,PCA Reconstruction,median_price,0.23021642229906364
obs_cfca299b6151f0fd,PCA Reconstruction,distributor_concentration,1.015098757845959
obs_cfca299b6151f0fd,PCA Reconstruction,average_price,1.0015838711405165
obs_cfca299b6151f0fd,PCA Reconstruction,median_price,0.7678021069539376
obs_96d486c242e7d757,PCA Reconstruction,distributor_mix_change,0.5622614665686412
obs_96d486c242e7d757,PCA Reconstruction,total_sales_month_over_month_growth,0.48831229233262735
obs_96d486c242e7d757,PCA Reconstruction,distributor_concentration,0.37996294948421994
obs_b2117b63c7fdf1f0,PCA Reconstruction,total_sales_acceleration,0.41326585284676837
obs_b2117b63c7fdf1f0,PCA Reconstruction,simulated_actual_payout_acceleration,0.3341529873049581
obs_b2117b63c7fdf1f0,PCA Reconstruction,distributor_count,0.27902156445078735
obs_6cca7e84c908df29,PCA Reconstruction,new_customers,0.7119201602129066
obs_6cca7e84c908df29,PCA Reconstruction,repeat_customer_ratio,0.35180521752429755
obs_6cca7e84c908df29,PCA Reconstruction,product_breadth_change,0.2645286332905575
obs_be9e83caa3668d51,PCA Reconstruction,simulated_actual_payout_trend,0.42376665790676843
obs_be9e83caa3668d51,PCA Reconstruction,distributor_mix_change,0.26756966538899524
obs_be9e83caa3668d51,PCA Reconstruction,total_quantity_peer_median,0.24418012297840916
obs_4e83a66c3379bca1,PCA Reconstruction,simulated_actual_payout_lag_12,1.0789029740497798
obs_4e83a66c3379bca1,PCA Reconstruction,distributor_mix_change,0.7625654773771592
obs_4e83a66c3379bca1,PCA Reconstruction,simulated_actual_payout_rolling_median,0.5629431134533006
obs_f56acbec9eb39062,PCA Reconstruction,product_mix_change,0.5656540451348284
obs_f56acbec9eb39062,PCA Reconstruction,total_quantity_rolling_median,0.5340613374880195
obs_f56acbec9eb39062,PCA Reconstruction,total_quantity_year_over_year_growth,0.4587092710120837
obs_39296f2dd57f23c5,PCA Reconstruction,product_mix_change,0.4170641567984767
obs_39296f2dd57f23c5,PCA Reconstruction,total_quantity_rolling_median,0.265793139078866
obs_39296f2dd57f23c5,PCA Reconstruction,total_sales_trend,0.2528653474849626
obs_b85f8754b648eccc,PCA Reconstruction,distributor_count,0.3855180886563948
obs_b85f8754b648eccc,PCA Reconstruction,product_breadth_change,0.2870960503429223
obs_b85f8754b648eccc,PCA Reconstruction,distributor_concentration,0.28077408976998103
obs_444e608e30a54b6e,PCA Reconstruction,average_price,0.5338687469065769
obs_444e608e30a54b6e,PCA Reconstruction,rank_change,0.4475025458322945
obs_444e608e30a54b6e,PCA Reconstruction,total_sales_trend,0.37136109945719065
obs_bb6a0cdc81535dd8,PCA Reconstruction,product_class_share,1.015811981656387
obs_bb6a0cdc81535dd8,PCA Reconstruction,subchannel_mix,0.5686937957086424
obs_bb6a0cdc81535dd8,PCA Reconstruction,simulated_actual_payout_year_over_year_growth,0.5644859864037448
obs_41a18ea035c0270e,PCA Reconstruction,product_breadth_change,0.6721986570284214
obs_41a18ea035c0270e,PCA Reconstruction,simulated_actual_payout_lag_12,0.6627325456926311
obs_41a18ea035c0270e,PCA Reconstruction,total_quantity_lag_2,0.5236988768545285
obs_8779f3e45326b375,PCA Reconstruction,simulated_actual_payout_year_over_year_growth,1.5494311393945808
obs_8779f3e45326b375,PCA Reconstruction,distributor_mix_change,1.1207977237113482
obs_8779f3e45326b375,PCA Reconstruction,total_sales_lag_12,0.9922587496830956
obs_d0c85db5106d817a,PCA Reconstruction,country_mix,0.7338295920264745
obs_d0c85db5106d817a,PCA Reconstruction,distinct_products,0.7051050305097086
obs_d0c85db5106d817a,PCA Reconstruction,new_customers,0.45318183150730906
obs_6b0d0d776be185aa,PCA Reconstruction,new_customers,2.116972077290491
obs_6b0d0d776be185aa,PCA Reconstruction,product_breadth_change,0.8079761469285931
obs_6b0d0d776be185aa,PCA Reconstruction,distinct_customers_team_relative,0.7805878009761674
obs_8973eca36cf1bc3a,PCA Reconstruction,new_customers,2.313610578930293
obs_8973eca36cf1bc3a,PCA Reconstruction,distributor_mix_change,1.2847712418436898
obs_8973eca36cf1bc3a,PCA Reconstruction,simulated_actual_payout_acceleration,1.0554975994094722
obs_468e5da9ded335e0,PCA Reconstruction,new_customers,3.7969983938291425
obs_468e5da9ded335e0,PCA Reconstruction,total_sales_rolling_mean_3,0.9462919653655661
obs_468e5da9ded335e0,PCA Reconstruction,product_mix_change,0.7339370021570233
obs_1d1e8ec6f77ea57d,PCA Reconstruction,new_customers,3.783247651543179
obs_1d1e8ec6f77ea57d,PCA Reconstruction,distributor_count,1.8581215484043996
obs_1d1e8ec6f77ea57d,PCA Reconstruction,distinct_customers_history_deviation,1.514846599107864
obs_5603690afa021eb9,PCA Reconstruction,new_customers,3.5914035773179216
obs_5603690afa021eb9,PCA Reconstruction,simulated_actual_payout_peer_median,1.7314020811053945
obs_5603690afa021eb9,PCA Reconstruction,product_breadth_change,1.4791369150126412
obs_e3fe1d34540d0fcd,PCA Reconstruction,new_customers,6.065338190478276
obs_e3fe1d34540d0fcd,PCA Reconstruction,distributor_count,1.8408653125518275
obs_e3fe1d34540d0fcd,PCA Reconstruction,distinct_customers_lag_2,1.4697687128212478
obs_f1ab3b7b1b980f80,PCA Reconstruction,new_customers,2.9252651796415154
obs_f1ab3b7b1b980f80,PCA Reconstruction,distributor_count,1.3854305136763405
obs_f1ab3b7b1b980f80,PCA Reconstruction,distinct_customers_rolling_std,1.3747731801763192
obs_de80b7e66a395c1a,PCA Reconstruction,representative_rank,0.410355390016805
obs_de80b7e66a395c1a,PCA Reconstruction,simulated_payout_to_sales_ratio,0.3316257365992337
obs_de80b7e66a395c1a,PCA Reconstruction,customer_loss_rate,0.23470329554574446
obs_a7f3e91e363adb24,PCA Reconstruction,distributor_concentration,0.42030565836427436
obs_a7f3e91e363adb24,PCA Reconstruction,total_sales_rolling_mean_6,0.3771354182469655
obs_a7f3e91e363adb24,PCA Reconstruction,distinct_customers_rolling_mean_6,0.3220759500447086
obs_032a9f23af907d2d,PCA Reconstruction,distinct_customers_rolling_std,0.8771370467005882
obs_032a9f23af907d2d,PCA Reconstruction,total_quantity_rolling_std,0.5332189278111645
obs_032a9f23af907d2d,PCA Reconstruction,total_sales_rolling_std,0.26127593239256663
obs_8198ac5b23196a98,PCA Reconstruction,distributor_mix_change,0.3500522504892791
obs_8198ac5b23196a98,PCA Reconstruction,product_breadth_change,0.27676536993113005
obs_8198ac5b23196a98,PCA Reconstruction,distinct_customers_history_deviation,0.2687287100350493
obs_b9bcbe879939acd8,PCA Reconstruction,total_sales_history_deviation,0.5140222551808619
obs_b9bcbe879939acd8,PCA Reconstruction,total_quantity_rolling_std,0.4809661808286523
obs_b9bcbe879939acd8,PCA Reconstruction,rank_change,0.32875950770278806
obs_21a3db0b42857c99,PCA Reconstruction,product_mix_change,1.006920515492159
obs_21a3db0b42857c99,PCA Reconstruction,total_sales_history_deviation,0.8189726629797173
obs_21a3db0b42857c99,PCA Reconstruction,distributor_concentration,0.7621456548144577
obs_d8f38bac5a7189ea,PCA Reconstruction,product_breadth_change,0.8315549983377145
obs_d8f38bac5a7189ea,PCA Reconstruction,distinct_customers_rolling_std,0.15381611429083075
obs_d8f38bac5a7189ea,PCA Reconstruction,total_sales_team_relative,0.14234469203604355
obs_0da60e41fb8b477f,PCA Reconstruction,distributor_mix_change,0.5678838498460449
obs_0da60e41fb8b477f,PCA Reconstruction,simulated_actual_payout_rolling_median,0.2491015820400423
obs_0da60e41fb8b477f,PCA Reconstruction,total_sales_peer_median,0.20808533683343872
obs_1f1f01127f45b59a,PCA Reconstruction,product_breadth_change,1.529088987985635
obs_1f1f01127f45b59a,PCA Reconstruction,subchannel_mix,0.38704216508564665
obs_1f1f01127f45b59a,PCA Reconstruction,simulated_actual_payout_peer_z,0.21933835138211333
obs_e60812d74c9fb245,PCA Reconstruction,distinct_customers_history_deviation,0.4131828500729022
obs_e60812d74c9fb245,PCA Reconstruction,subchannel_mix,0.35054019394977287
obs_e60812d74c9fb245,PCA Reconstruction,channel_mix,0.33795321971586656
obs_09e35c3d90ad95e2,PCA Reconstruction,distributor_mix_change,2.571972960500405
obs_09e35c3d90ad95e2,PCA Reconstruction,subchannel_mix,0.5571950860154874
obs_09e35c3d90ad95e2,PCA Reconstruction,product_mix_change,0.3414567345264229
obs_27595db232aba339,PCA Reconstruction,subchannel_mix,0.8392039208208586
obs_27595db232aba339,PCA Reconstruction,simulated_actual_payout_history_deviation,0.3702627962839979
obs_27595db232aba339,PCA Reconstruction,simulated_actual_payout_rolling_MAD,0.32809714216286817
obs_f3eeb6ab8efe986e,PCA Reconstruction,simulated_actual_payout_lag_12,0.4746476702862449
obs_f3eeb6ab8efe986e,PCA Reconstruction,total_quantity_lag_3,0.1436771691568578
obs_f3eeb6ab8efe986e,PCA Reconstruction,total_sales_year_over_year_growth,0.14120180755442974
obs_bb529e3286843150,PCA Reconstruction,product_breadth_change,0.4297582578986535
obs_bb529e3286843150,PCA Reconstruction,distributor_concentration,0.24935963292621977
obs_bb529e3286843150,PCA Reconstruction,simulated_actual_payout_lag_12,0.2180330741401381
obs_d617c65cefa48a3b,PCA Reconstruction,simulated_actual_payout_year_over_year_growth,0.7545833468432182
obs_d617c65cefa48a3b,PCA Reconstruction,total_sales_lag_12,0.4289780602488116
obs_d617c65cefa48a3b,PCA Reconstruction,total_quantity_year_over_year_growth,0.39443184170094386
obs_273a54b61e32c4fd,PCA Reconstruction,distributor_mix_change,0.8982688286014103
obs_273a54b61e32c4fd,PCA Reconstruction,distributor_concentration,0.7490888531018134
obs_273a54b61e32c4fd,PCA Reconstruction,product_mix_change,0.5250171234919663
obs_711cce7f67b668cc,PCA Reconstruction,distributor_mix_change,0.21825773554712738
obs_711cce7f67b668cc,PCA Reconstruction,total_sales_year_over_year_growth,0.18274849534934506
obs_711cce7f67b668cc,PCA Reconstruction,distinct_customers_peer_percentile,0.14995899016146608
obs_d4281d2971f0021c,PCA Reconstruction,distributor_mix_change,0.7272856280470706
obs_d4281d2971f0021c,PCA Reconstruction,product_mix_change,0.7084143291194637
obs_d4281d2971f0021c,PCA Reconstruction,simulated_actual_payout_peer_percentile,0.3889415949056429
obs_d3e759104ab317d1,PCA Reconstruction,distinct_customers_team_relative,0.7138658163519316
obs_d3e759104ab317d1,PCA Reconstruction,new_customers,0.5618332296518941
obs_d3e759104ab317d1,PCA Reconstruction,distributor_concentration,0.4926698889296093
obs_9cbb78a59c69d4a9,PCA Reconstruction,simulated_actual_payout_lag_12,0.5462133613582522
obs_9cbb78a59c69d4a9,PCA Reconstruction,country_mix,0.5290860224297214
obs_9cbb78a59c69d4a9,PCA Reconstruction,distributor_mix_change,0.5204177436352427
obs_52369d90c0aa2b23,PCA Reconstruction,product_breadth_change,1.0656386819079202
obs_52369d90c0aa2b23,PCA Reconstruction,new_customers,0.5251480468922278
obs_52369d90c0aa2b23,PCA Reconstruction,distinct_customers_team_relative,0.41654045486669217
obs_1b2ee89cf7f0c53d,PCA Reconstruction,new_customers,2.1692103359614547
obs_1b2ee89cf7f0c53d,PCA Reconstruction,distinct_customers_history_deviation,0.956034845929295
obs_1b2ee89cf7f0c53d,PCA Reconstruction,distinct_customers_team_relative,0.6918073791126449
obs_f35a4a916f36d9b2,PCA Reconstruction,product_mix_change,1.0621489290067547
obs_f35a4a916f36d9b2,PCA Reconstruction,distinct_products,0.525390998298152
obs_f35a4a916f36d9b2,PCA Reconstruction,distinct_customers_rolling_std,0.4486190037784635
obs_625a8b4aed948ddc,PCA Reconstruction,new_customers,3.9337484843388846
obs_625a8b4aed948ddc,PCA Reconstruction,country_mix,0.9115220137835083
obs_625a8b4aed948ddc,PCA Reconstruction,simulated_actual_payout_lag_12,0.818910967536274
obs_ac9bfa1d0f0d2a77,PCA Reconstruction,distributor_count,1.9790329443212868
obs_ac9bfa1d0f0d2a77,PCA Reconstruction,simulated_actual_payout_peer_median,0.8824145671949183
obs_ac9bfa1d0f0d2a77,PCA Reconstruction,new_customers,0.6536756538969805
obs_32c4914e8957141c,PCA Reconstruction,new_customers,2.0210292782120205
obs_32c4914e8957141c,PCA Reconstruction,simulated_actual_payout_peer_median,1.7329125505989784
obs_32c4914e8957141c,PCA Reconstruction,distributor_mix_change,0.9227576140272441
obs_270a4ee8731bbb8b,PCA Reconstruction,new_customers,2.7428988503037215
obs_270a4ee8731bbb8b,PCA Reconstruction,simulated_actual_payout_peer_median,1.7915991410210101
obs_270a4ee8731bbb8b,PCA Reconstruction,distributor_count,1.0361362982829547
obs_af7d3e7b7e77e818,PCA Reconstruction,new_customers,1.9650231304698715
obs_af7d3e7b7e77e818,PCA Reconstruction,distinct_customers_rolling_std,1.794699704085272
obs_af7d3e7b7e77e818,PCA Reconstruction,distinct_customers_year_over_year_growth,0.7325692994093076
obs_7c68c00e71ff9fe8,PCA Reconstruction,distinct_products,0.26854619345813396
obs_7c68c00e71ff9fe8,PCA Reconstruction,channel_mix,0.24214365664432277
obs_7c68c00e71ff9fe8,PCA Reconstruction,distributor_concentration,0.1977159165442699
obs_d2cf2c89908bdb7d,PCA Reconstruction,total_quantity_rolling_median,0.5239582675952694
obs_d2cf2c89908bdb7d,PCA Reconstruction,total_sales_rolling_median,0.4975627224747973
obs_d2cf2c89908bdb7d,PCA Reconstruction,product_breadth_change,0.3382050535314307
obs_580cfc40f7f72f88,PCA Reconstruction,distributor_mix_change,1.8652587659406932
obs_580cfc40f7f72f88,PCA Reconstruction,product_mix_change,0.620150539019092
obs_580cfc40f7f72f88,PCA Reconstruction,distinct_customers_lag_3,0.3194864445679128
obs_7c97c97fa8a7c0b4,PCA Reconstruction,total_sales_history_deviation,0.7424213340882753
obs_7c97c97fa8a7c0b4,PCA Reconstruction,total_sales_rolling_median,0.5918115763088168
obs_7c97c97fa8a7c0b4,PCA Reconstruction,product_class_share,0.458811512749188
obs_b489f41fa1a1d83a,PCA Reconstruction,product_breadth_change,0.4369330287960191
obs_b489f41fa1a1d83a,PCA Reconstruction,rank_change,0.34891151627677
obs_b489f41fa1a1d83a,PCA Reconstruction,product_class_share,0.2722797116827279
obs_4049e33faa0cd4a6,PCA Reconstruction,total_quantity_lag_2,0.3329517273687801
obs_4049e33faa0cd4a6,PCA Reconstruction,simulated_actual_payout_trend,0.30187470688464296
obs_4049e33faa0cd4a6,PCA Reconstruction,simulated_actual_payout_lag_12,0.29955129427367755
obs_784cce7d1dff5f04,PCA Reconstruction,total_quantity_lag_1,0.8990443329541665
obs_784cce7d1dff5f04,PCA Reconstruction,total_quantity_month_over_month_growth,0.6255531722733165
obs_784cce7d1dff5f04,PCA Reconstruction,total_quantity_acceleration,0.4986234079641025
obs_24067fd1cb5c5458,PCA Reconstruction,total_quantity_lag_2,1.5223401166682833
obs_24067fd1cb5c5458,PCA Reconstruction,total_quantity_rolling_std,0.5968462278745825
obs_24067fd1cb5c5458,PCA Reconstruction,distinct_customers_rolling_MAD,0.4337367004124996
obs_04785f3723d6cf91,PCA Reconstruction,total_quantity_lag_3,0.9997080731691341
obs_04785f3723d6cf91,PCA Reconstruction,customer_loss_rate,0.694227745638976
obs_04785f3723d6cf91,PCA Reconstruction,total_sales_trend,0.5595742183204164
obs_88b20e5920dd5e98,PCA Reconstruction,distributor_concentration,0.46672630888568156
obs_88b20e5920dd5e98,PCA Reconstruction,distinct_customers_team_relative,0.35107212721127173
obs_88b20e5920dd5e98,PCA Reconstruction,simulated_actual_payout_rolling_median,0.25965643051173287
obs_1fb45de867904e30,PCA Reconstruction,distributor_mix_change,0.3784649264871064
obs_1fb45de867904e30,PCA Reconstruction,distinct_customers_rolling_std,0.22744244999997124
obs_1fb45de867904e30,PCA Reconstruction,subchannel_mix,0.16886261796512514
obs_b5a779d3c73ff828,PCA Reconstruction,distributor_mix_change,0.6387746595000277
obs_b5a779d3c73ff828,PCA Reconstruction,distinct_customers_team_relative,0.41951013438813617
obs_b5a779d3c73ff828,PCA Reconstruction,total_sales_history_deviation,0.3145904911178417
obs_ced085c0a2ae1390,PCA Reconstruction,simulated_actual_payout_lag_12,0.6152613809522972
obs_ced085c0a2ae1390,PCA Reconstruction,distributor_concentration,0.5202525592000751
obs_ced085c0a2ae1390,PCA Reconstruction,customer_loss_rate,0.3246974658634891
obs_be1abd6ef911b39d,PCA Reconstruction,total_sales_peer_z,0.43323963212107147
obs_be1abd6ef911b39d,PCA Reconstruction,total_quantity_peer_median,0.22529218088114347
obs_be1abd6ef911b39d,PCA Reconstruction,average_price,0.18768828292915526
obs_3ee56a81248f2d77,PCA Reconstruction,simulated_actual_payout_year_over_year_growth,0.6752720810019468
obs_3ee56a81248f2d77,PCA Reconstruction,total_sales_trend,0.5598303080828204
obs_3ee56a81248f2d77,PCA Reconstruction,simulated_actual_payout_peer_percentile,0.3745293826493306
obs_95eda1f07670c051,PCA Reconstruction,distributor_concentration,0.4314268334959441
obs_95eda1f07670c051,PCA Reconstruction,total_quantity_history_deviation,0.36516647157482185
obs_95eda1f07670c051,PCA Reconstruction,simulated_actual_payout_year_over_year_growth,0.30964526739745185
obs_137a195db407e4f6,PCA Reconstruction,product_class_share,0.8841043767684401
obs_137a195db407e4f6,PCA Reconstruction,total_quantity_history_deviation,0.5060900710811743
obs_137a195db407e4f6,PCA Reconstruction,simulated_actual_payout_rolling_std,0.4881597170338815
obs_b1028deaf46c2615,PCA Reconstruction,new_customers,0.3677495552457229
obs_b1028deaf46c2615,PCA Reconstruction,total_quantity_history_deviation,0.3091218092548124
obs_b1028deaf46c2615,PCA Reconstruction,total_quantity_lag_2,0.3017410975153824
obs_e39ea366e4d6721a,PCA Reconstruction,new_customers,0.9556182537116825
obs_e39ea366e4d6721a,PCA Reconstruction,distributor_concentration,0.9545446836572096
obs_e39ea366e4d6721a,PCA Reconstruction,total_sales_rolling_mean_3,0.5272587885753132
obs_dda6ce1e09326005,PCA Reconstruction,distinct_customers_rolling_std,0.6694270980754188
obs_dda6ce1e09326005,PCA Reconstruction,new_customers,0.5275512207758546
obs_dda6ce1e09326005,PCA Reconstruction,distinct_customers_team_relative,0.4586940612166753
obs_024ec09aea430081,PCA Reconstruction,new_customers,1.9117211270652954
obs_024ec09aea430081,PCA Reconstruction,distinct_customers_rolling_std,0.3238577472828183
obs_024ec09aea430081,PCA Reconstruction,simulated_actual_payout_rolling_median,0.30238167486061657
obs_c156fa7d11107354,PCA Reconstruction,new_customers,3.5497272111783835
obs_c156fa7d11107354,PCA Reconstruction,simulated_actual_payout_lag_12,1.2975430895972089
obs_c156fa7d11107354,PCA Reconstruction,distinct_customers_rolling_std,1.1205246697474716
obs_2ad467b788104948,PCA Reconstruction,new_customers,2.018866253359032
obs_2ad467b788104948,PCA Reconstruction,simulated_actual_payout_year_over_year_growth,0.8694792490090911
obs_2ad467b788104948,PCA Reconstruction,country_mix,0.6521759212384968
obs_b2bcdf9d58cc00f9,PCA Reconstruction,new_customers,2.9410939744190734
obs_b2bcdf9d58cc00f9,PCA Reconstruction,simulated_actual_payout_lag_12,0.9148050437889113
obs_b2bcdf9d58cc00f9,PCA Reconstruction,total_sales_lag_12,0.5086200581711053
obs_36c0297ca3b151d8,PCA Reconstruction,new_customers,5.086089601301225
obs_36c0297ca3b151d8,PCA Reconstruction,distributor_count,2.299744539322323
obs_36c0297ca3b151d8,PCA Reconstruction,total_sales_team_relative,0.8398522575763568
obs_933ff6c411f73168,PCA Reconstruction,new_customers,12.217710731550156
obs_933ff6c411f73168,PCA Reconstruction,distinct_customers_rolling_std,1.8140077990965526
obs_933ff6c411f73168,PCA Reconstruction,simulated_actual_payout_peer_median,1.4628261950826351
obs_3e27772abe511521,PCA Reconstruction,new_customers,11.933774918402523
obs_3e27772abe511521,PCA Reconstruction,distributor_count,2.846595979393798
obs_3e27772abe511521,PCA Reconstruction,distinct_customers_rolling_std,2.639429517445301
obs_b22cc8e4dd6ae929,PCA Reconstruction,new_customers,7.246785841828535
obs_b22cc8e4dd6ae929,PCA Reconstruction,distinct_customers_rolling_std,1.8271161454103626
obs_b22cc8e4dd6ae929,PCA Reconstruction,distinct_customers_lag_2,1.1222014971721275
obs_0ecee085edee1190,PCA Reconstruction,distributor_concentration,0.7168392090221094
obs_0ecee085edee1190,PCA Reconstruction,distinct_customers_history_deviation,0.29655332142496243
obs_0ecee085edee1190,PCA Reconstruction,total_quantity_history_deviation,0.2150512994673143
obs_70ea2d6d0e6b545a,PCA Reconstruction,total_quantity_rolling_mean_6,0.7616260513915918
obs_70ea2d6d0e6b545a,PCA Reconstruction,distinct_customers_rolling_mean_6,0.4479379434035173
obs_70ea2d6d0e6b545a,PCA Reconstruction,total_quantity_rolling_mean_3,0.3146795130976354
obs_69f095f1b1b8c387,PCA Reconstruction,distinct_customers_rolling_std,1.7304112121909876
obs_69f095f1b1b8c387,PCA Reconstruction,total_quantity_peer_z,0.3932717067878434
obs_69f095f1b1b8c387,PCA Reconstruction,product_breadth_change,0.2906174028638999
obs_7202190d3204b693,PCA Reconstruction,simulated_actual_payout_history_deviation,0.9119064964115989
obs_7202190d3204b693,PCA Reconstruction,simulated_actual_payout_rolling_MAD,0.5225394418746844
obs_7202190d3204b693,PCA Reconstruction,simulated_actual_payout_lag_3,0.4151145603171358
obs_fe2223edc7dda8f0,PCA Reconstruction,rank_change,0.36222079980314087
obs_fe2223edc7dda8f0,PCA Reconstruction,distinct_customers_rolling_std,0.2968282794059353
obs_fe2223edc7dda8f0,PCA Reconstruction,product_class_share,0.21927142897557103
obs_03e86b2dcbe5f4d0,PCA Reconstruction,distributor_count,0.4453813966406148
obs_03e86b2dcbe5f4d0,PCA Reconstruction,simulated_actual_payout_lag_12,0.2898026331861177
obs_03e86b2dcbe5f4d0,PCA Reconstruction,total_quantity_peer_percentile,0.23853749779412883
obs_522da6976e00143e,PCA Reconstruction,product_class_share,0.6381994288054809
obs_522da6976e00143e,PCA Reconstruction,distinct_customers_rolling_std,0.2806013478700835
obs_522da6976e00143e,PCA Reconstruction,distinct_customers_rolling_MAD,0.2289178834149391
obs_30a9bc2058690733,PCA Reconstruction,new_customers,0.5869510775955301
obs_30a9bc2058690733,PCA Reconstruction,simulated_actual_payout_trend,0.32271882770717963
obs_30a9bc2058690733,PCA Reconstruction,repeat_customer_ratio,0.3116852933075947
obs_75fa3743c534e3c6,PCA Reconstruction,product_breadth_change,0.5198369533603586
obs_75fa3743c534e3c6,PCA Reconstruction,distinct_customers_rolling_std,0.276424969972283
obs_75fa3743c534e3c6,PCA Reconstruction,simulated_actual_payout_rolling_median,0.24414279418602713
obs_543f9b59451b6c6e,PCA Reconstruction,distinct_customers_lag_2,0.7486425598899927
obs_543f9b59451b6c6e,PCA Reconstruction,customer_loss_rate,0.5551986441372775
obs_543f9b59451b6c6e,PCA Reconstruction,total_quantity_lag_2,0.5019818999289407
obs_a7ba022cd2dedf7b,PCA Reconstruction,distributor_mix_change,0.4780780795059149
obs_a7ba022cd2dedf7b,PCA Reconstruction,distinct_customers_rolling_std,0.3384765264794931
obs_a7ba022cd2dedf7b,PCA Reconstruction,distinct_customers_lag_2,0.2290465841974015
obs_ca4ce1272b47d942,PCA Reconstruction,subchannel_mix,2.0663520845666414
obs_ca4ce1272b47d942,PCA Reconstruction,channel_mix,0.5827642235776669
obs_ca4ce1272b47d942,PCA Reconstruction,distinct_customers_team_relative,0.4646755671200636
obs_5ca8d0b45db80818,PCA Reconstruction,simulated_actual_payout_lag_12,0.7796749836771583
obs_5ca8d0b45db80818,PCA Reconstruction,dominant_product_share,0.36964333714888603
obs_5ca8d0b45db80818,PCA Reconstruction,total_sales_year_over_year_growth,0.3221345733829238
obs_f4749e09a014ebfa,PCA Reconstruction,customer_loss_rate,0.40440426719689476
obs_f4749e09a014ebfa,PCA Reconstruction,simulated_actual_payout_history_deviation,0.3429162765214303
obs_f4749e09a014ebfa,PCA Reconstruction,product_mix_change,0.2650523735001465
obs_99cef9179d8c4097,PCA Reconstruction,simulated_actual_payout_peer_percentile,0.3437126341544833
obs_99cef9179d8c4097,PCA Reconstruction,distinct_customers_lag_2,0.3333158131838283
obs_99cef9179d8c4097,PCA Reconstruction,simulated_actual_payout_history_deviation,0.2785413681326904
obs_57ee784686b85884,PCA Reconstruction,distributor_concentration,2.6917347142558907
obs_57ee784686b85884,PCA Reconstruction,distributor_mix_change,0.9082711219963485
obs_57ee784686b85884,PCA Reconstruction,dominant_product_share,0.3926201129672526
obs_00de046a6740be34,PCA Reconstruction,simulated_actual_payout_lag_12,0.47121322873295746
obs_00de046a6740be34,PCA Reconstruction,product_breadth_change,0.13713038889941348
obs_00de046a6740be34,PCA Reconstruction,product_class_share,0.1265242431758211
obs_2a224a4d37042a64,PCA Reconstruction,product_mix_change,0.8929127398459267
obs_2a224a4d37042a64,PCA Reconstruction,simulated_actual_payout_lag_12,0.42673911176535756
obs_2a224a4d37042a64,PCA Reconstruction,product_breadth_change,0.34939740479621
obs_bd9405ef2011ad51,PCA Reconstruction,distributor_concentration,1.5649954738892664
obs_bd9405ef2011ad51,PCA Reconstruction,total_sales_rolling_std,0.4197506424393865
obs_bd9405ef2011ad51,PCA Reconstruction,distinct_customers_rolling_std,0.408174919259653
obs_1127362ece2a4aa6,PCA Reconstruction,simulated_actual_payout_year_over_year_growth,0.7341327021356787
obs_1127362ece2a4aa6,PCA Reconstruction,simulated_actual_payout_lag_12,0.6969578023107017
obs_1127362ece2a4aa6,PCA Reconstruction,distinct_customers_team_relative,0.35752581952516577
obs_9ec8e2b9950d4c8e,PCA Reconstruction,new_customers,0.7979412135774185
obs_9ec8e2b9950d4c8e,PCA Reconstruction,country_mix,0.6676092086067156
obs_9ec8e2b9950d4c8e,PCA Reconstruction,distributor_mix_change,0.3218417341233519
obs_4fa506f86bd818ad,PCA Reconstruction,new_customers,2.601091528106359
obs_4fa506f86bd818ad,PCA Reconstruction,distinct_customers_rolling_std,0.9066223440586256
obs_4fa506f86bd818ad,PCA Reconstruction,total_sales_rolling_MAD,0.7660438116494772
obs_08a15578bc01a800,PCA Reconstruction,new_customers,1.9254149592665726
obs_08a15578bc01a800,PCA Reconstruction,distinct_customers_rolling_MAD,0.7826452166989952
obs_08a15578bc01a800,PCA Reconstruction,product_breadth_change,0.3562712091160348
obs_dfb4bf3294810d2e,PCA Reconstruction,simulated_actual_payout_history_deviation,1.792404640478957
obs_dfb4bf3294810d2e,PCA Reconstruction,new_customers,1.0571845801605533
obs_dfb4bf3294810d2e,PCA Reconstruction,simulated_actual_payout_rolling_MAD,0.7978767526575037
obs_14c84c5373ab6e9f,PCA Reconstruction,distributor_count,2.1100248404328013
obs_14c84c5373ab6e9f,PCA Reconstruction,new_customers,1.787715597177277
obs_14c84c5373ab6e9f,PCA Reconstruction,distinct_customers_history_deviation,0.6178452335102192
obs_7c4ed3e0d26e7366,PCA Reconstruction,new_customers,7.433892634149105
obs_7c4ed3e0d26e7366,PCA Reconstruction,distinct_customers_rolling_std,2.4297035366498734
obs_7c4ed3e0d26e7366,PCA Reconstruction,simulated_actual_payout_year_over_year_growth,1.0628792631492
obs_8334eb12fadfda7a,PCA Reconstruction,distinct_customers_lag_2,3.289558202355172
obs_8334eb12fadfda7a,PCA Reconstruction,distinct_customers_rolling_std,2.3373655980491104
obs_8334eb12fadfda7a,PCA Reconstruction,distributor_count,2.332847451350328
obs_26700eeab9c910eb,PCA Reconstruction,new_customers,14.144458012854674
obs_26700eeab9c910eb,PCA Reconstruction,distinct_customers_rolling_std,1.8454789146324857
obs_26700eeab9c910eb,PCA Reconstruction,distinct_customers_lag_2,1.0690484473947448
